date,wealth,return,drawdown,action,w_SPY,w_TLT,w_GLD,w_SHY
2021-01-05,100000.0,0.0,0.0,0,0.0,0.0,0.0,1.0
2021-01-06,99942.087188302,-0.00057912811698,0.0005791281169800211,0,0.0,0.0,0.0,1.0
2021-01-07,99965.27670160167,0.0002320295078086,0.00034723298398331437,0,0.0,0.0,0.0,1.0
2021-01-08,99953.71243072744,-0.0001156828776532,0.00046287569272562834,0,0.0,0.0,0.0,1.0
2021-01-11,99942.087188302,-0.0001163062595948,0.0005791281169800211,0,0.0,0.0,0.0,1.0
2021-01-12,99843.16416731269,1.0206773882579994e-05,0.001568358326873076,3,0.8001608284876857,0.19983917151231448,0.0,0.0
2021-01-13,100282.99913622087,0.004405258713266852,0.0,3,0.7987965595174823,0.2012034404825178,0.0,0.0
2021-01-14,99813.46979983951,-0.004682043221937939,0.004682043221937993,3,0.7997438814187263,0.2002561185812737,0.0,0.0
2021-01-15,99310.63121603898,-0.005037782824391261,0.009696238929402745,3,0.7979312476349968,0.20206875236500324,0.0,0.0
2021-01-19,99997.61199591955,0.006917494848926294,0.0028458177633245985,3,0.7986717300889185,0.20132826991108163,0.0,0.0
2021-01-20,100598.81196199647,0.00661477503990104,0.0,5,0.2014352674420653,0.5966439352997137,0.20192079725822093,0.0
2021-01-21,100183.30491845532,-0.004130337480507351,0.004130337480507396,5,0.20245512341444008,0.5949137846557436,0.20263109192981624,0.0
2021-01-22,100144.60728530452,-0.0003862682827473414,0.004515010344888992,5,0.20181649765590015,0.5970700706852403,0.2011134316588595,0.0
2021-01-25,100946.37742286455,0.00800612393711668,0.0,5,0.2010031822873524,0.5993086304901016,0.19968818722254594,0.0
2021-01-26,100750.74194883801,-0.0019380138150676873,0.0019380138150675297,5,0.20107910821280484,0.5993392622413009,0.19958162954589434,0.0
2021-01-27,98772.87811614865,-0.01904374304000688,0.02153122640162808,3,0.7955989000172984,0.20440109998270167,0.0,0.0
2021-01-28,99337.10918354437,0.005712408893585419,0.01594181267722916,3,0.797883358293267,0.2021166417067331,0.0,0.0
2021-01-29,97629.59191552273,-0.017189117763298987,0.03285690474505887,3,0.7955856106157194,0.20441438938428064,0.0,0.0
2021-02-01,98945.61228701998,0.013479728283981618,0.019820078609293357,3,0.7980706135027186,0.2019293864972814,0.0,0.0
2021-02-02,99933.38222573188,0.009982958474667842,0.010034983156346766,3,0.8013556084282808,0.19864439157171923,0.0,0.0
2021-02-03,99327.09704787814,-0.0054688265089572795,0.01604099539108017,5,0.20125791625680486,0.5979460912694868,0.20079599247370836,0.0
2021-02-04,98966.17200152125,-0.0036337017499153733,0.019616408947972563,5,0.2042876633841424,0.5985230501207233,0.19718928649513442,0.0
2021-02-05,98742.42124336575,-0.002260881204458996,0.02183293978214218,5,0.2055564340268821,0.594856352289815,0.1995872136833029,0.0
2021-02-08,99345.37648392109,0.0061063444967515345,0.015859914737077263,5,0.20578436653795418,0.5938421027909435,0.2003735306711022,0.0
2021-02-09,99440.42597470502,0.0009567580711651156,0.014918330767344834,5,0.20545080462432788,0.5937136140120257,0.20083558136364643,0.0
2021-02-10,99741.14442921603,0.0032192821646097403,0.011939338730302285,2,0.3985427479304647,0.4013691688267899,0.20008808324274546,0.0
2021-02-11,99412.8569607197,-0.0032913946433541464,0.015191436298114258,2,0.40050454461078483,0.400490147892591,0.19900530749662407,0.0
2021-02-12,99054.98341985048,-0.0035998718054207073,0.018736620880321575,2,0.4039371144243967,0.39694520496529334,0.19911768061031,0.0
2021-02-16,98138.54042632433,-0.0092518615609853,0.02781513381880152,2,0.40735616840772426,0.3945514610872139,0.19809237050506184,0.0
2021-02-17,98172.88570699195,0.0003499673066098795,0.027474900899657206,2,0.40730706536677536,0.3969179920622886,0.19577494257093592,0.0
2021-02-18,97829.48742494492,-0.0032912685673079935,0.03087668995651993,5,0.19980639213635784,0.5995452378742068,0.2006483699894355,0.0
2021-02-19,97096.7515716672,-0.007489928369908563,0.03813535413035429,5,0.20095871053958334,0.5960400545859463,0.2030012348744704,0.0
2021-02-22,96801.4576399301,-0.003041233892558765,0.04106060949142709,5,0.20002131094522224,0.593310168089639,0.20666852096513882,0.0
2021-02-23,96613.31313478512,-0.0019436123146494282,0.04292441589982199,5,0.2006541986538306,0.5927512323419005,0.20659456900426887,0.0
2021-02-24,96437.10609714822,-0.0018238380604034686,0.044669966776786696,5,0.20323601681685174,0.5899387828268277,0.2068252003563205,0.0
2021-02-25,94663.56806473543,-0.0183807422666513,0.06223907700828546,5,0.19883558867631654,0.6012531998103967,0.19991121151328675,0.0
2021-02-26,95990.52932091408,0.01401765518991652,0.04909386773920987,5,0.19507651781795987,0.6125434221908445,0.19238005999119556,0.0
2021-03-01,95635.89858519829,-0.0036944346304227118,0.05260692828451541,5,0.20054609874042512,0.6066946023759222,0.1927592988836527,0.0
2021-03-02,95590.78902123262,-0.00047168024385206147,0.05305379487960582,5,0.1990750724244692,0.6070240293989434,0.19390089817658737,0.0
2021-03-03,94505.0785750488,-0.011357898154210878,0.06380911343487972,5,0.19869497888606782,0.6073381537484182,0.19396686736551408,0.0
2021-03-04,93391.39625420935,-0.01118978824901458,0.07484152835923341,3,0.7990411080306,0.20095889196939992,0.0,0.0
2021-03-05,94800.76859338116,0.015091029748988221,0.060879934341174224,3,0.8016431743155147,0.19835682568448543,0.0,0.0
2021-03-08,94276.19001709741,-0.0055334844228295006,0.06607654059566404,3,0.80209031115875,0.19790968884125013,0.0,0.0
2021-03-09,95614.39574291307,0.014194524890886686,0.052819940804966214,3,0.8021559733643567,0.1978440266356432,0.0,0.0
2021-03-10,96129.70711319725,0.005389474736312197,0.04771513780519587,3,0.8028222757354391,0.19717772426456087,0.0,0.0
2021-03-11,96770.49903178614,0.006668750500156322,0.04136729318760646,3,0.8027580074531094,0.1972419925468907,0.0,0.0
2021-03-12,96470.06861777997,-0.003104566133398767,0.0443434318235445,3,0.8063424912590051,0.1936575087409948,0.0,0.0
2021-03-15,97043.80198110703,0.005947268116914454,0.03865988598490888,3,0.8063554704836383,0.19364452951636177,0.0,0.0
2021-03-16,96869.57065933985,-0.0017953884556285106,0.040385864927544146,3,0.8067868421387945,0.1932131578612056,0.0,0.0
2021-03-17,96996.01306796404,0.0013052851144437772,0.03913329488142425,3,0.8084825958575913,0.19151740414240861,0.0,0.0
2021-03-18,95669.74387887155,-0.013665073568608601,0.05227164836127962,3,0.7992825167332861,0.2007174832667139,0.0,0.0
2021-03-19,95647.27246864862,-0.00023488523447266863,0.05249425575737077,3,0.7979910787992767,0.20200892120072333,0.0,0.0
2021-03-22,96473.25725616631,0.008635738021577508,0.044311844376151655,3,0.7974762988663664,0.2025237011336336,0.0,0.0
2021-03-23,96044.08786510117,-0.004448584024954781,0.04856330343809834,3,0.7947350085537203,0.20526499144627966,0.0,0.0
2021-03-24,95762.1619166327,-0.0029353805604823958,0.051356132221715756,3,0.7930226908183795,0.2069773091816205,0.0,0.0
2021-03-25,96041.445154715,0.0029234234901538603,0.04858948278651731,3,0.8021554459159768,0.1978445540840231,0.0,0.0
2021-03-26,97216.44122831823,0.01223426065393337,0.03694967853003395,3,0.8052306805144724,0.19476931948552767,0.0,0.0
2021-03-29,97016.17604963922,-0.0020599928998499555,0.03893355535446019,3,0.8064853466874446,0.19351465331255535,0.0,0.0
2021-03-30,96906.97177728647,-0.0011256295269448662,0.040015360121909094,3,0.8052521933203045,0.19474780667969552,0.0,0.0
2021-03-31,97117.97569967709,0.002177386399768393,0.03792510262305182,3,0.8067595262119874,0.19324047378801248,0.0,0.0
2021-04-01,98278.71295051066,0.01195866742992882,0.02642654982237791,3,0.7990833103060789,0.20091668969392107,0.0,0.0
2021-04-05,99319.75216471397,0.010592723316671236,0.01611375563618933,3,0.8020567337128048,0.1979432662871951,0.0,0.0
2021-04-06,99406.24028108669,0.0008708047944913896,0.015256982777363315,3,0.8008855045446802,0.19911449545531973,0.0,0.0
2021-04-07,99360.51664262264,-0.00045996748629429334,0.01570993254764097,3,0.8021813238960046,0.19781867610399542,0.0,0.0
2021-04-08,99901.13100831835,0.005440937547055943,0.010354471762445305,3,0.8016276138702184,0.19837238612978159,0.0,0.0
2021-04-09,100409.62599333316,0.0050916181653481,0.005317193575782642,3,0.8017340220302547,0.19826597796974532,0.0,0.0
2021-04-12,100430.28590149239,0.000205756250507447,0.005112531371088802,3,0.8018612307768913,0.19813876922310872,0.0,0.0
2021-04-13,100818.08563584801,0.0038613823596597156,0.0012708904498783813,3,0.8011444265701955,0.19885557342980462,0.0,0.0
2021-04-14,100478.53278163068,-0.003367975617428285,0.004634585739259012,3,0.8011063254823709,0.19889367451762902,0.0,0.0
2021-04-15,101677.65421049442,0.011934105680760532,0.0,3,0.8001628881470723,0.19983711185292777,0.0,0.0
2021-04-16,101791.57878470367,0.00112061156149136,0.0,3,0.8017754153398012,0.19822458466019877,0.0,0.0
2021-04-19,101332.66216999949,-0.004508394703994338,0.004508394703994334,3,0.801449573498981,0.19855042650101892,0.0,0.0
2021-04-20,100830.78611247595,-0.0049527570555836205,0.00943882277589847,3,0.7995416423894991,0.20045835761050088,0.0,0.0
2021-04-21,101634.18479559876,0.00796779152576106,0.0015462378222643736,3,0.8007270455743012,0.19927295442569884,0.0,0.0
2021-04-22,100979.31798506634,-0.006443371507819482,0.007979646345355529,3,0.7985594352689309,0.2014405647310691,0.0,0.0
2021-04-23,101807.57067529096,0.008203653652662601,0.0,3,0.8020937176027194,0.1979062823972807,0.0,0.0
2021-04-26,101949.25669821136,0.0013917041923366459,0.0,3,0.8026509075465124,0.1973490924534877,0.0,0.0
2021-04-27,101756.12908568735,-0.001894350373693182,0.0018943503736933431,3,0.8040011343471605,0.19599886565283953,0.0,0.0
2021-04-28,101745.56250778062,-0.00010384217640438756,0.0019979958366319606,3,0.8038536006546418,0.19614639934535824,0.0,0.0
2021-04-29,102207.81908190213,0.004543260292911103,0.0,3,0.8053176524844693,0.19468234751553082,0.0,0.0
2021-04-30,101717.319227308,-0.00479375216850948,0.004799044329485858,3,0.7985717676725171,0.20142823232748286,0.0,0.0
2021-05-03,101904.77973442132,0.0018429556395837962,0.002964933115713664,3,0.7988218401264081,0.20117815987359192,0.0,0.0
2021-05-04,101541.6912548153,-0.003563017167126707,0.006517386175249773,3,0.796732277086051,0.20326772291394907,0.0,0.0
2021-05-05,101601.03710185106,0.0005844480853369245,0.005936747163784339,3,0.7965159993851376,0.20348400061486224,0.0,0.0
2021-05-06,102281.3332689717,0.006695760068262729,0.0,3,0.7975366640099066,0.20246333599009328,0.0,0.0
2021-05-07,102775.72192540237,0.0048360909305733,0.0,3,0.8019441637077016,0.19805583629229845,0.0,0.0
2021-05-10,101753.41756237323,-0.009946944121405975,0.009946944121405954,3,0.8019801934152008,0.19801980658479926,0.0,0.0
2021-05-11,100911.08491362364,-0.008278175504358509,0.018142777076595396,3,0.8014573061442066,0.19854269385579337,0.0,0.0
2021-05-12,98982.33166478494,-0.019113393246040663,0.036909400289795835,3,0.7997153957485195,0.20028460425148045,0.0,0.0
2021-05-13,99963.91451705326,0.009916748128267603,0.02735867338776754,3,0.8013748938882205,0.19862510611177941,0.0,0.0
2021-05-14,101378.71104863011,0.014154466875117361,0.0135928101559456,3,0.8009473447619095,0.19905265523809054,0.0,0.0
2021-05-17,101129.4100511381,-0.0024591060086809227,0.0160184900034972,3,0.8008787360036477,0.19912126399635238,0.0,0.0
2021-05-18,100380.10306051307,-0.0074093875386609396,0.023309190341938013,3,0.799905562555624,0.2000944374443761,0.0,0.0
2021-05-19,100120.99732399038,-0.0025812459702944605,0.02583026955859158,3,0.7998729718387505,0.20012702816124953,0.0,0.0
2021-05-20,101147.4105676217,0.010251728119625703,0.015843346339737163,3,0.8002737921174861,0.199726207882514,0.0,0.0
2021-05-21,101146.00961287525,-1.3576835541539975e-05,0.015856977523446725,3,0.7993559914312505,0.20064400856874962,0.0,0.0
2021-05-24,102045.39492174888,0.008891950481446914,0.0071060265009237344,3,0.8003877217801855,0.19961227821981453,0.0,0.0
2021-05-25,102052.88093280059,7.33596166436255e-05,0.007033188179660144,3,0.798553298978213,0.20144670102178683,0.0,0.0
2021-05-26,102179.22612394486,0.0012380364962695778,0.005803859027042058,3,0.7991487410229073,0.20085125897709272,0.0,0.0
2021-05-27,102139.54921723633,-0.0003883069799373851,0.006189912328008584,3,0.7998788862040696,0.20012111379593045,0.0,0.0
2021-05-28,102253.28436846203,0.00111364830158688,0.005083277909928352,3,0.8005394969783367,0.19946050302166327,0.0,0.0
2021-06-01,102176.6000663063,-0.000749944636295469,0.005829410369220467,3,0.8004345874998,0.19956541250019993,0.0,0.0
2021-06-02,102352.42147044296,0.0017207599785329572,0.004118681406749425,3,0.8003161107816127,0.19968388921838737,0.0,0.0
2021-06-03,101971.70215439402,-0.0037196903656928387,0.0078230515528942,3,0.8003229030760497,0.19967709692395025,0.0,0.0
2021-06-04,102996.93612591048,0.010054102754548102,0.0,3,0.7996032901250307,0.20039670987496913,0.0,0.0
2021-06-07,102853.64933233851,-0.0013907791424232,0.0013911753005624306,3,0.8003369260735951,0.19966307392640495,0.0,0.0
2021-06-08,103015.47813200402,0.0015733889921845593,0.0,3,0.7992498603450635,0.20075013965493638,0.0,0.0
2021-06-09,103075.20966584381,0.0005798306713020819,0.0,3,0.7975948923955555,0.2024051076044445,0.0,0.0
2021-06-10,103582.54315514732,0.004921973876630643,0.0,3,0.7973780004960588,0.2026219995039413,0.0,0.0
2021-06-11,103685.13898125215,0.0009904740990106893,0.0,3,0.7979050702220196,0.2020949297779804,0.0,0.0
2021-06-14,103711.82650390848,0.00025948551903866,0.0,3,0.8015833417433255,0.19841665825667443,0.0,0.0
2021-06-15,103534.57576650869,-0.0017090696729085992,0.0017090696729086252,3,0.8014829127726691,0.1985170872273308,0.0,0.0
2021-06-16,103053.77216267446,-0.0046438940834465,0.00634502701781281,3,0.8007264113821781,0.19927358861782193,0.0,0.0
2021-06-17,103333.8666590648,0.0027179451126564747,0.0036443273403292675,3,0.7982911659237456,0.2017088340762543,0.0,0.0
2021-06-18,102613.02045150114,-0.0069758950368323846,0.010594799932155508,3,0.793054113431396,0.2069458865686039,0.0,0.0
2021-06-21,103443.87895636435,0.008104010735132922,0.0025835775588624044,3,0.8049295696895353,0.19507043031046453,0.0,0.0
2021-06-22,103938.32812597381,0.004779878467415586,0.0,3,0.8053832813217316,0.1946167186782684,0.0,0.0
2021-06-23,103785.32626528418,-0.0014720446580995124,0.0014720446580994695,3,0.8055984587629528,0.1944015412370472,0.0,0.0
2021-06-24,104312.33704791228,0.005077893008506979,0.0,3,0.8062700976848003,0.19372990231519965,0.0,0.0
2021-06-25,104401.24524363525,0.0008523267548126798,0.0,3,0.8084449184487049,0.19155508155129514,0.0,0.0
2021-06-28,104783.41069479455,0.00366902085407478,0.0,3,0.7986824331973378,0.2013175668026623,0.0,0.0
2021-06-29,104863.70924828958,0.0007663288774681484,0.0,3,0.7985001295797632,0.20149987042023682,0.0,0.0
2021-06-30,105028.30971179236,0.0015696608930078034,0.0,3,0.7979198731316568,0.20208012686834326,0.0,0.0
2021-07-01,105493.45548217787,0.0044287656505365355,0.0,3,0.7987997879208084,0.20120021207919164,0.0,0.0
2021-07-02,106265.64961404078,0.007319829730986129,0.0,3,0.7990565045245457,0.20094349547545431,0.0,0.0
2021-07-06,106359.80890496934,0.0008870189131111401,0.0,3,0.797835175264016,0.202164824735984,0.0,0.0
2021-07-07,106850.18447419554,0.004610534508052158,0.0,3,0.7969801618503797,0.20301983814962035,0.0,0.0
2021-07-08,106241.3216450673,-0.005698285240445981,0.0056982852404459106,3,0.7950167398436554,0.20498326015634463,0.0,0.0
2021-07-09,106836.68785065754,0.005603904360106219,0.00012631352584380195,3,0.7990255979864981,0.20097440201350206,0.0,0.0
2021-07-12,107114.63733155705,0.002601629519702359,0.0,3,0.7998069349839263,0.20019306501607367,0.0,0.0
2021-07-13,106658.54577113164,-0.00425778380760306,0.004257976050590084,3,0.8006820436492784,0.19931795635072158,0.0,0.0
2021-07-14,107027.4969249358,0.003459180426066015,0.0008135247319329686,3,0.7991123373849961,0.20088766261500404,0.0,0.0
2021-07-15,106972.54393677742,-0.0005134473825630076,0.0013265544123517437,3,0.7967921410006072,0.2032078589993928,0.0,0.0
2021-07-16,106263.0057336843,-0.006632900153449457,0.007950655662835815,3,0.7958210682335372,0.20417893176646282,0.0,0.0
2021-07-19,105489.92680753724,-0.007275146423813259,0.01516795990253661,3,0.7898145425980828,0.21018545740191721,0.0,0.0
2021-07-20,106494.82475217913,0.009536291138267481,0.005786441468866532,3,0.8037990013595888,0.1962009986404111,0.0,0.0
2021-07-21,106923.20432921658,0.0040225389171193995,0.0017871787377473636,3,0.8070602827329206,0.1929397172670793,0.0,0.0
2021-07-22,107298.94540297522,0.0035141209629458727,0.0,3,0.8059184125215499,0.19408158747844995,0.0,0.0
2021-07-23,108049.29038294761,0.006993032197607946,0.0,3,0.8085554000487221,0.1914445999512778,0.0,0.0
2021-07-26,108202.45748676179,0.0014175669573703053,0.0,3,0.8093928745374369,0.19060712546256312,0.0,0.0
2021-07-27,108119.35574521472,0.0002322113782355,0.0007680208331426464,0,0.0,0.0,0.0,1.0
2021-07-28,108131.87313376782,0.0001157737989356,0.0006523359508965321,0,0.0,0.0,0.0,1.0
2021-07-29,108131.87313376782,0.0,0.0006523359508965321,0,0.0,0.0,0.0,1.0
2021-07-30,108156.95187009635,0.0002319273272692,0.0004205599181609232,0,0.0,0.0,0.0,1.0
2021-08-02,108197.08664006647,0.0003710789669657,4.963701213511751e-05,0,0.0,0.0,0.0,1.0
2021-08-03,108197.08664006647,0.0,4.963701213511751e-05,0,0.0,0.0,0.0,1.0
2021-08-04,108159.44655596251,-0.0003478844511698,0.000397504195360332,0,0.0,0.0,0.0,1.0
2021-08-05,108109.30007311101,-0.0004636347951868,0.00086095469377101,0,0.0,0.0,0.0,1.0
2021-08-06,108071.75889725726,-0.0003472520479586,0.001207907773448924,0,0.0,0.0,0.0,1.0
2021-08-09,108034.09683354213,-0.0003484912626519,0.0015559780907957732,0,0.0,0.0,0.0,1.0
2021-08-10,107933.80226146257,7.171136014510001e-05,0.0024828939336437594,3,0.8009378473445913,0.19906215265540872,0.0,0.0
2021-08-11,108135.42089223032,0.001867984139753966,0.0006195478003785393,3,0.8014309753232747,0.19856902467672527,0.0,0.0
2021-08-12,108359.96678453224,0.0020765248837908983,0.0,3,0.8021672136866107,0.1978327863133893,0.0,0.0
2021-08-13,108856.7842035025,0.0045848797642967475,0.0,3,0.7999593749942054,0.20004062500579464,0.0,0.0
2021-08-16,109114.58555999375,0.0023682617337777542,0.0,3,0.7999484043329279,0.20005159566707198,0.0,0.0
2021-08-17,108646.109055249,-0.0040943063829489805,0.004293436137253748,1,0.5985173248368808,0.40148267516311914,0.0,0.0
2021-08-18,108080.91974244743,-0.005202112783571197,0.009473213981809891,1,0.5950621682291505,0.40493783177084947,0.0,0.0
2021-08-19,108502.86656359825,0.003903989919370603,0.005606207394328266,1,0.5936659642029195,0.4063340357970804,0.0,0.0
2021-08-20,109044.70895393481,0.004993807145352726,0.0006403965675195744,1,0.5954163302593544,0.40458366974064564,0.0,0.0
2021-08-23,109586.53456805415,0.0049688391056940855,0.0,1,0.5976840782481382,0.4023159217518618,0.0,0.0
2021-08-24,109056.18550551239,-0.0044436289683513,0.004839545886108909,5,0.20121160654334347,0.5979909523568702,0.20079744109978634,0.0
2021-08-25,108408.5999675733,-0.0059380908559868535,0.010748899078922292,5,0.20283831539256567,0.5965661077026103,0.20059557690482407,0.0
2021-08-26,108482.58715753206,0.000682484507510398,0.01007375052850612,5,0.20150336816284534,0.5978104487894212,0.2006861830477335,0.0
2021-08-27,109446.49239214558,0.008885345195665178,0.0012779140837015923,5,0.20151446971515496,0.5965771502860201,0.2019083799988248,0.0
2021-08-30,109604.777666672,0.0014462343293680743,0.0,5,0.2021083678923144,0.5972699448652624,0.2006216872424232,0.0
2021-08-31,109168.37748838928,-0.00397886069442914,0.00398157988705472,5,0.20050144936840497,0.598296464617327,0.2012020860142679,0.0
2021-09-01,109290.73675619763,0.0011208306894674599,0.0028652118745172706,5,0.20038344372749212,0.5986278939941102,0.20098866227839782,0.0
2021-09-02,109585.44756590607,0.0026965762923335866,0.00017636184459690618,5,0.20045938423247106,0.599624009610945,0.19991660615658385,0.0
2021-09-03,109216.82771956152,-0.0033637663990271484,0.0035395350035771767,5,0.20108715056195015,0.596176331855051,0.2027365175829989,0.0
2021-09-07,108155.38774868855,-0.009718648609703824,0.01322378411633951,5,0.2023345633281193,0.5969485571639499,0.20071687950793082,0.0
2021-09-08,108516.19802647077,0.00333909773045132,0.009931863038961652,5,0.19909153525275577,0.6020732754572057,0.19883518929003863,0.0
2021-09-09,109309.75482941912,0.0073127958533414925,0.0026916968724675083,5,0.19680021920464216,0.6049349166519393,0.19826486414341862,0.0
2021-09-10,108447.49501190199,-0.00788822387226755,0.010558688037208719,5,0.19680096422051208,0.6043687074054102,0.19883032837407774,0.0
2021-09-13,108971.85765775036,0.004835175268832316,0.005774565875645177,5,0.19635518099305338,0.6051084151036973,0.1985364039032494,0.0
2021-09-14,109795.06351418499,0.007554297725382512,0.0,5,0.19383132873647588,0.6078521237289101,0.19831654753461403,0.0
2021-09-15,109617.8221179851,-0.0016064534332757999,0.0016142929429335817,5,0.201994991844487,0.5988579409415908,0.1991470672139222,0.0
2021-09-16,108787.61195645615,-0.007573678672755894,0.009175745479656161,5,0.20321392248058476,0.6006627183305782,0.1961233591888371,0.0
2021-09-17,108224.56183953743,-0.005175682293164883,0.014303937029415348,5,0.20228128840197865,0.6008874803354028,0.19683123126261853,0.0
2021-09-20,108818.2064932031,0.005485304292992853,0.008897094183616727,5,0.19782331967536496,0.6050207168412696,0.19715596348336542,0.0
2021-09-21,108884.31726993698,0.0006075341513554763,0.008294965320825631,5,0.1975164385302277,0.6041332623124088,0.19835029915736346,0.0
2021-09-22,109737.18959557518,0.008238629279591821,0.0005271085671564313,1,0.6009023526178617,0.3990976473821382,0.0,0.0
2021-09-23,109548.71650582892,-0.0017174951394404137,0.0022436984001948934,1,0.6092496469763723,0.3907503530236278,0.0,0.0
2021-09-24,109240.29246232413,-0.002815405358842174,0.005052786838537493,1,0.6119761739457547,0.3880238260542454,0.0,0.0
2021-09-27,108893.21054989802,-0.0031772334603169285,0.008213966415443252,1,0.6121702469177901,0.38782975308220985,0.0,0.0
2021-09-28,106892.04493558597,-0.018377322187548693,0.02644033789573752,1,0.6110636587109685,0.38893634128903154,0.0,0.0
2021-09-29,107052.83459240895,0.00169348102569708,0.02497588538142026,3,0.7999918046183595,0.20000819538164055,0.0,0.0
2021-09-30,106003.1336388379,-0.00980544753969076,0.034536433187246085,3,0.7980391531072852,0.20196084689271473,0.0,0.0
2021-10-01,107188.6635980023,0.011183914271851628,0.023738771423416183,3,0.7985919201289979,0.20140807987100215,0.0,0.0
2021-10-04,106029.76808690242,-0.01081173579555172,0.0342938498942269,3,0.79690905126402,0.20309094873598005,0.0,0.0
2021-10-05,106701.0202352128,0.006330789554875015,0.028180167486058783,3,0.8001354348792485,0.19986456512075151,0.0,0.0
2021-10-06,107143.5850220988,0.00475069554197954,0.02414934157530335,5,0.19988163441488144,0.6005318753687671,0.1995864902163515,0.0
2021-10-07,106543.15581458603,-0.0056039678660083185,0.029617977307138443,5,0.20274593190158183,0.5976008958488659,0.1996531722495522,0.0
2021-10-08,106067.17765006454,-0.004467468237470133,0.033953128171730906,5,0.20328436250368584,0.5960810113198693,0.20063462617644473,0.0
2021-10-11,105710.4867902963,-0.0033628768830356497,0.037201824864931066,5,0.20249361527833531,0.5965747645227414,0.2009316201989233,0.0
2021-10-12,106832.08823783582,0.010610124705645306,0.026986416160380222,5,0.19987443100552996,0.6004059074104485,0.19971966158402166,0.0
2021-10-13,107912.57124013884,0.01011425333582948,0.017145509222306177,5,0.19870974450901416,0.5997696464224404,0.20152060906854558,0.0
2021-10-14,108566.9266132092,0.0060637548114223965,0.011185720574924729,5,0.20083433584794388,0.5983696192266331,0.2007960449254231,0.0
2021-10-15,108007.98784294515,-0.005148333730173445,0.016276466482566088,5,0.20341109385609438,0.5979614816174026,0.1986274245265031,0.0
2021-10-18,108322.68349839485,0.002913633164866558,0.01341025697025,5,0.2034206030907444,0.5990201658117755,0.19755923109748005,0.0
2021-10-19,107666.31128965043,-0.006059416066387774,0.01938841471009789,5,0.20623963577118076,0.5943579805559848,0.19940238367283453,0.0
2021-10-20,107798.50460796808,0.0015727053249434504,0.018184414146806938,4,0.2505878243042023,0.24792251439174037,0.2517949903650568,0.2496946709390005
2021-10-21,107781.41911564193,-0.00015849470628830894,0.01834002671971602,4,0.25128127594958116,0.24766657710337986,0.25160857951962246,0.24944356742741638
2021-10-22,108206.96230448136,0.0039482054729939485,0.014464231440591613,4,0.25003372515364924,0.24940940846100648,0.2521521125845682,0.24840475380077603
2021-10-25,108512.03448205948,0.002819339634724048,0.011685671386853835,4,0.2506678467524958,0.248328549743708,0.25318172698277625,0.24782187652102003
2021-10-26,108549.7853751366,0.00034789591087584467,0.011341840873269393,4,0.250806234113331,0.2502949706544204,0.25122090629232857,0.24767788893992024
2021-10-27,109657.1956981102,0.01055526187287118,0.0012556831943266733,5,0.19703420508863154,0.6045354668919217,0.19843032801944663,0.0
2021-10-28,109636.12517379188,-0.0001921490348551927,0.001447590950867994,5,0.1989736122516192,0.6026051369477881,0.19842125080059278,0.0
2021-10-29,109697.24926654708,0.0005575178132053782,0.0008908801954040646,5,0.19926625923458788,0.6041102593206011,0.19662348144481112,0.0
2021-11-01,109370.30175561081,-0.002980453139183487,0.003868678107912471,5,0.20020572538311862,0.6015534562018641,0.1982408184150174,0.0
2021-11-02,109704.28020742445,0.003053648444345668,0.0008268432464526576,5,0.2004032099560924,0.6023842091818099,0.19721258086209764,0.0
2021-11-03,109569.07060346291,-0.0002327243254361,0.0020583157702065424,0,0.0,0.0,0.0,1.0
2021-11-04,109671.12544340323,0.0009314201478414,0.0011288127791442282,0,0.0,0.0,0.0,1.0
2021-11-05,109722.19199911787,0.0004656335522059,0.0006637048400423007,0,0.0,0.0,0.0,1.0
2021-11-08,109594.57592721705,-0.0011630835073168,0.001826016403205899,0,0.0,0.0,0.0,1.0
2021-11-09,109658.40073562939,0.0005823719638708,0.0012447078600937855,0,0.0,0.0,0.0,1.0
2021-11-10,109441.4545315621,-0.0019783819808781,0.0032206273333700297,0,0.0,0.0,0.0,1.0
2021-11-11,109364.93856029975,-0.0006991498019637,0.003917525434371405,0,0.0,0.0,0.0,1.0
2021-11-12,109454.24632918365,0.0008166032922394,0.003104121206299215,0,0.0,0.0,0.0,1.0
2021-11-15,109441.45453156212,-0.0001168689023088,0.0032206273333699187,0,0.0,0.0,0.0,1.0
2021-11-16,109441.45453156212,0.0,0.0032206273333699187,0,0.0,0.0,0.0,1.0
2021-11-17,109479.71810801394,0.0003496259860178,0.0028721273623590893,0,0.0,0.0,0.0,1.0
2021-11-18,109466.99340024008,-0.0001162289051686,0.0029880224433088687,0,0.0,0.0,0.0,1.0
2021-11-19,109441.45453156214,-0.000233302001678,0.0032206273333698077,0,0.0,0.0,0.0,1.0
2021-11-22,109313.87200458514,-0.001165760520299,0.004382633373472999,0,0.0,0.0,0.0,1.0
2021-11-23,109313.87200458514,0.0,0.004382633373472999,0,0.0,0.0,0.0,1.0
2021-11-24,109288.35549918975,-0.0002334242208008,0.004615034581493482,0,0.0,0.0,0.0,1.0
2021-11-26,109505.27933997448,0.0019848760629062,0.002639318790257583,0,0.0,0.0,0.0,1.0
2021-11-29,109556.28998748273,0.0004658282031304,0.0021747200562566293,0,0.0,0.0,0.0,1.0
2021-11-30,109466.99340024013,-0.0008150749468863,0.0029880224433084246,0,0.0,0.0,0.0,1.0
2021-12-01,109479.72928965528,0.0001163445621328,0.0028720255213383616,0,0.0,0.0,0.0,1.0
2021-12-02,109339.2878752091,-0.0012828074690851,0.004151148734633292,0,0.0,0.0,0.0,1.0
2021-12-03,109403.14622854526,0.0005840384968396,0.003569534668460772,0,0.0,0.0,0.0,1.0
2021-12-06,109313.78255145499,-0.0008168291330817,0.0043834481016337135,0,0.0,0.0,0.0,1.0
2021-12-07,109173.36350029135,-0.0012845502907883,0.005662367632888299,0,0.0,0.0,0.0,1.0
2021-12-08,109211.62707674317,0.0003504845433448,0.00531386766187758,0,0.0,0.0,0.0,1.0
2021-12-09,109187.88073179514,0.0007833491291322599,0.005530146465204333,5,0.19849419980237143,0.6028836663484276,0.19862213384920083,0.0
2021-12-10,109324.6276726302,0.0012524003572425416,0.00428467206537031,5,0.2001120859233272,0.6006771064724666,0.19921080760420637,0.0
2021-12-13,110156.27072123108,0.007607097012863505,0.0,5,0.1968420656140372,0.6049526235878978,0.19820531079806514,0.0
2021-12-14,109644.28039390894,-0.004647854579407636,0.00464785457940764,5,0.19640061182272683,0.6063286876644904,0.19727070051278273,0.0
2021-12-15,109433.93055105637,-0.0019184752920704984,0.0065574130773063954,5,0.1998527639251561,0.6016491278563512,0.19849810821849267,0.0
2021-12-16,109531.08438689461,0.0008894359035482801,0.005675449343402361,5,0.19806017354600264,0.59970019334933,0.20223963310466744,0.0
2021-12-17,109997.09864580834,0.004254630194910014,0.0014449660866384662,5,0.19512205463981783,0.6039262464471743,0.20095169891300788,0.0
2021-12-20,109177.62574898882,-0.007449950106940729,0.008884151268327534,5,0.1944962323451383,0.6039004142274179,0.2016033534274438,0.0
2021-12-21,109294.50016544174,0.001070497875834212,0.00782316385755455,5,0.1977386321234813,0.6009579586322976,0.201303409244221,0.0
2021-12-22,110021.28566896118,0.006649790267756201,0.0012253959886814325,5,0.1983964212296278,0.5997501952927026,0.20185338347766957,0.0
2021-12-23,109634.81199232074,-0.0035108704517137594,0.004733808847160237,5,0.20195347121095283,0.5968894888857113,0.20115703990333583,0.0
2021-12-27,110159.00107914885,0.00478122849214006,0.0,5,0.2038369639030162,0.5954892747000162,0.2006737613969676,0.0
2021-12-28,109785.38235862559,-0.003391631340727234,0.0033916313407272858,5,0.20436351425014385,0.5951476571606363,0.20048882858921985,0.0
2021-12-29,109093.78557407862,-0.006299534324959541,0.009669799967638393,5,0.20592216486468434,0.5923778369578396,0.2016999981774761,0.0
2021-12-30,109731.55640256355,0.005846078446437859,0.003880251930372669,5,0.2041593487797052,0.5938737232193461,0.20196692800094862,0.0
2021-12-31,109609.00042538396,-0.000116987842476,0.00499278904471645,0,0.0,0.0,0.0,1.0
2022-01-03,109480.86841727044,-0.0011689916668909,0.006155944182819617,0,0.0,0.0,0.0,1.0
2022-01-04,109544.9456412929,0.0005852823872225,0.00557426476130396,0,0.0,0.0,0.0,1.0
2022-01-05,109404.0228722994,-0.0012864378923967,0.006853531708289506,0,0.0,0.0,0.0,1.0
2022-01-06,109314.29680672288,-0.0008201349751211,0.00766804586235359,0,0.0,0.0,0.0,1.0
2022-01-07,108747.03221408429,-0.00419349268967902,0.012817553275106919,5,0.20004820466647105,0.5981955042650549,0.201756291068474,0.0
2022-01-10,108946.76037273678,0.001836630890848696,0.011004463498548556,5,0.1994329889955823,0.5985683363148768,0.20199867468954089,0.0
2022-01-11,109844.54578772168,0.008240588448094402,0.00285455830523762,5,0.1996046252281292,0.5976305571809416,0.2027648175909292,0.0
2022-01-12,109711.16870891368,-0.0012142348794063533,0.004065327080384429,5,0.2003875913825786,0.5960646052681315,0.20354780334928993,0.0
2022-01-13,109913.16289703488,0.001841145167791658,0.002231666769902274,5,0.19726335150444949,0.600253096302234,0.20248355219331657,0.0
2022-01-14,108862.11901063375,-0.00955978283707428,0.011772819795118683,5,0.20201300232515057,0.5966380807363584,0.20134891693849113,0.0
2022-01-18,107522.29137653374,-0.01230756526031901,0.02393549030751141,5,0.20090810615829946,0.5955703999112484,0.20352149393045202,0.0
2022-01-19,108088.8638712751,0.005269349150654401,0.018792265612379344,5,0.19777980224915911,0.5965504211246696,0.20566977662617117,0.0
2022-01-20,108194.36573415117,0.0009760659803189003,0.017834542123217778,5,0.1954000269789394,0.5996441916403271,0.20495578138073348,0.0
2022-01-21,108479.46654087797,0.00263507997659815,0.015246457591460372,5,0.19106076166167962,0.6051890107464334,0.20375022759188696,0.0
2022-01-24,108155.12281061929,-0.002980996381225399,0.018190781042847104,5,0.20144985150845707,0.5968500414554275,0.20170010703611535,0.0
2022-01-25,107854.61711222476,-0.0027784693927139785,0.02091870790720396,5,0.199544782894457,0.5975464719517041,0.2029087451538389,0.0
2022-01-26,106667.41495457364,-0.01100743008911526,0.03169587678147612,5,0.2012595280690709,0.5968901910314373,0.20185028089949175,0.0
2022-01-27,107452.82759290273,0.007363191830078353,0.024566067772362477,5,0.19880186964925436,0.6034077256843781,0.19779040466636763,0.0
2022-01-28,107942.63685408562,0.004558365490749032,0.02011968339719039,5,0.2028146807797879,0.60087981361445,0.19630550560576202,0.0
2022-01-31,108124.100300911,0.0016848107243245605,0.0184723967928484,5,0.2032597634661795,0.5958937174247453,0.2008465191090753,0.0
2022-02-01,108076.80268398511,-0.00043743824729409753,0.018901754507266166,5,0.20472274806178475,0.5941754814651443,0.20110177047307085,0.0
2022-02-02,108588.0660226594,0.004730555734232967,0.014260614576204533,5,0.2057382037755112,0.5933811096342843,0.20088068659020453,0.0
2022-02-03,107528.96150425014,-0.009753415427697684,0.023874940305686265,5,0.20288107835463182,0.5945480098724093,0.20257091177295888,0.0
2022-02-04,106722.65368125608,-0.007498517717593611,0.03119443136039113,5,0.20537511377571152,0.5902087763066992,0.2044161099175893,0.0
2022-02-07,106852.56102286217,0.00122704566144154,0.03001516012214933,5,0.1991138115321522,0.5996525948770293,0.2012335935908185,0.0
2022-02-08,106664.94567036297,-0.0017558339332555623,0.03171829241875035,5,0.20110523311790654,0.5966909919706966,0.2022037749113968,0.0
2022-02-09,107171.96537710018,0.004753386443415994,0.02711567527652592,5,0.2030832446780255,0.5949855109412248,0.20193124438074989,0.0
2022-02-10,105685.3982059549,-0.013870858539493776,0.040610416120056114,5,0.20223997039923283,0.5937658550761973,0.2039941745245699,0.0
2022-02-11,106605.23238173932,0.008703512418923533,0.032260356962171,5,0.19654150382897737,0.5973709232231234,0.2060875729478993,0.0
2022-02-14,105853.18688818254,-0.007048444845055819,0.03908726612247149,5,0.20076114989701452,0.596741414900068,0.20249743520291746,0.0
2022-02-15,105275.16680325072,-0.005460582736563401,0.04433440960842694,5,0.20511889161148655,0.593206105197064,0.20167500319144951,0.0
2022-02-16,105887.81809939783,0.005819523395219097,0.03877289134713724,5,0.20416063137042703,0.5932691505123033,0.20257021811726963,0.0
2022-02-17,106186.4930370039,0.0028206732650368923,0.036061583740131464,5,0.19923751476102905,0.5960010874351839,0.2047613978037872,0.0
2022-02-18,106699.78895529221,0.004833909696117818,0.031401992483312324,5,0.1969952322257875,0.5993778672717694,0.203626900502443,0.0
2022-02-22,106681.70334344267,-0.00016587367881444045,0.03156616982399607,5,0.1978864413562412,0.6016625015170238,0.20045105712673505,0.0
2022-02-23,105519.00816216112,-0.010898730943004002,0.042120869575187125,5,0.19651796765219523,0.5999088069390938,0.20357322540871098,0.0
2022-02-24,105734.21974144244,0.0020395527121577443,0.04016722459680999,5,0.19906942783424622,0.5990821014206579,0.2018484707450959,0.0
2022-02-25,106173.86847715346,0.004158055327651925,0.0361761868113899,5,0.2026191772500919,0.5970376821731341,0.20034314057677383,0.0
2022-02-28,107728.72123004653,0.014644401444481899,0.022061563969304365,5,0.19918382371433968,0.6013179420101256,0.19949823427553476,0.0
2022-03-01,108539.0830783125,0.0075235729842279,0.014705271334772174,5,0.19548325511621154,0.6024046666557722,0.20211207822801625,0.0
2022-03-02,106466.10322892231,-0.01909892538795924,0.033523341842698895,5,0.20295561795306272,0.5931412195014812,0.20390316254545607,0.0
2022-03-03,107130.97193903303,0.006244886306030406,0.027487804995074305,5,0.2006918743928568,0.5954640260597219,0.20384409954742133,0.0
2022-03-04,108405.46173295475,0.011896557744729556,0.015918257509744405,5,0.1967210662148802,0.5986224791690553,0.20465645461606455,0.0
2022-03-07,107611.40876229317,-0.007324842844335971,0.023126501619465833,5,0.1923306780428698,0.5984385031609307,0.20923081879619954,0.0
2022-03-08,107386.58726958165,-0.0020799859420801594,0.02516738334959323,5,0.19889735817496487,0.5952025730544602,0.20590006877057504,0.0
2022-03-09,106675.94329750347,-0.006617623207395488,0.03161845829686494,5,0.20559046978743703,0.5932961017645509,0.2011134284480121,0.0
2022-03-10,105734.558987265,-0.008824710437414037,0.04016414499533183,5,0.20648430422181252,0.5899783887086737,0.20353730706951373,0.0
2022-03-11,105514.49322952284,-0.002081303973364762,0.04216185517413096,5,0.2042839965468477,0.5931876098431406,0.2025283936100117,0.0
2022-03-14,103573.43363814356,-0.018396141913480497,0.05978238161649252,5,0.2065915190275692,0.5901945904568576,0.20321389051557315,0.0
2022-03-15,104826.4216275366,0.012495905345842941,0.04840802294295321,1,0.6056263129285431,0.394373687071457,0.0,0.0
2022-03-16,106639.63450571957,0.01729728869907991,0.03194806179206933,1,0.6085298121596948,0.3914701878403053,0.0,0.0
2022-03-17,107140.33697130377,0.00469527552213559,0.0274027912224456,1,0.6132635562648563,0.38673644373514376,0.0,0.0
2022-03-18,108366.03922508881,0.011440156792799137,0.016276126657791656,1,0.6129681006355587,0.3870318993644412,0.0,0.0
2022-03-21,107375.41907040757,-0.009141426241699184,0.025268765888148192,1,0.6184424001830651,0.3815575998169349,0.0,0.0
2022-03-22,107577.02385522141,0.0018960466156112792,0.02343864049813138,1,0.6058719811805393,0.39412801881946075,0.0,0.0
2022-03-23,107666.81688332718,0.0008346859290938658,0.02262351847245825,1,0.5975706256734019,0.4024293743265981,0.0,0.0
2022-03-24,108297.28894170644,0.0058557694620291955,0.016900227119023836,1,0.6030472205204888,0.39695277947951135,0.0,0.0
2022-03-25,108019.86324913733,-0.002561704870732759,0.0194186385956292,1,0.6075486828622237,0.39245131713777626,0.0,0.0
2022-03-28,108849.10910002471,0.007676790415618416,0.011890920998666177,1,0.6072087151727291,0.392791284827271,0.0,0.0
2022-03-29,109985.07340839962,0.010443421857621659,0.0015788784306809411,1,0.6011445582057503,0.39885544179424975,0.0,0.0
2022-03-30,109919.0554623911,-0.000600244596495182,0.002178175313929609,1,0.5977913745509731,0.402208625449027,0.0,0.0
2022-03-31,109015.08063769276,-0.008224004663209909,0.010384266653200469,1,0.593471344701128,0.40652865529887205,0.0,0.0
2022-04-01,109367.14490608295,0.0032295006005660905,0.007188302048027451,1,0.5932373821025148,0.40676261789748536,0.0,0.0
2022-04-04,109613.80882419017,0.0022553749420728287,0.0049491394222698215,1,0.5969730765893951,0.40302692341060486,0.0,0.0
2022-04-05,107988.91968164613,-0.0146237052558754,0.019699537724961025,3,0.8016174554497827,0.1983825445502174,0.0,0.0
2022-04-06,106949.89674766012,-0.009621569852250371,0.02913156709893361,3,0.8013115432037934,0.19868845679620667,0.0,0.0
2022-04-07,107221.71162204954,0.0025415160056745873,0.026664089437311356,3,0.8033079629277613,0.19669203707223876,0.0,0.0
2022-04-08,106762.97982880169,-0.0042783479792306576,0.030828359163379893,3,0.804602328247983,0.195397671752017,0.0,0.0
2022-04-11,104964.5904979037,-0.016844690301654905,0.0471537553024195,3,0.8043996208203436,0.1956003791796565,0.0,0.0
2022-04-12,104897.57165817003,-3.411098009173993e-05,0.04776213808618779,5,0.19926574374209738,0.5991920311312732,0.2015422251266295,0.0
2022-04-13,105366.01101238687,0.004465683493068343,0.04350974518476469,5,0.20065202596677784,0.5977409694027181,0.20160700463050388,0.0
2022-04-14,103770.06591444908,-0.015146678540864232,0.05799739560192041,5,0.20120105740701621,0.5947675591395213,0.2040313834534625,0.0
2022-04-18,103537.5525897118,-0.0022406589288376144,0.06010810214845319,5,0.20173578856079646,0.5931412929750123,0.20512291846419123,0.0
2022-04-19,103093.73247015911,-0.004286561816961439,0.06413700686985502,5,0.20587488551410676,0.5912324872851371,0.20289262720075618,0.0
2022-04-20,104423.36949038047,0.012906241044801179,0.05206684458446875,5,0.19730520378877606,0.6042766392730518,0.19841815693817225,0.0
2022-04-21,103574.72755587245,-0.00812693498255865,0.059770635706342445,5,0.19594723809382084,0.6047205374131774,0.19933222449300175,0.0
2022-04-22,102422.91856068007,-0.011120560221324717,0.07022651297382798,5,0.1927136998796283,0.6076721812709454,0.19961411884942634,0.0
2022-04-25,102792.38111110417,0.003607225371196746,0.06687261046196114,5,0.1931342977026608,0.6115434189066243,0.19532228339071486,0.0
2022-04-26,102880.86179941255,0.0008607708796310573,0.06606940157806063,5,0.1873796689238768,0.617168417189822,0.19545191388630118,0.0
2022-04-27,102484.3186295977,-0.0034431923917697,0.06966913619738535,1,0.6037659511500995,0.39623404884990066,0.0,0.0
2022-04-28,104107.76056918326,0.015840881427460547,0.05493187529558108,1,0.6093638609625796,0.39063613903742045,0.0,0.0
2022-04-29,101235.74163851583,-0.02758698213241148,0.08100345276571352,1,0.6034930540137012,0.39650694598629876,0.0,0.0
2022-05-02,100907.70149637481,-0.0032403589565467715,0.08398133145857967,1,0.609099383904456,0.3909006160955441,0.0,0.0
2022-05-03,101455.38036223182,0.005427522951523156,0.07900961911104754,1,0.6085884566889757,0.39141154331102435,0.0,0.0
2022-05-04,102566.07954330854,0.01136089207842278,0.06892692799914568,5,0.2037754910485567,0.5965287223569251,0.1996957865945183,0.0
2022-05-05,100068.84402695323,-0.02434757697159385,0.09159630128586471,5,0.20143723342573405,0.5946635975790097,0.2038991689952562,0.0
2022-05-06,99105.44753610987,-0.009627337061911729,0.10034180988167307,5,0.2021813810325946,0.5915964482171251,0.20622217075028035,0.0
2022-05-09,98683.79526523237,-0.004254582178480805,0.10416947958407485,5,0.19654425017432262,0.5993511927067783,0.20410455711889913,0.0
2022-05-10,99094.91024544838,0.004165982663222981,0.10043746516683605,5,0.1961810990480167,0.6022776655179368,0.20154123543404648,0.0
2022-05-11,100087.43984598735,0.01001980650225736,0.09142749239279246,5,0.1948702319540495,0.6054966277796392,0.19963314026631127,0.0
2022-05-12,99647.65345623912,-0.004394021771612595,0.0954197797723072,5,0.19552593852935923,0.607034527336902,0.19743953413373877,0.0
2022-05-13,99059.81652356163,-0.0058991547948055705,0.10075603851574955,5,0.2013885472554391,0.6016109310313302,0.1970005217132308,0.0
2022-05-16,99103.35314512458,0.0004394983060824374,0.10036082231792232,5,0.20048331234241729,0.6007244485190106,0.19879223913857194,0.0
2022-05-17,98668.97310184826,-0.0043831013733736015,0.1043040320331613,5,0.20550805934857622,0.5960783098434603,0.19841363080796345,0.0
2022-05-18,97085.5013731116,-0.015660010614580177,0.11867845185564074,1,0.5849737283224203,0.41502627167757966,0.0,0.0
2022-05-19,96834.19157746127,-0.0025885409468558484,0.12095978877035884,1,0.5828999702556908,0.41710002974430915,0.0,0.0
2022-05-20,97317.24508730196,0.004988460191297839,0.11657473167008958,1,0.5802597209413982,0.4197402790586017,0.0,0.0
2022-05-23,97701.68452251623,0.003950373182773475,0.11308487218109475,1,0.5887906264956531,0.4112093735043469,0.0,0.0
2022-05-24,98055.30827419368,0.0036194232822666455,0.10987475091807253,1,0.5821887555347091,0.41781124446529094,0.0,0.0
2022-05-25,98804.37203370595,0.00785871937765048,0.10307490930572838,3,0.8007748437771541,0.1992251562228458,0.0,0.0
2022-05-26,100296.20396323221,0.01509884531240527,0.08953237610452047,3,0.8046263102003274,0.19537368979967254,0.0,0.0
2022-05-27,102325.1733897651,0.02022977287631639,0.07111382286187551,3,0.8080328641062814,0.19196713589371864,0.0,0.0
2022-05-31,101445.57958832382,-0.0085960646075901,0.07909858845365225,3,0.8104659699771378,0.1895340300228622,0.0,0.0
2022-06-01,100758.57404483491,-0.00677215849401065,0.08533507877000235,3,0.8093918097881939,0.19060819021180617,0.0,0.0
2022-06-02,101909.32579720272,0.0116327092834035,0.07488879892818534,1,0.6043954457903051,0.39560455420969476,0.0,0.0
2022-06-03,100811.79541479431,-0.010769675629024129,0.08485194648450567,1,0.6009482637221981,0.39905173627780194,0.0,0.0
2022-06-06,100254.28202529489,-0.005530239662982972,0.08991293454755866,1,0.6061301159679866,0.39386988403201345,0.0,0.0
2022-06-07,101263.63671275576,0.010067945897873966,0.08075022721022862,1,0.605844577634398,0.394155422365602,0.0,0.0
2022-06-08,100242.97777303442,-0.010079224614621891,0.09001555214711687,1,0.60535931370958,0.39464068629041993,0.0,0.0
2022-06-09,99862.16344435322,-0.0033949296257898207,0.09347250368943871,5,0.19590850306722873,0.6040490180921301,0.20004247884064116,0.0
2022-06-10,99188.69935116061,-0.006743936541770338,0.09958606759792699,5,0.19151962410438944,0.6043784199444042,0.2041019559512063,0.0
2022-06-13,96051.6453270719,-0.031627131362843126,0.12806357731894147,5,0.1902655354893538,0.6045333868080516,0.20520107770259458,0.0
2022-06-14,95106.42620590334,-0.00984073846887201,0.13664407561602965,5,0.1915774730046397,0.6028406389368888,0.2055818880584715,0.0
2022-06-15,96690.96689091841,0.016660711039489344,0.12225995203563711,5,0.1911243681480213,0.6040236861070949,0.20485194574488383,0.0
2022-06-16,96728.14051216553,0.0003933371798311608,0.12192249780236564,5,0.19330475289833923,0.6045261314125555,0.20216911568910517,0.0
2022-06-17,96796.06365059604,0.0007022065974893534,0.12130590598721547,5,0.19358555772828584,0.6060484244244674,0.2003660178472468,0.0
2022-06-21,96200.8561811138,-0.006149087545860884,0.12670907289733102,5,0.19968669257724203,0.5994609558537767,0.20085235156898143,0.0
2022-06-22,97828.91287279523,0.016923515614209794,0.1119299202567613,5,0.19600753811740637,0.6056955566711424,0.19829690521145132,0.0
2022-06-23,98384.75726752522,0.005681800792908019,0.10688408297351826,5,0.19681066109255546,0.6072212978195134,0.19596804108793103,0.0
2022-06-24,98172.85193813952,-0.002146637291489299,0.1088077145180113,5,0.20680270509839802,0.5929671658800677,0.20023012902153425,0.0
2022-06-27,97576.87077755472,-0.0060707328840800935,0.11421790483152539,5,0.20727103646748,0.5915009037925757,0.20122805973994426,0.0
2022-06-28,97400.18595112968,-0.0018107244577235681,0.1158218121354605,5,0.20340421891082394,0.5953349214820111,0.20126085960716492,0.0
2022-06-29,98274.07439415391,0.008972143476837918,0.10788883857484921,5,0.20143129741081411,0.5992503933011453,0.19931830928804053,0.0
2022-06-30,98511.39875674686,0.0024149234073788735,0.10573445844913965,5,0.19931347653819606,0.6030567417517779,0.19762978171002613,0.0
2022-07-01,99309.9226744986,0.00810898529051644,0.09848562803193206,5,0.20048955752897937,0.6012840680576579,0.1982263744133629,0.0
2022-07-05,99399.16436453378,0.0008986180598256696,0.09767551093608928,5,0.20068786836661764,0.6054642631196344,0.19384786851374805,0.0
2022-07-06,98150.77816345706,-0.012559322898313515,0.10900809555329871,5,0.20392679968762936,0.602869802478176,0.19320339783419455,0.0
2022-07-07,97940.35567483064,-0.002143869794654025,0.11091826618452316,5,0.20742578221345817,0.598848258540908,0.1937259592456339,0.0
2022-07-08,97282.18466718463,-0.006720120660284195,0.11689300271261782,5,0.20865734137364053,0.596221865287222,0.19512079333913732,0.0
2022-07-11,97961.34931934884,0.006990105605413081,0.1107276903413098,5,0.19634282347821774,0.6061101525718222,0.19754702394996002,0.0
2022-07-12,98072.01611682631,0.0011296985826185222,0.10972308067352643,5,0.19438581176753714,0.609023480434224,0.19659070779823878,0.0
2022-07-13,98749.08346157329,0.006903777158414121,0.10357680721321694,5,0.19203912742035023,0.6117833154544632,0.19617755712518659,0.0
2022-07-14,97938.00929386527,-0.00821348552590502,0.11093956613225675,5,0.19315930661367237,0.6118170292732914,0.19502366411303623,0.0
2022-07-15,98598.32363157759,0.006742166217928925,0.10494537290933637,5,0.19553135088987678,0.6111401344577677,0.19332851465235545,0.0
2022-07-18,97659.4173951681,-0.00912175833838048,0.11346856418024198,1,0.6005236769124703,0.3994763230875296,0.0,0.0
2022-07-19,99033.56172498083,0.014070781563772745,0.1009943739974043,1,0.6081916456250778,0.3918083543749223,0.0,0.0
2022-07-20,99519.24170166283,0.004904195792036122,0.0965854743893455,1,0.6090805212163154,0.39091947878368466,0.0,0.0
2022-07-21,100808.61056125425,0.012955975523373176,0.08488085790807398,1,0.6074132995240319,0.3925867004759682,0.0,0.0
2022-07-22,100905.79961188277,0.0009640947344419892,0.08399859636179596,1,0.6011980789933375,0.3988019210066625,0.0,0.0
2022-07-25,100242.41224394906,-0.00617560304383086,0.09002068589996337,5,0.20148729663085607,0.5978210207273421,0.20069168264180182,0.0
2022-07-26,100025.56578922353,-0.002163220635571067,0.09198917193016731,5,0.19953510764356405,0.5995766264144915,0.20088826594194445,0.0
2022-07-27,100411.54138406453,0.003858769423552492,0.0884853675105568,5,0.2039294230341484,0.593916333721795,0.20215424324405654,0.0
2022-07-28,101390.46390151975,0.009749103578750267,0.07959891694487076,5,0.20449352496345263,0.5928644946073124,0.20264198042923504,0.0
2022-07-29,101587.12225953894,0.0019396139484104396,0.077813694166045,5,0.20707313711288558,0.5901086267573189,0.20281823612979566,0.0
2022-08-01,103109.04982340631,0.014991540563194619,0.0639979591924329,5,0.19646249166236016,0.6053748259866666,0.19816268235097326,0.0
2022-08-02,101533.29512085803,-0.015282409305944142,0.07830232549125304,5,0.1981952802576522,0.6017616443931492,0.20004307534919863,0.0
2022-08-03,102859.92762866676,0.01306598496807961,0.06625943753100783,5,0.19870267377694442,0.6033528368164932,0.1979444894065624,0.0
2022-08-04,103162.06351556965,0.0029373527073986473,0.06351671216183163,5,0.19798686178615021,0.6013839676707207,0.20062917054312907,0.0
2022-08-05,101418.02919539812,-0.016905771954709978,0.0793486850654207,5,0.20105113251438037,0.5971646682396571,0.20178419924596264,0.0
2022-08-08,101414.88257404402,0.0009699436914651,0.07937724942533031,0,0.0,0.0,0.0,1.0
2022-08-09,101316.61116620274,-0.0009690038123303,0.08026933638035516,0,0.0,0.0,0.0,1.0
2022-08-10,101414.88257404404,0.0009699436914651,0.07937724942533009,0,0.0,0.0,0.0,1.0
2022-08-11,101378.01606878087,-0.0003635216481788,0.07971191572496983,0,0.0,0.0,0.0,1.0
2022-08-12,101402.60801999652,0.0002425767653508,0.0794886752182955,0,0.0,0.0,0.0,1.0
2022-08-15,101488.57274144984,0.0008477565136821,0.07870830574679355,0,0.0,0.0,0.0,1.0
2022-08-16,101402.60801999654,-0.0008470384313346,0.07948867521829539,0,0.0,0.0,0.0,1.0
2022-08-17,101316.6111662028,-0.0008480733925185,0.0802693363803546,0,0.0,0.0,0.0,1.0
2022-08-18,101464.03434413494,0.0014550741110981,0.07893106010253859,0,0.0,0.0,0.0,1.0
2022-08-19,101390.30133360857,-0.0007266910980129,0.07960039270181829,0,0.0,0.0,0.0,1.0
2022-08-22,101255.15270972397,-0.0013329541593916,0.08082724318666878,0,0.0,0.0,0.0,1.0
2022-08-23,101304.32590137514,0.0004856364376055,0.08038085940350581,0,0.0,0.0,0.0,1.0
2022-08-24,101193.7478071459,-0.0010915436556667,0.08138466384205356,0,0.0,0.0,0.0,1.0
2022-08-25,101255.15270972402,0.000606805300809,0.08082724318666834,0,0.0,0.0,0.0,1.0
2022-08-26,101230.59289084881,-0.0002425537685535,0.08105019200278518,0,0.0,0.0,0.0,1.0
2022-08-29,101156.91343422318,-0.000727837845473,0.0817190384511357,0,0.0,0.0,0.0,1.0
2022-08-30,101107.76166413233,-0.0004858963013222,0.08216522777392687,0,0.0,0.0,0.0,1.0
2022-08-31,101095.4656885245,-0.0001216125785542,0.08227684802726398,0,0.0,0.0,0.0,1.0
2022-09-01,101021.67912409741,-0.0007298701670204,0.08294666677747287,0,0.0,0.0,0.0,1.0
2022-09-02,101243.08166049929,0.0021916338980061,0.08093682160610283,0,0.0,0.0,0.0,1.0
2022-09-06,101021.67912409743,-0.0021868411428278,0.08294666677747276,0,0.0,0.0,0.0,1.0
2022-09-07,101169.2736745119,0.0014610185822903,0.0816068348166833,0,0.0,0.0,0.0,1.0
2022-09-08,101046.27107531308,-0.0012158098475092,0.08272342627079832,0,0.0,0.0,0.0,1.0
2022-09-09,100960.19924605831,-0.0008518060917915,0.08350476804415852,0,0.0,0.0,0.0,1.0
2022-09-12,100947.83900576962,-0.0001224268610898,0.0836169716786106,0,0.0,0.0,0.0,1.0
2022-09-13,100603.47671328952,-0.0034112893933313,0.08674301938335216,0,0.0,0.0,0.0,1.0
2022-09-14,100517.38346247446,-0.0008557681466657,0.08752455561708405,0,0.0,0.0,0.0,1.0
2022-09-15,100406.6661281033,-0.0011014744968216,0.08852962404804787,0,0.0,0.0,0.0,1.0
2022-09-16,100455.8500305346,0.0004898469825553,0.08808314303469922,0,0.0,0.0,0.0,1.0
2022-09-19,100345.15411772375,-0.0011019359527315,0.08908801700529112,0,0.0,0.0,0.0,1.0
2022-09-20,100296.01305841304,-0.0004897203033149,0.0895341090978965,0,0.0,0.0,0.0,1.0
2022-09-21,100209.88767525753,-0.0008587119321018,0.09031593702218588,0,0.0,0.0,0.0,1.0
2022-09-22,100025.31951177842,-0.0018418158902366,0.09199140758447344,0,0.0,0.0,0.0,1.0
2022-09-23,99902.37046648032,-0.0012291792308009,0.09310751288765928,0,0.0,0.0,0.0,1.0
2022-09-26,99680.93579773801,-0.0022165106564373,0.09511764974958681,0,0.0,0.0,0.0,1.0
2022-09-27,99680.93579773801,0.0,0.09511764974958681,0,0.0,0.0,0.0,1.0
2022-09-28,100111.4663164942,0.0043190858443562,0.09120938519981248,0,0.0,0.0,0.0,1.0
2022-09-29,99976.1570309074,-0.0013515862924136,0.09243769413745051,0,0.0,0.0,0.0,1.0
2022-09-30,99890.06378009234,-0.000861137828977,0.0932192303711824,0,0.0,0.0,0.0,1.0
2022-10-03,100109.29202812453,0.0021946952453131,0.09122912292753671,0,0.0,0.0,0.0,1.0
2022-10-04,100146.25493040904,0.0003692254888199,0.09089358155622429,0,0.0,0.0,0.0,1.0
2022-10-05,100047.69433150381,-0.0009841665968809,0.09178829372626662,0,0.0,0.0,0.0,1.0
2022-10-06,99924.52035982264,-0.0012311525268442,0.09290644086335509,0,0.0,0.0,0.0,1.0
2022-10-07,99801.3999420422,-0.0012321341882561,0.09402410184951426,0,0.0,0.0,0.0,1.0
2022-10-10,99764.42632897757,-0.0003704718880307,0.09435974045101236,0,0.0,0.0,0.0,1.0
2022-10-11,99762.05671822399,0.0009772251640259798,0.09438125127382635,5,0.19853938518043904,0.6020670855039892,0.19939352931557186,0.0
2022-10-12,100097.84031173606,0.0033658447365463727,0.09133307917510869,5,0.19722065696882635,0.6029916465912023,0.19978769643997135,0.0
2022-10-13,99902.96800889193,-0.0019468182553913486,0.09310208852464086,5,0.20282040093620643,0.5983881283156086,0.19879147074818504,0.0
2022-10-14,98700.56094616826,-0.012035749154285865,0.104017284295704,5,0.2006128740825688,0.6006807983118353,0.19870632760559598,0.0
2022-10-17,98977.09749011546,0.0028017727690323947,0.10150694432132001,5,0.20519318049021773,0.5960857422780544,0.19872107723172766,0.0
2022-10-18,98926.97325040273,0.0004940714647831,0.10196196151666204,0,0.0,0.0,0.0,1.0
2022-10-19,98743.70597249879,-0.0018525511484119,0.10362562291617194,0,0.0,0.0,0.0,1.0
2022-10-20,98633.7286060669,-0.0011137658380224,0.10462397407544644,0,0.0,0.0,0.0,1.0
2022-10-21,98890.36016908461,0.0026018641558474,0.10229432728758825,0,0.0,0.0,0.0,1.0
2022-10-24,98865.88061616613,-0.0002475423577851,0.10251654746640848,0,0.0,0.0,0.0,1.0
2022-10-25,100852.67844688662,0.02111700669419892,0.08448081900793258,5,0.19899164169888917,0.6046982513160521,0.19631010698505863,0.0
2022-10-26,101706.10197798205,0.008462080970362048,0.07673362156845831,5,0.1958352279348316,0.6082631596971143,0.19590161236805423,0.0
2022-10-27,102216.63549281604,0.005019694048883318,0.07209910682311149,5,0.19381658718041875,0.611562098243699,0.1946213145758822,0.0
2022-10-28,102055.14816930491,-0.0015798536386230162,0.07356505442547856,5,0.1987415789230401,0.6083195086712068,0.19293891240575314,0.0
2022-10-31,101305.41181277171,-0.007346384479197612,0.0803710017306336,5,0.19876622827403476,0.6084532712151924,0.1927805005107729,0.0
2022-11-01,101990.67943261979,0.00677288379498344,0.07415028791573874,5,0.19778527557041786,0.6015332309135621,0.20068149351602,0.0
2022-11-02,101075.42927795557,-0.008973860746450528,0.08245873430412431,5,0.19456760190659553,0.6043456414517759,0.20108675664162848,0.0
2022-11-03,100465.92324890618,-0.006030209650391473,0.08799170049915594,5,0.19373243178765887,0.6047308463300938,0.2015367218822473,0.0
2022-11-04,100346.85467008081,-0.001185163834411532,0.08907257975240757,5,0.19675403032591374,0.5952763401112,0.20796962956288628,0.0
2022-11-07,99857.08140419144,-0.004880803364486538,0.09351863736995503,5,0.19961034478887488,0.5922280866769455,0.2081615685341796,0.0
2022-11-08,101080.50187799228,0.0122599763458154,0.08241268631905707,5,0.19864373070044347,0.5992147052663646,0.20214156403319186,0.0
2022-11-09,100763.42984619766,-0.003136826844976826,0.08529099883722169,5,0.19516344031639335,0.6030763066732043,0.20176025301040226,0.0
2022-11-10,104801.01807301534,0.04006997611117988,0.0486386310119481,5,0.19795637381908296,0.6021506141393717,0.19989301204154541,0.0
2022-11-11,104908.98815681753,0.0010302388830514399,0.047658501537783504,5,0.19966660222478025,0.599326912413378,0.20100648536184182,0.0
2022-11-14,104622.76422444651,-0.002728307053568973,0.05025678156544444,5,0.198509676383808,0.5994929945408879,0.20199732907530418,0.0
2022-11-15,105890.30647963542,0.01211737964291942,0.03875030236018928,5,0.1992909274650627,0.6024085813105794,0.1983004912243579,0.0
2022-11-16,107076.07151391347,0.011198050829195503,0.027986179386469745,5,0.1955804667250272,0.6087653061871641,0.1956542270878087,0.0
2022-11-17,106171.89997068519,-0.008444197946791363,0.036194056494747384,5,0.19664251225037319,0.6074710590286775,0.1958864287209493,0.0
2022-11-18,105679.77559540649,-0.004635165947059287,0.0406614569836562,5,0.19845519567921674,0.6061028394951576,0.1954419648256257,0.0
2022-11-21,105758.04033307255,0.0007405838744936983,0.03995098632851812,5,0.19758726796812032,0.6082071041505738,0.194205627881306,0.0
2022-11-22,105730.47704716593,0.0007401142003709,0.04020119998002736,0,0.0,0.0,0.0,1.0
2022-11-23,105821.74198123964,0.0008631847374811,0.03937271630479744,0,0.0,0.0,0.0,1.0
2022-11-25,105834.76689619548,0.000123083543249,0.03925447889497857,0,0.0,0.0,0.0,1.0
2022-11-28,105860.85067462573,0.0002464575601686,0.03901769589790405,0,0.0,0.0,0.0,1.0
2022-11-29,105821.74198123965,-0.0003694349056978,0.03937271630479733,0,0.0,0.0,0.0,1.0
2022-11-30,106134.60021215543,0.0029564645701187,0.03653265577546305,0,0.0,0.0,0.0,1.0
2022-12-01,106363.16427147605,0.0021535301293238,0.0344577998210559,0,0.0,0.0,0.0,1.0
2022-12-02,106337.05786070011,-0.0002454459770425,0.034694788269754584,0,0.0,0.0,0.0,1.0
2022-12-05,106036.62478757888,-0.0028252904412194,0.037422055857315284,0,0.0,0.0,0.0,1.0
2022-12-06,106154.14324267567,0.0011082817406928,0.03635524829782821,0,0.0,0.0,0.0,1.0
2022-12-07,106376.20050260478,0.0020918378986063,0.03433945968542451,0,0.0,0.0,0.0,1.0
2022-12-08,106271.74091098242,-0.0009819827285503,0.035287721657655924,0,0.0,0.0,0.0,1.0
2022-12-09,106219.49414091196,-0.0004916337082896,0.03576200673248986,0,0.0,0.0,0.0,1.0
2022-12-12,106154.1432426757,-0.0006152439226417,0.03635524829782788,0,0.0,0.0,0.0,1.0
2022-12-13,106467.70307630848,0.0029538162529931,0.03350881876813849,0,0.0,0.0,0.0,1.0
2022-12-14,106480.70535891861,0.0001221241957367,0.033390786809943895,0,0.0,0.0,0.0,1.0
2022-12-15,106495.11084696272,0.0001352873085838,0.033260016851039076,0,0.0,0.0,0.0,1.0
2022-12-16,106599.86465907932,0.0009836490265466,0.032309084007690836,0,0.0,0.0,0.0,1.0
2022-12-19,106468.93653914967,-0.0012282203204327,0.033497621654610676,0,0.0,0.0,0.0,1.0
2022-12-20,106468.93653914967,0.0,0.033497621654610676,0,0.0,0.0,0.0,1.0
2022-12-21,106573.71298361196,0.0009841034189701,0.03254648335963828,0,0.0,0.0,0.0,1.0
2022-12-22,106508.22629130143,-0.0006144732174303,0.03314095763472247,0,0.0,0.0,0.0,1.0
2022-12-23,106455.84372715671,-0.0004918170733728,0.03361647541930257,0,0.0,0.0,0.0,1.0
2022-12-27,106311.8454275798,-0.0013526575388945,0.03492366137929004,0,0.0,0.0,0.0,1.0
2022-12-28,106311.8454275798,0.0,0.03492366137929004,0,0.0,0.0,0.0,1.0
2022-12-29,106390.3796671919,0.0007387157968732,0.03421074424276238,0,0.0,0.0,0.0,1.0
2022-12-30,106259.4402310894,-0.0012307450778173,0.03539938461549441,0,0.0,0.0,0.0,1.0
2023-01-03,106351.11254738587,0.0008627216188707,0.0345672028110261,0,0.0,0.0,0.0,1.0
2023-01-04,106455.84372715674,0.0009847680692969,0.03361647541930235,0,0.0,0.0,0.0,1.0
2023-01-05,106311.84542757983,-0.0013526575388945,0.034923661379289817,0,0.0,0.0,0.0,1.0
2023-01-06,106717.65470232467,0.0038171595377043,0.031239811028710984,0,0.0,0.0,0.0,1.0
2023-01-09,106822.38588209555,0.0009813856953941,0.030289083636987124,0,0.0,0.0,0.0,1.0
2023-01-10,106730.78146283621,-0.0008575395363332,0.031120649086582297,0,0.0,0.0,0.0,1.0
2023-01-11,106822.38588209555,0.0008582755415431,0.030289083636987124,0,0.0,0.0,0.0,1.0
2023-01-12,107058.0678141418,0.0022062972110208,0.028149613146719044,0,0.0,0.0,0.0,1.0
2023-01-13,106874.76844624027,-0.0017121490387791,0.02981356585240702,0,0.0,0.0,0.0,1.0
2023-01-17,106940.20987385939,0.0006123187780475,0.02921950248057137,0,0.0,0.0,0.0,1.0
2023-01-18,107175.86917355993,0.0022036547335984,0.027080237441927668,0,0.0,0.0,0.0,1.0
2023-01-19,107149.6609172283,-0.0002445350481757,0.02731815042293584,0,0.0,0.0,0.0,1.0
2023-01-20,107058.06781414182,-0.0008548146797893,0.028149613146718933,0,0.0,0.0,0.0,1.0
2023-01-23,106953.31400202525,-0.0009784765805641,0.02910054599006684,0,0.0,0.0,0.0,1.0
2023-01-24,106992.56980565842,0.0003670368141415,0.028744190147615423,0,0.0,0.0,0.0,1.0
2023-01-25,107058.06781414182,0.0006121734303827,0.028149613146718933,0,0.0,0.0,0.0,1.0
2023-01-26,106992.56980565844,-0.0006117989033493,0.02874419014761531,0,0.0,0.0,0.0,1.0
2023-01-27,106992.56980565844,0.0,0.02874419014761531,0,0.0,0.0,0.0,1.0
2023-01-30,106887.83862588757,-0.0009788640459904,0.02969491753933895,0,0.0,0.0,0.0,1.0
2023-01-31,107084.23080578208,0.0018373669298514,0.027912111068958967,0,0.0,0.0,0.0,1.0
2023-02-01,107270.51764331727,0.0017396290390605,0.026221038748855396,0,0.0,0.0,0.0,1.0
2023-02-02,107283.57650679167,0.0001217376755635,0.02610249316160007,0,0.0,0.0,0.0,1.0
2023-02-03,106890.10186045854,-0.0036676130601241,0.029674372376902847,0,0.0,0.0,0.0,1.0
2023-02-06,106222.66052358592,-0.005249432244830819,0.03573326298351853,5,0.1998267332260699,0.5987005675155667,0.2014726992583635,0.0
2023-02-07,106009.56976140215,-0.0020060763036194138,0.03766765563501562,5,0.2028470848630543,0.5950894204381663,0.20206349469877943,0.0
2023-02-08,106127.60967153458,0.0011134835317048546,0.036596114417538406,5,0.2004058742215971,0.597256511735187,0.20233761404321593,0.0
2023-02-09,105172.84253839753,-0.008996406647545025,0.04526328753806308,5,0.20047202749630622,0.596969035709751,0.20255893679394282,0.0
2023-02-10,104560.13211200752,-0.005825747518103971,0.05082534257113103,5,0.2021173627155464,0.5937481452260975,0.20413449205835602,0.0
2023-02-13,104481.27638027047,0.0002460797436436,0.05154117814484305,0,0.0,0.0,0.0,1.0
2023-02-14,104262.75014868386,-0.0020915348582771,0.05352491283239358,0,0.0,0.0,0.0,1.0
2023-02-15,104275.58570812877,0.0001231078158461,0.05340839435165956,0,0.0,0.0,0.0,1.0
2023-02-16,104288.44345523046,0.0001233054411957,0.05329167445609295,0,0.0,0.0,0.0,1.0
2023-02-17,104378.42549728545,0.000862818919084,0.052474836601959285,0,0.0,0.0,0.0,1.0
2023-02-21,104172.71263748695,-0.0019708369695982,0.05434225422360872,0,0.0,0.0,0.0,1.0
2023-02-22,104224.14362589367,0.0004937088331922,0.05387537464134229,0,0.0,0.0,0.0,1.0
2023-02-23,104288.44345523047,0.0006169379483471,0.05329167445609273,0,0.0,0.0,0.0,1.0
2023-02-24,104069.86175450191,-0.0020959340602528,0.05527591268072518,0,0.0,0.0,0.0,1.0
2023-02-27,104159.89926569884,0.0008651641280097,0.054458571289509705,0,0.0,0.0,0.0,1.0
2023-02-28,104134.12830235355,-0.0002474173220882,0.05469251461772462,0,0.0,0.0,0.0,1.0
2023-03-01,103943.48086150594,-0.0018307873120526,0.05642317156795085,0,0.0,0.0,0.0,1.0
2023-03-02,103982.09847812455,0.0003715251432656,0.05607260905158551,0,0.0,0.0,0.0,1.0
2023-03-03,104046.52033957362,0.0006195476182144,0.05548780108475593,0,0.0,0.0,0.0,1.0
2023-03-06,103995.0006005398,-0.0004951606153255,0.055955486326353276,0,0.0,0.0,0.0,1.0
2023-03-07,103591.55443472364,-0.0028823589057241404,0.05961788487630271,5,0.19750351785363682,0.605424546222357,0.19707193592400618,0.0
2023-03-08,103676.91808129309,0.0008240405990165561,0.058842971834851765,5,0.19766298943200014,0.6055207600918517,0.19681625047614817,0.0
2023-03-09,103653.93543177862,-0.0002216756626238013,0.059051603442703327,5,0.19405913468711064,0.6071420405194452,0.19879882479344416,0.0
2023-03-10,105978.3411249273,0.022424673828988526,0.0379511425599961,5,0.18706411587057126,0.6143046298263137,0.19863125430311493,0.0
2023-03-13,106581.12754445378,0.005687826523118582,0.03247917555211288,5,0.18574102914556137,0.6122186547040814,0.20204031615035722,0.0
2023-03-14,106072.11614994792,-0.0037795912779534,0.037099872812613066,0,0.0,0.0,0.0,1.0
2023-03-15,106695.22857380363,0.0058744224822935,0.031443390657260095,0,0.0,0.0,0.0,1.0
2023-03-16,106266.81991900803,-0.004015255982129,0.03533239337695426,0,0.0,0.0,0.0,1.0
2023-03-17,106799.0526986762,0.005008456826635,0.03050089731712924,0,0.0,0.0,0.0,1.0
2023-03-20,106669.28372089351,-0.0012150761126021,0.03167891251798827,0,0.0,0.0,0.0,1.0
2023-03-21,105890.80769540853,-0.006304338020536819,0.03874575242992295,5,0.2039116445401753,0.5986184616616971,0.1974698937981276,0.0
2023-03-22,106723.82722732097,0.007866778524426835,0.03118377815862461,5,0.1988711561576819,0.6018654529791725,0.19926339086314565,0.0
2023-03-23,107047.8474008591,0.0030360621611514186,0.028242391886382445,5,0.19880523378902673,0.6000436830580022,0.20115108315297117,0.0
2023-03-24,107216.87926698283,0.0015790309681871448,0.026707956529599564,5,0.19979427849037945,0.6016316154597731,0.19857410604984757,0.0
2023-03-27,105544.55954140962,-0.015597541515911154,0.041888919584735285,5,0.2033394900741978,0.596807330925724,0.1998531790000782,0.0
2023-03-28,105785.01547161999,0.0022815879894293404,0.03970611175373828,5,0.19909678951994608,0.5997243989886321,0.20117881149142194,0.0
2023-03-29,105858.10359037221,0.0006909118311923791,0.03904263334492708,5,0.20185119408419125,0.5981062080360007,0.20004259787980805,0.0
2023-03-30,106465.95799858139,0.005742162268099424,0.03352466021286826,5,0.20187386028580237,0.5974276845542466,0.200698455159951,0.0
2023-03-31,107610.38387258795,0.010749218769268981,0.023135805350392835,5,0.20254206257484259,0.5999288553292752,0.1975290820958823,0.0
2023-04-03,108150.19887952747,0.005016383991145916,0.018235479442828884,5,0.20229906725714913,0.599741809070674,0.19795912367217702,0.0
2023-04-04,108755.76242352487,0.005601594704966699,0.012738302289213355,5,0.19778245016314172,0.5996242038588626,0.20259334597799566,0.0
2023-04-05,109363.64032616086,0.005589385694054013,0.00722011587974114,5,0.19616813839175837,0.6025253496192258,0.20130651198901583,0.0
2023-04-06,109460.72334925532,0.0008877084084337092,0.006338816828883709,5,0.19675871247251497,0.6035481837743792,0.19969310375310573,0.0
2023-04-10,108255.80619247345,-0.011007758033330008,0.01727679870034371,5,0.19915289973438505,0.6004255104592716,0.20042158980634334,0.0
2023-04-11,108532.6508926526,0.002557319647935909,0.014763661349177615,5,0.1986982669925907,0.600127833238057,0.20117389976935232,0.0
2023-04-12,108483.11459451802,-0.00045511725267445986,0.015213341335826969,5,0.19927543355275168,0.5996560289135241,0.20106853753372425,0.0
2023-04-13,108553.8736942411,0.0006522591095172367,0.014571005266782122,5,0.20179077643074464,0.5945559442269633,0.20365327934229197,0.0
2023-04-14,107518.48296907537,-0.009538035723000387,0.023970062221027932,5,0.20323630314374533,0.5947907557137349,0.20197294114251985,0.0
2023-04-17,106739.46550877282,-0.007245428309536396,0.031041817163166785,5,0.2054541853248233,0.5920049160186049,0.20254089865657182,0.0
2023-04-18,107062.82206163848,0.003029400150397773,0.028106455098351635,5,0.20496726889165498,0.592319913899711,0.20271281720863407,0.0
2023-04-19,106894.42385370735,-0.00156522348300076,0.029635138240731718,5,0.20027967744748315,0.6003639893809273,0.19935633317158968,0.0
2023-04-20,107410.17438755151,0.004824859101630876,0.024953264505569672,5,0.1982303164018412,0.60258925103648,0.19918043256167894,0.0
2023-04-21,106851.44721199854,-0.005201808662343323,0.03002527106045416,5,0.19942167103659886,0.6023361085441498,0.19824222041925132,0.0
2023-04-24,107560.7206505058,0.006637939466556899,0.023586637525663368,5,0.19831333883207486,0.6041531317492853,0.1975335294186399,0.0
2023-04-25,108285.7408643186,0.006740566718296689,0.017005058111268734,5,0.19385859913441875,0.6089324531443029,0.1972089477212782,0.0
2023-04-26,108046.11063076902,-0.0012141577238564,0.019180370443462214,0,0.0,0.0,0.0,1.0
2023-04-27,107835.9504130325,-0.0019450974820807,0.021088160235288034,0,0.0,0.0,0.0,1.0
2023-04-28,107954.13449680903,0.0010959618135126,0.020015310240110384,0,0.0,0.0,0.0,1.0
2023-05-01,107718.44353726156,-0.0021832508837764,0.022154862680116016,0,0.0,0.0,0.0,1.0
2023-05-02,108073.98902699938,0.0033006927881837,0.01892729628740364,0,0.0,0.0,0.0,1.0
2023-05-03,108362.39835319691,0.0036723007912737803,0.016309177719041612,5,0.19790050072538373,0.6011416617322786,0.20095783754233776,0.0
2023-05-04,107720.13821632334,-0.005926964949411594,0.022139478743758767,5,0.19767030918498452,0.5987519278906756,0.20357776292433996,0.0
2023-05-05,107556.69151747628,-0.0015173272291836213,0.023623213139004506,5,0.20163569625159444,0.5976675929930177,0.20069671075538775,0.0
2023-05-08,106688.02349171239,-0.008076373617561115,0.031508796861207666,5,0.2033315887590765,0.5940893604708889,0.20257905077003466,0.0
2023-05-09,106519.3028329038,-0.0015814395401344294,0.03304040714412371,5,0.202760579004611,0.5929017144517564,0.20433770654363256,0.0
2023-05-10,107207.86296866808,0.006471325993109159,0.026789804569491205,5,0.19964253725480915,0.6019272578566881,0.1984302048885029,0.0
2023-05-11,107670.16588112089,0.004312210873822833,0.022593116982240424,5,0.1984386304774714,0.6056789289739353,0.19588244054859344,0.0
2023-05-12,107060.32284139164,-0.005663992757312046,0.02812914248859988,5,0.19930752975951935,0.60403111589677,0.19666135434371063,0.0
2023-05-15,106509.2181635377,-0.005147608966866129,0.0331319536293615,5,0.20102994695401524,0.6008678424953506,0.19810221055063415,0.0
2023-05-16,105910.12504975186,-0.005624800595813017,0.03857039359265957,5,0.2008160853707443,0.602451279778652,0.19673263485060363,0.0
2023-05-17,105908.27837488032,-1.4168925986899689e-05,0.03858715731467466,5,0.2024306400784661,0.5982589136926411,0.19931044622889277,0.0
2023-05-18,105371.54708073096,-0.005067888010127992,0.04345948993290272,5,0.20542177973878872,0.5968513531492633,0.19772686711194798,0.0
2023-05-19,105101.54773310847,-0.0025623553521107053,0.04591048662838382,5,0.20564982289538122,0.5941530693913707,0.20019710771324814,0.0
2023-05-22,104838.68197600878,-0.0025010645682136514,0.04829672610518165,5,0.20624916636319085,0.5935217010449196,0.20022913259188949,0.0
2023-05-23,104800.3443577967,-0.00036568199341586343,0.048644746855520005,5,0.20400911342887856,0.5954479976993753,0.20054288887174615,0.0
2023-05-24,104567.46868961865,-0.0012233120810168,0.05075874267880032,0,0.0,0.0,0.0,1.0
2023-05-25,104336.94408619554,-0.0022045537327423,0.05285139603590072,0,0.0,0.0,0.0,1.0
2023-05-26,104311.32902143149,-0.0002455033065075,0.0530839241499278,0,0.0,0.0,0.0,1.0
2023-05-30,104516.26051899733,0.0019646140020297,0.0512235995685657,0,0.0,0.0,0.0,1.0
2023-05-31,104618.70979860016,0.0009802233556204,0.05029358678160134,0,0.0,0.0,0.0,1.0
2023-06-01,104781.76566092805,0.001558572674446,0.04881340031721304,0,0.0,0.0,0.0,1.0
2023-06-02,104486.47326194422,-0.0028181659005384,0.0514940019574881,0,0.0,0.0,0.0,1.0
2023-06-05,104512.15420342864,0.0002457824509018,0.051260875828594066,0,0.0,0.0,0.0,1.0
2023-06-06,104460.78134100643,-0.0004915491677859,0.05172722775552652,0,0.0,0.0,0.0,1.0
2023-06-07,104383.7385165532,-0.000737528701817,0.0524266061422084,0,0.0,0.0,0.0,1.0
2023-06-08,104550.67012592856,0.0015992108708473,0.050911236469825316,0,0.0,0.0,0.0,1.0
2023-06-09,104358.04659561541,-0.0018423940284758,0.052659831940246704,0,0.0,0.0,0.0,1.0
2023-06-12,104447.99027780449,0.0008618758698848,0.05184334230882337,0,0.0,0.0,0.0,1.0
2023-06-13,104255.37772694473,-0.0018441001147793,0.053591838110100376,0,0.0,0.0,0.0,1.0
2023-06-14,104191.16988350701,-0.0006158708053016,0.05417470326690754,0,0.0,0.0,0.0,1.0
2023-06-15,105091.33526590117,0.00964920458533972,0.04600319323526336,5,0.20054443604479544,0.599974283304846,0.19948128065035853,0.0
2023-06-16,104742.41568996277,-0.003320155510971209,0.0491706109906922,5,0.20052714096972207,0.5996351308144015,0.19983772821587656,0.0
2023-06-20,104851.4121764427,0.001040614594975147,0.04818116405115791,5,0.1992793600664606,0.6031569676440981,0.1975636722894413,0.0
2023-06-21,104867.44594140605,0.0001529189224116688,0.04803561294043346,5,0.19822801549015942,0.6045242357430218,0.19724774876681872,0.0
2023-06-22,103972.15017142227,-0.008537404167200037,0.056162917665541934,5,0.2006566334229766,0.6023700792084625,0.1969732873685608,0.0
2023-06-23,104493.90620543626,0.0050212706685041205,0.05142652727617092,5,0.19749631781148033,0.6029542247929895,0.19954945739553007,0.0
2023-06-26,104512.92588590871,0.00018201712581262608,0.05125387065904352,5,0.19665359009037062,0.6034861933151955,0.19986021659443384,0.0
2023-06-27,104477.68415380373,-0.0003371997464070501,0.05157378761326192,5,0.1988766542785636,0.6021140883326,0.1990092573888364,0.0
2023-06-28,104708.46904228858,0.0022089395487087226,0.04947877144368873,5,0.1985383761338225,0.603349180808899,0.19811244305727857,0.0
2023-06-29,103627.96840977439,-0.010319133136000745,0.059287326549756325,5,0.20139916480681677,0.5986372714183733,0.19996356377480984,0.0
2023-06-30,104743.824338824,0.01076931739812178,0.049157823575706416,5,0.200204078305735,0.6006083709495856,0.1991875507446794,0.0
2023-07-03,104434.73689481888,-0.002950889429101648,0.051963653702860824,5,0.20102765485297966,0.5989711491328255,0.20000119601419494,0.0
2023-07-05,103735.37177361513,-0.006696671452412573,0.058312341638958376,5,0.20208196952259483,0.5972792330538281,0.20063879742357701,0.0
2023-07-06,102632.90626877386,-0.010627671988752481,0.06832028918787592,5,0.20265326998897915,0.5951570709808938,0.20218965903012712,0.0
2023-07-07,102368.37797293969,-0.002577421856703853,0.07072162083797051,5,0.20266398921727632,0.5931033338801769,0.20423267690254684,0.0
2023-07-10,102521.56388848448,0.0016940886291973202,0.06933103165284604,2,0.4003342198791407,0.39984755078197226,0.19981822933888704,0.0
2023-07-11,103070.43920661202,0.005353754832735225,0.06434845816588075,2,0.4007382818053136,0.3997627162953082,0.19949900189937805,0.0
2023-07-12,104139.86422471212,0.010375671495455274,0.054640445133593785,2,0.39981423990495485,0.40006167996074593,0.20012408013429928,0.0
2023-07-13,104923.19856235274,0.007521945063711269,0.04752950249643417,2,0.3999789199285025,0.4012491230153269,0.19877195705617065,0.0
2023-07-14,104582.69442136398,-0.0032452703087049936,0.05062052672189998,2,0.4010312616530394,0.4001850909317094,0.1987836474152512,0.0
2023-07-17,104763.45233083691,0.0017295914962293401,0.04897964483569761,2,0.4006958180608852,0.39950643906955613,0.1997977428695587,0.0
2023-07-18,105505.16023776731,0.007079834526530538,0.04224657808977195,2,0.4008353989477521,0.39849860173895213,0.20066599931329582,0.0
2023-07-19,106077.60245008057,0.00542572714948902,0.03705006934599753,2,0.39955887343486196,0.40082540759145524,0.1996157189736828,0.0
2023-07-20,105172.94090306506,-0.008528299340487343,0.04526239460451642,2,0.40032206903132506,0.39936461211540675,0.20031331885326822,0.0
2023-07-21,105120.77114894931,-0.0004960377989603374,0.045735980544881594,2,0.40052074245885233,0.39968069787005805,0.19979855967108967,0.0
2023-07-24,104874.23821392364,-0.00214514462518552,0.04797395413406225,5,0.20132532610641254,0.5991028581510456,0.19957181574254182,0.0
2023-07-25,104930.65001527562,0.0005378995100485086,0.0474618597904376,5,0.20176638541733827,0.5976585001707211,0.2005751144119405,0.0
2023-07-26,105098.55175504347,0.0016001210298746123,0.04593768348053062,5,0.20147504276288444,0.597293208923085,0.2012317483140306,0.0
2023-07-27,103404.7310231676,-0.01611649926274652,0.06131382810133079,5,0.2034176477952449,0.5952678671387915,0.20131448506596353,0.0
2023-07-28,104092.96100741794,0.006655691450869204,0.055066222571975576,5,0.20405108785522172,0.5943693092201248,0.2015796029246534,0.0
2023-07-31,104338.28518970674,0.00236242373967736,0.05283922178324707,5,0.1999085181061568,0.6000252410329721,0.2000662408608712,0.0
2023-08-01,103036.32414674218,-0.012478267594654879,0.06465814742899723,5,0.20185526808414736,0.5976502902473567,0.2004944416684959,0.0
2023-08-02,101989.70849632839,-0.010157734751127415,0.07415910186904162,5,0.20108990311375918,0.5973234684752119,0.20158662841102887,0.0
2023-08-03,100518.53732787773,-0.014424702160057916,0.08751408107218117,5,0.20344831514245318,0.592083016385747,0.20446866847179979,0.0
2023-08-04,101554.60277995229,0.01030720780083649,0.07810889909045504,5,0.20046196713477168,0.596422655508527,0.2031153773567012,0.0
2023-08-07,101085.64394126093,-0.0046142391028946,0.08236600776153313,5,0.20268090219658227,0.596849160838274,0.20046993696514373,0.0
2023-08-08,101568.70285552228,0.0047787093738261115,0.07798090160108173,5,0.20083974359666487,0.600908900995559,0.1982513554077762,0.0
2023-08-09,101652.13605514026,0.0008214459501038561,0.07722351274678352,5,0.19933333973513873,0.603520570709801,0.1971460895550601,0.0
2023-08-10,100628.02914721154,-0.010074622606781247,0.08652013760627097,5,0.20143427830500363,0.5996260613340065,0.1989396603609899,0.0
2023-08-11,100477.3427508919,-0.0014974594811868489,0.08788803668708567,5,0.201618754591227,0.599143234198884,0.19923801120988893,0.0
2023-08-14,100290.08917715718,-0.0008645042922091,0.08958788483295066,0,0.0,0.0,0.0,1.0
2023-08-15,100327.28652361804,0.0003708975310128,0.08925021522723098,0,0.0,0.0,0.0,1.0
2023-08-16,100277.70763909507,-0.0004941714885441,0.08970028180406342,0,0.0,0.0,0.0,1.0
2023-08-17,100389.28913202276,0.0011127248074844,0.08868736872538063,0,0.0,0.0,0.0,1.0
2023-08-18,100426.4548391189,0.00037021586085,0.08834998633508984,0,0.0,0.0,0.0,1.0
2023-08-21,99709.06863669866,-0.006149548203163979,0.0948622658164987,5,0.20254683218721894,0.5956647260158543,0.2017884417969267,0.0
2023-08-22,100143.34458063137,0.004355430753395475,0.09092000109297704,5,0.20112221909769795,0.597632985417061,0.201244795485241,0.0
2023-08-23,102055.42379834763,0.019093422790335646,0.07356255232360742,5,0.19955216133080547,0.6009662484889322,0.19948159018026232,0.0
2023-08-24,101364.18870132009,-0.006773134354851748,0.0798374376280856,5,0.19812849036130833,0.6010747434977655,0.20079676614092606,0.0
2023-08-25,101678.44490996104,0.0031002685728281935,0.07698468655407065,5,0.1989085718753438,0.6011741469656741,0.19991728115898216,0.0
2023-08-28,101639.54125636037,0.0006180034420657,0.07733784565336854,0,0.0,0.0,0.0,1.0
2023-08-29,101865.4728449492,0.0022228709987874,0.07528688670879269,0,0.0,0.0,0.0,1.0
2023-08-30,101865.4728449492,0.0,0.07528688670879269,0,0.0,0.0,0.0,1.0
2023-08-31,101965.81213971594,0.0009850177097736,0.07437602791574083,0,0.0,0.0,0.0,1.0
2023-09-01,101910.47977561239,-0.0005426560426718,0.07487832335743427,0,0.0,0.0,0.0,1.0
2023-09-05,100697.82975723225,-0.01091007904626306,0.08588650250303909,5,0.20133216700343964,0.5981120911445418,0.20055574185201858,0.0
2023-09-06,100618.08494671392,-0.0007919218389371176,0.08661040894497407,5,0.20013720182448141,0.6000581956037182,0.1998046025718003,0.0
2023-09-07,100745.18390373442,0.0012631820322142261,0.08545663162514183,5,0.19927106128536393,0.6009631954397967,0.19976574327483942,0.0
2023-09-08,101014.05429972487,0.0026688163698958454,0.08301588331264331,5,0.19903993082234028,0.6016588976708082,0.1993011715068515,0.0
2023-09-11,100745.64691591999,-0.002657129106099124,0.08545242849892398,5,0.20088274594872235,0.5989147917621079,0.2002024622891697,0.0
2023-09-12,100595.14380044234,-0.0004943863815687,0.08681866379520731,0,0.0,0.0,0.0,1.0
2023-09-13,100682.18507312467,0.0008652631667289,0.08602852162044494,0,0.0,0.0,0.0,1.0
2023-09-14,100657.3327213828,-0.0002468396144145,0.08625412598775406,0,0.0,0.0,0.0,1.0
2023-09-15,100607.61746488349,-0.0004939059595084,0.08670543052040502,0,0.0,0.0,0.0,1.0
2023-09-18,100595.14380044235,-0.0001239833002256,0.0868186637952072,0,0.0,0.0,0.0,1.0
2023-09-19,100072.81970511786,-0.00419653560478158,0.09156021092442646,1,0.6012789058747253,0.39872109412527473,0.0,0.0
2023-09-20,99644.33299911623,-0.004281749102945495,0.09544992217638082,1,0.5983130166197941,0.4016869833802059,0.0,0.0
2023-09-21,97631.2951610011,-0.02020223105044018,0.11372385184526723,1,0.6005563765928752,0.39944362340712475,0.0,0.0
2023-09-22,97813.33277841391,0.001864541662718021,0.11207135304235938,1,0.5980908153755067,0.40190918462449327,0.0,0.0
2023-09-25,97091.91965753712,-0.007375406811984253,0.11862018803368668,1,0.6050685837212946,0.3949314162787054,0.0,0.0
2023-09-26,95864.60669558558,-0.01244822740411604,0.1297614742647566,3,0.798182960788658,0.20181703921134198,0.0,0.0
2023-09-27,95795.0018792454,-0.0007260741867037957,0.13039333199456804,3,0.7990817313871961,0.20091826861280387,0.0,0.0
2023-09-28,96297.57177293344,0.005246306005834683,0.12583110930949726,3,0.7995199181497866,0.20048008185021332,0.0,0.0
2023-09-29,96112.9044494185,-0.001917673728579482,0.12750748002551593,3,0.7991120238315197,0.20088797616848034,0.0,0.0
2023-10-02,95759.13571747331,-0.003680762057621127,0.1307189173885962,3,0.801745184103174,0.19825481589682603,0.0,0.0
2023-10-03,94147.04998845566,-0.0166364093669522,0.14535308902436994,1,0.6019831361593612,0.39801686384063883,0.0,0.0
2023-10-04,95088.40975884093,0.009998823866501423,0.1368076250934751,1,0.6003639265223709,0.399636073477629,0.0,0.0
2023-10-05,94877.47572202492,-0.002218293873574907,0.13872243945044682,1,0.6014720035831983,0.39852799641680176,0.0,0.0
2023-10-06,95096.83450329225,0.0023120216847886434,0.13673114705383427,1,0.6072092642931974,0.3927907357068026,0.0,0.0
2023-10-09,96343.1877974275,0.013106149123103497,0.12541701673379135,1,0.603191135320815,0.3968088646791849,0.0,0.0
2023-10-10,96438.5476884074,0.0011932273991980202,0.12455135991005717,2,0.4016027032110715,0.3989708770361676,0.19942641975276082,0.0
2023-10-11,97541.27523693684,0.011434510109923648,0.11454103358422996,2,0.3986889870266899,0.40269920167995,0.1986118112933601,0.0
2023-10-12,96179.53548061909,-0.013960651560172435,0.12690261768519095,2,0.4018687460133362,0.397321707235776,0.20080954675088786,0.0
2023-10-13,97291.67905413684,0.011563203834997381,0.11680681468568221,2,0.39529619734518984,0.39980783228588274,0.20489597036892734,0.0
2023-10-16,96973.30370585006,-0.0032723800368336057,0.11969695843397221,2,0.40076673691199494,0.3946646707235973,0.20456859236440772,0.0
2023-10-17,96347.35379053341,-0.006250816600523919,0.12537919873376324,5,0.20124879001500764,0.5971199954885635,0.2016312144964289,0.0
2023-10-18,95863.95474726787,-0.005017252931683994,0.12976739251302793,5,0.19956843106658487,0.5948511370451983,0.2055804318882168,0.0
2023-10-19,94770.26661417485,-0.011408752496977372,0.1396956609466461,5,0.20009779905496244,0.5893968682994584,0.21050533264557925,0.0
2023-10-20,94908.90984864782,0.0014629402177100265,0.1384370871295746,5,0.1973502899296885,0.5918778555760366,0.2107718544942749,0.0
2023-10-23,95483.72431194918,0.006056485784295975,0.1332190435954983,5,0.1958222125502807,0.5953822899025512,0.2087954975471682,0.0
2023-10-24,96379.9706715737,0.00979451483100258,0.12508310961965752,1,0.5986601404244243,0.4013398595755757,0.0,0.0
2023-10-25,94690.7639097092,-0.0175265332630228,0.14041736960128903,1,0.6005943927143802,0.3994056072856198,0.0,0.0
2023-10-26,94589.8742252383,-0.0010654648912443835,0.14133322471510235,1,0.5940354756029912,0.4059645243970088,0.0,0.0
2023-10-27,94172.0332503166,-0.004417396453310995,0.1451262962828218,1,0.5939666089713451,0.40603339102865493,0.0,0.0
2023-10-30,94668.55072075003,0.005272451419984248,0.14061901620975104,1,0.5979153817043503,0.40208461829564984,0.0,0.0
2023-10-31,94840.22958197072,0.0018155614087466596,0.13906055199403666,1,0.6026740460144,0.39732595398559994,0.0,0.0
2023-11-01,96266.8327353546,0.015042173133404968,0.12611015175975282,1,0.6000749934340422,0.39992500656595775,0.0,0.0
2023-11-02,98251.5745637633,0.020617088689984443,0.1080930872533068,1,0.5992208452298843,0.4007791547701156,0.0,0.0
2023-11-03,99055.63649635088,0.0081837053111629,0.10079398391439875,1,0.5997793474783154,0.4002206525216846,0.0,0.0
2023-11-06,98807.75698061321,-0.002502427166240012,0.10304418147709793,1,0.6026672211646372,0.39733277883536283,0.0,0.0
2023-11-07,99616.40349735663,0.008590164997749481,0.09570346025757259,5,0.19886097510810777,0.6036643907509182,0.19747463414097413,0.0
2023-11-08,100459.17543848921,0.00846017233652624,0.08805295568802718,5,0.1973371029432075,0.6087967606746412,0.1938661363821514,0.0
2023-11-09,98975.38683174804,-0.014770065554138357,0.10152247331441777,5,0.1987334389701308,0.6037103436651186,0.19755621736475065,0.0
2023-11-10,99403.60358854431,0.0043264974303581965,0.0976352126039779,5,0.20096514249099554,0.6044756892623321,0.19455916824667252,0.0
2023-11-13,99355.74147354839,-0.0004814927554742527,0.09806969471190419,5,0.20087033272445243,0.603392418221351,0.19573724905419645,0.0
2023-11-14,101372.67474647783,0.020707512620094917,0.07976040311365995,1,0.5992318182846306,0.40076818171536954,0.0,0.0
2023-11-15,100931.08256190336,-0.0043561263987444586,0.08376908311482656,1,0.6031276595375749,0.39687234046242514,0.0,0.0
2023-11-16,101503.31988376888,0.005669584704142685,0.07857443432299183,1,0.6004610179455326,0.3995389820544674,0.0,0.0
2023-11-17,101769.19019980656,0.002619326307180009,0.07616092009870568,1,0.5996371974518694,0.4003628025481306,0.0,0.0
2023-11-20,102487.81644975564,0.007061334069163625,0.06963738372937389,1,0.6000161082587372,0.39998389174126275,0.0,0.0
2023-11-21,102596.26158028509,0.0014587266689945,0.06865294188197979,5,0.19927341581557467,0.5988614700833271,0.20186511410109823,0.0
2023-11-22,102804.07293672499,0.0020255256209045255,0.06676647455380758,5,0.19963841852623176,0.5997631846717838,0.20059839680198435,0.0
2023-11-24,102197.91990459457,-0.0058961966662887015,0.07226900295541228,5,0.20094607960774796,0.5962161200260638,0.20283780036618823,0.0
2023-11-27,103318.4143008094,0.01096396479753052,0.062097392962237485,5,0.1984088345008366,0.5996012908520768,0.20198987464708654,0.0
2023-11-28,103739.06285948967,0.00407138032002273,0.05827883474584594,5,0.19779995491755856,0.5983472334525202,0.2038528116299212,0.0
2023-11-29,104175.01460790633,0.00460644032686674,0.05432135742537325,1,0.5968287675147464,0.4031712324852534,0.0,0.0
2023-11-30,103934.65430405285,-0.0023072740115099195,0.05650329718062552,1,0.6005643622883896,0.3994356377116104,0.0,0.0
2023-12-01,105085.84380746228,0.011076089213148548,0.04605304352788675,1,0.5974993462004184,0.4025006537995816,0.0,0.0
2023-12-04,104587.92370856428,-0.0047382223985400415,0.05057305636406206,1,0.5971923313697983,0.4028076686302016,0.0,0.0
2023-12-05,105480.78507138534,0.008536945099981458,0.04246785066979886,1,0.5920206443198981,0.40797935568010185,0.0,0.0
2023-12-06,105349.48209405488,-0.0002450497527286,0.043659791192535824,0,0.0,0.0,0.0,1.0
2023-12-07,105426.92694412424,0.0007351232158903,0.04295676330275211,0,0.0,0.0,0.0,1.0
2023-12-08,105194.58153056224,-0.0022038526617126,0.045065945587321465,0,0.0,0.0,0.0,1.0
2023-12-11,105220.37113275955,0.0002451609372087,0.04483183305956906,0,0.0,0.0,0.0,1.0
2023-12-12,105233.28766056604,0.0001227569116839,0.04471457956525671,0,0.0,0.0,0.0,1.0
2023-12-13,107372.29035153764,0.02134764114126468,0.025297167733111192,5,0.19852007713096956,0.6012420230049735,0.2002378998640569,0.0
2023-12-14,109246.0706616284,0.017451246536289784,0.008287388307601895,5,0.1957412713683561,0.6063015234615929,0.1979572051700509,0.0
2023-12-15,109086.186314846,-0.0014635249196066217,0.009738784427901992,5,0.1957053974699631,0.6078644940527838,0.19643010847725317,0.0
2023-12-18,108775.34398962338,-0.0028495113425770525,0.01256054499378878,5,0.19736866174432677,0.604744478385926,0.19788685986974702,0.0
2023-12-19,109407.01968676255,0.005807158809807452,0.006826327263497967,5,0.1974223606445902,0.604492700876782,0.19808493847862776,0.0
2023-12-20,109444.72144093811,0.0013459468168846,0.006484078751744726,0,0.0,0.0,0.0,1.0
2023-12-21,109551.6963838527,0.0009774335528125,0.005512982955063306,0,0.0,0.0,0.0,1.0
2023-12-22,109591.80778113304,0.0003661412703259,0.005148860215319795,0,0.0,0.0,0.0,1.0
2023-12-26,109538.32591809258,-0.0004880096799504,0.005634357201644513,0,0.0,0.0,0.0,1.0
2023-12-27,109672.04179252742,0.0012207222751863,0.004420512911800456,0,0.0,0.0,0.0,1.0
2023-12-28,109658.6713267673,-0.0001219131653025,0.004541887158381663,0,0.0,0.0,0.0,1.0
2023-12-29,109712.15318980775,0.0004877121197381,0.004056390172057167,0,0.0,0.0,0.0,1.0
2024-01-02,109578.44853220662,-0.0012186859314466,0.005270132637868685,0,0.0,0.0,0.0,1.0
2024-01-03,109605.16703005947,0.0002438298608051,0.0050275877927710155,0,0.0,0.0,0.0,1.0
2024-01-04,109538.32591809261,-0.0006098354099359,0.00563435720164418,0,0.0,0.0,0.0,1.0
2024-01-05,109511.5737697387,-0.0002442263758342,0.005877207518838912,0,0.0,0.0,0.0,1.0
2024-01-08,109605.16703005949,0.0008546426382072,0.0050275877927709045,0,0.0,0.0,0.0,1.0
2024-01-09,109631.9303952471,0.0002441797764904,0.004784635651543856,0,0.0,0.0,0.0,1.0
2024-01-10,109631.9303952471,0.0,0.004784635651543856,0,0.0,0.0,0.0,1.0
2024-01-11,109886.01411202403,0.0023176068857029,0.002478117670372426,0,0.0,0.0,0.0,1.0
2024-01-12,110113.36811411443,0.0020689985338682,0.000414246358330983,0,0.0,0.0,0.0,1.0
2024-01-16,109939.51840873188,-0.0015788247000345,0.001992417035983074,0,0.0,0.0,0.0,1.0
2024-01-17,109725.5460892353,-0.0019462730289674,0.003934812277410771,0,0.0,0.0,0.0,1.0
2024-01-18,109779.06160277683,0.0004877215511691,0.0034490098189891016,0,0.0,0.0,0.0,1.0
2024-01-19,109698.82759138245,-0.0007308680746852,0.0041773571225084405,0,0.0,0.0,0.0,1.0
2024-01-22,109859.90251686465,0.0024708085202248204,0.0027151531818021546,2,0.3998577827810048,0.4013888900584298,0.1987533271605653,0.0
2024-01-23,109723.73468628147,-0.0012394679720590263,0.003951255808453014,2,0.4015215805487656,0.39870251074831264,0.19977590870292183,0.0
2024-01-24,109334.8903911096,-0.003543848523600192,0.007481101679990054,2,0.4033901026410328,0.39777688462896926,0.19883301272999795,0.0
2024-01-25,109945.27093046518,0.005582669330642218,0.0019401968662561275,2,0.4033324321739895,0.398153429475539,0.19851413835047135,0.0
2024-01-26,109789.90589522624,-0.001413112487004549,0.003350567636841717,2,0.4033901007780249,0.39795294266523307,0.19865695655674206,0.0
2024-01-29,109786.98908459354,0.0009744072049753,0.003377045823863334,0,0.0,0.0,0.0,1.0
2024-01-30,109720.16539347814,-0.0006086667616316,0.003983657089949522,0,0.0,0.0,0.0,1.0
2024-01-31,109920.50203525799,0.0018258871654213,0.0021650436328802813,0,0.0,0.0,0.0,1.0
2024-02-01,110083.94841470037,0.0014869508091397,0.000681312137122192,0,0.0,0.0,0.0,1.0
2024-02-02,109735.63622624101,-0.0031640597332794,0.0038432161581026802,0,0.0,0.0,0.0,1.0
2024-02-05,109521.32990418944,-0.0019529327884858,0.005788643403740079,0,0.0,0.0,0.0,1.0
2024-02-06,109695.46359315807,0.0015899522871112,0.004207894783447852,0,0.0,0.0,0.0,1.0
2024-02-07,109655.25735218353,-0.0003665260135429,0.004572878494090382,0,0.0,0.0,0.0,1.0
2024-02-08,109628.51667310685,-0.0002438613498558,0.004815624695623799,0,0.0,0.0,0.0,1.0
2024-02-09,109588.29922950178,-0.0003668520274245,0.005180710101365449,0,0.0,0.0,0.0,1.0
2024-02-12,109601.67517035537,0.0001220562865529,0.005059286153049181,0,0.0,0.0,0.0,1.0
2024-02-13,109253.4301976792,-0.0031773690697236,0.008220580003435174,0,0.0,0.0,0.0,1.0
2024-02-14,109414.16554053315,0.0014712155267173,0.006761458721657565,0,0.0,0.0,0.0,1.0
2024-02-15,109521.32990418948,0.0009794377458065,0.005788643403739635,0,0.0,0.0,0.0,1.0
2024-02-16,109387.38005093434,-0.0012230480891011,0.00700461170358746,0,0.0,0.0,0.0,1.0
2024-02-20,109454.34937624664,0.0006122216775017,0.006396678401213163,0,0.0,0.0,0.0,1.0
2024-02-21,109360.58335870501,-0.0008566678078668,0.0072478663806162524,0,0.0,0.0,0.0,1.0
2024-02-22,109347.17380995982,-0.0001226177506864,0.007369595414229768,0,0.0,0.0,0.0,1.0
2024-02-23,109400.76719441851,0.0004901213501122,0.006883086060171739,0,0.0,0.0,0.0,1.0
2024-02-26,109320.4219282526,-0.0007344122735732,0.007612443310862305,0,0.0,0.0,0.0,1.0
2024-02-27,108766.34828659825,-0.00407241767175422,0.012642206074018225,5,0.20119088294370407,0.5982047087303652,0.2006044083259306,0.0
2024-02-28,109189.97770698041,0.003894857435738189,0.008796588228611402,5,0.20014544290532832,0.5996670592344114,0.20018749786026016,0.0
2024-02-29,109843.22143351022,0.005982634489429462,0.002866580511307837,5,0.19967041664108878,0.6003077241582885,0.20002185920062276,0.0
2024-03-01,110875.49278415374,0.009397679139157216,0.0,5,0.19966853046429467,0.598424495681665,0.20190697385404038,0.0
2024-03-04,110946.95867987383,0.0006445598925923251,0.0,5,0.19932592864397972,0.5956334138361392,0.20504065751988096,0.0
2024-03-05,111806.25785655169,0.007750214758514899,0.0,5,0.19647842396510415,0.6038649295899283,0.1996566464449675,0.0
2024-03-06,112497.15364665614,0.006179401791542708,0.0,5,0.19626125275834427,0.6036780963522348,0.200060650889421,0.0
2024-03-07,112780.56891748322,0.0025193105926687343,0.0,5,0.19771134639720658,0.6015964951934867,0.20069215840930668,0.0
2024-03-08,112717.75048116033,-0.0005569969802941249,0.0005569969802940999,5,0.19663414215964425,0.6008645467365292,0.2025013111038264,0.0
2024-03-11,112705.22514114848,-0.00011112127378687625,0.0006680563598669975,5,0.19648689765662672,0.6006176512569367,0.20289545108643667,0.0
2024-03-12,112482.31196126592,-0.0009788212824762,0.0026445775108256964,0,0.0,0.0,0.0,1.0
2024-03-13,112427.19649672045,-0.0004899922804258,0.0031332739686861233,0,0.0,0.0,0.0,1.0
2024-03-14,112330.80761322712,-0.0008573448996049,0.003987932571834829,0,0.0,0.0,0.0,1.0
2024-03-15,112261.86159025882,-0.0006137766159903,0.004599261488066442,0,0.0,0.0,0.0,1.0
2024-03-18,112275.65768715735,0.0001228921087099,0.004476934592299253,0,0.0,0.0,0.0,1.0
2024-03-19,112724.97479354731,0.0050069171766734,0.0004929406232786482,3,0.800437993138988,0.19956200686101197,0.0,0.0
2024-03-20,113552.2563714364,0.007338937794434739,0.0,3,0.8019558673927224,0.19804413260727746,0.0,0.0
2024-03-21,113901.63224811322,0.0030767849784861046,0.0,3,0.8021382546310003,0.19786174536899967,0.0,0.0
2024-03-22,113943.88293137832,0.0003709401035891362,0.0,3,0.8003206312580424,0.19967936874195766,0.0,0.0
2024-03-25,113578.15495912853,-0.0032097201081873698,0.0032097201081873195,3,0.8006794838367965,0.19932051616320345,0.0,0.0
2024-03-26,113492.2703212351,0.0002440719195868,0.003963465159557478,0,0.0,0.0,0.0,1.0
2024-03-27,113617.26162986443,0.0011013200130329,0.002866510190025706,0,0.0,0.0,0.0,1.0
2024-03-28,113547.85417384063,-0.0006108883019017,0.0034756473743851046,0,0.0,0.0,0.0,1.0
2024-04-01,113311.02366167674,-0.0020857330496208,0.005554131151408237,0,0.0,0.0,0.0,1.0
2024-04-02,113366.711712298,0.0004914618968365,0.005065398898402629,0,0.0,0.0,0.0,1.0
2024-04-03,113318.13703282771,0.00057209817724744,0.005491702428005341,1,0.600315609175902,0.39968439082409807,0.0,0.0
2024-04-04,112812.65529121007,-0.004460731131427015,0.009927936551447192,1,0.5956451516441262,0.4043548483558738,0.0,0.0
2024-04-05,112879.7116245377,0.0005944043525483382,0.009339433407596909,1,0.601510230823131,0.3984897691768691,0.0,0.0
2024-04-08,112912.7623212058,0.00029279572203402425,0.009049372231710873,1,0.6016704974529341,0.39832950254706584,0.0,0.0
2024-04-09,113409.71947753121,0.004401248770371168,0.004687951999747142,1,0.5997269577181359,0.40027304228186417,0.0,0.0
2024-04-10,111739.69655603023,-0.014725302377295661,0.01934449062680743,1,0.6028694639182197,0.39713053608178034,0.0,0.0
2024-04-11,112046.42462365868,0.0027450232735744665,0.016652568430219006,1,0.6057564588613638,0.3942435411386362,0.0,0.0
2024-04-12,111345.67638720326,-0.006254088328200473,0.022802510124565467,1,0.6011548971492865,0.39884510285071345,0.0,0.0
2024-04-15,109818.49749307644,-0.013715655099314886,0.03620541385961329,1,0.601878726285831,0.39812127371416917,0.0,0.0
2024-04-16,109407.76258650055,-0.0037401249876121948,0.039810126074162344,1,0.6030363840368462,0.3969636159631538,0.0,0.0
2024-04-17,109801.28666136213,0.004001506119666419,0.03635646042105689,5,0.19802395829161648,0.60424093051631,0.1977351111920734,0.0
2024-04-18,109496.31261245499,-0.002777508881546279,0.03903298891088203,5,0.19816690595883607,0.6028700055051152,0.19896308853604883,0.0
2024-04-19,109612.92472225585,0.0010649866376193332,0.03800957188487908,5,0.19622825840707128,0.6043979236054997,0.19937381798742895,0.0
2024-04-22,109159.69272870639,-0.00413484080182958,0.04198724915801899,5,0.1988575702242422,0.6058862885827353,0.19525614119302245,0.0
2024-04-23,109387.17299997783,0.0020839218724881875,0.03999082543241683,5,0.20079889188591735,0.6048300900205827,0.19437101809349988,0.0
2024-04-24,108871.04004902238,-0.00471280224411076,0.04452053723156868,5,0.20085165604636207,0.5985751000642332,0.20057324388940467,0.0
2024-04-25,108461.15976692116,-0.003764823794432951,0.048117749048091296,5,0.2008447862482846,0.5966233609916499,0.20253185276006552,0.0
2024-04-26,109077.84085725194,0.005685732032148534,0.042705601643020286,5,0.20160131700627887,0.5963589802896581,0.2020397027040631,0.0
2024-04-29,109656.47438368225,0.005304776129439209,0.037627369169770386,5,0.20124769942951995,0.5981869388978721,0.20056536167260802,0.0
2024-04-30,108308.14399395589,-0.012295948755461673,0.04946065372211783,5,0.2005253505099139,0.6004609125354051,0.1990137369546809,0.0
2024-05-01,108913.01287711572,0.00558569538574376,0.044152173199963674,5,0.198243243558437,0.6010653271669296,0.20069142927463332,0.0
2024-05-02,109328.38476555583,0.0038137948576336643,0.04050676567343359,5,0.19933725804769878,0.6013509987697465,0.19931174318255457,0.0
2024-05-03,110246.42168613622,0.00839705921338753,0.03244984416994867,5,0.20012763854212065,0.6023779667572801,0.19749439470059935,0.0
2024-05-06,110962.00198920137,0.006490734956480853,0.026169732551353908,5,0.2008903894744036,0.600824911905907,0.19828469861968942,0.0
2024-05-07,111291.93313549383,0.002973370526647176,0.023274174336165077,5,0.20051586087271495,0.6026967367103073,0.1967874024169778,0.0
2024-05-08,110823.53327130004,-0.0042055503795145515,0.027384968633704432,5,0.2008640645367054,0.5988819696954613,0.20025396576783325,0.0
2024-05-09,111625.75083619928,0.0072386932740664,0.02034450674789723,5,0.20056954259892062,0.5974786301483929,0.2019518272526865,0.0
2024-05-10,111462.16889268419,-0.001465449883110995,0.021780142775972622,5,0.20112266938299025,0.5949883774092535,0.20388895320775624,0.0
2024-05-13,111379.87189800708,-0.0007383401515930312,0.022502401773646707,5,0.20129829616919817,0.5969477728216113,0.2017539310091906,0.0
2024-05-14,112048.1913525948,0.006000361135266124,0.016637063175433342,5,0.2010156943681225,0.596736682532799,0.20224762309907854,0.0
2024-05-15,112142.46430588955,0.0018432039805957,0.015809700171212082,0,0.0,0.0,0.0,1.0
2024-05-16,112059.95635822338,-0.000735742238026,0.01653381054505154,0,0.0,0.0,0.0,1.0
2024-05-17,111991.20163426017,-0.000613553013919,0.01713721918967892,0,0.0,0.0,0.0,1.0
2024-05-20,111963.69518685427,-0.0002456125749568,0.01737862264810308,0,0.0,0.0,0.0,1.0
2024-05-21,112018.69668711453,0.0004912440605722,0.016895915732687672,0,0.0,0.0,0.0,1.0
2024-05-22,111936.14316124222,-0.0007369620278916,0.01762042611225778,0,0.0,0.0,0.0,1.0
2024-05-23,111881.15305553349,-0.0004912631805575,0.01810303302624061,0,0.0,0.0,0.0,1.0
2024-05-24,111922.40133209081,0.0003686794015864,0.01774102784003706,0,0.0,0.0,0.0,1.0
2024-05-28,111826.09458251555,-0.000860477870641,0.01858623994881925,0,0.0,0.0,0.0,1.0
2024-05-29,111784.82351685516,-0.0003690647144073,0.01894844513788807,0,0.0,0.0,0.0,1.0
2024-05-30,111296.27191327124,-0.0033738383451864407,0.023236096137794315,3,0.7973833323991906,0.20261666760080937,0.0,0.0
2024-05-31,112257.69577298829,0.008638419267684421,0.014798400010692325,3,0.7977546820454379,0.20224531795456205,0.0,0.0
2024-06-03,112697.92189051937,0.00392156737673768,0.010934865556664564,3,0.7952862751183986,0.20471372488160147,0.0,0.0
2024-06-04,113067.61514524183,0.0032803910535421756,0.007690345138266164,3,0.7935720907558571,0.20642790924414287,0.0,0.0
2024-06-05,114305.29043381357,0.01094632876957638,0.0,3,0.7943089764605992,0.20569102353940086,0.0,0.0
2024-06-06,114205.01443003179,0.0001228580928207,0.0008772647652720567,0,0.0,0.0,0.0,1.0
2024-06-07,113910.61934140047,-0.0025777772552333,0.0034527806273466632,0,0.0,0.0,0.0,1.0
2024-06-10,113924.61390209544,0.0001228556281749,0.0033303491927046958,0,0.0,0.0,0.0,1.0
2024-06-11,114050.77330409257,0.0011073937200747,0.002226643480411572,0,0.0,0.0,0.0,1.0
2024-06-12,114205.0144300318,0.0013523900055283,0.0008772647652719456,0,0.0,0.0,0.0,1.0
2024-06-13,114387.23310204195,0.0015955400287768,0.0,0,0.0,0.0,0.0,1.0
2024-06-14,114401.22766273693,0.0001223437294133,0.0,0,0.0,0.0,0.0,1.0
2024-06-17,114289.07439675381,-0.0009803501961863,0.0009803501961862526,0,0.0,0.0,0.0,1.0
2024-06-18,114443.29237205502,0.0013493676111666,0.0,0,0.0,0.0,0.0,1.0
2024-06-20,114401.22766273697,-0.0003675594125805,0.0003675594125804871,0,0.0,0.0,0.0,1.0
2024-06-21,114443.29237205502,0.0003676945621777,0.0,0,0.0,0.0,0.0,1.0
2024-06-24,114457.33323402605,0.0001226883784974,0.0,0,0.0,0.0,0.0,1.0
2024-06-25,114471.32779472102,0.000122268799207,0.0,0,0.0,0.0,0.0,1.0
2024-06-26,114359.20925469496,-0.0009794464883566,0.0009794464883565723,0,0.0,0.0,0.0,1.0
2024-06-27,114443.292372055,0.00073525444875,0.0002449121819945166,0,0.0,0.0,0.0,1.0
2024-06-28,113208.04882593507,-0.0098033021653766,0.0110357675858479,1,0.6035558007734528,0.3964441992265473,0.0,0.0
2024-07-01,112574.08023272379,-0.005600031091305623,0.01657399803555626,1,0.6082038936495435,0.3917961063504564,0.0,0.0
2024-07-02,113378.24199575103,0.007143400695477971,0.009548992049172256,1,0.6079540411431165,0.3920459588568835,0.0,0.0
2024-07-03,114269.6093686347,0.007861890934215486,0.0017621742489791759,1,0.6059036387014335,0.3940963612985665,0.0,0.0
2024-07-05,115041.68544895759,0.006756617832062135,0.0,1,0.6053077390913832,0.3946922609086168,0.0,0.0
2024-07-08,115220.136762528,0.00155650427531196,0.0,1,0.5997587282594831,0.4002412717405169,0.0,0.0
2024-07-09,115083.50604255362,-0.0011858232754572468,0.0011858232754572429,1,0.6010546766435775,0.3989453233564225,0.0,0.0
2024-07-10,115912.16484060496,0.0072005001111535225,0.0,1,0.6026628760791857,0.3973371239208143,0.0,0.0
2024-07-11,115757.27464538174,-0.0013362721284363587,0.0013362721284364554,1,0.5982658890110976,0.4017341109889024,0.0,0.0
2024-07-12,116392.94572982877,0.005491413705051173,0.0,1,0.5987514002685026,0.4012485997314973,0.0,0.0
2024-07-15,116276.55278409895,0.0,0.0009999999999998899,0,0.0,0.0,0.0,1.0
2024-07-16,116319.08876301153,0.000365817337151,0.0006345484801860701,0,0.0,0.0,0.0,1.0
2024-07-17,116333.27520670596,0.0001219614411125,0.0005126644295206928,0,0.0,0.0,0.0,1.0
2024-07-18,116276.55278409897,-0.000487585538241,0.0009999999999997788,0,0.0,0.0,0.0,1.0
2024-07-19,116219.78365715059,-0.0004882250599034,0.0014877368348432674,0,0.0,0.0,0.0,1.0
2024-07-22,116993.69399393593,0.00766669076077954,0.0,3,0.8020983524732469,0.19790164752675304,0.0,0.0
2024-07-23,116814.01890260814,-0.0015357673152632118,0.0015357673152631701,3,0.8020720513984095,0.19792794860159055,0.0,0.0
2024-07-24,114440.80384382007,-0.020316183631749536,0.021820750016220303,3,0.8001511725196915,0.1998488274803085,0.0,0.0
2024-07-25,114151.12013747475,-0.00253129737484776,0.02429681258383476,3,0.7980021182864545,0.2019978817135454,0.0,0.0
2024-07-26,115351.24699055664,0.010513491690984372,0.014038765230068084,3,0.7985439008541861,0.20145609914581383,0.0,0.0
2024-07-29,115617.06551975418,0.0025034679591077603,0.011766689529891239,1,0.5988536081164286,0.4011463918835714,0.0,0.0
2024-07-30,115444.8713702272,-0.0014893489015041237,0.01323851372526963,1,0.5967081212186172,0.40329187878138284,0.0,0.0
2024-07-31,117040.84598847269,0.013824560582923142,0.0,1,0.5981384508024101,0.4018615491975899,0.0,0.0
2024-08-01,116455.13574258867,-0.0050043234132270895,0.005004323413227096,1,0.5926339541664729,0.4073660458335271,0.0,0.0
2024-08-02,116648.48088537283,0.0016602543249919287,0.0033523775378255793,1,0.5806360715400838,0.41936392845991627,0.0,0.0
2024-08-05,116503.67674270418,-0.000241613481933,0.00458958785910879,0,0.0,0.0,0.0,1.0
2024-08-06,116362.69030158565,-0.0012101458517047,0.005794179640104757,0,0.0,0.0,0.0,1.0
2024-08-07,116292.20286247645,-0.0006057563547776,0.006396426133744582,0,0.0,0.0,0.0,1.0
2024-08-08,116235.78747280884,-0.0004851175597244,0.006878440674832009,0,0.0,0.0,0.0,1.0
2024-08-09,116264.01251199281,0.000242825723451,0.006637285213714095,0,0.0,0.0,0.0,1.0
2024-08-12,116813.2384723812,0.00547806352323495,0.001944684474631253,4,0.24876858117724523,0.24954199614904352,0.25290076001413664,0.24878866265957464
2024-08-13,117493.80964918029,0.005826147666987281,0.0,4,0.2513950677906987,0.2498171662081751,0.25105056760325295,0.24773719839787325
2024-08-14,117526.9570454632,0.00028212036346331616,0.0,4,0.25211703655831685,0.25131269107388465,0.24893283260129112,0.24763743976650734
2024-08-15,117817.86970484504,0.002475284536374933,0.0,4,0.25580520199230705,0.2486690125017484,0.24909760670719025,0.2464281787987544
2024-08-16,118676.76244432606,0.007290003983544187,0.0,4,0.25452324013166766,0.24773378848050334,0.25283119835060974,0.24491177303721917
2024-08-19,119151.67008456153,0.0043554907289685,0.0,5,0.2010366502116528,0.6001568541662339,0.19880649562211347,0.0
2024-08-20,119769.46858378737,0.005184975575981457,0.0,5,0.1996744453221296,0.6018186946682987,0.19850686000957168,0.0
2024-08-21,119863.78756466058,0.0007875043781064417,0.0,5,0.20020300239557748,0.6017108635870653,0.19808613401735736,0.0
2024-08-22,118675.20471944076,-0.009916112859178892,0.009916112859178927,5,0.2006210654328778,0.601704724448268,0.19767421011885428,0.0
2024-08-23,119666.73462744975,0.00835498797202876,0.0016439738908177182,5,0.20107275866154412,0.6006260212641863,0.19830122007426965,0.0
2024-08-26,119558.44177861359,-0.000554522063208975,0.0025474398252456343,4,0.2495424525551093,0.24950319852839156,0.25093648433641136,0.2500178645800877
2024-08-27,119646.99463054004,0.0007406658250901455,0.0018086608017754413,4,0.24970017539609793,0.2488866052797989,0.25142946179951203,0.2499837575245911
2024-08-28,119222.08111971771,-0.0035513930971222446,0.0053536306334113215,4,0.24913534177146673,0.24946772366378808,0.25055251205318124,0.25084442251156386
2024-08-29,119278.52327418869,0.00047342030889642396,0.004882744841983033,4,0.24903971827340296,0.24853418932173527,0.25173069361680744,0.2506953987880542
2024-08-30,119032.01531997033,-0.002066658334222436,0.006939312210883952,4,0.25193773898477984,0.24639322518294474,0.25045446235226065,0.25121457348001486
2024-09-03,118808.96744738339,-0.0018702477081575756,0.008800156733810627,4,0.24531401298022573,0.2545648853435423,0.24938551854752267,0.2507355831287093
2024-09-04,119222.1021613069,0.0034773024528346,0.005353455087572012,4,0.24396358915336122,0.25695274182212363,0.24867241740601437,0.25041125161850075
2024-09-05,119582.47484604214,0.003022700306421891,0.002346936671483779,4,0.2426368072299892,0.25762728500200066,0.24998879112045477,0.24974711664755536
2024-09-06,118923.85158141072,-0.005507690533076568,0.007841701003673096,4,0.2398743334051019,0.2590280801697331,0.24951245387349197,0.2515851325516729
2024-09-09,119504.70667610831,0.004884260701058424,0.0029957412146564,4,0.24138108714059547,0.25888238395143137,0.24934401117987326,0.25039251772809984
2024-09-10,120017.66049848631,0.004301646345166,0.0,4,0.25001345221272303,0.2506718700108126,0.25002550308968746,0.24928917468677686
2024-09-11,120228.65351933258,0.0017580164449960628,0.0,4,0.2521350734702168,0.25003313358203827,0.2491897438705928,0.2486420490771522
2024-09-12,120873.4728400736,0.005363274908816459,0.0,4,0.2529024527395255,0.2475375277695085,0.2522146345807287,0.24734538491023736
2024-09-13,121460.16306875512,0.0048537550456397216,0.0,4,0.25299535834619374,0.2470060458984216,0.2534921882055538,0.24650640754983089
2024-09-16,121795.8550891481,0.0027638034719493967,0.0,4,0.2526706538317241,0.2485821804626842,0.2527723456111333,0.24597482009445834
2024-09-17,121616.25028778991,-0.0007211566330591,0.0014746380427045347,0,0.0,0.0,0.0,1.0
2024-09-18,121572.37841533033,-0.000360740216507,0.0018348462979647095,0,0.0,0.0,0.0,1.0
2024-09-19,121674.7580751829,0.000842129282877,0.0009942621928846762,0,0.0,0.0,0.0,1.0
2024-09-20,121718.61799019566,0.0003604684793017,0.0006341521137636086,0,0.0,0.0,0.0,1.0
2024-09-23,121718.61799019566,0.0,0.0006341521137636086,0,0.0,0.0,0.0,1.0
2024-09-24,121870.30730951692,0.0022484778701022602,0.0,3,0.8004891329473234,0.19951086705267657,0.0,0.0
2024-09-25,121453.0461112571,-0.003423813457695561,0.0034238134576956014,3,0.8014677580922291,0.19853224190777086,0.0,0.0
2024-09-26,121895.65764938357,0.003644301664702659,0.0,3,0.8017236073768782,0.19827639262312172,0.0,0.0
2024-09-27,121879.62422546757,-0.00013153400396033254,0.0001315340039603763,3,0.8006661902725702,0.1993338097274297,0.0,0.0
2024-09-30,122154.84527466631,0.0022581383143222963,0.0,3,0.8020636220020148,0.19793637799798525,0.0,0.0
2024-10-01,121455.52021369642,-0.005722854632552599,0.005724906444745992,3,0.7973965013924601,0.2026034986075399,0.0,0.0
2024-10-02,121289.01159388523,-0.001370943202237635,0.007088001125409749,3,0.7988281221351248,0.20117187786487525,0.0,0.0
2024-10-03,120882.04672308959,-0.003355331743969397,0.010419550274201717,3,0.8000523379335593,0.19994766206644057,0.0,0.0
2024-10-04,121463.56390945305,0.004810616647611662,0.005659058088599789,3,0.8034573638231899,0.1965426361768101,0.0,0.0
2024-10-07,120401.42356359742,-0.008744518205043034,0.014354090557163746,3,0.803217645472975,0.19678235452702492,0.0,0.0
2024-10-08,121352.6125366941,0.00790339030779658,0.00656734275393156,3,0.8012334923240895,0.19876650767591064,0.0,0.0
2024-10-09,121888.96320029696,0.0044197702248948,0.002176598674997421,3,0.8032331172367985,0.19676688276320153,0.0,0.0
2024-10-10,121623.68152375921,-0.0021764208142603936,0.004348282294597272,3,0.8035764368286645,0.19642356317133552,0.0,0.0
2024-10-11,122112.44548237263,0.00401865781803291,0.0003470987352024446,3,0.8051528067152544,0.19484719328474567,0.0,0.0
2024-10-14,122934.31787476595,0.006730455598909067,0.0,3,0.8063108727687184,0.19368912723128165,0.0,0.0
2024-10-15,122870.95961951434,0.0004851021208107,0.0005153829813100419,0,0.0,0.0,0.0,1.0
2024-10-16,122945.36905440706,0.0006055900851034,0.0,0,0.0,0.0,0.0,1.0
2024-10-17,122841.20797423448,-0.0008472143438479,0.0008472143438479351,0,0.0,0.0,0.0,1.0
2024-10-18,122945.36905440703,0.0008479327246146,2.220446049250313e-16,0,0.0,0.0,0.0,1.0
2024-10-21,122766.75002463277,-0.0014528325153525,0.0014528325153527755,0,0.0,0.0,0.0,1.0
2024-10-22,123015.4244108548,0.0027776674268406003,0.0,4,0.24917507958028878,0.24955079223579762,0.251996867416794,0.24927726076711978
2024-10-23,122260.04771952234,-0.006140503883558623,0.006140503883558579,4,0.248423695795637,0.25041263646832435,0.25049835119040736,0.2506653165456313
2024-10-24,122772.41879285894,0.004190829979978727,0.001975407711347299,4,0.24792198830883475,0.2509655412785108,0.2513720424801104,0.24974042793254397
2024-10-25,122641.317452274,-0.001067840333146195,0.0030411386244649785,4,0.2481013407957999,0.24982390340513919,0.25215837435027577,0.24991638144878517
2024-10-28,122638.58593001342,-2.227244714365425e-05,0.0030633433380092834,4,0.24887381825781069,0.2491515755681513,0.25217393955669576,0.24980066661734232
2024-10-29,122770.76664953433,0.00158057495869248,0.001988838086704914,1,0.6000226470061899,0.39997735299381004,0.0,0.0
2024-10-30,122691.99241303024,-0.0006416367564841608,0.0026291987315699705,1,0.5985915955968204,0.4014084044031796,0.0,0.0
2024-10-31,121332.30523636915,-0.011082118318560116,0.01368217995870391,1,0.5934337283974648,0.4065662716025351,0.0,0.0
2024-11-01,120940.74539365465,-0.0032271689056900628,0.01686519415866905,1,0.5978677884850867,0.40213221151491335,0.0,0.0
2024-11-04,121539.87553712289,0.004953914758157931,0.011994828134753055,1,0.5936391425519343,0.40636085744806566,0.0,0.0
2024-11-05,122819.36302760497,0.010735882566105722,0.00159379512113067,3,0.8010733103759659,0.1989266896240342,0.0,0.0
2024-11-06,124596.65052586379,0.014470743492289165,0.0,3,0.8092813968335295,0.19071860316647046,0.0,0.0
2024-11-07,125674.00970786011,0.00864677483262425,0.0,3,0.8085475679393425,0.1914524320606576,0.0,0.0
2024-11-08,126419.76820200069,0.005934070981535094,0.0,3,0.8072597113500702,0.19274028864992976,0.0,0.0
2024-11-11,126398.4628286201,-0.000168528812254548,0.00016852881225459804,3,0.8081650526472108,0.19183494735278916,0.0,0.0
2024-11-12,125452.88746745646,-0.006926609846199725,0.007648176770893134,4,0.2509617560871321,0.24796917814679495,0.24957084105007235,0.25149822471600064
2024-11-13,124903.66379976009,-0.0043779276729588555,0.011992621279118931,4,0.2521877250604774,0.24669698402757634,0.24814120541802726,0.252974085493919
2024-11-14,124752.46718376223,-0.0012105058522564008,0.013188609993132983,4,0.25086981160071087,0.24842620624181977,0.24779372558445786,0.25291025657301147
2024-11-15,124249.1248028229,-0.004034728869914124,0.017170126397553664,4,0.2486597854425008,0.24876981612137866,0.24835666972054588,0.2542137287155747
2024-11-18,125040.65136938552,0.006370480016005993,0.010909028328635606,4,0.24809814220044754,0.24763413075051496,0.2514784363927964,0.2527892906562411
2024-11-19,125506.53064868202,0.00423222445731648,0.007223850876387106,1,0.5996553449614657,0.4003446550385344,0.0,0.0
2024-11-20,125371.38495401446,-0.0010768020912462542,0.008292874309902776,1,0.600505213371536,0.39949478662846405,0.0,0.0
2024-11-21,125736.75083319737,0.0029142685096516436,0.0054027734627069,1,0.601974494831274,0.3980255051687261,0.0,0.0
2024-11-22,125999.05942315278,0.0020861728032354207,0.0033278717785313328,1,0.6025832216732692,0.3974167783267308,0.0,0.0
2024-11-25,127552.92962039326,0.012332395212745135,0.0,1,0.5972615814051268,0.40273841859487314,0.0,0.0
2024-11-26,127754.08877394586,0.0015798069027704198,0.0,1,0.6021814979223098,0.3978185020776902,0.0,0.0
2024-11-27,127873.12635318775,0.0009317711893553349,0.0,1,0.599798022683312,0.40020197731668805,0.0,0.0
2024-11-29,128877.78285863853,0.007856666479522004,0.0,1,0.5988192745123734,0.4011807254876267,0.0,0.0
2024-12-02,129140.33694454891,0.0020372331063327853,0.0,1,0.598672980179037,0.401327019820963,0.0,0.0
2024-12-03,128728.96661088099,-0.003185451915341912,0.003185451915341919,1,0.6008646955868915,0.3991353044131085,0.0,0.0
2024-12-04,129342.8512350559,0.00527145070411695,0.0,4,0.2502332594173734,0.2513614771546818,0.24944349088614426,0.24896177254180055
2024-12-05,129116.58324274051,-0.0017493660465562719,0.0017493660465562888,4,0.2502592870208884,0.2523105726238926,0.24803207931335494,0.24939806104186418
2024-12-06,129269.45298197794,0.001183966732995288,0.0005674705047639117,4,0.25043716718047637,0.2523865375251124,0.24783056911297136,0.24934572618143974
2024-12-09,129108.05894551176,-0.0012485086982511862,0.001815270711153949,4,0.2494589236158306,0.25037289976363436,0.25060186544825774,0.2495663111722772
2024-12-10,129277.84451363054,0.0013150656086498705,0.0005025923025867574,4,0.2483567525530564,0.24886764851561474,0.2535674089437257,0.2492081899876032
2024-12-11,129149.38897051511,-0.0002430299253736,0.001495732177646314,0,0.0,0.0,0.0,1.0
2024-12-12,129086.51033282989,-0.0004868674810345,0.001981871435323246,0,0.0,0.0,0.0,1.0
2024-12-13,129023.6444158887,-0.0004870060921091,0.0024679123439694806,0,0.0,0.0,0.0,1.0
2024-12-16,129039.36725549602,0.0001218601418251,0.0023463529422925733,0,0.0,0.0,0.0,1.0
2024-12-17,129055.06465361529,0.0001216481330708,0.0022249902386767273,0,0.0,0.0,0.0,1.0
2024-12-18,128818.48425635255,-0.0018331740633173,0.004054085507597338,0,0.0,0.0,0.0,1.0
2024-12-19,128960.46048034704,0.0011021417059369,0.0029564119783778153,0,0.0,0.0,0.0,1.0
2024-12-20,128976.23420293041,0.0001223144095843,0.0028344591805791186,0,0.0,0.0,0.0,1.0
2024-12-23,128897.36559001349,-0.0006114972529965,0.0034442231695730463,0,0.0,0.0,0.0,1.0
2024-12-24,128960.46048034704,0.0004894971285467,0.0029564119783778153,0,0.0,0.0,0.0,1.0
2024-12-26,128807.33017941959,-0.00018760815827943003,0.004140322024161258,1,0.6001525485911934,0.3998474514088067,0.0,0.0
2024-12-27,127571.33014515357,-0.009595727452345725,0.013696320074798263,1,0.5995884798900096,0.4004115201099904,0.0,0.0
2024-12-30,127108.9669761905,-0.0036243501454205533,0.017271029960563844,1,0.5949024214020558,0.40509757859794415,0.0,0.0
2024-12-31,126558.2328400346,-0.004332771709639094,0.021528970240193512,1,0.5953174604119228,0.40468253958807726,0.0,0.0
2025-01-02,126513.87732477635,-0.0003504751469966581,0.021871900018180623,1,0.5940628957201217,0.4059371042798782,0.0,0.0
2025-01-03,127672.15851616986,0.00936323403224522,0.012916776636150318,3,0.8024889181101362,0.19751108188986366,0.0,0.0
2025-01-06,128149.70242863563,0.0037403919383512574,0.009224698504998519,3,0.8041040836842306,0.19589591631576947,0.0,0.0
2025-01-07,126701.75962822513,-0.011298838569030946,0.020419308694773486,3,0.8040998489756341,0.19590015102436587,0.0,0.0
2025-01-08,126882.39417910883,0.001425667263135979,0.01902275257157937,3,0.8041282288238666,0.19587177117613344,0.0,0.0
2025-01-10,125159.99590108865,-0.01357476180335004,0.032339285039926224,3,0.8027483769944348,0.19725162300556517,0.0,0.0
2025-01-13,125306.11913315668,0.00117024309896418,0.031209549374810353,3,0.800303917654569,0.19969608234543113,0.0,0.0
2025-01-14,125403.08483024505,0.0007738305021267252,0.030459869773947434,3,0.8007853383582944,0.19921466164170556,0.0,0.0
2025-01-15,127660.32495880297,0.017999877208870082,0.013008266480806552,3,0.8009349166095745,0.19906508339042545,0.0,0.0
2025-01-16,127545.69286413418,-0.0008979461293536586,0.01389453188762424,3,0.8001130118163319,0.1998869881836682,0.0,0.0
2025-01-17,128614.20074578807,0.00837745170110997,0.005633480956312442,3,0.8014320254205611,0.19856797457943887,0.0,0.0
2025-01-21,129754.67398992313,0.009070656661538161,0.0,1,0.6000493716694699,0.39995062833053013,0.0,0.0
2025-01-22,129920.98131735741,0.0012817058709359312,0.0,1,0.6026500899365816,0.3973499100634184,0.0,0.0
2025-01-23,129947.17601445879,0.0002016202220440658,0.0,1,0.6058171827190842,0.39418281728091586,0.0,0.0
2025-01-24,129947.420029909,1.8778049489304845e-06,0.0,1,0.604047507382088,0.39595249261791193,0.0,0.0
2025-01-27,129444.71892409517,-0.003868496240234077,0.0038684962402341094,1,0.5978156870802566,0.4021843129197435,0.0,0.0
2025-01-28,130076.5742719226,0.004883470578359139,0.0,1,0.6022145548092626,0.3977854451907374,0.0,0.0
2025-01-29,129619.79892567232,-0.003511588068850888,0.0035115880688508794,1,0.6016275768015095,0.39837242319849053,0.0,0.0
2025-01-30,130231.97243915417,0.004722839555034832,0.0,1,0.6020133490426552,0.39798665095734476,0.0,0.0
2025-01-31,129474.41560653063,-0.0058169804114537715,0.005816980411453732,1,0.6023131312147252,0.3976868687852748,0.0,0.0
2025-02-03,129368.84965435165,-0.000815342179259464,0.006627579761227853,1,0.5987479555827022,0.4012520444172977,0.0,0.0
2025-02-04,130047.88308881261,0.0052500757501169,0.0014135495830531752,1,0.6008704687063401,0.3991295312936599,0.0,0.0
2025-02-05,131221.69269312103,0.009025980096167998,0.0,1,0.5979099284277964,0.40209007157220356,0.0,0.0
2025-02-06,131470.90589379586,0.001899176847669952,0.0,1,0.5988507182086658,0.40114928179133413,0.0,0.0
2025-02-07,130409.78607401329,-0.00807113796446925,0.008071137964469233,1,0.5981972630058726,0.4018027369941275,0.0,0.0
2025-02-10,130781.10397306377,0.0028473162193498967,0.005246802827154173,1,0.6005497996004014,0.3994502003995985,0.0,0.0
2025-02-11,130505.65472045448,-0.00210563676438864,0.007341937493920758,1,0.6017232737340379,0.3982767262659621,0.0,0.0
2025-02-12,129547.35519804263,-0.007342973179702748,0.01463099902351861,1,0.6042216142981822,0.39577838570181784,0.0,0.0
2025-02-13,131226.02031298153,0.012957926561856077,0.0018626598725359766,1,0.602789779139618,0.397210220860382,0.0,0.0
2025-02-14,131498.39187347997,0.002075591104941065,0.0,1,0.6015116435460867,0.3984883564539134,0.0,0.0
2025-02-18,131113.44405811548,-0.0029273956120686156,0.0029273956120684508,1,0.6050488374889705,0.3949511625110295,0.0,0.0
2025-02-19,131367.56449092494,0.00213353930221368,0.0009948972051376792,3,0.8001766455297309,0.1998233544702691,0.0,0.0
2025-02-20,131028.45763245,-0.0025813591032844098,0.0035736881214647465,3,0.7989099880085182,0.2010900119914818,0.0,0.0
2025-02-21,129556.44816674276,-0.011234273014465274,0.01476781334790489,3,0.7941674013317075,0.20583259866829245,0.0,0.0
2025-02-24,129165.61425186481,-0.0030167075464659805,0.017739970720399456,3,0.7929456201411704,0.20705437985882952,0.0,0.0
2025-02-25,129117.50210503039,-0.0003724841716821293,0.018105847033782152,3,0.7892960747876656,0.2107039252123344,0.0,0.0
2025-02-26,129320.81264650021,0.0015853373342620402,0.016559740358459196,3,0.7991370198723694,0.20086298012763068,0.0,0.0
2025-02-27,127487.59468787366,-0.014175738004660328,0.030500731822372895,3,0.7976889294506033,0.2023110705493967,0.0,0.0
2025-02-28,129390.99587062259,0.014930089373864235,0.01602602110058493,3,0.7982199321814092,0.20178006781859079,0.0,0.0
2025-03-03,127703.33073073474,-0.013043142055845437,0.028860133486625528,3,0.7945992071328883,0.2054007928671116,0.0,0.0
2025-03-04,126179.18436422055,-0.011935055709141117,0.040450741894830555,3,0.7946781694345173,0.20532183056548264,0.0,0.0
2025-03-05,126228.7790834951,0.0009382391353739746,0.040073591128437336,4,0.2524501013379871,0.24777140054335373,0.2502855001229403,0.249492997995719
2025-03-06,125418.25338575272,-0.006421084824137043,0.046237360024731,4,0.2495713117079023,0.24854783887177645,0.250623019250483,0.25125783016983816
2025-03-07,125506.27979981664,0.0007018628603697877,0.04556794945012399,4,0.2507941345359822,0.24757677916495752,0.2505779620285725,0.2510511242704878
2025-03-10,124774.0428178678,-0.0058342656886711365,0.05113635961481522,4,0.24554668906646415,0.251627458646186,0.2498415591748435,0.25298429311250636
2025-03-11,124641.67469514646,-0.0010608626580654967,0.05214297361849596,4,0.24376408660419455,0.25009641366215984,0.2530400270280084,0.25309947270563726
2025-03-12,124952.35515915623,0.0030505216968273806,0.04978035564588468,3,0.8017992842505459,0.19820071574945405,0.0,0.0
2025-03-13,123834.53367382432,-0.008945981721657848,0.058281003215836735,3,0.7982520087570051,0.20174799124299492,0.0,0.0
2025-03-14,125744.10575361866,0.01542035184485825,0.04375936494643784,3,0.8023678330278925,0.1976321669721075,0.0,0.0
2025-03-17,126646.1392002364,0.00717356444830251,0.03689971112279544,3,0.8027961630989376,0.19720383690106227,0.0,0.0
2025-03-18,125572.0427254164,-0.008481083447177034,0.04506784504076333,3,0.8009118375370485,0.1990881624629515,0.0,0.0
2025-03-19,126796.12195600574,0.009748944284001321,0.03575914389887347,3,0.8009047014844504,0.1990952985155497,0.0,0.0
2025-03-20,126519.08207521685,-0.0021849239276024576,0.03786593681734085,3,0.800337402548972,0.19966259745102805,0.0,0.0
2025-03-21,126402.97089448977,-0.0009177365091698042,0.03874892237383942,3,0.8013368434964749,0.1986631565035251,0.0,0.0
2025-03-24,127959.45281807706,0.012313649849942961,0.026912413186070516,3,0.8057655714920837,0.19423442850791636,0.0,0.0
2025-03-25,128204.55613780195,0.0019154764601358152,0.025048486819878035,3,0.8061584844776204,0.19384151552237966,0.0,0.0
2025-03-26,126810.77988821734,-0.010865411686759701,0.035647675370606646,3,0.7991321460532764,0.20086785394672357,0.0,0.0
2025-03-27,126467.37549478226,-0.002708006320423156,0.03825914756081772,3,0.7991739430074285,0.20082605699257147,0.0,0.0
2025-03-28,124783.38685549794,-0.013315597265270953,0.05106530142545629,3,0.7936479891513157,0.20635201084868432,0.0,0.0
2025-03-31,125702.42008482943,0.007365028730913878,0.04407637010669363,3,0.7931341341833495,0.20686586581665045,0.0,0.0
2025-04-01,126209.34057778711,0.004032702732497712,0.0402214142723637,3,0.7921796710091292,0.20782032899087077,0.0,0.0
2025-04-02,126830.75701779763,0.0049315550114111,0.0354957561775604,3,0.8011119111740121,0.198888088825988,0.0,0.0
2025-04-03,121939.43223480505,-0.038565761949258114,0.07269259724386579,3,0.7921837269682159,0.2078162730317841,0.0,0.0
2025-04-04,116560.16966967819,-0.04411421692343639,0.11360003716375833,3,0.7802260268208204,0.21977397317917957,0.0,0.0
2025-04-07,115625.6723039152,-0.008017295860252054,0.12070656791633294,3,0.78513087605245,0.21486912394755003,0.0,0.0
2025-04-08,113734.76678922791,-0.016353682335503734,0.135086253384324,3,0.785682363828895,0.214317636171105,0.0,0.0
2025-04-09,117859.63071372297,0.03682280455583295,0.10371808328180476,4,0.2664436423306821,0.24254041407758,0.25004061597078314,0.24097532762095472
2025-04-10,116411.83927108366,-0.01228403172377097,0.11472803878021332,4,0.2579368359709426,0.23878718331953686,0.25933315957821024,0.2439428211313103
2025-04-11,117623.41530064092,0.01040767019182556,0.10551442017776713,4,0.25983489959296097,0.23761291591827954,0.2615607268873483,0.24099145760141102
2025-04-14,118005.69541739601,0.003250034151601613,0.10260731149522984,4,0.2615057566340867,0.23853315461753602,0.2592257747714521,0.24073531397692519
2025-04-15,118179.03490975457,0.0014689078501290453,0.10128912433043669,4,0.26039081324192714,0.2390270394640339,0.26019993263925156,0.24038221465478735
2025-04-16,118685.46727192086,0.004305977241838499,0.09743788056272928,4,0.24339495604248124,0.2503169873416244,0.2570284439365045,0.24925961267938987
2025-04-17,118341.06387858736,-0.0029018160458048133,0.10005694980324786,4,0.24445156526570247,0.24882814974809225,0.2566446467337297,0.25007563825247553
2025-04-21,118059.44737920538,-0.002379702278753527,0.10219854633054948,4,0.23920218623937387,0.24506185974720956,0.2652152323871864,0.2505207216262302
2025-04-22,118521.92769591855,0.003917351190266835,0.09868154273739416,4,0.24446805284349066,0.24546809615072002,0.2604301285791152,0.2496337224266742
2025-04-23,118491.89030314505,-0.0002534332115368653,0.09890996676863562,4,0.24831907720279037,0.24791523271279867,0.2542498060398967,0.2495158840445143
2025-04-24,119894.05000933718,0.011837681306517075,0.08824702491653136,4,0.25227589608627815,0.2496783060129685,0.25067169758596564,0.24737410031478754
2025-04-25,120032.3421717507,0.0011534530896466489,0.08719536063042677,4,0.2538059147554646,0.2512277460258473,0.24766832154563673,0.24729801767305132
2025-04-28,120700.3260350453,0.005565032317196778,0.08211557331304797,4,0.2524975555101323,0.2514113387657968,0.24980546392029482,0.2462856418037761
2025-04-29,120871.01982547157,0.0014141949407550382,0.08081750580062941,4,0.25372931308169644,0.2531612846480406,0.24702328804155949,0.2460861142287035
2025-04-30,120451.56240413628,-0.0034702894204165,0.08400733508568148,4,0.2547139315594168,0.2519869542605076,0.246028796334151,0.24727031784592468
2025-05-01,120013.09029003873,-0.00334791883058346,0.08734176456311127,2,0.40418793562912947,0.39930864437931973,0.19650341999155083,0.0
2025-05-02,120255.65064670212,0.0020211158305913236,0.08549717655555022,2,0.40936043645842657,0.39418966428954116,0.19644989925203232,0.0
2025-05-05,120414.18081938065,0.0013182762874427054,0.08429160916860412,2,0.4064771371368143,0.3914718053124171,0.20205105755076852,0.0
2025-05-06,120843.61260561532,0.003566289147279132,0.08102592827230959,2,0.40164732262951375,0.39137747384753735,0.20697520352294885,0.0
2025-05-07,120872.65095038331,0.00024029689399279294,0.08080510165721355,2,0.4032395196366376,0.3929374466931197,0.20382303367024265,0.0
2025-05-08,121228.79189672935,0.00334450207014964,0.07809677236685464,3,0.8028890342589876,0.19711096574101233,0.0,0.0
2025-05-09,121140.50898101172,-0.0007282338983699384,0.07876813354823375,3,0.8024503475660817,0.19754965243391825,0.0,0.0
2025-05-12,124130.34303163362,0.024680712304837104,0.05603147488628957,3,0.8090025105688101,0.19099748943118977,0.0,0.0
2025-05-13,124697.28061659422,0.004567276389594121,0.05172010972901764,3,0.8106425361483437,0.18935746385165628,0.0,0.0
2025-05-14,124669.77718940095,-0.00022056156363043196,0.05192926382437524,3,0.8118576690104797,0.18814233098952024,0.0,0.0
2025-05-15,125446.90134926641,0.00644668417478252,0.046019502124679534,1,0.5990685655483469,0.4009314344516532,0.0,0.0
2025-05-16,126057.32328501677,0.0048659785868352045,0.04137745344975985,1,0.5999438414674443,0.4000561585325557,0.0,0.0
2025-05-19,125993.9764879011,-0.0005025237365418917,0.041859184033785635,1,0.6009021018876429,0.3990978981123571,0.0,0.0
2025-05-20,125377.10769523183,-0.004896018126140469,0.04655025883615127,1,0.601828276513988,0.39817172348601204,0.0,0.0
2025-05-21,123252.46786684338,-0.016945994906446955,0.06270741329346696,1,0.601886570181806,0.39811342981819403,0.0,0.0
2025-05-22,123396.09459285416,0.00136368866741748,0.06161518148770484,3,0.7992257863700353,0.20077421362996464,0.0,0.0
2025-05-23,122764.0239408409,-0.005122290572475487,0.0664218611969245,3,0.7978574166484281,0.20214258335157184,0.0,0.0
2025-05-27,125146.76695881819,0.019409130961082842,0.04830192083849161,3,0.7989386271590125,0.20106137284098746,0.0,0.0
2025-05-28,124459.69933674227,-0.005490094860397053,0.05352683357154597,3,0.7987012683665099,0.20129873163349016,0.0,0.0
2025-05-29,125083.96857876836,0.005015834405457196,0.04877948089953221,3,0.7978522013298066,0.20214779867019333,0.0,0.0
2025-05-30,125050.78972582438,-6.741377708831996e-05,0.049031794653877525,1,0.5993694280046155,0.40063057199538454,0.0,0.0
2025-06-02,125006.72131805183,-0.0003524040741299007,0.04936691972380958,1,0.6029580503966371,0.39704194960336286,0.0,0.0
2025-06-03,125349.12653777208,0.002739094475160792,0.04676304590571989,1,0.6047400131810603,0.39525998681893987,0.0,0.0
2025-06-04,126133.07655453884,0.0062541322657763965,0.04080137591418853,1,0.6008200874666114,0.39917991253338847,0.0,0.0
2025-06-05,125801.79293479519,-0.0026264611059448233,0.043320673793225684,1,0.5994909479832379,0.4005090520167622,0.0,0.0
2025-06-06,124712.34577926238,-0.00826383922570296,0.05160554435332354,5,0.20373745980684985,0.5973015734914977,0.19896096670165245,0.0
2025-06-09,124930.87162798957,0.0017522391016040095,0.04994373050439482,5,0.20356438040143957,0.5968855081429504,0.1995501114556101,0.0
2025-06-10,125466.3943659326,0.004286552482701492,0.04587126444368228,5,0.2038447837690723,0.5973985156531448,0.1987567005777829,0.0
2025-06-11,125755.34789291694,0.002303035234610888,0.043673872347341325,5,0.20279633471283254,0.5978303993056904,0.1993732659814772,0.0
2025-06-12,127067.04245832136,0.010430527109840012,0.03369888674701205,5,0.20150054628284544,0.5987335950525031,0.19976585866465152,0.0
2025-06-13,125674.78044457464,-0.010562618686072,0.0442865600554907,1,0.5996255183239665,0.40037448167603357,0.0,0.0
2025-06-16,125884.69618917714,0.0016703092208310477,0.04269022308427928,1,0.6043211588745881,0.39567884112541185,0.0,0.0
2025-06-17,125840.77732479147,-0.00034888168073786733,0.043024210928236384,1,0.5993662388931088,0.40063376110689114,0.0,0.0
2025-06-18,125916.82249559993,0.0006042967345329815,0.042445913583873285,1,0.5989139847896643,0.4010860152103357,0.0,0.0
2025-06-20,125646.47010988391,-0.002147071220173605,0.04450185040457699,1,0.5987931021529849,0.4012068978470152,0.0,0.0
2025-06-23,126553.66499669135,0.0072214334676021,0.037602945605191396,1,0.6015822055709287,0.39841779442907127,0.0,0.0
2025-06-24,127760.80204338738,0.009538538822463872,0.02842308393922166,1,0.6024812057431421,0.39751879425685793,0.0,0.0
2025-06-25,127867.86014206155,0.0008379573152476799,0.027608943955082732,1,0.6023141133078719,0.39768588669212823,0.0,0.0
2025-06-26,128726.10297351667,0.006711951154117938,0.021082302684207965,1,0.6029793364735707,0.3970206635264292,0.0,0.0
2025-06-27,128786.33068083494,0.00046787485931002425,0.020624291704300135,1,0.6056917442137899,0.39430825578621026,0.0,0.0
2025-06-30,129821.5571841525,0.00824571376480558,0.012751750538066098,2,0.39862555961103163,0.40063278912646677,0.20074165126250174,0.0
2025-07-01,130166.3062350655,0.0026555608975168633,0.010130052690652924,2,0.397441089866393,0.40056245286965214,0.20199645726395496,0.0
2025-07-02,130214.89514743652,0.0003732833309664066,0.009760550739497664,2,0.3990938208078874,0.39786895744750783,0.2030372217446048,0.0
2025-07-03,130083.23980724203,-0.0010110620604916961,0.01076174427744725,2,0.4026463393819444,0.3954976548999829,0.20185600571807277,0.0
2025-07-07,129221.59973349074,-0.006623759333085964,0.017314220406435266,2,0.40231063901673664,0.39433524066203607,0.20335412032122732,0.0
2025-07-08,129080.61783569602,-0.0006935952383661601,0.018386339204134128,3,0.8001167689450672,0.1998832310549328,0.0,0.0
2025-07-09,129969.86582383007,0.006889089958230265,0.011623914390683554,3,0.7994076031396247,0.20059239686037536,0.0,0.0
2025-07-10,130280.88306610617,0.0023929950246902713,0.009258735335297641,3,0.7997483452364331,0.20025165476356685,0.0,0.0
2025-07-11,129554.71478690107,-0.005573866726376364,0.014780995104860195,3,0.8014038212119231,0.19859617878807692,0.0,0.0
2025-07-14,129698.84359484467,0.0011124937303955502,0.013684945138847882,3,0.8020407026947368,0.19795929730526315,0.0,0.0
2025-07-15,129073.40770851642,-0.004820185500594981,0.01844116973914578,3,0.8004397771333853,0.19956022286661465,0.0,0.0
2025-07-16,129455.16652533769,0.002957687594979888,0.015538025363140195,3,0.8007474260101896,0.19925257398981044,0.0,0.0
2025-07-17,130083.48195068887,0.004853536882425069,0.010759902859895365,3,0.8017564350238628,0.1982435649761373,0.0,0.0
2025-07-18,130046.48561809356,-0.0002844045380745245,0.011041247232767226,3,0.8013971232998012,0.19860287670019883,0.0,0.0
2025-07-21,130474.37352728925,0.0032902689154727036,0.007787306989852527,3,0.8002835391872065,0.19971646081279346,0.0,0.0
2025-07-22,130647.05869989851,0.00132380184331344,0.0064740957014939315,3,0.799056685121573,0.20094331487842698,0.0,0.0
2025-07-23,131389.55731008435,0.005683240155382087,0.0008276493867722667,3,0.8013007355376142,0.1986992644623859,0.0,0.0
2025-07-24,131378.8895536042,-8.119181385884996e-05,0.0009087740022762913,3,0.8016310757216012,0.19836892427839883,0.0,0.0
2025-07-25,131987.6421591536,0.004633564856711674,0.0,3,0.8013045399033747,0.1986954600966254,0.0,0.0
2025-07-28,131791.17136967732,-0.001488554430265146,0.0014885544302651876,3,0.8022976208479463,0.19770237915205358,0.0,0.0
2025-07-29,131771.056295526,0.0008482198309771,0.0016409556234546763,0,0.0,0.0,0.0,1.0
2025-07-30,131627.46733391608,-0.0010896851375911,0.002728852636091572,0,0.0,0.0,0.0,1.0
2025-07-31,131627.46733391608,0.0,0.002728852636091572,0,0.0,0.0,0.0,1.0
2025-08-01,132283.61803483815,0.0049849071338394,0.0,0,0.0,0.0,0.0,1.0
2025-08-04,132315.6318493741,0.0002420089124528,0.0,0,0.0,0.0,0.0,1.0
2025-08-05,132267.6048181862,-0.0003629732218078,0.000362973221807783,0,0.0,0.0,0.0,1.0
2025-08-06,132315.6318493741,0.0003631050192065,0.0,0,0.0,0.0,0.0,1.0
2025-08-07,132251.60422030222,-0.0004839007166194,0.00048390071661952305,0,0.0,0.0,0.0,1.0
2025-08-08,132219.5904057663,-0.0002420674949439,0.0007258510749291736,0,0.0,0.0,0.0,1.0
2025-08-11,132219.5904057663,0.0,0.0007258510749291736,0,0.0,0.0,0.0,1.0
2025-08-12,132315.6318493741,0.0007263783174116,0.0,0,0.0,0.0,0.0,1.0
2025-08-13,132491.65104486552,0.0013302978116129,0.0,0,0.0,0.0,0.0,1.0
2025-08-14,132347.62042637396,-0.0010870920345221,0.0010870920345220636,0,0.0,0.0,0.0,1.0
2025-08-15,132299.6312514902,-0.000362599453841,0.0014492973093850336,0,0.0,0.0,0.0,1.0
2025-08-18,132299.6312514902,0.0,0.0014492973093850336,0,0.0,0.0,0.0,1.0
2025-08-19,132363.646261794,0.000483863860377,0.0009661347115991203,0,0.0,0.0,0.0,1.0
2025-08-20,132411.66067421387,0.0003627462205513,0.0006037389527628889,0,0.0,0.0,0.0,1.0
2025-08-21,132299.6312514902,-0.0008460691615319,0.0014492973093850336,0,0.0,0.0,0.0,1.0
2025-08-22,132587.6798697053,0.0021772443013656,0.0,0,0.0,0.0,0.0,1.0
2025-08-25,132523.6900969376,-0.0004826223132541,0.00048262231325402194,0,0.0,0.0,0.0,1.0
2025-08-26,132635.68166335713,0.0008450682767557,0.0,0,0.0,0.0,0.0,1.0
2025-08-27,132731.72310696493,0.0007240995967552,0.0,0,0.0,0.0,0.0,1.0
2025-08-28,132683.696075777,-0.0003618353628184,0.000361835362818419,0,0.0,0.0,0.0,1.0
2025-08-29,132795.7507360368,0.0008445247123338,0.0,0,0.0,0.0,0.0,1.0
2025-09-02,132728.2908020561,-0.0005079976852181,0.0005079976852181423,0,0.0,0.0,0.0,1.0
2025-09-03,133461.5590076344,0.00653111220299614,0.0,3,0.7991165172927,0.20088348270729994,0.0,0.0
2025-09-04,134557.29138633204,0.008210097250811748,0.0,3,0.7992332847040254,0.20076671529597456,0.0,0.0
2025-09-05,134657.7164785315,0.000746337052156744,0.0,3,0.7963242237019882,0.20367577629801184,0.0,0.0
2025-09-08,135286.57988896416,0.0046700881826769285,0.0,3,0.794569745282797,0.20543025471720308,0.0,0.0
2025-09-09,135377.15013190682,0.0006694695291802394,0.0,3,0.7958738855411135,0.2041261144588865,0.0,0.0
2025-09-10,135844.4313780191,0.00345583990829786,0.0,3,0.7995496047179651,0.20045039528203484,0.0,0.0
2025-09-11,136929.09486402606,0.007984600288756848,0.0,3,0.7998078717236297,0.2001921282763703,0.0,0.0
2025-09-12,136774.1097737111,-0.0011318638341170598,0.0011318638341170084,3,0.8004462278245466,0.1995537721754534,0.0,0.0
2025-09-15,137420.6906256521,0.004727362897925243,0.0,3,0.8009214522676207,0.19907854773237937,0.0,0.0
2025-09-16,137326.81069966865,-0.0006831571399910676,0.0006831571399912306,3,0.8003655257795917,0.1996344742204083,0.0,0.0
2025-09-17,137123.35147506994,-0.0004820516268768,0.0021637145704072047,0,0.0,0.0,0.0,1.0
2025-09-18,137073.7716535692,-0.0003615709575898,0.0025245031916477645,0,0.0,0.0,0.0,1.0
2025-09-19,137123.35147506994,0.0003617017384336,0.0021637145704072047,0,0.0,0.0,0.0,1.0
2025-09-22,137057.25803901796,-0.0004819998588205,0.0026446715191102976,0,0.0,0.0,0.0,1.0
2025-09-23,137106.82486790305,0.0003616505217911,0.002283977444153873,0,0.0,0.0,0.0,1.0
2025-09-24,136516.81046924976,-0.0033066255830585005,0.00657746771819534,3,0.8001003007387416,0.19989969926125842,0.0,0.0
2025-09-25,136012.89459656362,-0.003691236785814241,0.010244425513210698,3,0.7993596898451809,0.20064031015481906,0.0,0.0
2025-09-26,136611.2467097713,0.004399230786040459,0.005890262319273254,3,0.8004180995633684,0.1995819004366316,0.0,0.0
2025-09-29,137142.43154395508,0.003888295048739775,0.002024870348345198,3,0.7995586375073329,0.2004413624926672,0.0,0.0
2025-09-30,137475.740707152,0.0024303868572584982,0.0,3,0.8006246152295907,0.19937538477040925,0.0,0.0
2025-10-01,137921.42832137455,0.0032425630864614,0.0,3,0.8001315806519869,0.19986841934801305,0.0,0.0
2025-10-02,138128.79752658872,0.0015035314507544375,0.0,3,0.799850517888717,0.2001494821112831,0.0,0.0
2025-10-03,138074.67503650408,-0.0003918262596488948,0.000391826259648842,3,0.8001521964190269,0.1998478035809731,0.0,0.0
2025-10-06,138251.69415757136,0.001282053504891442,0.0,3,0.8019935611539741,0.1980064388460259,0.0,0.0
2025-10-07,137998.0692101864,-0.0018345160175463014,0.0018345160175461395,3,0.8004886681704754,0.19951133182952457,0.0,0.0
2025-10-08,138677.9749274159,0.00492741303314326,0.0,3,0.8008244513766838,0.19917554862331624,0.0,0.0
2025-10-09,138334.58505311832,-0.0024761673544576555,0.002476167354457659,3,0.8004866220230706,0.1995133779769294,0.0,0.0
2025-10-10,135787.30539001882,-0.018413903234114466,0.020844474682515712,3,0.7934619107719313,0.2065380892280687,0.0,0.0
2025-10-13,137425.040139147,0.012061029891006016,0.009034850623717894,3,0.796035871624595,0.20396412837540512,0.0,0.0
2025-10-14,137381.1465596413,-0.0003194001577970971,0.009351365048800075,3,0.7953174218672386,0.20468257813276144,0.0,0.0
2025-10-15,137177.65347827013,-0.0004817117528984,0.010818743567109546,0,0.0,0.0,0.0,1.0
2025-10-16,137359.43539307124,0.0013251569056027,0.009507923194254753,0,0.0,0.0,0.0,1.0
2025-10-17,137342.90740936837,-0.0001203265262089,0.009627105665094282,0,0.0,0.0,0.0,1.0
2025-10-20,137359.43539307127,0.0001203410064243,0.00950792319425453,0,0.0,0.0,0.0,1.0
2025-10-21,137392.5172664076,0.000240841651989,0.009269371446194663,0,0.0,0.0,0.0,1.0
2025-10-22,137392.5172664076,0.0,0.009269371446194663,0,0.0,0.0,0.0,1.0
2025-10-23,137293.33641122506,-0.0007218795983645,0.009984559674422466,0,0.0,0.0,0.0,1.0
2025-10-24,137375.97632973947,0.0006019222831534,0.009388647320224375,0,0.0,0.0,0.0,1.0
2025-10-27,137342.90740936843,-0.0002407183646991,0.009627105665093838,0,0.0,0.0,0.0,1.0
2025-10-28,137359.43539307133,0.0001203410064243,0.009507923194254086,0,0.0,0.0,0.0,1.0
2025-10-29,136997.43235810808,-0.0016370806082212802,0.01211830912722378,3,0.8016966669210371,0.1983033330789629,0.0,0.0
2025-10-30,135631.43294820475,-0.009970985487761826,0.021968463130541904,3,0.8008649406325339,0.1991350593674662,0.0,0.0
2025-10-31,135907.2135342019,0.002033308798724079,0.019979823001195496,3,0.8018615234090617,0.1981384765909384,0.0,0.0
2025-11-03,136044.39399674552,0.00100936851677179,0.01899062148873165,3,0.80255633380836,0.1974436661916399,0.0,0.0
2025-11-04,134810.04684801903,-0.00907312026952046,0.02789143756549184,3,0.800304452849415,0.19969554715058502,0.0,0.0
2025-11-05,134577.59989564473,-0.000724980388714,0.029567601011749045,0,0.0,0.0,0.0,1.0
2025-11-06,134740.32807152186,0.0012091772776696,0.028394176205377986,0,0.0,0.0,0.0,1.0
2025-11-07,134805.4447681502,0.0004832754792891,0.02792462293520359,0,0.0,0.0,0.0,1.0
2025-11-10,134772.89913297477,-0.0002414267111495,0.028159307896477803,0,0.0,0.0,0.0,1.0
2025-11-11,134886.80885608876,0.0008451975422862,0.02733791053201806,0,0.0,0.0,0.0,1.0
2025-11-12,134838.00311646436,-0.0003618273724339,0.027689846300116394,0,0.0,0.0,0.0,1.0
2025-11-13,134756.63902852582,-0.0006034210390098,0.028276558703301702,0,0.0,0.0,0.0,1.0
2025-11-14,134805.44476815022,0.0003621768840202,0.02792462293520337,0,0.0,0.0,0.0,1.0
2025-11-17,134789.1719505625,-0.0001207133555747,0.028041965415840475,0,0.0,0.0,0.0,1.0
2025-11-18,134870.5487516398,0.0006037339639355,0.02745516133884196,0,0.0,0.0,0.0,1.0
2025-11-19,134854.2759340521,-0.0001206550854752,0.027572503819479066,0,0.0,0.0,0.0,1.0
2025-11-20,134968.19837030483,0.0008447817873304,0.02675101478120634,0,0.0,0.0,0.0,1.0
2025-11-21,135130.95197245944,0.0012058663012457,0.02557740662720931,0,0.0,0.0,0.0,1.0
2025-11-24,135147.22479004716,0.0001204225778785,0.025460064146572203,0,0.0,0.0,0.0,1.0
2025-11-25,135228.57616484698,0.0006019463213262,0.02487344341719966,0,0.0,0.0,0.0,1.0
2025-11-26,135212.316060398,-0.0001202416302095,0.02499069422402378,0,0.0,0.0,0.0,1.0
2025-11-28,135212.316060398,0.0,0.02499069422402378,0,0.0,0.0,0.0,1.0
2025-12-01,135096.42308764052,-0.0008571184647537,0.025826392703311107,0,0.0,0.0,0.0,1.0
2025-12-02,135178.0414383539,0.0006041488652916,0.02523784682386565,0,0.0,0.0,0.0,1.0
2025-12-03,135259.672502206,0.000603878137185,0.02464920927060721,0,0.0,0.0,0.0,1.0
2025-12-04,135161.7177682112,-0.0007241976280342,0.02535555599975481,0,0.0,0.0,0.0,1.0
2025-12-05,135112.73404464446,-0.0003624082645262,0.025708775201235046,0,0.0,0.0,0.0,1.0
2025-12-08,135080.08670435913,-0.000241630372712,0.02594419355301303,0,0.0,0.0,0.0,1.0
2025-12-09,135014.7793106497,-0.0004834716596856,0.026415121930382313,0,0.0,0.0,0.0,1.0
2025-12-10,135243.34883206335,0.0016929222310377,0.024766918446496144,0,0.0,0.0,0.0,1.0
2025-12-11,135322.90159377496,0.00158980921074602,0.024193267426907417,3,0.8005887734191697,0.19941122658083038,0.0,0.0
2025-12-12,133897.9515631699,-0.010529999089752213,0.03446851143267615,3,0.8004090894055134,0.19959091059448658,0.0,0.0
2025-12-15,133754.39951189174,-0.0010721004287389503,0.03550365815553014,3,0.8000575665697028,0.1999424334302972,0.0,0.0
2025-12-16,133608.88515506117,-0.0010879220224650431,0.036552954966409645,3,0.7987405485982912,0.2012594514017087,0.0,0.0
2025-12-17,132410.1143669937,-0.008972238535455618,0.04519723167073075,3,0.7971033331458285,0.20289666685417154,0.0,0.0
2025-12-18,133336.30095556032,0.00699774956738362,0.03851854611124372,3,0.8004397333698959,0.19956026663010412,0.0,0.0
2025-12-19,134204.31339970554,0.006509948438081513,0.03225935142225633,3,0.8024704824113201,0.19752951758867981,0.0,0.0
2025-12-22,134817.7080404066,0.004570603024316828,0.027836193087112493,3,0.803795956231829,0.19620404376817097,0.0,0.0
2025-12-23,135355.3788729296,0.00398813212550583,0.023959075377509187,3,0.8042621235385876,0.19573787646141255,0.0,0.0
2025-12-24,135898.7918525754,0.004014712855674142,0.020040551329763234,3,0.8038639727926448,0.19613602720735532,0.0,0.0
2025-12-26,135797.7029448179,-0.0007399932385684801,0.020769498430486477,3,0.800511245176467,0.19948875482353307,0.0,0.0
2025-12-29,135512.19893247169,-0.002102421514907604,0.022828253705039936,3,0.7993390480821987,0.20066095191780137,0.0,0.0
2025-12-30,135315.08515673666,-0.0014545832573587341,0.02424963136676439,3,0.7995259326953834,0.20047406730461656,0.0,0.0
2025-12-31,134297.4014035447,-0.0075208447898707596,0.0315880984429141,3,0.7996160801659968,0.20038391983400317,0.0,0.0
