date,wealth,return,drawdown,action,w_SPY,w_TLT,w_GLD,w_SHY
2021-01-05,99651.59697758028,-0.0024865167409381396,0.0034840302241971877,5,0.20187939691139858,0.5970282583937376,0.20109234469486376,0.0
2021-01-06,98225.1141753928,-0.014314700872364474,0.017748858246072086,5,0.20603566070392842,0.5932649948804082,0.2006993444156635,0.0
2021-01-07,97966.11185634113,-0.0026368238024055365,0.020338881436588685,5,0.20964967399875106,0.5895901691793825,0.20076015682186643,0.0
2021-01-08,97223.88780955694,-0.007576334639804923,0.027761121904430586,5,0.21245381451825027,0.5921738145635745,0.19537237091817528,0.0
2021-01-11,96952.24837831664,-0.0027939577130714974,0.03047751621683359,5,0.21161297864317957,0.5928515441452384,0.1955354772115819,0.0
2021-01-12,97034.56584313384,0.0008606746067271601,0.029654341568661646,5,0.1998702256592172,0.5990080826307084,0.20112169171007446,0.0
2021-01-13,97657.33603797553,0.006418024231163856,0.023426639620244716,5,0.1991304033206591,0.6018912591760276,0.19897833750331329,0.0
2021-01-14,97028.49496840211,-0.006439260941224977,0.029715050315978875,5,0.19971916025070913,0.6001168839279138,0.20016395582137705,0.0
2021-01-15,96877.25590618174,-0.0015587076999351445,0.031227440938182527,5,0.19857214782759555,0.603438849423017,0.19798900274938755,0.0
2021-01-19,97379.50920891143,0.0051844294930904,0.0262049079108857,5,0.19909910460692268,0.6022641357328802,0.19863675966019717,0.0
2021-01-20,98023.43081696949,0.00661477503990104,0.019765691830305188,5,0.2014352674420653,0.5966439352997137,0.20192079725822093,0.0
2021-01-21,97618.56096669823,-0.004130337480507351,0.023814390333017688,5,0.20245512341444008,0.5949137846557436,0.20263109192981624,0.0
2021-01-22,97580.85401278936,-0.0003862682827473414,0.024191459872106358,5,0.20181649765590015,0.5970700706852403,0.2011134316588595,0.0
2021-01-25,98362.09842390545,0.00800612393711668,0.01637901576094547,5,0.2010031822873524,0.5993086304901016,0.19968818722254594,0.0
2021-01-26,98171.47131828088,-0.0019380138150676873,0.018285286817191215,5,0.20107910821280484,0.5993392622413009,0.19958162954589434,0.0
2021-01-27,97716.87309383314,-0.004629580988759581,0.022831269061668547,5,0.19601941751938967,0.6043233778939698,0.19965720458664044,0.0
2021-01-28,97573.26710466351,-0.0014696130220186766,0.02426732895336492,5,0.19799619771213106,0.6018673201237913,0.20013648216407767,0.0
2021-01-29,96825.29109948604,-0.007665788257096393,0.03174708900513956,5,0.19553133035641965,0.6028678794635886,0.20160079017999175,0.0
2021-02-01,97391.29189057407,0.005845588323679512,0.02608708109425939,5,0.19763074415436657,0.6000590059810265,0.20231024986460686,0.0
2021-02-02,97046.91651659232,-0.0035359975958495506,0.029530834834076813,5,0.20113650471042965,0.5983057436300411,0.2005577516595293,0.0
2021-02-03,96516.02024377466,-0.0054688265089572795,0.034839797562253416,5,0.20125791625680486,0.5979460912694868,0.20079599247370836,0.0
2021-02-04,96165.30981211999,-0.0036337017499153733,0.03834690187880008,5,0.2042876633841424,0.5985230501207233,0.19718928649513442,0.0
2021-02-05,95947.89147064478,-0.002260881204458996,0.04052108529355214,5,0.2055564340268821,0.594856352289815,0.1995872136833029,0.0
2021-02-08,96533.78234970146,0.0061063444967515345,0.03466217650298542,5,0.20578436653795418,0.5938421027909435,0.2003735306711022,0.0
2021-02-09,96626.14182510464,0.0009567580711651156,0.03373858174895361,5,0.20545080462432788,0.5937136140120257,0.20083558136364643,0.0
2021-02-10,97073.59107028424,0.00463704213596292,0.029264089297157625,5,0.19899015899346126,0.6012041252888481,0.19980571571769062,0.0
2021-02-11,96616.84716410587,-0.004705130418505675,0.03383152835894132,5,0.20025371380353493,0.6007395461778636,0.19900674001860147,0.0
2021-02-12,95933.17725967828,-0.007076094123278057,0.04066822740321718,5,0.202677107203699,0.5975066636948224,0.19981622910147848,0.0
2021-02-16,94768.40719339422,-0.012141472841363141,0.05231592806605778,5,0.20499050591975512,0.5956406940083018,0.1993688000719432,0.0
2021-02-17,94916.81380204247,0.0015659924340122422,0.05083186197957534,5,0.20471694234372742,0.5984858447498347,0.19679721290643779,0.0
2021-02-18,94603.97083268597,-0.0032912685673079935,0.053960291673140315,5,0.19980639213635784,0.5995452378742068,0.2006483699894355,0.0
2021-02-19,93895.39386764023,-0.007489928369908563,0.06104606132359769,5,0.20095871053958334,0.5960400545859463,0.2030012348744704,0.0
2021-02-22,93609.83601345481,-0.003041233892558765,0.06390163986545183,5,0.20002131094522224,0.593310168089639,0.20666852096513882,0.0
2021-02-23,93427.89478340675,-0.0019436123146494282,0.06572105216593249,5,0.2006541986538306,0.5927512323419005,0.20659456900426887,0.0
2021-02-24,93257.4974329974,-0.0018238380604034686,0.06742502567002595,5,0.20323601681685174,0.5899387828268277,0.2068252003563205,0.0
2021-02-25,91542.43437066907,-0.0183807422666513,0.08457565629330932,5,0.19883558867631654,0.6012531998103967,0.19991121151328675,0.0
2021-02-26,92825.64465092267,0.01401765518991652,0.07174355349077333,5,0.19507651781795987,0.6125434221908445,0.19238005999119556,0.0
2021-03-01,92482.70637473298,-0.0036944346304227118,0.07517293625267019,5,0.20054609874042512,0.6066946023759222,0.1927592988836527,0.0
2021-03-02,92439.08410923806,-0.00047168024385206147,0.07560915890761943,5,0.1990750724244692,0.6070240293989434,0.19390089817658737,0.0
2021-03-03,91389.1704064568,-0.011357898154210878,0.08610829593543201,5,0.19869497888606782,0.6073381537484182,0.19396686736551408,0.0
2021-03-04,90628.90019246779,-0.00831176338429066,0.09371099807532213,5,0.19918054335448687,0.6011270392789027,0.19969241736661048,0.0
2021-03-05,91078.45992803211,0.004960445670306023,0.08921540071967893,5,0.20184356596806718,0.5993247416762241,0.19883169235570874,0.0
2021-03-08,90374.75662770835,-0.007726341671563258,0.09625243372291648,5,0.20240245868857265,0.5992952224328449,0.1983023188785824,0.0
2021-03-09,91767.70109107185,0.015412981626070887,0.08232298908928148,5,0.202176133043682,0.5983774963348731,0.19944637062144494,0.0
2021-03-10,92086.51593638728,0.003474150943358831,0.07913484063612719,5,0.20273028115696698,0.5975005430649255,0.19976917577810754,0.0
2021-03-11,92645.25066358475,0.006668750500156322,0.07354749336415245,3,0.8027580074531094,0.1972419925468907,0.0,0.0
2021-03-12,92357.62735595435,-0.003104566133398767,0.07642372644045647,3,0.8063424912590051,0.1936575087409948,0.0,0.0
2021-03-15,92906.90292848228,0.005947268116914454,0.07093097071517729,3,0.8063554704836383,0.19364452951636177,0.0,0.0
2021-03-16,92740.09894751628,-0.0017953884556285106,0.0725990105248372,3,0.8067868421387945,0.1932131578612056,0.0,0.0
2021-03-17,92861.1512181845,0.0013052851144437772,0.07138848781815499,3,0.8084825958575913,0.19151740414240861,0.0,0.0
2021-03-18,91591.41981553353,-0.013665073568608601,0.08408580184466463,3,0.7992825167332861,0.2007174832667139,0.0,0.0
2021-03-19,91569.90634341448,-0.00023488523447266863,0.08430093656585524,3,0.7979910787992767,0.20200892120072333,0.0,0.0
2021-03-22,92360.6800652566,0.008635738021577508,0.07639319934743394,3,0.7974762988663664,0.2025237011336336,0.0,0.0
2021-03-23,91949.80581938435,-0.004448584024954781,0.08050194180615655,3,0.7947350085537203,0.20526499144627966,0.0,0.0
2021-03-24,91679.898146842,-0.0029353805604823958,0.08320101853158002,3,0.7930226908183795,0.2069773091816205,0.0,0.0
2021-03-25,91947.27576561167,0.0029234234901538603,0.08052724234388331,3,0.8021554459159768,0.1978445540840231,0.0,0.0
2021-03-26,93072.18270374725,0.01223426065393337,0.06927817296252747,3,0.8052306805144724,0.19476931948552767,0.0,0.0
2021-03-29,92880.454668204,-0.0020599928998499555,0.07119545331796007,3,0.8064853466874446,0.19351465331255535,0.0,0.0
2021-03-30,92775.9056859534,-0.0011256295269448662,0.07224094314046592,3,0.8052521933203045,0.19474780667969552,0.0,0.0
2021-03-31,92977.91468122021,0.002177386399768393,0.07022085318779792,3,0.8067595262119874,0.19324047378801248,0.0,0.0
2021-04-01,94089.17063870694,0.01195866742992882,0.059108293612930574,3,0.7990833103060789,0.20091668969392107,0.0,0.0
2021-04-05,95085.83119037782,0.010592723316671236,0.04914168809622177,3,0.8020567337128048,0.1979432662871951,0.0,0.0
2021-04-06,95168.6323880666,0.0008708047944913896,0.048313676119334015,3,0.8008855045446802,0.19911449545531973,0.0,0.0
2021-04-07,95124.857911453,-0.00045996748629429334,0.04875142088547002,3,0.8021813238960046,0.19781867610399542,0.0,0.0
2021-04-08,95642.42632252179,0.005440937547055943,0.0435757367747821,3,0.8016276138702184,0.19837238612978159,0.0,0.0
2021-04-09,96129.24457621705,0.0050916181653481,0.038707554237829456,3,0.8017340220302547,0.19826597796974532,0.0,0.0
2021-04-12,96149.02376914516,0.000205756250507447,0.03850976230854841,3,0.8018612307768913,0.19813876922310872,0.0,0.0
2021-04-13,96520.29191342586,0.0038613823596597156,0.0347970808657414,3,0.8011444265701955,0.19885557342980462,0.0,0.0
2021-04-14,96195.21392367438,-0.003367975617428285,0.03804786076325617,3,0.8011063254823709,0.19889367451762902,0.0,0.0
2021-04-15,97343.21777262287,0.011934105680760532,0.026567822273771302,3,0.8001628881470723,0.19983711185292777,0.0,0.0
2021-04-16,97452.2858340668,0.00112061156149136,0.025477141659332014,3,0.8017754153398012,0.19822458466019877,0.0,0.0
2021-04-19,97012.93246472035,-0.004508394703994338,0.029870675352796527,3,0.801449573498981,0.19855042650101892,0.0,0.0
2021-04-20,96532.45097897285,-0.0049527570555836205,0.0346754902102715,3,0.7995416423894991,0.20045835761050088,0.0,0.0
2021-04-21,97301.60142384404,0.00796779152576106,0.02698398576155958,3,0.8007270455743012,0.19927295442569884,0.0,0.0
2021-04-22,96674.65105756444,-0.006443371507819482,0.03325348942435569,3,0.7985594352689309,0.2014405647310691,0.0,0.0
2021-04-23,97467.59600324923,0.008203653652662601,0.02532403996750776,3,0.8020937176027194,0.1979062823972807,0.0,0.0
2021-04-26,97603.24206522392,0.0013917041923366459,0.023967579347760726,3,0.8026509075465124,0.1973490924534877,0.0,0.0
2021-04-27,97418.347327144,-0.001894350373693182,0.02581652672855994,3,0.8040011343471605,0.19599886565283953,0.0,0.0
2021-04-28,97408.23119393583,-0.00010384217640438756,0.025917688060641653,3,0.8038536006546418,0.19614639934535824,0.0,0.0
2021-04-29,97850.78214292196,0.004543260292911103,0.02149217857078034,3,0.8053176524844693,0.19468234751553082,0.0,0.0
2021-04-30,97381.19190174322,-0.00479375216850948,0.026188080982567752,3,0.7985717676725171,0.20142823232748286,0.0,0.0
2021-05-03,97560.66111854793,0.0018429556395837962,0.02439338881452069,3,0.7988218401264081,0.20117815987359192,0.0,0.0
2021-05-04,97213.0508081463,-0.003563017167126707,0.027869491918536937,3,0.796732277086051,0.20326772291394907,0.0,0.0
2021-05-05,97269.8667895609,0.0005844480853369245,0.027301332104391007,3,0.7965159993851376,0.20348400061486224,0.0,0.0
2021-05-06,97921.16247945567,0.006695760068262729,0.0207883752054433,3,0.7975366640099066,0.20246333599009328,0.0,0.0
2021-05-07,98394.47574598336,0.0048360909305733,0.016055242540166326,3,0.8019441637077016,0.19805583629229845,0.0,0.0
2021-05-10,97415.75139388304,-0.009946944121405975,0.025842486061169567,3,0.8019801934152008,0.19801980658479926,0.0,0.0
2021-05-11,96609.32670695551,-0.008278175504358509,0.03390673293044488,3,0.8014573061442066,0.19854269385579337,0.0,0.0
2021-05-12,94762.79465437026,-0.019113393246040663,0.052372053456297474,3,0.7997153957485195,0.20028460425148045,0.0,0.0
2021-05-13,95702.53342088839,0.009916748128267603,0.042974665791116085,3,0.8013748938882205,0.19862510611177941,0.0,0.0
2021-05-14,97057.01831677441,0.014154466875117361,0.029429816832255873,3,0.8009473447619095,0.19905265523809054,0.0,0.0
2021-05-17,96818.34481984697,-0.0024591060086809227,0.03181655180153031,3,0.8008787360036477,0.19912126399635238,0.0,0.0
2021-05-18,96100.98018222502,-0.0074093875386609396,0.038990198177749846,3,0.799905562555624,0.2000944374443761,0.0,0.0
2021-05-19,95852.9199143883,-0.0025812459702944605,0.041470800856116985,3,0.7998729718387505,0.20012702816124953,0.0,0.0
2021-05-20,96835.57798882287,0.010251728119625703,0.03164422011177126,3,0.8002737921174861,0.199726207882514,0.0,0.0
2021-05-21,96834.23675564797,-1.3576835541539975e-05,0.03165763244352027,3,0.7993559914312505,0.20064400856874962,0.0,0.0
2021-05-24,97695.2819937879,0.008891950481446914,0.02304718006212103,3,0.8003877217801855,0.19961227821981453,0.0,0.0
2021-05-25,97702.44888222284,7.33596166436255e-05,0.022975511177771524,3,0.798553298978213,0.20144670102178683,0.0,0.0
2021-05-26,97823.40807971396,0.0012380364962695778,0.021765919202860418,3,0.7991487410229073,0.20085125897709272,0.0,0.0
2021-05-27,97785.42256755535,-0.0003883069799373851,0.022145774324446532,3,0.7998788862040696,0.20012111379593045,0.0,0.0
2021-05-28,97894.30928096482,0.00111364830158688,0.021056907190351803,3,0.8005394969783367,0.19946050302166327,0.0,0.0
2021-06-01,97820.8939687957,-0.000749944636295469,0.02179106031204292,3,0.8004345874998,0.19956541250019993,0.0,0.0
2021-06-02,97989.22024820153,0.0017207599785329572,0.02010779751798475,3,0.8003161107816127,0.19968388921838737,0.0,0.0
2021-06-03,97624.73068970254,-0.0037196903656928387,0.023752693102974565,3,0.8003229030760497,0.19967709692395025,0.0,0.0
2021-06-04,98606.2597634419,0.010054102754548102,0.013937402365580942,3,0.7996032901250307,0.20039670987496913,0.0,0.0
2021-06-07,98469.08117037817,-0.0013907791424232,0.015309188296218301,3,0.8003369260735951,0.19966307392640495,0.0,0.0
2021-06-08,98624.01133876217,0.0015733889921845593,0.01375988661237837,3,0.7992498603450635,0.20075013965493638,0.0,0.0
2021-06-09,98681.19656546322,0.0005798306713020819,0.01318803434536775,3,0.7975948923955555,0.2024051076044445,0.0,0.0
2021-06-10,99166.90283707308,0.004921973876630643,0.008330971629269213,3,0.7973780004960588,0.2026219995039413,0.0,0.0
2021-06-11,99265.12508581232,0.0009904740990106893,0.007348749141876776,3,0.7979050702220196,0.2020949297779804,0.0,0.0
2021-06-14,99290.6749408903,0.00025948551903866,0.007093250591097,3,0.8015833417433255,0.19841665825667443,0.0,0.0
2021-06-15,99120.9802595462,-0.0017090696729085992,0.008790197404538014,3,0.8014829127726691,0.1985170872273308,0.0,0.0
2021-06-16,98660.67292577347,-0.0046438940834465,0.013393270742265262,3,0.8007264113821781,0.19927358861782193,0.0,0.0
2021-06-17,98928.82721956348,0.0027179451126564747,0.010711727804365245,3,0.7982911659237456,0.2017088340762543,0.0,0.0
2021-06-18,98238.71010476288,-0.0069758950368323846,0.01761289895237117,3,0.793054113431396,0.2069458865686039,0.0,0.0
2021-06-21,97715.71804032387,-0.004733439263526639,0.022842819596761266,5,0.20382798929838203,0.592759641275269,0.20341236942634905,0.0
2021-06-22,97880.3565525813,0.0016848723578889446,0.021196434474186954,5,0.2045730230070768,0.5932081987457105,0.20221877824721257,0.0
2021-06-23,97693.55124355434,-0.001908506625909409,0.02306448756445667,5,0.20471716257046405,0.5928114408135984,0.20247139661593763,0.0
2021-06-24,97892.93639115813,0.0020409243503363233,0.021070636088418637,5,0.20550880877691813,0.5925538089072943,0.2019373823157875,0.0
2021-06-25,97427.57541849904,-0.004753774785134863,0.02572424581500965,5,0.20722387388702615,0.5892020864645686,0.20357403964840515,0.0
2021-06-28,98065.62390532285,0.006559820457815426,0.019343760946771482,5,0.1990971622868681,0.602218172373455,0.19868466533967696,0.0
2021-06-29,97970.21340363171,-0.0009729250464285471,0.020297865963682882,5,0.1993982559110989,0.6038128922922481,0.1967888517966529,0.0
2021-06-30,98343.70318534967,0.0038122789442052176,0.016562968146503265,5,0.1988082044635159,0.6041988204571399,0.19699297507934405,0.0
2021-07-01,98521.89762628656,0.0018119557751555943,0.014781023737134413,5,0.19954731735214193,0.6031393074190201,0.19731337522883796,0.0
2021-07-02,99158.24890715761,0.006458983192597978,0.00841751092842391,5,0.1997821795192893,0.6028849663421146,0.19733285413859608,0.0
2021-07-06,99917.55793970556,0.007660454884418419,0.000824420602944409,5,0.1981180432067307,0.6024176530246986,0.1994643037685705,0.0
2021-07-07,100596.64441312727,0.006796467882366633,0.0,5,0.19747603832140556,0.6036519641145073,0.1988719975640872,0.0
2021-07-08,100659.64743858473,0.0006262935093412833,0.0,5,0.19574444482406161,0.6056375788829885,0.19861797629294986,0.0
2021-07-09,100079.05567310055,-0.005767870047810379,0.0057678700478104306,5,0.19898164749612837,0.6005847780291754,0.20043357447469623,0.0
2021-07-12,100047.58138906473,-0.0003144942148398215,0.006080550300888277,5,0.19975722938209442,0.5999949776868193,0.20024779293108627,0.0
2021-07-13,99545.96771047977,-0.0050135046227768,0.0110638151080793,5,0.2003225461634343,0.5984080321864945,0.20126942165007114,0.0
2021-07-14,100468.01791687639,0.009262557063871368,0.0019037372629906457,5,0.19878020190010187,0.5996527136275916,0.20156708447230648,0.0
2021-07-15,101067.89511837257,0.005970827472604343,0.0,5,0.1969254752478938,0.6026686582120581,0.20040586654004805,0.0
2021-07-16,100600.37289928144,-0.004625823250237399,0.004625823250237415,5,0.19628887922103197,0.6043276099630797,0.1993835108158883,0.0
2021-07-19,101665.60941365497,0.010588792900797828,0.0,5,0.19136380869684252,0.6111088741740743,0.1975273171290832,0.0
2021-07-20,101726.9013218304,0.0009643346013610753,0.0,4,0.25333827921063373,0.24735150599040584,0.24943518588839816,0.24987502891056235
2021-07-21,101513.61693482814,-0.002096637017650788,0.0020966370176508375,4,0.25592593890092447,0.2447315490518166,0.24902959708459968,0.2503129149626593
2021-07-22,101855.26694349191,0.003365558424374884,0.0,4,0.25560168163940433,0.24621638798163323,0.24867961637960576,0.24950231399935657
2021-07-23,101878.91014332537,0.00023212545156432593,0.0,4,0.25817136863917983,0.24451269206796897,0.24784261985850686,0.24947331943434425
2021-07-26,101803.84436908587,-0.0007368136755084184,0.0007368136755084853,4,0.258995959891051,0.24396792694506075,0.24743680263848195,0.2495993105254063
2021-07-27,102360.31710840296,0.00582423265630384,0.0,5,0.19793567132725717,0.6028913437597427,0.19917298491300003,0.0
2021-07-28,102459.01094485444,0.00096418064382278,0.0,5,0.1976639265491091,0.6023508331900586,0.19998524026083236,0.0
2021-07-29,102428.28147430485,-0.0002999196485131968,0.00029991964851316943,5,0.1985432591640842,0.599189954027632,0.2022667868082839,0.0
2021-07-30,102454.80152144285,0.00025891332702510865,4.108397468194358e-05,5,0.19752792224196564,0.601852480361327,0.20061959739670734,0.0
2021-08-02,102936.89300115757,0.004705406409028288,0.0,5,0.19619029066488913,0.6043766204824823,0.19943308885262867,0.0
2021-08-03,103122.18832054808,0.0018044710951720798,0.0,5,0.2012639715496867,0.5992375130873497,0.19949851536296354,0.0
2021-08-04,103152.03977790424,0.00028947656990524213,0.0,5,0.20021600959506608,0.600296147929079,0.1994878424758548,0.0
2021-08-05,102885.8172794351,-0.002580874784854882,0.002580874784854914,5,0.2020052969760944,0.5987811095341743,0.19921359348973128,0.0
2021-08-06,101379.06807668177,-0.014644867899149157,0.017187946113715658,5,0.20534636280425508,0.5975317919477414,0.19712184524800352,0.0
2021-08-09,100790.45979374964,-0.005806013944485147,0.0228941666033875,5,0.20637748804327175,0.5988659926107499,0.19475651934597832,0.0
2021-08-10,100541.868307501,-0.0024600570143618,0.02530411881358019,5,0.20074265930886845,0.5987021243799814,0.20055521631115025,0.0
2021-08-11,100833.02909197754,0.0028959157948610587,0.022481481616066334,5,0.2006603736263849,0.5966068581192964,0.2027327682543188,0.0
2021-08-12,100800.06271428522,-0.00032694026936611243,0.022801071783777105,5,0.20132759236744,0.5958238813092748,0.20284852632328523,0.0
2021-08-13,102078.62146608214,0.012684106709546051,0.010406176301828496,5,0.19916772744573422,0.5976548998556387,0.2031773726986271,0.0
2021-08-16,102377.78419724073,0.0029307089659121655,0.007505964810105015,5,0.19905330359226936,0.5973524910968531,0.20359420531087752,0.0
2021-08-17,102187.83915807225,-0.00185174699043038,0.009347373274517845,5,0.19905754138100668,0.6008709841618917,0.20007147445710166,0.0
2021-08-18,102187.37895286831,-4.503522216782843e-06,0.0093518347006315,5,0.19687975488347806,0.602892090833206,0.2002281542833159,0.0
2021-08-19,102612.30064366866,0.004158260003873141,0.005232462056956821,5,0.1963680763610924,0.604817641592258,0.19881428204664964,0.0
2021-08-20,102824.89661439032,0.002071837093487846,0.003171465772448978,5,0.197521331991924,0.603968275299817,0.19851039270825913,0.0
2021-08-23,103210.87348529485,0.0037537297251268847,0.0,5,0.19851364994405818,0.6013099935880472,0.20017635646789458,0.0
2021-08-24,102752.08993222514,-0.0044436289683513,0.004445108713619028,5,0.20121160654334347,0.5979909523568702,0.20079744109978634,0.0
2021-08-25,102141.93868656504,-0.0059380908559868535,0.010356804110199791,5,0.20283831539256567,0.5965661077026103,0.20059557690482407,0.0
2021-08-26,102211.6489772857,0.000682484507510398,0.009681387961041898,5,0.20150336816284534,0.5978104487894212,0.2006861830477335,0.0
2021-08-27,103119.83476146705,0.008885345195665178,0.0008820652393837225,5,0.20151446971515496,0.5965771502860201,0.2019083799988248,0.0
2021-08-30,103268.97020653784,0.0014462343293680743,0.0,5,0.2021083678923144,0.5972699448652624,0.2006216872424232,0.0
2021-08-31,102857.79655180662,-0.00397886069442914,0.003981579887054831,5,0.20050144936840497,0.598296464617327,0.2012020860142679,0.0
2021-09-01,102973.08272683289,0.0011208306894674599,0.0028652118745173816,5,0.20038344372749212,0.5986278939941102,0.20098866227839782,0.0
2021-09-02,103250.75750046258,0.0026965762923335866,0.00017636184459690618,5,0.20045938423247106,0.599624009610945,0.19991660615658385,0.0
2021-09-03,102903.44607170843,-0.0033637663990271484,0.0035395350035771767,5,0.20108715056195015,0.596176331855051,0.2027365175829989,0.0
2021-09-07,101903.36363860988,-0.009718648609703824,0.01322378411633951,5,0.2023345633281193,0.5969485571639499,0.20071687950793082,0.0
2021-09-08,102243.31693827189,0.00333909773045132,0.009931863038961652,5,0.19909153525275577,0.6020732754572057,0.19883518929003863,0.0
2021-09-09,102991.00144240996,0.0073127958533414925,0.0026916968724673973,5,0.19680021920464216,0.6049349166519393,0.19826486414341862,0.0
2021-09-10,102178.5853662032,-0.00788822387226755,0.010558688037208719,5,0.19680096422051208,0.6043687074054102,0.19883032837407774,0.0
2021-09-13,102672.63673517013,0.004835175268832316,0.005774565875645288,5,0.19635518099305338,0.6051084151036973,0.1985364039032494,0.0
2021-09-14,103448.25640131765,0.007554297725382512,0.0,5,0.19383132873647588,0.6078521237289101,0.19831654753461403,0.0
2021-09-15,103281.26061105022,-0.0016064534332757999,0.0016142929429334707,5,0.201994991844487,0.5988579409415908,0.1991470672139222,0.0
2021-09-16,102499.04153026496,-0.007573678672755894,0.009175745479655939,5,0.20321392248058476,0.6006627183305782,0.1961233591888371,0.0
2021-09-17,101968.5390559504,-0.005175682293164883,0.014303937029415237,5,0.20228128840197865,0.6008874803354028,0.19683123126261853,0.0
2021-09-20,102527.8675209842,0.005485304292992853,0.008897094183616616,5,0.19782331967536496,0.6050207168412696,0.19715596348336542,0.0
2021-09-21,102590.15670196884,0.0006075341513554763,0.008294965320825631,5,0.1975164385302277,0.6041332623124088,0.19835029915736346,0.0
2021-09-22,103080.38687960368,0.004782683382573221,0.0035560727122054825,5,0.20098971792743867,0.6007055131423891,0.19830476893017218,0.0
2021-09-23,101696.85904225605,-0.013421833961135303,0.016930177655843814,5,0.20619929817193275,0.5951189636169667,0.19868173821110063,0.0
2021-09-24,101113.9468416537,-0.005731860414294071,0.022564996655025427,5,0.20772963026848115,0.5926998829196176,0.1995704868119013,0.0
2021-09-27,100875.57343715377,-0.0023574730484333625,0.024869273332006614,5,0.2076247614800452,0.5919166632614462,0.20045857525850863,0.0
2021-09-28,99326.96002705058,-0.015351718531424098,0.03983920577915678,5,0.2066126178912484,0.591781552290794,0.20160582981795755,0.0
2021-09-29,99373.46359053213,0.00047640908163175996,0.03938967124760173,5,0.20024124714139302,0.6007545114914039,0.19900424136720302,0.0
2021-09-30,99477.49917330912,0.001046915132249658,0.038383993758235535,5,0.19758697106154754,0.6000432212657386,0.2023698076727138,0.0
2021-10-01,100258.8233245888,0.007854280191729178,0.03083119220836117,5,0.19837704841822767,0.6003778311096074,0.20124512047216486,0.0
2021-10-04,99943.43651062573,-0.0031457262663256934,0.03387993198353478,5,0.19643666489811862,0.6007386952487773,0.2028246398531041,0.0
2021-10-05,99473.56546175093,-0.004701369747525605,0.03842201964378489,5,0.19941813516272994,0.5977480879972052,0.20283377684006482,0.0
2021-10-06,99945.85086069485,0.00475069554197954,0.033856593261809564,5,0.19988163441488144,0.6005318753687671,0.1995864902163515,0.0
2021-10-07,99385.75752413065,-0.0056039678660083185,0.03927082986712627,5,0.20274593190158183,0.5976008958488659,0.1996531722495522,0.0
2021-10-08,98941.75480913468,-0.004467468237470133,0.0435628569195059,5,0.20328436250368584,0.5960810113198693,0.20063462617644473,0.0
2021-10-11,98609.02586912007,-0.0033628768830356497,0.04677923727804789,5,0.20249361527833531,0.5965747645227414,0.2009316201989233,0.0
2021-10-12,99655.27993069365,0.010610124705645306,0.03666544611355749,5,0.19987443100552996,0.6004059074104485,0.19971966158402166,0.0
2021-10-13,100663.17781821926,0.01011425333582948,0.02692243136794814,5,0.19870974450901416,0.5997696464224404,0.20152060906854558,0.0
2021-10-14,101273.57464704756,0.0060637548114223965,0.02102192757926835,5,0.20083433584794388,0.5983696192266331,0.2007960449254231,0.0
2021-10-15,100752.18448671693,-0.005148333730173445,0.026062033410612195,5,0.20341109385609438,0.5979614816174026,0.1986274245265031,0.0
2021-10-18,101045.73939287018,0.002913633164866558,0.023224335450634626,5,0.2034206030907444,0.5990201658117755,0.19755923109748005,0.0
2021-10-19,100433.46121615298,-0.006059416066387774,0.029143025605661732,5,0.20623963577118076,0.5943579805559848,0.19940238367283453,0.0
2021-10-20,100553.70765529881,0.0017920991117629202,0.027980643141917283,3,0.8017054247718955,0.1982945752281044,0.0,0.0
2021-10-21,100740.23884633866,0.0018550404096413131,0.02617750795599194,3,0.802308252138839,0.19769174786116103,0.0,0.0
2021-10-22,100875.82139706162,0.0013458629071723463,0.02486687638577989,3,0.8003997083980828,0.19960029160191706,0.0,0.0
2021-10-25,101278.06885723678,0.003987550778812155,0.020978483539266568,3,0.8014959533985961,0.1985040466014038,0.0,0.0
2021-10-26,101517.38504420356,0.002362961593433802,0.01866509329672461,3,0.8003262898058574,0.19967371019414268,0.0,0.0
2021-10-27,102527.34079769616,0.01055526187287118,0.00890218584302549,5,0.19703420508863154,0.6045354668919217,0.19843032801944663,0.0
2021-10-28,102507.64026811562,-0.0001921490348551927,0.00909262433146285,5,0.1989736122516192,0.6026051369477881,0.19842125080059278,0.0
2021-10-29,102564.79010355474,0.0005575178132053782,0.00854017581829103,5,0.19926625923458788,0.6041102593206011,0.19662348144481112,0.0
2021-11-01,102259.1005529209,-0.002980453139183487,0.011495175363647747,5,0.20020572538311862,0.6015534562018641,0.1982408184150174,0.0
2021-11-02,102571.36389624453,0.003053648444345668,0.008476629143668646,5,0.2004032099560924,0.6023842091818099,0.19721258086209764,0.0
2021-11-03,101889.75624176208,-0.0066424352602299,0.015065504376502115,5,0.20256656549570823,0.5977702613271337,0.19966317317715804,0.0
2021-11-04,102857.91575382458,0.009502029917171145,0.005706627332633829,5,0.2016055474909955,0.5983675703324879,0.20002688217651668,0.0
2021-11-05,104119.09696939863,0.012261391904853574,0.0,5,0.19985453264551178,0.5999601953396373,0.20018527201485092,0.0
2021-11-08,104094.54980600128,-0.00023576043311785818,0.00023576043311790418,5,0.20007230164118814,0.5989760606103883,0.2009516377484235,0.0
2021-11-09,104940.5131455917,0.00812687447293848,0.0,5,0.1978034915860497,0.6018824858029078,0.2003140226110424,0.0
2021-11-10,103848.18345205445,-0.010406863439978901,0.010409037089629813,5,0.20047736597900034,0.5952247778304024,0.20429785619059723,0.0
2021-11-11,103881.97766748503,0.0003254194181083981,0.010087004974314251,5,0.2004769527008585,0.5941475300543567,0.20537551724478476,0.0
2021-11-12,103808.5136565553,-0.0007071872578791968,0.01078705883080533,5,0.2021329045654126,0.5919567219746541,0.20591037345993338,0.0
2021-11-15,103010.96373919443,-0.007682895065808516,0.01838707805554818,5,0.20376760269657537,0.5890489521168585,0.2071834451865661,0.0
2021-11-16,102785.31671622535,-0.0021905146285241092,0.020537315520615773,5,0.20502318894320193,0.5888405584114825,0.20613625264531554,0.0
2021-11-17,103410.81871724656,0.00609674650923738,0.014576776713707162,5,0.19830515340680568,0.6010904439954513,0.20060440259774304,0.0
2021-11-18,103647.63247573031,0.0022900288521189574,0.012320129100833355,5,0.1985240508703541,0.6019721865387143,0.19950376259093158,0.0
2021-11-19,104111.49043819241,0.004475335821787597,0.007899929994139798,5,0.19728613333602518,0.6056176465030048,0.1970962201609702,0.0
2021-11-22,102854.10421977665,-0.012077304946107014,0.019881825076654813,5,0.19913577602612734,0.6058315217462926,0.19503270222758007,0.0
2021-11-23,101806.7121113383,-0.010183279669621143,0.029862642561177877,5,0.2014512523865375,0.6032144028749874,0.19533434473847514,0.0
2021-11-24,102821.84500855654,0.00997589068221712,0.020189229817237253,5,0.1985531830050161,0.6036116989164607,0.19783511807852316,0.0
2021-11-26,103901.98367991328,0.010504953215601527,0.009896363516324724,5,0.192106789247414,0.612431024317136,0.19546218643545005,0.0
2021-11-29,103607.31036215053,-0.002836070181975898,0.012704366916821974,5,0.19501638409194358,0.6092357290195792,0.1957478868884771,0.0
2021-11-30,104037.43000966897,0.004151441109850282,0.008605667238064885,5,0.1904312404747794,0.6159404974882172,0.1936282620370033,0.0
2021-12-01,104292.9939684441,0.0024564616672229423,0.006170345062533111,5,0.18785464937131016,0.6182212782277986,0.1939240724008912,0.0
2021-12-02,104573.1443633832,0.0027044566972880798,0.003500733617519347,5,0.20251553546633466,0.5991282744259164,0.1983561901077489,0.0
2021-12-03,105310.93598494366,0.007055268597420189,0.0,5,0.19934695682221243,0.6020296218298812,0.19862342134790642,0.0
2021-12-06,104637.28410046642,-0.006396789451890805,0.006396789451890816,5,0.20300648559407805,0.5975832329591471,0.1994102814467749,0.0
2021-12-07,104645.50228005592,7.853968745616896e-05,0.006318752166279085,5,0.2071893604195211,0.5927082691845665,0.20010237039591242,0.0
2021-12-08,103642.1392549889,-0.00958820974820099,0.015846376393362838,5,0.209749086565516,0.5881023420953736,0.20214857133911035,0.0
2021-12-09,103722.09316985153,0.0007833491291322599,0.0150871588048489,5,0.19849419980237143,0.6028836663484276,0.19862213384920083,0.0
2021-12-10,103851.9947563914,0.0012524003572425416,0.013853653610683359,5,0.2001120859233272,0.6006771064724666,0.19921080760420637,0.0
2021-12-13,104642.00695548266,0.007607097012863505,0.006351942684818868,5,0.1968420656140372,0.6049526235878978,0.19820531079806514,0.0
2021-12-14,104155.64612425622,-0.004647854579407636,0.010970274358330756,5,0.19640061182272683,0.6063286876644904,0.19727070051278273,0.0
2021-12-15,103955.8260906372,-0.0019184752920704984,0.012867703450097467,5,0.1998527639251561,0.6016491278563512,0.19849810821849267,0.0
2021-12-16,104048.11654581486,0.0008894359035482801,0.011991341899281416,5,0.19806017354600264,0.59970019334933,0.20223963310466744,0.0
2021-12-17,104490.8028041942,0.004254630194910014,0.007787730429693607,5,0.19512205463981783,0.6039262464471743,0.20095169891300788,0.0
2021-12-20,103712.35153666878,-0.007449950106940729,0.015179662333486665,5,0.1944962323451383,0.6039004142274179,0.2016033534274438,0.0
2021-12-21,103823.37538868656,0.001070497875834212,0.01412541425393632,5,0.1977386321234813,0.6009579586322976,0.201303409244221,0.0
2021-12-22,104513.77905991185,0.006649790267756201,0.0075695550284139435,5,0.1983964212296278,0.5997501952927026,0.20185338347766957,0.0
2021-12-23,104146.6516971722,-0.0035108704517137594,0.011055682649501075,5,0.20195347121095283,0.5968894888857113,0.20115703990333583,0.0
2021-12-27,104644.6006356277,0.00478122849214006,0.0063273139022448355,5,0.2038369639030162,0.5954892747000162,0.2006737613969676,0.0
2021-12-28,104289.68472847402,-0.003391631340727234,0.009697485326838673,5,0.20436351425014385,0.5951476571606363,0.20048882858921985,0.0
2021-12-29,103632.7082797878,-0.006299534324959541,0.01593593001011595,5,0.20592216486468434,0.5923778369578396,0.2016999981774761,0.0
2021-12-30,104238.55322200824,0.005846078446437859,0.010183014260634282,5,0.2041593487797052,0.5938737232193461,0.20196692800094862,0.0
2021-12-31,104450.42549553268,0.0020387098927635,0.008171140835117163,5,0.19909003252822968,0.5999533421332061,0.20095662533856437,0.0
2022-01-03,102602.94184475932,-0.01768766036144453,0.025714272832704665,5,0.20384835537614304,0.5947236952983023,0.20142794932555472,0.0
2022-01-04,102494.44187765715,-0.0010574742317460129,0.026744554883541993,5,0.20399584379512872,0.5928775837413898,0.20312657246348154,0.0
2022-01-05,101700.52460672976,-0.007745954379409713,0.03428334716092629,5,0.20164058913143715,0.5942628524445804,0.20409655842398236,0.0
2022-01-06,101583.56378203342,-0.0011500513409209295,0.035393970892473536,5,0.20168307167634386,0.5964872395586103,0.2018296887650458,0.0
2022-01-07,101157.21850759814,-0.00419349268967902,0.039442413444500946,5,0.20004820466647105,0.5981955042650549,0.201756291068474,0.0
2022-01-10,101343.00697994152,0.001836630890848696,0.03767822370859408,5,0.1994329889955823,0.5985683363148768,0.20199867468954089,0.0
2022-01-11,102178.13299255559,0.008240588448094402,0.029748125995537333,5,0.1996046252281292,0.5976305571809416,0.2027648175909292,0.0
2022-01-12,102054.06473956342,-0.0012142348794063533,0.030926239662762867,5,0.2003875913825786,0.5960646052681315,0.20354780334928993,0.0
2022-01-13,102241.96108771217,0.001841145167791658,0.029142034191684152,5,0.19726335150444949,0.600253096302234,0.20248355219331657,0.0
2022-01-14,101264.27301739824,-0.00955978283707428,0.03842585700808865,5,0.20201300232515057,0.5966380807363584,0.20134891693849113,0.0
2022-01-18,100017.95636869785,-0.01230756526031901,0.050260493525596917,5,0.20090810615829946,0.5955703999112484,0.20352149393045202,0.0
2022-01-19,100544.98590213944,0.005269349150654401,0.04525598446381307,5,0.19777980224915911,0.5965504211246696,0.20566977662617117,0.0
2022-01-20,100643.12444237016,0.0009760659803189003,0.0443240913103351,5,0.1954000269789394,0.5996441916403271,0.20495578138073348,0.0
2022-01-21,100908.32712437052,0.00263507997659815,0.0418058088592298,5,0.19106076166167962,0.6051890107464334,0.20375022759188696,0.0
2022-01-24,100606.62041177946,-0.002980996381225399,0.04467072226797775,5,0.20144985150845707,0.5968500414554275,0.20170010703611535,0.0
2022-01-25,100327.08799626093,-0.0027784693927139785,0.047325075426119745,5,0.199544782894457,0.5975464719517041,0.2029087451538389,0.0
2022-01-26,99222.74458909757,-0.01100743008911526,0.05781157805602,5,0.2012595280690709,0.5968901910314373,0.20185028089949175,0.0
2022-01-27,99953.34069141395,0.007363191830078353,0.050874063965167804,5,0.19880186964925436,0.6034077256843781,0.19779040466636763,0.0
2022-01-28,100408.96455030677,0.004558365490749032,0.04654760105197164,5,0.2028146807797879,0.60087981361445,0.19630550560576202,0.0
2022-01-31,100577.76306524481,0.0016848107243245605,0.04494474268442117,5,0.2032597634661795,0.5958937174247453,0.2008465191090753,0.0
2022-02-01,100533.76650485279,-0.00043743824729409753,0.045362520382250415,5,0.20472274806178475,0.5941754814651443,0.20110177047307085,0.0
2022-02-02,101009.34709047635,0.004730555734232967,0.04084655457893094,5,0.2057382037755112,0.5933811096342843,0.20088068659020453,0.0
2022-02-03,100024.16096622242,-0.009753415427697684,0.050201576591030306,5,0.20288107835463182,0.5945480098724093,0.20257091177295888,0.0
2022-02-04,99274.12802302977,-0.007498517717593611,0.057323656897104946,5,0.20537511377571152,0.5902087763066992,0.2044161099175893,0.0
2022-02-07,99394.96870321236,0.00122704566144154,0.056176191260678854,5,0.1991138115321522,0.5996525948770293,0.2012335935908185,0.0
2022-02-08,99220.4476443684,-0.0017558339332555623,0.05783338913107772,5,0.20110523311790654,0.5966909919706966,0.2022037749113968,0.0
2022-02-09,99692.0807751108,0.004753386443415994,0.05335490713553426,5,0.2030832446780255,0.5949855109412248,0.20193124438074989,0.0
2022-02-10,98309.26602517144,-0.013870858539493776,0.06648568730576332,5,0.20223997039923283,0.5937658550761973,0.2039941745245699,0.0
2022-02-11,99164.90194291678,0.008703512418923533,0.0583608338919861,5,0.19654150382897737,0.5973709232231234,0.2060875729478993,0.0
2022-02-14,98437.14785813517,-0.00693816801827088,0.0652713610654001,1,0.6022165677452088,0.3977834322547912,0.0,0.0
2022-02-15,98948.6339938955,0.0051960682210894504,0.0604144472892898,1,0.608765322104442,0.3912346778955581,0.0,0.0
2022-02-16,99245.55975006812,0.0030008070267138775,0.057594932360516715,1,0.6076241449841172,0.3923758550158828,0.0,0.0
2022-02-17,98247.05776344365,-0.010060923522815632,0.06707639767355156,1,0.6006879906301784,0.39931200936982153,0.0,0.0
2022-02-18,98277.92953524012,0.00031422591677812765,0.06678324889932652,1,0.596611178364879,0.403388821635121,0.0,0.0
2022-02-22,98222.65615352667,-0.00016587367881444045,0.06730810779642493,5,0.1978864413562412,0.6016625015170238,0.20045105712673505,0.0
2022-02-23,97152.15385160218,-0.010898730943004002,0.07747326578227298,5,0.19651796765219523,0.5999088069390938,0.20357322540871098,0.0
2022-02-24,97350.30079048219,0.0020395527121577443,0.07559172387946123,5,0.19906942783424622,0.5990821014206579,0.2018484707450959,0.0
2022-02-25,97755.08872733256,0.004158055327651925,0.07174798312201269,5,0.2026191772500919,0.5970376821731341,0.20034314057677383,0.0
2022-02-28,99186.65348989658,0.014644401444481899,0.05815428794520139,5,0.19918382371433968,0.6013179420101256,0.19949823427553476,0.0
2022-03-01,99932.75981073323,0.0075235729842279,0.05106949362770219,5,0.19548325511621154,0.6024046666557722,0.20211207822801625,0.0
2022-03-02,98024.15148729518,-0.01909892538795924,0.0691930465672651,5,0.20295561795306272,0.5931412195014812,0.20390316254545607,0.0
2022-03-03,98636.30116857844,0.006244886306030406,0.06338026297021504,5,0.2006918743928568,0.5954640260597219,0.20384409954742133,0.0
2022-03-04,99809.73362115698,0.011896557744729556,0.05223771218378681,5,0.1967210662148802,0.5986224791690553,0.20465645461606455,0.0
2022-03-07,99078.64300804697,-0.007324842844335971,0.05917992199582878,5,0.1923306780428698,0.5984385031609307,0.20923081879619954,0.0
2022-03-08,98189.23010704272,-0.00857266322198992,0.06762551117121518,1,0.6005997023778448,0.3994002976221553,0.0,0.0
2022-03-09,99386.02147310272,0.0121886215499937,0.05626115138401222,1,0.6092760082510418,0.3907239917489582,0.0,0.0
2022-03-10,98554.67545050438,-0.008364818414864575,0.06415535548373841,1,0.6116411309387337,0.38835886906126627,0.0,0.0
2022-03-11,97916.30572601578,-0.006477315475603196,0.0702171164824239,1,0.6078009231567819,0.39219907684321814,0.0,0.0
2022-03-14,96584.70024991491,-0.013599425205306482,0.08286162926399532,1,0.6116774056226316,0.38832259437736844,0.0,0.0
2022-03-15,97790.47156975688,0.012495905345842941,0.07141199861961145,1,0.6056263129285431,0.394373687071457,0.0,0.0
2022-03-16,99481.98158851812,0.01729728869907991,0.055349943877233354,1,0.6085298121596948,0.3914701878403053,0.0,0.0
2022-03-17,99949.07690156423,0.00469527552213559,0.05091455159173608,1,0.6132635562648563,0.38673644373514376,0.0,0.0
2022-03-18,101092.51001261365,0.011440156792799137,0.04005686525218155,1,0.6129681006355587,0.3870318993644412,0.0,0.0
2022-03-21,100168.3802887451,-0.009141426241699184,0.04883211461470427,1,0.6184424001830651,0.3815575998169349,0.0,0.0
2022-03-22,100831.07929547042,0.0067986422244309406,0.0425393302943744,3,0.8038955917524782,0.19610440824752182,0.0,0.0
2022-03-23,100220.52994292208,-0.006055170259154093,0.04833691766588577,3,0.798377131653354,0.20162286834664606,0.0,0.0
2022-03-24,101268.39927988536,0.010455635562494627,0.03838667529871986,3,0.802026334772908,0.19797366522709203,0.0,0.0
2022-03-25,101386.92655286049,0.001170427041584252,0.0372611770599417,3,0.8050009961299988,0.19499900387000135,0.0,0.0
2022-03-28,102136.48960460594,0.007393093737333757,0.030143558697375616,3,0.8047771127442185,0.19522288725578157,0.0,0.0
2022-03-29,103182.01041073822,0.010443421857621659,0.020215617250897933,1,0.6011445582057503,0.39885544179424975,0.0,0.0
2022-03-30,103120.07596653367,-0.000600244596495182,0.020803727532373473,1,0.5977913745509731,0.402208625449027,0.0,0.0
2022-03-31,102272.01598091434,-0.008224004663209909,0.028856642243344943,1,0.593471344701128,0.40652865529887205,0.0,0.0
2022-04-01,102602.3035179458,0.0032295006005660905,0.025720334186234206,1,0.5932373821025148,0.40676261789748536,0.0,0.0
2022-04-04,102833.71018229912,0.0022553749420728287,0.023522968241386666,1,0.5969730765893951,0.40302692341060486,0.0,0.0
2022-04-05,101124.72346714423,-0.016615958078401,0.03975097627465718,1,0.6024310984164022,0.3975689015835979,0.0,0.0
2022-04-06,100190.11951962879,-0.009242091503163307,0.04862568561775005,1,0.6019705453749329,0.3980294546250672,0.0,0.0
2022-04-07,100193.6803331882,3.55405660406714e-05,0.04859187323610037,1,0.6049825469925634,0.3950174530074366,0.0,0.0
2022-04-08,99602.93121402466,-0.0058960716603984765,0.05420144372978575,1,0.6069434373442589,0.393056562655741,0.0,0.0
2022-04-11,97950.10694998952,-0.016594132761852076,0.06989615053850162,1,0.6066359256764758,0.3933640743235242,0.0,0.0
2022-04-12,97677.60488805082,-0.00277543215394242,0.07248374563857429,1,0.5994405463435375,0.4005594536564625,0.0,0.0
2022-04-13,98427.79039869457,0.007680220164115888,0.06536021659928248,1,0.6016852849239228,0.39831471507607713,0.0,0.0
2022-04-14,96904.45967078411,-0.01547663237933122,0.07982529293407314,1,0.6035338392711133,0.3964661607288867,0.0,0.0
2022-04-18,96737.60301296042,-0.0017218676869006652,0.08140971202847325,1,0.6048233667547351,0.3951766332452648,0.0,0.0
2022-04-19,97395.74552213596,0.006803378300445977,0.07516019479628722,1,0.6104339593339867,0.3895660406660134,0.0,0.0
2022-04-20,98135.45547336274,0.00760540308297094,0.06813613842162414,1,0.5950295771443305,0.4049704228556696,0.0,0.0
2022-04-21,96968.24115941933,-0.011893910394701725,0.07921964369129808,1,0.5931870777280722,0.4068129222719278,0.0,0.0
2022-04-22,95141.65495111218,-0.01883695307316305,0.09656434005377545,1,0.587986410448018,0.4120135895519819,0.0,0.0
2022-04-25,95858.01244331204,0.007529378089627933,0.08976203139038774,1,0.5869757574902027,0.41302424250979725,0.0,0.0
2022-04-26,94627.04898637484,-0.01284152910707546,0.10145087875865333,1,0.5773910107502928,0.4226089892497073,0.0,0.0
2022-04-27,94299.09779575739,-0.0034431923917697,0.10456500159452231,1,0.6037659511500995,0.39623404884990066,0.0,0.0
2022-04-28,95792.8786226565,0.015840881427460547,0.09038052195878266,1,0.6093638609625796,0.39063613903742045,0.0,0.0
2022-04-29,93150.24219168101,-0.02758698213241148,0.11547417824679918,1,0.6034930540137012,0.39650694598629876,0.0,0.0
2022-05-02,92848.40197009071,-0.0032403589565467715,0.11834035941561405,1,0.609099383904456,0.3909006160955441,0.0,0.0
2022-05-03,93352.33880279561,0.005427522951523156,0.11355513148091068,1,0.6085884566889757,0.39141154331102435,0.0,0.0
2022-05-04,95262.96277270875,0.02047556776062838,0.09541243858730375,1,0.6058662321416673,0.39413376785833254,0.0,0.0
2022-05-05,92182.85065031126,-0.03233273491342523,0.1246602284164422,1,0.6038563330236989,0.3961436669763011,0.0,0.0
2022-05-06,91312.49636851966,-0.009441607366789147,0.13292484285226902,1,0.6059734523027722,0.3940265476972278,0.0,0.0
2022-05-09,89857.41446779105,-0.01593518914274531,0.14674184948239377,1,0.5960701819256815,0.40392981807431844,0.0,0.0
2022-05-10,90310.34484158602,0.005040545362645841,0.1424409630686625,1,0.5944511063067746,0.40554889369322544,0.0,0.0
2022-05-11,90145.24859216316,-0.0018225602009889783,0.14400866587064365,1,0.5915465110418962,0.40845348895810385,0.0,0.0
2022-05-12,90020.89875291214,-0.0013794386414486418,0.14518945339368694,1,0.5917452305300307,0.4082547694699693,0.0,0.0
2022-05-13,90751.22723382701,0.008112877021140004,0.1382544805526964,1,0.6010165579412883,0.3989834420587117,0.0,0.0
2022-05-16,90492.45872555094,-0.0028514050571387052,0.140711666084815,1,0.6002896355659273,0.3997103644340727,0.0,0.0
2022-05-17,91172.8004120196,0.007518214181051481,0.13425135234716168,1,0.6080661494176351,0.3919338505823648,0.0,0.0
2022-05-18,88604.24625976995,-0.027985810700922844,0.158641546283116,3,0.7898554566614047,0.2101445433385954,0.0,0.0
2022-05-19,88220.23045137162,-0.0043340564883591086,0.1622880413484835,3,0.7884351812161342,0.2115648187838658,0.0,0.0
2022-05-20,88462.42249643203,0.002745311861250553,0.15998826077208606,3,0.7866197049965534,0.21338029500344652,0.0,0.0
2022-05-23,89453.81348055051,0.011206916520497316,0.15057431933432108,3,0.7924566205321519,0.20754337946784807,0.0,0.0
2022-05-24,89279.01075334413,-0.0019541115174971776,0.15223419184016762,3,0.7879469369797991,0.21205306302020094,0.0,0.0
2022-05-25,89876.5830777839,0.0068825530564500595,0.14655983030448438,1,0.6011633924750058,0.3988366075249943,0.0,0.0
2022-05-26,90793.96086368215,0.010207083474727848,0.1378486952517164,1,0.6069798288673481,0.3930201711326519,0.0,0.0
2022-05-27,92233.96845459114,0.0158601693021302,0.124174829594356,1,0.6121715112795176,0.38782848872048237,0.0,0.0
2022-05-31,91160.19107462448,-0.01164188636744294,0.13437108670596487,1,0.6159070584610541,0.3840929415389458,0.0,0.0
2022-06-01,90666.0232473896,-0.005420873096134158,0.1390635511932763,1,0.6142550657650199,0.3857449342349802,0.0,0.0
2022-06-02,92039.57686772385,0.0153381898945325,0.1260207118386757,3,0.8029196030627107,0.19708039693728932,0.0,0.0
2022-06-03,90787.74483598644,-0.01360101897835219,0.13790772072364454,3,0.8006316766514215,0.19936832334857849,0.0,0.0
2022-06-06,90675.23149483197,-0.0012393009800796893,0.13897611253027098,3,0.8040659732390925,0.19593402676090754,0.0,0.0
2022-06-07,91566.46231150083,0.009828823174492286,0.130513260991317,3,0.8038774997990961,0.19612250020090394,0.0,0.0
2022-06-08,90607.06599837934,-0.01047759505939742,0.13962339095216603,3,0.8035569899522069,0.19644301004779302,0.0,0.0
2022-06-09,88943.17985505106,-0.01836026532672014,0.15542313793728602,3,0.7955807027359368,0.20441929726406316,0.0,0.0
2022-06-10,86778.64355499831,-0.024336169491356707,0.17597690360092244,3,0.7917813257803937,0.20821867421960635,0.0,0.0
2022-06-13,83602.88239720599,-0.036596114293715586,0.20613294701740448,3,0.7906537247299829,0.20934627527001706,0.0,0.0
2022-06-14,83182.94384984378,-0.005023015179871914,0.21012055327533619,3,0.7922507388602763,0.2077492611397237,0.0,0.0
2022-06-15,84444.84664467981,0.015170210820068123,0.19813791554608418,3,0.7915374187920606,0.20846258120793926,0.0,0.0
2022-06-16,83020.2587852184,-0.016681696788443577,0.2116653602139874,1,0.5899842997321506,0.41001570026784945,0.0,0.0
2022-06-17,83235.53538012804,0.0025930609957095065,0.2096211604079916,1,0.5897270370135402,0.41027296298645965,0.0,0.0
2022-06-21,83892.32087714011,0.00789068627975547,0.20338452894261405,1,0.5998394401381545,0.40016055986184557,0.0,0.0
2022-06-22,84724.27241686036,0.009916897411130544,0.19548457504001848,1,0.5928725177885248,0.40712748221147516,0.0,0.0
2022-06-23,85500.0266055675,0.009156221311530226,0.18811825376054514,1,0.5932521963516296,0.4067478036483705,0.0,0.0
2022-06-24,86657.0419131988,0.013539177731732617,0.1771315950929523,1,0.6108065062511261,0.38919349374887396,0.0,0.0
2022-06-27,86167.22011403086,-0.005652417718788229,0.18178279104507988,1,0.6119322122722836,0.3880677877277165,0.0,0.0
2022-06-28,85245.63341095849,-0.01069532824492632,0.19053389267050025,1,0.6059091239306303,0.3940908760693697,0.0,0.0
2022-06-29,85727.9150035123,0.005657551868126853,0.1859542961827929,1,0.602009774178908,0.3979902258210919,0.0,0.0
2022-06-30,85608.26194072276,-0.001395730466378864,0.18709048457263544,1,0.5979534306474857,0.4020465693525143,0.0,0.0
2022-07-01,86490.91883498966,0.01051458818118892,0.17870904834275436,3,0.8000491106839676,0.1999508893160325,0.0,0.0
2022-07-05,86757.48510822472,0.003082014584023758,0.1761778176520199,3,0.7990972858778417,0.2009027141221584,0.0,0.0
2022-07-06,86698.9568684826,-0.0006746189065890835,0.17673358367189929,3,0.8023372122527095,0.1976627877472905,0.0,0.0
2022-07-07,87589.99916245464,0.010277428081674558,0.16827252228602918,3,0.8060697951959609,0.19393020480403916,0.0,0.0
2022-07-08,87343.76814795357,-0.0028111772674455178,0.1706106556640885,3,0.8076771880225061,0.19232281197749387,0.0,0.0
2022-07-11,86846.1239026188,-0.00568990228761406,0.17533613113993007,3,0.7953867953431428,0.20461320465685717,0.0,0.0
2022-07-12,86340.45994943153,-0.005822527597826696,0.1801377592752983,3,0.7929655759716909,0.20703442402830904,0.0,0.0
2022-07-13,86185.8618591357,-0.0017905636637375647,0.18160577481281037,3,0.7902159558597414,0.2097840441402587,0.0,0.0
2022-07-14,85872.96514412233,-0.0036304877420007984,0.18457694501547672,3,0.791169391394655,0.208830608605345,0.0,0.0
2022-07-15,87271.90675566297,0.016290826911505532,0.17129302916707279,3,0.7933603526949892,0.2066396473050109,0.0,0.0
2022-07-18,86459.11251484057,-0.00912175833838048,0.17901107129841043,1,0.6005236769124703,0.3994763230875296,0.0,0.0
2022-07-19,87675.65980123455,0.014070781563772745,0.16745911541637448,1,0.6081916456250778,0.3918083543749223,0.0,0.0
2022-07-20,88105.63840309576,0.004904195792036122,0.1633761719135015,1,0.6090805212163154,0.39091947878368466,0.0,0.0
2022-07-21,89247.13289771744,0.012955975523373176,0.15253689407454196,1,0.6074132995240319,0.3925867004759682,0.0,0.0
2022-07-22,89333.17558860818,0.0009640947344419892,0.15171985935648524,1,0.6011980789933375,0.3988019210066625,0.0,0.0
2022-07-25,89227.44054208895,-0.0009849972553520401,0.15272388657863767,3,0.8017616973452887,0.1982383026547113,0.0,0.0
2022-07-26,88394.61854564455,-0.009333698146945709,0.16063210606842993,3,0.7997404664905302,0.20025953350946982,0.0,0.0
2022-07-27,90130.81163027755,0.01964138895781842,0.14414575478501512,3,0.8047014870021996,0.1952985129978005,0.0,0.0
2022-07-28,91180.60931392688,0.01164748951729939,0.13417720143553746,3,0.805413199327896,0.19458680067210407,0.0,0.0
2022-07-29,92203.02179217541,0.011213047225078812,0.12446868950668422,3,0.8080938987893356,0.19190610121066445,0.0,0.0
2022-08-01,92427.97230173889,0.0024478440498450797,0.12233262920620747,3,0.7956833595238795,0.20431664047612036,0.0,0.0
2022-08-02,91543.19599094405,-0.009572603279734537,0.13073419075838422,3,0.7980736776450039,0.20192632235499605,0.0,0.0
2022-08-03,92978.29291222949,0.015676718578051613,0.11710695529738124,3,0.7980601507338833,0.20193984926611688,0.0,0.0
2022-08-04,92921.85932603339,-0.0006069544237532782,0.11764283113656437,3,0.7980052890733718,0.2019947109266283,0.0,0.0
2022-08-05,92349.74277216852,-0.006156964120331439,0.1230754725665737,3,0.8015918061170775,0.19840819388292258,0.0,0.0
2022-08-08,92561.96873874066,0.0022996632274185406,0.12106024058152631,3,0.7972380502057127,0.20276194979428727,0.0,0.0
2022-08-09,92195.97928560755,-0.003953993828352198,0.1245355629657603,3,0.7972243891493,0.20277561085069987,0.0,0.0
2022-08-10,93617.68555192612,0.015420480126517776,0.11103548101300065,3,0.8016080761503246,0.19839192384967533,0.0,0.0
2022-08-11,93184.76267258273,-0.004624370670894825,0.11514638246207032,3,0.8053322308992213,0.19466776910077868,0.0,0.0
2022-08-12,94639.16072759588,0.0156076810553608,0.1013358694188562,3,0.8063800993406273,0.19361990065937273,0.0,0.0
2022-08-15,94820.80002434994,0.0021261015085887198,0.09961107896803323,1,0.6011941486408494,0.3988058513591506,0.0,0.0
2022-08-16,95089.67639000311,0.0028356264193522595,0.09705791235586292,1,0.6006684434996873,0.39933155650031277,0.0,0.0
2022-08-17,94287.93751269208,-0.008431397684252785,0.10467097618264021,1,0.6014761679926963,0.3985238320073036,0.0,0.0
2022-08-18,94508.43973912374,0.0023386048337516708,0.10257715539974266,1,0.6018169480853,0.3981830519147,0.0,0.0
2022-08-19,93138.17985108968,-0.014498809755154867,0.11558871849353158,1,0.6024647870745165,0.3975352129254836,0.0,0.0
2022-08-22,91505.97900594652,-0.01733039687261996,0.13108759171004658,3,0.7971569375737539,0.2028430624262461,0.0,0.0
2022-08-23,91227.35909744116,-0.0030448273602672023,0.1337332799844836,3,0.7976571641333348,0.20234283586666527,0.0,0.0
2022-08-24,91325.20419207898,0.0010725411280765173,0.132804173299383,3,0.7993533140247512,0.20064668597524887,0.0,0.0
2022-08-25,92611.17466332985,0.014081221965254643,0.12059299637626908,3,0.799381955078832,0.2006180449211681,0.0,0.0
2022-08-26,90245.29374930692,-0.025546387059916204,0.143058668074042,3,0.7925707490766947,0.20742925092330533,0.0,0.0
2022-08-29,89571.37179897359,-0.00727649913507068,0.1494580219875774,1,0.6004016113499229,0.39959838865007713,0.0,0.0
2022-08-30,89069.9595912241,-0.005597906983883253,0.15421927686637915,1,0.5971533897640547,0.40284661023594526,0.0,0.0
2022-08-31,88322.1659154366,-0.0083955766817388,0.16132009378338397,1,0.597626999789293,0.402373000210707,0.0,0.0
2022-09-01,87837.16244660663,-0.005491299537358895,0.16592553636438345,1,0.6028125539720836,0.39718744602791634,0.0,0.0
2022-09-02,87476.19443132788,-0.004109513618431901,0.16935317673148031,1,0.5989174726606863,0.40108252733931365,0.0,0.0
2022-09-06,86411.40518620223,-0.01217126224154244,0.1794640853011078,1,0.6051009171656443,0.39489908283435565,0.0,0.0
2022-09-07,87890.42388459116,0.017116012581925855,0.16541978226119947,1,0.605605981418122,0.39439401858187784,0.0,0.0
2022-09-08,87882.77091951501,-8.707393522408463e-05,0.1654924524450182,1,0.6096174372201868,0.39038256277981315,0.0,0.0
2022-09-09,88791.26083230576,0.010337520122377134,0.1568657138798929,1,0.6127536854781697,0.3872463145218303,0.0,0.0
2022-09-12,89093.46286871894,0.0034035110390415865,0.15399609702968875,1,0.6172384609827488,0.3827615390172512,0.0,0.0
2022-09-13,86850.50949663534,-0.02515848082432058,0.17529448689875493,1,0.5887220204996845,0.4112779795003155,0.0,0.0
2022-09-14,87168.37290314639,0.0036598910973962176,0.1722761545333822,1,0.5888133836039116,0.41118661639608856,0.0,0.0
2022-09-15,86562.4233721843,-0.006951483786847377,0.17803006342513028,1,0.5862034663040878,0.41379653369591224,0.0,0.0
2022-09-16,85876.7154282935,-0.007921542826297121,0.18454133347963675,1,0.5863762665216116,0.4136237334783885,0.0,0.0
2022-09-19,86350.18402403286,0.005513352407320434,0.1800454224775062,1,0.5876835713519829,0.41231642864801704,0.0,0.0
2022-09-20,85503.68538430032,-0.00941905820754808,0.18808351113197963,5,0.19958416366987614,0.5996662820481075,0.20074955428201632,0.0
2022-09-21,86144.67450691474,0.007496625668630253,0.18199687714074753,5,0.1946434888670603,0.605175563584722,0.20018094754821766,0.0
2022-09-22,84661.95967679338,-0.017211915171869867,0.19607627750172563,5,0.19638873536014184,0.6000421426148602,0.2035691220249979,0.0
2022-09-23,84293.12041325141,-0.004356611457495852,0.1995786608021144,5,0.193943208495291,0.6051293358211701,0.20092745568353892,0.0
2022-09-26,82959.57128924826,-0.015820379142038644,0.21224162986160322,5,0.19511136616837663,0.6031063388374717,0.2017822949941518,0.0
2022-09-27,81925.55689626363,-0.012064071869383141,0.22206030997600712,1,0.6057765102860714,0.39422348971392873,0.0,0.0
2022-09-28,83983.4235420484,0.025118738568850992,0.20251944627996143,1,0.6025603061931409,0.39743969380685906,0.0,0.0
2022-09-29,82753.57179841289,-0.014643982011756977,0.21419773716336366,1,0.5987413818461749,0.4012586181538252,0.0,0.0
2022-09-30,81558.68318271698,-0.014439118333244159,0.22554402902299286,1,0.5981190810836899,0.40188091891631006,0.0,0.0
2022-10-03,83367.38891602325,0.02217674026509465,0.208369120107884,1,0.6005910553224663,0.39940894467753374,0.0,0.0
2022-10-04,84824.18504289824,0.017475013691002877,0.19453583571771138,1,0.6079678119401757,0.39203218805982437,0.0,0.0
2022-10-05,84386.14487837297,-0.0051640951729007775,0.1986953293204261,1,0.6097007401543884,0.39029925984561176,0.0,0.0
2022-10-06,83672.31262214997,-0.008459116804682339,0.20547365912584203,1,0.6085590506892173,0.3914409493107827,0.0,0.0
2022-10-07,81934.01724109944,-0.020775036885861808,0.22197997316429152,1,0.6041348763186931,0.3958651236813068,0.0,0.0
2022-10-10,81051.84908154047,-0.01076681199413312,0.23035676852090203,1,0.6060473710746301,0.3939526289253698,0.0,0.0
2022-10-11,80697.2972231419,-0.00418124167512446,0.23372348305137824,3,0.7982713770043399,0.20172862299566008,0.0,0.0
2022-10-12,80564.67822188714,-0.0016434131726623031,0.23498279197323346,3,0.7969478650672743,0.20305213493272561,0.0,0.0
2022-10-13,82102.65207623085,0.019089927351387075,0.22037866904944137,3,0.8026575991208659,0.19734240087913424,0.0,0.0
2022-10-14,80467.1799659355,-0.019919845083406506,0.23590860518569579,3,0.8003079282854848,0.1996920717145152,0.0,0.0
2022-10-17,82043.80387232185,0.019593378406622147,0.22093747334985536,3,0.8050990777615955,0.19490092223840447,0.0,0.0
2022-10-18,82682.17307283562,0.00798757110006152,0.21487571732667232,1,0.6022392625426299,0.39776073745737023,0.0,0.0
2022-10-19,81730.56942200597,-0.011509175623521252,0.22391185058225083,1,0.6049338624259677,0.39506613757403236,0.0,0.0
2022-10-20,80764.04902209408,-0.011825690274117338,0.23308962866267802,1,0.6070398992778206,0.39296010072217935,0.0,0.0
2022-10-21,81383.49118687617,0.007669775999128395,0.2272075979031124,1,0.6170592371497896,0.38294076285021034,0.0,0.0
2022-10-24,81740.41632074789,0.004385719126402777,0.22381834748449736,1,0.6218823387813118,0.3781176612186882,0.0,0.0
2022-10-25,83473.64125193792,0.021226360810911782,0.20736018086600072,1,0.5969110003213788,0.4030889996786212,0.0,0.0
2022-10-26,83583.00780922972,0.001310192722535189,0.20632166994337975,1,0.5916386007282634,0.40836139927173665,0.0,0.0
2022-10-27,83676.32311293102,0.0011164386894794568,0.20543557674870305,1,0.5878230406192541,0.41217695938074594,0.0,0.0
2022-10-28,84609.43993962689,0.011151503698800296,0.1965749886438809,1,0.59517064439441,0.40482935560558986,0.0,0.0
2022-10-31,84001.54260143625,-0.007184746035718991,0.20234739330921936,1,0.5951475510445149,0.4048524489554851,0.0,0.0
2022-11-01,84094.61037308932,0.0011127871648856803,0.20146365060213345,1,0.596710544939085,0.40328945506091496,0.0,0.0
2022-11-02,82688.0672069065,-0.01672572308668333,0.21481974845681318,1,0.591630716471165,0.408369283528835,0.0,0.0
2022-11-03,82002.11060283432,-0.008295714572161222,0.22133337971131328,1,0.5904369289593103,0.4095630710406896,0.0,0.0
2022-11-04,82134.72509171745,0.001617208239010242,0.22007411363754015,1,0.5979681154182844,0.40203188458171557,0.0,0.0
2022-11-07,82275.0924429596,0.0017089891161797203,0.21874122878631996,1,0.6026580583877097,0.3973419416122904,0.0,0.0
2022-11-08,82901.09551479807,0.0076113366728896795,0.21279689768733545,1,0.5986805353065027,0.4013194646934973,0.0,0.0
2022-11-09,81987.95655977128,-0.011014799615812037,0.22146778211625495,1,0.5928768598756848,0.40712314012431516,0.0,0.0
2022-11-10,85943.42478773493,0.04824450314333684,0.18390788208337372,1,0.5966717697778798,0.4033282302221201,0.0,0.0
2022-11-11,86312.73638972013,0.004297147837630893,0.18040101360356064,1,0.5998689678494934,0.40013103215050666,0.0,0.0
2022-11-14,85787.60468651682,-0.006084058102760598,0.18538750145776028,1,0.598406751955013,0.401593248044987,0.0,0.0
2022-11-15,86781.70733395177,0.011589563737953881,0.17594781090580203,1,0.5981847337784428,0.40181526622155717,0.0,0.0
2022-11-16,87148.24320191951,0.004223653569723562,0.17246729993569587,1,0.5911246261444998,0.40887537385550027,0.0,0.0
2022-11-17,86614.6082189967,-0.00612330166755513,0.17753453229795602,1,0.5929466772820338,0.40705332271796624,0.0,0.0
2022-11-18,86605.32443637044,-0.00010718495202086727,0.17762268821965044,1,0.5957026673571446,0.4042973326428555,0.0,0.0
2022-11-21,86565.31918560549,-0.00046192599618226197,0.17800256567863226,1,0.5938109451206438,0.40618905487935625,0.0,0.0
2022-11-22,87724.86639602795,0.01360404904747986,0.16699186484706574,3,0.7998840950760265,0.20011590492397344,0.0,0.0
2022-11-23,88473.24602376448,0.008530986235510662,0.15988548391200763,3,0.7981160157808438,0.2018839842191561,0.0,0.0
2022-11-25,88396.8880180964,-0.0008630632321047786,0.16061055586160078,3,0.7986265311754412,0.20137346882455878,0.0,0.0
2022-11-28,87320.5653615304,-0.012176024300150136,0.17083098213071946,3,0.7955699058664937,0.20443009413350635,0.0,0.0
2022-11-29,86991.90445806329,-0.003763843054684485,0.17395184417978626,3,0.7972037917994502,0.20279620820054975,0.0,0.0
2022-11-30,89311.87553955888,0.026671686650005605,0.15192211801889377,3,0.8037629838990167,0.19623701610098337,0.0,0.0
2022-12-01,89818.91971849553,0.005677231340999648,0.14710738368770204,3,0.7986372610661969,0.20136273893380308,0.0,0.0
2022-12-02,89963.60131946165,0.0016108143074931394,0.14573353205859096,3,0.7964328833733051,0.20356711662669497,0.0,0.0
2022-12-05,88418.17265549791,-0.017178377046911608,0.16040844354342187,3,0.7957760267348283,0.2042239732651718,0.0,0.0
2022-12-06,87636.4983035722,-0.008840652644692566,0.16783098085747128,3,0.7913006273628302,0.2086993726371698,0.0,0.0
2022-12-07,87929.46528583608,0.0033517076308226808,0.16504905721845087,3,0.795971315405959,0.2040286845940411,0.0,0.0
2022-12-08,88428.5793943223,0.00567630096309277,0.16030962437780483,3,0.7976789162711698,0.20232108372883023,0.0,0.0
2022-12-09,87436.22665189102,-0.011222081698340533,0.16973269837434735,3,0.8007056297901175,0.19929437020988242,0.0,0.0
2022-12-12,88501.30186114824,0.012181166205829128,0.15961907437798006,3,0.802474449738312,0.19752555026168805,0.0,0.0
2022-12-13,89207.71848354574,0.0079819913102049,0.1529111611324031,3,0.8021464284198611,0.197853571580139,0.0,0.0
2022-12-14,88827.45642912839,-0.004260521384158881,0.1565220117136925,3,0.7982863554202075,0.20171364457979246,0.0,0.0
2022-12-15,87162.79301844108,-0.01874041515548144,0.1723291393886882,3,0.7936319563762557,0.20636804362374428,0.0,0.0
2022-12-16,86145.16853595973,-0.0116749870815412,0.1819921859940934,3,0.7935265935982155,0.2064734064017844,0.0,0.0
2022-12-19,85266.60086230474,-0.010198687733581433,0.19033479225276917,3,0.7949047260407992,0.2050952739592007,0.0,0.0
2022-12-20,85048.81136215504,-0.0025542181574870555,0.19240285382788258,3,0.798030726838098,0.20196927316190205,0.0,0.0
2022-12-21,86108.75728902017,0.01246478912385526,0.18233793590694924,3,0.8019657221114243,0.19803427788857578,0.0,0.0
2022-12-22,85120.29493300128,-0.011479231464241858,0.19172406800020314,3,0.7997046945341297,0.2002953054658703,0.0,0.0
2022-12-23,85261.9179733913,0.001663798750950055,0.19037925951411894,3,0.8029689186897281,0.19703108131027205,0.0,0.0
2022-12-27,84659.75637161078,-0.00706249186147147,0.19609719940467896,3,0.8054911084147003,0.19450889158529966,0.0,0.0
2022-12-28,83715.2425551285,-0.01115658557220961,0.20506600979125955,3,0.8044555101941657,0.19554448980583425,0.0,0.0
2022-12-29,85110.43514099445,0.016670462336030478,0.19181769352840317,3,0.8010464709047287,0.19895352909527134,0.0,0.0
2022-12-30,84742.47704403456,-0.004323301794313765,0.19531170954410448,3,0.8024054192897019,0.19759458071029812,0.0,0.0
2023-01-03,84775.7775731752,0.00039296147932212685,0.1949954980430938,3,0.7987136190279119,0.20128638097208804,0.0,0.0
2023-01-04,85532.30163843858,0.008923823371721701,0.18781178005418953,3,0.7977607067609788,0.20223929323902118,0.0,0.0
2023-01-05,84825.84074404898,-0.008259580075091972,0.19452011369287836,3,0.7952238515864922,0.20477614841350775,0.0,0.0
2023-01-06,86693.72162358102,0.02202506838957242,0.17678329593447306,3,0.800710064367161,0.1992899356328389,0.0,0.0
2023-01-09,86746.34757160913,0.0006070329781967183,0.17628357624690294,3,0.7997705343905508,0.20022946560944913,0.0,0.0
2023-01-10,86945.4153344159,0.0022948258731291193,0.17439329048555308,3,0.8035351792223,0.19646482077770006,0.0,0.0
2023-01-11,88106.65851800292,0.013356002488694339,0.16336648521859531,3,0.8029737741850956,0.19702622581490434,0.0,0.0
2023-01-12,88705.88921941936,0.006801196544004641,0.15767637624926556,3,0.8004530915893099,0.19954690841069006,0.0,0.0
2023-01-13,88814.87451648648,0.0012290676449712601,0.15664148565554126,3,0.8021177535690637,0.19788224643093635,0.0,0.0
2023-01-17,88570.78188349691,-0.002748330550692296,0.1589593136257007,3,0.8028549232973975,0.19714507670260253,0.0,0.0
2023-01-18,87871.21190425628,-0.0078984284022785,0.16560221327043123,3,0.7964703269631477,0.20352967303685235,0.0,0.0
2023-01-19,87249.7642603932,-0.007072255297220707,0.17150328743761867,3,0.7963037742890531,0.20369622571094692,0.0,0.0
2023-01-20,88255.9519268531,0.011532268023750342,0.16194884129155318,3,0.8018905277613478,0.19810947223865208,0.0,0.0
2023-01-23,89019.84060868638,0.008657285542222361,0.15469519118685282,3,0.8026501539180315,0.19734984608196846,0.0,0.0
2023-01-24,89195.77643991323,0.0019763665046337578,0.1530245590765087,3,0.8002070865897402,0.19979291341025984,0.0,0.0
2023-01-25,89265.7372284962,0.0007843509118404818,0.15236023311711366,3,0.7998795109507871,0.20012048904921279,0.0,0.0
2023-01-26,89967.3766032062,0.007860119643822331,0.14569768313455245,3,0.8023639564836559,0.19763604351634398,0.0,0.0
2023-01-27,90088.36301436274,0.0013447809164220822,0.1445488336819768,3,0.8031274675049557,0.1968725324950443,0.0,0.0
2023-01-30,89117.9727704104,-0.010768444414536041,0.1537633586016971,3,0.7985617407517297,0.20143825924827027,0.0,0.0
2023-01-31,90307.87657068153,0.013352007045050325,0.14246440100396718,3,0.7996267593221218,0.20037324067787818,0.0,0.0
2023-02-01,91292.8639736674,0.01090699328108928,0.1331112659874225,3,0.7994059247666875,0.2005940752333125,0.0,0.0
2023-02-02,92378.93581445052,0.011896568839119622,0.12279826448738451,3,0.8015076699866965,0.19849233001330344,0.0,0.0
2023-02-03,91317.684017444,-0.011488027954101176,0.13287558254633958,3,0.8022040264475562,0.19779597355244385,0.0,0.0
2023-02-06,90735.81490152117,-0.00636973153234114,0.1384008312821975,3,0.8002081363154997,0.19979186368450033,0.0,0.0
2023-02-07,91539.9186748366,0.008862032860873713,0.1307653111361189,3,0.8035525135105781,0.1964474864894219,0.0,0.0
2023-02-08,90821.18012427127,-0.007851640693700049,0.13759022959157818,3,0.8010555478636168,0.1989444521363833,0.0,0.0
2023-02-09,90019.29668528133,-0.008829255883844766,0.14520466613124194,3,0.8011848391029072,0.19881516089709284,0.0,0.0
2023-02-10,89987.34653605784,-0.00035492555929631734,0.14550805484319917,3,0.8033397256299031,0.19666027437009692,0.0,0.0
2023-02-13,90983.57724122179,0.011074163254322422,0.136048156914779,3,0.8005260546756784,0.19947394532432158,0.0,0.0
2023-02-14,90908.30005759605,-0.0008273711136479634,0.1367629657133307,3,0.8008203912929404,0.19917960870705964,0.0,0.0
2023-02-15,90975.84811890898,0.000743035138377239,0.1361215502641071,3,0.8028242984536268,0.1971757015463732,0.0,0.0
2023-02-16,89716.05632184401,-0.0138475411124321,0.1480841426129691,3,0.8028884007428548,0.1971115992571452,0.0,0.0
2023-02-17,89673.61192265051,-0.00047309702336041263,0.14848718146925233,3,0.8012614976681564,0.1987385023318437,0.0,0.0
2023-02-21,87885.75926176179,-0.019936096636885,0.1654640760734778,3,0.7998982789883057,0.20010172101169435,0.0,0.0
2023-02-22,87950.0280578751,0.0007312765646351881,0.16485379950996404,3,0.7982120519710657,0.20178794802893427,0.0,0.0
2023-02-23,88496.896183681,0.006217941459279942,0.1596609093253768,3,0.7974993127484423,0.2025006872515576,0.0,0.0
2023-02-24,87509.9993894224,-0.011151767314078881,0.16903217532950487,3,0.7978780005838484,0.2021219994161516,0.0,0.0
2023-02-27,87796.85077057077,0.0032779269014946042,0.16630832354274094,3,0.79797967914787,0.2020203208521299,0.0,0.0
2023-02-28,87616.84409023201,-0.00204824733764022,0.16801761117422198,3,0.7986790088214651,0.20132099117853497,0.0,0.0
2023-03-01,87158.94098070517,-0.005226199531396942,0.17236571714483373,3,0.7997954668355597,0.20020453316444023,0.0,0.0
2023-03-02,87546.34744602413,0.004444827586933438,0.16868702545250702,3,0.8024488831292013,0.1975511168707988,0.0,0.0
2023-03-03,89091.99878368968,0.017655235001306172,0.15400999952723626,3,0.8011733914956102,0.1988266085043899,0.0,0.0
2023-03-06,89004.11924130798,-0.0009863909619431972,0.15484447641759702,3,0.802520122700561,0.19747987729943897,0.0,0.0
2023-03-07,88021.60040809307,-0.011036534216572181,0.16417417066089368,3,0.7965278744611016,0.2034721255388984,0.0,0.0
2023-03-08,88153.63973980246,0.0015000787431406115,0.1629203661013343,3,0.7966329094493511,0.20336709055064894,0.0,0.0
2023-03-09,86901.98787611228,-0.014198527336869963,0.17480566416638166,3,0.7931973030311419,0.20680269696885809,0.0,0.0
2023-03-10,86527.13502622598,-0.004313512947721003,0.17836515061838598,3,0.7851386059016336,0.21486139409836627,0.0,0.0
2023-03-13,86472.56080927081,-0.0006307179469034385,0.17888337046369218,3,0.7845143488779586,0.21548565112204135,0.0,0.0
2023-03-14,86745.49180429695,0.0033414037251004404,0.17629170234799751,1,0.6078868875935771,0.39211311240642294,0.0,0.0
2023-03-15,87072.50517607668,0.0037698024989874825,0.1731864847490724,1,0.6018161968223676,0.3981838031776323,0.0,0.0
2023-03-16,87720.68569024756,0.007444146839006504,0.16703156353306925,1,0.6078502559260397,0.39214974407396025,0.0,0.0
2023-03-17,87613.5481470544,-0.0012213486744900484,0.16804890842884024,1,0.6014776166681872,0.3985223833318129,0.0,0.0
2023-03-20,87813.07891785573,0.0022773963048092418,0.16615422608711405,1,0.6058812579718498,0.3941187420281503,0.0,0.0
2023-03-21,88202.57278709082,0.0044413955093767395,0.16245571305432926,1,0.6051904596302918,0.3948095403697083,0.0,0.0
2023-03-22,87756.95143753952,-0.005052248879711868,0.16668719523975972,1,0.5978946947469068,0.40210530525309324,0.0,0.0
2023-03-23,87898.80633070829,0.00161645192597346,0.16534018515156668,1,0.5985436296699211,0.4014563703300788,0.0,0.0
2023-03-24,88393.28365725662,0.0056255294831638976,0.16064478175472452,1,0.5991009110970028,0.40089908890299725,0.0,0.0
2023-03-27,87659.86187295859,-0.008297256917639256,0.16760912764566682,1,0.6052430876306008,0.3947569123693993,0.0,0.0
2023-03-28,87824.26095776424,0.0022815879894293404,0.16604804490275815,5,0.19909678951994608,0.5997243989886321,0.20117881149142194,0.0
2023-03-29,87884.93977872569,0.0006909118311923791,0.16547185763033545,5,0.20185119408419125,0.5981062080360007,0.20004259787980805,0.0
2023-03-30,88389.58936385727,0.005742162268099424,0.16067986161955328,5,0.20187386028580237,0.5974276845542466,0.200698455159951,0.0
2023-03-31,89339.70839685523,0.010749218769268981,0.1516578258346487,5,0.20254206257484259,0.5999288553292752,0.1975290820958823,0.0
2023-04-03,89787.87067983086,0.005016383991145916,0.14740221573315182,5,0.20229906725714913,0.599741809070674,0.19795912367217702,0.0
2023-04-04,90290.6183561197,0.005601594704966699,0.1426282796591175,5,0.19778245016314172,0.5996242038588626,0.20259334597799566,0.0
2023-04-05,90795.28744666668,0.005589385694054013,0.13783609843095768,5,0.19616813839175837,0.6025253496192258,0.20130651198901583,0.0
2023-04-06,90875.88718677925,0.0008877084084337092,0.13707074828608679,5,0.19675871247251497,0.6035481837743792,0.19969310375310573,0.0
2023-04-10,89875.54740956299,-0.011007758033330008,0.14656966468883603,5,0.19915289973438505,0.6004255104592716,0.20042158980634334,0.0
2023-04-11,90105.38791282245,0.002557319647935909,0.14438717052420036,5,0.1986982669925907,0.600127833238057,0.20117389976935232,0.0
2023-04-12,90064.26215644895,-0.00045511725267445986,0.1447776879570658,5,0.19927543355275168,0.5996560289135241,0.20106853753372425,0.0
2023-04-13,90123.00739188245,0.0006522591095172367,0.1442198614133734,5,0.20179077643074464,0.5945559442269633,0.20365327934229197,0.0
2023-04-14,89263.41092791445,-0.009538035723000387,0.15238232294624687,5,0.20323630314374533,0.5947907557137349,0.20197294114251985,0.0
2023-04-17,88616.65928337155,-0.007245428309536396,0.15852367605923556,5,0.2054541853248233,0.5920049160186049,0.20254089865657182,0.0
2023-04-18,88885.11460433235,0.003029400150397773,0.1559745075569332,5,0.20496726889165498,0.592319913899711,0.20271281720863407,0.0
2023-04-19,88745.30795882373,-0.00156522348300076,0.15730206812033576,5,0.20027967744748315,0.6003639893809273,0.19935633317158968,0.0
2023-04-20,89173.4915656559,0.004824859101630876,0.1532361693337806,5,0.1982303164018412,0.60258925103648,0.19918043256167894,0.0
2023-04-21,88709.62812477828,-0.005201808662343323,0.15764087276309913,5,0.19942167103659886,0.6023361085441498,0.19824222041925132,0.0
2023-04-24,89298.47726637134,0.006637939466556899,0.15204934386739877,5,0.19831333883207486,0.6041531317492853,0.1975335294186399,0.0
2023-04-25,89900.39961022761,0.006740566718296689,0.1463336758959135,5,0.19385859913441875,0.6089324531443029,0.1972089477212782,0.0
2023-04-26,89150.77694491728,-0.00832951050613596,0.15345186033041058,5,0.20082565754358966,0.5985910591525097,0.20058328330390063,0.0
2023-04-27,88978.6241724882,-0.0019310294125136555,0.15508656968722123,5,0.20521999546664602,0.5937977669829644,0.20098223755038963,0.0
2023-04-28,89991.61156273115,0.01138461512148405,0.1454675554721374,5,0.20464182946738382,0.5965844983882337,0.19877367214438255,0.0
2023-05-01,88344.61508746886,-0.018301666640498048,0.16110692340537625,5,0.20824642240564106,0.590183601436851,0.20156997615750794,0.0
2023-05-02,89780.76908343314,0.016256270906182105,0.1474696502909334,5,0.20261216454213668,0.5952148152388199,0.20217302021904346,0.0
2023-05-03,90110.0398775264,0.0036723007912737803,0.14434299690955676,5,0.19790050072538373,0.6011416617322786,0.20095783754233776,0.0
2023-05-04,89575.96082958223,-0.005926964949411594,0.1494144459755924,5,0.19767030918498452,0.5987519278906756,0.20357776292433996,0.0
2023-05-05,89440.04478513521,-0.0015173272291836213,0.15070506259746397,5,0.20163569625159444,0.5976675929930177,0.20069671075538775,0.0
2023-05-08,88717.69356707906,-0.008076373617561115,0.15756428582342996,5,0.2033315887590765,0.5940893604708889,0.20257905077003466,0.0
2023-05-09,88577.39189856255,-0.0015814395401344294,0.15889654697185018,5,0.202760579004611,0.5929017144517564,0.20433770654363256,0.0
2023-05-10,89149.9722607059,0.006471325993109159,0.15345950136221653,5,0.19964253725480915,0.6019272578566881,0.1984302048885029,0.0
2023-05-11,89534.40574048953,0.004312210873822833,0.1498090402188592,5,0.1984386304774714,0.6056789289739353,0.19588244054859344,0.0
2023-05-12,89027.28351484516,-0.005663992757312046,0.15462451565739177,5,0.19930752975951935,0.60403111589677,0.19666135434371063,0.0
2023-05-15,88569.0058719284,-0.005147608966866129,0.15897617808096265,5,0.20102994695401524,0.6008678424953506,0.19810221055063415,0.0
2023-05-16,88070.8228749294,-0.005624800595813017,0.16370676937558581,5,0.2008160853707443,0.602451279778652,0.19673263485060363,0.0
2023-05-17,88069.28725049838,-1.4168925986899689e-05,0.16372135118911413,5,0.2024306400784661,0.5982589136926411,0.19931044622889277,0.0
2023-05-18,87622.96196558107,-0.005067888010127992,0.16795951772654882,5,0.20542177973878872,0.5968513531492633,0.19772686711194798,0.0
2023-05-19,87398.44080002076,-0.0025623553521107053,0.17009150110947502,5,0.20564982289538122,0.5941530693913707,0.20019710771324814,0.0
2023-05-22,87179.85165641872,-0.0025010645682136514,0.17216715585090947,5,0.20624916636319085,0.5935217010449196,0.20022913259188949,0.0
2023-05-23,87147.9715544793,-0.00036568199341586343,0.172469879415573,5,0.20400911342887856,0.5954479976993753,0.20054288887174615,0.0
2023-05-24,86621.9014566616,-0.00603199114737284,0.17746527797411316,5,0.19975594203821823,0.600653821425309,0.19959023653647281,0.0
2023-05-25,86476.09069896833,-0.0016833012810994771,0.1788498517254481,5,0.2018255508308081,0.6001705767629002,0.19800387240629164,0.0
2023-05-26,87189.75915924819,0.008252783567242935,0.17207307727552867,5,0.2027659264380053,0.6000662467529482,0.19716782680904668,0.0
2023-05-30,87825.64368734213,0.0072931102715001455,0.16603491493135536,5,0.20137451591651517,0.6016734718313433,0.19695201225214143,0.0
2023-05-31,88214.78393860564,0.004430827204054999,0.1623397597452012,5,0.19937446265115583,0.6042407205698274,0.19638481677901687,0.0
2023-06-01,88729.07002795805,0.00583419630091352,0.15745625847781208,5,0.20072909969932948,0.5988605078019558,0.20041039249871465,0.0
2023-06-02,88142.07623792092,-0.006615574691047501,0.16303016953032667,5,0.2049879998321052,0.5962421734121379,0.19876982675575688,0.0
2023-06-05,88115.04856810097,-0.00030663754444567427,0.16328681590391703,5,0.20465797088678372,0.5953141892635258,0.20002783984969055,0.0
2023-06-06,88482.85122691555,0.004174118550593648,0.1597942758806552,5,0.2042510225654885,0.5963338813297266,0.1994150961047849,0.0
2023-06-07,87425.19955163213,-0.011953182572869979,0.1698374082998242,5,0.2060072053218392,0.5945892755722175,0.19940351910594337,0.0
2023-06-08,88374.98536413399,0.01087005471245368,0.1608185366734468,5,0.19904605416434543,0.6004907437244559,0.20046320211119875,0.0
2023-06-09,88286.20977116578,-0.0010045330429466492,0.16166152218238672,5,0.19960373292428543,0.600270179238678,0.20012608783703656,0.0
2023-06-12,88586.53384603902,0.003401709912019744,0.15880973787276687,5,0.20073169611333053,0.5999959663567831,0.19927233752988632,0.0
2023-06-13,88048.53915448487,-0.006073097887418927,0.16391836867660925,5,0.20328968064924544,0.5976975081645743,0.19901281118618008,0.0
2023-06-14,88500.73785778892,0.005135788823374612,0.15962442997902992,5,0.2024918154054747,0.5994025633347828,0.19810562125974246,0.0
2023-06-15,89354.47692791527,0.00964920458533972,0.15151758844218888,5,0.20054443604479544,0.599974283304846,0.19948128065035853,0.0
2023-06-16,89057.8061689131,-0.003320155510971209,0.15433468199688472,5,0.20052714096972207,0.5996351308144015,0.19983772821587656,0.0
2023-06-20,89150.48102180893,0.001040614594975147,0.15345467032450644,5,0.1992793600664606,0.6031569676440981,0.1975636722894413,0.0
2023-06-21,89164.11381729927,0.0001529189224116688,0.1533252175249198,5,0.19822801549015942,0.6045242357430218,0.19724774876681872,0.0
2023-06-22,88402.88374043076,-0.008537404167200037,0.16055362234108572,5,0.2006566334229766,0.6023700792084625,0.1969732873685608,0.0
2023-06-23,88846.50963390089,0.0050212706685041205,0.156341088387978,5,0.19749631781148033,0.6029542247929895,0.19954945739553007,0.0
2023-06-26,88862.68122022293,0.00018201712581262608,0.15618752801772018,5,0.19665359009037062,0.6034861933151955,0.19986021659443384,0.0
2023-06-27,88832.71674665043,-0.0003371997464070501,0.1564720613692876,5,0.1988766542785636,0.6021140883326,0.1990092573888364,0.0
2023-06-28,89028.94284789136,0.0022089395487087226,0.15460875914520544,5,0.1985383761338225,0.603349180808899,0.19811244305727857,0.0
2023-06-29,88110.24133368657,-0.010319133136000745,0.16333246391159484,5,0.20139916480681677,0.5986372714183733,0.19996356377480984,0.0
2023-06-30,89059.00388023585,0.01076931739812178,0.15432330890147394,5,0.200204078305735,0.6006083709495856,0.1991875507446794,0.0
2023-07-03,88796.20060711935,-0.002950889429101648,0.15681880730967424,5,0.20102765485297966,0.5989711491328255,0.20000119601419494,0.0
2023-07-05,88201.56162543094,-0.006696671452412573,0.16246531473197479,5,0.20208196952259483,0.5972792330538281,0.20063879742357701,0.0
2023-07-06,87264.18435958012,-0.010627671988752481,0.17136635864620642,5,0.20265326998897915,0.5951570709808938,0.20218965903012712,0.0
2023-07-07,87039.2677435043,-0.002577421856703853,0.17350209710463182,5,0.20266398921727632,0.5931033338801769,0.20423267690254684,0.0
2023-07-10,87142.35824222324,0.0015280412819689499,0.17252318168853786,4,0.2502503705585314,0.24994615194353875,0.24981419750478626,0.2499892799931437
2023-07-11,87472.09142643791,0.003783845088265061,0.1693921375939169,4,0.25089473570366555,0.25028395240217566,0.24980518022486484,0.24901613166929387
2023-07-12,88252.8712372887,0.008926044846056979,0.16197809456459267,4,0.2506758651244188,0.2508310052966813,0.2509479248754105,0.2475452047034894
2023-07-13,88738.91353146087,0.005507382222900666,0.1573627876201964,4,0.2512815594853417,0.2520795480707836,0.24975179871957376,0.24688709372430087
2023-07-14,88466.1454990186,-0.0030738265952013214,0.15995290829371567,4,0.25189935233185023,0.2513678479903019,0.24972353442803055,0.24700926524981742
2023-07-17,88535.57779714228,0.0011338734306702,0.1592936007158816,5,0.2004671247237419,0.5996162440861219,0.1999166311901361,0.0
2023-07-18,89111.21132104842,0.006501719853515561,0.15382756322867852,5,0.2006521411555721,0.5984471273968858,0.20090073144754209,0.0
2023-07-19,89756.31296715514,0.00723928713955595,0.1477018779893131,5,0.1996530030435205,0.6008576080452637,0.19948938891121584,0.0
2023-07-20,88891.94946770302,-0.009630113703182348,0.15590960581328484,5,0.20025690319412434,0.5993338363363822,0.20040926046949353,0.0
2023-07-21,88853.0741156964,-0.00043733265205002424,0.15627875410394454,5,0.20034452039455217,0.5997729648218889,0.19988251478355895,0.0
2023-07-24,88662.44087529628,-0.00214514462518552,0.1580889482553609,5,0.20132532610641254,0.5991028581510456,0.19957181574254182,0.0
2023-07-25,88710.1323588028,0.0005378995100485086,0.15763608471312307,5,0.20176638541733827,0.5976585001707211,0.2005751144119405,0.0
2023-07-26,88852.07930715308,0.0016001210298746123,0.15628820049746506,5,0.20147504276288444,0.597293208923085,0.2012317483140306,0.0
2023-07-27,87420.09483650586,-0.01611649926274652,0.1698858810921181,5,0.2034176477952449,0.5952678671387915,0.20131448506596353,0.0
2023-07-28,88001.93601434337,0.006655691450869204,0.16436089764765704,5,0.20405108785522172,0.5943693092201248,0.2015796029246534,0.0
2023-07-31,88209.33719482292,0.00236242373967736,0.16239148033558226,5,0.1999085181061568,0.6000252410329721,0.2000662408608712,0.0
2023-08-01,87108.63748095877,-0.012478267594654879,0.17284338358351758,5,0.20185526808414736,0.5976502902473567,0.2004944416684959,0.0
2023-08-02,86223.81104689508,-0.010157734751127415,0.18124542109071629,5,0.20108990311375918,0.5973234684752119,0.20158662841102887,0.0
2023-08-03,84980.0582534385,-0.014424702160057916,0.19305571203366634,5,0.20344831514245318,0.592083016385747,0.20446866847179979,0.0
2023-08-04,85855.96537278387,0.01030720780083649,0.18473836957389944,5,0.20046196713477168,0.596422655508527,0.2031153773567012,0.0
2023-08-07,86234.75420964522,0.0050144549096286205,0.18114150820980035,3,0.8029563478085412,0.1970436521914588,0.0,0.0
2023-08-08,86130.96751415984,-0.0012035367461367226,0.18212703449455603,3,0.8004278545004142,0.1995721454995858,0.0,0.0
2023-08-09,85758.96584748117,-0.004319023429262162,0.18565944699473413,3,0.7985256515567177,0.20147434844328235,0.0,0.0
2023-08-10,85499.10709820713,-0.003030105910281071,0.1881269851173769,3,0.8012401791570107,0.19875982084298927,0.0,0.0
2023-08-11,85420.05667723661,-0.0009245759827609715,0.1888776234079892,3,0.8015141031183717,0.1984858968816283,0.0,0.0
2023-08-14,85298.21796233255,-0.0008253302030159598,0.1900345660727233,5,0.2012701073349388,0.5991733103002939,0.19955658236476742,0.0
2023-08-15,84741.54347640161,-0.00652621472322858,0.19532057441292572,5,0.2002323189820886,0.5994333918937723,0.20033428912413914,0.0
2023-08-16,84121.52998543545,-0.007316523460996679,0.20120803030881484,5,0.20022792638807158,0.5991268960863892,0.20064517752553923,0.0
2023-08-17,83752.39042923709,-0.004388169785574355,0.20471326509517307,5,0.19957799701824,0.5992024063873799,0.20121959659438013,0.0
2023-08-18,83940.56136058038,0.002246752962857587,0.2029264522672043,5,0.19922645598097263,0.5999706675288815,0.20080287649014594,0.0
2023-08-21,84103.12313150047,0.0025389284072403805,0.20138281608735564,3,0.8031658620941455,0.19683413790585463,0.0,0.0
2023-08-22,84047.19396970682,-0.0006650069546906216,0.201913902068793,3,0.80152334299357,0.19847665700642997,0.0,0.0
2023-08-23,85210.82747601857,0.01384500125883046,0.19086439903828034,3,0.799383156490126,0.200616843509874,0.0,0.0
2023-08-24,84154.0771282472,-0.012401597063105478,0.20089897273082125,3,0.7982033881496979,0.20179661185030204,0.0,0.0
2023-08-25,84683.08770377838,0.006286214448350369,0.19587565230751014,3,0.7988090182882048,0.20119098171179514,0.0,0.0
2023-08-28,85023.95368569583,0.0042248444361685,0.19263889461725292,1,0.6012645765300255,0.39873542346997454,0.0,0.0
2023-08-29,86115.02448603041,0.012832510757708387,0.18227842454707355,1,0.6022276620061379,0.39777233799386214,0.0,0.0
2023-08-30,86293.05410053843,0.0020673467327052423,0.1805879105197985,1,0.6034604702604763,0.39653952973952367,0.0,0.0
2023-08-31,86369.78583592734,0.0008891994400791242,0.17985928974863863,1,0.6020421390527861,0.3979578609472139,0.0,0.0
2023-09-01,85931.32669063803,-0.005076533894876489,0.18402276186279776,1,0.6062426609836743,0.39375733901632576,0.0,0.0
2023-09-05,85225.98121776224,-0.0082020545916172,0.19072050380459038,1,0.6023473371833229,0.39765266281667716,0.0,0.0
2023-09-06,84964.22137596746,-0.003071362019592903,0.19320609411244027,1,0.6001413003058733,0.3998586996941267,0.0,0.0
2023-09-07,84901.89780873274,-0.0007335271979830108,0.19379789938557568,1,0.5987380460440981,0.4012619539559019,0.0,0.0
2023-09-08,85108.9105058098,0.00243825759399904,0.19183217099145466,1,0.5981811307428652,0.40181886925713467,0.0,0.0
2023-09-11,85197.30809425384,0.0010386408182019066,0.19099277489628874,1,0.6014905095519809,0.398509490448019,0.0,0.0
2023-09-12,84904.77229697832,-0.00323576007192604,0.19377060413633407,3,0.7981942523031873,0.20180574769681264,0.0,0.0
2023-09-13,84980.15986649843,0.000887907328182074,0.193054747147551,3,0.7984160010889702,0.2015839989110299,0.0,0.0
2023-09-14,85441.53287508787,0.005429184992288127,0.18867369209116636,3,0.800951697211695,0.19904830278830493,0.0,0.0
2023-09-15,84513.36700834558,-0.010863169649580508,0.19748726741514777,3,0.7999920823532649,0.2000079176467351,0.0,0.0
2023-09-18,84649.40116210988,0.0016096170177537636,0.19619552926381523,3,0.7991749715293687,0.20082502847063124,0.0,0.0
2023-09-19,84383.93423808715,-0.00313525318754254,0.1987163208752455,3,0.8008516962170706,0.1991483037829294,0.0,0.0
2023-09-20,83815.17632782724,-0.006740120799003909,0.20411706966681664,3,0.798873761124642,0.201126238875358,0.0,0.0
2023-09-21,82275.66309664464,-0.01836795313966867,0.21873581003583886,3,0.8003707458333306,0.19962925416666946,0.0,0.0
2023-09-22,82259.78638850029,-0.0001929696771412762,0.21888657033433834,3,0.7987251820312837,0.2012748179687162,0.0,0.0
2023-09-25,82128.64053737168,-0.0015942887392052442,0.22013189067929617,3,0.8033648433224557,0.1966351566775443,0.0,0.0
2023-09-26,81106.01163363163,-0.01244822740411604,0.22984245771752154,3,0.798182960788658,0.20181703921134198,0.0,0.0
2023-09-27,81047.12265219796,-0.0007260741867037957,0.23040164922866802,3,0.7990817313871961,0.20091826861280387,0.0,0.0
2023-09-28,81472.32065852381,0.005246306005834683,0.22636410077893587,3,0.7995199181497866,0.20048008185021332,0.0,0.0
2023-09-29,81316.08332959056,-0.001917673728579482,0.22784768201835803,3,0.7991120238315197,0.20088797616848034,0.0,0.0
2023-10-02,81016.77817539664,-0.003680762057621127,0.23068979097308906,3,0.801745184103174,0.19825481589682603,0.0,0.0
2023-10-03,79800.47260073775,-0.015011289454965802,0.24223945163542326,3,0.8013199094727387,0.19868009052726127,0.0,0.0
2023-10-04,80489.80817103709,0.00863823919625482,0.23569373476516486,3,0.8002425441247142,0.19975745587528587,0.0,0.0
2023-10-05,80385.39485812574,-0.001297224024804144,0.23668521121473585,3,0.8009801334222076,0.1990198665777924,0.0,0.0
2023-10-06,80955.99089247166,0.007098255041888841,0.23126700816669254,3,0.8047774744654023,0.19522252553459762,0.0,0.0
2023-10-09,81744.02311274296,0.009734081586599268,0.22378409850587666,3,0.8021217811382656,0.19787821886173443,0.0,0.0
2023-10-10,82061.6111575649,0.0038872831293345605,0.22076838088973705,3,0.8010499053374964,0.19895009466250357,0.0,0.0
2023-10-11,82671.87706340865,0.0074366795537562265,0.21497348504025948,3,0.7983938704591437,0.2016061295408563,0.0,0.0
2023-10-12,81817.33790662784,-0.010336515718947446,0.22308792395193133,3,0.8018144637996729,0.19818553620032703,0.0,0.0
2023-10-13,81780.71233843463,-0.00044765045075172605,0.22343570899296872,3,0.7981780305928057,0.2018219694071943,0.0,0.0
2023-10-16,82201.86433219117,0.0051497716480344785,0.2194365802242647,3,0.8024435979817437,0.1975564020182564,0.0,0.0
2023-10-17,81820.6604666524,-0.0044358658485213545,0.22305637395198596,1,0.6026457177708567,0.3973542822291432,0.0,0.0
2023-10-18,80877.58463945739,-0.011526133152877531,0.2320115296380949,1,0.6015489849506582,0.3984510150493418,0.0,0.0
2023-10-19,79790.34091655804,-0.013443078545757178,0.24233565896740594,1,0.6043883441457236,0.39561165585427643,0.0,0.0
2023-10-20,79377.0074639991,-0.005180244222683224,0.2462605452927732,1,0.600070143069701,0.39992985693029903,0.0,0.0
2023-10-23,79675.80601451147,0.00376429598518048,0.24342324688954664,1,0.5967835240043872,0.4032164759956127,0.0,0.0
2023-10-24,80350.02677743515,0.00866702912261914,0.2370210555442901,3,0.7991057618216277,0.2008942381783722,0.0,0.0
2023-10-25,79069.15600908532,-0.015941136795109858,0.24918380726964706,3,0.800396065627484,0.199603934372516,0.0,0.0
2023-10-26,78553.41143128564,-0.006522702452273787,0.25408115789117625,3,0.796003787479432,0.20399621252056796,0.0,0.0
2023-10-27,78201.89927391469,-0.004474817209923891,0.2574190083630512,3,0.7959574138952827,0.20404258610471723,0.0,0.0
2023-10-30,78874.21360704121,0.008597161186221716,0.2510349198841241,3,0.7986078360274939,0.2013921639725062,0.0,0.0
2023-10-31,79001.7211076921,0.0018155614087466596,0.24982414818735443,1,0.6026740460144,0.39732595398559994,0.0,0.0
2023-11-01,80190.07867443097,0.015042173133404968,0.23853987314388914,1,0.6000749934340422,0.39992500656595775,0.0,0.0
2023-11-02,81843.36463851854,0.020617088689984443,0.2228407821746099,1,0.5992208452298843,0.4007791547701156,0.0,0.0
2023-11-03,82513.14661639422,0.0081837053111629,0.2164807401560731,1,0.5997793474783154,0.4002206525216846,0.0,0.0
2023-11-06,82306.66347672942,-0.002502427166240012,0.2184414400371788,1,0.6026672211646372,0.39733277883536283,0.0,0.0
2023-11-07,82932.6025156868,0.00760764940152218,0.21249771697458186,1,0.59716465178196,0.40283534821804,0.0,0.0
2023-11-08,83537.95042098353,0.007299275398745943,0.20674952093363808,1,0.5932715267463997,0.4067284732536003,0.0,0.0
2023-11-09,82369.91312074139,-0.013982115845024897,0.2178408410260655,1,0.5969920003276402,0.4030079996723598,0.0,0.0
2023-11-10,83323.14894951113,0.01157262151499963,0.20878920911476972,1,0.599371589846005,0.40062841015399503,0.0,0.0
2023-11-13,83199.6859221812,-0.0014817374149496804,0.20996157574673635,1,0.5996889476178501,0.40031105238215,0.0,0.0
2023-11-14,84851.18114548069,0.020054105246815758,0.1942794890968219,3,0.7994875508113397,0.20051244918866032,0.0,0.0
2023-11-15,84756.00664809061,-0.0011216637895340236,0.19518323661838688,3,0.802079685900515,0.197920314099485,0.0,0.0
2023-11-16,85047.61765790061,0.0034405940220943306,0.19241418887341477,3,0.8003072272659526,0.19969277273404734,0.0,0.0
2023-11-17,85211.86802575001,0.0019312753534153997,0.19085451830061806,3,0.7997580584870817,0.20024194151291816,0.0,0.0
2023-11-20,85840.68209712692,0.007379418923041146,0.18488349482147237,3,0.8000107386950067,0.1999892613049932,0.0,0.0
2023-11-21,85683.42849895536,-0.0018319131931571803,0.18637672623852142,3,0.7997214252764001,0.20027857472359983,0.0,0.0
2023-11-22,86008.6390889156,0.003795489929119844,0.18328862729686224,3,0.7997735401640647,0.2002264598359353,0.0,0.0
2023-11-24,85848.1788731245,-0.0018656290518119746,0.18481230776072255,3,0.8017614541528634,0.19823854584713668,0.0,0.0
2023-11-27,86008.4938238348,0.001867424013119925,0.18329000668903506,3,0.7988257603415552,0.20117423965844486,0.0,0.0
2023-11-28,86110.62776902657,0.0011874867312636544,0.18232017440868786,3,0.7986682483336888,0.2013317516663111,0.0,0.0
2023-11-29,86278.56405875983,0.00195157317815062,0.180725503464378,3,0.797880243141656,0.20211975685834394,0.0,0.0
2023-11-30,86348.1708916484,0.0008067685600465101,0.1800645385585251,3,0.8003760646616654,0.1996239353383344,0.0,0.0
2023-12-01,87081.68416451695,0.008494832783302193,0.1730993239204801,3,0.7983294161737852,0.2016705838262148,0.0,0.0
2023-12-04,86646.85156522962,-0.004993387570063896,0.177228359478093,3,0.7981238311962864,0.2018761688037137,0.0,0.0
2023-12-05,87009.05449756866,0.004180220351877113,0.1737889927214361,3,0.7946448204781524,0.20535517952184762,0.0,0.0
2023-12-06,86959.84834710338,-0.0005601768994480205,0.17425623907154275,3,0.7972228236572482,0.20277717634275186,0.0,0.0
2023-12-07,87387.66279727957,0.004919677969866528,0.17019384568214824,3,0.7993732040918834,0.20062679590811663,0.0,0.0
2023-12-08,87544.51756929395,0.0017949303939878028,0.16870440139464504,3,0.8013714466578631,0.19862855334213683,0.0,0.0
2023-12-11,87780.61206754003,0.002696850754351544,0.1664625212324572,3,0.8023247656621172,0.1976752343378828,0.0,0.0
2023-12-12,88153.78481202348,0.0042511977952070104,0.16291898854049813,3,0.8025772930817978,0.1974227069182021,0.0,0.0
2023-12-13,89539.72152838299,0.0157244239713013,0.14975856314500413,3,0.7984764674817999,0.20152353251820007,0.0,0.0
2023-12-14,90238.56748417662,0.007804870775392088,0.14312253860246715,3,0.7948354818233696,0.2051645181766305,0.0,0.0
2023-12-15,90141.03150102848,-0.0010808680353357105,0.1440487100606913,3,0.7943853881507148,0.2056146118492852,0.0,0.0
2023-12-18,90396.15094767328,0.0028302255077022674,0.1416261748865546,3,0.7965993199521887,0.2034006800478112,0.0,0.0
2023-12-19,90933.10195623894,0.005939976458472009,0.13652745457281212,3,0.7967108476805081,0.20328915231949177,0.0,0.0
2023-12-20,90405.69634789186,-0.00560432138868022,0.1415355347253091,1,0.5950203669671843,0.4049796330328157,0.0,0.0
2023-12-21,90684.07595951726,0.003079226452215373,0.1388921282355482,1,0.5988183805498339,0.4011816194501662,0.0,0.0
2023-12-22,90627.73141411804,-0.0006213278880889396,0.13942715857092836,1,0.6003948858671666,0.39960511413283334,0.0,0.0
2023-12-26,90960.45755711746,0.0036713502347208156,0.13626769426755347,1,0.6007245243155656,0.39927547568443444,0.0,0.0
2023-12-27,91702.80312017589,0.008161189851010534,0.12921861094001985,1,0.5969389628516513,0.40306103714834873,0.0,0.0
2023-12-28,91578.71161787095,-0.00115036458701276,0.13039694537551172,3,0.8012239222239459,0.19877607777605408,0.0,0.0
2023-12-29,91202.09952006933,-0.004112441539613702,0.13397313710032432,3,0.8022034576012284,0.19779654239877162,0.0,0.0
2024-01-02,90688.67184867451,-0.005629559780932944,0.13884848709691178,3,0.8022302757735262,0.19776972422647376,0.0,0.0
2024-01-03,90169.32416139782,-0.005726709595475079,0.14378005172901176,3,0.800261637107777,0.1997383628922231,0.0,0.0
2024-01-04,89663.23594057535,-0.005612642941812377,0.14858570857831388,3,0.8021862658717798,0.1978137341282203,0.0,0.0
2024-01-05,89589.72549067781,-0.0008176660338090199,0.14928374102109887,3,0.8017511380427196,0.19824886195728042,0.0,0.0
2024-01-08,90790.3861873054,0.013401767781424089,0.1378826392703818,3,0.8024428279357375,0.1975571720642624,0.0,0.0
2024-01-09,90565.50423313651,-0.002476935759530077,0.14001804859008482,3,0.8032149845100321,0.1967850154899679,0.0,0.0
2024-01-10,90893.89483080889,0.003626000875863467,0.13689975328104553,3,0.8048391910614648,0.19516080893853524,0.0,0.0
2024-01-11,90961.26226630082,0.0007411656813401689,0.13626005299862132,3,0.8038887584871334,0.19611124151286655,0.0,0.0
2024-01-12,90975.57241028389,0.00016121068488744012,0.13612416830773688,3,0.8004250301212593,0.19957496987874057,0.0,0.0
2024-01-16,90388.45201941897,-0.006453604800826203,0.1416992815224638,3,0.8026666227393984,0.19733337726060166,0.0,0.0
2024-01-17,89956.94292527101,-0.004773940525668648,0.1457967581056142,3,0.8020337049576375,0.19796629504236257,0.0,0.0
2024-01-18,90433.00651086781,0.005292127212373999,0.1412762058842868,3,0.8049063721359417,0.19509362786405826,0.0,0.0
2024-01-19,91396.85521249451,0.010658151694988443,0.13212379742250557,3,0.8063462942798036,0.1936537057201964,0.0,0.0
2024-01-22,91659.6639071091,0.0028818321691116205,0.12962824753344027,3,0.7993878080941952,0.20061219190580476,0.0,0.0
2024-01-23,91727.6447647711,0.0007416660149540096,0.1289827223842599,3,0.8011249343588229,0.19887506564117718,0.0,0.0
2024-01-24,91701.13417227998,-0.0002890142067759968,0.12923445875183814,3,0.8022326312053094,0.19776736879469053,0.0,0.0
2024-01-25,92219.75861011214,0.005655594584662681,0.1243097618722444,3,0.8020597747199268,0.19794022528007305,0.0,0.0
2024-01-26,92090.82376243641,-0.0013981260590893868,0.12553408721386095,3,0.8021624149297167,0.1978375850702832,0.0,0.0
2024-01-29,92886.16634782233,0.00863868311467566,0.11798176059224941,3,0.7994294287335798,0.2005705712664201,0.0,0.0
2024-01-30,92997.63877069952,0.0012000971432038808,0.11692325302288242,3,0.797853625678632,0.20214637432136787,0.0,0.0
2024-01-31,91971.5414999858,-0.011033584124041228,0.1266667545986392,3,0.7935909931731346,0.20640900682686536,0.0,0.0
2024-02-01,93299.1915995327,0.014435444680973405,0.11405980084659284,3,0.7925369275437806,0.20746307245621942,0.0,0.0
2024-02-02,93650.06282406593,0.0037607102325093516,0.11072803647424512,3,0.7978796556476366,0.20212034435236337,0.0,0.0
2024-02-05,92998.8477946052,-0.0069516006698675005,0.11691177250669127,3,0.8026669650328506,0.19733303496714935,0.0,0.0
2024-02-06,93394.93192396901,0.004259021899266865,0.11315068040681253,3,0.8015832988830501,0.19841670111694987,0.0,0.0
2024-02-07,93929.651729806,0.005725362124277863,0.10807314690247216,3,0.8036676640429108,0.19633233595708932,0.0,0.0
2024-02-08,93855.75450862866,-0.0007867294279970142,0.1087748520054247,3,0.8046555786429945,0.19534442135700544,0.0,0.0
2024-02-09,94255.1811479798,0.004255750128932445,0.10498202046693894,3,0.8058763957439303,0.19412360425606973,0.0,0.0
2024-02-12,94243.6319126001,-0.00011665586033435997,0.10509168842565264,3,0.7997421804034478,0.20025781959655226,0.0,0.0
2024-02-13,92882.15019089088,-0.014446405492647255,0.11801989677339608,3,0.8002884818246527,0.19971151817534727,0.0,0.0
2024-02-14,93652.0737483941,0.008289252089027662,0.11070894136024412,3,0.8009223434270927,0.19907765657290738,0.0,0.0
2024-02-15,94266.01469493867,0.006555551008875407,0.10487914846359436,3,0.8011960580367368,0.19880394196326326,0.0,0.0
2024-02-16,93781.4380837311,-0.005140522942183858,0.10948053773694433,3,0.8013254545672308,0.19867454543276925,0.0,0.0
2024-02-20,93384.44301267611,-0.004231874688252301,0.11325027985671576,3,0.7989768143423402,0.20102318565765984,0.0,0.0
2024-02-21,93318.58168059995,-0.0007052709204168513,0.11387567864802062,3,0.8002649466828567,0.19973505331714322,0.0,0.0
2024-02-22,94955.09958978157,0.01753689222134687,0.09833581192975682,3,0.8027490972468676,0.19725090275313228,0.0,0.0
2024-02-23,95258.40747410954,0.0031942242769299432,0.09545569429058476,3,0.8007450597241065,0.19925494027589358,0.0,0.0
2024-02-26,94922.4245293318,-0.0035270686723275577,0.09864608417398468,3,0.8006361666482447,0.1993638333517553,0.0,0.0
2024-02-27,94929.55182064878,7.572164750159995e-05,0.09857840562521558,3,0.8014255132862174,0.19857448671378267,0.0,0.0
2024-02-28,94948.68408143522,0.00020154167400476664,0.09839673160810136,3,0.800205041996418,0.19979495800358202,0.0,0.0
2024-02-29,95355.70941501974,0.004286792782040338,0.09453174522489505,3,0.7996538527057372,0.20034614729426264,0.0,0.0
2024-03-01,96190.6097562558,0.008755640814356487,0.08660379041728195,3,0.8001552462242663,0.19984475377573388,0.0,0.0
2024-03-04,96030.74476598656,-0.0016619604624020339,0.0881218188041164,3,0.8006277722860707,0.19937222771392935,0.0,0.0
2024-03-05,95536.41774324581,-0.00514696672187844,0.09281579496259829,3,0.7961022073534552,0.20389779264654484,0.0,0.0
2024-03-06,96036.12507826272,0.005230542936619926,0.08807072902672675,3,0.7959728884723561,0.20402711152764388,0.0,0.0
2024-03-07,96776.55831765382,0.007709944969017662,0.08103980453188642,3,0.7977237179394026,0.20227628206059747,0.0,0.0
2024-03-08,96278.4651937327,-0.005146836512683182,0.0857695424196242,3,0.7970377394100893,0.20296226058991074,0.0,0.0
2024-03-11,96202.28153596557,-0.0007912845059779038,0.0864929588156007,3,0.7969830366633119,0.203016963336688,0.0,0.0
2024-03-12,96869.03119822098,0.006933743179504021,0.08016171072612643,3,0.8030379197722989,0.19696208022770098,0.0,0.0
2024-03-13,96654.59110592202,-0.0022137115406899873,0.0821979673626606,3,0.8035579797817498,0.1964420202182502,0.0,0.0
2024-03-14,96209.47658608119,-0.004605208244614449,0.08642463685028601,3,0.8056798120992835,0.19432018790071648,0.0,0.0
2024-03-15,95671.178059763,-0.005595067611001477,0.09153615277485383,3,0.8046495627346999,0.19535043726530021,0.0,0.0
2024-03-18,96072.39524762516,0.004193710122514842,0.0877263187428069,3,0.8060514237387192,0.19394857626128092,0.0,0.0
2024-03-19,96058.76782109286,0.0008590136219548,0.08785572056043245,0,0.0,0.0,0.0,1.0
2024-03-20,96211.84483601702,0.0015935767072221,0.0864021486830916,0,0.0,0.0,0.0,1.0
2024-03-21,96211.84483601702,0.0,0.0864021486830916,0,0.0,0.0,0.0,1.0
2024-03-22,96282.51616043868,0.0007345387103023,0.0857310756956502,0,0.0,0.0,0.0,1.0
2024-03-25,96235.45104192362,-0.0004888231050863,0.08617799147011251,0,0.0,0.0,0.0,1.0
2024-03-26,96258.93941319172,0.0002440719195868,0.08595495317833002,0,0.0,0.0,0.0,1.0
2024-03-27,96364.9513096008,0.0011013200130329,0.0849482970754516,0,0.0,0.0,0.0,1.0
2024-03-28,96306.08308813244,-0.0006108883019017,0.08550729145640346,0,0.0,0.0,0.0,1.0
2024-04-01,96105.21430775599,-0.0020857330496208,0.0874146791222501,0,0.0,0.0,0.0,1.0
2024-04-02,96152.44635867556,0.0004914618968365,0.08696617820942631,0,0.0,0.0,0.0,1.0
2024-04-03,96136.52553600389,0.0008352562900276199,0.08711735740580107,3,0.8002103507934007,0.19978964920659914,0.0,0.0
2024-04-04,95335.28538420092,-0.008334398890907365,0.09472568548976679,3,0.797086193441333,0.20291380655866698,0.0,0.0
2024-04-05,95859.88570402791,0.005502687884269201,0.0897442434873712,3,0.8010055550319177,0.19899444496808233,0.0,0.0
2024-04-08,95900.74333749214,0.00042622243041662083,0.08935627206652974,3,0.801112116811705,0.198887883188295,0.0,0.0
2024-04-09,96167.03720367429,0.0027767654025894783,0.08682762806871902,3,0.799817930384838,0.20018206961516208,0.0,0.0
2024-04-10,94977.50156622118,-0.01236929388199298,0.09812308970646555,3,0.8019084125114442,0.19809158748855574,0.0,0.0
2024-04-11,95466.79730851289,0.00515170155271527,0.09347688902734841,3,0.8038193177861472,0.19618068221385282,0.0,0.0
2024-04-12,94507.68551571663,-0.010046548327129638,0.10258431727139505,3,0.8007691911523002,0.1992308088476998,0.0,0.0
2024-04-15,93267.62094113116,-0.013121309318058058,0.11435958603135332,3,0.8012505263599343,0.19874947364006568,0.0,0.0
2024-04-16,93008.2883894868,-0.0027805207104837043,0.11682212754443444,3,0.8020191469366255,0.19798085306337454,0.0,0.0
2024-04-17,92774.18623500151,-0.00251498907724814,0.11904508902792899,3,0.7972705361803492,0.20272946381965082,0.0,0.0
2024-04-18,92527.19684780842,-0.0026622641191103376,0.12139042367796382,3,0.7977538692929438,0.2022461307070562,0.0,0.0
2024-04-19,91950.3310980933,-0.0062345534001636334,0.12686816199943873,3,0.7957519646425992,0.20424803535740077,0.0,0.0
2024-04-22,92592.55315633265,0.006984445304000194,0.12076982043374263,3,0.7975098859455437,0.20249011405445624,0.0,0.0
2024-04-23,93475.14655046059,0.009532012716376591,0.11238898718149493,3,0.7993541929918216,0.20064580700817825,0.0,0.0
2024-04-24,93120.83545032209,-0.00339243166289128,0.11575341554617258,2,0.40117110939577827,0.3985213792047411,0.20030751139948064,0.0
2024-04-25,92829.88992503415,-0.003124386973988912,0.11851614405643429,2,0.40089966681995814,0.3969667508037341,0.20213358237630763,0.0
2024-04-26,93436.39603085512,0.006533521760186892,0.11275695010237352,2,0.4020708086093035,0.39645663197563114,0.20147255941506542,0.0
2024-04-29,93841.85843510622,0.004339448239390476,0.10890680481158366,2,0.40175133404325125,0.3980540753024171,0.20019459065433162,0.0
2024-04-30,92551.02766051595,-0.013755383750023463,0.12116413366843504,2,0.4009016806541637,0.40015853089636383,0.1989397884494725,0.0
2024-05-01,92871.34396935145,0.0034620336511744804,0.11812250930302903,2,0.3973255853116509,0.4015582551354253,0.20111615955292375,0.0
2024-05-02,93318.84607253302,0.004818516498794794,0.1138731680641899,2,0.39911876516526357,0.4013473955488507,0.19953383928588572,0.0
2024-05-03,94144.66027168056,0.008849382883556668,0.10603149244499677,2,0.4005216307950662,0.4018525499662777,0.19762581923865624,0.0
2024-05-06,94877.13768299705,0.007780339418111666,0.09907611402711614,2,0.401533667565254,0.4003035869018655,0.19816274553288038,0.0
2024-05-07,95064.28733681554,0.0019725474270080785,0.09729899893391014,2,0.40118539635874356,0.4019517926559992,0.19686281098525718,0.0
2024-05-08,94645.44457424912,-0.0042055503795145515,0.10127619995913228,5,0.2008640645367054,0.5988819696954613,0.20025396576783325,0.0
2024-05-09,95330.55391730976,0.0072386932740664,0.09477061403253306,5,0.20056954259892062,0.5974786301483929,0.2019518272526865,0.0
2024-05-10,95190.85176821474,-0.001465449883110995,0.09609718233038778,5,0.20112266938299025,0.5949883774092535,0.20388895320775624,0.0
2024-05-13,95120.56854028993,-0.0007383401515930312,0.09676457007381123,5,0.20129829616919817,0.5969477728216113,0.2017539310091906,0.0
2024-05-14,95691.3263029235,0.006000361135266124,0.09134483130408677,5,0.2010156943681225,0.596736682532799,0.20224762309907854,0.0
2024-05-15,96914.09907886022,0.01297987024204876,0.07973376010335653,2,0.39976436155026235,0.4002635007470983,0.19997213770263939,0.0
2024-05-16,96721.03224687233,-0.0019921439070571603,0.0815670628860371,2,0.39973817389092836,0.4006706342222551,0.19959119188681662,0.0
2024-05-17,96833.95605067039,0.0011675206640665463,0.0804947734533974,2,0.3998459864101821,0.3975066066434388,0.20264740694637903,0.0
2024-05-20,96843.80092436497,0.00010166757711965885,0.08040128958486548,2,0.40026588915948946,0.3962919468473669,0.2034421639931437,0.0
2024-05-21,97107.8724941332,0.0027267782475252525,0.07789374782485314,2,0.400156484700087,0.39725273957537127,0.2025907757245417,0.0
2024-05-22,96868.75376760562,-0.00206338461837418,0.08016434512124193,3,0.79934574625691,0.20065425374309004,0.0,0.0
2024-05-23,96178.13405958294,-0.007129437317625945,0.08672225576521742,3,0.7992051724608602,0.2007948275391398,0.0,0.0
2024-05-24,96743.94000553762,0.005882895852441508,0.08134953791153154,3,0.7997879598166915,0.20021204018330857,0.0,0.0
2024-05-28,96520.33374723198,-0.002311320567395048,0.08347283361880353,3,0.8022009564559465,0.1977990435440535,0.0,0.0
2024-05-29,95747.10030458719,-0.008011093752221633,0.09081521867514131,3,0.8030166711318915,0.19698332886810857,0.0,0.0
2024-05-30,95860.88444734152,0.00159204041738188,0.08973475973049194,2,0.39671495871980295,0.40322419422209993,0.20006084705809715,0.0
2024-05-31,96357.2489827657,0.005177967408561125,0.08502143598323042,2,0.3982660902623987,0.40387078317918973,0.19786312655841154,0.0
2024-06-03,97187.99954932851,0.00862156791868764,0.07713288614941649,2,0.3951836699872958,0.40689509489365655,0.19792123511904766,0.0
2024-06-04,97520.20142377152,0.00341813676568584,0.0739784001377215,2,0.39427774652442554,0.4102459339214283,0.19547631955414604,0.0
2024-06-05,98496.54946066851,0.010011751643685592,0.06470730186321205,2,0.39500902939247784,0.4091597298828932,0.1958312407246289,0.0
2024-06-06,98410.14190832578,0.0001228580928207,0.06552780119250379,0,0.0,0.0,0.0,1.0
2024-06-07,98156.46248283022,-0.0025777772552333,0.06793666237223761,0,0.0,0.0,0.0,1.0
2024-06-10,98168.52155668798,0.0001228556281749,0.06782215314539441,0,0.0,0.0,0.0,1.0
2024-06-11,98277.23276096888,0.0011073937200747,0.06678986525179487,0,0.0,0.0,0.0,1.0
2024-06-12,98410.1419083258,0.0013523900055283,0.06552780119250368,0,0.0,0.0,0.0,1.0
2024-06-13,99008.54691566917,0.00708781278420856,0.059845532758112996,1,0.5969767766705782,0.4030232233294217,0.0,0.0
2024-06-14,99380.28097804086,0.0037545653779598232,0.05631566134547228,1,0.5951055371579091,0.40489446284209085,0.0,0.0
2024-06-17,99451.45860909265,0.0007162148300578835,0.055639780627234625,1,0.5994127095842109,0.40058729041578905,0.0,0.0
2024-06-18,99968.44038776551,0.005198332793739441,0.05073068192976615,1,0.5978279409433549,0.402172059056645,0.0,0.0
2024-06-20,99538.31972377398,-0.004302564512591569,0.05481497441058725,1,0.5987801968399776,0.4012198031600225,0.0,0.0
2024-06-21,99475.34450324207,0.0003676945621777,0.05541296758140968,0,0.0,0.0,0.0,1.0
2024-06-24,99487.54897195965,0.0001226883784974,0.055297077730052435,0,0.0,0.0,0.0,1.0
2024-06-25,99499.7131951085,0.000122268799207,0.05518157003813917,0,0.0,0.0,0.0,1.0
2024-06-26,99402.25855042707,-0.0009794464883566,0.05610696913149982,0,0.0,0.0,0.0,1.0
2024-06-27,99475.34450324207,0.00073525444875,0.05541296758140968,0,0.0,0.0,0.0,1.0
2024-06-28,98693.23806025856,-0.006869183678684301,0.06283960789818854,3,0.8023635303132054,0.1976364696867946,0.0,0.0
2024-07-01,98519.56844252894,-0.001759691151521297,0.06448872074772638,3,0.8054321252845908,0.19456787471540907,0.0,0.0
2024-07-02,99202.8141442804,0.006935126823561268,0.05800083138123979,3,0.8052677773307265,0.19473222266927345,0.0,0.0
2024-07-03,99813.02339456398,0.006151128428636067,0.05220647351539753,3,0.8039164911768844,0.19608350882311576,0.0,0.0
2024-07-05,100437.76579489066,0.00625912710666082,0.04627411336226017,3,0.8035229104861698,0.19647708951383025,0.0,0.0
2024-07-08,100573.5178664915,0.00135513154113488,0.04498505377570161,3,0.7998391198264558,0.20016088017354414,0.0,0.0
2024-07-09,100562.76353974373,-0.00010693000479561752,0.04508717352848124,3,0.8007025003368039,0.19929749966319607,0.0,0.0
2024-07-10,101422.48776554597,0.008549130866540643,0.03692349880883805,3,0.8017713200479702,0.19822867995202975,0.0,0.0
2024-07-11,100916.65025208639,-0.004987429559299583,0.041726775018745665,3,0.7988422529558388,0.20115774704416123,0.0,0.0
2024-07-12,101511.93909821122,0.005898816940889622,0.03607409668522532,3,0.7991667331650465,0.20083326683495342,0.0,0.0
2024-07-15,101501.7823350771,-9.922167859464001e-05,0.03617054215918414,3,0.8022797446165553,0.19772025538344476,0.0,0.0
2024-07-16,102267.81059429923,0.007546943921569011,0.028896575290903392,3,0.8009923115950636,0.1990076884049363,0.0,0.0
2024-07-17,101123.58719467222,-0.011188500007751078,0.03976176596578829,3,0.7986978161136721,0.20130218388632795,0.0,0.0
2024-07-18,100347.27390848016,-0.007676876461053463,0.04713339626164903,3,0.7986912052983866,0.20130879470161347,0.0,0.0
2024-07-19,99696.19250387329,-0.006488281935797116,0.05331586343390882,3,0.7985688130087442,0.20143118699125584,0.0,0.0
2024-07-22,100460.38860402055,0.00766669076077954,0.0460592941802036,3,0.8020983524732469,0.19790164752675304,0.0,0.0
2024-07-23,100306.10482272386,-0.0015357673152632118,0.047524325136900636,3,0.8020720513984095,0.19792794860159055,0.0,0.0
2024-07-24,98268.26757775988,-0.020316183631749536,0.06687499585219403,3,0.8001511725196915,0.1998488274803085,0.0,0.0
2024-07-25,98019.52137000945,-0.00253129737484776,0.06923701272559835,3,0.7980021182864545,0.2019978817135454,0.0,0.0
2024-07-26,99050.04879348731,0.010513491690984372,0.059451443792613023,3,0.7985439008541861,0.20145609914581383,0.0,0.0
2024-07-29,99203.01093300874,0.00154574976000738,0.057998962736483195,3,0.7992350079270328,0.20076499207296708,0.0,0.0
2024-07-30,98877.99221194783,-0.0032762989550830764,0.06108523975055691,3,0.7977993773265075,0.20220062267349245,0.0,0.0
2024-07-31,100364.75176784814,0.01503630406160948,0.04696743192751296,3,0.7987570390074081,0.20124296099259192,0.0,0.0
2024-08-01,99403.70507312508,-0.009575539995814834,0.056093233400405285,3,0.7950589729176878,0.20494102708231227,0.0,0.0
2024-08-02,98567.08022325161,-0.008416435275305022,0.0640375636074132,3,0.7868789857083347,0.2131210142916653,0.0,0.0
2024-08-05,98444.72182270711,-0.000241613481933,0.06519944104587783,0,0.0,0.0,0.0,1.0
2024-08-06,98325.58935097115,-0.0012101458517047,0.06633068606446735,0,0.0,0.0,0.0,1.0
2024-08-07,98266.02800038454,-0.0006057563547776,0.06689626218464462,0,0.0,0.0,0.0,1.0
2024-08-08,98218.35742467719,-0.0004851175597244,0.06734892719290331,0,0.0,0.0,0.0,1.0
2024-08-09,98242.207368375,0.000242825723451,0.0671224555214216,0,0.0,0.0,0.0,1.0
2024-08-12,98256.58796190206,0.00114752650059178,0.06698590186350795,3,0.7995028733216257,0.20049712667837433,0.0,0.0
2024-08-13,99685.1223901429,0.014538815746326879,0.053420981801976186,3,0.8010055152483523,0.19899448475164772,0.0,0.0
2024-08-14,100061.40866987756,0.003774748635628446,0.049847883944518556,3,0.8005107843908161,0.1994892156091838,0.0,0.0
2024-08-15,101273.25768395393,0.012111052904267046,0.03834054139986942,3,0.8044885582859159,0.19551144171408422,0.0,0.0
2024-08-16,101525.25331448966,0.0024882741633742316,0.03594766901507018,3,0.8042909200055944,0.1957090799944055,0.0,0.0
2024-08-19,101905.82761253636,0.0043554907289685,0.03233385346507722,5,0.2010366502116528,0.6001568541662339,0.19880649562211347,0.0
2024-08-20,102434.20683975753,0.005184975575981457,0.027316528129589623,5,0.1996744453221296,0.6018186946682987,0.19850686000957168,0.0
2024-08-21,102514.87422611171,0.0007875043781064417,0.026550535636979733,5,0.20020300239557748,0.6017108635870653,0.19808613401735736,0.0
2024-08-22,101498.32516354106,-0.009916112859178892,0.036203370388310785,5,0.2006210654328778,0.601704724448268,0.19767421011885428,0.0
2024-08-23,102346.34244946351,0.00835498797202876,0.0281508611404232,5,0.20107275866154412,0.6006260212641863,0.19830122007426965,0.0
2024-08-26,102038.01758849603,-0.00241508276975408,0.03107861843441939,3,0.8000251694323385,0.19997483056766158,0.0,0.0
2024-08-27,102114.7638649811,0.0007521341388125055,0.03034985958551839,3,0.8005216500075448,0.1994783499924552,0.0,0.0
2024-08-28,101615.25134987477,-0.004891677718285706,0.03509307557191643,3,0.7997865942425051,0.20021340575749497,0.0,0.0
2024-08-29,101555.98176243823,-0.0005832745247312255,0.035655881199672224,3,0.8003249179846391,0.19967508201536094,0.0,0.0
2024-08-30,102115.63456191713,0.005510781243669558,0.030341591717344185,3,0.803536763243202,0.19646323675679805,0.0,0.0
2024-09-03,100768.13979640299,-0.013192283208933401,0.04313698426524437,3,0.7940115127786757,0.20598848722132437,0.0,0.0
2024-09-04,100871.9398480516,0.0010300880006153083,0.04215133115450331,3,0.7915710072174338,0.2084289927825663,0.0,0.0
2024-09-05,100796.64790170189,-0.0007464112067551616,0.042866280135305024,3,0.7902356040760742,0.20976439592392584,0.0,0.0
2024-09-06,99453.94820361421,-0.013320876497768964,0.05561614020947281,3,0.7874249668999157,0.21257503310008433,0.0,0.0
2024-09-09,100422.07488980053,0.00973442184722779,0.046423109332558776,3,0.7885650437253613,0.2114349562746387,0.0,0.0
2024-09-10,100911.45133474201,0.00488468672558842,0.04177614232609839,3,0.7995788571008225,0.20042114289917756,0.0,0.0
2024-09-11,101723.14303271516,0.00804360344873652,0.03406856959985094,3,0.801336077716127,0.19866392228387295,0.0,0.0
2024-09-12,102315.3468909412,0.005821721985483366,0.02844518535502083,3,0.8034086082255876,0.19659139177441246,0.0,0.0
2024-09-13,102798.90767093019,0.004726180330546312,0.02385344209999818,3,0.8038057963538651,0.19619420364613493,0.0,0.0
2024-09-16,103105.72969197867,0.0029846817247383864,0.020939955307967884,3,0.8025973716617569,0.1974026283382431,0.0,0.0
2024-09-17,103039.44792484824,-0.0006402567043599801,0.02156934642020636,3,0.8008396410044334,0.19916035899556656,0.0,0.0
2024-09-18,102540.33407218881,-0.004843910392682382,0.02630877683160049,3,0.8023510068997964,0.19764899310020356,0.0,0.0
2024-09-19,103877.11950789741,0.013036679154638893,0.013615076759466271,3,0.8055410497505444,0.19445895024945575,0.0,0.0
2024-09-20,103655.14014884761,-0.0021369418029821316,0.01572292393577035,3,0.8058706879246623,0.19412931207533765,0.0,0.0
2024-09-23,103821.1406528507,0.0016014690999859443,0.014146634612628883,3,0.8065926603899571,0.19340733961004303,0.0,0.0
2024-09-24,104053.8941935482,0.0022484778701022602,0.0119364791475709,3,0.8004891329473234,0.19951086705267657,0.0,0.0
2024-09-25,103697.6330702827,-0.003423813457695561,0.015319424327323583,3,0.8014677580922291,0.19853224190777086,0.0,0.0
2024-09-26,104075.53852710646,0.003644301664702659,0.011730951266199274,3,0.8017236073768782,0.19827639262312172,0.0,0.0
2024-09-27,104061.84905480966,-0.00013153400396033254,0.011860942251169293,3,0.8006661902725702,0.1993338097274297,0.0,0.0
2024-09-30,104296.83510321955,0.0022581383143222963,0.00962958758498833,3,0.8020636220020148,0.19793637799798525,0.0,0.0
2024-10-01,103699.74547977051,-0.005722854632552599,0.015299365541708743,3,0.7973965013924601,0.2026034986075399,0.0,0.0
2024-10-02,103557.57901863125,-0.001370943202237635,0.01664933418275838,3,0.7988281221351248,0.20117187786487525,0.0,0.0
2024-10-03,103210.10898642142,-0.003355331743969397,0.019948801887228473,3,0.8000523379335593,0.19994766206644057,0.0,0.0
2024-10-04,103706.6132549133,0.004810616647611662,0.01523415127807548,3,0.8034573638231899,0.1965426361768101,0.0,0.0
2024-10-07,102799.74888732235,-0.008744518205043034,0.023845454169929114,3,0.803217645472975,0.19678235452702492,0.0,0.0
2024-10-08,103611.88203894641,0.00790339030779658,0.01613368953667038,3,0.8012334923240895,0.19876650767591064,0.0,0.0
2024-10-09,104069.82275012745,0.0044197702248948,0.011785226512407543,3,0.8032331172367985,0.19676688276320153,0.0,0.0
2024-10-10,103843.32302175768,-0.0021764208142603936,0.013935997714385584,3,0.8035764368286645,0.19642356317133552,0.0,0.0
2024-10-11,104260.6338036696,0.00401865781803291,0.009973343902519582,3,0.8051528067152544,0.19484719328474567,0.0,0.0
2024-10-14,104962.35537019932,0.006730455598909067,0.0033100134519189472,3,0.8063108727687184,0.19368912723128165,0.0,0.0
2024-10-15,104564.47984693032,-0.0037843627324773994,0.0070881160729600046,3,0.7967995266773918,0.2032004733226082,0.0,0.0
2024-10-16,105016.14566063811,0.004319495629576985,0.0027992375297821726,3,0.7968207977450151,0.20317920225498484,0.0,0.0
2024-10-17,104685.29534133193,-0.0031504709797227307,0.0059408895929020655,3,0.7994077535384293,0.2005922464615707,0.0,0.0
2024-10-18,105022.87877609498,0.003224745497085735,0.0027353019527797118,3,0.7999033150219118,0.20009668497808816,0.0,0.0
2024-10-21,104517.7663276533,-0.0048095467799788615,0.007531693170059417,3,0.8024490662513685,0.19755093374863156,0.0,0.0
2024-10-22,104400.5811855221,-0.0001213196215815,0.008644446950426099,0,0.0,0.0,0.0,1.0
2024-10-23,104337.2752528621,-0.0006063752896882,0.009245580461090586,0,0.0,0.0,0.0,1.0
2024-10-24,104387.94475607635,0.0004856318424211,0.008764438566942978,0,0.0,0.0,0.0,1.0
2024-10-25,104349.94262866567,-0.0003640470889573,0.009125294987553656,0,0.0,0.0,0.0,1.0
2024-10-28,104299.30407180925,-0.0004852763267597,0.009606143024681102,0,0.0,0.0,0.0,1.0
2024-10-29,104337.2752528621,0.0003640597738476,0.009245580461090586,0,0.0,0.0,0.0,1.0
2024-10-30,104248.68614585805,-0.0008490647928975,0.010086795157128514,0,0.0,0.0,0.0,1.0
2024-10-31,104273.98995110735,0.0002427254115595,0.009846518067074927,0,0.0,0.0,0.0,1.0
2024-11-01,104239.70138663583,-0.0003288314227508,0.010172111645280424,0,0.0,0.0,0.0,1.0
2024-11-04,104315.90163505677,0.0007310098494843,0.009448537709598859,0,0.0,0.0,0.0,1.0
2024-11-05,104743.59345518133,0.004853607837091125,0.005387308777157207,4,0.25180083852767465,0.2501139738601837,0.2493533486067561,0.24873183900538565
2024-11-06,103856.51096035102,-0.008469085941851723,0.013810769137979961,4,0.26026617796605034,0.2453416184154381,0.24384142999922095,0.25055077361929057
2024-11-07,104836.29151584837,0.009433982967821858,0.004507076730978388,4,0.2598273926296474,0.24609355445445968,0.24544601417152753,0.24863303874436543
2024-11-08,105088.7341671953,0.0024079700616724937,0.0021099595751397082,4,0.2603260599034893,0.24862045868724786,0.24319886992114909,0.24785461148811372
2024-11-11,104368.77022269188,-0.0068510097700668895,0.008946513991542893,4,0.26237160420760486,0.2491176410816875,0.23912888823811382,0.24938186647259386
2024-11-12,103148.63690621562,-0.01134369575264172,0.020532521703512274,5,0.2016663957702693,0.5977849119164341,0.20054869231329664,0.0
2024-11-13,102365.28975439112,-0.007594352919435343,0.02797094340680506,5,0.2033083543773558,0.5966455089018571,0.2000461367207871,0.0
2024-11-14,102531.69869170836,0.0016256383166257798,0.026390775727533677,5,0.2016732131865582,0.5991264265659346,0.1992003602475072,0.0
2024-11-15,102067.42154187444,-0.004528132819001671,0.030799407608844587,5,0.1999956606205015,0.6002524730217039,0.19975186635779452,0.0
2024-11-18,102647.6704832822,0.005684957380545781,0.02528954354790114,5,0.19967995275747819,0.5979194897330368,0.20240055750948502,0.0
2024-11-19,103170.31500413916,0.005293015823301381,0.02032667320619519,2,0.3993483899717841,0.39992220889915153,0.2007294011290643,0.0
2024-11-20,103168.99185436933,-1.2824907724443723e-05,0.020339237426211465,2,0.39948886583102344,0.3986486270108457,0.20186250715813084,0.0
2024-11-21,103532.07159982347,0.003519272011173989,0.016891544724039975,2,0.4002248782563626,0.39694300352475165,0.20283211821888586,0.0
2024-11-22,103953.98602144935,0.0040752050558468846,0.012885176176653745,2,0.39983596148478534,0.3955508068193774,0.2046132316958373,0.0
2024-11-25,104532.87218083197,0.005568676888091293,0.0073882526713363594,2,0.39897050922171345,0.4035436656713901,0.19748582510689647,0.0
2024-11-26,104418.26378376075,-0.0008975942718474797,0.008476538479446627,5,0.20122489444909333,0.5982074152893239,0.20056769026158283,0.0
2024-11-27,104833.94312289644,0.00398090644368989,0.0045293763424096856,5,0.19981972247796684,0.5999638254584496,0.20021645206358368,0.0
2024-11-29,105794.28522326484,0.009160602680399088,0.0,5,0.19923589168944167,0.6006540092802536,0.2001100990303046,0.0
2024-12-02,105799.40827058398,4.842461299619774e-05,0.0,5,0.1995833434821815,0.6020680069734254,0.19834864954439296,0.0
2024-12-03,105301.77286723939,-0.00470357454241973,0.004703574542419764,5,0.2006195476631497,0.5996933280843307,0.19968712425251955,0.0
2024-12-04,106175.31772266651,0.008296257625588981,0.0,5,0.1995860639620318,0.6014577915077343,0.198956144530234,0.0
2024-12-05,106113.16350378821,-0.0005853923511739171,0.0005853923511738301,5,0.19937435040019783,0.603025651293314,0.1975999983064882,0.0
2024-12-06,106256.08638598153,0.0013468911629256246,0.0,5,0.19948360007142998,0.6031090634257595,0.19740733650281034,0.0
2024-12-09,105764.34581074762,-0.00462788148857312,0.004627881488573071,5,0.19937900671934028,0.6003284950574506,0.20029249822320905,0.0
2024-12-10,105678.92767663703,-0.0008076269318909571,0.005431770818736248,5,0.1989197920909684,0.5979869730779953,0.2030932348310364,0.0
2024-12-11,105444.01987866446,-0.0022197578931387797,0.007642541099878164,5,0.20199450630143306,0.5956495500263392,0.2023559436722277,0.0
2024-12-12,104258.44458100214,-0.01124364661956724,0.01880025768804272,5,0.20323884706959866,0.5951051518781153,0.20165600105228612,0.0
2024-12-13,103366.49305550805,-0.008555196934681854,0.027194614715780663,5,0.20495192612467183,0.5941113590034149,0.20093671487191314,0.0
2024-12-16,103691.04977552606,0.0031398639000330205,0.024140138204769013,5,0.2051828150816902,0.59402562388844,0.20079156102986964,0.0
2024-12-17,103673.32917307937,-0.0001708980908675613,0.02430691079210412,5,0.20437236950361265,0.5955726439019848,0.20005498659440255,0.0
2024-12-18,101996.76654225998,-0.015831488840154125,0.04008541993772774,4,0.24645081808782807,0.2508451922857579,0.24914811616112198,0.25355587346529196
2024-12-19,101666.26669702014,-0.00324029728043296,0.0431958285409515,4,0.24717607017350138,0.2478501569802454,0.2503132691404382,0.254660503705815
2024-12-20,102380.2735120985,0.007023045482787385,0.03647614932667398,4,0.24840037787370386,0.24752307038876892,0.25116113585162186,0.25291541588590544
2024-12-23,102163.2023248898,-0.002120244259584215,0.038519055240036626,4,0.25041877393566725,0.24577380300771023,0.2505096110208377,0.25329781203578483
2024-12-24,102617.39551468694,0.004445761090698245,0.034244540666374945,4,0.2520815091925822,0.245720711870734,0.2498976444702292,0.2523001344664546
2024-12-26,102546.61909424087,-0.00018760815827943003,0.03491063352611912,1,0.6001525485911934,0.3998474514088067,0.0,0.0
2024-12-27,101562.60968625302,-0.009595727452345725,0.04417136805395949,1,0.5995884798900096,0.4004115201099904,0.0,0.0
2024-12-30,101194.51122706737,-0.0036243501454205533,0.04763562569515012,1,0.5949024214020558,0.40509757859794415,0.0,0.0
2024-12-31,100756.05851165198,-0.004332771709639094,0.051762003113406396,1,0.5953174604119228,0.40468253958807726,0.0,0.0
2025-01-02,100720.7460172343,-0.0003504751469966581,0.052094336964753074,1,0.5940628957201217,0.4059371042798782,0.0,0.0
2025-01-03,101346.92507625873,0.006222955991134439,0.04620122457635012,1,0.6037450285017809,0.39625497149821926,0.0,0.0
2025-01-06,101519.98091372127,0.0017075588364652153,0.04457255704916585,1,0.6061878699464551,0.39381213005354493,0.0,0.0
2025-01-07,100373.45709019048,-0.011293578005153453,0.05536275140439528,1,0.60618145223924,0.3938185477607601,0.0,0.0
2025-01-08,100512.97206807298,0.0013899588788412682,0.0540497444734257,1,0.6062244632465341,0.39377553675346577,0.0,0.0
2025-01-10,99320.43232158959,-0.011864535710631788,0.06527300506060207,1,0.6041367772710057,0.3958632227289944,0.0,0.0
2025-01-13,99417.18538714631,0.00117024309896418,0.06436244013347625,3,0.800303917654569,0.19969608234543113,0.0,0.0
2025-01-14,99494.11743763447,0.0007738305021267252,0.06363841525071612,3,0.8007853383582944,0.19921466164170556,0.0,0.0
2025-01-15,101284.99933451679,0.017999877208870082,0.04678402170212603,3,0.8009349166095745,0.19906508339042545,0.0,0.0
2025-01-16,101194.05086140276,-0.0008979461293536586,0.047639958300276786,3,0.8001130118163319,0.1998869881836682,0.0,0.0
2025-01-17,102041.79913493383,0.00837745170110997,0.03966160804887031,3,0.8014320254205611,0.19856797457943887,0.0,0.0
2025-01-21,102946.64433104727,0.009070656661538161,0.03114590577816423,1,0.6000493716694699,0.39995062833053013,0.0,0.0
2025-01-22,103078.59164947954,0.0012817058709359312,0.029904119797519724,1,0.6026500899365816,0.3973499100634184,0.0,0.0
2025-01-23,103099.3743780159,0.0002016202220440658,0.02970852885074915,1,0.6058171827190842,0.39418281728091586,0.0,0.0
2025-01-24,103099.56797853133,1.8778049489304845e-06,0.029706706832622887,1,0.604047507382088,0.39595249261791193,0.0,0.0
2025-01-27,102700.72768743662,-0.003868496240234077,0.03346028278916524,1,0.5978156870802566,0.4021843129197435,0.0,0.0
2025-01-28,103202.03824343641,0.004883470578359139,0.02874233605264831,1,0.6022145548092626,0.3977854451907374,0.0,0.0
2025-01-29,102839.63519725967,-0.003511588068850888,0.03215299287714579,1,0.6016275768015095,0.39837242319849053,0.0,0.0
2025-01-30,103325.33029419466,0.004722839555034832,0.02758200674868383,1,0.6020133490426552,0.39798665095734476,0.0,0.0
2025-01-31,102724.28887186635,-0.0058169804114537715,0.033238543167171786,1,0.6023131312147252,0.3976868687852748,0.0,0.0
2025-02-03,102640.53342631468,-0.000815342179259464,0.03402678456020991,1,0.5987479555827022,0.4012520444172977,0.0,0.0
2025-02-04,103233.46924165668,0.005979274694272301,0.02844653183766821,3,0.8005798918228227,0.19942010817717729,0.0,0.0
2025-02-05,103908.45090707412,0.006538399516898885,0.02209412711079428,3,0.7986041878290822,0.20139581217091787,0.0,0.0
2025-02-06,104187.55188957862,0.002686027749120284,0.01946744480018614,3,0.7992330776308487,0.20076692236915133,0.0,0.0
2025-02-07,103290.30883443683,-0.008611806678140684,0.027911601607190195,3,0.7987963671426823,0.20120363285731768,0.0,0.0
2025-02-10,103787.78629656177,0.004816303366101174,0.02322972898186293,3,0.8003663652107289,0.19963363478927107,0.0,0.0
2025-02-11,103717.94072177204,-0.0006725991431316201,0.023887061443139568,3,0.8011472017038886,0.19885279829611135,0.0,0.0
2025-02-12,103170.38529244575,-0.005279274014850872,0.029040229115222527,3,0.8028045431160227,0.19719545688397724,0.0,0.0
2025-02-13,104382.99907783077,0.011753506415118537,0.01762804721930622,3,0.8018555389731453,0.19814446102685465,0.0,0.0
2025-02-14,104488.50345796204,0.001010742947255229,0.01663512169645176,3,0.8010064944799871,0.1989935055200129,0.0,0.0
2025-02-18,104489.33303243386,7.939385141617622e-06,0.016627314383948155,3,0.8033517894590836,0.19664821054091644,0.0,0.0
2025-02-19,104711.91415765414,0.00213353930221368,0.014532553200934606,3,0.8001766455297309,0.1998233544702691,0.0,0.0
2025-02-20,104441.61510482096,-0.0025813591032844098,0.01707639856571974,3,0.7989099880085182,0.2010900119914818,0.0,0.0
2025-02-21,103268.2894866617,-0.011234273014465274,0.02811883065659393,3,0.7941674013317075,0.20583259866829245,0.0,0.0
2025-02-24,102956.75925845666,-0.0030167075464659805,0.031050711914420326,3,0.7929456201411704,0.20705437985882952,0.0,0.0
2025-02-25,102918.4094952652,-0.0003724841716821293,0.0314116301873949,3,0.7892960747876656,0.2107039252123344,0.0,0.0
2025-02-26,103080.46651480602,0.0015853373342620402,0.029886475016968728,3,0.7991370198723694,0.20086298012763068,0.0,0.0
2025-02-27,101619.22482809397,-0.014175738004660328,0.043638550181905655,3,0.7976889294506033,0.2023110705493967,0.0,0.0
2025-02-28,103136.40893688021,0.014930089373864235,0.02935998826240327,3,0.7982199321814092,0.20178006781859079,0.0,0.0
2025-03-03,101791.1861039867,-0.013043142055845437,0.042020183820584256,3,0.7945992071328883,0.2054007928671116,0.0,0.0
2025-03-04,100576.30262713607,-0.011935055709141117,0.0534537262949184,3,0.7946781694345173,0.20532183056548264,0.0,0.0
2025-03-05,100884.02416572245,0.0032548947554513793,0.05055768947432093,1,0.6044811811404365,0.3955188188595635,0.0,0.0
2025-03-06,99669.53282423678,-0.0120384902518422,0.06198754147427099,1,0.600985838759523,0.39901416124047695,0.0,0.0
2025-03-07,99877.69863204948,0.0020885600836495826,0.060028446095428234,1,0.603094761644572,0.3969052383554279,0.0,0.0
2025-03-10,98686.81816729608,-0.01192338711307927,0.07123609080791504,1,0.5941148858678081,0.4058851141321918,0.0,0.0
2025-03-11,97913.46712659085,-0.007836416808921883,0.07851427191742799,1,0.5938295700460126,0.4061704299539874,0.0,0.0
2025-03-12,98191.90584039698,0.0030505216968273806,0.07589382236694597,3,0.8017992842505459,0.19820071574945405,0.0,0.0
2025-03-13,97313.48284553405,-0.008945981721657848,0.08416085934092232,3,0.7982520087570051,0.20174799124299492,0.0,0.0
2025-03-14,98814.09099026077,0.01542035184485825,0.07003829755866664,3,0.8023678330278925,0.1976321669721075,0.0,0.0
2025-03-17,99522.94024037982,0.00717356444830251,0.0633671573517508,3,0.8027961630989376,0.19720383690106227,0.0,0.0
2025-03-18,98678.87787929275,-0.008481083447177034,0.07131081864961719,3,0.8009118375370485,0.1990881624629515,0.0,0.0
2025-03-19,99640.8019054395,0.009748944284001321,0.062257934632672374,3,0.8009047014844504,0.1990952985155497,0.0,0.0
2025-03-20,99423.0943331908,-0.0021849239276024576,0.06430682970921286,3,0.800337402548972,0.19966259745102805,0.0,0.0
2025-03-21,99331.8501296666,-0.0009177365091698042,0.06516554949296949,3,0.8013368434964749,0.1986631565035251,0.0,0.0
2025-03-24,100554.98775111034,0.012313649849942961,0.05365432540176207,3,0.8057655714920837,0.19423442850791636,0.0,0.0
2025-03-25,100747.59846309685,0.0019154764601358152,0.051841622538917664,3,0.8061584844776204,0.19384151552237966,0.0,0.0
2025-03-26,99652.32061829371,-0.010865411686759701,0.062149529427417916,3,0.7991321460532764,0.20086785394672357,0.0,0.0
2025-03-27,99382.46150421455,-0.002708006320423156,0.06468923442934016,3,0.7991739430074285,0.20082605699257147,0.0,0.0
2025-03-28,98059.12467159313,-0.013315597265270953,0.07714345590155136,3,0.7936479891513157,0.20635201084868432,0.0,0.0
2025-03-31,98781.33294212769,0.007365028730913878,0.07034659093975437,3,0.7931341341833495,0.20686586581665045,0.0,0.0
2025-04-01,99179.68869340318,0.004032702732497712,0.06659757509676123,3,0.7921796710091292,0.20782032899087077,0.0,0.0
2025-04-02,99668.01934141271,0.0049315550114111,0.06200178520256494,3,0.8011119111740121,0.198888088825988,0.0,0.0
2025-04-03,95824.24623353773,-0.038565761949258114,0.09817640106327197,3,0.7921837269682159,0.2078162730317841,0.0,0.0
2025-04-04,91597.03464866667,-0.04411421692343639,0.13795964293344087,3,0.7802260268208204,0.21977397317917957,0.0,0.0
2025-04-07,90862.67412196656,-0.008017295860252054,0.14487087551952071,3,0.78513087605245,0.21486912394755003,0.0,0.0
2025-04-08,89376.73481322153,-0.016353682335503734,0.15885538557711187,3,0.785682363828895,0.214317636171105,0.0,0.0
2025-04-09,93966.64554302458,0.05176029310602604,0.11565870023026092,2,0.420255217936082,0.38255322470775066,0.19719155735616734,0.0
2025-04-10,91697.77169113439,-0.02414552353953457,0.13701158390083368,2,0.41178273803909854,0.3812113139475746,0.20700594801332678,0.0
2025-04-11,92923.93621145179,0.013371802800699332,0.12547187298146778,2,0.41359956190632485,0.37822708989838555,0.20817334819528963,0.0
2025-04-14,93437.20026927556,0.005523485968737177,0.120641429142615,2,0.4153180491186087,0.37883343640684247,0.2058485144745489,0.0
2025-04-15,93554.53979246708,0.0012558116344813135,0.11953712041845133,2,0.41363533385755286,0.3796986077916225,0.20666605835082463,0.0
2025-04-16,94039.96697732066,0.00541020122213412,0.11496865567102765,5,0.19450211178429966,0.6001009648482453,0.20539692336745502,0.0
2025-04-17,93482.81344561599,-0.005924646186222379,0.12021215324989354,5,0.19594048934840777,0.5983456400326925,0.20571387061889979,0.0
2025-04-21,92663.9981988043,-0.008758992339143052,0.12791820825964895,5,0.19296676972445417,0.5930814789137864,0.2139517513617595,0.0
2025-04-22,93154.53385459355,0.005293702681993508,0.12330166653979524,5,0.19694478886210132,0.5932512875177436,0.20980392362015501,0.0
2025-04-23,93506.96798148163,0.003783327684707128,0.11998482946367861,5,0.1992426959553178,0.5967559950347578,0.20400130900992422,0.0
2025-04-24,94763.55297867738,0.01344246534889512,0.10815882457365156,5,0.2015011341823614,0.5982790582395282,0.2002198075781104,0.0
2025-04-25,95113.45093604595,0.003692326283368547,0.10486585596103448,5,0.2022104157736139,0.6004690673978159,0.1973205168285702,0.0
2025-04-28,95747.88267622242,0.006670263079856769,0.09889507572853229,5,0.20094716536857138,0.6002481382178435,0.19880469641358506,0.0
2025-04-29,96165.5825507544,0.004362497246486981,0.09496400797760207,5,0.20133468767821897,0.6026518681397106,0.19601344418207023,0.0
2025-04-30,95563.2113827359,-0.00626389558551881,0.10063305893276675,5,0.20268417584657855,0.6015426934329257,0.19577313072049587,0.0
2025-05-01,95010.51207360938,-0.005779396719960759,0.1058346368180918,5,0.20258821125781717,0.6004277976185108,0.19698399112367201,0.0
2025-05-02,94711.45369026868,-0.0031476346860334794,0.10864914273029302,5,0.20624466363070823,0.5958038990391399,0.1979514373301519,0.0
2025-05-05,94844.21439092043,0.0014017386016047689,0.10739970182608449,5,0.20477492642859602,0.591646635009176,0.20357843856222804,0.0
2025-05-06,95409.52737576238,0.005960437212457601,0.10207941379299801,5,0.20186019816990924,0.590096310710204,0.20804349111988674,0.0
2025-05-07,95430.90843715017,0.00022409776021187712,0.10187819180078084,5,0.20266368786601782,0.5924579425095293,0.20487836962445274,0.0
2025-05-08,94548.9225281853,-0.00923466856398696,0.11017876016315209,5,0.20327071223025378,0.5988407067716065,0.19788858099813966,0.0
2025-05-09,94744.85701662183,0.0020723079988366104,0.10833477649030365,5,0.20259186762930917,0.5984961410883447,0.19891199128234616,0.0
2025-05-12,94320.27341042788,-0.004481336713817105,0.11233062859285159,5,0.2102291155285063,0.5955961730163605,0.1941747114551331,0.0
2025-05-13,94301.22243213026,-0.00020198179679473124,0.11250992164744811,5,0.2116601685299981,0.5932987366049628,0.19504109486503912,0.0
2025-05-14,93568.50000477652,-0.007770020456321148,0.11940573771102958,5,0.21359028865850224,0.5939766486494772,0.19243306269202048,0.0
2025-05-15,94450.8601652069,0.00944381701410092,0.11110164718368643,5,0.19909662503487133,0.5996115474443519,0.20129182752077687,0.0
2025-05-16,94491.51139393264,0.0004303955374744643,0.11071906929936581,5,0.20027153683045137,0.6009552105964434,0.19877325257310513,0.0
2025-05-19,94589.65660151574,0.0010386669250526147,0.1097954026095671,5,0.2002825917286348,0.5985927243611585,0.20112468391020658,0.0
2025-05-20,94472.26475376995,-0.001241064318906945,0.11090020377191523,5,0.19985722577911247,0.5950181241939151,0.2051246500269725,0.0
2025-05-21,93336.42378937511,-0.01202300979398835,0.1215898593297986,5,0.19888062021075123,0.5919665330902796,0.2091528466989692,0.0
2025-05-22,93407.52276800323,0.00136368866741748,0.12092073080223509,3,0.7992257863700353,0.20077421362996464,0.0,0.0
2025-05-23,92929.0622947304,-0.005122290572475487,0.12542363025530534,3,0.7978574166484281,0.20214258335157184,0.0,0.0
2025-05-27,94732.73463489945,0.019409130961082842,0.1084488629594621,3,0.7989386271590125,0.20106137284098746,0.0,0.0
2025-05-28,94212.64293536902,-0.005490094860397053,0.11334356327470962,3,0.7987012683665099,0.20129873163349016,0.0,0.0
2025-05-29,94685.19795123329,0.005015834405457196,0.10889624141356291,3,0.7978522013298066,0.20214779867019333,0.0,0.0
2025-05-30,94628.86011255387,-0.00059285501554216,0.10942644952300495,3,0.799579397653026,0.20042060234697404,0.0,0.0
2025-06-02,94878.55089211612,0.002638632434811673,0.10707655326713084,3,0.8019671844055821,0.19803281559441793,0.0,0.0
2025-06-03,95279.36242905968,0.004224469420905297,0.10330442547119845,3,0.8031475758282781,0.19685242417172194,0.0,0.0
2025-06-04,95563.29783164838,0.00298003046357612,0.10063224534254878,3,0.8005463515976597,0.1994536484023404,0.0,0.0
2025-06-05,95206.8071882686,-0.003730413782996475,0.10398725921050544,3,0.7996604879644198,0.20033951203558015,0.0,0.0
2025-06-06,95746.6367460499,0.0056704145519798,0.09890680145846353,3,0.8036581499109394,0.19634185008906055,0.0,0.0
2025-06-09,95835.80666543673,0.000931311244105036,0.09806760323067532,3,0.8036339963851056,0.19636600361489437,0.0,0.0
2025-06-10,96369.39862647232,0.005567772418281659,0.09304584890878842,3,0.8037156349776152,0.19628436502238478,0.0,0.0
2025-06-11,96205.75733024972,-0.0016980628555842024,0.09458591406447436,3,0.8027864754628619,0.19721352453713814,0.0,0.0
2025-06-12,96739.56376522362,0.005548591371111692,0.08956214127996942,3,0.8015296097133667,0.1984703902866333,0.0,0.0
2025-06-13,95687.72382626767,-0.0108713904934759,0.0994612442370939,3,0.7997502676158095,0.2002497323841905,0.0,0.0
2025-06-16,96222.72370236502,0.00559110254381946,0.09442623970893982,3,0.8028704362405298,0.1971295637594701,0.0,0.0
2025-06-17,95793.4038057242,-0.004461730868986702,0.09846666610937482,3,0.7995772693368618,0.20042273066313823,0.0,0.0
2025-06-18,95815.14807504998,0.0002269913006731328,0.09826202588531474,3,0.7992753340278861,0.20072466597211389,0.0,0.0
2025-06-20,95599.78613757955,-0.0022476815179760627,0.10028884566378948,3,0.7991945913970658,0.20080540860293414,0.0,0.0
2025-06-23,96417.0349921031,0.008549459603594801,0.09259753232523071,3,0.8010534147816725,0.1989465852183276,0.0,0.0
2025-06-24,97409.53803738522,0.010293855700534814,0.08325686226067741,3,0.8016507240071888,0.19834927599281107,0.0,0.0
2025-06-25,97477.61605326396,0.0006988844958139658,0.0826161646950675,3,0.801539772864517,0.19846022713548286,0.0,0.0
2025-06-26,98186.17601405973,0.007268950447132313,0.07594774705523566,3,0.8019813051700817,0.19801869482991824,0.0,0.0
2025-06-27,98453.60290838868,0.002723671551183172,0.07343093222208341,3,0.8037765833538165,0.19622341664618348,0.0,0.0
2025-06-30,99023.58739146331,0.00579316996503884,0.06806667966525448,3,0.7991951504082891,0.2008048495917108,0.0,0.0
2025-07-01,99047.27296609768,0.00023919123976726126,0.06784376937898329,3,0.7987453867439601,0.20125461325603988,0.0,0.0
2025-07-02,99279.26661540566,0.002342251758787785,0.06566042480834611,3,0.8004913594174252,0.19950864058257478,0.0,0.0
2025-07-03,99767.66164729555,0.004919406121137806,0.061064028982927065,3,0.8028508030575704,0.19714919694242955,0.0,0.0
2025-07-07,98983.05911451075,-0.007864297106196287,0.06844810042270033,3,0.8031844626618326,0.1968155373381673,0.0,0.0
2025-07-08,98914.08994680077,-0.0006935952383661601,0.06909718481923499,3,0.8001167689450672,0.1998832310549328,0.0,0.0
2025-07-09,99595.51801058077,0.006889089958230265,0.06268411158308473,3,0.7994076031396247,0.20059239686037536,0.0,0.0
2025-07-10,99833.84958966155,0.0023929950246902713,0.06044111932553986,3,0.7997483452364331,0.20025165476356685,0.0,0.0
2025-07-11,99277.38901726768,-0.005573866726376364,0.06567809530800262,3,0.8014038212119231,0.19859617878807692,0.0,0.0
2025-07-14,99387.83449011942,0.0011124937303955502,0.06463866804686158,3,0.8020407026947368,0.19795929730526315,0.0,0.0
2025-07-15,98908.5648479879,-0.004820185500594981,0.06914918277060689,3,0.8004397771333853,0.19956022286661465,0.0,0.0
2025-07-16,99201.10548327607,0.002957687594979888,0.0663960168557105,3,0.8007474260101896,0.19925257398981044,0.0,0.0
2025-07-17,99682.58170751648,0.004853536882425069,0.06186473548994076,3,0.8017564350238628,0.1982435649761373,0.0,0.0
2025-07-18,99654.23152891187,-0.0002844045380745245,0.06213154541649524,3,0.8013971232998012,0.19860287670019883,0.0,0.0
2025-07-21,99982.12074920678,0.0032902689154727036,0.059045705993576725,3,0.8002835391872065,0.19971646081279346,0.0,0.0
2025-07-22,100114.44887857545,0.00132380184331344,0.05780033611529989,3,0.799056685121573,0.20094331487842698,0.0,0.0
2025-07-23,100683.42333457612,0.005683240155382087,0.05244558915112296,3,0.8013007355376142,0.1986992644623859,0.0,0.0
2025-07-24,100675.24866481006,-8.119181385884996e-05,0.05252252281246972,3,0.8016310757216012,0.19836892427839883,0.0,0.0
2025-07-25,101141.73395896403,0.004633564856711674,0.048132324471647725,3,0.8013045399033747,0.1986954600966254,0.0,0.0
2025-07-28,100991.1789827947,-0.001488554430265146,0.04954923131708178,3,0.8022976208479463,0.19770237915205358,0.0,0.0
2025-07-29,101955.19983327495,0.010154007933235001,0.04047661361329791,5,0.1974673631130671,0.6039984765111301,0.19853416037580274,0.0
2025-07-30,101262.8558518308,-0.006790668671890441,0.0469924190131803,5,0.19856712058093112,0.604994147984903,0.196438731434166,0.0
2025-07-31,101354.88678114828,0.0009088320543927361,0.046126295175500376,5,0.19764263882310573,0.604792768522883,0.19756459265401133,0.0
2025-08-01,102304.47884390753,0.009368981535243254,0.037189470048045514,5,0.1925987014788074,0.6076972296234673,0.19970406889772532,0.0
2025-08-04,102892.84588813416,0.005751136713421411,0.03165221506117022,5,0.19440810811861123,0.6058735081358801,0.19971838374550857,0.0
2025-08-05,102476.51272395735,-0.0034427720483173607,0.03557042039262259,3,0.7986937010557917,0.20130629894420823,0.0,0.0
2025-08-06,102984.33243726678,0.004955474184385498,0.03079121450822031,3,0.8008429461499763,0.19915705385002366,0.0,0.0
2025-08-07,102880.21658158628,-0.001010987333863898,0.03177107231422205,3,0.800981913491441,0.199018086508559,0.0,0.0
2025-08-08,103434.02907768694,0.005383080581497995,0.026559017975152033,3,0.8029055088271443,0.1970944911728557,0.0,0.0
2025-08-11,103293.16501158441,-0.0013618735280700668,0.027884721479710217,3,0.802410621649114,0.19758937835088594,0.0,0.0
2025-08-12,104068.63539673151,0.007509899186168959,0.020586594741537678,3,0.8024902414388234,0.19750975856117658,0.0,0.0
2025-08-13,104524.70840892315,0.004382425218251377,0.016294388735239584,3,0.8017237002922141,0.1982762997077859,0.0,0.0
2025-08-14,104378.84230717996,-0.0013955179015906558,0.01766716752565467,3,0.802918758978046,0.1970812410219541,0.0,0.0
2025-08-15,104036.07027027676,-0.003283922577857736,0.02089307249318806,3,0.803678184178868,0.19632181582113195,0.0,0.0
2025-08-18,103958.7693501082,-0.0007430203771416545,0.021620568891726255,3,0.8041006765347184,0.19589932346528158,0.0,0.0
2025-08-19,103627.82819472575,-0.0031793009046054404,0.02473513076426015,3,0.7981976296233931,0.20180237037660692,0.0,0.0
2025-08-20,103453.90095930388,-0.001678383484936567,0.026371999214224284,3,0.7974151223952353,0.2025848776047647,0.0,0.0
2025-08-21,103019.16569331166,-0.0042022124053420744,0.030463390877314644,3,0.7975675930215604,0.20243240697843953,0.0,0.0
2025-08-22,104435.4297203601,0.013747578108569167,0.01713461061428312,3,0.798833753409065,0.2011662465909349,0.0,0.0
2025-08-25,104007.91168320083,-0.00409361112702858,0.021158079308643774,3,0.7985870223261841,0.2014129776738159,0.0,0.0
2025-08-26,103991.70966442602,0.0008450682767557,0.02131056016245536,0,0.0,0.0,0.0,1.0
2025-08-27,104067.01001945992,0.0007240995967552,0.020601891533720273,0,0.0,0.0,0.0,1.0
2025-08-28,104029.3548951321,-0.0003618353628184,0.020956272403640952,0,0.0,0.0,0.0,1.0
2025-08-29,104117.21025614919,0.0008445247123338,0.020129445781230326,0,0.0,0.0,0.0,1.0
2025-09-02,104064.31895434769,-0.0005079976852181,0.02062721775458687,0,0.0,0.0,0.0,1.0
2025-09-03,104139.83696905978,0.0007256859552908,0.01991650068151718,0,0.0,0.0,0.0,1.0
2025-09-04,104215.37477101534,0.0007253497235453,0.019205597386235174,0,0.0,0.0,0.0,1.0
2025-09-05,104366.41080043952,0.0014492682078439,0.017784163240095685,0,0.0,0.0,0.0,1.0
2025-09-08,104429.33423468149,0.0006029088646373,0.017191976605125947,0,0.0,0.0,0.0,1.0
2025-09-09,104341.23153312103,-0.0008436585582599,0.018021131005189428,0,0.0,0.0,0.0,1.0
2025-09-10,104729.51180612632,0.00472598043852918,0.01436693776119169,5,0.199634710301915,0.6005909780591888,0.19977431163889606,0.0
2025-09-11,105292.59449976575,0.005376542713975256,0.009067639501758373,5,0.20021723715608541,0.6013731483414303,0.19840961450248432,0.0
2025-09-12,105053.37700936662,-0.0022719308184552074,0.01131896927057896,5,0.200606001336862,0.6001405150714945,0.1992534835916435,0.0
2025-09-15,105530.56407438267,0.004542329609960927,0.006828054149889962,5,0.2007620738813577,0.598821599719418,0.20041632639922433,0.0
2025-09-16,105677.0074189719,0.0013876865519832843,0.005449842796826587,5,0.20020784062046282,0.5992520023868605,0.20054015699267652,0.0
2025-09-17,105520.4395799765,-0.0004820516268768,0.0069233380507987,0,0.0,0.0,0.0,1.0
2025-09-18,105482.28645359227,-0.0003615709575898,0.0072824057304198275,0,0.0,0.0,0.0,1.0
2025-09-19,105520.43957997649,0.0003617017384336,0.006923338050798922,0,0.0,0.0,0.0,1.0
2025-09-22,105469.57874299627,-0.0004819998588205,0.0074020008616563215,0,0.0,0.0,0.0,1.0
2025-09-23,105507.72187118177,0.0003616505217911,0.007043027277339076,0,0.0,0.0,0.0,1.0
2025-09-24,105456.8510360028,-0.0004821527209267,0.007521784183500357,0,0.0,0.0,0.0,1.0
2025-09-25,105367.79707984338,-0.0008444587078464,0.008359891055194524,0,0.0,0.0,0.0,1.0
2025-09-26,105431.40562021457,0.0006036810309604,0.007761256731884991,0,0.0,0.0,0.0,1.0
2025-09-29,105469.57874299628,0.0003620659570755,0.0074020008616562105,0,0.0,0.0,0.0,1.0
2025-09-30,105520.4395799765,0.0004822322947184,0.0069233380507987,0,0.0,0.0,0.0,1.0
2025-10-01,105642.94750911328,0.001160987668592,0.0057703882923091365,0,0.0,0.0,0.0,1.0
2025-10-02,105668.45291409393,0.0002414302665916,0.005530351172101211,0,0.0,0.0,0.0,1.0
2025-10-03,105630.15981292736,-0.0003623891531533,0.005890736185976686,0,0.0,0.0,0.0,1.0
2025-10-06,105604.64440974797,-0.000241554147268,0.006130867401488493,0,0.0,0.0,0.0,1.0
2025-10-07,105655.69521250423,0.0004834143710401,0.005650416779857115,0,0.0,0.0,0.0,1.0
2025-10-08,105642.94750911329,-0.0001206532536207,0.0057703882923089145,0,0.0,0.0,0.0,1.0
2025-10-09,105630.15981292739,-0.0001210463782715,0.005890736185976464,0,0.0,0.0,0.0,1.0
2025-10-10,105808.79762977932,0.0016911629895126,0.0042095353914824996,0,0.0,0.0,0.0,1.0
2025-10-13,106012.92085521443,0.0019291706361632,0.0022884856673883736,0,0.0,0.0,0.0,1.0
2025-10-14,105936.39464207373,-0.0007218574162786,0.003008691123315921,0,0.0,0.0,0.0,1.0
2025-10-15,105885.36383571498,-0.0004817117528984,0.0034889535543393135,0,0.0,0.0,0.0,1.0
2025-10-16,106025.67855680414,0.0013251569056027,0.002168420059632359,0,0.0,0.0,0.0,1.0
2025-10-17,106012.92085521446,-0.0001203265262089,0.0022884856673881515,0,0.0,0.0,0.0,1.0
2025-10-20,106025.67855680415,0.0001203410064243,0.002168420059632248,0,0.0,0.0,0.0,1.0
2025-10-21,106051.21395638103,0.000240841651989,0.0019281006535125655,0,0.0,0.0,0.0,1.0
2025-10-22,106051.21395638103,0.0,0.0019281006535125655,0,0.0,0.0,0.0,1.0
2025-10-23,105974.65774864414,-0.0007218795983645,0.0026485883953516476,0,0.0,0.0,0.0,1.0
2025-10-24,106038.44625659261,0.0006019222831534,0.00204826035657224,0,0.0,0.0,0.0,1.0
2025-10-27,106012.92085521448,-0.0002407183646991,0.0022884856673878184,0,0.0,0.0,0.0,1.0
2025-10-28,106025.67855680418,0.0001203410064243,0.0021684200596319148,0,0.0,0.0,0.0,1.0
2025-10-29,105821.5653295678,-0.0019251301195589,0.004089375688422159,0,0.0,0.0,0.0,1.0
2025-10-30,105834.30303476001,0.0001203696538842,0.003969498271274241,0,0.0,0.0,0.0,1.0
2025-10-31,105872.60613412532,0.0003619157330561,0.003609019162094773,0,0.0,0.0,0.0,1.0
2025-11-03,105876.43544424199,3.616903613212763e-05,0.0035729806607072145,0,0.0,0.0,0.0,1.0
2025-11-04,105914.81852919719,0.0003625271741927,0.003211748789096802,0,0.0,0.0,0.0,1.0
2025-11-05,105871.66072255443,0.0005931165496057599,0.0036179166436701715,3,0.8022964528570238,0.19770354714297628,0.0,0.0
2025-11-06,105148.53270702579,-0.006830232099821813,0.010423437533097935,3,0.7991466795867013,0.20085332041329873,0.0,0.0
2025-11-07,105186.55970584013,0.000361650303958905,0.010065556868491088,3,0.7996442998960323,0.20035570010396775,0.0,0.0
2025-11-10,106494.36852839151,0.012433231262708322,0.0,3,0.8021489423890892,0.1978510576109108,0.0,0.0
2025-11-11,106786.3843434796,0.002742077530702808,0.0,3,0.8017866421849705,0.19821335781502947,0.0,0.0
2025-11-12,106871.71196909226,0.00080083774713944,0.0,3,0.7998045985802127,0.20019540141978728,0.0,0.0
2025-11-13,105277.63294748185,-0.014915818154680838,0.014915818154680793,3,0.7984420605206174,0.20155793947938266,0.0,0.0
2025-11-14,105142.8060077014,-0.0012806798177890989,0.016177395585193488,3,0.7993351680033537,0.20066483199664636,0.0,0.0
2025-11-17,104412.03388511566,-0.006950281720008551,0.023015239848388935,3,0.7974305054064116,0.2025694945935884,0.0,0.0
2025-11-18,103705.7285988561,-0.006764596569746963,0.0296241476056055,3,0.7961195414404401,0.20388045855955989,0.0,0.0
2025-11-19,103589.52275933244,-0.0001206550854752,0.030711487158632256,0,0.0,0.0,0.0,1.0
2025-11-20,103677.03330151777,0.0008447817873304,0.029892649876315236,0,0.0,0.0,0.0,1.0
2025-11-21,103802.0539421892,0.0012058663012457,0.028722830114210285,0,0.0,0.0,0.0,1.0
2025-11-24,103814.55405311401,0.0001204225778785,0.028605866413577985,0,0.0,0.0,0.0,1.0
2025-11-25,103877.04484202641,0.0006019463213262,0.02802113928830774,0,0.0,0.0,0.0,1.0
2025-11-26,103864.55449681326,-0.0001202416302095,0.028138011611048896,0,0.0,0.0,0.0,1.0
2025-11-28,103864.55449681326,0.0,0.028138011611048896,0,0.0,0.0,0.0,1.0
2025-12-01,103775.53026932063,-0.0008571184647537,0.028971012466489254,0,0.0,0.0,0.0,1.0
2025-12-02,103838.22613817788,0.0006041488652916,0.028384366405505568,0,0.0,0.0,0.0,1.0
2025-12-03,103900.93177274682,0.000603878137185,0.027797628966630628,0,0.0,0.0,0.0,1.0
2025-12-04,103825.68696440644,-0.0007241976280342,0.028501695617702216,0,0.0,0.0,0.0,1.0
2025-12-05,103788.05967738044,-0.0003624082645262,0.028853774632183415,0,0.0,0.0,0.0,1.0
2025-12-08,103762.98132983755,-0.000241630372712,0.029088433056576823,0,0.0,0.0,0.0,1.0
2025-12-09,103712.81486904008,-0.0004834716596856,0.029557841283255004,0,0.0,0.0,0.0,1.0
2025-12-10,103888.39259897539,0.0016929222310377,0.027914958178827054,0,0.0,0.0,0.0,1.0
2025-12-11,103900.93177274683,0.0001206985059423,0.027797628966630406,0,0.0,0.0,0.0,1.0
2025-12-12,103913.47094651827,0.000120683939571,0.027680299754433868,0,0.0,0.0,0.0,1.0
2025-12-15,103976.15704966386,0.0006032529043116,0.027093745071341213,0,0.0,0.0,0.0,1.0
2025-12-16,104026.31374474967,0.000482386505801,0.026624428222554175,0,0.0,0.0,0.0,1.0
2025-12-17,104038.84315280945,0.0001204446029927,0.02650719038824867,0,0.0,0.0,0.0,1.0
2025-12-18,104114.08796114981,0.000723237649133,0.02580312373717719,0,0.0,0.0,0.0,1.0
2025-12-19,104095.23037193433,-0.0001811242799583,0.025979574444927933,0,0.0,0.0,0.0,1.0
2025-12-22,104044.90765975032,-0.0004834295673704,0.02645044471786384,0,0.0,0.0,0.0,1.0
2025-12-23,103994.60447898961,-0.0004834756634626,0.026921132235017575,0,0.0,0.0,0.0,1.0
2025-12-24,104057.50542779174,0.0006048481949352,0.026332567238320226,0,0.0,0.0,0.0,1.0
2025-12-26,104132.95531607697,0.00072507877231,0.025626581651535085,0,0.0,0.0,0.0,1.0
2025-12-29,104183.26826254933,0.0004831606509163,0.02515580275649021,0,0.0,0.0,0.0,1.0
2025-12-30,104208.42473578552,0.0002414636597192,0.02492041330896777,0,0.0,0.0,0.0,1.0
2025-12-31,104170.69002593124,-0.000362108053643,0.02527349748025154,0,0.0,0.0,0.0,1.0
