date,wealth,return,drawdown,action,w_SPY,w_TLT,w_GLD,w_SHY
2021-01-05,100000.0,0.0,0.0,0,0.0,0.0,0.0,1.0
2021-01-06,99942.087188302,-0.00057912811698,0.0005791281169800211,0,0.0,0.0,0.0,1.0
2021-01-07,99965.27670160167,0.0002320295078086,0.00034723298398331437,0,0.0,0.0,0.0,1.0
2021-01-08,99953.71243072744,-0.0001156828776532,0.00046287569272562834,0,0.0,0.0,0.0,1.0
2021-01-11,99942.087188302,-0.0001163062595948,0.0005791281169800211,0,0.0,0.0,0.0,1.0
2021-01-12,99823.09213593924,-0.00019083088764934003,0.001769078640607602,1,0.6002412912396597,0.39975870876034025,0.0,0.0
2021-01-13,100433.85491230692,0.006118451786045077,0.0,1,0.5981975507017897,0.4018024492982103,0.0,0.0
2021-01-14,99845.42490518597,-0.005858881028063075,0.00585888102806309,1,0.5996159450825901,0.4003840549174099,0.0,0.0
2021-01-15,99567.4425950367,-0.0027841266679294145,0.008626695829078046,1,0.5969048752607753,0.4030951247392246,0.0,0.0
2021-01-19,100163.64176991234,0.005987892822561536,0.0026904587365537136,1,0.5980108977142727,0.4019891022857272,0.0,0.0
2021-01-20,100786.0718003349,0.00661477503990104,0.0,5,0.2014352674420653,0.5966439352997137,0.20192079725822093,0.0
2021-01-21,100369.79131046488,-0.004130337480507351,0.0041303374805072846,5,0.20245512341444008,0.5949137846557436,0.20263109192981624,0.0
2021-01-22,100331.02164353567,-0.0003862682827473414,0.004515010344888992,5,0.20181649765590015,0.5970700706852403,0.2011134316588595,0.0
2021-01-25,101134.28423755136,0.00800612393711668,0.0,5,0.2010031822873524,0.5993086304901016,0.19968818722254594,0.0
2021-01-26,100938.28459752201,-0.0019380138150676873,0.0019380138150675297,5,0.20107910821280484,0.5993392622413009,0.19958162954589434,0.0
2021-01-27,100470.87421504881,-0.004629580988759581,0.0065596946426622615,5,0.19601941751938967,0.6043233778939698,0.19965720458664044,0.0
2021-01-28,100323.22090996878,-0.0014696130220186766,0.008019667452013546,5,0.19799619771213106,0.6018673201237913,0.20013648216407767,0.0
2021-01-29,99554.16434120305,-0.007665788257096393,0.015623978636530533,5,0.19553133035641965,0.6028678794635886,0.20160079017999175,0.0
2021-02-01,100136.11700184965,0.005845588323679512,0.009869721659938269,5,0.19763074415436657,0.6000590059810265,0.20231024986460686,0.0
2021-02-02,99782.0359328734,-0.0035359975958495506,0.013370819943726464,5,0.20113650471042965,0.5983057436300411,0.2005577516595293,0.0
2021-02-03,99409.34427854982,-0.0035368974912567803,0.017055936787468418,2,0.40173544032953473,0.39785786771728926,0.200406691953176,0.0
2021-02-04,99328.61735175231,-0.0008120657809724196,0.017854152025813197,2,0.4066316356780789,0.3971171546858966,0.19625120963602444,0.0
2021-02-05,99349.74123870781,0.00021266667672113402,0.01764528233226914,2,0.4081452507663201,0.3937082553908512,0.1981464938428286,0.0
2021-02-08,100012.57347648237,0.006671705728774724,0.011091300734716536,2,0.40836835074360384,0.3928162347780102,0.198815414478386,0.0
2021-02-09,100079.38292613595,0.0006680105043921083,0.010430699335722604,2,0.40782406015653333,0.39284456617134456,0.1993313736721221,0.0
2021-02-10,100400.78115073756,0.0032192821646097403,0.007252763910316484,2,0.3985427479304647,0.4013691688267899,0.20008808324274546,0.0
2021-02-11,100070.32255746945,-0.0032913946433541464,0.01052028684538664,2,0.40050454461078483,0.400490147892591,0.19900530749662407,0.0
2021-02-12,99710.08222473545,-0.0035998718054207073,0.0140822869668078,2,0.4039371144243967,0.39694520496529334,0.19911768061031,0.0
2021-02-16,98787.57834775774,-0.0092518615609853,0.023203861158314187,2,0.40735616840772426,0.3945514610872139,0.19809237050506184,0.0
2021-02-17,98822.1507704786,0.0003499673066098795,0.02286201444449687,2,0.40730706536677536,0.3969179920622886,0.19577494257093592,0.0
2021-02-18,98492.04195098243,-0.003333150754973154,0.02612607887116347,2,0.39962957690270734,0.3997136214110541,0.20065680168623864,0.0
2021-02-19,97981.2129045887,-0.005186500718991711,0.03117707666330538,2,0.4010036571156738,0.3964566336945967,0.20253970918972947,0.0
2021-02-22,97680.55503582611,-0.00306852568823942,0.034149934690919315,2,0.3991440468929471,0.394651650591517,0.20620430251553593,0.0
2021-02-23,97570.38686140534,-0.0011278414048770335,0.03523926038547809,2,0.40007996994762707,0.39395785853268694,0.20596217151968607,0.0
2021-02-24,97734.13841320007,0.0016782915089528893,0.03362011062801207,2,0.40381101760820154,0.3907177870520245,0.20547119533977412,0.0
2021-02-25,95785.03596599626,-0.01993380586845948,0.052892531072750826,2,0.3983013476765691,0.40147065116057384,0.20022800116285708,0.0
2021-02-26,96395.91861118565,0.006377641758220535,0.04685221892939784,2,0.3937378704728759,0.4121144279235339,0.19414770160359016,0.0
2021-03-01,96758.87439528182,0.0037652609086092355,0.04326336884920512,2,0.40176935376624917,0.4051459155126604,0.19308473072109042,0.0
2021-03-02,96560.08933005428,-0.00205443755386674,0.045228924513401214,2,0.3994548725986799,0.4060088209853442,0.19453630641597594,0.0
2021-03-03,95416.93720909857,-0.011838764119700395,0.05653223406439978,2,0.39888620880613174,0.40641660057740026,0.19469719061646804,0.0
2021-03-04,94443.33262194248,-0.01000458553487876,0.06615908409350779,1,0.5985633839953375,0.4014366160046624,0.0,0.0
2021-03-05,95557.13257041636,0.011793314758728891,0.05514600423764293,1,0.6024698344339036,0.39753016556609644,0.0,0.0
2021-03-08,94975.14599220599,-0.006090456699100998,0.060900596585806155,1,0.6031436808270151,0.39685631917298486,0.0,0.0
2021-03-09,96315.34635619451,0.014111064005087123,0.047648904797089275,1,0.6032426990124092,0.39675730098759066,0.0,0.0
2021-03-10,96753.56627482409,0.004549845224134448,0.0433158547148812,1,0.6042484013030486,0.3957515986969514,0.0,0.0
2021-03-11,97379.725699131,0.006668750500156322,0.03712448816665759,3,0.8027580074531094,0.1972419925468907,0.0,0.0
2021-03-12,97077.40390064582,-0.003104566133398767,0.04011379887137434,3,0.8063424912590051,0.1936575087409948,0.0,0.0
2021-03-15,97654.74924973695,0.005947268116914454,0.03440509827153593,3,0.8063554704836383,0.19364452951636177,0.0,0.0
2021-03-16,97479.42104029667,-0.0017953884556285106,0.036138716210913024,3,0.8067868421387945,0.1932131578612056,0.0,0.0
2021-03-17,97606.65947754517,0.0013052851144437772,0.034880602424794516,3,0.8084825958575913,0.19151740414240861,0.0,0.0
2021-03-18,96272.04065125789,-0.013665073568608601,0.04807710484085381,3,0.7992825167332861,0.2007174832667139,0.0,0.0
2021-03-19,96249.42777041635,-0.00023488523447266863,0.04830069747328325,3,0.7979910787992767,0.20200892120072333,0.0,0.0
2021-03-22,97080.61261336843,0.008635738021577508,0.04008207162134436,3,0.7974762988663664,0.2025237011336336,0.0,0.0
2021-03-23,96648.74135096378,-0.004448584024954781,0.044352347182797236,3,0.7947350085537203,0.20526499144627966,0.0,0.0
2021-03-24,96365.04051440708,-0.0029353805604823958,0.047157536725547344,3,0.7930226908183795,0.2069773091816205,0.0,0.0
2021-03-25,96646.08200317615,0.0029234234901538603,0.044378642398190116,3,0.8021554459159768,0.1978445540840231,0.0,0.0
2021-03-26,97828.47536158444,0.01223426065393337,0.03268732162282373,3,0.8052306805144724,0.19476931948552767,0.0,0.0
2021-03-29,97626.94939693643,-0.0020599928998499555,0.03467997887221563,3,0.8064853466874446,0.19351465331255535,0.0,0.0
2021-03-30,97517.05762006968,-0.0011256295269448662,0.03576657159094809,3,0.8052521933203045,0.19474780667969552,0.0,0.0
2021-03-31,97729.38993507707,0.002177386399768393,0.03366706283772802,3,0.8067595262119874,0.19324047378801248,0.0,0.0
2021-04-01,98897.43470311955,0.01195866742992882,0.022117618681887663,3,0.7990833103060789,0.20091668969392107,0.0,0.0
2021-04-05,99945.02786565825,0.010592723316671236,0.011759181180337364,3,0.8020567337128048,0.1979432662871951,0.0,0.0
2021-04-06,100032.06047510925,0.0008708047944913896,0.010898616337197131,3,0.8008855045446802,0.19911449545531973,0.0,0.0
2021-04-07,99986.04897970367,-0.00045996748629429334,0.011353570814330638,3,0.8021813238960046,0.19781867610399542,0.0,0.0
2021-04-08,100530.06682777911,0.005440937547055943,0.0059744073370116,3,0.8016276138702184,0.19837238612978159,0.0,0.0
2021-04-09,101041.76308496036,0.0050916181653481,0.0009148347001070034,3,0.8017340220302547,0.19826597796974532,0.0,0.0
2021-04-12,101062.55305927737,0.000205756250507447,0.0007092666825574412,3,0.8018612307768913,0.19813876922310872,0.0,0.0
2021-04-13,101452.79421888266,0.0038613823596597156,0.0,3,0.8011444265701955,0.19885557342980462,0.0,0.0
2021-04-14,101111.10368163348,-0.003367975617428285,0.0033679756174284092,3,0.8011063254823709,0.19889367451762902,0.0,0.0
2021-04-15,102317.77427846842,0.011934105680760532,0.0,3,0.8001628881470723,0.19983711185292777,0.0,0.0
2021-04-16,102432.41607424177,0.00112061156149136,0.0,3,0.8017754153398012,0.19822458466019877,0.0,0.0
2021-04-19,101970.61031209532,-0.004508394703994338,0.004508394703994334,3,0.801449573498981,0.19855042650101892,0.0,0.0
2021-04-20,101465.57465240992,-0.0049527570555836205,0.009438822775898359,3,0.7995416423894991,0.20045835761050088,0.0,0.0
2021-04-21,102274.03119828187,0.00796779152576106,0.0015462378222642625,3,0.8007270455743012,0.19927295442569884,0.0,0.0
2021-04-22,101615.04161966902,-0.006443371507819482,0.007979646345355418,3,0.7985594352689309,0.2014405647310691,0.0,0.0
2021-04-23,102448.50864309678,0.008203653652662601,0.0,3,0.8020937176027194,0.1979062823972807,0.0,0.0
2021-04-26,102591.08666207401,0.0013917041923366459,0.0,3,0.8026509075465124,0.1973490924534877,0.0,0.0
2021-04-27,102396.74319871812,-0.001894350373693182,0.0018943503736932321,3,0.8040011343471605,0.19599886565283953,0.0,0.0
2021-04-28,102386.11009804765,-0.00010384217640438756,0.0019979958366318495,3,0.8038536006546418,0.19614639934535824,0.0,0.0
2021-04-29,102851.27684660174,0.004543260292911103,0.0,3,0.8053176524844693,0.19468234751553082,0.0,0.0
2021-04-30,102357.68900967068,-0.00479375216850948,0.004799044329485858,3,0.7985717676725171,0.20142823232748286,0.0,0.0
2021-05-03,102546.32968988581,0.0018429556395837962,0.002964933115713775,3,0.7988218401264081,0.20117815987359192,0.0,0.0
2021-05-04,102180.95535677491,-0.003563017167126707,0.006517386175249773,3,0.796732277086051,0.20326772291394907,0.0,0.0
2021-05-05,102240.67482049108,0.0005844480853369245,0.005936747163784339,3,0.7965159993851376,0.20348400061486224,0.0,0.0
2021-05-06,102925.25384830635,0.006695760068262729,0.0,3,0.7975366640099066,0.20246333599009328,0.0,0.0
2021-05-07,103422.75496934704,0.0048360909305733,0.0,3,0.8019441637077016,0.19805583629229845,0.0,0.0
2021-05-10,102394.01460478509,-0.009946944121405975,0.009946944121405843,3,0.8019801934152008,0.19801980658479926,0.0,0.0
2021-05-11,101546.37898129082,-0.008278175504358509,0.018142777076595396,3,0.8014573061442066,0.19854269385579337,0.0,0.0
2021-05-12,99605.48310710993,-0.019113393246040663,0.036909400289795835,3,0.7997153957485195,0.20028460425148045,0.0,0.0
2021-05-13,100593.24559527755,0.009916748128267603,0.02735867338776765,3,0.8013748938882205,0.19862510611177941,0.0,0.0
2021-05-14,102016.9490952438,0.014154466875117361,0.013592810155945712,3,0.8009473447619095,0.19905265523809054,0.0,0.0
2021-05-17,101766.0786027364,-0.0024591060086809227,0.01601849000349731,3,0.8008787360036477,0.19912126399635238,0.0,0.0
2021-05-18,101012.05428807889,-0.0074093875386609396,0.023309190341938235,3,0.799905562555624,0.2000944374443761,0.0,0.0
2021-05-19,100751.31732999661,-0.0025812459702944605,0.0258302695585918,3,0.7998729718387505,0.20012702816124953,0.0,0.0
2021-05-20,101784.19244295788,0.010251728119625703,0.015843346339737385,3,0.8002737921174861,0.199726207882514,0.0,0.0
2021-05-21,101782.78266838513,-1.3576835541539975e-05,0.015856977523447058,3,0.7993559914312505,0.20064400856874962,0.0,0.0
2021-05-24,102687.83013173628,0.008891950481446914,0.0071060265009240675,3,0.8003877217801855,0.19961227821981453,0.0,0.0
2021-05-25,102695.3632715887,7.33596166436255e-05,0.007033188179660477,3,0.798553298978213,0.20144670102178683,0.0,0.0
2021-05-26,102822.5038793166,0.0012380364962695778,0.005803859027042391,3,0.7991487410229073,0.20085125897709272,0.0,0.0
2021-05-27,102782.57718336562,-0.0003883069799373851,0.0061899123280090285,3,0.7998788862040696,0.20012111379593045,0.0,0.0
2021-05-28,102897.02836362738,0.00111364830158688,0.005083277909928685,3,0.8005394969783367,0.19946050302166327,0.0,0.0
2021-06-01,102819.86128911533,-0.000749944636295469,0.005829410369220911,3,0.8004345874998,0.19956541250019993,0.0,0.0
2021-06-02,102996.78959141995,0.0017207599785329572,0.004118681406749758,3,0.8003161107816127,0.19968388921838737,0.0,0.0
2021-06-03,102613.67342547944,-0.0037196903656928387,0.007823051552894644,3,0.8003229030760497,0.19967709692395025,0.0,0.0
2021-06-04,103645.36184212087,0.010054102754548102,0.0,3,0.7996032901250307,0.20039670987496913,0.0,0.0
2021-06-07,103501.17297470826,-0.0013907791424232,0.0013911753005624306,3,0.8003369260735951,0.19966307392640495,0.0,0.0
2021-06-08,103664.02058094485,0.0015733889921845593,0.0,3,0.7992498603450635,0.20075013965493638,0.0,0.0
2021-06-09,103724.12815958817,0.0005798306713020819,0.0,3,0.7975948923955555,0.2024051076044445,0.0,0.0
2021-06-10,104234.65560876596,0.004921973876630643,0.0,3,0.7973780004960588,0.2026219995039413,0.0,0.0
2021-06-11,104337.89733536575,0.0009904740990106893,0.0,3,0.7979050702220196,0.2020949297779804,0.0,0.0
2021-06-14,104364.75287152463,0.00025948551903866,0.0,3,0.8015833417433255,0.19841665825667443,0.0,0.0
2021-06-15,104186.3862374713,-0.0017090696729085992,0.0017090696729086252,3,0.8014829127726691,0.1985170872273308,0.0,0.0
2021-06-16,103702.55569484744,-0.0046438940834465,0.006345027017812921,3,0.8007264113821781,0.19927358861782193,0.0,0.0
2021-06-17,103984.41354926824,0.0027179451126564747,0.0036443273403291565,3,0.7982911659237456,0.2017088340762543,0.0,0.0
2021-06-18,103259.02919488198,-0.0069758950368323846,0.010594799932155508,3,0.793054113431396,0.2069458865686039,0.0,0.0
2021-06-21,103179.72186820018,0.0002321896533235,0.011354705211473526,0,0.0,0.0,0.0,1.0
2021-06-22,103239.6221347483,0.0005805430123626,0.010780754093878797,0,0.0,0.0,0.0,1.0
2021-06-23,103167.75652207635,-0.0006961049564687,0.011469354513988117,0,0.0,0.0,0.0,1.0
2021-06-24,103179.72186820021,0.0001159795126619,0.011354705211473193,0,0.0,0.0,0.0,1.0
2021-06-25,103167.75652207635,-0.0001159660629745,0.011469354513988117,0,0.0,0.0,0.0,1.0
2021-06-28,103203.70508611135,0.0003484476666633,0.011124903317143442,0,0.0,0.0,0.0,1.0
2021-06-29,103191.69771945677,-0.0001163462750156,0.011239955251098221,0,0.0,0.0,0.0,1.0
2021-06-30,103215.6914425006,0.0002325160218707,0.011010052698908313,0,0.0,0.0,0.0,1.0
2021-07-01,103195.29047483373,-0.000197653742195,0.011205530262985763,0,0.0,0.0,0.0,1.0
2021-07-02,103243.25691065601,0.0004648122564661,0.01074592647432615,0,0.0,0.0,0.0,1.0
2021-07-06,103279.18446442565,0.0003479893490838,0.010401676593201348,0,0.0,0.0,0.0,1.0
2021-07-07,103291.20233621293,0.00011636296171,0.01028652400138641,0,0.0,0.0,0.0,1.0
2021-07-08,103339.09523610644,0.0004636687230885,0.009827624817746572,0,0.0,0.0,0.0,1.0
2021-07-09,103303.16768233682,-0.0003476666182101,0.010171874698871264,0,0.0,0.0,0.0,1.0
2021-07-12,103279.18446442568,-0.0002321634316663,0.010401676593201015,0,0.0,0.0,0.0,1.0
2021-07-13,103195.29047483378,-0.0008123029827061,0.01120553026298532,0,0.0,0.0,0.0,1.0
2021-07-14,103267.24012856718,0.0006972183846989,0.010516124579996067,0,0.0,0.0,0.0,1.0
2021-07-15,103279.18446442568,0.0001156643272699,0.010401676593201015,0,0.0,0.0,0.0,1.0
2021-07-16,103267.24012856718,-0.0001156509505806,0.010516124579996067,0,0.0,0.0,0.0,1.0
2021-07-19,103315.10151306265,0.0004634711302042,0.010057527369936148,0,0.0,0.0,0.0,1.0
2021-07-20,103363.03643348688,0.0004639681878275,0.009598225554856454,0,0.0,0.0,0.0,1.0
2021-07-21,103327.0773643192,-0.0003478909909039,0.009942777409561288,0,0.0,0.0,0.0,1.0
2021-07-22,103339.09523610646,0.0001163090265767,0.009827624817746461,0,0.0,0.0,0.0,1.0
2021-07-23,103351.07108736302,0.0001158888727368,0.009712874857371379,0,0.0,0.0,0.0,1.0
2021-07-26,103327.0773643192,-0.0002321574686298,0.009942777409561288,0,0.0,0.0,0.0,1.0
2021-07-27,103351.07108736302,0.0002322113782355,0.009712874857371379,0,0.0,0.0,0.0,1.0
2021-07-28,103363.03643348686,0.0001157737989356,0.009598225554856676,0,0.0,0.0,0.0,1.0
2021-07-29,103363.03643348686,0.0,0.009598225554856676,0,0.0,0.0,0.0,1.0
2021-07-30,103387.00914626532,0.0002319273272692,0.009368524318386862,0,0.0,0.0,0.0,1.0
2021-08-02,103425.37389081699,0.0003710789669657,0.00900092181374712,0,0.0,0.0,0.0,1.0
2021-08-03,103425.37389081699,0.0,0.00900092181374712,0,0.0,0.0,0.0,1.0
2021-08-04,103389.39381138395,-0.0003478844511698,0.009345674984171715,0,0.0,0.0,0.0,1.0
2021-08-05,103341.45889095972,-0.0004636347951868,0.009804976799251408,0,0.0,0.0,0.0,1.0
2021-08-06,103305.5733577208,-0.0003472520479586,0.010148824048936356,0,0.0,0.0,0.0,1.0
2021-08-09,103269.57226802238,-0.0003484912626519,0.010493778535081044,0,0.0,0.0,0.0,1.0
2021-08-10,103233.64471425273,-0.0003479006737473,0.010838028416205958,0,0.0,0.0,0.0,1.0
2021-08-11,103281.60064494233,0.0004645378047276,0.010378525285406281,0,0.0,0.0,0.0,1.0
2021-08-12,103281.60064494233,0.0,0.010378525285406281,0,0.0,0.0,0.0,1.0
2021-08-13,103293.54498080083,0.0001156482450301,0.01026407729861134,0,0.0,0.0,0.0,1.0
2021-08-16,103317.51769357928,0.000232083357996,0.010034376062141526,0,0.0,0.0,0.0,1.0
2021-08-17,103293.54498080083,-0.0002320295078086,0.01026407729861134,0,0.0,0.0,0.0,1.0
2021-08-18,103293.54498080083,0.0,0.01026407729861134,0,0.0,0.0,0.0,1.0
2021-08-19,103293.54498080083,0.0,0.01026407729861134,0,0.0,0.0,0.0,1.0
2021-08-20,103293.54498080083,0.0,0.01026407729861134,0,0.0,0.0,0.0,1.0
2021-08-23,103293.54498080083,0.0,0.01026407729861134,0,0.0,0.0,0.0,1.0
2021-08-24,103281.60064494233,-0.0001156348720602,0.010378525285406281,0,0.0,0.0,0.0,1.0
2021-08-25,103269.57226802238,-0.0001164619529988,0.010493778535081044,0,0.0,0.0,0.0,1.0
2021-08-26,103269.57226802238,0.0,0.010493778535081044,0,0.0,0.0,0.0,1.0
2021-08-27,103341.45889095971,0.0006961065235242,0.009804976799251519,0,0.0,0.0,0.0,1.0
2021-08-30,103365.45261400353,0.000232179062511,0.009575074247061721,0,0.0,0.0,0.0,1.0
2021-08-31,103353.45575248163,-0.0001160625839535,0.009690025523156565,0,0.0,0.0,0.0,1.0
2021-09-01,103345.06215146938,-8.12125821159082e-05,0.009770451153278903,0,0.0,0.0,0.0,1.0
2021-09-02,103345.06215146938,0.0,0.009770451153278903,0,0.0,0.0,0.0,1.0
2021-09-03,103345.06215146938,0.0,0.009770451153278903,0,0.0,0.0,0.0,1.0
2021-09-07,103309.12409256706,-0.0003477481957449,0.010114801692263642,0,0.0,0.0,0.0,1.0
2021-09-08,103333.09680534551,0.0002320483596103,0.009885100455793827,0,0.0,0.0,0.0,1.0
2021-09-09,103357.02749759324,0.000231587874433,0.009655801850763979,0,0.0,0.0,0.0,1.0
2021-09-10,103321.14196435433,-0.0003471997415923,0.009999649100448704,0,0.0,0.0,0.0,1.0
2021-09-13,103345.06215146938,0.0002315129958909,0.009770451153278903,0,0.0,0.0,0.0,1.0
2021-09-14,103357.02749759324,0.0001157805305329,0.009655801850763979,0,0.0,0.0,0.0,1.0
2021-09-15,103087.79825667063,-0.0016064534332757999,0.012235496944317581,5,0.201994991844487,0.5988579409415908,0.1991470672139222,0.0
2021-09-16,102307.04439759272,-0.007573678672755894,0.019716507894815716,5,0.20321392248058476,0.6006627183305782,0.1961233591888371,0.0
2021-09-17,101777.53563943807,-0.005175682293164883,0.02479014380718636,5,0.20228128840197865,0.6008874803354028,0.19683123126261853,0.0
2021-09-20,102335.8163926113,0.005485304292992853,0.019440820996443064,5,0.19782331967536496,0.6050207168412696,0.19715596348336542,0.0
2021-09-21,102397.98889597665,0.0006075341513554763,0.018845097807773326,5,0.1975164385302277,0.6041332623124088,0.19835029915736346,0.0
2021-09-22,102887.30079391785,0.004782683382573221,0.014156619327461595,5,0.20098971792743867,0.6007055131423891,0.19830476893017218,0.0
2021-09-23,101506.36452595251,-0.013421833961135303,0.027388445494532676,5,0.20619929817193275,0.5951189636169667,0.19868173821110063,0.0
2021-09-24,100924.5442133273,-0.005731860414294071,0.03296331916228745,5,0.20772963026848115,0.5926998829196176,0.1995704868119013,0.0
2021-09-27,100686.61732041897,-0.0023574730484333625,0.03524308207420879,5,0.2076247614800452,0.5919166632614462,0.20045857525850863,0.0
2021-09-28,99140.90471143468,-0.015351718531424098,0.05005375872944984,5,0.2066126178912484,0.591781552290794,0.20160582981795755,0.0
2021-09-29,99249.86936479656,0.00169348102569708,0.049009683499414924,3,0.7999918046183595,0.20000819538164055,0.0,0.0
2021-09-30,98276.67997741888,-0.00980544753969076,0.058334569158615235,3,0.7980391531072852,0.20196084689271473,0.0,0.0
2021-10-01,99375.79794120854,0.011183914271851628,0.047803063707318905,3,0.7985919201289979,0.20140807987100215,0.0,0.0
2021-10-04,98301.37306939607,-0.01081173579555172,0.05809796540784917,3,0.79690905126402,0.20309094873598005,0.0,0.0
2021-10-05,98923.69837525368,0.006330789554875015,0.052134981845537554,3,0.8001354348792485,0.19986456512075151,0.0,0.0
2021-10-06,99364.2038172591,0.00445311797497856,0.047914156040989475,3,0.7997634040274744,0.20023659597252558,0.0,0.0
2021-10-07,99843.19747402398,0.004820585667307346,0.04332454466755442,3,0.802807910791107,0.19719208920889286,0.0,0.0
2021-10-08,99559.21715065082,-0.002844263110133756,0.04604558137352688,3,0.8036296112826942,0.19637038871730583,0.0,0.0
2021-10-11,98930.37561508223,-0.006316256330310756,0.052071002009004386,3,0.8028828251740292,0.19711717482597083,0.0,0.0
2021-10-12,99068.30699606732,0.0013942267996813794,0.050749373995810254,3,0.7997912262138557,0.20020877378614432,0.0,0.0
2021-10-13,99546.13925429125,0.0048234703442709605,0.04617089088655435,3,0.7990241117138955,0.20097588828610435,0.0,0.0
2021-10-14,100958.36977224443,0.014186693010219485,0.03263921013135085,3,0.8010991659433955,0.19890083405660444,0.0,0.0
2021-10-15,101457.31586056777,0.004942097316437866,0.027858418967713905,3,0.8032305957354405,0.1967694042645595,0.0,0.0
2021-10-18,101792.1945802894,0.0033006857798392733,0.02464968507521026,3,0.8029582616358389,0.19704173836416092,0.0,0.0
2021-10-19,102146.06339659785,0.0034763845869274,0.02125899227355077,3,0.8063497093684087,0.19365029063159145,0.0,0.0
2021-10-20,102328.46950591369,0.0017920991117629202,0.019511217241300338,3,0.8017054247718955,0.1982945752281044,0.0,0.0
2021-10-21,102518.2929519039,0.0018550404096413131,0.017692370928082957,3,0.802308252138839,0.19769174786116103,0.0,0.0
2021-10-22,102656.2685196945,0.0013458629071723463,0.016370319526682664,3,0.8003997083980828,0.19960029160191706,0.0,0.0
2021-10-25,103065.61560318015,0.003987550778812155,0.012448046228248577,3,0.8014959533985961,0.1985040466014038,0.0,0.0
2021-10-26,103309.15569445406,0.002362961593433802,0.010114498889965517,3,0.8003262898058574,0.19967371019414268,0.0,0.0
2021-10-27,103318.89949546207,9.464323715500043e-05,0.010021135941844506,3,0.7963804388622793,0.2036195611377207,0.0,0.0
2021-10-28,104041.62209474875,0.006995066757543252,0.003096167699200736,3,0.7984792637303303,0.20152073626966968,0.0,0.0
2021-10-29,104274.27785327539,0.0022361796542806284,0.0008669116321352588,3,0.7983143003234955,0.2016856996765046,0.0,0.0
2021-11-01,104266.04270953365,-7.897579260462792e-05,0.0009458189597065791,3,0.7997506596150384,0.20024934038496156,0.0,0.0
2021-11-02,104695.86168250703,0.004122329397028931,0.0,3,0.7996875311423152,0.20031246885768475,0.0,0.0
2021-11-03,104566.8249123123,-0.0002327243254361,0.001232491601110719,0,0.0,0.0,0.0,1.0
2021-11-04,104664.22055983143,0.0009314201478414,0.0003022194207785711,0,0.0,0.0,0.0,1.0
2021-11-05,104712.95573263957,0.0004656335522059,0.0,0,0.0,0.0,0.0,1.0
2021-11-08,104591.16582082455,-0.0011630835073168,0.0011630835073167534,0,0.0,0.0,0.0,1.0
2021-11-09,104652.07678346717,0.0005823719638708,0.0005813888906721631,0,0.0,0.0,0.0,1.0
2021-11-10,104445.03500049729,-0.0019783819808781,0.0025586206622451035,0,0.0,0.0,0.0,1.0
2021-11-11,104372.0122749606,-0.0006991498019637,0.003255981605079561,0,0.0,0.0,0.0,1.0
2021-11-12,104457.24280380199,0.0008166032922394,0.0024420371581381772,0,0.0,0.0,0.0,1.0
2021-11-15,104445.0350004973,-0.0001168689023088,0.0025586206622449925,0,0.0,0.0,0.0,1.0
2021-11-16,104445.0350004973,0.0,0.0025586206622449925,0,0.0,0.0,0.0,1.0
2021-11-17,104303.20737418444,-0.00035827467838489975,0.003913062672983192,3,0.7983427046101447,0.20165729538985527,0.0,0.0
2021-11-18,104665.11658401691,0.003469780258378324,0.0004568598822175529,3,0.7982843231572463,0.2017156768427538,0.0,0.0
2021-11-19,104738.62310366247,0.0007023019898568934,0.0,3,0.7962976093302222,0.2037023906697777,0.0,0.0
2021-11-22,104253.60298571165,-0.004630766603364313,0.004630766603364478,3,0.7977501441989497,0.20224985580105032,0.0,0.0
2021-11-23,104059.00357119302,-0.0018665965390692828,0.0064887193695185585,3,0.800301752812904,0.19969824718709595,0.0,0.0
2021-11-24,103930.67896568775,-0.0002334242208008,0.007713908337090403,0,0.0,0.0,0.0,1.0
2021-11-26,104136.96848256834,0.0019848760629062,0.00574434342619401,0,0.0,0.0,0.0,1.0
2021-11-29,104185.47841947603,0.0004658282031304,0.005281191100239835,0,0.0,0.0,0.0,1.0
2021-11-30,104100.55944618695,-0.0008150749468863,0.0060919614805706734,0,0.0,0.0,0.0,1.0
2021-12-01,104112.67098019349,0.0001163445621328,0.005976325685028816,0,0.0,0.0,0.0,1.0
2021-12-02,104288.01922954418,0.002436043254153575,0.004302174887981014,4,0.2532122015776417,0.24970362404619717,0.2480116277404591,0.24907254663570194
2021-12-03,104601.71375578748,0.0030079632210948887,0.001307152450719995,4,0.2502561849895084,0.25192531790053896,0.24934787301730268,0.2484706240926499
2021-12-06,104464.38576274562,-0.001312865612914082,0.00261830194813073,4,0.2535529415898686,0.2487917009452029,0.24906132085451113,0.24859403661041732
2021-12-07,104861.26557518625,0.0037991877283613954,0.0,4,0.2578181325666206,0.2458474682428099,0.24899936634375375,0.24733503284681568
2021-12-08,104510.43075817476,-0.003345704584882574,0.0033457045848825917,4,0.2593685688620516,0.24240910145124409,0.24997003087952122,0.248252298807183
2021-12-09,104310.35943491584,-0.0019050163115181748,0.0052536667114264635,4,0.24878605406723187,0.25187813810470006,0.2489464023631681,0.25038940546489996
2021-12-10,104613.0596216908,0.0029019187395650666,0.0023669936857426688,4,0.25040133397492875,0.2505435025824071,0.24927355954616684,0.24978160389649723
2021-12-13,104849.40521250073,0.0022592360042295962,0.00011310527886976285,4,0.24762379986071814,0.25367319551548706,0.24933873793331854,0.2493642666904763
2021-12-14,104347.88629554604,-0.00478323091998711,0.004895795190189789,4,0.2471020668610857,0.2542848017437252,0.24819677176892643,0.25041635962626263
2021-12-15,104615.77963204414,0.0025673096601051253,0.0023410545523703252,4,0.25032036155133175,0.2511933022660057,0.24862362291429918,0.24986271326836337
2021-12-16,104732.35140420757,0.0011158001439629502,0.0012293783626542432,4,0.2475192372187495,0.24981858082182923,0.25274238038491986,0.2499198015745013
2021-12-17,104684.05503359431,-0.0004611408983539556,0.0016899523443656417,4,0.24499787814926285,0.2527659746294558,0.25231765796571165,0.24991848925556975
2021-12-20,104107.41710563928,-0.005508364456936466,0.007189007927874469,4,0.2437353022628353,0.2522616988918936,0.2526416768713695,0.25136132197390154
2021-12-21,104431.76348611372,0.0031154973343091624,0.004095907928600928,4,0.24729338065787804,0.25052080723513553,0.25175151701703463,0.25043429508995185
2021-12-22,105055.10002821083,0.005968840525995633,0.0,4,0.24828396858696317,0.25018656708484516,0.2526101973610483,0.24891926696714353
2021-12-23,105046.46405273274,-7.940770546454988e-05,8.220424782579006e-05,4,0.251575525455549,0.24785046757703028,0.25058340274777097,0.24999060421964978
2021-12-27,105536.6920172302,0.004666772641213167,0.0,4,0.25395073959768555,0.2472972170780402,0.2500098566462966,0.24874218667797757
2021-12-28,105297.62869599918,-0.002265215221943771,0.0022652152219437838,4,0.2543192992680806,0.2468763169157961,0.24949746330687228,0.24930692050925107
2021-12-29,105037.04123229475,-0.002474770485637016,0.004734379819805956,4,0.2552763937435619,0.24478517251340864,0.2500422826589054,0.2498961510841239
2021-12-30,105382.38157156731,0.0032877957644372262,0.0014621497292874874,4,0.25373643285031233,0.24602906339891617,0.25101161504973807,0.2492228887010333
2021-12-31,105290.94369001783,-0.000116987842476,0.002328558177399187,0,0.0,0.0,0.0,1.0
2022-01-03,105167.85945424512,-0.0011689916668909,0.0034948277791848614,0,0.0,0.0,0.0,1.0
2022-01-04,105229.41235008558,0.0005852823872225,0.0029115908531078816,0,0.0,0.0,0.0,1.0
2022-01-05,105094.0412466438,-0.0012864378923967,0.004194283164703827,0,0.0,0.0,0.0,1.0
2022-01-06,105007.8499477406,-0.0008201349751211,0.005010978261506094,0,0.0,0.0,0.0,1.0
2022-01-07,104462.93279632922,-0.00419349268967902,0.010174273993026839,5,0.20004820466647105,0.5981955042650549,0.201756291068474,0.0
2022-01-10,104654.7926456516,0.001836630890848696,0.008356329488085734,5,0.1994329889955823,0.5985683363148768,0.20199867468954089,0.0
2022-01-11,105517.20972096508,0.008240588448094402,0.0001846021122392516,5,0.1996046252281292,0.5976305571809416,0.2027648175909292,0.0
2022-01-12,105389.08704454426,-0.0012142348794063533,0.0013986128413220333,5,0.2003875913825786,0.5960646052681315,0.20354780334928993,0.0
2022-01-13,105583.12365289431,0.001841145167791658,0.0,5,0.19726335150444949,0.600253096302234,0.20248355219331657,0.0
2022-01-14,105341.46194124981,-0.0012901190842034,0.0022888289651190608,0,0.0,0.0,0.0,1.0
2022-01-18,105180.73433883172,-0.0015257772149368,0.003811113936972088,0,0.0,0.0,0.0,1.0
2022-01-19,105230.12983742541,0.0004696249641551,0.0033432787670629738,0,0.0,0.0,0.0,1.0
2022-01-20,105205.44833308535,-0.0002345478845098,0.0035770424926105937,0,0.0,0.0,0.0,1.0
2022-01-21,105292.001462829,0.0008227057734653,0.002757279572655813,0,0.0,0.0,0.0,1.0
2022-01-24,105135.31410979893,-0.0004886106983516798,0.004241298491675316,2,0.4018950306718245,0.3969078225028108,0.20119714682536463,0.0
2022-01-25,104619.68545015273,-0.004904428773644006,0.009124926118959098,2,0.39894489816493706,0.39821990990977696,0.20283519192528598,0.0
2022-01-26,103668.07517965567,-0.009095900703605676,0.018137827400659057,2,0.40159693693820264,0.3970151951007545,0.20138786796104285,0.0
2022-01-27,103948.97567380447,0.002709614253587632,0.015477359662725343,2,0.3985339330059787,0.403212931795634,0.1982531351983873,0.0
2022-01-28,104931.01885921838,0.009447357985475477,0.006176221834653495,2,0.4046091761088138,0.3995790399922391,0.19581178389894702,0.0
2022-01-31,105593.8151073195,0.00632113323634218,0.0,2,0.40464661025393267,0.3954322106773141,0.1999211790687533,0.0
2022-02-01,105761.50085758517,0.0015880262503559675,0.0,2,0.4067349112665768,0.39349463932486406,0.19977044940855918,0.0
2022-02-02,106396.95221366356,0.006008342836719735,0.0,2,0.40823319867388036,0.3924694327926497,0.1992973685334701,0.0
2022-02-03,105019.90845363261,-0.012942511334963965,0.012942511334963935,2,0.4038646357135105,0.3945117625370562,0.20162360174943325,0.0
2022-02-04,104641.21635831404,-0.0036059076883100494,0.016501749522145226,2,0.40723220755624084,0.39010247878577137,0.2026653136579879,0.0
2022-02-07,104742.88575875359,0.0012693120454828248,0.015546182672491637,4,0.2488817579751086,0.2498447007751167,0.2515313736960138,0.24974216755376105
2022-02-08,104835.13865769927,0.0008807557504014752,0.0146791193118756,4,0.2507087510952263,0.24795584392548384,0.2520782532051508,0.24925715177413907
2022-02-09,105355.47995625185,0.004963424527453144,0.009788553485256424,4,0.25312173449411235,0.247195453875873,0.2516858882535894,0.24799692337642523
2022-02-10,104229.03934621559,-0.010691808442275585,0.020375704588740717,4,0.2512606767517609,0.24589601861594418,0.25344008033267923,0.2494032242996157
2022-02-11,104676.30407455134,0.004291171933860722,0.01617196830654377,4,0.245253771599506,0.24847588441478308,0.2571658075295984,0.24910453645611258
2022-02-14,104098.61709087537,-0.00521412082358188,0.02160151277804212,2,0.4007819173508449,0.39709404027122136,0.20212404237793374,0.0
2022-02-15,104102.28262774339,3.521215718760598e-05,0.021567061256717923,2,0.40723098380124156,0.39257217106044995,0.2001968451383085,0.0
2022-02-16,104606.32177117125,0.004841768409922593,0.016829715562682868,2,0.405722912643239,0.3929959237023566,0.2012811636544043,0.0
2022-02-17,104293.3065698144,-0.002992316296538695,0.019771672027077192,2,0.3982478348606798,0.39710751416529855,0.20464465097402176,0.0
2022-02-18,104444.7074302246,0.0014516833859212464,0.01834869084894941,2,0.3950957012936996,0.4007061763779785,0.204198122328322,0.0
2022-02-22,104231.46225387325,-0.0017464187106346499,0.020352932247924116,4,0.2477496962102981,0.2510896332771401,0.25096054165115456,0.2502001288614072
2022-02-23,103515.15368190291,-0.006872287469455674,0.027085348516125762,4,0.24503888888926587,0.24934274330139702,0.2538361125840667,0.25178225522527026
2022-02-24,103766.04161442023,0.002423683138106301,0.02472731168050757,4,0.24812519439745118,0.24890371915672307,0.25158906411363674,0.25138202233218904
2022-02-25,104266.05587014917,0.0048186694601584906,0.02002779496197582,4,0.25238365447518524,0.2478912314409789,0.24954860963329184,0.25017650445054396
2022-02-28,105081.29730879555,0.007818857554769952,0.012365531883149705,4,0.24978486808118128,0.25135930555494773,0.25017915211031044,0.2486766742535608
2022-03-01,105277.3534748318,0.00216525992703524,0.010522845960694527,2,0.3930569049412319,0.4037503769092839,0.2031927181494843,0.0
2022-03-02,104363.01431376534,-0.008685050781458387,0.019116505290618924,2,0.4037945938599055,0.39336550563082584,0.2028399005092686,0.0
2022-03-03,104697.37698815066,0.003203842631260819,0.015973908933968883,2,0.40050109815017176,0.39610305942432894,0.2033958424254993,0.0
2022-03-04,105411.8681643403,0.006824346480719357,0.00925857394246643,2,0.3945546820088718,0.4002101494202581,0.2052351685708701,0.0
2022-03-07,104185.4698335965,-0.011634347745661988,0.020785204219252784,2,0.38743103196211814,0.4018316252765205,0.21073734276136133,0.0
2022-03-08,104019.07863510678,-0.0015845181659751005,0.022349076069224205,2,0.3975973090910857,0.39660480089160366,0.20579789001731064,0.0
2022-03-09,104087.61349057553,0.0006588681265787788,0.021704933036526097,2,0.40798838860195896,0.39245969713967477,0.1995519142583664,0.0
2022-03-10,103373.77976169084,-0.006858008411820636,0.02841408883500418,2,0.4089507323906305,0.389492226485608,0.20155704112376144,0.0
2022-03-11,102824.57583869729,-0.005312797154748852,0.033575927699435626,2,0.4059073543011831,0.392883138809578,0.20120950688923897,0.0
2022-03-14,101264.43119828531,-0.015172876986717702,0.048239361265454805,2,0.40914883509278843,0.3896213976580906,0.20122976724912092,0.0
2022-03-15,101704.56058758081,0.004356761265735839,0.044102688361407294,2,0.40702280680759634,0.39756962738297774,0.19540756580942603,0.0
2022-03-16,103143.4892387254,0.01414812317983983,0.030578535449066746,2,0.4102441190592231,0.3958680556138864,0.1938878253268903,0.0
2022-03-17,103466.29061840677,0.0031296340861054883,0.027544600989805823,2,0.41408067391979486,0.3916915140691121,0.19422781201109296,0.0
2022-03-18,104253.85684075487,0.007611814607838972,0.020142450778148024,2,0.41545368894409973,0.3934800934092953,0.19106621764660492,0.0
2022-03-21,103443.47915270083,-0.007773119504747647,0.02775900060587866,2,0.4185859873643615,0.3873796442687398,0.19403436836689872,0.0
2022-03-22,103265.77870212881,-0.0007185692450687,0.029429165463751406,0,0.0,0.0,0.0,1.0
2022-03-23,103352.3829781808,0.0008386541712119,0.02861519218491093,0,0.0,0.0,0.0,1.0
2022-03-24,103327.65590448609,-0.0002392501554602,0.028847596151192256,0,0.0,0.0,0.0,1.0
2022-03-25,103043.202574447,-0.0027529254152638,0.03152110628584215,0,0.0,0.0,0.0,1.0
2022-03-28,102944.24017228588,-0.0009603971896121,0.032451230693563815,0,0.0,0.0,0.0,1.0
2022-03-29,103670.0519033337,0.008058591285811741,0.025629496462020507,2,0.4017111503077212,0.39979904037031105,0.1984898093219678,0.0
2022-03-30,103901.66550358129,0.0022341418374474953,0.02345261455489167,2,0.3983406764495326,0.4020199924820275,0.1996393310684398,0.0
2022-03-31,103374.12630573407,-0.0050772929893893705,0.028410831748818643,2,0.3942112518921137,0.4050528426509587,0.2007359054569276,0.0
2022-04-01,103516.9191666849,0.0013813210912033663,0.02706875513872864,2,0.3947831243851096,0.4060339638598992,0.1991829117549911,0.0
2022-04-04,103674.85825966974,0.0015257321629765,0.025584322646079127,2,0.3975585490538507,0.40259805303823604,0.1998433979079132,0.0
2022-04-05,102117.63477538845,-0.0146237052558754,0.040220300950740584,3,0.8016174554497827,0.1983825445502174,0.0,0.0
2022-04-06,101135.10281925046,-0.009621569852250371,0.049454888367914895,3,0.8013115432037934,0.19868845679620667,0.0,0.0
2022-04-07,101392.13930180113,0.0025415160056745873,0.04703906275258618,3,0.8033079629277613,0.19669203707223876,0.0,0.0
2022-04-08,100958.3484475094,-0.0042783479792306576,0.05111616125274432,3,0.804602328247983,0.195397671752017,0.0,0.0
2022-04-11,99257.73633454455,-0.016844690301654905,0.06709981564868728,3,0.8043996208203436,0.1956003791796565,0.0,0.0
2022-04-12,99168.08414292776,-0.0004990284224214801,0.06794243557107704,2,0.39871686423230995,0.3996471633626768,0.20163597240501327,0.0
2022-04-13,99797.29347406625,0.006344877352189543,0.06202864463959512,2,0.4007409963405498,0.3979348667224058,0.20132413693704448,0.0
2022-04-14,98436.86006241302,-0.013631967003261077,0.07481503920587218,2,0.40122043862865797,0.39534732742038,0.20343223395096205,0.0
2022-04-18,98321.74731945695,-0.0011694068957816212,0.07589695687889819,2,0.4018553053442168,0.39384348062582225,0.20430121402996096,0.0
2022-04-19,98365.92191435042,0.0004492861050358078,0.07548177022200264,2,0.40815903689964544,0.39071769567144543,0.20112326742890904,0.0
2022-04-20,98948.22687001848,0.006220519341668225,0.07000882251482876,4,0.24827022067566132,0.2534548704251355,0.24967065573107966,0.24860425316812357
2022-04-21,98265.9862598847,-0.0068949250705622935,0.0764210419998731,4,0.2462556098097452,0.25332639907527377,0.25050967278117053,0.24990831833381055
2022-04-22,97200.05521756235,-0.010847405932539867,0.08643947786805262,4,0.242124997270518,0.25449258896054694,0.250794665930667,0.25258774783826804
2022-04-25,97184.32160542952,-0.00016186834562606609,0.08658735439839937,4,0.24356816689889987,0.25707933338609074,0.24632750933356576,0.2530249903814437
2022-04-26,96831.24150259848,-0.003633097365895591,0.0899058714751102,4,0.23737663263403225,0.26061411657225886,0.24760272780210385,0.25440652299160493
2022-04-27,96267.94545095915,-0.00551695351682222,0.09520015895157985,2,0.40334997561359814,0.39706030201714454,0.1995897223692574,0.0
2022-04-28,97409.41113122615,0.011857172965725108,0.08447179073690825,2,0.40869242048396953,0.3929918709148386,0.19831570860119177,0.0
2022-04-29,95439.4002891848,-0.020224029887496466,0.10298746060389108,2,0.4017132396633432,0.39590038881597,0.20238637152068675,0.0
2022-05-02,94657.10554286739,-0.008196769300174109,0.11034006544868435,2,0.4074712355280684,0.3922531229340059,0.2002756415379257,0.0
2022-05-03,95134.45478933096,0.005042930942436137,0.10585357183648969,2,0.40728523192886373,0.39291611460485537,0.1997986534662809,0.0
2022-05-04,96689.15250312362,0.016349514224575843,0.0912413326562681,2,0.40555057000804245,0.3957338247322617,0.19871560525969575,0.0
2022-05-05,94173.87004205532,-0.02601411219306161,0.11488188258496512,2,0.40158296229743806,0.3951715132715253,0.2032455244310367,0.0
2022-05-06,93431.45770081629,-0.007883421812308436,0.12185964205826416,2,0.40235798725642086,0.3924422630758392,0.20519974966774004,0.0
2022-05-09,92272.80894659305,-0.012401056161763227,0.13274950995501056,2,0.3943660415399666,0.40086605967933403,0.2047678987806993,0.0
2022-05-10,92532.77790793905,0.0028173951168696514,0.13030612265925479,2,0.3941667418404237,0.4033650986298752,0.20246815952970101,0.0
2022-05-11,92775.22737355018,0.0029185470409183005,0.12802739699496835,4,0.24531253628721766,0.25407662659152835,0.25130832695502936,0.24930251016622462
2022-05-12,92383.40397821124,-0.004223362274945522,0.13171005319128581,4,0.24609578905610155,0.25467830016636733,0.24850430745389632,0.25072160332363486
2022-05-13,92384.6465798528,1.3450485564021806e-05,0.13169837426989095,4,0.25197599803702536,0.2509105190646324,0.24648572994344067,0.2506277529549015
2022-05-16,92497.34837080036,0.0012199190571147074,0.13063911656933913,4,0.2506478493423591,0.2503455097408088,0.24853363915363078,0.25047300176320125
2022-05-17,92499.96488907833,2.8287494982858533e-05,0.13061452452771083,4,0.25579649303824026,0.24731348203964418,0.2469660367215803,0.2499239882005353
2022-05-18,91006.1719174683,-0.015660010614580177,0.14465433432047858,1,0.5849737283224203,0.41502627167757966,0.0,0.0
2022-05-19,90770.59871504332,-0.0025885409468558484,0.14686843159980567,1,0.5828999702556908,0.41710002974430915,0.0,0.0
2022-05-20,91223.4042332736,0.004988460191297839,0.14261261873290176,1,0.5802597209413982,0.4197402790586017,0.0,0.0
2022-05-23,91583.77072299803,0.003950373182773475,0.13922561861469573,1,0.5887906264956531,0.4112093735043469,0.0,0.0
2022-05-24,91915.25115503062,0.0036194232822666455,0.1361101117779311,1,0.5821887555347091,0.41781124446529094,0.0,0.0
2022-05-25,92256.14597979991,0.00390957692476066,0.13290612127184298,2,0.4019624511558811,0.4000177215833419,0.19801982726077694,0.0
2022-05-26,92796.33875095443,0.005855358094763495,0.12782897611011212,2,0.40760743186878107,0.3958894554872088,0.19650311264401032,0.0
2022-05-27,93824.07088043516,0.01107513661976413,0.11816956286473201,2,0.4130393718917098,0.39250871470971727,0.1944519133985729,0.0
2022-05-31,92646.82727146227,-0.012547351632963328,0.12923419944011794,2,0.4159408460368145,0.3890845401082054,0.19497461385498008,0.0
2022-06-01,92408.97099683786,-0.0025673439839172725,0.13146975477958622,2,0.4136384422916416,0.38964009239417674,0.1967214653141816,0.0
2022-06-02,93122.53053811648,0.008027469256445275,0.12476317600611098,4,0.25273211831651327,0.24813715349146948,0.2510619038041921,0.24806882438782507
2022-06-03,92440.92851584882,-0.0073194104405127445,0.13116939355357304,4,0.25041724312958036,0.24942938110630966,0.25034550049172566,0.24980787527238432
2022-06-06,91953.66230356447,-0.005271109021809638,0.13574909440163718,4,0.252510741937937,0.24612630363639398,0.2505637973701534,0.2507991570555156
2022-06-07,92573.78684655821,0.006743880857583885,0.12992068926322276,4,0.2532251348400124,0.24711798288145156,0.2505076836770975,0.24914919860143844
2022-06-08,92078.09234925713,-0.005354588098709813,0.1345796055854276,4,0.25182043487583783,0.2462469486899544,0.25162325346671555,0.2503093629674922
2022-06-09,91238.62585105783,-0.00881762686796148,0.14246955431735653,2,0.3939606126555131,0.40490248851845134,0.20113689882603553,0.0
2022-06-10,90213.40265559404,-0.011236723327436183,0.15210538668034534,2,0.38688482503138744,0.4069641085021641,0.2061510664664484,0.0
2022-06-13,87244.9962035846,-0.032904273252410965,0.18000474272626266,2,0.38485903926859566,0.407606029566953,0.2075349311644512,0.0
2022-06-14,86550.36149716546,-0.007961885914903705,0.1865334514154381,2,0.38677883418690456,0.40569487959030825,0.2075262862227872,0.0
2022-06-15,87917.07731765942,0.01579098916344469,0.17368800996191458,2,0.38619443094386013,0.40683907550724546,0.20696649354889426,0.0
2022-06-16,87946.5776198422,0.001336883777314,0.17341074354056507,0,0.0,0.0,0.0,1.0
2022-06-17,87925.21629081533,-0.0002428898270403,0.17361151366209981,0,0.0,0.0,0.0,1.0
2022-06-21,87893.1882833045,-0.000364264187931,0.17391253739299128,0,0.0,0.0,0.0,1.0
2022-06-22,88149.36572329291,0.0029146449797985,0.17150478571722927,0,0.0,0.0,0.0,1.0
2022-06-23,88224.08841679854,0.0008476827132277,0.17080248464608982,0,0.0,0.0,0.0,1.0
2022-06-24,89329.15146006357,0.013539177731732617,0.16041625627889122,1,0.6108065062511261,0.38919349374887396,0.0,0.0
2022-06-27,88824.2257815464,-0.005652417718788229,0.16516193430830683,1,0.6119322122722836,0.3880677877277165,0.0,0.0
2022-06-28,87874.22153071131,-0.01069532824492632,0.17409080145223887,1,0.6059091239306303,0.3940908760693697,0.0,0.0
2022-06-29,88371.37449689257,0.005657551868126853,0.16941817732309195,1,0.602009774178908,0.3979902258210919,0.0,0.0
2022-06-30,88248.03187715149,-0.001395730466378864,0.17057744567782251,1,0.5979534306474857,0.4020465693525143,0.0,0.0
2022-07-01,89170.26673338044,0.01045255435295804,0.16190957656088634,1,0.6000736705484649,0.399926329451535,0.0,0.0
2022-07-05,89551.5173995253,0.004275535782401483,0.15832629096658435,1,0.5986474550185819,0.4013525449814182,0.0,0.0
2022-07-06,89129.08201977091,-0.004717233074563526,0.1622966620248273,1,0.6035160906918725,0.3964839093081275,0.0,0.0
2022-07-07,89623.7427449567,0.0055499362719348055,0.15764746188427792,1,0.6091743004499378,0.39082569955006213,0.0,0.0
2022-07-08,89190.85218636713,-0.004830087935754298,0.16171609871628267,1,0.6116273638569287,0.3883726361430712,0.0,0.0
2022-07-11,89164.62328436848,0.00020602686822755067,0.1619626180145609,4,0.24709319284981113,0.25425883524296083,0.2486086530745494,0.2500393188326786
2022-07-12,89032.7776626775,-0.001478676372247867,0.16320180409036322,4,0.24526936854190662,0.25614833221801064,0.24805143093747628,0.25053086830260646
2022-07-13,89261.0406621359,0.002563808582084414,0.1610564136942173,4,0.24335732411668068,0.2584229449976356,0.24860165735513315,0.24961807353055054
2022-07-14,88700.278807133,-0.0062822688470041636,0.16632688285085995,4,0.24430114071088768,0.25793493253171557,0.2466591149228082,0.25110481183458866
2022-07-15,89215.30807455465,0.005806399645501817,0.16148624355898078,4,0.2475312996925572,0.2578892695692129,0.24474263734044865,0.2498367933977812
2022-07-18,88805.60250508496,-0.00458447055143405,0.1653369701159496,4,0.24907765796094172,0.2485346476521852,0.25138833102715713,0.2509993633597159
2022-07-19,89313.18329784297,0.005715639311483221,0.16056633729050263,4,0.2543537556229955,0.2457891204275803,0.2505564228122494,0.2493007011371747
2022-07-20,89302.46353717973,-0.00012002439357120391,0.16066708980681255,4,0.2560054457006385,0.24646375621870162,0.2482304772115015,0.24930032086915843
2022-07-21,90290.4368742123,0.011063226006315383,0.1513813601268068,4,0.255782628318265,0.24797825015329358,0.24897860737552424,0.24726051415291717
2022-07-22,90565.38732152083,0.0030451779482646275,0.14879716535817866,4,0.25264013113081557,0.2513814659563995,0.24884222692461838,0.2471361759881666
2022-07-25,90232.16569140178,-0.0031849498531505804,0.15192903730738527,1,0.6026483780686992,0.39735162193130075,0.0,0.0
2022-07-26,89616.31153079071,-0.006825217547335749,0.1577173061233409,1,0.5996108259904158,0.4003891740095841,0.0,0.0
2022-07-27,90810.03326829436,0.013320362299150205,0.14649779548259956,1,0.6070939204719159,0.3929060795280841,0.0,0.0
2022-07-28,91785.52977259991,0.010742166577821849,0.13732933262713554,1,0.6081751159067588,0.3918248840932413,0.0,0.0
2022-07-29,92501.59598358617,0.007801515258018588,0.13059919425298105,1,0.6122649371337762,0.3877350628662238,0.0,0.0
2022-08-01,93074.00735303092,0.0066914699868854295,0.1252192340423235,4,0.24760288159323093,0.25431920038949773,0.2497456423319172,0.24833227568535415
2022-08-02,92202.27717262965,-0.009365989551677768,0.13341242155629174,4,0.24829491022736214,0.25129147589291634,0.25060978934949685,0.24980382453022473
2022-08-03,92990.27202594468,0.008546370843311,0.1260062427427051,4,0.25004609853591764,0.25308504077789185,0.2490920044606776,0.24777685622551282
2022-08-04,93380.43445029322,0.004195733767072824,0.1223391976231698,4,0.24883311576652117,0.2519430584055155,0.2521540124911048,0.24706981333685846
2022-08-05,92421.62607501855,-0.01026776520069681,0.13135081266783033,4,0.25098961981160933,0.24849753587880094,0.25190477078815615,0.24860807352143355
2022-08-08,92441.75762691276,0.0009699436914651,0.131161600933139,0,0.0,0.0,0.0,1.0
2022-08-09,92352.18121135376,-0.0009690038123303,0.1320035086541339,0,0.0,0.0,0.0,1.0
2022-08-10,92441.75762691276,0.0009699436914651,0.131161600933139,0,0.0,0.0,0.0,1.0
2022-08-11,92408.15304681969,-0.0003635216481788,0.13147744249996873,0,0.0,0.0,0.0,1.0
2022-08-12,92430.56911767783,0.0002425767653508,0.1312667591073361,0,0.0,0.0,0.0,1.0
2022-08-15,92508.9277347107,0.0008477565136821,0.1305302848437171,0,0.0,0.0,0.0,1.0
2022-08-16,92430.56911767785,-0.0008470384313346,0.13126675910733598,0,0.0,0.0,0.0,1.0
2022-08-17,92352.1812113538,-0.0008480733925185,0.13200350865413346,0,0.0,0.0,0.0,1.0
2022-08-18,92486.56047933789,0.0014550741110981,0.1307405094310521,0,0.0,0.0,0.0,1.0
2022-08-19,92419.35131915171,-0.0007266910980129,0.13137219256471178,0,0.0,0.0,0.0,1.0
2022-08-22,92296.16056040257,-0.0013329541593916,0.13253003361359594,0,0.0,0.0,0.0,1.0
2022-08-23,92340.9829390218,0.0004856364376055,0.1321087585893903,0,0.0,0.0,0.0,1.0
2022-08-24,92240.18872493668,-0.0010915436556667,0.13305609976776067,0,0.0,0.0,0.0,1.0
2022-08-25,92296.1605604026,0.000606805300809,0.13253003361359572,0,0.0,0.0,0.0,1.0
2022-08-26,92273.77377883565,-0.0002425537685535,0.13274044172304977,0,0.0,0.0,0.0,1.0
2022-08-29,92206.6134341348,-0.000727837845473,0.13337166605141193,0,0.0,0.0,0.0,1.0
2022-08-30,92161.8105817097,-0.0004858963013222,0.13379275755349862,0,0.0,0.0,0.0,1.0
2022-08-31,92150.60254628063,-0.0001216125785542,0.13389809924981488,0,0.0,0.0,0.0,1.0
2022-09-01,92083.34457060914,-0.0007298701670204,0.1345302411887721,0,0.0,0.0,0.0,1.0
2022-09-02,92285.15755001188,0.0021916338980061,0.1326334483276621,0,0.0,0.0,0.0,1.0
2022-09-06,91372.90887447471,-0.0091419636747759,0.14120745967438952,4,0.2513545723786004,0.24605736154757543,0.250833242911229,0.2517548231625951
2022-09-07,92407.74951536086,0.011325464556543513,0.13148123519750787,4,0.2530047550176378,0.24714971065362673,0.2505463220835753,0.2492992122451601
2022-09-08,92159.32369394059,-0.0026883656697967067,0.1338161312283771,4,0.2553449102837372,0.24527398918547344,0.24971379170092453,0.24966730882986493
2022-09-09,92677.10250149018,0.0056183008598145335,0.12894964965370004,4,0.25786302306701797,0.24444529923039834,0.24963071810986737,0.24806095959271623
2022-09-12,92862.22960135962,0.001997549501145229,0.12720968346089345,4,0.26011480662925285,0.24195335352580236,0.2503957152390922,0.24753612460585253
2022-09-13,92475.81255477628,-0.0034112893933313,0.13084152665323745,0,0.0,0.0,0.0,1.0
2022-09-14,92396.67470005488,-0.0008557681466657,0.1315853247891321,0,0.0,0.0,0.0,1.0
2022-09-15,92294.90211928164,-0.0011014744968216,0.13254186140654245,0,0.0,0.0,0.0,1.0
2022-09-16,92340.11249859002,0.0004898469825553,0.13211693965485927,0,0.0,0.0,0.0,1.0
2022-09-19,92238.35960874856,-0.0011019359527315,0.1330732912018202,0,0.0,0.0,0.0,1.0
2022-09-20,92193.18861130369,-0.0004897203033149,0.13349784281260468,0,0.0,0.0,0.0,1.0
2022-09-21,92114.02122018464,-0.0008587119321018,0.13424191855417356,0,0.0,0.0,0.0,1.0
2022-09-22,91944.36415218771,-0.0018418158902366,0.13583648554568128,0,0.0,0.0,0.0,1.0
2022-09-23,91831.34804938265,-0.0012291792308009,0.13689869738966443,0,0.0,0.0,0.0,1.0
2022-09-26,91627.80288783618,-0.0022165106564373,0.13881177062448524,0,0.0,0.0,0.0,1.0
2022-09-27,90944.85823061285,-0.00670849675860835,0.1452306072830002,4,0.25104596560032316,0.24506121058777675,0.2522043726531223,0.2516884511587778
2022-09-28,92715.94611942946,0.019474304796051153,0.12858456759889392,4,0.2510956705635215,0.24842837820370664,0.25252902996540927,0.24794692126736248
2022-09-29,92074.80915224164,-0.006915066868453926,0.1346104635841502,4,0.24756244389797452,0.24886345045749503,0.2542381311005161,0.24933597454401435
2022-09-30,91408.23898400874,-0.007239441214922765,0.14087540026104206,4,0.24551163921786787,0.24744180455192852,0.2561086440622586,0.2509379121679449
2022-10-03,92979.563861056,0.01719018870194116,0.12610688627304967,4,0.2477348586532565,0.24712535487581172,0.25790121967785345,0.2472385667930782
2022-10-04,93975.82957912792,0.0107228750728775,0.11674321844851221,4,0.25501222649388283,0.2466569755116619,0.2508917496260564,0.24743904836839897
2022-10-05,93544.92636035789,-0.004585255812051225,0.12079317673965484,4,0.25559038984768445,0.24542386144047204,0.2506515457421148,0.24833420296972883
2022-10-06,93115.65760934897,-0.004588904686880322,0.12482777305165138,4,0.25411989802550566,0.24518475407408566,0.25152345615027694,0.2491718917501318
2022-10-07,91948.64141664226,-0.012532974825809975,0.13579628454024306,4,0.2501668320117737,0.24588629404767207,0.2519233914352484,0.252023482505306
2022-10-10,91060.82248976897,-0.009655595919578347,0.14414068640892064,4,0.2506771905990354,0.24442380982448414,0.25051263272075774,0.2543863668557226
2022-10-11,90981.27634390023,-0.00086797825869995,0.14488832197755042,4,0.24863256123716823,0.2513245778571133,0.2497022132046646,0.2503406477010538
2022-10-12,91162.87497683601,0.001996000058840217,0.14318151901790266,4,0.24731875847947,0.25205464055758936,0.25053787875180394,0.25008872221113676
2022-10-13,91312.48799802683,0.0016411617254155691,0.14177534132128622,4,0.2534298775146129,0.24923434619203116,0.24839561429773677,0.24894016199561914
2022-10-14,90303.5291747889,-0.011049516285874665,0.1512583086642959,4,0.2504215270597452,0.2499397632988813,0.2480416185800061,0.2515970910613674
2022-10-17,90864.4699244505,0.006211725663300089,0.14598615811871318,4,0.25527101299133076,0.24718724553041763,0.24721937915519532,0.2503223623230564
2022-10-18,90841.21074935676,0.0004940714647831,0.14620476565031837,0,0.0,0.0,0.0,1.0
2022-10-19,90672.92276005991,-0.0018525511484119,0.14778646499222148,0,0.0,0.0,0.0,1.0
2022-10-20,90571.93435625611,-0.0011137658380224,0.14873563131421352,0,0.0,0.0,0.0,1.0
2022-10-21,90807.59022578342,0.0026018641558474,0.14652075706617984,0,0.0,0.0,0.0,1.0
2022-10-24,90785.11150079416,-0.0002475423577851,0.14673202933029628,0,0.0,0.0,0.0,1.0
2022-10-25,91813.5231184312,0.01208704186959045,0.13706622973509908,4,0.250958836941265,0.2542056013929225,0.2475770123216217,0.24725854934419073
2022-10-26,92140.45281889527,0.003560801169151876,0.1339934941570391,4,0.24818433111785537,0.25695306376524724,0.24826846090558427,0.24659414421131315
2022-10-27,92278.45012723206,0.0014976842864885469,0.13269648982124127,4,0.2464898872584405,0.2592551972986385,0.24751331444734734,0.2467416009955736
2022-10-28,92388.30818922681,0.0011905061457282734,0.13166395966216182,4,0.2520539530045286,0.2571670167212886,0.24469472278418525,0.2460843074899975
2022-10-31,91832.60419427439,-0.0060148735900028075,0.13688689117843744,4,0.25174752919436105,0.25687899631096583,0.2441663007939623,0.24720717370071085
2022-11-01,92422.85264424556,0.00677288379498344,0.13133928443133958,5,0.19778527557041786,0.6015332309135621,0.20068149351602,0.0
2022-11-02,91593.46283482638,-0.008973860746450528,0.13913452472876486,5,0.19456760190659553,0.6043456414517759,0.20108675664162848,0.0
2022-11-03,91041.13505132703,-0.006030209650391473,0.1443257240254343,5,0.19373243178765887,0.6047308463300938,0.2015367218822473,0.0
2022-11-04,90933.23639062041,-0.001185163834411532,0.14533983823135577,5,0.19675403032591374,0.5952763401112,0.20796962956288628,0.0
2022-11-07,90489.40914450142,-0.004880803364486538,0.14951126642440882,5,0.19961034478887488,0.5922280866769455,0.2081615685341796,0.0
2022-11-08,91372.57502837638,0.010105567704246976,0.14121059741556907,4,0.2488342612013874,0.25020530971067134,0.2532158783311652,0.24774455075677607
2022-11-09,90899.68928066402,-0.005175357568345748,0.14565513964984955,4,0.24497558120699622,0.2523337507952767,0.25325611787517865,0.24943455012254848
2022-11-10,93830.19031460816,0.03223884544748943,0.1181120477381642,4,0.25036647942961054,0.25385783483491847,0.25281585392729594,0.24295983180817524
2022-11-11,94121.38232522666,0.003103393584113385,0.11537520232520782,4,0.25200758776959215,0.25214520572425914,0.25369871043858966,0.2421484960675591
2022-11-14,93894.01078246353,-0.0024157267684135363,0.11751221412895319,4,0.25046887735162315,0.2521360504235631,0.25486941071676983,0.24252566150804403
2022-11-15,94998.7020338875,0.01211737964291942,0.10712948014607027,5,0.1992909274650627,0.6024085813105794,0.1983004912243579,0.0
2022-11-16,96062.50232797058,0.011198050829195503,0.09713107068085569,5,0.1955804667250272,0.6087653061871641,0.1956542270878087,0.0
2022-11-17,95251.33154304909,-0.008444197946791363,0.1047550746400342,5,0.19664251225037319,0.6074710590286775,0.1958864287209493,0.0
2022-11-18,94809.8258146687,-0.004635165947059287,0.10890468343234028,5,0.19845519567921674,0.6061028394951576,0.1954419648256257,0.0
2022-11-21,94880.0404428106,0.0007405838744936983,0.10824475261025346,5,0.19758726796812032,0.6082071041505738,0.194205627881306,0.0
2022-11-22,95931.65740793677,0.01129420658162298,0.09836085139648232,2,0.40085553356341797,0.4011459577037904,0.1979985087327916,0.0
2022-11-23,96963.55705082837,0.01075661226724749,0.08866226866998306,2,0.39908876569931695,0.40379908927229036,0.19711214502839283,0.0
2022-11-25,96838.58080401656,-0.0012888991556519243,0.089836891102408,2,0.39951431757692796,0.4029497184729462,0.1975359639501259,0.0
2022-11-28,96180.01510515607,-0.006800654175150558,0.09602659564900051,2,0.3958312691008285,0.40685210944541195,0.19731662145375958,0.0
2022-11-29,95749.5173145283,-0.004475958858574564,0.10007274341612116,2,0.39692792627936,0.40388908937157475,0.19918298434906526,0.0
2022-11-30,97482.08092719821,0.018098709834501223,0.08378878436820958,2,0.4052655653009258,0.39577888933050775,0.19895554536856644,0.0
2022-12-01,99042.06878001335,0.0160028164969126,0.06912682441204077,2,0.39858869526163326,0.4019893150428944,0.19942198969547228,0.0
2022-12-02,99428.95504499816,0.0039062821460659845,0.06549057114598977,2,0.3965796493566237,0.4054607860510122,0.197959564592364,0.0
2022-12-05,97817.19782034708,-0.016210139429924164,0.08063909928629198,2,0.3958625825674415,0.40636876087182955,0.19776865656072887,0.0
2022-12-06,97823.94705456273,6.899844164465675e-05,0.08057566481683376,2,0.3901293539073349,0.4115743048462024,0.19829634124646275,0.0
2022-12-07,97930.55031550831,0.0020918378986063,0.07957372576944921,0,0.0,0.0,0.0,1.0
2022-12-08,97834.38420650105,-0.0009819827285503,0.08047756847364751,0,0.0,0.0,0.0,1.0
2022-12-09,97786.28552539537,-0.0004916337082896,0.08092963669651432,0,0.0,0.0,0.0,1.0
2022-12-12,97726.12310750817,-0.0006152439226417,0.08149508915201686,0,0.0,0.0,0.0,1.0
2022-12-13,98014.78811828514,0.0029538162529931,0.07878199441790001,0,0.0,0.0,0.0,1.0
2022-12-14,97832.72989726496,-0.0011082878764316002,0.08049311693816341,4,0.24867724326518573,0.25134636323163434,0.24966844919419368,0.2503079443089864
2022-12-15,96937.26921642007,-0.009152976532344863,0.08890934186015786,4,0.2448351611894038,0.2546578565493511,0.24785263515429123,0.25265434710695395
2022-12-16,96614.64288375186,-0.003328197042026416,0.09194163109359677,4,0.24275251716562474,0.25265411158821127,0.250845979618388,0.253747391627776
2022-12-19,95907.14582361572,-0.007322876108825513,0.09859123002868064,4,0.24246962822699142,0.250240680166483,0.25198438857739514,0.2553053030291304
2022-12-20,95913.83988705586,6.97973376504571e-05,0.09852831409640184,4,0.24278445007752117,0.24578000454419657,0.25614806073591534,0.2552874846423669
2022-12-21,96315.44054058859,0.004198581624855674,0.09475376374343458,4,0.2526772563277208,0.2495805325144529,0.2485424707540618,0.24919974040376447
2022-12-22,95659.55591798853,-0.006809755724718581,0.1009182694830626,4,0.2507802582136108,0.25124328401231505,0.24722226916520193,0.2507541886088722
2022-12-23,95504.31850052702,-0.0016228113958066585,0.10237730956110702,4,0.2526328161997696,0.24796235964661925,0.24836657300116285,0.25103825115244816
2022-12-27,95108.4443375622,-0.0041450917527109735,0.10609803797229145,4,0.2526839326294915,0.24407108231850447,0.2515028082617051,0.2517421767902989
2022-12-28,94565.22489414553,-0.005711579525879552,0.1112036301167525,4,0.250977073730519,0.24402683909145037,0.25180780538122854,0.25318828179680214
2022-12-29,95408.37082714766,0.008922051704541625,0.10327909924006962,4,0.2522495062153999,0.2506018379553522,0.24917639818403217,0.24797225764521577
2022-12-30,95161.11020513861,-0.0025916030204207515,0.10560304383495334,4,0.25223874087245685,0.24845798417317,0.25099268547098186,0.2483105894833913
2023-01-03,95731.5922316378,0.005994907218604203,0.10024121706614175,4,0.24968006674108967,0.2516906978315943,0.25158542773622183,0.24704380769109438
2023-01-04,96496.19539579509,0.007986947112581287,0.09305489125276856,4,0.24961397271556152,0.2531172718673624,0.2519410859933898,0.24532766942368625
2023-01-05,95988.6638404442,-0.005259601720763832,0.09782506130737378,4,0.2480698056987254,0.2555193949342808,0.2501195805465359,0.24629121882045799
2023-01-06,97967.09050439905,0.02111793891031144,0.07923029310403451,1,0.6010660427494544,0.39893395725054553,0.0,0.0
2023-01-09,98141.78564560549,0.0017832023009665327,0.07758837444403732,1,0.5996559002846399,0.40034409971536006,0.0,0.0
2023-01-10,97904.24064855503,-0.0024204266866331174,0.07982100415859372,1,0.6053263056397364,0.3946736943602635,0.0,0.0
2023-01-11,99281.78149646195,0.01407028785251351,0.06687382081126836,1,0.6044773043929216,0.39552269560707837,0.0,0.0
2023-01-12,100273.14140057024,0.009985315424095352,0.057556261581587886,1,0.600680022524573,0.39931997747542697,0.0,0.0
2023-01-13,100001.35737906798,-0.0017121490387791,0.06011069585670192,0,0.0,0.0,0.0,1.0
2023-01-17,100062.59008802143,0.0006123187780475,0.05953518398648894,0,0.0,0.0,0.0,1.0
2023-01-18,100283.09348832502,0.0022036547335984,0.057462724242898,0,0.0,0.0,0.0,1.0
2023-01-19,100258.57075722764,-0.0002445350481757,0.057693207641032695,0,0.0,0.0,0.0,1.0
2023-01-20,100172.86825916967,-0.0008548146797893,0.05849870532000623,0,0.0,0.0,0.0,1.0
2023-01-23,100074.85145357014,-0.0009784765805641,0.05941994228742142,0,0.0,0.0,0.0,1.0
2023-01-24,100111.58260822334,0.0003670368141415,0.059074714779593585,0,0.0,0.0,0.0,1.0
2023-01-25,100172.86825916967,0.0006121734303827,0.05849870532000623,0,0.0,0.0,0.0,1.0
2023-01-26,100111.58260822335,-0.0006117989033493,0.059074714779593474,0,0.0,0.0,0.0,1.0
2023-01-27,100111.58260822335,0.0,0.059074714779593474,0,0.0,0.0,0.0,1.0
2023-01-30,100013.58697942097,-0.0009788640459904,0.0599957527112589,0,0.0,0.0,0.0,1.0
2023-01-31,100197.34863667279,0.0018373669298514,0.05826861999337063,0,0.0,0.0,0.0,1.0
2023-02-01,100371.65485399801,0.0017396290390605,0.05663035673771655,0,0.0,0.0,0.0,1.0
2023-02-02,100383.87386595241,0.0001217376755635,0.056515513110148574,0,0.0,0.0,0.0,1.0
2023-02-03,100015.7046591358,-0.0036676130601241,0.05997584913629028,0,0.0,0.0,0.0,1.0
2023-02-06,99733.44971834864,-0.0028221062057116,0.06262869712596142,0,0.0,0.0,0.0,1.0
2023-02-07,99782.56929933344,0.0004925085928895,0.06216703370456789,0,0.0,0.0,0.0,1.0
2023-02-08,99819.3639843781,0.0003687486231616,0.06182120908949085,0,0.0,0.0,0.0,1.0
2023-02-09,99745.70049549878,-0.0007379679246489,0.06251355494476873,0,0.0,0.0,0.0,1.0
2023-02-10,99696.62326810828,-0.000492023487195,0.06297482029466284,0,0.0,0.0,0.0,1.0
2023-02-13,99721.15658760423,0.0002460797436436,0.06274423737865331,0,0.0,0.0,0.0,1.0
2023-02-14,99512.58631249356,-0.0020915348582771,0.06470454047729679,0,0.0,0.0,0.0,1.0
2023-02-15,99524.83708964368,0.0001231078158461,0.06458939829610422,0,0.0,0.0,0.0,1.0
2023-02-16,99537.10904359096,0.0001233054411957,0.06447405707916187,0,0.0,0.0,0.0,1.0
2023-02-17,99622.9915444247,0.000862818919084,0.0636668675963159,0,0.0,0.0,0.0,1.0
2023-02-21,98423.224855657,-0.011301546440777648,0.07494319331623278,4,0.2477851774397709,0.24794272846590834,0.25191275251813294,0.2523593415761878
2023-02-22,98486.00902299237,0.000637899920749846,0.0743530996525601,4,0.24728590730196834,0.25005543671117725,0.25033567918149946,0.25232297680535504
2023-02-23,98858.46876571323,0.003781854360997682,0.07085243788573703,4,0.24766470534502577,0.25154766775901616,0.24926022248226432,0.2515274044136938
2023-02-24,98044.22064080335,-0.008236503509270203,0.07850536504172112,4,0.24705395761813784,0.25033922399620573,0.2495220653696007,0.2530847530160557
2023-02-27,98312.15862459554,0.002732827922349585,0.0759870787730118,4,0.2472197601941907,0.25034930878816136,0.2498175670066645,0.25261336401098355
2023-02-28,98438.58219581742,0.001288906836840375,0.07479885327790547,4,0.24875535148552508,0.2508125210198204,0.25081571412695375,0.2496164133677007
2023-03-01,98176.9492881328,-0.0026578288903447178,0.07725787961504349,4,0.24846158778027425,0.24877928547235803,0.2529357200744009,0.24982340667296682
2023-03-02,98144.64531241251,-0.00032903829212988005,0.07756149710641136,4,0.2504763376588909,0.24665436662464243,0.25287081429318214,0.2499984814232847
2023-03-03,99406.67589291428,0.01285888370664032,0.06569996767117536,4,0.2512624407766828,0.24942245698351648,0.2523375899613371,0.24697751227846357
2023-03-06,99093.07362710846,-0.003154740493924569,0.06864744181663818,4,0.2522322677347386,0.2482718918777865,0.2518593929173571,0.24763644747011782
2023-03-07,98379.63000675154,-0.0071956702577619745,0.07535293107655794,4,0.2479519829969537,0.2533561906850192,0.24741016178566336,0.25128166453236384
2023-03-08,98420.11302161399,0.0004114979377302467,0.07497244071456766,4,0.24825451977004706,0.25350094781587945,0.2471910593141486,0.251053473099925
2023-03-09,98350.00240710973,-0.0007123606380015426,0.07563139393686924,4,0.243847943140078,0.254304507082758,0.24980367248729116,0.25204387728987293
2023-03-10,99531.28993839952,0.012011057472067793,0.06452874948406973,4,0.23747700096208937,0.2599522637632532,0.25216142791319096,0.25040930736146644
2023-03-13,100380.94453138603,0.008536557634411948,0.056543045238705125,4,0.23513131111380106,0.25833777927454415,0.25576473142641476,0.2507661781852401
2023-03-14,100141.49708777906,-0.0023705539912345745,0.058793555602255076,4,0.25473640101890727,0.24647385496868002,0.2491428403680676,0.2496469036443451
2023-03-15,100800.1379798161,0.006577102511856031,0.05260314433263169,4,0.25148911018529274,0.24959171308469005,0.24944654875039288,0.24947262797962427
2023-03-16,100997.92551896656,0.0019621752818440494,0.05074418564034455,4,0.2554003966297426,0.24715429301454772,0.2494609675856259,0.24798434277008385
2023-03-17,101930.11029831594,0.00922974184429485,0.04198279952960904,4,0.2501057312721192,0.24856967911034483,0.25437748598869714,0.24694710362883873
2023-03-20,101931.6252411917,1.4862564862635737e-05,0.04196856093682755,4,0.2525068554857427,0.24637917808512722,0.2544705880801956,0.2466433783489344
2023-03-21,101470.5355186802,-0.0037730055724244,0.04630223509683118,0,0.0,0.0,0.0,1.0
2023-03-22,101941.54818370964,0.0046418663567882,0.04187529752738306,0,0.0,0.0,0.0,1.0
2023-03-23,102239.06919134721,0.0029185451166722,0.03907896735581862,0,0.0,0.0,0.0,1.0
2023-03-24,102288.64891009861,0.0004849390662839,0.03861297920747553,0,0.0,0.0,0.0,1.0
2023-03-27,101854.83437636058,-0.0042410818635341,0.042690300265195824,0,0.0,0.0,0.0,1.0
2023-03-28,101743.25065626863,-0.0010955171718177,0.043739049480002845,0,0.0,0.0,0.0,1.0
2023-03-29,101706.04185119492,-0.0003657127606372,0.04408876631210712,0,0.0,0.0,0.0,1.0
2023-03-30,101718.46613378408,0.0001221587465505,0.043971993393986275,0,0.0,0.0,0.0,1.0
2023-03-31,101842.41009377144,0.0012185000885123,0.04280707318331656,0,0.0,0.0,0.0,1.0
2023-04-03,101966.6422458807,0.0012198469379787,0.04163944432248423,0,0.0,0.0,0.0,1.0
2023-04-04,102202.65024616319,0.0023145608709305,0.039421260480069886,0,0.0,0.0,0.0,1.0
2023-04-05,102339.32802842619,0.0013373213114709,0.03813665806036404,0,0.0,0.0,0.0,1.0
2023-04-06,102302.03383309413,-0.0003644170432866,0.03848717745547947,0,0.0,0.0,0.0,1.0
2023-04-10,101941.79368070238,-0.0035213391063123,0.04187299015872614,0,0.0,0.0,0.0,1.0
2023-04-11,101929.35872433094,-0.0001219809454245,0.041989863397223215,0,0.0,0.0,0.0,1.0
2023-04-12,102041.15592006878,0.0010968105473927,0.04093910777488807,0,0.0,0.0,0.0,1.0
2023-04-13,102103.30935436144,0.0006091016289677,0.0403549422231545,0,0.0,0.0,0.0,1.0
2023-04-14,101867.24798516747,-0.0023119854849629,0.042573627667450986,0,0.0,0.0,0.0,1.0
2023-04-17,101718.18861544448,-0.0014632708026498,0.04397460172377221,0,0.0,0.0,0.0,1.0
2023-04-18,101693.32937648387,-0.0002443932525635,0.04420824788039035,0,0.0,0.0,0.0,1.0
2023-04-19,101606.40209348897,-0.0008547982795714,0.04502525702573079,0,0.0,0.0,0.0,1.0
2023-04-20,101854.81302879604,0.0024448354649788,0.04269050090594817,0,0.0,0.0,0.0,1.0
2023-04-21,101792.73431097943,-0.0006094824188529,0.04327396421504692,0,0.0,0.0,0.0,1.0
2023-04-24,101904.54218049953,0.0010983875251697,0.04222310827233566,0,0.0,0.0,0.0,1.0
2023-04-25,102302.03383309417,0.0039006274312147,0.03848717745547903,0,0.0,0.0,0.0,1.0
2023-04-26,102177.82302854951,-0.0012141577238564,0.03965460567555834,0,0.0,0.0,0.0,1.0
2023-04-27,101979.07720225219,-0.0019450974820807,0.041522571083986715,0,0.0,0.0,0.0,1.0
2023-04-28,102090.84237664311,0.0010959618135126,0.040472116422781035,0,0.0,0.0,0.0,1.0
2023-05-01,101867.95245479883,-0.0021832508837764,0.04256700652260903,0,0.0,0.0,0.0,1.0
2023-05-02,102204.18727081343,0.0033006927881837,0.03940681434586901,0,0.0,0.0,0.0,1.0
2023-05-03,102373.50515125872,0.0024084692046362753,0.03781543529860765,4,0.24768751585916904,0.2507914908892108,0.25151400522407946,0.2500069880275405
2023-05-04,102161.80192178152,-0.0020679494090233967,0.03980518430055335,4,0.24644271707113852,0.24882855459233763,0.2538077531076654,0.2509209752288585
2023-05-05,102075.39213724091,-0.0008458130427922523,0.04061732959929354,4,0.25121755590330036,0.248210997598641,0.25004767554098917,0.25052377095706946
2023-05-08,101718.02166886922,-0.003501044285886293,0.04397617081547822,4,0.2521673228445933,0.24559214577312496,0.2512340419353472,0.25100648944693443
2023-05-09,101691.03625206479,-0.00026529631978361993,0.04422980041898639,4,0.2511281251167732,0.24477850783378693,0.2530814687296631,0.2510118983197769
2023-05-10,102081.64783966547,0.00384640203625025,0.040558533719389,4,0.2502057197045923,0.2514588404401051,0.24868634163815515,0.24964909821714742
2023-05-11,102106.08207896819,0.00023935976563661639,0.04032888203487783,4,0.24970956422281612,0.2540564154084806,0.2464929270606113,0.24974109330809213
2023-05-12,101769.16303335909,-0.0032996961468810637,0.043495505125100475,4,0.25020802682086907,0.2527642145604387,0.24688605333491864,0.2501417052837738
2023-05-15,101647.46119363378,-0.0011958616549240983,0.044639352173283964,4,0.2513718286751276,0.2504456850810804,0.2477109290691351,0.2504715571746568
2023-05-16,101054.5302309969,-0.0058332097592418974,0.05021217122778254,4,0.2511570514319379,0.25115831198026645,0.24604995360950344,0.2516346829782922
2023-05-17,101171.96640780741,0.001166061650877725,0.04910841614488615,4,0.2527400043903744,0.24898068858655176,0.2488443599022954,0.24943494712077843
2023-05-18,100858.89691815681,-0.0030944292254702424,0.052050882852220925,4,0.25596680833325997,0.24790317772742118,0.24637852500711852,0.24975148893220028
2023-05-19,100872.0376502243,0.00013028827866465138,0.051927376193485975,4,0.25556105998216183,0.24611803058794654,0.24878497016060308,0.24953593926928844
2023-05-22,100726.0961607801,-0.0014467982688151232,0.05329904602432034,4,0.25603525803522115,0.24559692297768895,0.24856205982940785,0.24980575915768202
2023-05-23,100534.86180985531,-0.0018985581514003656,0.05509641283742939,4,0.25364342920464716,0.24677242683108996,0.24933389092820676,0.25025025303605614
2023-05-24,99994.4609093287,-0.005371386031000151,0.0601755141583149,4,0.2495290870075412,0.250106201495243,0.24932209270168595,0.2510426187955298
2023-05-25,99853.22884644214,-0.0014123988629192576,0.061502921193461346,4,0.25204598478019447,0.24983718766628282,0.24727335466445674,0.25084347288906594
2023-05-26,100473.17969740958,0.006208620974298435,0.05567614854566527,4,0.25373478457673077,0.2503012258623225,0.24672950204062788,0.24923448752031863
2023-05-30,100936.80981963567,0.004614466503621998,0.05131859776455794,4,0.25266551869640763,0.251640811573131,0.24711658328514144,0.24857708644531992
2023-05-31,101079.75103077761,0.0014161455211172127,0.049975126845814954,4,0.25090911716788883,0.25347530093048165,0.24714670248123208,0.2484688794203975
2023-06-01,101634.2391577937,0.00583419630091352,0.044763622987108787,5,0.20072909969932948,0.5988605078019558,0.20041039249871465,0.0
2023-06-02,100961.87025747752,-0.006615574691047501,0.0510830605868432,5,0.2049879998321052,0.5962421734121379,0.19876982675575688,0.0
2023-06-05,100930.91155749913,-0.00030663754444567427,0.05137403414702779,5,0.20465797088678372,0.5953141892635258,0.20002783984969055,0.0
2023-06-06,101352.20914775961,0.004174118550593648,0.04741435690538609,5,0.2042510225654885,0.5963338813297266,0.1994150961047849,0.0
2023-06-07,100140.72768765275,-0.011953182572869979,0.058800787013590705,5,0.2060072053218392,0.5945892755722175,0.19940351910594337,0.0
2023-06-08,101228.65477159577,0.01087005471245368,0.04857561550906975,5,0.19904605416434543,0.6004907437244559,0.20046320211119875,0.0
2023-06-09,101126.96724298467,-0.0010045330429466492,0.049531352741156054,5,0.19960373292428543,0.600270179238678,0.20012608783703656,0.0
2023-06-12,101470.97184982763,0.003401709912019744,0.046298134122711554,5,0.20073169611333053,0.5999959663567831,0.19927233752988632,0.0
2023-06-13,100854.7287050521,-0.006073097887418927,0.0520900589095985,5,0.20328968064924544,0.5976975081645743,0.19901281118618008,0.0
2023-06-14,101372.69729351997,0.005135788823374612,0.04722179362858081,5,0.2024918154054747,0.5994025633347828,0.19810562125974246,0.0
2023-06-15,102125.90872544704,0.007782242944989524,0.040142536034674436,4,0.25114494196800374,0.250452401031681,0.24981353579636012,0.24858912120395513
2023-06-16,101865.60316749108,-0.0025488689521066263,0.042589086923023434,4,0.2509291001145174,0.2501172709833292,0.25006640531373703,0.2488872235884164
2023-06-20,101654.99044365426,-0.00206755486923812,0.04456858651821738,4,0.25014437570998066,0.25236987760321317,0.24799076759044125,0.2494949790963648
2023-06-21,101550.32856919852,-0.0010295793054424024,0.04555227892930791,4,0.2491192189171482,0.25324137467384317,0.2478872876997303,0.2497521187092783
2023-06-22,101053.50409601486,-0.004892396511007944,0.05022181562981365,4,0.2512476519720354,0.25141467696594516,0.2466356337606979,0.25070203730132146
2023-06-23,101064.89077368897,0.0008626240166917,0.05011479491693416,0,0.0,0.0,0.0,1.0
2023-06-26,101139.51493849828,0.000738378721216,0.04941341989390291,0,0.0,0.0,0.0,1.0
2023-06-27,100990.2453272128,-0.0014758782596125,0.05081636996136085,0,0.0,0.0,0.0,1.0
2023-06-28,101102.1868948435,0.0011084394068754,0.04976425742146495,0,0.0,0.0,0.0,1.0
2023-06-29,100853.39356853426,-0.0024608105319028,0.05210260754459284,0,0.0,0.0,0.0,1.0
2023-06-30,100890.71097135563,0.0003700163326285,0.0517518700277283,0,0.0,0.0,0.0,1.0
2023-07-03,100773.43834617903,-0.0011623728690929,0.05285408792717616,0,0.0,0.0,0.0,1.0
2023-07-05,100748.41110596349,-0.000248351555988,0.05308931308818721,0,0.0,0.0,0.0,1.0
2023-07-06,100686.07710376002,-0.0006187095311896,0.053675175755364846,0,0.0,0.0,0.0,1.0
2023-07-07,100798.38045972717,0.0011153811847433,0.05261966285174691,0,0.0,0.0,0.0,1.0
2023-07-10,100876.69024281556,0.0015280412819689499,0.051883647566918656,4,0.2502503705585314,0.24994615194353875,0.24981419750478626,0.2499892799931437
2023-07-11,101258.39201171127,0.003783845088265061,0.04829612216366097,4,0.25089473570366555,0.25028395240217566,0.24980518022486484,0.24901613166929387
2023-07-12,102162.22895984743,0.008926044846056979,0.03980117066992739,4,0.2506758651244188,0.2508310052966813,0.2509479248754105,0.2475452047034894
2023-07-13,102724.87540347279,0.005507382222900666,0.034512988706825065,4,0.2512815594853417,0.2520795480707836,0.24975179871957376,0.24688709372430087
2023-07-14,102409.11694946885,-0.0030738265952013214,0.03748072835945948,4,0.25189935233185023,0.2513678479903019,0.24972353442803055,0.24700926524981742
2023-07-17,102369.8238565325,0.0003695815762796,0.037850034924345244,0,0.0,0.0,0.0,1.0
2023-07-18,102369.8238565325,0.0,0.037850034924345244,0,0.0,0.0,0.0,1.0
2023-07-19,102407.67614028214,0.0003697601727115,0.03749427018708451,0,0.0,0.0,0.0,1.0
2023-07-20,102281.58072004112,-0.0012313082865809,0.038679411468084735,0,0.0,0.0,0.0,1.0
2023-07-21,102294.18380997141,0.0001232195459002,0.03856095798170123,0,0.0,0.0,0.0,1.0
2023-07-24,102097.7759794921,-0.0011709074839815002,0.04040694911577891,4,0.2514111969585776,0.24938271069689294,0.249221446925703,0.24998464541882648
2023-07-25,102258.64608744248,0.0015756475242193445,0.03889496870089515,4,0.2517009216404931,0.2485237155305296,0.25021482667297906,0.24956053615599816
2023-07-26,102437.75128968363,0.0017514920165086927,0.037211600911548404,4,0.2512994968148498,0.2483342862966076,0.250996036040074,0.24937018084846865
2023-07-27,101330.43906844345,-0.01080961078605492,0.047618968775023585,4,0.25236131396499856,0.24616445154502672,0.24975211601390487,0.25172211847606984
2023-07-28,101945.5621935518,0.0060704673814042,0.04183757079030426,4,0.2532944179144641,0.24593584183184586,0.2502264933890295,0.2505432468646605
2023-07-31,102129.9044779002,0.001812313887386725,0.040104980894512754,4,0.2500228635111626,0.2501478015431948,0.2502201252144064,0.2496092097312361
2023-08-01,101351.89852003586,-0.007617807554423831,0.04741727642250848,4,0.25122115769930853,0.24793737816919223,0.24952752646137996,0.2513139376701193
2023-08-02,100620.9244566461,-0.007212238488509942,0.05428753020498367,4,0.24952609394172998,0.24706659326736974,0.2501424646359843,0.2532648481549161
2023-08-03,99976.46091793821,-0.006404866007622158,0.06034469185575819,4,0.250414893424125,0.24292231230432526,0.25167079800138525,0.2549919962701645
2023-08-04,100434.91054112166,0.0045855756342461414,0.05603583137014201,4,0.24814444558589435,0.246096506154257,0.2514290038382335,0.2543300444216152
2023-08-07,100514.66316927731,0.00130048955797324,0.055286255122924954,1,0.6044509699820019,0.39554903001799796,0.0,0.0
2023-08-08,100712.17297833327,0.001964985036295906,0.053429906750658285,1,0.6006421251708015,0.39935787482919854,0.0,0.0
2023-08-09,100515.7567997233,-0.0019502724725463142,0.05527597634685821,1,0.5977925455314008,0.4022074544685993,0.0,0.0
2023-08-10,99871.77638720561,-0.006406760820602667,0.0613285972078812,1,0.6018631570461848,0.3981368429538152,0.0,0.0
2023-08-11,99745.21932238618,-0.001267195492035218,0.06251807737800186,1,0.6022754612813349,0.39772453871866514,0.0,0.0
2023-08-14,99796.75206815073,0.0007190646765543401,0.06203373318681615,2,0.401918980331189,0.39883241001573394,0.19924860965307697,0.0
2023-08-15,99034.141788807,-0.007641634257024183,0.0692013283432289,2,0.4002960379361146,0.3994540158843317,0.2002499461795537,0.0
2023-08-16,98319.16410851186,-0.007219507004158774,0.0759212358727166,2,0.40024813959098965,0.3992107559008103,0.2005411045082001,0.0
2023-08-17,97821.67325055304,-0.005059958172648353,0.08059703576743327,2,0.39921832736501883,0.39953065301950064,0.2012510196154805,0.0
2023-08-18,97981.87234058973,0.001637664586112478,0.07909136209254275,2,0.39875746957025393,0.4002861701979349,0.20095636023181115,0.0
2023-08-21,97825.29522983733,-0.0012993661430935998,0.08056299363362274,4,0.25195395628952794,0.24698828532831943,0.25101057219814177,0.25004718618401084
2023-08-22,97972.36065314399,0.0015033476051477942,0.07918076021201748,4,0.2508943065231749,0.24851010843768162,0.2510472171159811,0.24954836792316237
2023-08-23,99144.74754603497,0.01196650652362706,0.06816177077201335,4,0.2506888683171767,0.2516560878549142,0.2506002127909848,0.24705483103692422
2023-08-24,98615.0729768594,-0.005342437015431689,0.07314005782023525,4,0.2485423574404948,0.2513394775185911,0.25188957697140724,0.24822858806950684
2023-08-25,98821.57225272675,0.002093993034064858,0.07119921955775699,4,0.24977149311593497,0.2516334730987494,0.2510381395028597,0.24755689428245597
2023-08-28,99140.88357833466,0.0035308398265388196,0.06819808729819121,2,0.40112025916759525,0.39901117406071734,0.1998685667716875,0.0
2023-08-29,100320.13036060678,0.011894656772353308,0.05711462336678097,2,0.40213512581866806,0.3984163447096454,0.19944852947168654,0.0
2023-08-30,100494.8439258362,0.0017415603887415163,0.05547253154371279,2,0.4030893787157601,0.39731071185976174,0.19959990942447822,0.0
2023-08-31,100580.64175227679,0.000853753516985563,0.05466613789562891,2,0.40215622781721017,0.39874592277013005,0.19909784941265982,0.0
2023-09-01,100041.3185257895,-0.005362097686904827,0.05973511041097168,2,0.40507838714909555,0.39465035558050626,0.20027125727039813,0.0
2023-09-05,99200.90310063328,-0.0082020545916172,0.06763397788481162,1,0.6023473371833229,0.39765266281667716,0.0,0.0
2023-09-06,98896.22121454068,-0.003071362019592903,0.07049761147349509,1,0.6001413003058733,0.3998586996941267,0.0,0.0
2023-09-07,98823.67814650208,-0.0007335271979830108,0.07117942675606947,1,0.5987380460440981,0.4012619539559019,0.0,0.0
2023-09-08,99064.63573020969,0.00243825759399904,0.06891472293989509,1,0.5981811307428652,0.40181886925713467,0.0,0.0
2023-09-11,99167.5283045194,0.0010386408182019066,0.06794765976591355,1,0.6014905095519809,0.398509490448019,0.0,0.0
2023-09-12,98984.80646665164,-0.0013432287597657747,0.06966501946528547,4,0.24896300402085095,0.2517791378742644,0.24904536207956285,0.2502124960253218
2023-09-13,98972.74371052792,-0.00012186472403498241,0.06977839448094847,4,0.24928366556731607,0.25175646830584847,0.24850034826482145,0.25045951786201404
2023-09-14,99012.00708272483,0.00039670893950089327,0.06940936725432212,4,0.25133336690632263,0.2498401853241913,0.2485280488506814,0.2502983989188047
2023-09-15,98711.6863915358,-0.003033174460730912,0.07223201099496179,4,0.24906068471582352,0.24907300967853682,0.2509303981720083,0.2509359074336313
2023-09-18,99009.05352183593,0.0030124815122764786,0.06943712708040217,4,0.24845830127803192,0.2497407812080952,0.2516496978666509,0.2501512196472219
2023-09-19,98544.08416541778,-0.00419653560478158,0.07380726500958279,1,0.6012789058747253,0.39872109412527473,0.0,0.0
2023-09-20,98122.14312144191,-0.004281749102945495,0.07777298992178272,1,0.5983130166197941,0.4016869833802059,0.0,0.0
2023-09-21,96139.85691493818,-0.02020223105044018,0.09640403306033951,1,0.6005563765928752,0.39944362340712475,0.0,0.0
2023-09-22,96319.11368360383,0.001864541662718021,0.09471924073371651,1,0.5980908153755067,0.40190918462449327,0.0,0.0
2023-09-25,95608.7210364175,-0.007375406811984253,0.10139605461236734,1,0.6050685837212946,0.3949314162787054,0.0,0.0
2023-09-26,94632.5350664249,-0.01020520203656978,0.1105709975941197,1,0.5972806177132939,0.402719382286706,0.0,0.0
2023-09-27,94457.8265973638,-0.0018461776273716146,0.11221304151949696,1,0.5986241763004442,0.4013758236995559,0.0,0.0
2023-09-28,94901.43174643535,0.004696330257125982,0.1080437007645032,1,0.5992803091128458,0.40071969088715426,0.0,0.0
2023-09-29,94767.70720242558,-0.0014090887940139067,0.10930054639050601,1,0.5986695125487159,0.4013304874512841,0.0,0.0
2023-10-02,94108.45930313045,-0.0069564614229502076,0.1154966627789834,1,0.6026234992662787,0.3973765007337213,0.0,0.0
2023-10-03,92542.58966321738,-0.0166364093669522,0.13021390427259805,1,0.6019831361593612,0.39801686384063883,0.0,0.0
2023-10-04,93467.9067174098,0.009998823866501423,0.1215170662998879,1,0.6003639265223709,0.399636073477629,0.0,0.0
2023-10-05,93260.5674325627,-0.002218293873574907,0.12346579960975501,1,0.6014720035831983,0.39852799641680176,0.0,0.0
2023-10-06,93476.1878868025,0.0023120216847886434,0.12143923353099373,1,0.6072092642931974,0.3927907357068026,0.0,0.0
2023-10-09,94701.30074470617,0.013106149123103497,0.10992468511194287,1,0.603191135320815,0.3968088646791849,0.0,0.0
2023-10-10,94944.3611526725,0.0025697998583317197,0.10764021734374751,1,0.6015769275370421,0.3984230724629579,0.0,0.0
2023-10-11,95968.41285853721,0.010785808587600313,0.09801539553674465,1,0.5975956328451086,0.40240436715489136,0.0,0.0
2023-10-12,94571.15282137373,-0.014559582632913994,0.11114791491904363,1,0.6027278827551455,0.3972721172448544,0.0,0.0
2023-10-13,94959.47944266353,0.004106184705427803,0.10749812408189663,1,0.5972732559445214,0.4027267440554786,0.0,0.0
2023-10-16,94940.72800058407,-0.0001974678272197419,0.10767436448812373,1,0.603676627221187,0.39632337277881297,0.0,0.0
2023-10-17,94709.37980348409,-0.0022408810803944725,0.10984875193331478,3,0.8017599316119535,0.1982400683880465,0.0,0.0
2023-10-18,93532.37372913242,-0.012427555504997311,0.12091115597650615,3,0.8010313253775313,0.1989686746224687,0.0,0.0
2023-10-19,92493.06413130855,-0.011111763300626722,0.13067938313151672,3,0.802914903098858,0.19708509690114198,0.0,0.0
2023-10-20,91684.02171966915,-0.008747060325418918,0.1382833830093957,3,0.8000467593132659,0.19995324068673417,0.0,0.0
2023-10-23,91777.10828788303,0.0010152976109458652,0.1374084841868528,3,0.7978499196012656,0.20215008039873453,0.0,0.0
2023-10-24,92572.34411979339,0.00866702912261914,0.12993424911371487,3,0.7991057618216277,0.2008942381783722,0.0,0.0
2023-10-25,91096.63571873578,-0.015941136795109858,0.14380408626933305,3,0.800396065627484,0.199603934372516,0.0,0.0
2023-10-26,90502.43946953928,-0.006522702452273787,0.14938879745545097,3,0.796003787479432,0.20399621252056796,0.0,0.0
2023-10-27,90097.45759586089,-0.004474817209923891,0.15319512710355143,3,0.7959574138952827,0.20404258610471723,0.0,0.0
2023-10-30,90872.03996128128,0.008597161186221716,0.14591500911798272,3,0.7986078360274939,0.2013921639725062,0.0,0.0
2023-10-31,91239.76103467446,0.004047978833037481,0.1424588849927847,3,0.8017787336632143,0.19822126633678563,0.0,0.0
2023-11-01,92412.06464527834,0.012848604570088086,0.1314406783034644,3,0.8000499924984373,0.1999500075015628,0.0,0.0
2023-11-02,94250.20242328972,0.019890668876050257,0.11416445243639173,3,0.7994802259995963,0.2005197740004036,0.0,0.0
2023-11-03,95065.77181540297,0.008653237564948823,0.10649910699984722,3,0.7998528712652716,0.20014712873472837,0.0,0.0
2023-11-06,95056.12772365761,-0.00010144652024794514,0.10658974955628053,3,0.8017742039478247,0.19822579605217527,0.0,0.0
2023-11-07,95552.80554063791,0.00522688394051044,0.10192159124303413,3,0.7981052910549475,0.20189470894505257,0.0,0.0
2023-11-08,95937.27027420954,0.004023583937659628,0.09830809738280066,3,0.7954890580373128,0.20451094196268724,0.0,0.0
2023-11-09,94890.80249566512,-0.010907833582854675,0.10814360259955658,3,0.7979896275520395,0.20201037244796047,0.0,0.0
2023-11-10,96179.76139449667,0.0135836020449973,0.09602898021598394,3,0.7995808403938762,0.20041915960612386,0.0,0.0
2023-11-13,96062.66002359196,-0.0012175261115943258,0.09712958853669562,3,0.7997925779793054,0.20020742202069464,0.0,0.0
2023-11-14,98032.28873071553,0.020707512620094917,0.07861751026618069,1,0.5992318182846306,0.40076818171536954,0.0,0.0
2023-11-15,97605.24768984632,-0.0043561263987444586,0.0826311688530511,1,0.6031276595375749,0.39687234046242514,0.0,0.0
2023-11-16,98158.62890919272,0.005669584704142685,0.07743006855992329,1,0.6004610179455326,0.3995389820544674,0.0,0.0
2023-11-17,98415.73838817129,0.002619326307180009,0.07501355686828892,1,0.5996371974518694,0.4003628025481306,0.0,0.0
2023-11-20,99110.68479459357,0.007061334069163625,0.06848191858388852,1,0.6000161082587372,0.39998389174126275,0.0,0.0
2023-11-21,98909.33839258671,-0.0018319131931571803,0.07037432619348372,3,0.7997214252764001,0.20027857472359983,0.0,0.0
2023-11-22,99284.74779035168,0.003795489929119844,0.06684594131069976,3,0.7997735401640647,0.2002264598359353,0.0,0.0
2023-11-24,99099.51928047217,-0.0018656290518119746,0.06858686063240682,3,0.8017614541528634,0.19823854584713668,0.0,0.0
2023-11-27,99284.58010246517,0.001867424013119925,0.06684751736981631,3,0.7988257603415552,0.20117423965844486,0.0,0.0
2023-11-28,99402.47922395593,0.0011874867312636544,0.06573941117844728,3,0.7986682483336888,0.2013317516663111,0.0,0.0
2023-11-29,99596.33779848562,0.00195157317815062,0.06391737990314916,3,0.797880243141656,0.20211975685834394,0.0,0.0
2023-11-30,99676.68899251721,0.0008067685600465101,0.06316217787564904,3,0.8003760646616654,0.1996239353383344,0.0,0.0
2023-12-01,100523.42579790186,0.008494832783302193,0.05520389723162977,3,0.7983294161737852,0.2016705838262148,0.0,0.0
2023-12-04,100021.47337302238,-0.004993387570063896,0.05992163034743814,3,0.7981238311962864,0.2018761688037137,0.0,0.0
2023-12-05,100439.58517164101,0.004180220351877113,0.0559918956142571,3,0.7946448204781524,0.20535517952184762,0.0,0.0
2023-12-06,100382.7836655315,-0.0005601768994480205,0.05652575964821405,3,0.7972228236572482,0.20277717634275186,0.0,0.0
2023-12-07,100876.6346348847,0.004919677969866528,0.05188417021281877,3,0.7993732040918834,0.20062679590811663,0.0,0.0
2023-12-08,101057.70117243404,0.0017949303939878028,0.05018236829291289,3,0.8013714466578631,0.19862855334213683,0.0,0.0
2023-12-11,101330.23871007394,0.002696850754351544,0.04762085189634735,3,0.8023247656621172,0.1976752343378828,0.0,0.0
2023-12-12,101761.01359746602,0.0042511977952070104,0.04357209976172782,3,0.8025772930817978,0.1974227069182021,0.0,0.0
2023-12-13,103694.76664147162,0.019413279654451783,0.025397208434744245,2,0.39779354760931923,0.40158859624252635,0.20061785614815458,0.0
2023-12-14,105032.36635181101,0.01289939457566063,0.012825422471803738,2,0.3939880056237947,0.4067878759299787,0.19922411844622656,0.0
2023-12-15,104819.87193595835,-0.002023132708834839,0.014822607648931174,2,0.3941366838751165,0.40806521609972585,0.19779810002515763,0.0
2023-12-18,104805.7032032028,-0.0001351722005939064,0.014955776245030639,2,0.3964073205575349,0.40486862872126284,0.19872405072120225,0.0
2023-12-19,105428.8955615268,0.005946168378983526,0.009098537429838571,2,0.3964603791295938,0.4046441422815399,0.19889547858886622,0.0
2023-12-20,105465.22645066759,0.0013459468168846,0.008757071923685467,0,0.0,0.0,0.0,1.0
2023-12-21,105568.31170165545,0.0009774335528125,0.007788197826795518,0,0.0,0.0,0.0,1.0
2023-12-22,105606.96461740806,0.0003661412703259,0.0074249081371153824,0,0.0,0.0,0.0,1.0
2023-12-26,105555.42739640457,-0.0004880096799504,0.007909294390022192,0,0.0,0.0,0.0,1.0
2023-12-27,105684.28125789418,0.0012207222751863,0.006698227166678783,0,0.0,0.0,0.0,1.0
2023-12-28,105671.3969526433,-0.0001219131653025,0.006819323729905458,0,0.0,0.0,0.0,1.0
2023-12-29,105722.93417364678,0.0004877121197381,0.006334937476998759,0,0.0,0.0,0.0,1.0
2024-01-02,105594.0911211381,-0.0012186859314466,0.007545903109265506,0,0.0,0.0,0.0,1.0
2024-01-03,105619.83811367802,0.0002438298608051,0.007303913164965148,0,0.0,0.0,0.0,1.0
2024-01-04,105555.42739640462,-0.0006098354099359,0.00790929439002186,0,0.0,0.0,0.0,1.0
2024-01-05,105529.64797692196,-0.0002442263758342,0.00815158910755176,0,0.0,0.0,0.0,1.0
2024-01-08,105619.83811367804,0.0008546426382072,0.007303913164964926,0,0.0,0.0,0.0,1.0
2024-01-09,105645.6283421416,0.0002441797764904,0.007061516856358585,0,0.0,0.0,0.0,1.0
2024-01-10,105645.6283421416,0.0,0.007061516856358585,0,0.0,0.0,0.0,1.0
2024-01-11,105890.47337783176,0.0023176068857029,0.00476027579074545,0,0.0,0.0,0.0,1.0
2024-01-12,106109.5606120011,0.0020689985338682,0.0027011262605091124,0,0.0,0.0,0.0,1.0
2024-01-16,105942.03221679707,-0.0015788247000345,0.004275686355685537,0,0.0,0.0,0.0,1.0
2024-01-17,105735.84009685952,-0.0019462730289674,0.006213637731618649,0,0.0,0.0,0.0,1.0
2024-01-18,105787.40974480574,0.0004877215511691,0.005728946705482296,0,0.0,0.0,0.0,1.0
2024-01-19,105710.09310431962,-0.0007308680746852,0.006455627675918896,0,0.0,0.0,0.0,1.0
2024-01-22,105761.61951634217,0.0004874313370597,0.005971343014088748,0,0.0,0.0,0.0,1.0
2024-01-23,105748.75682905313,-0.000121619613503,0.00609223639516232,0,0.0,0.0,0.0,1.0
2024-01-24,105697.1655631451,-0.0004878664057625,0.006577130603451553,0,0.0,0.0,0.0,1.0
2024-01-25,105890.4733778318,0.001828883619128,0.0047602757907450055,0,0.0,0.0,0.0,1.0
2024-01-26,105826.06266055837,-0.000608276790336,0.00536565701580205,0,0.0,0.0,0.0,1.0
2024-01-29,105929.18033848898,0.0009744072049753,0.0043964781456823365,0,0.0,0.0,0.0,1.0
2024-01-30,105864.70476733005,-0.0006086667616316,0.005002468917198577,0,0.0,0.0,0.0,1.0
2024-01-31,106058.00177303584,0.0018258871654213,0.0031857156955685806,0,0.0,0.0,0.0,1.0
2024-02-01,106215.704804588,0.0014869508091397,0.0017035018889600684,0,0.0,0.0,0.0,1.0
2024-02-02,105879.63196997391,-0.0031640597332794,0.0048621716405069515,0,0.0,0.0,0.0,1.0
2024-02-05,105672.85616506693,-0.0019529327884858,0.006805608934572938,0,0.0,0.0,0.0,1.0
2024-02-06,105840.87096441216,0.0015899522871112,0.005226477240952376,0,0.0,0.0,0.0,1.0
2024-02-07,105802.07753190766,-0.0003665260135429,0.005591087614627233,0,0.0,0.0,0.0,1.0
2024-02-08,105776.27649446319,-0.0002438613498558,0.0058335855143101245,0,0.0,0.0,0.0,1.0
2024-02-09,105737.4722529778,-0.0003668520274245,0.006198297479061421,0,0.0,0.0,0.0,1.0
2024-02-12,105611.77162944885,-0.00043912855686409997,0.007379728158358634,4,0.25000005897490957,0.2504030320574999,0.24945655112159784,0.2501403578459926
2024-02-13,104347.76612947871,-0.011968414888494231,0.01925981939848931,4,0.24954340292489455,0.2490936355107635,0.2489969710765552,0.2523659904877868
2024-02-14,104739.93858406442,0.003758321515949809,0.015573882476178191,4,0.25086837415456575,0.2494238720885053,0.247916789902497,0.25179096385443195
2024-02-15,105256.7634189235,0.004934362592205076,0.010716367067078902,4,0.2513589544683802,0.2494827601550036,0.24835824627917824,0.250800039097438
2024-02-16,105036.47574704823,-0.0020928600188712793,0.012786799229767998,4,0.25063176203570775,0.2485589399894972,0.2497906524988138,0.2510186454759813
2024-02-20,105089.69736506302,0.0005083477786855751,0.012286581724402668,4,0.24849731587434856,0.25008846899046794,0.2513882598547886,0.2500259552803949
2024-02-21,104905.42468323557,-0.0017534799932605975,0.014018517442423994,4,0.24915930543556605,0.2487468549605597,0.25184326413310915,0.25025057547076496
2024-02-22,105581.80520943998,0.0064475266960384815,0.007661375511834545,4,0.2526865758320405,0.24835981936278556,0.25033667876481336,0.24861692604036048
2024-02-23,106113.47343960842,0.0050356046585280055,0.0026643505115246935,4,0.2515939468044116,0.2504234586801543,0.25049009041820464,0.24749250409722937
2024-02-26,105857.96338685787,-0.002407894534674541,0.005065829571163971,4,0.25127751392081665,0.2502792179377643,0.2505355900335963,0.2479076781078227
2024-02-27,105692.14547322744,-0.0015643298423637752,0.00662431325119861,4,0.2508568599178916,0.24862583669225588,0.25012560818876944,0.2503916952010831
2024-02-28,105897.68448316147,0.0019446952184928089,0.004692500303011271,4,0.2500390674874105,0.24971872140803444,0.25009160618907544,0.2501506049154795
2024-02-29,106332.11821037777,0.004102391183873181,0.0006093595910116045,4,0.24991272565532943,0.2504536260305024,0.2503526003720849,0.24928104794208325
2024-03-01,107302.99839724496,0.009130639013005492,0.0,4,0.24997649713254552,0.2497339947711711,0.252778932931001,0.24751057516528238
2024-03-04,107579.14727525036,0.0025735429776442406,0.0,4,0.2490674368480141,0.24809096788435708,0.25620826836494304,0.2466333269026857
2024-03-05,107577.15641098667,0.0007354146675722,1.8506042426591485e-05,0,0.0,0.0,0.0,1.0
2024-03-06,107603.53760455345,0.0002452304415445,0.0,0,0.0,0.0,0.0,1.0
2024-03-07,107735.28974618574,0.0012244220270571,0.0,0,0.0,0.0,0.0,1.0
2024-03-08,107787.99719539015,0.0004892310525974,0.0,0,0.0,0.0,0.0,1.0
2024-03-11,107695.75641238598,-0.000855761173825,0.0008557611738250204,0,0.0,0.0,0.0,1.0
2024-03-12,107590.34151397717,-0.0009788212824762,0.0018337448190515193,0,0.0,0.0,0.0,1.0
2024-03-13,107537.62307718695,-0.0004899922804258,0.00232283857867166,0,0.0,0.0,0.0,1.0
2024-03-14,107445.42624452608,-0.0008573448996049,0.0031781920044685608,0,0.0,0.0,0.0,1.0
2024-03-15,107379.47875440208,-0.0006137766159903,0.003790017920525468,0,0.0,0.0,0.0,1.0
2024-03-18,107392.67484497839,0.0001228921087099,0.003667591575109763,0,0.0,0.0,0.0,1.0
2024-03-19,107763.41882519523,0.0044566845087248,0.00022802511257702385,1,0.6006573496017513,0.3993426503982487,0.0,0.0
2024-03-20,108348.21032846226,0.0054266235206923375,0.0,1,0.6029409913253783,0.3970590086746218,0.0,0.0
2024-03-21,108656.73608342276,0.002847539004337903,0.0,1,0.6032159776704342,0.3967840223295658,0.0,0.0
2024-03-22,108944.66593358874,0.0026499033612137524,0.0,1,0.6004811397226067,0.3995188602773933,0.0,0.0
2024-03-25,108546.25253001974,-0.0036570253362552614,0.0036570253362552263,1,0.6010200921753763,0.39897990782462367,0.0,0.0
2024-03-26,108464.17287661646,0.0002440719195868,0.004410432147868404,0,0.0,0.0,0.0,1.0
2024-03-27,108583.62664090254,0.0011013200130329,0.0033139694320259983,0,0.0,0.0,0.0,1.0
2024-03-28,108517.29417360955,-0.0006108883019017,0.003922833268768855,0,0.0,0.0,0.0,1.0
2024-04-01,108290.95606669624,-0.0020857330496208,0.006000384335392739,0,0.0,0.0,0.0,1.0
2024-04-02,108344.17694537502,0.0004914618968365,0.005511871398823476,0,0.0,0.0,0.0,1.0
2024-04-03,108297.75429106932,0.00057209817724744,0.00593798362660336,1,0.600315609175902,0.39968439082409807,0.0,0.0
2024-04-04,107814.66712703952,-0.004460731131427015,0.010372227009609158,1,0.5956451516441262,0.4043548483558738,0.0,0.0
2024-04-05,107878.75263444838,0.0005944043525483382,0.009783987953940976,1,0.601510230823131,0.3984897691768691,0.0,0.0
2024-04-08,107910.3390717181,0.00029279572203402425,0.00949405694172445,1,0.6016704974529341,0.39832950254706584,0.0,0.0
2024-04-09,108385.27931886783,0.004401248770371168,0.005134593877793914,1,0.5997269577181359,0.40027304228186417,0.0,0.0
2024-04-10,106789.24414966299,-0.014725302377295661,0.019784555447989183,1,0.6028694639182197,0.39713053608178034,0.0,0.0
2024-04-11,107082.38311022123,0.0027450232735744665,0.017093841239576912,1,0.6057564588613638,0.3942435411386362,0.0,0.0
2024-04-12,106412.6804278557,-0.006254088328200473,0.023241023174796926,1,0.6011548971492865,0.39884510285071345,0.0,0.0
2024-04-15,104953.16080491361,-0.013715655099314886,0.036637912416091045,1,0.601878726285831,0.39812127371416917,0.0,0.0
2024-04-16,104560.62286565827,-0.0037401249876121948,0.04024100703198197,1,0.6030363840368462,0.3969636159631538,0.0,0.0
2024-04-17,104653.18211449946,0.0008882599826989204,0.03939140831094301,1,0.5959197254726445,0.4040802745273554,0.0,0.0
2024-04-18,104311.72251403714,-0.003262773224503899,0.04252565630313443,1,0.5966402370229048,0.40335976297709525,0.0,0.0
2024-04-19,103920.05950240427,-0.003754736305693397,0.04612071998318301,1,0.5936616041261256,0.40633839587387444,0.0,0.0
2024-04-22,104417.14902921784,0.004783383777816896,0.04155794930915502,1,0.596276419094747,0.4037235809052531,0.0,0.0
2024-04-23,105170.19253083834,0.007211875717941668,0.0346457843567235,1,0.5990320708570125,0.4009679291429875,0.0,0.0
2024-04-24,104842.45102573163,-0.0031153316073719603,0.037654114340556766,1,0.601589396193662,0.3984106038063379,0.0,0.0
2024-04-25,104309.9031422927,-0.005079506232720867,0.04254235626479719,1,0.6023637295368988,0.3976362704631012,0.0,0.0
2024-04-26,105122.51655961949,0.0077903764920411005,0.03508340074491745,1,0.6033699791838255,0.3966300208161745,0.0,0.0
2024-04-29,105696.80332759237,0.005463023401339311,0.029812038782846217,1,0.6022168454034862,0.39778315459651387,0.0,0.0
2024-04-30,104329.36340750211,-0.012937381993020736,0.04236373104214264,1,0.600445217108532,0.39955478289146795,0.0,0.0
2024-05-01,104433.66433624596,0.0010001731153197605,0.0414063557741563,1,0.5974541522070351,0.402545847792965,0.0,0.0
2024-05-02,105197.64853330098,0.007315497372525513,0.03439376648850245,1,0.5986628559249156,0.4013371440750843,0.0,0.0
2024-05-03,106405.51326405584,0.011481860551022823,0.023306810368125097,1,0.5992035471474804,0.40079645285251975,0.0,0.0
2024-05-06,107230.07862388501,0.007749272895126406,0.01573814830685627,1,0.6007361314467823,0.39926386855321766,0.0,0.0
2024-05-07,107562.23850761166,0.0030976372300510822,0.012689262150932579,1,0.59954187099117,0.40045812900883,0.0,0.0
2024-05-08,107418.6248724827,-0.0011349371577096252,0.014007487636304217,3,0.8009863515486398,0.1990136484513602,0.0,0.0
2024-05-09,108018.66616316374,0.005586007932919858,0.008499725640440992,3,0.8011263799609089,0.19887362003909118,0.0,0.0
2024-05-10,108009.26479838345,-8.70346312746417e-05,0.008586020501228586,3,0.8022282841314712,0.19777171586852874,0.0,0.0
2024-05-13,108075.4192151631,0.0006124883536902895,0.007978790985099904,3,0.8018448604596043,0.1981551395403957,0.0,0.0
2024-05-14,108593.90117192405,0.004797408703349294,0.0032196598030647117,3,0.8016777820757154,0.19832221792428473,0.0,0.0
2024-05-15,109971.3570938431,0.01288874568529414,0.0,1,0.5997004895388576,0.4002995104611424,0.0,0.0
2024-05-16,109792.6545505459,-0.0016249917071104777,0.0016249917071105013,1,0.599440679233681,0.4005593207663189,0.0,0.0
2024-05-17,109590.91512345981,-0.0018374583246205472,0.0034594641771914514,1,0.6014074623698668,0.39859253763013325,0.0,0.0
2024-05-20,109537.78596087555,-0.0004847953183382417,0.003942582363492653,1,0.6023922819732215,0.3976077180267784,0.0,0.0
2024-05-21,109924.26693138918,0.0035282890476869225,0.00042820388597852865,1,0.6017466355549543,0.3982533644450457,0.0,0.0
2024-05-22,109733.41366379621,-0.0007369620278916,0.002163685493522083,0,0.0,0.0,0.0,1.0
2024-05-23,109679.50567798631,-0.0004912631805575,0.0026538857350622003,0,0.0,0.0,0.0,1.0
2024-05-24,109719.94225250596,0.0003686794015864,0.002286184766480459,0,0.0,0.0,0.0,1.0
2024-05-28,109625.53067022967,-0.000860477870641,0.003144695425721822,0,0.0,0.0,0.0,1.0
2024-05-29,109585.0717550611,-0.0003690647144073,0.0035125995440099533,0,0.0,0.0,0.0,1.0
2024-05-30,109463.00219612455,-0.00011403911103497941,0.004622611843234203,1,0.5960877947746122,0.40391220522538784,0.0,0.0
2024-05-31,110357.50634961748,0.008171748769417609,0.0,1,0.5966414493357914,0.4033585506642085,0.0,0.0
2024-06-03,111131.16836548495,0.007010506502534294,0.0,1,0.5929708296465876,0.40702917035341235,0.0,0.0
2024-06-04,111733.2279134217,0.005417557979384562,0.0,1,0.5904349899047997,0.4095650100952002,0.0,0.0
2024-06-05,112853.08103543862,0.010022561264270233,0.0,1,0.5915237627728801,0.40847623722711995,0.0,0.0
2024-06-06,112794.03134223213,-0.00031483335970686915,0.0005232439616597029,3,0.8002370291150344,0.1997629708849656,0.0,0.0
2024-06-07,112270.93202427644,-0.004637650695971168,0.005158468034907937,3,0.802988125869802,0.1970118741301981,0.0,0.0
2024-06-10,112402.02624521435,0.0011676595052187864,0.003996831863922523,3,0.8045297586491774,0.19547024135082267,0.0,0.0
2024-06-11,112847.0498516212,0.003959213381402825,5.344279271857211e-05,3,0.8032870483199621,0.19671295168003797,0.0,0.0
2024-06-12,113758.34713501715,0.008075508261794847,0.0,3,0.8033966022740866,0.19660339772591343,0.0,0.0
2024-06-13,114541.34294261699,0.00708781278420856,0.0,1,0.5969767766705782,0.4030232233294217,0.0,0.0
2024-06-14,114971.39590317436,0.0037545653779598232,0.0,1,0.5951055371579091,0.40489446284209085,0.0,0.0
2024-06-17,115053.74012195267,0.0007162148300578835,0.0,1,0.5994127095842109,0.40058729041578905,0.0,0.0
2024-06-18,115651.827752271,0.005198332793739441,0.0,1,0.5978279409433549,0.402172059056645,0.0,0.0
2024-06-20,115154.22830236772,-0.004302564512591569,0.004302564512591589,1,0.5987801968399776,0.4012198031600225,0.0,0.0
2024-06-21,115007.58052008032,-0.00107248621147264,0.005570575447978898,3,0.7997852724653854,0.20021472753461464,0.0,0.0
2024-06-24,114801.69533981613,-0.0017901879105111803,0.007350790981668465,3,0.7986150498683875,0.20138495013161248,0.0,0.0
2024-06-25,115193.97487347007,0.0034170186467436937,0.003958890124777459,3,0.7989604412780552,0.20103955872194476,0.0,0.0
2024-06-26,114978.00374432468,-0.0018748474421740181,0.005826315251927228,3,0.8014601927258969,0.19853980727410317,0.0,0.0
2024-06-27,115213.94540081434,0.0020520590791810018,0.003786212115857057,3,0.8010798009087297,0.19892019909127037,0.0,0.0
2024-06-28,114422.39609396955,-0.006869183678684301,0.010630455931357363,3,0.8023635303132054,0.1976364696867946,0.0,0.0
2024-07-01,114221.04801602713,-0.001759691151521297,0.012371440763639607,3,0.8054321252845908,0.19456787471540907,0.0,0.0
2024-07-02,115013.18546993837,0.006935126823561268,0.0055221114507642,3,0.8052677773307265,0.19473222266927345,0.0,0.0
2024-07-03,115720.6463447505,0.006151128428636067,0.0,3,0.8039164911768844,0.19608350882311576,0.0,0.0
2024-07-05,116444.95657908723,0.00625912710666082,0.0,3,0.8035229104861698,0.19647708951383025,0.0,0.0
2024-07-08,116602.34403148598,0.00135513154113488,0.0,3,0.7998391198264558,0.20016088017354414,0.0,0.0
2024-07-09,116589.8757422795,-0.00010693000479561752,0.00010693000479566894,3,0.8007025003368039,0.19929749966319607,0.0,0.0
2024-07-10,117586.61784771396,0.008549130866540643,0.0,3,0.8017713200479702,0.19822867995202975,0.0,0.0
2024-07-11,117000.16287408222,-0.004987429559299583,0.004987429559299539,3,0.7988422529558388,0.20115774704416123,0.0,0.0
2024-07-12,117690.32541693069,0.005898816940889622,0.0,3,0.7991667331650465,0.20083326683495342,0.0,0.0
2024-07-15,117678.54992757391,-9.922167859464001e-05,0.00010005486275155295,3,0.8022797446165553,0.19772025538344476,0.0,0.0
2024-07-16,118566.66334464887,0.007546943921569011,0.0,3,0.8009923115950636,0.1990076884049363,0.0,0.0
2024-07-17,117240.08023089825,-0.011188500007751078,0.011188500007751068,3,0.7986978161136721,0.20130218388632795,0.0,0.0
2024-07-18,116340.04261868166,-0.007676876461053463,0.018779483736460434,3,0.7986912052983866,0.20130879470161347,0.0,0.0
2024-07-19,115585.19562174901,-0.006488281935797116,0.02514591908716657,3,0.7985688130087442,0.20143118699125584,0.0,0.0
2024-07-22,116471.18488082195,0.00766669076077954,0.017673420206958168,3,0.8020983524732469,0.19790164752675304,0.0,0.0
2024-07-23,116292.312241912,-0.0015357673152632118,0.019182045261118552,3,0.8020720513984095,0.19792794860159055,0.0,0.0
2024-07-24,113929.69627144455,-0.020316183631749536,0.03910852293891076,3,0.8001511725196915,0.1998488274803085,0.0,0.0
2024-07-25,113641.30633035544,-0.00253129737484776,0.04154082501230916,3,0.7980021182864545,0.2019978817135454,0.0,0.0
2024-07-26,114836.07326021224,0.010513491690984372,0.031464072439928326,3,0.7985439008541861,0.20145609914581383,0.0,0.0
2024-07-29,115013.41362171722,0.00154574976000738,0.02996837072662728,3,0.7992350079270328,0.20076499207296708,0.0,0.0
2024-07-30,114636.59529484785,-0.0032762989550830764,0.033146484340013216,3,0.7977993773265075,0.20220062267349245,0.0,0.0
2024-07-31,116360.30599828885,0.01503630406160948,0.018608580895513538,3,0.7987570390074081,0.20124296099259192,0.0,0.0
2024-08-01,115246.09323427698,-0.009575539995814834,0.028005933680698036,3,0.7950589729176878,0.20494102708231227,0.0,0.0
2024-08-02,114276.13194983892,-0.008416435275305022,0.03618665882785499,3,0.7868789857083347,0.2131210142916653,0.0,0.0
2024-08-05,111733.07526248501,-0.02224078268553772,0.05763498684533297,3,0.7943683732093464,0.2056316267906536,0.0,0.0
2024-08-06,112037.44047046984,0.0027240385827544873,0.05506794819046168,3,0.7995141826207712,0.20048581737922883,0.0,0.0
2024-08-07,111280.59506288178,-0.006755290056697905,0.061451238284305876,3,0.7995716279621319,0.2004283720378681,0.0,0.0
2024-08-08,113200.2924651966,0.017250962768756314,0.045260368539286056,3,0.8041826399769579,0.19581736002304218,0.0,0.0
2024-08-09,113820.3200849105,0.005477261641391429,0.04003100977837015,3,0.8033287962212282,0.19667120377877165,0.0,0.0
2024-08-12,113950.5525990822,0.00114752650059178,0.038932619130459756,3,0.7995028733216257,0.20049712667837433,0.0,0.0
2024-08-13,115607.2586875124,0.014538815746326879,0.0249598375601926,3,0.8010055152483523,0.19899448475164772,0.0,0.0
2024-08-14,116043.64702951183,0.003774748635628446,0.021279306037339962,3,0.8005107843908161,0.1994892156091838,0.0,0.0
2024-08-15,117449.05777789034,0.012111052904267046,0.009425967934257207,3,0.8044885582859159,0.19551144171408422,0.0,0.0
2024-08-16,117741.30323387172,0.0024882741633742316,0.006961148163358577,3,0.8042909200055944,0.1957090799944055,0.0,0.0
2024-08-19,118610.0187447827,0.007584011620485359,0.0,1,0.6011774536391246,0.39882254636087533,0.0,0.0
2024-08-20,118871.00869797541,0.0022004039452544156,0.0,1,0.5988821201142831,0.40111787988571695,0.0,0.0
2024-08-21,119144.66440212958,0.0023021231766397333,0.0,1,0.599560027208744,0.40043997279125604,0.0,0.0
2024-08-22,118110.42029269994,-0.008680574280178505,0.008680574280178655,1,0.6000631991629277,0.39993680083707234,0.0,0.0
2024-08-23,119172.74411691901,0.008994327694257835,0.0,1,0.6010331457591837,0.3989668542408164,0.0,0.0
2024-08-26,118990.09675557198,-0.00133186156941118,0.0015326269668494152,2,0.3995787047359293,0.399515849406141,0.2009054458579298,0.0
2024-08-27,119037.73310345376,0.00040033876079311034,0.0011329017760368654,2,0.39996727665433385,0.3986641080711829,0.20136861527448327,0.0
2024-08-28,118534.76875621118,-0.004225251389872106,0.005353366371105173,2,0.3993325843653613,0.3998653506887306,0.20080206494590816,0.0
2024-08-29,118507.23482276553,-0.00023228571443269865,0.00558440857500575,2,0.399461080633533,0.3986502094089558,0.20188870995751113,0.0
2024-08-30,118284.883171337,-0.0018762706914988627,0.007450201404365919,2,0.4040324397402095,0.395140705426979,0.20082685483281157,0.0
2024-09-03,116678.21640326017,-0.013192283208933401,0.02093203217013695,3,0.7940115127786757,0.20598848722132437,0.0,0.0
2024-09-04,116798.40523391037,0.0010300880006153083,0.019923506004688507,3,0.7915710072174338,0.2084289927825663,0.0,0.0
2024-09-05,116711.22559531264,-0.0007464112067551616,0.020655046083283946,3,0.7902356040760742,0.20976439592392584,0.0,0.0
2024-09-06,115156.52977325424,-0.013320876497768964,0.03370077926312176,3,0.7874249668999157,0.21257503310008433,0.0,0.0
2024-09-09,116277.51201252993,0.00973442184722779,0.02429441501782159,3,0.7885650437253613,0.2114349562746387,0.0,0.0
2024-09-10,116714.80436174886,0.004301646345166,0.02062501600834754,4,0.25001345221272303,0.2506718700108126,0.25002550308968746,0.24928917468677686
2024-09-11,116919.9909071913,0.0017580164449960628,0.018903258680672552,4,0.2521350734702168,0.25003313358203827,0.2491897438705928,0.2486420490771522
2024-09-12,117547.06496076287,0.005363274908816459,0.013641367144833105,4,0.2529024527395255,0.2475375277695085,0.2522146345807287,0.24734538491023736
2024-09-13,118117.60962041632,0.0048537550456397216,0.008853823953801965,4,0.25299535834619374,0.2470060458984216,0.2534921882055538,0.24650640754983089
2024-09-16,118444.0634799836,0.0027638034719493967,0.0061144907112360425,4,0.2526706538317241,0.2485821804626842,0.2527723456111333,0.24597482009445834
2024-09-17,117937.60137668187,-0.0039259220357614,0.010364305608548952,5,0.2008703257519911,0.5994519372914229,0.19967773695658597,0.0
2024-09-18,116809.40264292037,-0.009566064771473067,0.019831224761259203,5,0.20220892310942612,0.5977392393817363,0.20005183750883762,0.0
2024-09-19,117344.25133479795,0.004578815401638308,0.01534321287699092,5,0.20472210841764285,0.5930430928342374,0.20223479874811987,0.0
2024-09-20,117337.93867617338,-5.379606203774649e-05,0.01539618353459693,5,0.20437921998655903,0.5908044251714084,0.20481635484203262,0.0
2024-09-23,117297.28654141176,-0.00034645345930107594,0.01573730293285236,5,0.2049609311937371,0.5897541652364582,0.20528490356980472,0.0
2024-09-24,117491.07349045199,0.0022484778701022602,0.014111201675587437,3,0.8004891329473234,0.19951086705267657,0.0,0.0
2024-09-25,117088.80597187628,-0.003423813457695561,0.01748670101108185,3,0.8014677580922291,0.19853224190777086,0.0,0.0
2024-09-26,117515.51290239765,0.003644301664702659,0.01390612615998399,3,0.8017236073768782,0.19827639262312172,0.0,0.0
2024-09-27,117500.05561645814,-0.00013153400396033254,0.014035831035490998,3,0.8006661902725702,0.1993338097274297,0.0,0.0
2024-09-30,117765.38699398066,0.0022581383143222963,0.011809387569003293,3,0.8020636220020148,0.19793637799798525,0.0,0.0
2024-10-01,117091.19117101083,-0.005722854632552599,0.01746668637474691,3,0.7973965013924601,0.2026034986075399,0.0,0.0
2024-10-02,116930.66579843302,-0.001370943202237635,0.018813683742033405,3,0.7988281221351248,0.20117187786487525,0.0,0.0
2024-10-03,116538.32462363606,-0.003355331743969397,0.022105889335722217,3,0.8000523379335593,0.19994766206644057,0.0,0.0
2024-10-04,117098.9458281553,0.004810616647611662,0.017401615647359314,3,0.8034573638231899,0.1965426361768101,0.0,0.0
2024-10-07,116074.97196456963,-0.008744518205043034,0.0259939651075769,3,0.803217645472975,0.19678235452702492,0.0,0.0
2024-10-08,116991.98133304181,0.00790339030779658,0.018299174027055054,3,0.8012334923240895,0.19876650767591064,0.0,0.0
2024-10-09,117509.05900868903,0.0044197702248948,0.01396028194666521,3,0.8032331172367985,0.19676688276320153,0.0,0.0
2024-10-10,117253.30984679837,-0.0021764208142603936,0.016106319312723993,3,0.8035764368286645,0.19642356317133552,0.0,0.0
2024-10-11,117724.51077710444,0.00401865781803291,0.012152387280716881,3,0.8051528067152544,0.19484719328474567,0.0,0.0
2024-10-14,118516.85036979304,0.006730455598909067,0.005503722784821363,3,0.8063108727687184,0.19368912723128165,0.0,0.0
2024-10-15,118516.22660033972,0.00020108923082240047,0.005508956946860155,1,0.5952184191684518,0.40478158083154825,0.0,0.0
2024-10-16,119025.0047139072,0.004292898349549726,0.0012397079894952423,1,0.5952500728414395,0.40474992715856034,0.0,0.0
2024-10-17,118267.86064717446,-0.006361218540193664,0.007593040476241653,1,0.5991122874883863,0.4008877125116137,0.0,0.0
2024-10-18,118575.80127432413,0.0026037557918490765,0.005009055107510374,1,0.5998549900582215,0.40014500994177843,0.0,0.0
2024-10-21,117630.03496345802,-0.007976048238359167,0.012945150880703582,1,0.6036848800211779,0.3963151199788221,0.0,0.0
2024-10-22,117892.58363980238,0.00263673601416194,0.010742057561926033,5,0.19936808306125345,0.5990060863021048,0.2016258306366418,0.0
2024-10-23,117200.12870095343,-0.005873608987691896,0.016552571903775903,5,0.19871352823745103,0.6009134315689163,0.2003730401936326,0.0
2024-10-24,117882.46645372243,0.0058219880842457035,0.010826952695917713,5,0.19799060741527785,0.6012635704115842,0.2007458221731378,0.0
2024-10-25,117525.31974712899,-0.0030296847134060677,0.013823835156248077,5,0.19852372738729435,0.59970622087752,0.2017700517351856,0.0
2024-10-28,117407.13458094008,-0.0010056145045441356,0.014815548211650764,5,0.1993378638358898,0.5986810086264611,0.20198112753764896,0.0
2024-10-29,117808.07765471123,0.0034169683852030602,0.011451162531500692,5,0.19964150720706464,0.5988680077236929,0.20149048506924258,0.0
2024-10-30,118074.61451870983,0.0022624667960358482,0.00921460361046833,5,0.19858827188989794,0.5992691991083388,0.20214252900176324,0.0
2024-10-31,117360.09068090587,-0.006051460262787759,0.01521030206567009,5,0.19588065060336307,0.60389741756803,0.20022193182860692,0.0
2024-11-01,116361.53760386919,-0.008508455227353837,0.02358934111890365,5,0.19839542084005274,0.6004928830929075,0.20111169606703977,0.0
2024-11-04,117429.7383670814,0.009180015881611174,0.014625875763400797,5,0.19616725822331155,0.604266300744298,0.19956644103239038,0.0
2024-11-05,118483.34384945879,0.009379840928456739,0.005784882043027073,1,0.6016121284566986,0.39838787154330135,0.0,0.0
2024-11-06,118962.98583793975,0.004048180722265561,0.0017601195687285687,1,0.614085511780846,0.385914488219154,0.0,0.0
2024-11-07,120102.99060250874,0.00958285265403476,0.0,1,0.6129598205927614,0.38704017940723845,0.0,0.0
2024-11-08,121012.28235758717,0.0075709335006304635,0.0,1,0.6109892908747209,0.3890107091252791,0.0,0.0
2024-11-11,120853.71069810698,-0.0013103765699718326,0.001310376569971794,1,0.6123738706019597,0.38762612939804025,0.0,0.0
2024-11-12,120168.43279138047,-0.00548371195081048,0.006973255522221722,3,0.8019124711339392,0.1980875288660608,0.0,0.0
2024-11-13,119989.44210016308,-0.0014894984236677599,0.008452367292781315,3,0.8034988253047849,0.19650117469521505,0.0,0.0
2024-11-14,119506.03608441321,-0.004028737923011167,0.012447052843140849,3,0.8015615270969411,0.19843847290305897,0.0,0.0
2024-11-15,118216.06451313029,-0.010794195954853156,0.023106892870544793,3,0.7999292070862578,0.20007079291374222,0.0,0.0
2024-11-18,118645.54368711455,0.0036330017900110057,0.019557838463694077,3,0.8002993557800651,0.1997006442199349,0.0,0.0
2024-11-19,119113.42189518879,0.003943796377301641,0.015691468877409576,3,0.7997701639625202,0.2002298360374799,0.0,0.0
2024-11-20,119069.45263072103,-0.00036913778286415416,0.016054814346242563,3,0.8003366671737256,0.19966333282627435,0.0,0.0
2024-11-21,119562.6051056149,0.004141721188752882,0.011979587722248941,3,0.8013141675400033,0.19868583245999674,0.0,0.0
2024-11-22,119872.71085508818,0.002593668389872861,0.009416990410375026,3,0.8017184485043287,0.1982815514956712,0.0,0.0
2024-11-25,120814.02905786772,0.007852647996903106,0.0016382907243548406,3,0.7981702119988453,0.2018297880011547,0.0,0.0
2024-11-26,120980.91232984513,0.0015798069027704198,0.0002592301139263675,1,0.6021814979223098,0.3978185020776902,0.0,0.0
2024-11-27,121093.638858416,0.0009317711893553349,0.0,1,0.599798022683312,0.40020197731668805,0.0,0.0
2024-11-29,122045.03119171827,0.007856666479522004,0.0,1,0.5988192745123734,0.4011807254876267,0.0,0.0
2024-12-02,122293.66536972545,0.0020372331063327853,0.0,1,0.598672980179037,0.401327019820963,0.0,0.0
2024-12-03,121904.10477913928,-0.003185451915341912,0.003185451915341919,1,0.6008646955868915,0.3991353044131085,0.0,0.0
2024-12-04,122747.21629102233,0.0071167389008856404,0.0,3,0.7992792636403319,0.20072073635966814,0.0,0.0
2024-12-05,122635.53886287546,-0.0009098163813514797,0.0009098163813514581,3,0.7986906837940574,0.20130931620594256,0.0,0.0
2024-12-06,122857.87909919779,0.0018130163440709297,0.0,3,0.7987565166276005,0.2012434833723994,0.0,0.0
2024-12-09,122124.63071445133,-0.005968265040245624,0.005968265040245613,3,0.7994142157635953,0.20058578423640472,0.0,0.0
2024-12-10,121705.85271011635,-0.003429103546803351,0.009376902788231223,3,0.7996709985290726,0.20032900147092741,0.0,0.0
2024-12-11,122228.37203433608,0.0042936270188403,0.0051238640083753895,3,0.802737852673514,0.19726214732648578,0.0,0.0
2024-12-12,121429.9240898009,-0.006532427220014729,0.011622819959670072,3,0.8038527429050342,0.1961472570949658,0.0,0.0
2024-12-13,121167.35309135196,-0.0021623253116320484,0.013760012953510814,3,0.8054348610261132,0.1945651389738869,0.0,0.0
2024-12-16,121654.67745973748,0.004021911479886036,0.009793443027685922,3,0.8056338419479553,0.19436615805204474,0.0,0.0
2024-12-17,121308.39925103201,-0.002846402751921056,0.012611969696422198,3,0.8046047842952772,0.19539521570472285,0.0,0.0
2024-12-18,118508.15300781028,-0.02288377361453544,0.035404535087859124,1,0.5957509532527773,0.4042490467472227,0.0,0.0
2024-12-19,117761.09971534683,-0.006303813480362151,0.04148516498266841,1,0.5993461966386264,0.4006538033613736,0.0,0.0
2024-12-20,118877.48793514895,0.009480110346291473,0.03239833857814678,1,0.6008488379725989,0.39915116202740114,0.0,0.0
2024-12-23,118869.97383868469,-6.320874199805799e-05,0.032459499461920505,1,0.6044849915491616,0.39551500845083853,0.0,0.0
2024-12-24,119867.46624978799,0.008391458152897309,0.02434042384042201,1,0.6061176907363166,0.3938823092636835,0.0,0.0
2024-12-26,119844.24496069472,-0.00018760815827943003,0.024529433200371376,1,0.6001525485911934,0.3998474514088067,0.0,0.0
2024-12-27,118694.25224931973,-0.009595727452345725,0.03388978289716582,1,0.5995884798900096,0.4004115201099904,0.0,0.0
2024-12-30,118264.06271891933,-0.0036243501454205533,0.03739130460301465,1,0.5949024214020558,0.40509757859794415,0.0,0.0
2024-12-31,117751.65153370381,-0.004332771709639094,0.04156206832588338,1,0.5953174604119228,0.40468253958807726,0.0,0.0
2025-01-02,117710.38250632344,-0.0003504751469966581,0.041897977000874054,1,0.5940628957201217,0.4059371042798782,0.0,0.0
2025-01-03,118442.18582857646,0.006222955991134439,0.03594147402671677,1,0.6037450285017809,0.39625497149821926,0.0,0.0
2025-01-06,118644.4328295983,0.0017075588364652153,0.034295287371821526,1,0.6061878699464551,0.39381213005354493,0.0,0.0
2025-01-07,117304.51267256004,-0.011293578005153453,0.0452015488738321,1,0.60618145223924,0.3938185477607601,0.0,0.0
2025-01-08,117467.56112147743,0.0013899588788412682,0.04387441828918537,1,0.6062244632465341,0.39377553675346577,0.0,0.0
2025-01-10,116073.86304771082,-0.011864535710631788,0.055218404397241905,1,0.6041367772710057,0.3958632227289944,0.0,0.0
2025-01-13,116165.06941045757,0.00078990145883066,0.054476031474841924,1,0.6004560497338102,0.3995439502661899,0.0,0.0
2025-01-14,116184.97546525374,0.00017136007318904896,0.05431400641839357,1,0.6011791650919134,0.3988208349080866,0.0,0.0
2025-01-15,118254.15457572923,0.017809351873507104,0.03747195179685159,1,0.6014040157113726,0.39859598428862736,0.0,0.0
2025-01-16,118269.4937122694,0.00012971329925101445,0.037347099108097415,1,0.6001695416747634,0.39983045832523656,0.0,0.0
2025-01-17,119063.63047007882,0.006714637332780161,0.030883234001259474,1,0.6021518900824671,0.3978481099175329,0.0,0.0
2025-01-21,120143.35724709388,0.009070656661538161,0.022094812900946725,1,0.6000493716694699,0.39995062833053013,0.0,0.0
2025-01-22,120297.34569343145,0.0012817058709359312,0.02084142608142303,1,0.6026500899365816,0.3973499100634184,0.0,0.0
2025-01-23,120321.60007098147,0.0002016202220440658,0.02064400791233323,1,0.6058171827190842,0.39418281728091586,0.0,0.0
2025-01-24,120321.82601147753,1.8778049489304845e-06,0.020642168872804678,1,0.604047507382088,0.39595249261791193,0.0,0.0
2025-01-27,119856.36147993403,-0.003868496240234077,0.024430810960364036,1,0.5978156870802566,0.4021843129197435,0.0,0.0
2025-01-28,120441.41341254041,0.004883470578359139,0.01966878888334278,1,0.6022145548092626,0.3977854451907374,0.0,0.0
2025-01-29,120018.4727822054,-0.003511588068850888,0.02311130826782215,1,0.6016275768015095,0.39837242319849053,0.0,0.0
2025-01-30,120585.30077279608,0.004722839555034832,0.018497619713643165,1,0.6020133490426552,0.39798665095734476,0.0,0.0
2025-01-31,119883.85844029147,-0.0058169804114537715,0.024206999833564113,1,0.6023131312147252,0.3976868687852748,0.0,0.0
2025-02-03,119786.11207389273,-0.000815342179259464,0.025002605024825986,1,0.5987479555827022,0.4012520444172977,0.0,0.0
2025-02-04,120414.84747116636,0.0052500757501169,0.019885021994062613,1,0.6008704687063401,0.3991295312936599,0.0,0.0
2025-02-05,121501.70948772422,0.009025980096167998,0.011038523710624748,1,0.5979099284277964,0.40209007157220356,0.0,0.0
2025-02-06,121732.46272133563,0.001899176847669952,0.009160310971618513,1,0.5988507182086658,0.40114928179133413,0.0,0.0
2025-02-07,120749.94321995712,-0.00807113796446925,0.017157514802438434,1,0.5981972630058726,0.4018027369941275,0.0,0.0
2025-02-10,121093.75649177287,0.0028473162193498967,0.014359051453269212,1,0.6005497996004014,0.3994502003995985,0.0,0.0
2025-02-11,120838.71058905455,-0.00210563676438864,0.016434994034960737,1,0.6017232737340379,0.3982767262659621,0.0,0.0
2025-02-12,119951.39517812926,-0.007342973179702748,0.023657285494256164,1,0.6042216142981822,0.39577838570181784,0.0,0.0
2025-02-13,121505.71654783962,0.012957926561856077,0.011005908300487643,1,0.602789779139618,0.397210220860382,0.0,0.0
2025-02-14,121757.9127323058,0.002075591104941065,0.008953160960916917,1,0.6015116435460867,0.3984883564539134,0.0,0.0
2025-02-18,121401.47915283863,-0.0029273956120686156,0.011854347128874343,1,0.6050488374889705,0.3949511625110295,0.0,0.0
2025-02-19,121636.77612522503,0.00213353930221368,0.009939150691237408,3,0.8001766455297309,0.1998233544702691,0.0,0.0
2025-02-20,121322.78792588002,-0.0025813591032844098,0.01249485327740607,3,0.7989099880085182,0.2010900119914818,0.0,0.0
2025-02-21,119959.81460344463,-0.011234273014465274,0.023588755698877195,3,0.7941674013317075,0.20583259866829245,0.0,0.0
2025-02-24,119597.93092545775,-0.0030167075464659805,0.026534302868014614,3,0.7929456201411704,0.20705437985882952,0.0,0.0
2025-02-25,119553.38258922209,-0.0003724841716821293,0.026896903431871788,3,0.7892960747876656,0.2107039252123344,0.0,0.0
2025-02-26,119741.63331087092,0.0015853373342620402,0.025364639298475544,3,0.7991370198723694,0.20086298012763068,0.0,0.0
2025-02-27,118044.2072888059,-0.014175738004660328,0.03918081482185798,3,0.7976889294506033,0.2023110705493967,0.0,0.0
2025-02-28,119806.61785369473,0.014930089373864235,0.024835698515024984,3,0.7982199321814092,0.20178006781859079,0.0,0.0
2025-03-03,118243.9631177986,-0.013043142055845437,0.0375549050270827,3,0.7945992071328883,0.2054007928671116,0.0,0.0
2025-03-04,116832.71483071805,-0.011935055709141117,0.04904174085257418,3,0.7946781694345173,0.20532183056548264,0.0,0.0
2025-03-05,117650.07744916041,0.007001367183308639,0.04238882917580322,3,0.802976339496608,0.19702366050339212,0.0,0.0
2025-03-06,115896.44378528143,-0.014905503692819582,0.05666250601880862,3,0.8006566863506343,0.1993433136493657,0.0,0.0
2025-03-07,116342.43888085117,0.0038482207132778156,0.05303233513485872,3,0.8020578672558373,0.1979421327441628,0.0,0.0
2025-03-10,114097.21925878168,-0.019298371631772938,0.07130726905469842,3,0.7960572543216125,0.2039427456783875,0.0,0.0
2025-03-11,113176.05770957458,-0.008073479399334258,0.07880505068629684,3,0.7958651183661001,0.20413488163389998,0.0,0.0
2025-03-12,113520.83433202519,0.0030505216968273806,0.0759987461580196,3,0.8017992842505459,0.19820071574945405,0.0,0.0
2025-03-13,112505.27902306354,-0.008945981721657848,0.08426484448567895,3,0.7982520087570051,0.20174799124299492,0.0,0.0
2025-03-14,114240.15001000314,0.01542035184485825,0.07014388619094203,3,0.8023678330278925,0.1976321669721075,0.0,0.0
2025-03-17,115059.65908868363,0.00717356444830251,0.06347350343088476,3,0.8027961630989376,0.19720383690106227,0.0,0.0
2025-03-18,114083.82851854876,-0.008481083447177034,0.07141626279877977,3,0.8009118375370485,0.1990881624629515,0.0,0.0
2025-03-19,115195.92036642156,0.009748944284001321,0.062364406653885096,3,0.8009047014844504,0.1990952985155497,0.0,0.0
2025-03-20,114944.22604365078,-0.0021849239276024576,0.06441306909715883,3,0.800337402548972,0.19966259745102805,0.0,0.0
2025-03-21,114838.73753089225,-0.0009177365091698042,0.06527169138115052,3,0.8013368434964749,0.1986631565035251,0.0,0.0
2025-03-24,116252.82153405716,0.012313649849942961,0.05376177428398854,3,0.8057655714920837,0.19423442850791636,0.0,0.0
2025-03-25,116475.50107713003,0.0019154764601358152,0.051949277236948754,3,0.8061584844776204,0.19384151552237966,0.0,0.0
2025-03-26,115209.23728783631,-0.010865411686759701,0.0622560137570487,3,0.7991321460532764,0.20086785394672357,0.0,0.0
2025-03-27,114897.24994508972,-0.002708006320423156,0.06479543039873337,3,0.7991739430074285,0.20082605699257147,0.0,0.0
2025-03-28,113367.32443793373,-0.013315597265270953,0.0772482378081849,3,0.7936479891513157,0.20635201084868432,0.0,0.0
2025-03-31,114202.27803956595,0.007365028730913878,0.07045214456814075,3,0.7931341341833495,0.20686586581665045,0.0,0.0
2025-04-01,114662.82187827358,0.004032702732497712,0.06670355439155318,3,0.7921796710091292,0.20782032899087077,0.0,0.0
2025-04-02,115227.38676900954,0.0049315550114111,0.062108286307199334,3,0.8011119111740121,0.198888088825988,0.0,0.0
2025-04-03,110783.55480084082,-0.038565761949258114,0.09827879487165758,3,0.7921837269682159,0.2078162730317841,0.0,0.0
2025-04-04,105896.42503280712,-0.04411421692343639,0.1380575197191518,3,0.7802260268208204,0.21977397317917957,0.0,0.0
2025-04-07,105047.42206277611,-0.008017295860252054,0.14496796759808284,3,0.78513087605245,0.21486912394755003,0.0,0.0
2025-04-08,103329.50989219788,-0.016353682335503734,0.15895088984266392,3,0.785682363828895,0.214317636171105,0.0,0.0
2025-04-09,110063.29760995756,0.06536591854096493,0.10414131826994699,1,0.6223323040985677,0.37766769590143234,0.0,0.0
2025-04-10,105915.91570878547,-0.03768178849110618,0.1378988756328201,1,0.6183633218276795,0.3816366781723206,0.0,0.0
2025-04-11,107304.37365060355,0.013109058563357364,0.1265975415059546,1,0.6212526751832028,0.37874732481679724,0.0,0.0
2025-04-14,108241.09300190936,0.008729554252428709,0.11897312736032628,1,0.6218512057985973,0.3781487942014027,0.0,0.0
2025-04-15,108197.56153592763,-0.00040217134522990445,0.11932745112287946,1,0.6203589490482444,0.3796410509517556,0.0,0.0
2025-04-16,106993.84675547061,-0.01110502341067096,0.1291250708545787,1,0.5932512915223144,0.4067487084776857,0.0,0.0
2025-04-17,106700.0254457816,-0.0027461514713133005,0.13151662532258124,1,0.5957336681809114,0.4042663318190886,0.0,0.0
2025-04-21,104433.0163807526,-0.021246565364513113,0.14996891411065794,1,0.5941778323055628,0.40582216769443724,0.0,0.0
2025-04-22,106284.02454418305,0.01772435794329509,0.1349026588814275,1,0.5990198379332514,0.40098016206674864,0.0,0.0
2025-04-23,107684.5080052188,0.01317680118947291,0.12350344320796647,1,0.6003905691434148,0.39960943085658523,0.0,0.0
2025-04-24,109498.26946745119,0.01684368775503432,0.10874035698564999,1,0.6024814098434959,0.3975185901565042,0.0,0.0
2025-04-25,110295.56791422277,0.007281379428636341,0.10225075735543154,1,0.6024478740324889,0.39755212596751116,0.0,0.0
2025-04-28,110597.14862945632,0.002734295864618018,0.0997960453138046,1,0.6010342332967251,0.3989657667032748,0.0,0.0
2025-04-29,111385.84872535436,0.00713128779242303,0.09337643184106004,1,0.6005377739401715,0.39946222605982856,0.0,0.0
2025-04-30,111052.30611843789,-0.0029944791976123366,0.09609129725597698,1,0.6025805001471357,0.3974194998528642,0.0,0.0
2025-05-01,110366.0416741113,-0.005779396719960759,0.10167713716594717,5,0.20258821125781717,0.6004277976185108,0.19698399112367201,0.0
2025-05-02,110018.64969317765,-0.0031476346860334794,0.1045047293682605,5,0.20624466363070823,0.5958038990391399,0.1979514373301519,0.0
2025-05-05,110172.867081349,0.0014017386016047689,0.1032494790798616,5,0.20477492642859602,0.591646635009176,0.20357843856222804,0.0
2025-05-06,110829.54553810382,0.005960437212457601,0.0979044539046785,5,0.20186019816990924,0.590096310710204,0.20804349111988674,0.0
2025-05-07,110854.38219102421,0.00022409776021187712,0.0977022963133014,5,0.20266368786601782,0.5924579425095293,0.20487836962445274,0.0
2025-05-08,111158.69608984844,0.00334450207014964,0.09522533756181162,3,0.8028890342589876,0.19711096574101233,0.0,0.0
2025-05-09,111077.74655925721,-0.0007282338983699384,0.09588422514138528,3,0.8024503475660817,0.19754965243391825,0.0,0.0
2025-05-12,113819.22446555586,0.024680712304837104,0.07357000381183487,3,0.8090025105688101,0.19099748943118977,0.0,0.0
2025-05-13,114339.0683221393,0.004567276389594121,0.06933874196363299,3,0.8106425361483437,0.18935746385165628,0.0,0.0
2025-05-14,114313.84951844612,-0.00022056156363043196,0.0695440100659157,3,0.8118576690104797,0.18814233098952024,0.0,0.0
2025-05-15,114960.12973278857,0.00566548491195546,0.0642836212403799,3,0.7993785613410842,0.20062143865891588,0.0,0.0
2025-05-16,115603.84826249763,0.005599493765406453,0.0590440832113267,3,0.7999625592261138,0.20003744077388627,0.0,0.0
2025-05-19,115638.02800577716,0.0002956626772659322,0.0587658776657799,3,0.8006009494937014,0.19939905050629858,0.0,0.0
2025-05-20,115160.60927453522,-0.0041285616805752535,0.06265182079569875,3,0.8012169968370464,0.19878300316295364,0.0,0.0
2025-05-21,113214.58928825574,-0.01689831270031152,0.07849142343696058,3,0.8012557392543429,0.1987442607456571,0.0,0.0
2025-05-22,113455.85526299945,0.00233277543781496,0.07652764238756693,1,0.5988398023560897,0.40116019764391025,0.0,0.0
2025-05-23,113067.58264575979,-0.0034222351622101976,0.07968798196111726,1,0.5967947094752862,0.4032052905247138,0.0,0.0
2025-05-27,115106.76398246395,0.018035066187740992,0.06309009380241248,1,0.5984100501505047,0.4015899498494952,0.0,0.0
2025-05-28,114508.7364329745,-0.0051954162274993835,0.06795773073277644,1,0.5980550599936542,0.40194494000634584,0.0,0.0
2025-05-29,115205.03690411476,0.00608076285557329,0.06229020272199204,1,0.5967869282836595,0.4032130717163406,0.0,0.0
2025-05-30,115196.90036034583,-6.741377708831996e-05,0.06235643000695412,1,0.5993694280046155,0.40063057199538454,0.0,0.0
2025-06-02,115156.3045033317,-0.0003524040741299007,0.06268685942110142,1,0.6029580503966371,0.39704194960336286,0.0,0.0
2025-06-03,115471.72850077672,0.002739094475160792,0.06011947017624608,1,0.6047400131810603,0.39525998681893987,0.0,0.0
2025-06-04,116193.90396377839,0.0062541322657763965,0.05424133302870038,1,0.6008200874666114,0.39917991253338847,0.0,0.0
2025-06-05,115888.72519426965,-0.0026264611059448233,0.056725331383110644,1,0.5994909479832379,0.4005090520167622,0.0,0.0
2025-06-06,116012.87545662528,0.0010717981301950992,0.05571481204755069,1,0.6055124314923752,0.3944875685076248,0.0,0.0
2025-06-09,116124.44156912007,0.0009616700909762679,0.0548067212249449,1,0.6054758686864231,0.39452413131357694,0.0,0.0
2025-06-10,116759.02538064489,0.0054646877345550775,0.04964153510763902,1,0.6055994594004278,0.3944005405995723,0.0,0.0
2025-06-11,116696.77235166947,-0.0005331753050564762,0.05014824277207097,1,0.6041943224149083,0.39580567758509166,0.0,0.0
2025-06-12,117529.27693504415,0.007133912674687466,0.04337208328210862,1,0.6022988099225335,0.3977011900774667,0.0,0.0
2025-06-13,116287.59267464309,-0.010562618686072,0.05347875506828281,1,0.5996255183239665,0.40037448167603357,0.0,0.0
2025-06-16,116481.82891295578,0.0016703092208310477,0.05189777190516098,1,0.6043211588745881,0.39567884112541185,0.0,0.0
2025-06-17,116441.19053670921,-0.00034888168073786733,0.05222854740400995,1,0.5993662388931088,0.40063376110689114,0.0,0.0
2025-06-18,116511.55556791568,0.0006042967345329815,0.05165581221012261,1,0.5989139847896643,0.4010860152103357,0.0,0.0
2025-06-20,116261.39696013814,-0.002147071220173605,0.05369197472254528,1,0.5987931021529849,0.4012068978470152,0.0,0.0
2025-06-23,117231.77648783848,0.008549459603594801,0.04579358403881195,3,0.8010534147816725,0.1989465852183276,0.0,0.0
2025-06-24,118438.54347852163,0.010293855700534814,0.035971120884383034,3,0.8016507240071888,0.19834927599281107,0.0,0.0
2025-06-25,118521.31834026557,0.0006988844958139658,0.03529737604725214,3,0.801539772864517,0.19846022713548286,0.0,0.0
2025-06-26,119382.84393020977,0.007268950447132313,0.028285000477520916,3,0.8019813051700817,0.19801869482991824,0.0,0.0
2025-06-27,119708.00358592182,0.002723671551183172,0.02563836797746366,3,0.8037765833538165,0.19622341664618348,0.0,0.0
2025-06-30,120498.06407337975,0.00680506024277868,0.01920768161651787,1,0.5987939389845786,0.4012060610154214,0.0,0.0
2025-07-01,120594.57881915724,0.0008009651152462745,0.018422101184191186,1,0.5981210268467225,0.4018789731532775,0.0,0.0
2025-07-02,120613.64474557323,0.0001580993656819211,0.018266914341021012,1,0.6007374920932446,0.3992625079067556,0.0,0.0
2025-07-03,120849.29621743562,0.0019537712533228275,0.016348832459824547,1,0.6042914973535771,0.3957085026464229,0.0,0.0
2025-07-07,119848.71583527782,-0.008279571445393668,0.024493042578818347,1,0.6047957839865482,0.3952042160134517,0.0,0.0
2025-07-08,119747.53392368765,-0.0008394551817198201,0.025316611342434014,1,0.6001751789869327,0.3998248210130673,0.0,0.0
2025-07-09,120679.38341482065,0.007781784397554636,0.01773183535602285,1,0.5991120622238755,0.4008879377761245,0.0,0.0
2025-07-10,120916.68301950886,0.0019663640795422477,0.01580033852058904,1,0.5996226365612833,0.40037736343871655,0.0,0.0
2025-07-11,119993.96414472215,-0.007631030323895234,0.023310795982105947,1,0.6021094334020783,0.3978905665979216,0.0,0.0
2025-07-14,120031.65487584751,0.00031410522515883295,0.023004012799767826,1,0.6030688823878035,0.39693111761219646,0.0,0.0
2025-07-15,119429.55600484934,-0.004820185500594981,0.027904788194987096,3,0.8004397771333853,0.19956022286661465,0.0,0.0
2025-07-16,119782.79132111884,0.002957687594979888,0.025029634245891996,3,0.8007474260101896,0.19925257398981044,0.0,0.0
2025-07-17,120364.16151667571,0.004853536882425069,0.02029757961643308,3,0.8017564350238628,0.1982435649761373,0.0,0.0
2025-07-18,120329.92940291883,-0.0002844045380745245,0.020576211430752722,3,0.8013971232998012,0.19860287670019883,0.0,0.0
2025-07-21,120725.84722923429,0.0032902689154727036,0.01735364378414872,3,0.8002835391872065,0.19971646081279346,0.0,0.0
2025-07-22,120885.63005250892,0.00132380184331344,0.01605309371405017,3,0.799056685121573,0.20094331487842698,0.0,0.0
2025-07-23,121572.65211943201,0.005683240155382087,0.010461087145481884,3,0.8013007355376142,0.1986992644623859,0.0,0.0
2025-07-24,121562.7814152908,-8.119181385884996e-05,0.010541429604700392,3,0.8016310757216012,0.19836892427839883,0.0,0.0
2025-07-25,122126.05044714082,0.004633564856711674,0.005956709145744532,3,0.8013045399033747,0.1986954600966254,0.0,0.0
2025-07-28,121944.25917369693,-0.001488554430265146,0.007436396690221114,3,0.8022976208479463,0.19770237915205358,0.0,0.0
2025-07-29,122550.11754854313,0.005171666076207201,0.00250502086566351,1,0.5953384531718857,0.4046615468281143,0.0,0.0
2025-07-30,122202.68591062278,-0.0028350167659588876,0.005332935855469123,1,0.5962792793573904,0.40372072064260955,0.0,0.0
2025-07-31,121957.75112496327,-0.0020043322602471708,0.0073265791403394065,1,0.5952355880082092,0.40476441199179086,0.0,0.0
2025-08-01,121469.67748374295,-0.0040019895145509046,0.011299247761993092,1,0.5878318096000845,0.4121681903999156,0.0,0.0
2025-08-04,122691.82693651757,0.010061354225116633,0.001351579271087311,1,0.5908223012494354,0.40917769875056476,0.0,0.0
2025-08-05,122524.64579571613,-0.0003629732218078,0.002712347843906615,0,0.0,0.0,0.0,1.0
2025-08-06,122569.13510958107,0.0003631050192065,0.0023502276918160314,0,0.0,0.0,0.0,1.0
2025-08-07,122509.82381726612,-0.0004839007166194,0.0028329911315710943,0,0.0,0.0,0.0,1.0
2025-08-08,122480.16817110866,-0.0002420674949439,0.0030743728514486257,0,0.0,0.0,0.0,1.0
2025-08-11,122480.16817110866,0.0,0.0030743728514486257,0,0.0,0.0,0.0,1.0
2025-08-12,122892.84633862347,0.00437372055994622,0.0,1,0.6037470259072182,0.39625297409278176,0.0,0.0
2025-08-13,123550.05341831711,0.005347805826571526,0.0,1,0.6025911333599834,0.3974088666400167,0.0,0.0
2025-08-14,123192.93474656077,-0.0028904776799019483,0.002890477679901915,1,0.6043941703723507,0.39560582962764945,0.0,0.0
2025-08-15,122671.39112717335,-0.004233551383935884,0.00711179207805579,1,0.6055427603852475,0.3944572396147526,0.0,0.0
2025-08-18,122515.2082480537,-0.0012731809567377785,0.0083759184365515,1,0.6061827064009017,0.39381729359909834,0.0,0.0
2025-08-19,122102.02546385513,-0.0031793009046054404,0.011720172629624326,3,0.7981976296233931,0.20180237037660692,0.0,0.0
2025-08-20,121897.09144083929,-0.001678383484936567,0.013378885170378774,3,0.7974151223952353,0.2025848776047647,0.0,0.0
2025-08-21,121384.85397101149,-0.0042022124053420744,0.01752487665848812,3,0.7975675930215604,0.20243240697843953,0.0,0.0
2025-08-22,123053.60173217523,0.013747578108569167,0.004018223160624501,3,0.798833753409065,0.2011662465909349,0.0,0.0
2025-08-25,122549.86813890346,-0.00409361112702858,0.008095385244611841,3,0.7985870223261841,0.2014129776738159,0.0,0.0
2025-08-26,122946.07503535692,0.0032344434374157005,0.004888531945148045,3,0.8007596404074439,0.1992403595925562,0.0,0.0
2025-08-27,123142.1516990915,0.001594818408624958,0.0033015098572602986,3,0.8013061955427574,0.19869380445724247,0.0,0.0
2025-08-28,123652.55225241462,0.004144807819911643,0.0,3,0.8008246928055719,0.1991753071944282,0.0,0.0
2025-08-29,122886.92579647047,-0.006191756191018618,0.006191756191018638,3,0.8010084359053888,0.19899156409461108,0.0,0.0
2025-09-02,121975.53761022199,-0.007416478037362282,0.013562313204577459,3,0.8010134597269261,0.19898654027307394,0.0,0.0
2025-09-03,122772.04910772166,0.00653111220299614,0.007120784234971311,3,0.7991165172927,0.20088348270729994,0.0,0.0
2025-09-04,123780.01957057748,0.008210097250811748,0.0,3,0.7992332847040254,0.20076671529597456,0.0,0.0
2025-09-05,123872.4011854997,0.000746337052156744,0.0,3,0.7963242237019882,0.20367577629801184,0.0,0.0
2025-09-08,124450.89622243591,0.0046700881826769285,0.0,3,0.794569745282797,0.20543025471720308,0.0,0.0
2025-09-09,124534.21230533601,0.0006694695291802394,0.0,3,0.7958738855411135,0.2041261144588865,0.0,0.0
2025-09-10,124964.06698799809,0.00345583990829786,0.0,3,0.7995496047179651,0.20045039528203484,0.0,0.0
2025-09-11,125961.85511335469,0.007984600288756848,0.0,3,0.7998078717236297,0.2001921282763703,0.0,0.0
2025-09-12,125819.2834450736,-0.0011318638341170598,0.0011318638341170084,3,0.8004462278245466,0.1995537721754534,0.0,0.0
2025-09-15,126414.07685747537,0.004727362897925243,0.0,3,0.8009214522676207,0.19907854773237937,0.0,0.0
2025-09-16,126327.7161782748,-0.0006831571399910676,0.0006831571399911196,3,0.8003655257795917,0.1996344742204083,0.0,0.0
2025-09-17,126137.7942935431,-0.0015030413265074002,0.0021855363801276395,3,0.8002088561330013,0.19979114386699873,0.0,0.0
2025-09-18,126349.34457249365,0.001677136342325993,0.0005120654802922564,3,0.8026016839253599,0.19739831607464006,0.0,0.0
2025-09-19,126804.06463984014,0.003598911168752486,0.0,3,0.8036844754494596,0.19631552455054044,0.0,0.0
2025-09-22,127196.72396981578,0.0030965831504763132,0.0,3,0.8049940154626214,0.19500598453737863,0.0,0.0
2025-09-23,126812.733367412,-0.0030188717949598243,0.0030188717949598542,3,0.8030363178563452,0.1969636821436547,0.0,0.0
2025-09-24,126393.02736843057,-0.0033066255830585005,0.006318532241254338,3,0.8001003007387416,0.19989969926125842,0.0,0.0
2025-09-25,125926.48077633779,-0.003691236785814241,0.009986445828427337,3,0.7993596898451809,0.20064031015481906,0.0,0.0
2025-09-26,126480.4604273468,0.004399230786040459,0.005631147722318319,3,0.8004180995633684,0.1995819004366316,0.0,0.0
2025-09-29,126972.25377538877,0.003888295048739775,0.001764748237386038,3,0.7995586375073329,0.2004413624926672,0.0,0.0
2025-09-30,127280.84547220098,0.0024303868572584982,0.0,3,0.8006246152295907,0.19937538477040925,0.0,0.0
2025-10-01,127301.18834727794,0.001160987668592,0.0,0,0.0,0.0,0.0,1.0
2025-10-02,127331.92270711806,0.0002414302665916,0.0,0,0.0,0.0,0.0,1.0
2025-10-03,127285.77899947885,-0.0003623891531533,0.00036238915315334186,0,0.0,0.0,0.0,1.0
2025-10-06,127255.03259167328,-0.000241554147268,0.0006038557638184949,0,0.0,0.0,0.0,1.0
2025-10-07,127316.54950321528,0.0004834143710401,0.00012073330533257653,0,0.0,0.0,0.0,1.0
2025-10-08,127301.18834727796,-0.0001206532536207,0.0002413719920871804,0,0.0,0.0,0.0,1.0
2025-10-09,127285.77899947886,-0.0001210463782715,0.00036238915315323084,0,0.0,0.0,0.0,1.0
2025-10-10,127501.03999801406,0.0016911629895126,0.0,0,0.0,0.0,0.0,1.0
2025-10-13,127747.01126045852,0.0019291706361632,0.0,0,0.0,0.0,0.0,1.0
2025-10-14,127654.79613297273,-0.0007218574162786,0.0007218574162786151,0,0.0,0.0,0.0,1.0
2025-10-15,127923.93993496399,0.0031114835160946605,0.0,3,0.8010592157262852,0.19894078427371467,0.0,0.0
2025-10-16,127416.93523872597,-0.003963329275941497,0.003963329275941452,3,0.7987695336305888,0.20123046636941128,0.0,0.0
2025-10-17,127955.35083270608,0.004225620346081454,0.0,3,0.7999234155527701,0.2000765844472299,0.0,0.0
2025-10-20,129118.14243400817,0.009087479294417142,0.0,3,0.800964273000089,0.1990357269999111,0.0,0.0
2025-10-21,129242.90217355685,0.000966244845200107,0.0,3,0.8001790619665045,0.1998209380334956,0.0,0.0
2025-10-22,129113.6592713833,0.0,0.0010000000000000009,0,0.0,0.0,0.0,1.0
2025-10-23,129020.4547548851,-0.0007218795983645,0.0017211577187661309,0,0.0,0.0,0.0,1.0
2025-10-24,129098.11504158466,0.0006019222831534,0.0011202714387963386,0,0.0,0.0,0.0,1.0
2025-10-27,129067.03875444613,-0.0002407183646991,0.0013607201335866792,0,0.0,0.0,0.0,1.0
2025-10-28,129082.57081178605,0.0001203410064243,0.0012405428775925653,0,0.0,0.0,0.0,1.0
2025-10-29,128742.38098601246,-0.0016370806082212802,0.00387271702450831,3,0.8016966669210371,0.1983033330789629,0.0,0.0
2025-10-30,127458.69257354102,-0.009970985487761826,0.013805087707020602,3,0.8008649406325339,0.1991350593674662,0.0,0.0
2025-10-31,127717.85545462467,0.002033308798724079,0.011799848914598288,3,0.8018615234090617,0.1981384765909384,0.0,0.0
2025-11-03,127846.76983695019,0.00100936851677179,0.010802390793823502,3,0.80255633380836,0.1974436661916399,0.0,0.0
2025-11-04,126686.80071814984,-0.00907312026952046,0.01977749967247322,3,0.800304452849415,0.19969554715058502,0.0,0.0
2025-11-05,126372.74413531166,-0.00227915210191748,0.02220747128063505,1,0.6034545959314062,0.39654540406859373,0.0,0.0
2025-11-06,126005.1699954782,-0.0029086504558283885,0.02505152796500032,1,0.5987213832173036,0.4012786167826963,0.0,0.0
2025-11-07,125972.41658684146,-0.0002599370219326553,0.025304953167358812,1,0.5994666869684243,0.40053331303157574,0.0,0.0
2025-11-10,127139.53979759855,0.00926491086207381,0.01627449044074969,1,0.6032320955675972,0.3967679044324028,0.0,0.0
2025-11-11,127546.05801629728,0.003197417729731417,0.013129109055295962,1,0.6026859618433764,0.3973140381566236,0.0,0.0
2025-11-12,127372.40845289968,-0.0003618273724339,0.014472699770741282,0,0.0,0.0,0.0,1.0
2025-11-13,127295.54926184985,-0.0006034210390098,0.015067387678218136,0,0.0,0.0,0.0,1.0
2025-11-14,127341.65276723116,0.0003621768840202,0.01471066785371744,0,0.0,0.0,0.0,1.0
2025-11-17,127326.2809290212,-0.0001207133555747,0.014829605435212723,0,0.0,0.0,0.0,1.0
2025-11-18,127403.15212931966,0.0006037339639355,0.014234824607750163,0,0.0,0.0,0.0,1.0
2025-11-19,127617.65139516217,0.0026863123628768403,0.01257516467877029,3,0.8009389687727585,0.1990610312272414,0.0,0.0
2025-11-20,126159.71292040603,-0.011424269752792305,0.023855772358086558,3,0.7978456051055091,0.20215439489449089,0.0,0.0
2025-11-21,127239.53985167583,0.008559205678844986,0.015500753141482138,3,0.7989547129449829,0.201045287055017,0.0,0.0
2025-11-24,128881.56153373203,0.012904964007024141,0.0027958257958303756,3,0.8003851217761091,0.19961487822389098,0.0,0.0
2025-11-25,129917.56917661203,0.008038447319780677,0.0,3,0.8014709056954389,0.19852909430456117,0.0,0.0
2025-11-26,129772.04572862507,-0.0001202416302095,0.0011201213885793093,0,0.0,0.0,0.0,1.0
2025-11-28,129772.04572862507,0.0,0.0011201213885793093,0,0.0,0.0,0.0,1.0
2025-12-01,129660.81571202222,-0.0008571184647537,0.00197627977660797,0,0.0,0.0,0.0,1.0
2025-12-02,129739.15014670743,0.0006041488652916,0.0013733248785009478,0,0.0,0.0,0.0,1.0
2025-12-03,129817.496783018,0.000603878137185,0.0007702760621851601,0,0.0,0.0,0.0,1.0
2025-12-04,129566.52354779087,-0.0011841655439699503,0.002702064324679121,4,0.25047937149158384,0.24894736750889368,0.25045813268956085,0.25011512830996174
2025-12-05,129409.28990298802,-0.0012135360315108504,0.0039123213037726146,4,0.2512600664054086,0.24809617202012998,0.2503154946825032,0.2503282668919582
2025-12-08,129112.67940028395,-0.002292034079828661,0.006195388209841779,4,0.2510807141796756,0.24784823443164627,0.2502283313461349,0.2508427200425432
2025-12-09,129267.78068349879,0.0012012862248329634,0.005001544419522719,4,0.2505629814116793,0.24780437344491082,0.25121202728569236,0.2504206178577176
2025-12-10,129799.51449926368,0.004113428829313695,0.0009086890872155307,4,0.25119153825993296,0.24774302179627164,0.25124848372475916,0.24981695621903632
2025-12-11,130090.18996838536,0.00254124929239666,0.0,2,0.3999144959826505,0.39844395934141336,0.201641544675936,0.0
2025-12-12,129177.9742141022,-0.007012179431091888,0.007012179431091892,2,0.39840829555345036,0.3973901623579577,0.20420154208859195,0.0
2025-12-15,129159.51107580872,-0.00014292791325920597,0.007154105108177711,2,0.3978632426570861,0.39772010531892676,0.20441665202398718,0.0
2025-12-16,129307.22537933024,0.0011436579644129277,0.006018628993050057,2,0.39632290897800904,0.3994475121055051,0.20422957891648588,0.0
2025-12-17,128923.09839808034,-0.002970653651588587,0.008971403382442955,2,0.3931297850327507,0.4002729368070491,0.20659727816020027,0.0
2025-12-18,128887.32409624803,0.000723237649133,0.009246399535811634,0,0.0,0.0,0.0,1.0
2025-12-19,128863.97947247534,-0.0001811242799583,0.009425849068311787,0,0.0,0.0,0.0,1.0
2025-12-22,128801.68281462934,-0.0004834295673704,0.00990472190154501,0,0.0,0.0,0.0,1.0
2025-12-23,128739.41033557543,-0.0004834756634626,0.01038340887301481,0,0.0,0.0,0.0,1.0
2025-12-24,128817.27813553394,0.0006048481949352,0.00978484106419375,0,0.0,0.0,0.0,1.0
2025-12-26,128910.68080941678,0.00072507877231,0.009066857072429713,0,0.0,0.0,0.0,1.0
2025-12-29,128972.96537786673,0.0004831606509163,0.008588077170078257,0,0.0,0.0,0.0,1.0
2025-12-30,129004.1076620917,0.0002414636597192,0.008348687218902473,0,0.0,0.0,0.0,1.0
2025-12-31,128957.39423575423,-0.000362108053643,0.008707772145666204,0,0.0,0.0,0.0,1.0
