date,wealth,return,drawdown,action,w_SPY,w_TLT,w_GLD,w_SHY
2021-01-05,100302.02365959309,0.0040242608567877,0.0,3,0.8022810932456224,0.19771890675437767,0.0,0.0
2021-01-06,100376.01247351407,0.0007376602307853809,0.0,3,0.8064825767883923,0.19351742321160773,0.0,0.0
2021-01-07,101407.53914217054,0.01027662529360449,0.0,3,0.8101395058926576,0.18986049410734232,0.0,0.0
2021-01-08,101813.4901467012,0.004003163945843633,0.0,3,0.8115068365762736,0.18849316342372643,0.0,0.0
2021-01-11,101224.8463151017,-0.005781589755457031,0.005781589755456951,3,0.8107240391009859,0.18927596089901405,0.0,0.0
2021-01-12,101224.7939439296,1.0206773882579994e-05,0.005782104138885247,3,0.8001608284876857,0.19983917151231448,0.0,0.0
2021-01-13,101670.71534944973,0.004405258713266852,0.001402317090257288,3,0.7987965595174823,0.2012034404825178,0.0,0.0
2021-01-14,101194.68866577826,-0.004682043221937939,0.0060777946029677565,3,0.7997438814187263,0.2002561185812737,0.0,0.0
2021-01-15,100684.89180129817,-0.005037782824391261,0.011084958818098123,3,0.7979312476349968,0.20206875236500324,0.0,0.0
2021-01-19,101381.37902169836,0.006917494848926294,0.004244144114696535,3,0.7986717300889185,0.20132826991108163,0.0,0.0
2021-01-20,102242.76423739476,0.0086968830709857,0.0,1,0.6030584206941404,0.39694157930585966,0.0,0.0
2021-01-21,102014.14996753103,-0.002235994611148287,0.0022359946111483175,1,0.6049609167735904,0.3950390832264095,0.0,0.0
2021-01-22,101926.1582969573,-0.0008625437804631677,0.0030966097483664523,1,0.6033400912633373,0.3966599087366627,0.0,0.0
2021-01-25,102645.17522571594,0.007054292448301719,0.0,1,0.6014766032278048,0.3985233967721953,0.0,0.0
2021-01-26,102471.6098689971,-0.0016909256215615945,0.0016909256215615898,1,0.6015548762300066,0.39844512376999347,0.0,0.0
2021-01-27,100500.21912480182,-0.01904374304000688,0.020896803928654006,3,0.7955989000172984,0.20440109998270167,0.0,0.0
2021-01-28,101074.31747033761,0.005712408893585419,0.01530376612367823,3,0.797883358293267,0.2021166417067331,0.0,0.0
2021-01-29,99336.93912449491,-0.017189117763298987,0.03222982564885535,3,0.7955856106157194,0.20441438938428064,0.0,0.0
2021-02-01,100675.97407245552,0.013479728283981618,0.019184546657260437,3,0.7980706135027186,0.2019293864972814,0.0,0.0
2021-02-02,101681.01814101757,0.009982958474667842,0.009393106715227417,3,0.8013556084282808,0.19864439157171923,0.0,0.0
2021-02-03,101064.13024234999,-0.0054688265089572795,0.015403013145910083,5,0.20125791625680486,0.5979460912694868,0.20079599247370836,0.0
2021-02-04,100696.89333543468,-0.0036337017499153733,0.018980744940003236,5,0.2042876633841424,0.5985230501207233,0.19718928649513442,0.0
2021-02-05,100469.22962194518,-0.002260881204458996,0.021198712934980768,5,0.2055564340268821,0.594856352289815,0.1995872136833029,0.0
2021-02-08,101082.72934934,0.0061063444967515345,0.01522181508229803,5,0.20578436653795418,0.5938421027909435,0.2003735306711022,0.0
2021-02-09,101179.44106650038,0.0009567580711651156,0.014279620605570753,5,0.20545080462432788,0.5937136140120257,0.20083558136364643,0.0
2021-02-10,101218.60262443237,0.0009821836981326801,0.01389809699429656,3,0.7988669049304232,0.2011330950695768,0.0,0.0
2021-02-11,101237.73108988184,0.00018898171831566835,0.013711741762232332,3,0.8000057514739907,0.1999942485260093,0.0,0.0
2021-02-12,101386.35894525568,0.00146810733284695,0.012263764738012606,3,0.8027791251450965,0.19722087485490356,0.0,0.0
2021-02-16,101011.42545084351,-0.00369806646882953,0.015916478989682847,3,0.8050612088159997,0.1949387911840003,0.0,0.0
2021-02-17,101155.11907984098,0.0014225482746740407,0.014516572674734496,3,0.8041020033125013,0.19589799668749883,0.0,0.0
2021-02-18,100728.41397921827,-0.00421423962047374,0.018673661399892683,3,0.7999663524510339,0.20003364754896613,0.0,0.0
2021-02-19,100318.28255423655,-0.0040716557402198095,0.022669284419482683,3,0.8018183809013777,0.19818161909862236,0.0,0.0
2021-02-22,99548.34270287653,-0.007674970421705075,0.030170268753787033,3,0.8018048748477015,0.19819512515229848,0.0,0.0
2021-02-23,99588.37101349053,0.00040209921659334515,0.02978030097862394,3,0.8024558711346144,0.19754412886538555,0.0,0.0
2021-02-24,100339.9591473724,0.007546946759276445,0.0224581045653085,3,0.805221726627482,0.1947782733725181,0.0,0.0
2021-02-25,98436.02452022035,-0.0183807422666513,0.04100680520287192,5,0.19883558867631654,0.6012531998103967,0.19991121151328675,0.0
2021-02-26,99815.86677021097,0.01401765518991652,0.027563969268729283,5,0.19507651781795987,0.6125434221908445,0.19238005999119556,0.0
2021-03-01,99447.10357534944,-0.0036944346304227118,0.031156570616533763,5,0.20054609874042512,0.6066946023759222,0.1927592988836527,0.0
2021-03-02,99400.19634128464,-0.00047168024385206147,0.03161355492155982,5,0.1990750724244692,0.6070240293989434,0.19390089817658737,0.0
2021-03-03,98271.21903473177,-0.011357898154210878,0.04261238953867896,5,0.19869497888606782,0.6073381537484182,0.19396686736551408,0.0
2021-03-04,97113.15514084895,-0.01118978824901458,0.05389459438986899,3,0.7990411080306,0.20095889196939992,0.0,0.0
2021-03-05,98578.6926540976,0.015091029748988221,0.03961688956812803,3,0.8016431743155147,0.19835682568448543,0.0,0.0
2021-03-08,98033.20899387325,-0.0055334844228295006,0.04493115454965135,3,0.80209031115875,0.19790968884125013,0.0,0.0
2021-03-09,99424.7438190703,0.014194524890886686,0.031374406050395875,3,0.8021559733643567,0.1978440266356432,0.0,0.0
2021-03-10,99960.59096404749,0.005389474736312197,0.026154022882859063,3,0.8028222757354391,0.19717772426456087,0.0,0.0
2021-03-11,100626.91920732097,0.006668750500156322,0.01966245382656162,3,0.8027580074531094,0.1972419925468907,0.0,0.0
2021-03-12,100314.51628184167,-0.003104566133398767,0.022705976571710917,3,0.8063424912590051,0.1936575087409948,0.0,0.0
2021-03-15,100911.11360618836,0.005947268116914454,0.016893746985324865,3,0.8063554704836383,0.19364452951636177,0.0,0.0
2021-03-16,100729.93895777519,-0.0017953884556285106,0.018658804602643686,3,0.8067868421387945,0.1932131578612056,0.0,0.0
2021-03-17,100861.42024767559,0.0013052851144437772,0.017377874548101135,3,0.8084825958575913,0.19151740414240861,0.0,0.0
2021-03-18,99777.13429729016,-0.01014794688696926,0.02794131260547783,5,0.19911062967962562,0.6000128912257607,0.20087647909461367,0.0
2021-03-19,100195.2595756397,0.004190592176196648,0.023867811075278356,5,0.19791285274160486,0.6012121629366585,0.2008749843217367,0.0
2021-03-22,100999.04816321224,0.008022221719638553,0.016037062228048016,5,0.1979055589076203,0.603111084131787,0.19898335696059263,0.0
2021-03-23,101244.86235061179,0.0024338267723307966,0.013642266887117449,5,0.195871177413739,0.607077757345622,0.19705106524063895,0.0
2021-03-24,101543.89800799756,0.0029535884630887813,0.010728972066116893,5,0.19430155340347036,0.6085477224126936,0.19715072418383608,0.0
2021-03-25,101779.06903832407,0.0029234234901538603,0.008437865544944523,3,0.8021554459159768,0.1978445540840231,0.0,0.0
2021-03-26,103024.26069805361,0.01223426065393337,0.0,3,0.8052306805144724,0.19476931948552767,0.0,0.0
2021-03-29,102812.03145250333,-0.0020599928998499555,0.0020599928998499273,3,0.8064853466874446,0.19351465331255535,0.0,0.0
2021-03-30,102696.30319417521,-0.0011256295269448662,0.0031833036379613766,3,0.8052521933203045,0.19474780667969552,0.0,0.0
2021-03-31,102919.91272805672,0.002177386399768393,0.001012848520240417,3,0.8067595262119874,0.19324047378801248,0.0,0.0
2021-04-01,104149.9937269175,0.01195866742992882,0.0,3,0.7990833103060789,0.20091668969392107,0.0,0.0
2021-04-05,105253.22579389978,0.010592723316671236,0.0,3,0.8020567337128048,0.1979432662871951,0.0,0.0
2021-04-06,105344.8808075568,0.0008708047944913896,0.0,3,0.8008855045446802,0.19911449545531973,0.0,0.0
2021-04-07,105296.42558753777,-0.00045996748629429334,0.0004599674862942882,3,0.8021813238960046,0.19781867610399542,0.0,0.0
2021-04-08,105869.33686308778,0.005440937547055943,0.0,3,0.8016276138702184,0.19837238612978159,0.0,0.0
2021-04-09,106408.209910053,0.0050916181653481,0.0,3,0.8017340220302547,0.19826597796974532,0.0,0.0
2021-04-12,106430.1040643473,0.000205756250507447,0.0,3,0.8018612307768913,0.19813876922310872,0.0,0.0
2021-04-13,106841.07139071812,0.0038613823596597156,0.0,3,0.8011444265701955,0.19885557342980462,0.0,0.0
2021-04-14,106481.23326733426,-0.003367975617428285,0.003367975617428298,3,0.8011063254823709,0.19889367451762902,0.0,0.0
2021-04-15,107751.99155816433,0.011934105680760532,0.0,3,0.8001628881470723,0.19983711185292777,0.0,0.0
2021-04-16,107872.72211448745,0.00112061156149136,0.0,3,0.8017754153398012,0.19822458466019877,0.0,0.0
2021-04-19,107386.38930540104,-0.004508394703994338,0.004508394703994334,3,0.801449573498981,0.19855042650101892,0.0,0.0
2021-04-20,106854.53060809507,-0.0049527570555836205,0.009438822775898359,3,0.7995416423894991,0.20045835761050088,0.0,0.0
2021-04-21,107705.92523156342,0.00796779152576106,0.0015462378222642625,3,0.8007270455743012,0.19927295442569884,0.0,0.0
2021-04-22,107011.93594170304,-0.006443371507819482,0.007979646345355418,3,0.7985594352689309,0.2014405647310691,0.0,0.0
2021-04-23,107889.66937859323,0.008203653652662601,0.0,3,0.8020937176027194,0.1979062823972807,0.0,0.0
2021-04-26,108039.81988377722,0.0013917041923366459,0.0,3,0.8026509075465124,0.1973490924534877,0.0,0.0
2021-04-27,107835.15461060664,-0.001894350373693182,0.0018943503736932321,3,0.8040011343471605,0.19599886565283953,0.0,0.0
2021-04-28,107823.95677345897,-0.00010384217640438756,0.0019979958366319606,3,0.8038536006546418,0.19614639934535824,0.0,0.0
2021-04-29,108313.82907489239,0.004543260292911103,0.0,3,0.8053176524844693,0.19468234751553082,0.0,0.0
2021-04-30,107794.02620766562,-0.00479375216850948,0.004799044329485858,3,0.7985717676725171,0.20142823232748286,0.0,0.0
2021-05-03,107992.68581617849,0.0018429556395837962,0.002964933115713664,3,0.7988218401264081,0.20117815987359192,0.0,0.0
2021-05-04,107607.90602269133,-0.003563017167126707,0.006517386175249662,3,0.796732277086051,0.20326772291394907,0.0,0.0
2021-05-05,107670.79725733341,0.0005844480853369245,0.005936747163784228,3,0.7965159993851376,0.20348400061486224,0.0,0.0
2021-05-06,108391.73508212707,0.006695760068262729,0.0,3,0.7975366640099066,0.20246333599009328,0.0,0.0
2021-05-07,108915.65907258308,0.0048360909305733,0.0,3,0.8019441637077016,0.19805583629229845,0.0,0.0
2021-05-10,107832.28109784199,-0.009946944121405975,0.009946944121405954,3,0.8019801934152008,0.19801980658479926,0.0,0.0
2021-05-11,106939.62654987873,-0.008278175504358509,0.018142777076595507,3,0.8014573061442066,0.19854269385579337,0.0,0.0
2021-05-12,104895.64741404617,-0.019113393246040663,0.036909400289795946,3,0.7997153957485195,0.20028460425148045,0.0,0.0
2021-05-13,105935.87112920283,0.009916748128267603,0.02735867338776754,3,0.8013748938882205,0.19862510611177941,0.0,0.0
2021-05-14,107435.18919579976,0.014154466875117361,0.0135928101559456,3,0.8009473447619095,0.19905265523809054,0.0,0.0
2021-05-17,107170.99467650459,-0.0024591060086809227,0.0160184900034972,3,0.8008787360036477,0.19912126399635238,0.0,0.0
2021-05-18,106376.9232440426,-0.0074093875386609396,0.023309190341938124,3,0.799905562555624,0.2000944374443761,0.0,0.0
2021-05-19,106102.33823958659,-0.0025812459702944605,0.02583026955859158,3,0.7998729718387505,0.20012702816124953,0.0,0.0
2021-05-20,107190.0705640754,0.010251728119625703,0.015843346339737163,3,0.8002737921174861,0.199726207882514,0.0,0.0
2021-05-21,107188.58591471773,-1.3576835541539975e-05,0.015856977523446836,3,0.7993559914312505,0.20064400856874962,0.0,0.0
2021-05-24,108141.7015128477,0.008891950481446914,0.0071060265009239565,3,0.8003877217801855,0.19961227821981453,0.0,0.0
2021-05-25,108149.63474661387,7.33596166436255e-05,0.007033188179660366,3,0.798553298978213,0.20144670102178683,0.0,0.0
2021-05-26,108283.52794148841,0.0012380364962695778,0.005803859027042169,3,0.7991487410229073,0.20085125897709272,0.0,0.0
2021-05-27,108241.48069177648,-0.0003883069799373851,0.0061899123280089174,3,0.7998788862040696,0.20012111379593045,0.0,0.0
2021-05-28,108362.01050877411,0.00111364830158688,0.005083277909928463,3,0.8005394969783367,0.19946050302166327,0.0,0.0
2021-06-01,108280.74500021485,-0.000749944636295469,0.005829410369220689,3,0.8004345874998,0.19956541250019993,0.0,0.0
2021-06-02,108467.07017265695,0.0017207599785329572,0.004118681406749536,3,0.8003161107816127,0.19968388921838737,0.0,0.0
2021-06-03,108063.6062567408,-0.0037196903656928387,0.007823051552894311,3,0.8003229030760497,0.19967709692395025,0.0,0.0
2021-06-04,109150.08885807311,0.010054102754548102,0.0,3,0.7996032901250307,0.20039670987496913,0.0,0.0
2021-06-07,108998.24195039958,-0.0013907791424232,0.0013911753005623195,3,0.8003369260735951,0.19966307392640495,0.0,0.0
2021-06-08,109169.7385844518,0.0015733889921845593,0.0,3,0.7992498603450635,0.20075013965493638,0.0,0.0
2021-06-09,109233.0385472611,0.0005798306713020819,0.0,3,0.7975948923955555,0.2024051076044445,0.0,0.0
2021-06-10,109770.6807094557,0.004921973876630643,0.0,3,0.7973780004960588,0.2026219995039413,0.0,0.0
2021-06-11,109879.4057255292,0.0009904740990106893,0.0,3,0.7979050702220196,0.2020949297779804,0.0,0.0
2021-06-14,109907.68759078564,0.00025948551903866,0.0,3,0.8015833417433255,0.19841665825667443,0.0,0.0
2021-06-15,109719.84769510472,-0.0017090696729085992,0.0017090696729086252,3,0.8014829127726691,0.1985170872273308,0.0,0.0
2021-06-16,109210.32034355677,-0.0046438940834465,0.006345027017812921,3,0.8007264113821781,0.19927358861782193,0.0,0.0
2021-06-17,109507.14799998619,0.0027179451126564747,0.0036443273403291565,3,0.7982911659237456,0.2017088340762543,0.0,0.0
2021-06-18,108743.23762975541,-0.0069758950368323846,0.010594799932155508,3,0.793054113431396,0.2069458865686039,0.0,0.0
2021-06-21,108659.71819771755,0.0002321896533235,0.011354705211473526,0,0.0,0.0,0.0,1.0
2021-06-22,108722.79983784253,0.0005805430123626,0.010780754093878797,0,0.0,0.0,0.0,1.0
2021-06-23,108647.11735799426,-0.0006961049564687,0.011469354513988228,0,0.0,0.0,0.0,1.0
2021-06-24,108659.71819771756,0.0001159795126619,0.011354705211473415,0,0.0,0.0,0.0,1.0
2021-06-25,108647.11735799426,-0.0001159660629745,0.011469354513988228,0,0.0,0.0,0.0,1.0
2021-06-28,108907.22016754493,0.003146374605052958,0.009102797494618509,4,0.2497182975964386,0.2517780683216645,0.2492009218878492,0.24930271219404762
2021-06-29,108679.43684350535,-0.0020915355629237075,0.011175294232860122,4,0.25037629161453656,0.2527277752261853,0.2470997688460024,0.24979616431327573
2021-06-30,108961.32667694788,0.0025937734094855056,0.008610507004399026,4,0.24993878313967682,0.25319665649110346,0.24765670315900593,0.24920785721021368
2021-07-01,109201.1241051503,0.0022007572366787936,0.0064286994033215805,4,0.2507706614599044,0.2526546002236745,0.24796327145658253,0.2486114668598386
2021-07-02,109767.13826064451,0.005183226456068325,0.0012787943520787826,4,0.25138445949329397,0.25286858545177415,0.2483024912295063,0.24744446382542543
2021-07-06,110569.60895802948,0.007660454884418419,0.0,5,0.1981180432067307,0.6024176530246986,0.1994643037685705,0.0
2021-07-07,111321.09175407856,0.006796467882366633,0.0,5,0.19747603832140556,0.6036519641145073,0.1988719975640872,0.0
2021-07-08,111390.81143129693,0.0006262935093412833,0.0,5,0.19574444482406161,0.6056375788829885,0.19861797629294986,0.0
2021-07-09,110748.32370644105,-0.005767870047810379,0.0057678700478104306,5,0.19898164749612837,0.6005847780291754,0.20043357447469623,0.0
2021-07-12,110713.49399933216,-0.0003144942148398215,0.006080550300888277,5,0.19975722938209442,0.5999949776868193,0.20024779293108627,0.0
2021-07-13,110158.40408888213,-0.0050135046227768,0.0110638151080793,5,0.2003225461634343,0.5984080321864945,0.20126942165007114,0.0
2021-07-14,111178.7525928204,0.009262557063871368,0.0019037372629906457,5,0.19878020190010187,0.5996527136275916,0.20156708447230648,0.0
2021-07-15,111842.58174317148,0.005970827472604343,0.0,5,0.1969254752478938,0.6026686582120581,0.20040586654004805,0.0
2021-07-16,111325.21772817735,-0.004625823250237399,0.004625823250237304,5,0.19628887922103197,0.6043276099630797,0.1993835108158883,0.0
2021-07-19,112504.01740333723,0.010588792900797828,0.0,5,0.19136380869684252,0.6111088741740743,0.1975273171290832,0.0
2021-07-20,113507.76146270323,0.009536291138267481,0.0,3,0.8037990013595888,0.1962009986404111,0.0,0.0
2021-07-21,113964.35085058205,0.0040225389171193995,0.0,3,0.8070602827329206,0.1929397172670793,0.0,0.0
2021-07-22,114364.8353649346,0.0035141209629458727,0.0,3,0.8059184125215499,0.19408158747844995,0.0,0.0
2021-07-23,115164.59234091571,0.006993032197607946,0.0,3,0.8085554000487221,0.1914445999512778,0.0,0.0
2021-07-26,115327.84586167723,0.0014175669573703053,0.0,3,0.8093928745374369,0.19060712546256312,0.0,0.0
2021-07-27,115152.41390655833,-0.0015117800170477203,0.0015211586916251685,3,0.7975597137498446,0.2024402862501555,0.0,0.0
2021-07-28,115116.31255459771,-0.0003135092937775059,0.0018341910880155243,3,0.7974827026042371,0.2025172973957629,0.0,0.0
2021-07-29,115367.76252417099,0.002184312231631224,0.0,3,0.799044795730511,0.20095520426948896,0.0,0.0
2021-07-30,115029.1325402338,-0.002935221907127142,0.002935221907127139,3,0.7975052143276868,0.20249478567231313,0.0,0.0
2021-08-02,115044.39110646528,0.00013264958097585823,0.0028029616821073633,3,0.7957262414989504,0.20427375850104948,0.0,0.0
2021-08-03,114929.34671535881,0.0,0.003800158720425273,0,0.0,0.0,0.0,1.0
2021-08-04,114889.36458265343,-0.0003478844511698,0.004146721155464217,0,0.0,0.0,0.0,1.0
2021-08-05,114836.09787563601,-0.0004636347951868,0.0046084333864374605,0,0.0,0.0,0.0,1.0
2021-08-06,114796.22080546913,-0.0003472520479586,0.004954085146464671,0,0.0,0.0,0.0,1.0
2021-08-09,114756.21532553296,-0.0003484912626519,0.0053008499537285925,0,0.0,0.0,0.0,1.0
2021-08-10,114649.68020516925,7.171136014510001e-05,0.006224289206018807,3,0.8009378473445913,0.19906215265540872,0.0,0.0
2021-08-11,114863.84398942038,0.001867984139753966,0.00436793193978291,3,0.8014309753232747,0.19856902467672527,0.0,0.0
2021-08-12,115102.36161971228,0.0020765248837908983,0.002300477175355753,3,0.8021672136866107,0.1978327863133893,0.0,0.0
2021-08-13,115630.09210832525,0.0045848797642967475,0.0,3,0.7999593749942054,0.20004062500579464,0.0,0.0
2021-08-16,115903.93443073858,0.0023682617337777542,0.0,3,0.7999484043329279,0.20005159566707198,0.0,0.0
2021-08-17,115761.16425658164,-0.0002320295078086,0.0012317974783008223,0,0.0,0.0,0.0,1.0
2021-08-18,115761.16425658164,0.0,0.0012317974783008223,0,0.0,0.0,0.0,1.0
2021-08-19,115761.16425658164,0.0,0.0012317974783008223,0,0.0,0.0,0.0,1.0
2021-08-20,115761.16425658164,0.0,0.0012317974783008223,0,0.0,0.0,0.0,1.0
2021-08-23,115761.16425658164,0.0,0.0012317974783008223,0,0.0,0.0,0.0,1.0
2021-08-24,115478.29114622025,-0.0016948636269251752,0.0036723799464519757,4,0.25082198007553713,0.24847684371377918,0.25030569874158987,0.2503954774690939
2021-08-25,115096.83038986594,-0.0033033114065681435,0.0069635603384538,4,0.2521813560051426,0.24722950673954727,0.24939304240714702,0.2511960948481631
2021-08-26,115036.86276454563,-0.0005210189117909406,0.007480951103614908,4,0.2508233264682892,0.24804350539306336,0.24980612714908434,0.2513270409895631
2021-08-27,115941.01823625037,0.007859702098755398,0.0,4,0.2510924083307868,0.2477836846028548,0.25158323105896463,0.24954067600739382
2021-08-30,116006.75124769153,0.0005669521662059909,0.0,4,0.25205372759865696,0.24828943263768485,0.2501996559268025,0.24945718383685558
2021-08-31,115820.97263386889,-0.0015991967895626,0.001601446569484355,4,0.2500294488322899,0.248696016508947,0.2509031572017238,0.2503713774570393
2021-09-01,115883.98292396324,0.0005440317816490967,0.0010582860256654891,4,0.2500263468248296,0.24897723194858604,0.25078150194392884,0.2502149192826556
2021-09-02,116022.00342130063,0.0011910230719973,0.0,4,0.2504972234539436,0.24976655512033302,0.24981895936826845,0.2499172620574547
2021-09-03,116061.38330606945,0.0003394173829754273,0.0,4,0.2503514636633826,0.247411162878517,0.2524049088819544,0.24983246457614605
2021-09-07,115131.47557548924,-0.00801220616273304,0.008012206162733015,4,0.2514711474639761,0.24730547956117327,0.2494606120428131,0.25176276093203753
2021-09-08,115226.528144,0.0008288367822582251,0.007193220848211168,4,0.24948861634085986,0.2514930770226346,0.2491673801845277,0.2498509264519779
2021-09-09,115587.8076314073,0.003135384648193285,0.004080389714236521,4,0.2476442892579378,0.25374070226653095,0.24948733067498707,0.24912767780054412
2021-09-10,114947.64784279995,-0.005538298560421843,0.009596089858178058,4,0.24706003801479554,0.25290417388271913,0.24960766163499296,0.25042812646749235
2021-09-13,115299.41283398167,0.003060219132650433,0.00656523686331012,4,0.24693660313951393,0.253661784054017,0.2496797127096808,0.24972190009678819
2021-09-14,115689.01316456853,0.003379031349863317,0.0032083896546272195,4,0.24477694862104238,0.25587227312372623,0.2504410390364707,0.24890973921876058
2021-09-15,115658.82240616153,-0.0002546530801953999,0.003468517162563023,4,0.252152331738373,0.24918674931755794,0.24859723945784298,0.25006367948622615
2021-09-16,114819.46654843936,-0.007257171050683779,0.010700516590905873,4,0.2535930581505574,0.2498580376106389,0.24474466032812892,0.25180424391067474
2021-09-17,114346.76990638865,-0.004116868474138877,0.014773332445634613,4,0.25216083262356365,0.24968578582075832,0.24536687280175354,0.25278650875392444
2021-09-20,114427.22008125181,0.0007035631608048837,0.014080163257300882,4,0.2477819608990514,0.2526045629158592,0.24694606942708994,0.25266740675799954
2021-09-21,114570.71470886271,0.0012540252879428607,0.012843794850140977,4,0.24723783943766453,0.25207117547280206,0.24828161028215373,0.25240937480737974
2021-09-22,115537.58266165518,0.00899678491839166,0.00451313459734437,3,0.8006011163961132,0.19939888360388688,0.0,0.0
2021-09-23,116140.85275310662,0.005221418672208894,0.0,3,0.8061192637927166,0.19388073620728344,0.0,0.0
2021-09-24,116074.99774937866,-0.0005670270380049639,0.0005670270380049303,3,0.8079052207151991,0.19209477928480093,0.0,0.0
2021-09-27,115724.7283427216,-0.003017612866237757,0.0035829288361574063,3,0.8080320380400267,0.19196796195997343,0.0,0.0
2021-09-28,113494.31428303507,-0.019273443901126452,0.02278731735935835,3,0.8073083911858073,0.1926916088141927,0.0,0.0
2021-09-29,113410.10827001798,-0.00018473492860267488,0.02351235089425152,4,0.2504670748797558,0.2504799042191014,0.2489197951744313,0.2501332257267115
2021-09-30,113573.07498983412,0.0014369682059390894,0.022109169188994304,4,0.24705077366589023,0.25008589255698316,0.2530309426960542,0.24983239108107255
2021-10-01,114223.82075511574,0.005729753864107812,0.01650609542247916,4,0.2485626009512346,0.2507539328834863,0.25215623970696016,0.24852722645831882
2021-10-04,113906.30488273982,-0.002779769318491331,0.019239981603347056,4,0.24604101341306966,0.2508125752255633,0.2540420850683897,0.2491043262929773
2021-10-05,113784.00097235267,-0.0010737237988102705,0.02029304697602119,4,0.24886829646466754,0.24865767307385653,0.25313092245341423,0.24934310800806167
2021-10-06,114284.38706365184,0.00475069554197954,0.01598460529131185,5,0.19988163441488144,0.6005318753687671,0.1995864902163515,0.0
2021-10-07,113643.94103096068,-0.0056039678660083185,0.02149899594291682,5,0.20274593190158183,0.5976008958488659,0.1996531722495522,0.0
2021-10-08,113136.24033402393,-0.004467468237470133,0.02587041809887458,5,0.20328436250368584,0.5960810113198693,0.20063462617644473,0.0
2021-10-11,112755.77708677108,-0.0033628768830356497,0.02914629595093099,5,0.20249361527833531,0.5965747645227414,0.2009316201989233,0.0
2021-10-12,113952.12994294368,0.010610124705645306,0.018845417080032623,5,0.19987443100552996,0.6004059074104485,0.19971966158402166,0.0
2021-10-13,114433.05921971983,0.0048234703442709605,0.014704503134803426,3,0.7990241117138955,0.20097588828610435,0.0,0.0
2021-10-14,116056.48590109026,0.014186693010219485,0.0007264183964251769,3,0.8010991659433955,0.19890083405660444,0.0,0.0
2021-10-15,116630.04834861723,0.004942097316437866,0.0,3,0.8032305957354405,0.1967694042645595,0.0,0.0
2021-10-18,117015.00749070347,0.0033006857798392733,0.0,3,0.8029582616358389,0.19704173836416092,0.0,0.0
2021-10-19,117421.79665918335,0.0034763845869274,0.0,3,0.8063497093684087,0.19365029063159145,0.0,0.0
2021-10-20,117631.48122621673,0.0017920991117629202,0.0,3,0.8017054247718955,0.1982945752281044,0.0,0.0
2021-10-21,117849.69237733733,0.0018550404096413131,0.0,3,0.802308252138839,0.19769174786116103,0.0,0.0
2021-10-22,118008.30190692966,0.0013458629071723463,0.0,3,0.8003997083980828,0.19960029160191706,0.0,0.0
2021-10-25,118478.86600310492,0.003987550778812155,0.0,3,0.8014959533985961,0.1985040466014038,0.0,0.0
2021-10-26,118758.82701310384,0.002362961593433802,0.0,3,0.8003262898058574,0.19967371019414268,0.0,0.0
2021-10-27,119940.31095861417,0.01055526187287118,0.0,5,0.19703420508863154,0.6045354668919217,0.19843032801944663,0.0
2021-10-28,119917.26454362324,-0.0001921490348551927,0.0001921490348550936,5,0.1989736122516192,0.6026051369477881,0.19842125080059278,0.0
2021-10-29,119984.12055471717,0.0005575178132053782,0.0,5,0.19926625923458788,0.6041102593206011,0.19662348144481112,0.0
2021-11-01,119626.51350595769,-0.002980453139183487,0.002980453139183603,5,0.20020572538311862,0.6015534562018641,0.1982408184150174,0.0
2021-11-02,119991.81082282765,0.003053648444345668,0.0,5,0.2004032099560924,0.6023842091818099,0.19721258086209764,0.0
2021-11-03,119843.92192378646,-0.0002327243254361,0.001232491601110608,0,0.0,0.0,0.0,1.0
2021-11-04,119955.5469672626,0.0009314201478414,0.0003022194207785711,0,0.0,0.0,0.0,1.0
2021-11-05,120011.40229470379,0.0004656335522059,0.0,0,0.0,0.0,0.0,1.0
2021-11-08,119871.81901200487,-0.0011630835073168,0.0011630835073167534,0,0.0,0.0,0.0,1.0
2021-11-09,119941.62899865567,0.0005823719638708,0.0005813888906721631,0,0.0,0.0,0.0,1.0
2021-11-10,119704.33864108757,-0.0019783819808781,0.0025586206622449925,0,0.0,0.0,0.0,1.0
2021-11-11,119620.64737643245,-0.0006991498019637,0.00325598160507945,0,0.0,0.0,0.0,1.0
2021-11-12,119718.32999089986,0.0008166032922394,0.002442037158138066,0,0.0,0.0,0.0,1.0
2021-11-15,119704.33864108758,-0.0001168689023088,0.0025586206622448815,0,0.0,0.0,0.0,1.0
2021-11-16,119704.33864108758,0.0,0.0025586206622448815,0,0.0,0.0,0.0,1.0
2021-11-17,119746.19038851559,0.0003496259860178,0.0022098892364987854,0,0.0,0.0,0.0,1.0
2021-11-18,119732.27241990862,-0.0001162289051686,0.0023258612886609686,0,0.0,0.0,0.0,1.0
2021-11-19,119704.3386410876,-0.000233302001678,0.0025586206622446594,0,0.0,0.0,0.0,1.0
2021-11-22,119564.79204899131,-0.001165760520299,0.003721398443589319,0,0.0,0.0,0.0,1.0
2021-11-23,119564.79204899131,0.0,0.003721398443589319,0,0.0,0.0,0.0,1.0
2021-11-24,120636.79978657016,0.00997589068221712,0.0,5,0.1985531830050161,0.6036116989164607,0.19783511807852316,0.0
2021-11-26,121904.08372440799,0.010504953215601527,0.0,5,0.192106789247414,0.612431024317136,0.19546218643545005,0.0
2021-11-29,121558.35518749611,-0.002836070181975898,0.002836070181975847,5,0.19501638409194358,0.6092357290195792,0.1957478868884771,0.0
2021-11-30,122062.99754046726,0.004151441109850282,0.0,5,0.1904312404747794,0.6159404974882172,0.1936282620370033,0.0
2021-12-01,122362.84061491174,0.0024564616672229423,0.0,5,0.18785464937131016,0.6182212782277986,0.1939240724008912,0.0
2021-12-02,123816.83560438905,0.012502450150199861,0.0,3,0.8022231647238305,0.1977768352761695,0.0,0.0
2021-12-03,123244.74763330464,-0.004620437667396959,0.004620437667396948,3,0.798934270108813,0.20106572989118698,0.0,0.0
2021-12-06,124070.53566397433,0.006700391266382409,0.0,3,0.8030158211076501,0.19698417889235,0.0,0.0
2021-12-07,125933.90199603459,0.015018604716166428,0.0,3,0.8074985369191827,0.19250146308081714,0.0,0.0
2021-12-08,125784.1431560021,-0.00118918605442087,0.0011891860544208654,3,0.8106006329744776,0.18939936702552237,0.0,0.0
2021-12-09,125614.33313066122,-0.000350361746968,0.002537592024929314,0,0.0,0.0,0.0,1.0
2021-12-10,125673.05146096271,0.0004674492857468,0.002071328934762029,0,0.0,0.0,0.0,1.0
2021-12-13,125746.52656708713,0.0005846528374242,0.0014878871056767107,0,0.0,0.0,0.0,1.0
2021-12-14,125673.05146096271,-0.0005843112182126,0.002071328934762029,0,0.0,0.0,0.0,1.0
2021-12-15,125717.1288053126,0.0003507302785878,0.0017213251339485147,0,0.0,0.0,0.0,1.0
2021-12-16,125817.02973318096,0.0007946485003094,0.0009280444820752853,0,0.0,0.0,0.0,1.0
2021-12-17,125758.34999950323,-0.0004663894371228,0.0013940010890545196,0,0.0,0.0,0.0,1.0
2021-12-20,125787.65770248897,0.0002330477696776,0.0011612781882215373,0,0.0,0.0,0.0,1.0
2021-12-21,125714.19546190581,-0.0005840178752427,0.001744617856244135,0,0.0,0.0,0.0,1.0
2021-12-22,125699.50301378917,-0.0001168718302865,0.0018612857898486768,0,0.0,0.0,0.0,1.0
2021-12-23,125132.9301545201,-0.0035108704517137594,0.006360255886772359,5,0.20195347121095283,0.5968894888857113,0.20115703990333583,0.0
2021-12-27,125731.21928547986,0.00478122849214006,0.0016094372312954741,5,0.2038369639030162,0.5954892747000162,0.2006737613969676,0.0
2021-12-28,125304.78534164338,-0.003391631340727234,0.004995609954268065,5,0.20436351425014385,0.5951476571606363,0.20048882858921985,0.0
2021-12-29,124515.42354530201,-0.006299534324959541,0.01126367426284658,5,0.20592216486468434,0.5923778369578396,0.2016999981774761,0.0
2021-12-30,125243.35047913928,0.005846078446437859,0.005483444139744442,5,0.2041593487797052,0.5938737232193461,0.20196692800094862,0.0
2021-12-31,125497.91649708195,0.0020387098927635,0.0034620185036937645,5,0.19909003252822968,0.5999533421332061,0.20095662533856437,0.0
2022-01-03,123278.15197401264,-0.01768766036144453,0.02108844385768005,5,0.20384835537614304,0.5947236952983023,0.20142794932555472,0.0
2022-01-04,123147.78850496285,-0.0010574742317460129,0.022123617603458934,5,0.20399584379512872,0.5928775837413898,0.20312657246348154,0.0
2022-01-05,122193.89135327822,-0.007745954379409713,0.029698203450204685,5,0.20164058913143715,0.5942628524445804,0.20409655842398236,0.0
2022-01-06,122053.36210467503,-0.0011500513409209295,0.03081410033242471,5,0.20168307167634386,0.5964872395586103,0.2018296887650458,0.0
2022-01-07,121541.10527665196,-0.00419349268967902,0.03488176455868852,5,0.20004820466647105,0.5981955042650549,0.201756291068474,0.0
2022-01-10,121764.33142511094,0.001836630890848696,0.03310919859415573,5,0.1994329889955823,0.5985683363148768,0.20199867468954089,0.0
2022-01-11,122767.74116804266,0.008240588448094402,0.025141449425521878,5,0.1996046252281292,0.5976305571809416,0.2027648175909292,0.0
2022-01-12,122618.6722946505,-0.0012142348794063533,0.026325156680116812,5,0.2003875913825786,0.5960646052681315,0.20354780334928993,0.0
2022-01-13,122844.43107062684,0.001841145167791658,0.024532479947337982,5,0.19726335150444949,0.600253096302234,0.20248355219331657,0.0
2022-01-14,121669.73201864741,-0.00955978283707428,0.0338603815954297,5,0.20201300232515057,0.5966380807363584,0.20134891693849113,0.0
2022-01-18,120172.27385162238,-0.01230756526031901,0.0457512079995237,5,0.20090810615829946,0.5955703999112484,0.20352149393045202,0.0
2022-01-19,120805.50352077463,0.005269349150654401,0.040722937937883064,5,0.19777980224915911,0.5965504211246696,0.20566977662617117,0.0
2022-01-20,120923.41766299654,0.0009760659803189003,0.039786620231904046,5,0.1954000269789394,0.5996441916403271,0.20495578138073348,0.0
2022-01-21,121242.06053958212,0.00263507997659815,0.03725638118161545,5,0.19106076166167962,0.6051890107464334,0.20375022759188696,0.0
2022-01-24,121191.95405060095,0.0005873108558189,0.0376542604515101,0,0.0,0.0,0.0,1.0
2022-01-25,121135.09542562852,-0.0004691617147182,0.0381057562288285,0,0.0,0.0,0.0,1.0
2022-01-26,120921.638878679,-0.0017621362842825,0.03980074497742003,0,0.0,0.0,0.0,1.0
2022-01-27,120822.04907849724,-0.0008235895668077,0.040591555065913165,0,0.0,0.0,0.0,1.0
2022-01-28,120864.6681310894,0.0003527423422895,0.04025313108383477,0,0.0,0.0,0.0,1.0
2022-01-31,120864.6681310894,0.0,0.04025313108383477,0,0.0,0.0,0.0,1.0
2022-02-01,120854.77642464153,-8.184117493414966e-05,0.04033167789522629,0,0.0,0.0,0.0,1.0
2022-02-02,120883.20573712776,0.0002352353239754,0.040105930006566926,0,0.0,0.0,0.0,1.0
2022-02-03,120783.615936946,-0.0008238514157073,0.04089674009506006,0,0.0,0.0,0.0,1.0
2022-02-04,120541.65532909881,-0.0020032568653475,0.04281807028504181,0,0.0,0.0,0.0,1.0
2022-02-07,120568.87587884908,0.00122704566144154,0.04260192078662384,5,0.1991138115321522,0.5996525948770293,0.2012335935908185,0.0
2022-02-08,120357.17695528653,-0.0017558339332555623,0.04428295282174022,5,0.20110523311790654,0.5966909919706966,0.2022037749113968,0.0
2022-02-09,120929.2811285936,0.004753386443415994,0.039740060365941576,5,0.2030832446780255,0.5949855109412248,0.20193124438074989,0.0
2022-02-10,119251.8881767762,-0.013870858539493776,0.05305969014974843,5,0.20223997039923283,0.5937658550761973,0.2039941745245699,0.0
2022-02-11,120289.79846650288,0.008703512418923533,0.04481798340298737,5,0.19654150382897737,0.5973709232231234,0.2060875729478993,0.0
2022-02-14,119913.36834773929,-0.0021314917830334,0.047807092076642466,0,0.0,0.0,0.0,1.0
2022-02-15,119956.03141232216,0.0003557823883251,0.04746831860971523,0,0.0,0.0,0.0,1.0
2022-02-16,120112.59551706436,0.0013051790968645,0.046225094170063374,0,0.0,0.0,0.0,1.0
2022-02-17,120183.69647257938,0.000591952535943,0.0456605046958386,0,0.0,0.0,0.0,1.0
2022-02-18,120197.94655896853,0.0001185692136902,0.045547349412286775,0,0.0,0.0,0.0,1.0
2022-02-22,120057.83087450346,-0.00016587367881444045,0.046659962316709214,5,0.1978864413562412,0.6016625015170238,0.20045105712673505,0.0
2022-02-23,118749.35287820156,-0.010898730943004002,0.057050158884612734,5,0.19651796765219523,0.5999088069390938,0.20357322540871098,0.0
2022-02-24,118991.54844293128,0.0020395527121577443,0.055126962978737204,5,0.19906942783424622,0.5990821014206579,0.2018484707450959,0.0
2022-02-25,119486.32188487996,0.004158055327651925,0.05119812861319628,5,0.2026191772500919,0.5970376821731341,0.20034314057677383,0.0
2022-02-28,121236.12754968673,0.014644401444481899,0.037303493117332165,5,0.19918382371433968,0.6013179420101256,0.19949823427553476,0.0
2022-03-01,120640.56201537908,-0.004513435619250679,0.042032684581012836,1,0.5935408714705949,0.40645912852940513,0.0,0.0
2022-03-02,120281.65290485053,-0.002975028502294232,0.04488266464865065,1,0.606263356799986,0.393736643200014,0.0,0.0
2022-03-03,120400.97361659716,0.0009920109082722484,0.04393517783330225,1,0.6026471492965858,0.3973528507034142,0.0,0.0
2022-03-04,120637.40279876634,0.0019636816469779917,0.042057770888692225,1,0.5965794998024049,0.40342050019759523,0.0,0.0
2022-03-07,118144.46034528763,-0.02066475566982453,0.061853412999084534,1,0.5912100225375908,0.4087899774624093,0.0,0.0
2022-03-08,117933.66685000087,-0.0015845181659751005,0.06352725532387327,2,0.3975973090910857,0.39660480089160366,0.20579789001731064,0.0
2022-03-09,118011.36958413888,0.0006588681265787788,0.06291024328099648,2,0.40798838860195896,0.39245969713967477,0.1995519142583664,0.0
2022-03-10,117202.0466188404,-0.006858008411820636,0.06933681271520631,2,0.4089507323906305,0.389492226485608,0.20155704112376144,0.0
2022-03-11,116579.37591903307,-0.005312797154748852,0.07428123744864246,2,0.4059073543011831,0.392883138809578,0.20120950688923897,0.0
2022-03-14,114810.53138902527,-0.015172876986717702,0.08832705435713073,2,0.40914883509278843,0.3896213976580906,0.20122976724912092,0.0
2022-03-15,114736.69492228072,0.000357241441425,0.08891336563292107,0,0.0,0.0,0.0,1.0
2022-03-16,114627.40285198163,-0.0009525467887419,0.08978121828075314,0,0.0,0.0,0.0,1.0
2022-03-17,114586.4168310884,-0.0003575586628807,0.09010667489127355,0,0.0,0.0,0.0,1.0
2022-03-18,114559.04897758062,-0.0002388402942045,0.09032399408073721,0,0.0,0.0,0.0,1.0
2022-03-21,114176.58053465348,-0.0033386139841471,0.09336105111514237,0,0.0,0.0,0.0,1.0
2022-03-22,114094.53675537415,-0.0007185692450687,0.09401253398019249,0,0.0,0.0,0.0,1.0
2022-03-23,114190.22261453654,0.0008386541712119,0.0932527238127493,0,0.0,0.0,0.0,1.0
2022-03-24,114162.90258602398,-0.0002392501554602,0.0934696632395402,0,0.0,0.0,0.0,1.0
2022-03-25,113848.62063001463,-0.0027529254152638,0.09596527364331575,0,0.0,0.0,0.0,1.0
2022-03-28,113739.28073472035,-0.0009603971896121,0.09683350605382046,0,0.0,0.0,0.0,1.0
2022-03-29,113794.0164417359,0.0004812383783507,0.09639886767489303,0,0.0,0.0,0.0,1.0
2022-03-30,113875.9287022784,0.0007198292415,0.09574842915719295,0,0.0,0.0,0.0,1.0
2022-03-31,113875.9287022784,0.0,0.09574842915719295,0,0.0,0.0,0.0,1.0
2022-04-01,113638.08304486024,-0.002088638574707,0.0976370838692946,0,0.0,0.0,0.0,1.0
2022-04-04,113706.49670050527,0.0006020310604679,0.09709383336596944,0,0.0,0.0,0.0,1.0
2022-04-05,111849.97735944008,-0.015342636106022201,0.11183584732440033,2,0.4011013714098275,0.39705478039130926,0.2018438481988632,0.0
2022-04-06,111094.79246828561,-0.006751766151258121,0.11783252398719635,2,0.3997898390007894,0.3965180675485107,0.2036920934506999,0.0
2022-04-07,111072.46562716289,-0.0002009710862828551,0.11800981414313405,2,0.40188526251927537,0.39361059320825476,0.2045041442724699,0.0
2022-04-08,110621.91728002843,-0.004056345959284045,0.12158747146966276,2,0.40244309077850504,0.39093321105364387,0.206623698167851,0.0
2022-04-11,109289.98619101453,-0.012040390564215714,0.13216390138966827,2,0.400385173823378,0.3894357470626237,0.21017907911399827,0.0
2022-04-12,109263.24642315661,-3.411098009173993e-05,0.13237623315604807,5,0.19926574374209738,0.5991920311312732,0.2015422251266295,0.0
2022-04-13,109751.18149910755,0.004465683493068343,0.12850170002225925,5,0.20065202596677784,0.5977409694027181,0.20160700463050388,0.0
2022-04-14,108088.81563346052,-0.015146678540864232,0.14170200462093185,5,0.20120105740701621,0.5947675591395213,0.2040313834534625,0.0
2022-04-18,107846.62546360392,-0.0022406589288376144,0.14362515768788142,5,0.20173578856079646,0.5931412929750123,0.20512291846419123,0.0
2022-04-19,107384.3342368035,-0.004286561816961439,0.14729606138794293,5,0.20587488551410676,0.5912324872851371,0.20289262720075618,0.0
2022-04-20,108769.30869424112,0.012906241044801179,0.13629843139724163,5,0.19730520378877606,0.6042766392730518,0.19841815693817225,0.0
2022-04-21,107885.34759438517,-0.00812693498255865,0.14331767788961025,5,0.19594723809382084,0.6047205374131774,0.19933222449300175,0.0
2022-04-22,106685.60208946325,-0.011120560221324717,0.15284446524318307,5,0.1927136998796283,0.6076721812709454,0.19961411884942634,0.0
2022-04-25,107070.44110006177,0.003607225371196746,0.14978858430485853,5,0.1931342977026608,0.6115434189066243,0.19532228339071486,0.0
2022-04-26,107162.60421782995,0.0008607708796310573,0.14905674707669825,5,0.1873796689238768,0.617168417189822,0.19545191388630118,0.0
2022-04-27,106749.55753432719,-0.0034431923917697,0.15233661593612402,1,0.6037659511500995,0.39623404884990066,0.0,0.0
2022-04-28,108440.56461766236,0.015840881427460547,0.13890888077876806,1,0.6093638609625796,0.39063613903742045,0.0,0.0
2022-04-29,105449.0166991263,-0.02758698213241148,0.16266378609910237,1,0.6034930540137012,0.39650694598629876,0.0,0.0
2022-05-02,105107.32403340624,-0.0032403589565467715,0.16537705599945707,1,0.609099383904456,0.3909006160955441,0.0,0.0
2022-05-03,105677.79644697072,0.005427522951523156,0.1608471208150264,1,0.6085884566889757,0.39141154331102435,0.0,0.0
2022-05-04,107840.68313592357,0.02047556776062838,0.14367234377189986,1,0.6058662321416673,0.39413376785833254,0.0,0.0
2022-05-05,104353.89891520706,-0.03233273491342523,0.17135975887975774,1,0.6038563330236989,0.3961436669763011,0.0,0.0
2022-05-06,103368.63037445607,-0.009441607366789147,0.1791834546847365,1,0.6059734523027722,0.3940265476972278,0.0,0.0
2022-05-09,101721.43169801259,-0.01593518914274531,0.19226332158583004,1,0.5960701819256815,0.40392981807431844,0.0,0.0
2022-05-10,102234.16318883971,0.005040545362645841,0.18819188821721045,1,0.5944511063067746,0.40554889369322544,0.0,0.0
2022-05-11,102047.26901924078,-0.0018225602009889783,0.1896759537995254,1,0.5915465110418962,0.40845348895810385,0.0,0.0
2022-05-12,101906.50107310133,-0.0013794386414486418,0.19079374610094935,1,0.5917452305300307,0.4082547694699693,0.0,0.0
2022-05-13,102733.25598396208,0.008112877021140004,0.18422875527832883,1,0.6010165579412883,0.3989834420587117,0.0,0.0
2022-05-16,102440.3218583131,-0.0028514050571387052,0.18655484953099655,1,0.6002896355659273,0.3997103644340727,0.0,0.0
2022-05-17,103210.49013881975,0.007518214181051481,0.18043919466523284,1,0.6080661494176351,0.3919338505823648,0.0,0.0
2022-05-18,100302.80569999848,-0.027985810700922844,0.20352816747346703,3,0.7898554566614047,0.2101445433385954,0.0,0.0
2022-05-19,99868.08767415378,-0.0043340564883591086,0.20698012138702393,3,0.7884351812161342,0.2115648187838658,0.0,0.0
2022-05-20,100142.25671980604,0.002745311861250553,0.20480303450806026,3,0.7866197049965534,0.21338029500344652,0.0,0.0
2022-05-23,101264.54263103912,0.011206916520497316,0.19589132849843927,3,0.7924566205321519,0.20754337946784807,0.0,0.0
2022-05-24,101066.66042196973,-0.0019541115174971776,0.19746264651473977,3,0.7879469369797991,0.21205306302020094,0.0,0.0
2022-05-25,101859.68720863517,0.00785871937765048,0.19116547971456865,3,0.8007748437771541,0.1992251562228458,0.0,0.0
2022-05-26,103397.65086936833,0.01509884531240527,0.1789530124094454,3,0.8046263102003274,0.19537368979967254,0.0,0.0
2022-05-27,105489.3618624003,0.02022977287631639,0.16234341832970478,3,0.8080328641062814,0.19196713589371864,0.0,0.0
2022-05-31,104582.56849241766,-0.0085960646075901,0.16954396842471575,3,0.8104659699771378,0.1895340300228622,0.0,0.0
2022-06-01,103874.31876287628,-0.00677215849401065,0.17516794829285065,3,0.8093918097881939,0.19060819021180617,0.0,0.0
2022-06-02,105060.65506701259,0.0116327092834035,0.16574763902478984,1,0.6043954457903051,0.39560455420969476,0.0,0.0
2022-06-03,103929.18589056807,-0.010769675629024129,0.17473226634524042,1,0.6009482637221981,0.39905173627780194,0.0,0.0
2022-06-06,103354.43258461452,-0.005530239662982972,0.17929619469847802,1,0.6061301159679866,0.39386988403201345,0.0,0.0
2022-06-07,104394.99942018189,0.010067945897873966,0.17103339318852295,1,0.605844577634398,0.394155422365602,0.0,0.0
2022-06-08,103342.77877238256,-0.010079224614621891,0.1793887338165967,1,0.60535931370958,0.39464068629041993,0.0,0.0
2022-06-09,102950.18857009072,-0.0033949296257898207,0.18250616443749668,5,0.19590850306722873,0.6040490180921301,0.20004247884064116,0.0
2022-06-10,102255.89903141074,-0.006743936541770338,0.18801929098781855,5,0.19151962410438944,0.6043784199444042,0.2041019559512063,0.0
2022-06-13,99021.83828011868,-0.031627131362843126,0.21369991153584134,5,0.1902655354893538,0.6045333868080516,0.20520107770259458,0.0
2022-06-14,98047.3902668971,-0.00984073846887201,0.22143768506446804,5,0.1915774730046397,0.6028406389368888,0.2055818880584715,0.0
2022-06-15,99680.92950430991,0.016660711039489344,0.20846628330909123,5,0.1911243681480213,0.6040236861070949,0.20485194574488383,0.0
2022-06-16,99714.37713054994,0.001336883777314,0.208200686629326,0,0.0,0.0,0.0,1.0
2022-06-17,99690.15752273526,-0.0002428898270403,0.2083930066276013,0,0.0,0.0,0.0,1.0
2022-06-21,99653.84396846053,-0.000364264187931,0.20868136070620258,0,0.0,0.0,0.0,1.0
2022-06-22,99944.29954450083,0.0029146449797985,0.2063749478067639,0,0.0,0.0,0.0,1.0
2022-06-23,100029.02059951036,0.0008476827132277,0.20570220556923524,0,0.0,0.0,0.0,1.0
2022-06-24,101281.94795645053,0.013539177731732617,0.19575311849195542,1,0.6108065062511261,0.38919349374887396,0.0,0.0
2022-06-27,100709.4600792281,-0.005652417718788229,0.20029905781527169,1,0.6119322122722836,0.3880677877277165,0.0,0.0
2022-06-28,99632.33934631145,-0.01069532824492632,0.20885212188971425,1,0.6059091239306303,0.3940908760693697,0.0,0.0
2022-06-29,100196.01447390602,0.005657551868126853,0.2043761617339468,1,0.602009774178908,0.3979902258210919,0.0,0.0
2022-06-30,100056.16784389505,-0.001395730466378864,0.20548663816479207,1,0.5979534306474857,0.4020465693525143,0.0,0.0
2022-07-01,101101.80346435614,0.01045255435295804,0.19718358708888706,1,0.6000736705484649,0.399926329451535,0.0,0.0
2022-07-05,101534.06784273333,0.004275535782401483,0.1937511167887862,1,0.5986474550185819,0.4013525449814182,0.0,0.0
2022-07-06,101055.10797971062,-0.004717233074563526,0.19755438068700004,1,0.6035160906918725,0.3964839093081275,0.0,0.0
2022-07-07,101615.95738895152,0.0055499362719348055,0.19310085863811954,1,0.6091743004499378,0.39082569955006213,0.0,0.0
2022-07-08,101125.143379087,-0.004830087935754298,0.1969982524461822,1,0.6116273638569287,0.3883726361430712,0.0,0.0
2022-07-11,101128.39604967965,4.3792678794582e-05,0.19697242405095983,1,0.5931198673397493,0.40688013266025075,0.0,0.0
2022-07-12,100842.11402189301,-0.0028308767761529787,0.19924569616632437,1,0.5895403360964008,0.4104596639035993,0.0,0.0
2022-07-13,101004.51041104495,0.0016104024665396575,0.1979561594603383,1,0.5855012542501061,0.41449874574989387,0.0,0.0
2022-07-14,100519.3243327938,-0.004803608039647558,0.20180886370090434,1,0.5868987026286187,0.4131012973713814,0.0,0.0
2022-07-15,101880.14460506091,0.013537897128733042,0.19100303420862075,1,0.5901225078724648,0.4098774921275353,0.0,0.0
2022-07-18,100973.67667325746,-0.008689341623190941,0.19820100010530184,3,0.8003489656539334,0.1996510343460666,0.0,0.0
2022-07-19,103048.467711202,0.02054784084626723,0.1817257618647694,3,0.8054240703648233,0.19457592963517656,0.0,0.0
2022-07-20,103630.02290240757,0.00564351129252504,0.1771078219614709,3,0.8060082160332419,0.19399178396675812,0.0,0.0
2022-07-21,104827.90236907199,0.011559193302432358,0.16759585220846396,3,0.8049118554695095,0.19508814453049064,0.0,0.0
2022-07-22,104388.8392793436,-0.0041884181578160035,0.1710823088557154,3,0.8007979226835538,0.19920207731644618,0.0,0.0
2022-07-25,104014.3508603916,-0.0030383129045759,0.17405599912510605,4,0.2510665575974675,0.2483082362067429,0.2500751697097526,0.2505500364860371
2022-07-26,103681.75726708259,-0.00319757409009284,0.17669701626217127,4,0.24889200083650048,0.24929585569418652,0.2505798756185865,0.2512322678507265
2022-07-27,104512.15324673163,0.00800908473715348,0.17010311290106372,4,0.25332595051298684,0.24592563696259445,0.25112078020962564,0.24962763231479296
2022-07-28,105425.30210173299,0.008737250421447027,0.1628520959745008,4,0.25428150262478993,0.24573634555352797,0.25197916309388424,0.24800298872779772
2022-07-29,105817.24554231516,0.00371773599665807,0.15973980107717833,4,0.2570330208524645,0.24416075898157402,0.25175155330742244,0.24705466685853916
2022-08-01,106595.43905309749,0.007856852723376561,0.15356042047792684,1,0.5935597893781257,0.40644021062187413,0.0,0.0
2022-08-02,105261.28873651825,-0.01251601689932226,0.16415447255948024,1,0.5971174573504372,0.40288254264956275,0.0,0.0
2022-08-03,106913.24372176774,0.01569385103563116,0.1510368373630302,1,0.597097264687033,0.40290273531296705,0.0,0.0
2022-08-04,106855.66187860887,-0.0005385847548385039,0.15149407597984588,1,0.597015375439087,0.402984624560913,0.0,0.0
2022-08-05,105722.83947765596,-0.010601426082969954,0.1604894488143077,1,0.6023924696103169,0.39760753038968305,0.0,0.0
2022-08-08,106315.10431177546,0.0061051044555410754,0.1557864671331861,4,0.24819456787323277,0.2524937915210743,0.2505876406829549,0.24872399992273797
2022-08-09,106161.86785886138,-0.0014413422618172866,0.15700326777610518,4,0.24756579901542822,0.25187541577679357,0.25171713380050964,0.24884165140726847
2022-08-10,106497.74802163443,0.003163849407958661,0.15433615306394755,4,0.25196847061894206,0.24944114772704973,0.2502929435592971,0.2482974380947111
2022-08-11,105798.60305760812,-0.0065648802628603285,0.15988783496171255,4,0.2536335444690261,0.24523680725296648,0.25128225344617255,0.24984739483183493
2022-08-12,106766.93617579325,0.009152607786870914,0.15219861781813826,4,0.25558804816534875,0.24547695329268668,0.25129356148244286,0.24764143705952166
2022-08-15,106486.95278773972,-0.00226866040240368,0.15442187449180456,5,0.2012807538183635,0.6008437400230614,0.19787550615857508,0.0
2022-08-16,106758.06805205157,0.002545995140383608,0.15226903669344594,5,0.2011628452109392,0.6018095811565793,0.19702757363248144,0.0
2022-08-17,105799.01685294109,-0.008983407217924585,0.15988454914807226,5,0.20154555185473003,0.6009268440801644,0.19752760406510553,0.0
2022-08-18,105900.50466340866,0.0009592509787557144,0.15907866757957478,5,0.2019376356741097,0.6012403762678933,0.19682198805799692,0.0
2022-08-19,104435.28807375678,-0.013835784770893074,0.17071347414419635,5,0.20201910154228156,0.5998585929224052,0.1981223055353133,0.0
2022-08-22,104191.78454150946,-0.0013329541593916,0.17264705619309517,0,0.0,0.0,0.0,1.0
2022-08-23,104242.38386858196,0.0004856364376055,0.17224526345682234,0,0.0,0.0,0.0,1.0
2022-08-24,104128.59875581865,-0.0010915436556667,0.17314879388794413,0,0.0,0.0,0.0,1.0
2022-08-25,104191.78454150949,0.000606805300809,0.17264705619309495,0,0.0,0.0,0.0,1.0
2022-08-26,104166.51243151663,-0.0002425537685535,0.17284773376753915,0,0.0,0.0,0.0,1.0
2022-08-29,104090.69610153804,-0.000727837845473,0.17344976649087196,0,0.0,0.0,0.0,1.0
2022-08-30,104040.11881730024,-0.0004858963013222,0.17385138419219104,0,0.0,0.0,0.0,1.0
2022-08-31,104027.46623017779,-0.0001216125785542,0.17395185425562842,0,0.0,0.0,0.0,1.0
2022-09-01,103951.53968602566,-0.0007298701670204,0.17455476215372978,0,0.0,0.0,0.0,1.0
2022-09-02,104179.36340415149,0.0021916338980061,0.1727456883895181,0,0.0,0.0,0.0,1.0
2022-09-06,102328.4340083849,-0.01678354017302108,0.18744331441737572,5,0.20264648380866537,0.5951273373823712,0.20222617880896343,0.0
2022-09-07,103874.50748212308,0.015108933198484265,0.17516644973492612,5,0.20321663657248382,0.5955413714504051,0.201241991977111,0.0
2022-09-08,103252.47195094265,-0.005988336756133155,0.1801058308016703,5,0.20577716822534758,0.5929836652452256,0.20123916652942692,0.0
2022-09-09,103828.30533378382,0.005576945248485317,0.17553332591049886,5,0.2078150094014903,0.5910044978939774,0.20118049270453245,0.0
2022-09-12,103661.84386981721,-0.0016032378014018286,0.17685514204839525,5,0.21038579397020374,0.5870893976962247,0.20252480833357164,0.0
2022-09-13,102634.01399066806,-0.00990243619815568,0.1850168035458808,5,0.19321687404634702,0.6074111254249578,0.1993720005286952,0.0
2022-09-14,102845.21148543303,0.0020577729210139862,0.183339753193136,5,0.19355582767293608,0.6082471227106566,0.19819704961640724,0.0
2022-09-15,102197.90721551295,-0.006293966054139174,0.1884797850643033,5,0.19257038602579843,0.6117028176165792,0.19572679635762238,0.0
2022-09-16,101637.64996105006,-0.005482081480215039,0.19292860500542242,5,0.19215465489178854,0.6099475479265254,0.19789779718168596,0.0
2022-09-19,101949.37235294553,0.003066997239851014,0.1904533192646114,5,0.19305274282530038,0.6095026235919893,0.19744463358271036,0.0
2022-09-20,100988.14561907576,-0.00941905820754808,0.1980861069304779,5,0.19958416366987614,0.5996662820481075,0.20074955428201632,0.0
2022-09-21,101745.21594375109,0.007496625668630253,0.19207445865566175,5,0.1946434888670603,0.605175563584722,0.20018094754821766,0.0
2022-09-22,99993.98591778366,-0.017211915171869867,0.20598040453846755,5,0.19638873536014184,0.6000421426148602,0.2035691220249979,0.0
2022-09-23,99558.35097305356,-0.004356611457495852,0.20943963940553156,5,0.193943208495291,0.6051293358211701,0.20092745568353892,0.0
2022-09-26,97983.30011390371,-0.015820379142038644,0.2219466040448027,5,0.19511136616837663,0.6031063388374717,0.2017822949941518,0.0
2022-09-27,97885.3168137898,0.0,0.22272465744075798,0,0.0,0.0,0.0,1.0
2022-09-28,98308.09190001056,0.0043190858443562,0.21936753851154323,0,0.0,0.0,0.0,1.0
2022-09-29,98175.22003056518,-0.0013515862924136,0.22042263064590406,0,0.0,0.0,0.0,1.0
2022-09-30,98090.67763472872,-0.000861137828977,0.22109395420926925,0,0.0,0.0,0.0,1.0
2022-10-03,98305.9567785432,0.0021946952453131,0.21938449281402672,0,0.0,0.0,0.0,1.0
2022-10-04,98933.15108935747,0.007387410874021581,0.21440414756248338,5,0.2046852584881988,0.5939367788516552,0.20137796266014593,0.0
2022-10-05,98213.81857689367,-0.00727089458430458,0.22011613219142356,5,0.2057043128721431,0.592566255837624,0.20172943129023277,0.0
2022-10-06,97659.5871474754,-0.005643110485357437,0.22451710302321526,5,0.20473766197115542,0.5926165604127072,0.20264577761613745,0.0
2022-10-07,96323.0790506911,-0.013685375249088838,0.23512987746759306,5,0.20178827384006126,0.5950065854590307,0.20320514070090787,0.0
2022-10-10,94986.14623873451,-0.01387967271325507,0.24574602443649018,5,0.2030660662955779,0.5940011708056945,0.20293276289872747,0.0
2022-10-11,94937.9822230375,0.0004934298463217,0.24612847916022718,0,0.0,0.0,0.0,1.0
2022-10-12,95031.74873511454,0.0009876606799663,0.24538390990134729,0,0.0,0.0,0.0,1.0
2022-10-13,94750.5510747114,-0.0029589864876309,0.247616808715298,0,0.0,0.0,0.0,1.0
2022-10-14,94703.69838142129,-0.0004944846521597,0.24798885065593124,0,0.0,0.0,0.0,1.0
2022-10-17,94809.17042613376,0.0011137056579109,0.24715133158409475,0,0.0,0.0,0.0,1.0
2022-10-18,94856.01293184108,0.0004940714647831,0.24677937053973042,0,0.0,0.0,0.0,1.0
2022-10-19,94680.28731615042,-0.0018525511484119,0.24817475028184455,0,0.0,0.0,0.0,1.0
2022-10-20,94574.83564660355,-0.0011137658380224,0.24901210756114334,0,0.0,0.0,0.0,1.0
2022-10-21,94820.90652151761,0.0026018641558474,0.2470581390823312,0,0.0,0.0,0.0,1.0
2022-10-24,94797.43433074995,-0.0002475423577851,0.24724452408585784,0,0.0,0.0,0.0,1.0
2022-10-25,96702.47311371918,0.02111700669419892,0.23211723308022203,5,0.19899164169888917,0.6046982513160521,0.19631010698505863,0.0
2022-10-26,97520.77727124172,0.008462080970362048,0.22561934693080143,5,0.1958352279348316,0.6082631596971143,0.19590161236805423,0.0
2022-10-27,98010.30173655265,0.005019694048883318,0.22173219297501956,5,0.19381658718041875,0.611562098243699,0.1946213145758822,0.0
2022-10-28,97855.45980473161,-0.0015798536386230162,0.22296174220177112,5,0.1987415789230401,0.6083195086712068,0.19293891240575314,0.0
2022-10-31,97136.57597361738,-0.007346384479197612,0.22867016399860285,5,0.19876622827403476,0.6084532712151924,0.1927805005107729,0.0
2022-11-01,97446.37809274782,0.0035490711292138,0.22621012651687533,4,0.24802580410212993,0.25144400134810174,0.25165770633924683,0.24887248821052146
2022-11-02,96550.47226713564,-0.009193834015662115,0.23332422217667947,4,0.24404496088437047,0.2526756886954927,0.2522218970583283,0.25105745336180857
2022-11-03,96038.46777469594,-0.005302972429001525,0.23738988268845984,4,0.24281975319573454,0.25265188951716355,0.2526014700572301,0.25192688722987183
2022-11-04,96738.15621579588,0.0072855019172255,0.23183388521669113,4,0.24453313868482332,0.24661043637595792,0.2584722975376562,0.25038412740156263
2022-11-07,96606.33824889804,-0.001362626413964221,0.23288060865500704,4,0.24720908018924792,0.2444832551547626,0.2577994138656169,0.2505082507903726
2022-11-08,97755.96342879681,0.0122599763458154,0.22375181043882086,5,0.19864373070044347,0.5992147052663646,0.20214156403319186,0.0
2022-11-09,97449.31989845679,-0.003136826844976826,0.22618676659820103,5,0.19516344031639335,0.6030763066732043,0.20176025301040226,0.0
2022-11-10,101354.11181883866,0.04006997611117988,0.19518008882127624,5,0.19795637381908296,0.6021506141393717,0.19989301204154541,0.0
2022-11-11,101458.53076579157,0.0010302388830514399,0.19435093205492593,5,0.19966660222478025,0.599326912413378,0.20100648536184182,0.0
2022-11-14,101181.72074065852,-0.002728307053568973,0.19654899008970173,5,0.198509676383808,0.5994929945408879,0.20199732907530418,0.0
2022-11-15,102232.34138872247,0.010587126005308381,0.18820635453714785,2,0.39918539649294293,0.40221384124200654,0.19860076226505044,0.0
2022-11-16,102773.60831407858,0.005294478420463946,0.18390833059937495,2,0.3940538014120554,0.4088449920173429,0.1971012065706017,0.0
2022-11-17,102059.08548910415,-0.006952396015821752,0.18958212307026112,2,0.39559842107175947,0.40736289938592757,0.19703867954231305,0.0
2022-11-18,101817.85435910214,-0.0023636418927912577,0.1914976607148392,2,0.39833606967276936,0.4055199496888936,0.1961439806383371,0.0
2022-11-21,101732.77853608066,-0.0008355688062471776,0.1921732200493238,2,0.3972195945701791,0.4075697484792276,0.19521065695059342,0.0
2022-11-22,101706.26433770829,0.0007401142003709,0.1923837606420643,0,0.0,0.0,0.0,1.0
2022-11-23,101794.05563279081,0.0008631847374811,0.19168663863050872,0,0.0,0.0,0.0,1.0
2022-11-25,101806.5848058398,0.000123083543249,0.19158714855793568,0,0.0,0.0,0.0,1.0
2022-11-28,101831.67580834014,0.0002464575601686,0.19138790909896042,0,0.0,0.0,0.0,1.0
2022-11-29,101794.05563279083,-0.0003694349056978,0.1916866386305086,0,0.0,0.0,0.0,1.0
2022-11-30,102095.00615171787,0.0029564645701187,0.1892968888160661,0,0.0,0.0,0.0,1.0
2022-12-01,102314.8708235191,0.0021535301293238,0.1875510152401949,0,0.0,0.0,0.0,1.0
2022-12-02,102289.75805008385,-0.0002454459770425,0.18775042757505633,0,0.0,0.0,0.0,1.0
2022-12-05,102000.7597744303,-0.0028252904412194,0.19004526852791315,0,0.0,0.0,0.0,1.0
2022-12-06,102113.80535402511,0.0011082817406928,0.1891476104882347,0,0.0,0.0,0.0,1.0
2022-12-07,102327.41088203558,0.0020918378986063,0.1874514387296785,0,0.0,0.0,0.0,1.0
2022-12-08,102226.92713189214,-0.0009819827285503,0.1882493473829544,0,0.0,0.0,0.0,1.0
2022-12-09,102176.66892861923,-0.0004916337082896,0.1886484313665071,0,0.0,0.0,0.0,1.0
2022-12-12,102113.80535402513,-0.0006152439226417,0.18914761048823459,0,0.0,0.0,0.0,1.0
2022-12-13,102415.43077193483,0.0029538162529931,0.1867525015213164,0,0.0,0.0,0.0,1.0
2022-12-14,102427.93817404889,0.0001221241957367,0.18665318432462974,0,0.0,0.0,0.0,1.0
2022-12-15,102441.79537412824,0.0001352873085838,0.18654314882299183,0,0.0,0.0,0.0,1.0
2022-12-16,102542.5621464257,0.0009836490265466,0.18574299278319384,0,0.0,0.0,0.0,1.0
2022-12-19,102416.61728788822,-0.0012282203204327,0.1867430797855123,0,0.0,0.0,0.0,1.0
2022-12-20,102416.61728788822,0.0,0.1867430797855123,0,0.0,0.0,0.0,1.0
2022-12-21,103589.52560633517,0.01246478912385526,0.17742939776775124,3,0.8019657221114243,0.19803427788857578,0.0,0.0
2022-12-22,102400.39746462903,-0.011479231464241858,0.18687187610645606,3,0.7997046945341297,0.2002953054658703,0.0,0.0
2022-12-23,102570.77111802746,0.001663798750950055,0.18551899454955967,3,0.8029689186897281,0.19703108131027205,0.0,0.0
2022-12-27,101846.36588178154,-0.00706249186147147,0.19127126002187655,3,0.8054911084147003,0.19450889158529966,0.0,0.0
2022-12-28,100710.10818560289,-0.01115658557220961,0.20029391141414765,3,0.8044555101941657,0.19554448980583425,0.0,0.0
2022-12-29,100683.71982909097,0.0007387157968732,0.20050345273775994,0,0.0,0.0,0.0,1.0
2022-12-30,100559.80383649499,-0.0012307450778173,0.20148742917803486,0,0.0,0.0,0.0,1.0
2023-01-03,100646.55895325413,0.0008627216188707,0.2007985351202467,0,0.0,0.0,0.0,1.0
2023-01-04,100745.67247079591,0.0009847680692969,0.2000115070366978,0,0.0,0.0,0.0,1.0
2023-01-05,100609.3980774173,-0.0013526575388945,0.20109361750273336,0,0.0,0.0,0.0,1.0
2023-01-06,100993.4402008712,0.0038171595377043,0.19804406438505107,0,0.0,0.0,0.0,1.0
2023-01-09,101092.553718413,0.0009813856953941,0.19725703630150204,0,0.0,0.0,0.0,1.0
2023-01-10,101005.86285677057,-0.0008575395363332,0.19794542013038674,0,0.0,0.0,0.0,1.0
2023-01-11,101092.55371841301,0.0008582755415431,0.19725703630150193,0,0.0,0.0,0.0,1.0
2023-01-12,101315.59393773692,0.0022062972110208,0.19548594673952735,0,0.0,0.0,0.0,1.0
2023-01-13,100966.56962909925,-0.00244736927193746,0.1982574348226065,5,0.20126848093250183,0.5958345985803392,0.20289692048715888,0.0
2023-01-17,100406.42982200011,-0.005547774963107183,0.202705322152555,5,0.2020205564733489,0.5952860016781055,0.2026934418485455,0.0
2023-01-18,101476.04154675077,0.010652821006053772,0.19421188466036687,5,0.1967352736295908,0.6032837316511706,0.19998099471923864,0.0
2023-01-19,101269.51783690401,-0.0020351967488957943,0.195851822013005,5,0.19570135326317564,0.6007299472389043,0.20356869949792003,0.0
2023-01-20,100583.7572829839,-0.006771638382089665,0.20129722267994932,5,0.20070619013778243,0.595020831797034,0.2042729780651835,0.0
2023-01-23,100384.85309366528,-0.0009784765805641,0.20287665590774595,0,0.0,0.0,0.0,1.0
2023-01-24,100421.69803033285,0.0003670368141415,0.20258408229505243,0,0.0,0.0,0.0,1.0
2023-01-25,100483.17352570094,0.0006121734303827,0.20209592545726918,0,0.0,0.0,0.0,1.0
2023-01-26,100421.69803033286,-0.0006117989033493,0.20258408229505231,0,0.0,0.0,0.0,1.0
2023-01-27,100421.69803033286,0.0,0.20258408229505231,0,0.0,0.0,0.0,1.0
2023-01-30,100323.39884069367,-0.0009788640459904,0.20336464406659416,0,0.0,0.0,0.0,1.0
2023-01-31,100507.72973601386,0.0018373669298514,0.20190093260845166,0,0.0,0.0,0.0,1.0
2023-02-01,100682.57590131268,0.0017396290390605,0.20051253629477017,0,0.0,0.0,0.0,1.0
2023-02-02,100694.83276407266,0.0001217376755635,0.2004152085492964,0,0.0,0.0,0.0,1.0
2023-02-03,100325.52308034014,-0.0036676130601241,0.20334777617309763,0,0.0,0.0,0.0,1.0
2023-02-06,99724.98170787554,-0.00499091906602108,0.20811647914303733,2,0.3995496325374403,0.3990300127997649,0.20142035466279481,0.0
2023-02-07,99945.21654860217,0.002208421971655669,0.20636766617658486,2,0.40388317987542144,0.3949553224605134,0.20116149766406505,0.0
2023-02-08,99741.38070130043,-0.0020394757682336965,0.20798626009030452,2,0.4002832263555761,0.3976459678936125,0.2020708057508114,0.0
2023-02-09,98860.05619401786,-0.008836096924724743,0.21498457026186035,2,0.40035059571687226,0.39739028607591187,0.2022591182072159,0.0
2023-02-10,98550.95805000245,-0.0031266231875166236,0.21743901770703788,2,0.402543513608242,0.3941760393837192,0.20328044700803882,0.0
2023-02-13,98476.63423505073,0.0002460797436436,0.2180291988558286,0,0.0,0.0,0.0,1.0
2023-02-14,98270.66692182233,-0.0020915348582771,0.21966471804457643,0,0.0,0.0,0.0,1.0
2023-02-15,98282.76480898881,0.0001231078158461,0.21956865267238734,0,0.0,0.0,0.0,1.0
2023-02-16,98294.88360866552,0.0001233054411957,0.21947242124078203,0,0.0,0.0,0.0,1.0
2023-02-17,98379.69429389224,0.000862818919084,0.21879896727896175,0,0.0,0.0,0.0,1.0
2023-02-21,98185.80395532007,-0.0019708369695982,0.2203385871549367,0,0.0,0.0,0.0,1.0
2023-02-22,98234.27915402688,0.0004937088331922,0.21995366142851602,0,0.0,0.0,0.0,1.0
2023-02-23,98294.88360866554,0.0006169379483471,0.21947242124078192,0,0.0,0.0,0.0,1.0
2023-02-24,98088.86401416155,-0.0020959340602528,0.22110835557807007,0,0.0,0.0,0.0,1.0
2023-02-27,98173.72698066382,0.0008651641280097,0.2204344864677097,0,0.0,0.0,0.0,1.0
2023-02-28,98149.43710003485,-0.0002474173220882,0.2206273644794602,0,0.0,0.0,0.0,1.0
2023-03-01,97969.746355907,-0.0018307873120526,0.22205423001193214,0,0.0,0.0,0.0,1.0
2023-03-02,98006.14457995757,0.0003715251432656,0.22176520359828444,0,0.0,0.0,0.0,1.0
2023-03-03,98066.86405340247,0.0006195476182144,0.22128305008376215,0,0.0,0.0,0.0,1.0
2023-03-06,98018.30520465475,-0.0004951606153255,0.22166864004784703,0,0.0,0.0,0.0,1.0
2023-03-07,97811.88827245645,-0.0021059018697306,0.2233077295140402,0,0.0,0.0,0.0,1.0
2023-03-08,97763.27714243314,-0.0004969859071516,0.22369373462666542,0,0.0,0.0,0.0,1.0
2023-03-09,98079.03513435477,0.0032298220881199,0.22118640350361662,0,0.0,0.0,0.0,1.0
2023-03-10,98613.36022691673,0.0054479032326328,0.21694350239364557,0,0.0,0.0,0.0,1.0
2023-03-13,99596.9174079259,0.0099738735070575,0.20913339593764035,0,0.0,0.0,0.0,1.0
2023-03-14,99829.7812078425,0.0033414037251004404,0.20728430052944802,1,0.6078868875935771,0.39211311240642294,0.0,0.0
2023-03-15,100206.11976651319,0.0037698024989874825,0.20429591890459742,1,0.6018161968223676,0.3981838031776323,0.0,0.0
2023-03-16,100952.06883622218,0.007444146839006504,0.19837258088452647,1,0.6078502559260397,0.39214974407396025,0.0,0.0
2023-03-17,100828.77116076203,-0.0012213486744900484,0.1993516474702981,1,0.6014776166681872,0.3985223833318129,0.0,0.0
2023-03-20,101058.398231622,0.0022773963048092418,0.19752825387079542,1,0.6058812579718498,0.3941187420281503,0.0,0.0
2023-03-21,100839.58436025103,-0.00195974425854904,0.1992657833835223,2,0.40604798341753884,0.3973417338710009,0.19661028271146017,0.0
2023-03-22,101013.29626659481,0.001722655913804503,0.19788639384988227,2,0.39843984561395984,0.40194730899916264,0.1996128453868776,0.0
2023-03-23,101374.9230787957,0.0035799921947549467,0.19501483340055803,2,0.3980918909419341,0.4005134738887467,0.20139463516931924,0.0
2023-03-24,101581.73282070382,0.0020400483238578447,0.19337262476070638,2,0.3998883105909408,0.40138862187336016,0.19872306753569904,0.0
2023-03-27,100513.01086126041,-0.010520808513177833,0.2018589969170862,2,0.4048959346174067,0.396127123746787,0.19897694163580631,0.0
2023-03-28,100721.69844368439,0.0022815879894293404,0.2002018769587881,5,0.19909678951994608,0.5997243989886321,0.20117881149142194,0.0
2023-03-29,100791.28825679692,0.0006909118311923791,0.19964928697301354,5,0.20185119408419125,0.5981062080360007,0.20004259787980805,0.0
2023-03-30,101370.04818917823,0.005742162268099424,0.19505354330742353,5,0.20187386028580237,0.5974276845542466,0.200698455159951,0.0
2023-03-31,102459.69701381505,0.010749218769268981,0.18640099774688712,5,0.20254206257484259,0.5999288553292752,0.1975290820958823,0.0
2023-04-03,102973.67419765281,0.005016383991145916,0.1823196727367723,5,0.20229906725714913,0.599741809070674,0.19795912367217702,0.0
2023-04-04,103108.80102165196,0.0023145608709305,0.18124667474451273,0,0.0,0.0,0.0,1.0
2023-04-05,103246.69061865842,0.0013373213114709,0.18015173847381094,0,0.0,0.0,0.0,1.0
2023-04-06,103209.06576493404,-0.0003644170432866,0.18045050515322003,0,0.0,0.0,0.0,1.0
2023-04-10,102845.63164553003,-0.0035213391063123,0.1833364168389825,0,0.0,0.0,0.0,1.0
2023-04-11,102833.08643814913,-0.0001219809454245,0.18343603423495014,0,0.0,0.0,0.0,1.0
2023-04-12,102683.499041039,-0.00045511725267445986,0.18462385891709843,5,0.19927543355275168,0.5996560289135241,0.20106853753372425,0.0
2023-04-13,102750.47528868563,0.0006522591095172367,0.184092022401394,5,0.20179077643074464,0.5945559442269633,0.20365327934229197,0.0
2023-04-14,101770.43758482688,-0.009538035723000387,0.19187418183841054,5,0.20323630314374533,0.5947907557137349,0.20197294114251985,0.0
2023-04-17,101033.06717527586,-0.007245428309536396,0.19772939951898583,5,0.2054541853248233,0.5920049160186049,0.20254089865657182,0.0
2023-04-18,101339.13676417181,0.003029400150397773,0.19529900084122875,5,0.20496726889165498,0.592319913899711,0.20271281720863407,0.0
2023-04-19,101151.25973216814,-0.0008547982795714,0.19679087101300818,0,0.0,0.0,0.0,1.0
2023-04-20,101398.55791928864,0.0024448354649788,0.19482715684866592,0,0.0,0.0,0.0,1.0
2023-04-21,101336.75728093978,-0.0006094824188529,0.19531789554070456,0,0.0,0.0,0.0,1.0
2023-04-24,101448.06431097833,0.0010983875251697,0.19443404275543907,0,0.0,0.0,0.0,1.0
2023-04-25,101843.77541347337,0.0039006274312147,0.1912918300849582,0,0.0,0.0,0.0,1.0
2023-04-26,101720.12100692841,-0.0012141577238564,0.19227372935580622,0,0.0,0.0,0.0,1.0
2023-04-27,101522.26545568088,-0.0019450974820807,0.1938448356910467,0,0.0,0.0,0.0,1.0
2023-04-28,101633.52998184161,0.0010959618135126,0.1929613204151981,0,0.0,0.0,0.0,1.0
2023-05-01,101411.63848768744,-0.0021832508837764,0.19472328832564334,0,0.0,0.0,0.0,1.0
2023-05-02,101746.36715148165,0.0033006927881837,0.19206531729092735,0,0.0,0.0,0.0,1.0
2023-05-03,101994.27101886107,0.002436488636595,0.19009679361739573,0,0.0,0.0,0.0,1.0
2023-05-04,102155.45634952022,0.0015803371017706,0.18881687353150634,0,0.0,0.0,0.0,1.0
2023-05-05,101907.47810035464,-0.0024274596583186,0.19078598784651724,0,0.0,0.0,0.0,1.0
2023-05-08,101746.36715148165,-0.001580953153549,0.19206531729092735,0,0.0,0.0,0.0,1.0
2023-05-09,101721.56613877426,-0.0002437532995205,0.1922622540356348,0,0.0,0.0,0.0,1.0
2023-05-10,102277.45971423408,0.006471325993109159,0.18784808464479574,5,0.19964253725480915,0.6019272578566881,0.1984302048885029,0.0
2023-05-11,102718.50168816079,0.004312210873822833,0.18434591432420488,5,0.1984386304774714,0.6056789289739353,0.19588244054859344,0.0
2023-05-12,102136.70483855711,-0.005663992757312046,0.1889657731579445,5,0.19930752975951935,0.60403111589677,0.19666135434371063,0.0
2023-05-15,101610.94502088398,-0.005147608966866129,0.19314066021647203,5,0.20102994695401524,0.6008678424953506,0.19810221055063415,0.0
2023-05-16,101039.40371678938,-0.005624800595813017,0.19767908311162374,5,0.2008160853707443,0.602451279778652,0.19673263485060363,0.0
2023-05-17,101037.64196900756,-1.4168925986899689e-05,0.197693072575572,5,0.2024306400784661,0.5982589136926411,0.19931044622889277,0.0
2023-05-18,100525.59451470121,-0.005067888010127992,0.20175907423350892,5,0.20542177973878872,0.5968513531492633,0.19772686711194798,0.0
2023-05-19,100268.01221957235,-0.0025623553521107053,0.20380445114192047,5,0.20564982289538122,0.5941530693913707,0.20019710771324814,0.0
2023-05-22,100017.23544688476,-0.0025010645682136514,0.2057957876185389,5,0.20624916636319085,0.5935217010449196,0.20022913259188949,0.0
2023-05-23,99980.66094485059,-0.00036568199341586343,0.20608621379810188,5,0.20400911342887856,0.5954479976993753,0.20054288887174615,0.0
2023-05-24,99758.49504105425,-0.0012233120810168,0.20785036070592455,0,0.0,0.0,0.0,1.0
2023-05-25,99538.57207843874,-0.0022045537327423,0.20959669715012075,0,0.0,0.0,0.0,1.0
2023-05-26,99514.13502986844,-0.0002455033065075,0.20979074377444495,0,0.0,0.0,0.0,1.0
2023-05-30,99709.641892948,0.0019646140020297,0.20823828760513063,0,0.0,0.0,0.0,1.0
2023-05-31,99807.37961271201,0.0009802233556204,0.20746218428255525,0,0.0,0.0,0.0,1.0
2023-06-01,99962.93666728445,0.001558572674446,0.20622695649951284,0,0.0,0.0,0.0,1.0
2023-06-02,99681.22452785102,-0.0028181659005384,0.2084639406234725,0,0.0,0.0,0.0,1.0
2023-06-05,99705.72442352439,0.0002457824509018,0.20826939495082175,0,0.0,0.0,0.0,1.0
2023-06-06,99656.7141576605,-0.0004915491677859,0.20865856947084427,0,0.0,0.0,0.0,1.0
2023-06-07,99583.21447064047,-0.000737528701817,0.20924220648879643,0,0.0,0.0,0.0,1.0
2023-06-08,99742.46902977584,0.0015992108708473,0.2079776180292061,0,0.0,0.0,0.0,1.0
2023-06-09,99558.70410044995,-0.0018423940284758,0.2094368353361682,0,0.0,0.0,0.0,1.0
2023-06-12,99644.51134515113,0.0008618758698848,0.2087554680209247,0,0.0,0.0,0.0,1.0
2023-06-13,99460.75689034241,-0.0018441001147793,0.21021460215316579,0,0.0,0.0,0.0,1.0
2023-06-14,99399.50191390046,-0.0006158708053016,0.21070100792215307,0,0.0,0.0,0.0,1.0
2023-06-15,99607.724840831,0.0020948085545831,0.20904757764142456,0,0.0,0.0,0.0,1.0
2023-06-16,99472.98065188616,-0.0013527483853301,0.21011753725364302,0,0.0,0.0,0.0,1.0
2023-06-20,99509.71478362042,0.0003692875340974,0.2098258435067486,0,0.0,0.0,0.0,1.0
2023-06-21,99509.71478362042,0.0,0.2098258435067486,0,0.0,0.0,0.0,1.0
2023-06-22,99399.50191390046,-0.0011075588947231,0.21070100792215307,0,0.0,0.0,0.0,1.0
2023-06-23,99798.71510360733,0.0050212706685041205,0.20753098632050804,5,0.19749631781148033,0.6029542247929895,0.19954945739553007,0.0
2023-06-26,99816.8801788903,0.00018201712581262608,0.2073867433883425,5,0.19665359009037062,0.6034861933151955,0.19986021659443384,0.0
2023-06-27,99783.22195220683,-0.0003371997464070501,0.20765401237747072,5,0.1988766542785636,0.6021140883326,0.1990092573888364,0.0
2023-06-28,100003.63705747465,0.0022089395487087226,0.20590376798915055,5,0.1985383761338225,0.603349180808899,0.19811244305727857,0.0
2023-06-29,98971.68621259427,-0.010319133136000745,0.21409815273006716,5,0.20139916480681677,0.5986372714183733,0.19996356377480984,0.0
2023-06-30,100037.40374583448,0.01076931739812178,0.2056356377412616,5,0.200204078305735,0.6006083709495856,0.1991875507446794,0.0
2023-07-03,99742.20442860613,-0.002950889429101648,0.2079797191407059,5,0.20102765485297966,0.5989711491328255,0.20000119601419494,0.0
2023-07-05,99074.26365560837,-0.006696671452412573,0.21328361874526824,5,0.20208196952259483,0.5972792330538281,0.20063879742357701,0.0
2023-07-06,98021.33487894939,-0.010627671988752481,0.22164458239342189,5,0.20265326998897915,0.5951570709808938,0.20218965903012712,0.0
2023-07-07,97768.6925480091,-0.002577421856703853,0.2236507326590449,5,0.20266398921727632,0.5931033338801769,0.20423267690254684,0.0
2023-07-10,97909.81531849956,0.00145034185032126,0.22253012281329498,5,0.20021582936802904,0.5999173067799914,0.1998668638519794,0.0
2023-07-11,98409.9325940242,0.0051079380948452985,0.21855885481001824,5,0.20046692521172355,0.5999367132257668,0.19959636156250954,0.0
2023-07-12,99491.83373357583,0.010993820552797642,0.20996783108722683,5,0.19988239049754927,0.6000182856620789,0.20009932384037185,0.0
2023-07-13,100291.46048836008,0.008037109426744862,0.20361825609502626,5,0.19986252696490558,0.6014916762310664,0.19864579680402802,0.0
2023-07-14,99860.27203061484,-0.004299353660277873,0.20704218286066256,5,0.200600501962242,0.6005317125737691,0.19886778546398887,0.0
2023-07-17,100012.92972123025,0.0017295914962293401,0.20582997798019897,2,0.4006958180608852,0.39950643906955613,0.1997977428695587,0.0
2023-07-18,100721.00471417009,0.007079834526530538,0.2002073856383677,2,0.4008353989477521,0.39849860173895213,0.20066599931329582,0.0
2023-07-19,101267.48940397159,0.00542572714948902,0.19586792913666484,2,0.39955887343486196,0.40082540759145524,0.1996157189736828,0.0
2023-07-20,100403.84994087489,-0.008528299340487343,0.2027258081462734,2,0.40032206903132506,0.39936461211540675,0.20031331885326822,0.0
2023-07-21,100354.04583614308,-0.0004960377989603374,0.20312128628156834,2,0.40052074245885233,0.39968069787005805,0.19979855967108967,0.0
2023-07-24,100130.15378826064,-0.0012322538934996,0.2048991399360155,0,0.0,0.0,0.0,1.0
2023-07-25,100117.78101787997,-0.0001235668768355,0.20499738806606282,0,0.0,0.0,0.0,1.0
2023-07-26,100216.6367130851,0.00098739398936,0.2042124072655136,0,0.0,0.0,0.0,1.0
2023-07-27,100068.31101433063,-0.001480050654455,0.20539021321294737,0,0.0,0.0,0.0,1.0
2023-07-28,100204.28502067781,0.0013588118453173,0.20431048802225593,0,0.0,0.0,0.0,1.0
2023-07-31,100228.967327519,0.0002463198738067,0.20411449388207625,0,0.0,0.0,0.0,1.0
2023-08-01,100144.75028483412,-0.0008402465368089,0.20478323392228814,0,0.0,0.0,0.0,1.0
2023-08-02,100194.28352230365,0.0004946164160242,0.2043899066554884,0,0.0,0.0,0.0,1.0
2023-08-03,100231.45452837918,0.0003709892896959,0.2040947438320837,0,0.0,0.0,0.0,1.0
2023-08-04,100429.68232913753,0.0019777005301486,0.20252068158501224,0,0.0,0.0,0.0,1.0
2023-08-07,99866.3094860813,-0.0046142391028946,0.20699424139795264,5,0.20268090219658227,0.596849160838274,0.20046993696514373,0.0
2023-08-08,100343.54155535185,0.0047787093738261115,0.20320469734582292,5,0.20083974359666487,0.600908900995559,0.1982513554077762,0.0
2023-08-09,100425.96835118158,0.0008214459501038561,0.2025501730713959,5,0.19933333973513873,0.603520570709801,0.1971460895550601,0.0
2023-08-10,99414.21462012286,-0.010074622606781247,0.2105841791255446,5,0.20143427830500363,0.5996260613340065,0.1989396603609899,0.0
2023-08-11,99265.34586187522,-0.0014974594811868489,0.21176629733111196,5,0.201618754591227,0.599143234198884,0.19923801120988893,0.0
2023-08-14,99183.25862020743,-0.0008253302030159598,0.21241812531679904,5,0.2012701073349388,0.5991733103002939,0.19955658236476742,0.0
2023-08-15,98535.96737750244,-0.00652621472322858,0.21755805374310455,5,0.2002323189820886,0.5994333918937723,0.20033428912413914,0.0
2023-08-16,97815.02666043295,-0.007316523460996679,0.2232828085997609,5,0.20022792638807158,0.5991268960863892,0.20064517752553923,0.0
2023-08-17,97385.79771586649,-0.004388169785574355,0.2266911755109996,5,0.19957799701824,0.5992024063873799,0.20121959659438013,0.0
2023-08-18,97604.59954542486,0.002246752962857587,0.224953741618375,5,0.19922645598097263,0.5999706675288815,0.20080287649014594,0.0
2023-08-21,97004.29747313734,-0.006149548203163979,0.229720544383737,5,0.20254683218721894,0.5956647260158543,0.2017884417969267,0.0
2023-08-22,97426.79297356337,0.004355430753395475,0.22636564555403715,5,0.20112221909769795,0.597632985417061,0.201244795485241,0.0
2023-08-23,99287.00392291411,0.019093422790335646,0.21159431773947213,5,0.19955216133080547,0.6009662484889322,0.19948159018026232,0.0
2023-08-24,98614.51970565353,-0.006773134354851748,0.21693429535155118,5,0.19812849036130833,0.6010747434977655,0.20079676614092606,0.0
2023-08-25,98920.25120192152,0.0031002685728281935,0.21450658135696987,5,0.1989085718753438,0.6011741469656741,0.19991728115898216,0.0
2023-08-28,98882.40287339666,0.0006180034420657,0.214807122576808,0,0.0,0.0,0.0,1.0
2023-08-29,99102.20569903436,0.0022228709987874,0.21306174010112955,0,0.0,0.0,0.0,1.0
2023-08-30,99102.20569903436,0.0,0.21306174010112955,0,0.0,0.0,0.0,1.0
2023-08-31,99199.82312672553,0.0009850177097736,0.21228659197863065,0,0.0,0.0,0.0,1.0
2023-09-01,99145.99174327384,-0.0005426560426718,0.2127140494193871,0,0.0,0.0,0.0,1.0
2023-09-05,98158.39466528018,-0.00897000888326276,0.22055623537837332,2,0.40187606617733473,0.3979608059321546,0.20016312789051066,0.0
2023-09-06,97900.18683830129,-0.002630522105209432,0.22260657943097817,2,0.4002272555615466,0.39999167673369024,0.19978106770476323,0.0
2023-09-07,97909.39312292484,9.403745713750578e-05,0.2225334753305126,2,0.39896103319606596,0.4010632482524623,0.19997571855147167,0.0
2023-09-08,98125.19143930041,0.002204061423449237,0.22081989135546531,2,0.39868308313044704,0.4017137387545433,0.19960317811500958,0.0
2023-09-11,98134.73198979032,9.722835033465389e-05,0.22074413295888828,2,0.4012661234183974,0.3987802529834383,0.19995362359816432,0.0
2023-09-12,98245.45406480838,0.0013297997007613602,0.2198649251104604,5,0.19863872208979136,0.6026568452559073,0.1987044326543014,0.0
2023-09-13,98210.56703381825,-0.00035510071506319297,0.22014195163339967,5,0.1989409723777422,0.602743182067342,0.19831584555491594,0.0
2023-09-14,97961.65688709346,-0.0025344538194049583,0.22211846584267614,5,0.20116615462154466,0.5999130553604656,0.1989207900179898,0.0
2023-09-15,97494.74723074949,-0.004766249073166478,0.22582604298388687,5,0.19969424745259895,0.5991123884357002,0.20119336411170088,0.0
2023-09-18,97954.68665094908,0.004717581544275419,0.22217381421220894,5,0.19887318251420866,0.599699149196791,0.20142766828900038,0.0
2023-09-19,97546.05900868733,-0.00397127059897184,0.22541859290789812,2,0.40076194582451824,0.39863091810230133,0.2006071360731804,0.0
2023-09-20,97322.37549008185,-0.0022931066706197044,0.22719479069943904,2,0.3979902697592659,0.40079566990900967,0.20121406033172443,0.0
2023-09-21,95538.7682837145,-0.018326794813481626,0.24135783320108017,2,0.3987193336644517,0.3977958645572037,0.2034848017783445,0.0
2023-09-22,95821.23265367637,0.002956541883846174,0.2391148758600874,2,0.39665007084451054,0.39981546896254144,0.20353446019294816,0.0
2023-09-25,94937.825998575,-0.009219320505865686,0.2461297196876786,2,0.4020244894316711,0.39360521747838717,0.20437029308994176,0.0
2023-09-26,94289.67109598334,-0.00662212329345512,0.2512765061551707,5,0.1983754159082021,0.6019001816528999,0.19972440243889797,0.0
2023-09-27,93770.48199398252,-0.005506320002668228,0.25539921730579607,5,0.19955339816079037,0.6020999606835951,0.19834664115561446,0.0
2023-09-28,93958.44717804367,0.002004524025729046,0.2539066471473088,5,0.20030879432920815,0.6027305522349292,0.19696065343586264,0.0
2023-09-29,93729.01503664642,-0.0024418468832556202,0.25572849287558985,5,0.20031180178743027,0.604274213331912,0.1954139848806577,0.0
2023-10-02,92581.12534254306,-0.012246898077980987,0.26484351016568786,5,0.20271474806565026,0.6015254101306352,0.19575984180371445,0.0
2023-10-03,91084.44818681448,-0.016161943766456383,0.27672813481406655,5,0.20056427461936238,0.5967373744270866,0.2026983509535511,0.0
2023-10-04,91982.09951338872,0.009855154688242216,0.2696001787010057,5,0.20005325531772955,0.599250259040625,0.2006964856416454,0.0
2023-10-05,91666.56649467596,-0.00343037417477986,0.27210572338525363,5,0.20066625308673203,0.5983155274329751,0.20101821948029283,0.0
2023-10-06,91315.32817696368,-0.003831694925899515,0.27489479219154966,5,0.20382973168464896,0.593338997589857,0.20283127072549395,0.0
2023-10-09,93046.63826650269,0.01895968753661841,0.26114702402032663,5,0.20131773837843991,0.5959652975247884,0.2027169640967718,0.0
2023-10-10,93034.70130649224,-0.00012425587180481983,0.26124181152251036,5,0.20106593690334768,0.5992448697209056,0.1996891933757467,0.0
2023-10-11,94411.4223723515,0.014797930734724478,0.2503097190197098,5,0.19894558626073286,0.6028400435318532,0.19821437020741386,0.0
2023-10-12,92695.86264947518,-0.018171103450918148,0.2639324186715505,5,0.20139224217400065,0.5973406263493752,0.20126713147662414,0.0
2023-10-13,94193.39718826616,0.016155354683453527,0.25204098582419754,5,0.19720324414923415,0.5983619530814722,0.20443480276929357,0.0
2023-10-16,93388.0474746592,-0.008549959313998417,0.2584360049639389,5,0.20099661578257216,0.5938087361911394,0.2051946480262885,0.0
2023-10-17,92990.7720972119,-0.004055831832397037,0.2615906390311007,2,0.40161050615016186,0.3972026591276419,0.20118683472219628,0.0
2023-10-18,92438.90319734471,-0.005934663057644781,0.2659728497870618,2,0.3986247414662762,0.3960586007988543,0.20531665773486954,0.0
2023-10-19,91598.53612931477,-0.009091054079642922,0.2726459303055738,2,0.3987472777027584,0.3915092150453645,0.2097435072518771,0.0
2023-10-20,91405.82757651579,-0.0021038387832631182,0.27417616600656125,2,0.3946778182353364,0.39456248207824857,0.2107596996864151,0.0
2023-10-23,91711.49692938408,0.0033440904258802535,0.2717489454724281,2,0.3926805326146258,0.3979715948520029,0.20934787253337128,0.0
2023-10-24,92590.37888863012,0.00979451483100258,0.2647700307773707,1,0.5986601404244243,0.4013398595755757,0.0,0.0
2023-10-25,90967.59053320266,-0.0175265332630228,0.27765606328892245,1,0.6005943927143802,0.3994056072856198,0.0,0.0
2023-10-26,90870.66775924843,-0.0010654648912443835,0.2784256953928913,1,0.5940354756029912,0.4059645243970088,0.0,0.0
2023-10-27,90469.25599377873,-0.004417396453310995,0.28161317516686313,1,0.5939666089713451,0.40603339102865493,0.0,0.0
2023-10-30,90946.25075100805,0.005272451419984248,0.2778255155321736,1,0.5979153817043503,0.40208461829564984,0.0,0.0
2023-10-31,91111.17932171449,0.0018155614087466596,0.276515871599187,1,0.6026740460144,0.39732595398559994,0.0,0.0
2023-11-01,92481.68945546042,0.015042173133404968,0.2656330980805114,1,0.6000749934340422,0.39992500656595775,0.0,0.0
2023-11-02,94388.39264916324,0.020617088689984443,0.2504925905326483,1,0.5992208452298843,0.4007791547701156,0.0,0.0
2023-11-03,95160.83943939833,0.0081837053111629,0.24435884276503428,1,0.5997793474783154,0.4002206525216846,0.0,0.0
2023-11-06,94922.70636962297,-0.002502427166240012,0.2462497797248282,1,0.6026672211646372,0.39733277883536283,0.0,0.0
2023-11-07,95492.7622027584,0.006209399536737741,0.24172315246957665,2,0.3986629896088081,0.40339513673863586,0.1979418736525561,0.0
2023-11-08,95988.4103375895,0.005190426199827634,0.23778737245343207,2,0.39689489258877586,0.408148157531051,0.19495694988017317,0.0
2023-11-09,94864.69476272726,-0.011706783880576437,0.24671043095516598,2,0.3984643706350196,0.4034836200372703,0.1980520093277101,0.0
2023-11-10,95463.91893526354,0.006316619412891526,0.24195218743980862,2,0.4021421149213566,0.40319617801279595,0.19466170706584743,0.0
2023-11-13,95443.37508878713,-0.00021520011650004152,0.24211531941738407,2,0.40184533544934253,0.40236641787609007,0.19578824667456746,0.0
2023-11-14,95724.46417169628,0.0039490364523957,0.239883282781864,0,0.0,0.0,0.0,1.0
2023-11-15,95547.95651288958,-0.00184391378248,0.24128487247303598,0,0.0,0.0,0.0,1.0
2023-11-16,95712.68573905436,0.0017240476110294,0.2399768114699713,0,0.0,0.0,0.0,1.0
2023-11-17,95642.08466177665,-0.0007376355258716,0.24053743157431717,0,0.0,0.0,0.0,1.0
2023-11-20,95653.87302564338,0.000123254986635,0.24044382402559616,0,0.0,0.0,0.0,1.0
2023-11-21,95712.68573905434,0.000614849263816,0.2399768114699714,0,0.0,0.0,0.0,1.0
2023-11-22,95724.46417169627,0.0001230603085784,0.2398832827818641,0,0.0,0.0,0.0,1.0
2023-11-24,95653.87302564339,-0.0007374410153528,0.24044382402559605,0,0.0,0.0,0.0,1.0
2023-11-27,95771.50838369016,0.0012298023522292,0.2395097200537325,0,0.0,0.0,0.0,1.0
2023-11-28,95948.02597372168,0.0018431117250898,0.2381080515019467,0,0.0,0.0,0.0,1.0
2023-11-29,96136.30213394547,0.0019622723689527,0.23661301198328144,0,0.0,0.0,0.0,1.0
2023-11-30,96077.45962686001,-0.0006120737513231,0.2370802611207481,0,0.0,0.0,0.0,1.0
2023-12-01,96357.19243649307,0.0029115342008361,0.2348589942085081,0,0.0,0.0,0.0,1.0
2023-12-04,96215.5632392702,-0.0014698352415802,0.23598362542359852,0,0.0,0.0,0.0,1.0
2023-12-05,96333.58591508513,0.0012266484947081,0.2350464458877921,0,0.0,0.0,0.0,1.0
2023-12-06,96665.76491100977,0.00445266849861888,0.23240872093319576,2,0.3966220922279416,0.4035303834789065,0.1998475242931518,0.0
2023-12-07,96766.3982068581,0.0010410438063667904,0.23160962478630198,2,0.3992328138879395,0.4007980245608137,0.1999691615512467,0.0
2023-12-08,96356.97939497246,-0.004231001871232369,0.2348606859016681,2,0.40265281203882053,0.39920736326688794,0.19813982469429142,0.0
2023-12-11,96215.6801547584,-0.001466414172603553,0.23598269703587804,2,0.4048126209029431,0.3989478232490268,0.19623955584803013,0.0
2023-12-12,96497.22662463787,0.002926201523770623,0.23374702843975736,2,0.405475012085068,0.39896456161196786,0.19556042630296408,0.0
2023-12-13,96885.62904810582,0.0050300412986561,0.23066285160324373,0,0.0,0.0,0.0,1.0
2023-12-14,97051.74046622645,0.0017145103949125,0.22934381506512513,0,0.0,0.0,0.0,1.0
2023-12-15,96944.95028962374,-0.0011003427253308,0.23019180099194936,0,0.0,0.0,0.0,1.0
2023-12-18,96933.0780800732,-0.0001224634136701,0.2302860743318711,0,0.0,0.0,0.0,1.0
2023-12-19,96968.68475716616,0.0003673325741657,0.2300033333341842,0,0.0,0.0,0.0,1.0
2023-12-20,96491.7775967169,-0.0039220785085308,0.23379029739144241,2,0.3960103045699705,0.40429567639691827,0.19969401903311126,0.0
2023-12-21,96743.47917871023,0.0026085288121160863,0.23179161730606512,2,0.3987251402496883,0.4006921030062283,0.20058275674408352,0.0
2023-12-22,96730.73157344229,-0.0001317670749094928,0.23189284187757364,2,0.3995791214758177,0.39892210327163286,0.20149877525254944,0.0
2023-12-26,97152.19237031667,0.00435705168377006,0.22854615929096045,2,0.39952555168306814,0.3983208981140551,0.2021535502028768,0.0
2023-12-27,97997.20541834782,0.008697827886479274,0.22183618656210968,2,0.39679666521788926,0.4018834890313763,0.20131984575073456,0.0
2023-12-28,97887.27301057562,-0.0001219131653025,0.22270912392075415,0,0.0,0.0,0.0,1.0
2023-12-29,97935.013819991,0.0004877121197381,0.22233002973992833,0,0.0,0.0,0.0,1.0
2024-01-02,97815.66179645255,-0.0012186859314466,0.22327776519199272,0,0.0,0.0,0.0,1.0
2024-01-03,97839.51217565294,0.0002438298608051,0.22308837711759533,0,0.0,0.0,0.0,1.0
2024-01-04,97779.84617663738,-0.0006098354099359,0.22356216533561968,0,0.0,0.0,0.0,1.0
2024-01-05,97755.96575917603,-0.0002442263758342,0.22375179193404038,0,0.0,0.0,0.0,1.0
2024-01-08,97839.51217565296,0.0008546426382072,0.22308837711759522,0,0.0,0.0,0.0,1.0
2024-01-09,97863.40260586794,0.0002441797764904,0.2228986710111669,0,0.0,0.0,0.0,1.0
2024-01-10,97863.40260586794,0.0,0.2228986710111669,0,0.0,0.0,0.0,1.0
2024-01-11,98090.21150160562,0.0023176068857029,0.22109765562021344,0,0.0,0.0,0.0,1.0
2024-01-12,98293.16000538926,0.0020689985338682,0.21948610781166522,0,0.0,0.0,0.0,1.0
2024-01-16,98137.97233652831,-0.0015788247000345,0.22071840242337215,0,0.0,0.0,0.0,1.0
2024-01-17,97946.96904785218,-0.0019462730289674,0.22223509717870615,0,0.0,0.0,0.0,1.0
2024-01-18,97994.73989552852,0.0004877215511691,0.22185576447385724,0,0.0,0.0,0.0,1.0
2024-01-19,97923.11866865179,-0.0007308680746852,0.22242448525310365,0,0.0,0.0,0.0,1.0
2024-01-22,98107.1113454687,0.0028818321691116205,0.22096345947767182,3,0.7993878080941952,0.20061219190580476,0.0,0.0
2024-01-23,98179.87405577894,0.0007416660149540096,0.2203856745511591,3,0.8011249343588229,0.19887506564117718,0.0,0.0
2024-01-24,98151.49867735735,-0.0002890142067759968,0.2206109941670199,3,0.8022326312053094,0.19776736879469053,0.0,0.0
2024-01-25,98706.60376175353,0.005655594584662681,0.21620308592628534,3,0.8020597747199268,0.19794022528007305,0.0,0.0
2024-01-26,98568.59948683002,-0.0013981260590893868,0.21729893281688561,3,0.8021624149297167,0.1978375850702832,0.0,0.0
2024-01-29,99190.67991862743,0.0068670962048393,0.21235919520900137,4,0.2502612588097081,0.25115434504248013,0.2500475209788036,0.2485368751690081
2024-01-30,99416.57272683959,0.0022773592075128876,0.21056545416999772,4,0.2494994997324581,0.25285549951853653,0.24982377965462885,0.24782122109437663
2024-01-31,99285.25190006883,-0.0013209148451694445,0.21160822998087414,4,0.24575297013541506,0.2556764223725846,0.24996851061039743,0.24860209688160304
2024-02-01,100397.36942554187,0.01120123587531805,0.20277726780273053,4,0.2462115235577807,0.25780400824844757,0.2497706117053553,0.24621385648841648
2024-02-02,99770.6069350524,-0.006242817855444795,0.20775418411005808,4,0.2503664734228814,0.2536931852533293,0.24896368993529736,0.2469766513884921
2024-02-05,98989.45723800083,-0.0078254293122568,0.21395703881931794,4,0.2510543407536806,0.2468835378098468,0.2505824179908128,0.25147970344565984
2024-02-06,99469.64992545186,0.004850947776150577,0.21014398546481983,4,0.25056770832772174,0.2480930835864346,0.2506756198862671,0.2506635881995766
2024-02-07,99542.34312864556,0.0007308078720311683,0.20956675247162637,4,0.2524730740121078,0.24671207069701176,0.25042612787009394,0.2503887274207865
2024-02-08,99382.08386857099,-0.001609960696499354,0.2108393189333534,4,0.25299186325651296,0.24567305787760318,0.2506037439836137,0.2507313348822703
2024-02-09,99372.38630923888,-9.757854690328575e-05,0.210916324085885,4,0.2544788358623134,0.24520062424152775,0.24965672690179572,0.250663812994363
2024-02-12,99310.04291993013,0.0001220562865529,0.2114113725860951,0,0.0,0.0,0.0,1.0
2024-02-13,98994.49826124343,-0.0031773690697236,0.21391700969957583,0,0.0,0.0,0.0,1.0
2024-02-14,99140.14050414496,0.0014712155267173,0.21276051219895742,0,0.0,0.0,0.0,1.0
2024-02-15,99237.24209987928,0.0009794377458065,0.21198946012961573,0,0.0,0.0,0.0,1.0
2024-02-16,99115.87018056135,-0.0012230480891011,0.21295323491459583,0,0.0,0.0,0.0,1.0
2024-02-20,99176.55106487033,0.0006122216775017,0.21247138782380293,0,0.0,0.0,0.0,1.0
2024-02-21,99091.58970627781,-0.0008566678078668,0.2131460382336282,0,0.0,0.0,0.0,1.0
2024-02-22,99079.43931843608,-0.0001226177506864,0.2132425204965388,0,0.0,0.0,0.0,1.0
2024-02-23,99128.0002670032,0.0004901213501122,0.2128569138584736,0,0.0,0.0,0.0,1.0
2024-02-26,99055.19944695235,-0.0007344122735732,0.21343500140199423,0,0.0,0.0,0.0,1.0
2024-02-27,99055.19944695235,0.0,0.21343500140199423,0,0.0,0.0,0.0,1.0
2024-02-28,99152.27059058682,0.000979970200216,0.2126641911428352,0,0.0,0.0,0.0,1.0
2024-02-29,99212.9514748958,0.0006119969209736,0.21218234405204228,0,0.0,0.0,0.0,1.0
2024-03-01,99407.75355766158,0.0019634743233605,0.21063548431309842,0,0.0,0.0,0.0,1.0
2024-03-04,99310.34744092873,-0.0009798643792544,0.21140895448426733,0,0.0,0.0,0.0,1.0
2024-03-05,99383.38172707848,0.0007354146675722,0.21082901306267898,0,0.0,0.0,0.0,1.0
2024-03-06,99407.7535576616,0.0002452304415445,0.2106354843130982,0,0.0,0.0,0.0,1.0
2024-03-07,99529.47060077787,0.0012244220270571,0.2096689690127138,0,0.0,0.0,0.0,1.0
2024-03-08,99578.16350844436,0.0004892310525974,0.20928231453052348,0,0.0,0.0,0.0,1.0
2024-03-11,99492.94838235303,-0.000855761173825,0.20995898002520508,0,0.0,0.0,0.0,1.0
2024-03-12,99395.56256702008,-0.0009788212824762,0.21073228898958551,0,0.0,0.0,0.0,1.0
2024-03-13,99346.85950865367,-0.0004899922804258,0.21111902407517003,0,0.0,0.0,0.0,1.0
2024-03-14,99261.68498536215,-0.0008573448996049,0.21179536715627456,0,0.0,0.0,0.0,1.0
2024-03-15,99200.76048425435,-0.0006137766159903,0.21227914872852915,0,0.0,0.0,0.0,1.0
2024-03-18,99212.95147489589,0.0001228921087099,0.21218234405204162,0,0.0,0.0,0.0,1.0
2024-03-19,99298.17675168718,0.0008590136219548,0.21150559795396573,0,0.0,0.0,0.0,1.0
2024-03-20,99456.4160132283,0.0015935767072221,0.21024907164109008,0,0.0,0.0,0.0,1.0
2024-03-21,99456.4160132283,0.0,0.21024907164109008,0,0.0,0.0,0.0,1.0
2024-03-22,99529.47060077795,0.0007345387103023,0.20966896901271326,0,0.0,0.0,0.0,1.0
2024-03-25,99480.81829591129,-0.0004888231050863,0.21005530108132642,0,0.0,0.0,0.0,1.0
2024-03-26,99505.09877019485,0.0002440719195868,0.20986249776229382,0,0.0,0.0,0.0,1.0
2024-03-27,99614.68572686928,0.0011013200130329,0.20899230351803155,0,0.0,0.0,0.0,1.0
2024-03-28,99553.83228066112,-0.0006108883019017,0.20947552086652665,0,0.0,0.0,0.0,1.0
2024-04-01,99346.18956245694,-0.0020857330496208,0.21112434389918955,0,0.0,0.0,0.0,1.0
2024-04-02,99395.01442922279,0.0004914618968365,0.21073664157287408,0,0.0,0.0,0.0,1.0
2024-04-03,99468.33293497116,0.0007376477197513,0.2101544432562471,0,0.0,0.0,0.0,1.0
2024-04-04,99566.01312060271,0.0009820229489059,0.2093787967934333,0,0.0,0.0,0.0,1.0
2024-04-05,99407.24602266413,-0.0015945912963922,0.2106395144828097,0,0.0,0.0,0.0,1.0
2024-04-08,99309.52523423277,-0.0009830348625599,0.21141548335920035,0,0.0,0.0,0.0,1.0
2024-04-09,99407.24602266411,0.0009840021709988,0.21063951448280982,0,0.0,0.0,0.0,1.0
2024-04-10,99004.22263179693,-0.0040542657300384,0.21383979164788858,0,0.0,0.0,0.0,1.0
2024-04-11,99126.36600431116,0.0012337188179183,0.21286989100494602,0,0.0,0.0,0.0,1.0
2024-04-12,99187.40216311844,0.0006157409099878,0.21238522279535454,0,0.0,0.0,0.0,1.0
2024-04-15,99150.75813629419,-0.0003694423487773,0.21267620104857665,0,0.0,0.0,0.0,1.0
2024-04-16,99089.69152538704,-0.0006158965605003,0.2131611110683509,0,0.0,0.0,0.0,1.0
2024-04-17,99162.96942833561,0.0007395108595105,0.21257923516530086,0,0.0,0.0,0.0,1.0
2024-04-18,99114.11410946993,-0.0004926770461528,0.21296717930179887,0,0.0,0.0,0.0,1.0
2024-04-19,99138.56714565266,0.0002467159839185,0.21277300572506408,0,0.0,0.0,0.0,1.0
2024-04-22,99187.40216311846,0.0004925935372259,0.21238522279535443,0,0.0,0.0,0.0,1.0
2024-04-23,99272.90150880841,0.0008619980342801,0.2117063004056341,0,0.0,0.0,0.0,1.0
2024-04-24,99236.2676326841,-0.0003690219140121,0.21199719805546202,0,0.0,0.0,0.0,1.0
2024-04-25,99162.96942833562,-0.000738623147535,0.21257923516530075,0,0.0,0.0,0.0,1.0
2024-04-26,99187.40216311846,0.0002463897049844,0.21238522279535443,0,0.0,0.0,0.0,1.0
2024-04-29,99236.2676326841,0.0004926580241035,0.21199719805546202,0,0.0,0.0,0.0,1.0
2024-04-30,99114.11410946993,-0.0012309362910173,0.21296717930179887,0,0.0,0.0,0.0,1.0
2024-05-01,99312.6516498178,0.0020031207677302,0.21139065751377295,0,0.0,0.0,0.0,1.0
2024-05-02,99459.68453861265,0.0014805051154338,0.21022311734814314,0,0.0,0.0,0.0,1.0
2024-05-03,99618.9388701489,0.0016011948185339,0.20895853069584314,0,0.0,0.0,0.0,1.0
2024-05-06,99606.73772880742,-0.0001224781299606,0.20905541597572475,0,0.0,0.0,0.0,1.0
2024-05-07,99618.93887014892,0.0001224931326906,0.20895853069584291,0,0.0,0.0,0.0,1.0
2024-05-08,99100.78641757276,-0.0042055503795145515,0.21307301015183944,5,0.2008640645367054,0.5988819696954613,0.20025396576783325,0.0
2024-05-09,99818.14661366834,0.0072386932740664,0.2073766870432442,5,0.20056954259892062,0.5974786301483929,0.2019518272526865,0.0
2024-05-10,99671.86812238098,-0.001465449883110995,0.20853823678456773,5,0.20112266938299025,0.5949883774092535,0.20388895320775624,0.0
2024-05-13,99598.27638016194,-0.0007383401515930312,0.20912260478280031,5,0.20129829616919817,0.5969477728216113,0.2017539310091906,0.0
2024-05-14,100195.90200689297,0.006000361135266124,0.20437705479777846,5,0.2010156943681225,0.596736682532799,0.20224762309907854,0.0
2024-05-15,100280.20290881915,0.0018432039805957,0.20370764885871018,0,0.0,0.0,0.0,1.0
2024-05-16,100206.42252790132,-0.000735742238026,0.2042935147752618,0,0.0,0.0,0.0,1.0
2024-05-17,100144.94057534529,-0.000613553013919,0.20478172288746632,0,0.0,0.0,0.0,1.0
2024-05-20,100120.34371862168,-0.0002456125749568,0.20497703849616078,0,0.0,0.0,0.0,1.0
2024-05-21,100169.5272428159,0.0004912440605722,0.2045864881883035,0,0.0,0.0,0.0,1.0
2024-05-22,100095.70610488608,-0.0007369620278916,0.20517267774298065,0,0.0,0.0,0.0,1.0
2024-05-23,100046.53276994484,-0.0004912631805575,0.20556314714130663,0,0.0,0.0,0.0,1.0
2024-05-24,100083.41786577726,0.0003686794015864,0.20527025463779658,0,0.0,0.0,0.0,1.0
2024-05-28,99997.29829948564,-0.000860477870641,0.20595410199682085,0,0.0,0.0,0.0,1.0
2024-05-29,99960.39282514724,-0.0003690647144073,0.20624715631939372,0,0.0,0.0,0.0,1.0
2024-05-30,100071.09905890949,0.001107500987475,0.2053680742612063,0,0.0,0.0,0.0,1.0
2024-05-31,100206.42252790132,0.0013522732363733,0.2042935147752618,0,0.0,0.0,0.0,1.0
2024-06-03,100319.94099548945,0.0011328462260642,0.2033921016864202,0,0.0,0.0,0.0,1.0
2024-06-04,100418.64428922666,0.0009838850856347,0.2026083310561706,0,0.0,0.0,0.0,1.0
2024-06-05,100517.38833997585,0.000983323878231,0.2018242367877957,0,0.0,0.0,0.0,1.0
2024-06-06,100504.33132486486,0.0008709728992761854,0.20192791828184964,2,0.39964446440345697,0.39905259368091184,0.20130294191563125,0.0
2024-06-07,98997.78423798607,-0.014989872247486621,0.2138909168310904,2,0.40523299064328705,0.39769310839828653,0.19707390095842636,0.0
2024-06-10,99038.1401183212,0.00040764427856401737,0.21357046396100932,2,0.4063194340815788,0.3948808952887431,0.19879967062967824,0.0
2024-06-11,99595.75702793349,0.005630324932860264,0.2091426101363113,2,0.40501765554473385,0.3967310000646184,0.1982513443906477,0.0
2024-06-12,100276.51074083065,0.006835167814490612,0.20373696715926293,2,0.405571910117905,0.39699852016135817,0.19742956972073686,0.0
2024-06-13,100782.85739734216,0.00505510422050292,0.19971623367537983,2,0.39878943537556744,0.4038383316294481,0.19737223299498452,0.0
2024-06-14,101407.58287653081,0.006198727594372913,0.1947554926097348,2,0.396573754397218,0.40472783541247587,0.19869841019030623,0.0
2024-06-17,101215.53414128936,-0.0018938301238802674,0.19628048891491956,2,0.4004885660279375,0.40146953912335487,0.19804189484870766,0.0
2024-06-18,101771.675501274,0.005494624562355311,0.19186435194806728,2,0.399312025732958,0.40293902792924186,0.1977489463378003,0.0
2024-06-20,101639.41039211147,-0.0012996259372861489,0.19291462599712117,2,0.3987454912684292,0.40077624901919,0.20047825971238079,0.0
2024-06-21,101269.83519765301,-0.0036348907277335,0.19584930195491124,2,0.4009210611419617,0.4014592605437131,0.19761967831432525,0.0
2024-06-24,101381.47295407383,0.001102379165552527,0.1949628229794219,2,0.3991777259897547,0.4026389758387113,0.19818329817153402,0.0
2024-06-25,101506.851579712,0.001236701558823945,0.1939672322476893,2,0.4002200005053038,0.4028237100929556,0.19695628940174065,0.0
2024-06-26,100788.92831960304,-0.007072658140176678,0.1996680264637819,2,0.4035738314532837,0.39989744441373454,0.1965287241329819,0.0
2024-06-27,101237.70292334675,0.00445261807249936,0.19610445385441544,2,0.4024182354156122,0.39970607380700446,0.19787569077738323,0.0
2024-06-28,100502.30876864793,-0.006869183678684301,0.20194397874043046,3,0.8023635303132054,0.1976364696867946,0.0,0.0
2024-07-01,100325.45574520028,-0.001759691151521297,0.20334831085945926,3,0.8054321252845908,0.19456787471540907,0.0,0.0
2024-07-02,101021.22550442483,0.006935126823561268,0.1978234303610652,3,0.8052677773307265,0.19473222266927345,0.0,0.0
2024-07-03,101642.62003652075,0.006151128428636067,0.1928891392587735,3,0.8039164911768844,0.19608350882311576,0.0,0.0
2024-07-05,102278.81411478335,0.00625912710666082,0.18783732979222778,3,0.8035229104861698,0.19647708951383025,0.0,0.0
2024-07-08,102417.05455439362,0.00135513154113488,0.18673960759495467,3,0.7998391198264558,0.20016088017354414,0.0,0.0
2024-07-09,102406.10309825896,-0.00010693000479561752,0.18682656953261467,3,0.8007025003368039,0.19929749966319607,0.0,0.0
2024-07-10,103281.58627517843,0.008549130866540643,0.17987464345835513,3,0.8017713200479702,0.19822867995202975,0.0,0.0
2024-07-11,102766.47663885826,-0.004987429559299583,0.18396496090390202,3,0.7988422529558388,0.20115774704416123,0.0,0.0
2024-07-12,103372.67727221109,0.005898816940889622,0.17915131959092245,3,0.7991667331650465,0.20083326683495342,0.0,0.0
2024-07-15,103362.33433317437,-9.922167859464001e-05,0.17923344949298048,3,0.8022797446165553,0.19772025538344476,0.0,0.0
2024-07-16,104142.4040739893,0.007546943921569011,0.1730391703636044,3,0.8009923115950636,0.1990076884049363,0.0,0.0
2024-07-17,102977.20678520025,-0.011188500007751078,0.1822916216124011,3,0.7986978161136721,0.20130218388632795,0.0,0.0
2024-07-18,102186.66349040592,-0.007676876461053463,0.18856906781445104,3,0.7986912052983866,0.20130879470161347,0.0,0.0
2024-07-19,101523.64760760174,-0.006488281935797116,0.1938338604738975,3,0.7985688130087442,0.20143118699125584,0.0,0.0
2024-07-22,102301.85160542684,0.00766669076077954,0.18765439660046324,3,0.8020983524732469,0.19790164752675304,0.0,0.0
2024-07-23,102144.73976544032,-0.0015357673152632118,0.18890197042686208,3,0.8020720513984095,0.19792794860159055,0.0,0.0
2024-07-24,100069.54847534836,-0.020316183631749536,0.20538038693902017,3,0.8001511725196915,0.1998488274803085,0.0,0.0
2024-07-25,99816.24268999051,-0.00253129737484776,0.20739180547956393,3,0.7980021182864545,0.2019978817135454,0.0,0.0
2024-07-26,100865.659928137,0.010513491690984372,0.19905872581226725,3,0.7985439008541861,0.20145609914581383,0.0,0.0
2024-07-29,101021.42590033774,0.00154574976000738,0.19782183908254747,3,0.7992350079270328,0.20076499207296708,0.0,0.0
2024-07-30,100690.44950821946,-0.0032762989550830764,0.20045001455295175,3,0.7977993773265075,0.20220062267349245,0.0,0.0
2024-07-31,102204.46172312519,0.01503630406160948,0.18842773785931444,3,0.7987570390074081,0.20124296099259192,0.0,0.0
2024-08-01,101225.79881214468,-0.009575539995814834,0.19619898051493645,3,0.7950589729176878,0.20494102708231227,0.0,0.0
2024-08-02,100373.83842825123,-0.008416435275305022,0.20296411976965667,3,0.7868789857083347,0.2131210142916653,0.0,0.0
2024-08-05,98140.15798514357,-0.02224078268553772,0.22070104690130377,3,0.7943683732093464,0.2056316267906536,0.0,0.0
2024-08-06,98407.49556201271,0.0027240385827544873,0.2185782064855628,3,0.7995141826207712,0.20048581737922883,0.0,0.0
2024-08-07,97742.7243857381,-0.006755290056697905,0.223856937357378,3,0.7995716279621319,0.2004283720378681,0.0,0.0
2024-08-08,99428.88048503327,0.017250962768756314,0.2104677222805017,3,0.8041826399769579,0.19581736002304218,0.0,0.0
2024-08-09,99973.47847816042,0.005477261641391429,0.20614324742110834,3,0.8033287962212282,0.19667120377877165,0.0,0.0
2024-08-12,100087.8675208462,0.00114752650059178,0.2052349213796475,3,0.7995028733216257,0.20049712667837433,0.0,0.0
2024-08-13,101543.02658517455,0.014538815746326879,0.1936799783399712,3,0.8010055152483523,0.19899448475164772,0.0,0.0
2024-08-14,101926.32598623453,0.003774748635628446,0.1906363229383301,3,0.8005107843908161,0.1994892156091838,0.0,0.0
2024-08-15,103160.76111259137,0.012111052904267046,0.1808340766266442,3,0.8044885582859159,0.19551144171408422,0.0,0.0
2024-08-16,103417.45336914185,0.0024882741633742316,0.1787957672239977,3,0.8042909200055944,0.1957090799944055,0.0,0.0
2024-08-19,103677.93287395114,0.0030747142069150247,0.1767273845194144,4,0.2516166799667003,0.25038465199518434,0.24882542726207346,0.24917324077604203
2024-08-20,103974.61166335124,0.0028615422894357656,0.1743715551144822,4,0.25049074614476796,0.2516596680296792,0.24902601531424787,0.24882357051130485
2024-08-21,104073.67616603593,0.0009527758853810052,0.17358491624191075,4,0.25111234969579516,0.2515730316809205,0.24845718575673864,0.24885743286654569
2024-08-22,103264.59435995069,-0.007774125368594334,0.1800095707095435,4,0.25109349559528926,0.2510273821477377,0.24740526774037697,0.25047385451659604
2024-08-23,104064.46222421587,0.007745809386294396,0.17365808114567394,4,0.2518109530398377,0.2507288271201413,0.24834005137372478,0.2491201684662963
2024-08-26,103894.94895625247,-0.00133186156941118,0.17500413066273512,2,0.3995787047359293,0.399515849406141,0.2009054458579298,0.0
2024-08-27,103936.54213137028,0.00040033876079311034,0.17467385283874526,2,0.39996727665433385,0.3986641080711829,0.20136861527448327,0.0
2024-08-28,103497.38411227122,-0.004225251389872106,0.17816106328913606,2,0.3993325843653613,0.3998653506887306,0.20080206494590816,0.0
2024-08-29,103473.34314846079,-0.00023228571443269865,0.17835196473369852,2,0.399461080633533,0.3986502094089558,0.20188870995751113,0.0
2024-08-30,103279.19914735992,-0.0018762706914988627,0.17989359886099632,2,0.4040324397402095,0.395140705426979,0.20082685483281157,0.0
2024-09-03,101876.3549913295,-0.013192283208933401,0.19103312629400315,3,0.7940115127786757,0.20598848722132437,0.0,0.0
2024-09-04,101981.29660215249,0.0010300880006153083,0.19019981922450335,3,0.7915710072174338,0.2084289927825663,0.0,0.0
2024-09-05,101905.17661948923,-0.0007464112067551616,0.19080426315466648,3,0.7902356040760742,0.20976439592392584,0.0,0.0
2024-09-06,100547.71034725769,-0.013320876497768964,0.2015834596277043,3,0.7874249668999157,0.21257503310008433,0.0,0.0
2024-09-09,101526.48417555075,0.00973442184722779,0.19381133621391622,3,0.7885650437253613,0.2114349562746387,0.0,0.0
2024-09-10,102021.24262330998,0.00488468672558842,0.18988262091233832,3,0.7995788571008225,0.20042114289917756,0.0,0.0
2024-09-11,102841.86104231923,0.00804360344873652,0.18336635796802736,3,0.801336077716127,0.19866392228387295,0.0,0.0
2024-09-12,103440.57776577733,0.005821721985483366,0.17861214394012448,3,0.8034086082255876,0.19659139177441246,0.0,0.0
2024-09-13,103929.4565897943,0.004726180330546312,0.17473011681106465,3,0.8038057963538651,0.19619420364613493,0.0,0.0
2024-09-16,104239.65293953984,0.0029846817247383864,0.17226694887273375,3,0.8025973716617569,0.1974026283382431,0.0,0.0
2024-09-17,103897.90512992613,-0.0028770427624475203,0.1749806566527441,2,0.4013180582424876,0.3992142469407807,0.19946769481673168,0.0
2024-09-18,103100.29921122304,-0.007676823875377141,0.1813141848454004,2,0.4032232931877358,0.39731577430702847,0.19946093250523578,0.0
2024-09-19,103993.55562916168,0.008663955631288859,0.1742211272669354,2,0.4065814453793274,0.39259775071104996,0.20082080390962273,0.0
2024-09-20,104029.60982722504,0.00034669646446084117,0.17393483265133225,2,0.40573795960168546,0.39095915590710667,0.2033028844912078,0.0
2024-09-23,104089.75335240496,0.000578138524981663,0.17345725255394262,2,0.4065167925885214,0.3899035298602503,0.20357967755122824,0.0
2024-09-24,104516.47760082148,0.004397303555159425,0.17006877461708048,4,0.24961767252368497,0.24885503738699066,0.25238246605334586,0.2491448240359785
2024-09-25,104184.40707644015,-0.0031772073839840143,0.17270563823456597,4,0.24986100967058295,0.2475731102811584,0.25283704784020816,0.2497288322080505
2024-09-26,104457.24443384717,0.0026187926299453953,0.17053912585717923,4,0.25019641881501037,0.24750696081994758,0.25345944286938554,0.24883717749565648
2024-09-27,104384.33595861659,-0.0006979743303180571,0.17111806825533404,4,0.25000806059589525,0.2489679708552729,0.2516236584726793,0.2494003100761526
2024-09-30,104117.37699961437,-0.002557461869643595,0.17323790219020752,4,0.2516535411787928,0.24841615595014213,0.2502508336222567,0.24967946924880832
2024-10-01,103464.76272282051,-0.005722854632552599,0.1784200990923126,3,0.7973965013924601,0.2026034986075399,0.0,0.0
2024-10-02,103322.91840969452,-0.001370943202237635,0.17954643847255713,3,0.7988281221351248,0.20117187786487525,0.0,0.0
2024-10-03,102976.23574167491,-0.003355331743969397,0.1822993323520029,3,0.8000523379335593,0.19994766206644057,0.0,0.0
2024-10-04,103471.6149356422,0.004810616647611662,0.17836568790745233,3,0.8034573638231899,0.1965426361768101,0.0,0.0
2024-10-07,102566.80551513226,-0.008744518205043034,0.1855504841074337,3,0.803217645472975,0.19678235452702492,0.0,0.0
2024-10-08,102551.2881385975,0.0008495591249848,0.1856737025282783,0,0.0,0.0,0.0,1.0
2024-10-09,102451.80886563263,-0.0009700441093478,0.18646363495622775,0,0.0,0.0,0.0,1.0
2024-10-10,102538.8481643408,0.0008495633183238,0.18577248430236404,0,0.0,0.0,0.0,1.0
2024-10-11,102625.88746304897,0.0008488421731505,0.18508133364850032,0,0.0,0.0,0.0,1.0
2024-10-14,102576.12756602214,-0.000484866910844,0.18547646074484325,0,0.0,0.0,0.0,1.0
2024-10-15,102724.48088677503,0.0024487240346071403,0.18429843546013835,2,0.3959225690111082,0.40387400207246094,0.2002034289164309,0.0
2024-10-16,103178.95576092582,0.004424211933002829,0.18068959886453195,2,0.3958918603827523,0.4037896229588601,0.2003185166583875,0.0
2024-10-17,102646.18508333097,-0.005163559503638641,0.1849201568727451,2,0.39798086435361146,0.39945509798246337,0.20256403766392522,0.0
2024-10-18,103054.7031265298,0.003979865816417586,0.1816762484674318,2,0.3979280592865216,0.398168548761751,0.2039033919517273,0.0
2024-10-21,102266.2857929103,-0.007650474065715197,0.1879368131058905,2,0.4003373203412967,0.39422819353408806,0.20543448612461515,0.0
2024-10-22,102504.51978131695,0.0023353310059108204,0.1860450747841942,2,0.39885606719126354,0.39945747272677157,0.20168646008196495,0.0
2024-10-23,101770.92031711868,-0.007156752363342948,0.19187034861888697,2,0.39806035017191554,0.40124731838002237,0.20069233144806206,0.0
2024-10-24,102277.34465397552,0.0049761202441602,0.1878489983007432,2,0.3969460249804067,0.4018190346774137,0.20123494034217954,0.0
2024-10-25,102075.03186739396,-0.001978080162972815,0.18945549808654305,2,0.39759547900754155,0.4003559764058382,0.20204854458662028,0.0
2024-10-28,102090.41363423776,0.00015069078659492375,0.18933335649797955,2,0.3987644417433746,0.39920948549917595,0.20202607275744922,0.0
2024-10-29,102427.43907395017,0.0036002914474705253,0.18665714751556406,4,0.24950629951073827,0.2494827563547522,0.25181709965807836,0.2491938444764311
2024-10-30,102545.4427488883,0.0011520709294794654,0.1857201188595169,4,0.24846526786399145,0.2499267801031832,0.2529122044174588,0.24869574761536656
2024-10-31,101691.93826423537,-0.008323182988667377,0.19249751931423953,4,0.24563902751693503,0.2524339419853729,0.2510830981541402,0.2508439323435519
2024-11-01,101322.32689535223,-0.0036346181928673593,0.1954324825213255,4,0.247575611668961,0.2497829708049576,0.25096522367681423,0.2516761938492671
2024-11-04,101716.0227103192,0.0038855781053428683,0.19230627259114041,4,0.24608614644160293,0.2526781936351633,0.25035032286998776,0.250885337053246
2024-11-05,102209.3123614572,0.004853607837091125,0.1883892205239891,4,0.25180083852767465,0.2501139738601837,0.2493533486067561,0.24873183900538565
2024-11-06,101343.69291101045,-0.008469085941851723,0.19526282196670464,4,0.26026617796605034,0.2453416184154381,0.24384142999922095,0.25055077361929057
2024-11-07,102299.76758382909,0.009433982967821858,0.1876709451355656,4,0.2598273926296474,0.24609355445445968,0.24544601417152753,0.24863303874436543
2024-11-08,102546.102361487,0.0024079700616724937,0.18571488109122525,4,0.2603260599034893,0.24862045868724786,0.24319886992114909,0.24785461148811372
2024-11-11,101843.55801232618,-0.0068510097700668895,0.19129355639648937,4,0.26237160420760486,0.2491176410816875,0.23912888823811382,0.24938186647259386
2024-11-12,100652.94593618327,-0.01134369575264172,0.20074781817407172,5,0.2016663957702693,0.5977849119164341,0.20054869231329664,0.0
2024-11-13,99888.55194236305,-0.007594352919435343,0.20681762131448655,5,0.2033083543773558,0.5966455089018571,0.2000461367207871,0.0
2024-11-14,100050.93459979282,0.0016256383166257798,0.20552819364762298,5,0.2016732131865582,0.5991264265659346,0.1992003602475072,0.0
2024-11-15,99597.89067925971,-0.004528132819001671,0.20912566750773864,5,0.1999956606205015,0.6002524730217039,0.19975186635779452,0.0
2024-11-18,100164.10044296357,0.005684957380545781,0.2046295806341526,5,0.19967995275747819,0.5979194897330368,0.20240055750948502,0.0
2024-11-19,100498.75959939916,0.003943796377301641,0.20197216153467823,3,0.7997701639625202,0.2002298360374799,0.0,0.0
2024-11-20,100461.66171010003,-0.00036913778286415416,0.20226674376163323,3,0.8003366671737256,0.19966333282627435,0.0,0.0
2024-11-21,100877.74590306208,0.004141721188752882,0.1989627550312979,3,0.8013141675400033,0.19868583245999674,0.0,0.0
2024-11-22,101139.38932385248,0.002593668389872861,0.19688513004991182,3,0.8017184485043287,0.1982815514956712,0.0,0.0
2024-11-25,101933.60134683442,0.007852647996903106,0.19057855167511517,3,0.7981702119988453,0.2018297880011547,0.0,0.0
2024-11-26,101831.66774548759,0.0,0.19138797312344002,0,0.0,0.0,0.0,1.0
2024-11-27,101893.66245446463,0.0006087959703457,0.19089569337990442,0,0.0,0.0,0.0,1.0
2024-11-29,102017.58143532039,0.0012161598461644,0.18991169321083434,0,0.0,0.0,0.0,1.0
2024-12-02,102011.36284578171,-6.095605729117271e-05,0.18996107300007392,0,0.0,0.0,0.0,1.0
2024-12-03,102023.80002485908,0.0001219195463173,0.18986231342159465,0,0.0,0.0,0.0,1.0
2024-12-04,102767.34553805306,0.008296257625588981,0.1839580612590801,5,0.1995860639620318,0.6014577915077343,0.198956144530234,0.0
2024-12-05,102707.18632002464,-0.0005853923511739171,0.18443576596825617,5,0.19937435040019783,0.603025651293314,0.1975999983064882,0.0
2024-12-06,102845.52172164804,0.0013468911629256246,0.1833372897086406,5,0.19948360007142998,0.6031090634257595,0.19740733650281034,0.0
2024-12-09,102369.56483548979,-0.00462788148857312,0.18711670794800594,5,0.19937900671934028,0.6003284950574506,0.20029249822320905,0.0
2024-12-10,102286.88841792269,-0.0008076269318909571,0.18777321438715133,5,0.1989197920909684,0.5979869730779953,0.2030932348310364,0.0
2024-12-11,102390.80444222504,0.00121725209651972,0.1869480511653715,2,0.4026021864478825,0.39573652371092605,0.20166128984119167,0.0
2024-12-12,101383.41095006383,-0.009838710591727326,0.19494743398599534,2,0.4045075550146901,0.3948138416674951,0.2006786033178148,0.0
2024-12-13,100720.54925626198,-0.006538167216807661,0.20021100228091504,2,0.4070889112175377,0.3933542706848424,0.1995568180976199,0.0
2024-12-16,101062.83378901903,0.00339835848081201,0.19749303255765627,2,0.40744252593048175,0.39319618550604185,0.19936128856347654,0.0
2024-12-17,100912.51840570895,-0.0014873458191751346,0.19868663794054053,2,0.4063682346369751,0.3947399290298018,0.19889183633322316,0.0
2024-12-18,98816.9354465603,-0.02076009695137708,0.21532697803906808,2,0.3963059658112488,0.4033723522170995,0.20032168197165184,0.0
2024-12-19,98229.50594646577,-0.005944623737215587,0.21999156391136976,2,0.3985535322379091,0.399640448449799,0.20180601931229186,0.0
2024-12-20,99130.10081844567,0.009168272438127893,0.21284023406527108,2,0.3996762231677218,0.39826463537088747,0.20205914146139076,0.0
2024-12-23,98910.90684380312,-0.002211174737368541,0.214580781853979,2,0.40296054180304713,0.3954861021978529,0.2015533559990999,0.0
2024-12-24,99559.05704541496,0.0065528688624336565,0.20943403271543293,2,0.40478697210593245,0.3945729429360126,0.200640084958055,0.0
2024-12-26,99640.35422680002,0.0010222094790096302,0.20878847834050684,5,0.19980907163194087,0.599046304336624,0.20114462403143504,0.0
2024-12-27,98803.7154534199,-0.008396585699361952,0.21543195368844337,5,0.19937987482041372,0.5991659387263728,0.2014541864532135,0.0
2024-12-30,98991.1763922699,0.001897306573844168,0.2139433875765484,5,0.19673139519177502,0.6028372726631591,0.20043133214506592,0.0
2024-12-31,98724.57028510442,-0.0026932310220157346,0.21606041963018774,5,0.19654500080490547,0.6012296112785841,0.20222538791651049,0.0
2025-01-02,99111.30999863471,0.003917360312771525,0.21298944583043633,5,0.19529701653409204,0.6005296353614464,0.20417334810446167,0.0
2025-01-03,99304.01237640087,0.0021494455818575004,0.21145925916336838,2,0.40413274348936523,0.3978656581660031,0.19800159834463166,0.0
2025-01-06,99334.45065077979,0.0003065160576146215,0.21121755876421877,2,0.4063362482033936,0.3959667077396625,0.19769704405694397,0.0
2025-01-07,98545.23537249048,-0.007945030884238513,0.217484459620782,2,0.4049604278988108,0.39463660681111645,0.20040296529007273,0.0
2025-01-08,98758.31959475174,0.0021622985774584257,0.2157924273809808,2,0.40467704714415703,0.39428940379017874,0.20103354906566423,0.0
2025-01-10,98079.92017565331,-0.006869288804043965,0.2211793756796192,2,0.40125500598439945,0.39438610372963373,0.20435889028596668,0.0
2025-01-13,97931.22395228452,-0.0015104666101295801,0.22236012384204396,2,0.40122627278378575,0.4004644387786916,0.19830928843752274,0.0
2025-01-14,98022.96122124791,0.0009367519904385575,0.22163166814020852,2,0.40140228289613206,0.39943398630798793,0.19916373079587985,0.0
2025-01-15,99559.71703224175,0.01567750853318152,0.20942879197551834,2,0.40239524708022784,0.40004670419423605,0.197558048725536,0.0
2025-01-16,99747.13291246217,0.001882446895261244,0.20794058365948975,2,0.40086674759243146,0.40058364583940775,0.1985496065681608,0.0
2025-01-17,100112.32906786092,0.003661219573290723,0.2050406802211746,2,0.4034143794761006,0.3998102082669046,0.19677541225699488,0.0
2025-01-21,101146.84111751145,0.01033696263151182,0.19682595778937784,2,0.3995315331384079,0.3994493501559392,0.20101911670565292,0.0
2025-01-22,101267.15463567043,0.0011894935801228877,0.1958705874224469,2,0.4013001296784513,0.3968884426440991,0.20181142767744956,0.0
2025-01-23,101147.73128104839,-0.0011792901168369908,0.1968188892913576,2,0.4039668022551342,0.3942693689031492,0.20176382884171662,0.0
2025-01-24,101334.47337743118,0.001846231190928973,0.1953360312728022,2,0.4020452475281836,0.3953103422127212,0.20264441025909533,0.0
2025-01-27,101017.58415617644,-0.0031271610804591856,0.19785234511865368,2,0.39760153775807083,0.4012334522201874,0.20116501002174175,0.0
2025-01-28,101657.31188706584,0.0067379451804573205,0.19277247607028947,3,0.8014736503066968,0.19852634969330316,0.0,0.0
2025-01-29,101250.87366954054,-0.003998120843258344,0.19599986925896473,3,0.8010835815242136,0.19891641847578645,0.0,0.0
2025-01-30,101761.72454575646,0.005045397216849796,0.19194336923697697,3,0.8013399844813763,0.19866001551862375,0.0,0.0
2025-01-31,101195.01033382167,-0.005569031130953094,0.1964434617692692,3,0.8015391206531285,0.19846087934687145,0.0,0.0
2025-02-03,100812.67652999415,-0.003778188297686743,0.19947944967854214,3,0.799164431914838,0.20083556808516204,0.0,0.0
2025-02-04,101415.3784761074,0.005979274694272301,0.19469359029865707,3,0.8005798918228227,0.19942010817717729,0.0,0.0
2025-02-05,102078.4727377417,0.006538399516898885,0.1894281752585102,3,0.7986041878290822,0.20139581217091787,0.0,0.0
2025-02-06,102352.6583481031,0.002686027749120284,0.18725095684459947,3,0.7992330776308487,0.20076692236915133,0.0,0.0
2025-02-07,101471.21704141545,-0.008611806678140684,0.19425019448209757,3,0.7987963671426823,0.20120363285731768,0.0,0.0
2025-02-10,101959.93320561442,0.004816303366101174,0.19036945898154622,3,0.8003663652107289,0.19963363478927107,0.0,0.0
2025-02-11,101833.13134008087,-0.0002438879503472,0.191376351196619,0,0.0,0.0,0.0,1.0
2025-02-12,101696.51069697675,-0.0013416129044276,0.19246121111867898,0,0.0,0.0,0.0,1.0
2025-02-13,101833.13134008087,0.0013434152476599,0.191376351196619,0,0.0,0.0,0.0,1.0
2025-02-14,101969.75198318501,0.0013416129044276,0.19029149127455902,0,0.0,0.0,0.0,1.0
2025-02-18,101882.81520473675,-0.0008525741875159,0.19098182784851025,0,0.0,0.0,0.0,1.0
2025-02-19,101998.08600900104,0.00213353930221368,0.19006650002623793,3,0.8001766455297309,0.1998233544702691,0.0,0.0
2025-02-20,101734.79232116412,-0.0025813591032844098,0.19215722923945022,3,0.7989099880085182,0.2010900119914818,0.0,0.0
2025-02-21,100591.87588915824,-0.011234273014465274,0.20123275547893626,3,0.7941674013317075,0.20583259866829245,0.0,0.0
2025-02-24,100288.41961805025,-0.0030167075464659805,0.20364240265335276,3,0.7929456201411704,0.20705437985882952,0.0,0.0
2025-02-25,100251.06376913951,-0.0003724841716821293,0.20393903325336316,3,0.7892960747876656,0.2107039252123344,0.0,0.0
2025-02-26,100408.92074224955,0.0015853373342620402,0.20268554256810667,3,0.7991370198723694,0.20086298012763068,0.0,0.0
2025-02-27,98985.55018847671,-0.014175738004660328,0.21398806342398913,3,0.7976889294506033,0.2023110705493967,0.0,0.0
2025-02-28,100463.4132995118,0.014930089373864235,0.2022528349619851,3,0.7982199321814092,0.20178006781859079,0.0,0.0
2025-03-03,99153.05472843115,-0.013043142055845437,0.212657964560224,3,0.7945992071328883,0.2054007928671116,0.0,0.0
2025-03-04,97969.6574965158,-0.011935055709141117,0.22205493561534628,3,0.7946781694345173,0.20532183056548264,0.0,0.0
2025-03-05,98080.00173526391,0.001521589052555999,0.2211787280413795,2,0.4036848933300931,0.3962033323356837,0.20011177433422334,0.0
2025-03-06,97148.91101965414,-0.009493175969989815,0.22857221542525408,2,0.400319277890293,0.39867759918974693,0.20100312291996017,0.0
2025-03-07,97252.84281138798,0.0010698194209587718,0.22774692699944865,2,0.4021328558420438,0.3969740258478629,0.20089311831009335,0.0
2025-03-10,96442.8283681788,-0.0083289538875497,0.2341789872339889,2,0.39470935751260827,0.4044840226205731,0.2008066198668187,0.0
2025-03-11,96075.01371610188,-0.0038138102988098956,0.2370996832995209,2,0.39292672994964106,0.4031338962247044,0.20393937382565458,0.0
2025-03-12,96328.86375537043,0.0030505216968273806,0.23508394301636393,3,0.8017992842505459,0.19820071574945405,0.0,0.0
2025-03-13,95467.10750094682,-0.008945981721657848,0.24192686808074215,3,0.7982520087570051,0.20174799124299492,0.0,0.0
2025-03-14,96939.24388822234,0.01542035184485825,0.2302371136624135,3,0.8023678330278925,0.1976321669721075,0.0,0.0
2025-03-17,97634.6438018242,0.00717356444830251,0.22471516998735952,3,0.8027961630989376,0.19720383690106227,0.0,0.0
2025-03-18,96806.59624040553,-0.008481083447177034,0.23129042532602717,3,0.8009118375370485,0.1990881624629515,0.0,0.0
2025-03-19,97750.26922103106,0.009748944284001321,0.22379702628360532,3,0.8009047014844504,0.1990952985155497,0.0,0.0
2025-03-20,97536.69231888045,-0.0021849239276024576,0.22549297073355445,3,0.800337402548972,0.19966259745102805,0.0,0.0
2025-03-21,97447.17933535574,-0.0009177365091698042,0.2262037641109209,3,0.8013368434964749,0.1986631565035251,0.0,0.0
2025-03-24,98647.10978055591,0.012313649849942961,0.216675508206979,3,0.8057655714920837,0.19423442850791636,0.0,0.0
2025-03-25,98836.065997201,0.0019154764601358152,0.2151750685823015,3,0.8061584844776204,0.19384151552237966,0.0,0.0
2025-03-26,98048.04871502297,-0.007569889055344361,0.22143245654287502,2,0.39823925008779,0.4004016803356271,0.20135906957658292,0.0
2025-03-27,98094.55517803664,0.0004743231876938346,0.22106316390382763,2,0.3969932852360306,0.3990450230469447,0.20396169171702475,0.0
2025-03-28,98000.14269971264,-0.0009624640037629962,0.22181286256977517,2,0.3893733495771231,0.40495521820471986,0.20567143221815706,0.0
2025-03-31,98937.63539816809,0.009566238095469463,0.21436853913028564,2,0.38827282495210774,0.40507848871992586,0.2066486863279664,0.0
2025-04-01,99352.97112589802,0.0041979548637728886,0.21107049371799458,2,0.3877417569205773,0.4068805218598142,0.20537772121960846,0.0
2025-04-02,99801.77469526869,0.0049315550114111,0.20750669110204134,3,0.8011119111740121,0.198888088825988,0.0,0.0
2025-04-03,95952.84321025746,-0.038565761949258114,0.23806979939938,3,0.7921837269682159,0.2078162730317841,0.0,0.0
2025-04-04,91719.95867045967,-0.04411421692343639,0.2716817535491932,3,0.7802260268208204,0.21977397317917957,0.0,0.0
2025-04-07,90984.61262550851,-0.008017295860252054,0.2775208964114092,3,0.78513087605245,0.21486912394755003,0.0,0.0
2025-04-08,89496.67917321209,-0.016353682335503734,0.2893360901655365,3,0.785682363828895,0.214317636171105,0.0,0.0
2025-04-09,97119.74773779837,0.08519264826522052,0.2288037915250456,3,0.8146161917008563,0.1853838082991436,0.0,0.0
2025-04-10,93156.63169707531,-0.04080649026624936,0.2602736020995472,3,0.8120576983884462,0.1879423016115538,0.0,0.0
2025-04-11,94601.64482232947,0.015511650635383926,0.2487992246495444,3,0.8139218856933204,0.18607811430667964,0.0,0.0
2025-04-14,95474.24360292371,0.00922392821216865,0.24187020262478642,3,0.8143069504338316,0.18569304956616844,0.0,0.0
2025-04-15,95319.29002735544,-0.001622988250241861,0.2431006383780846,3,0.8133462037962665,0.18665379620373343,0.0,0.0
2025-04-16,95776.20654155282,0.00541020122213412,0.23947241351603143,5,0.19450211178429966,0.6001009648482453,0.20539692336745502,0.0
2025-04-17,95208.76640473556,-0.005924646186222379,0.24397827038081055,5,0.19594048934840777,0.5983456400326925,0.20571387061889979,0.0
2025-04-21,94374.83354917723,-0.008758992339143052,0.2506002589187707,5,0.19296676972445417,0.5930814789137864,0.2139517513617595,0.0
2025-04-22,94874.42585864919,0.005293702681993508,0.2466331594995238,5,0.19694478886210132,0.5932512875177436,0.20980392362015501,0.0
2025-04-23,95233.36690057092,0.003783327684707128,0.24378292587511796,5,0.1992426959553178,0.5967559950347578,0.20400130900992422,0.0
2025-04-24,96513.15195470075,0.01344246534889512,0.23362057059313734,5,0.2015011341823614,0.5982790582395282,0.2002198075781104,0.0
2025-04-25,96869.51000235384,0.003692326283368547,0.23079084768290536,5,0.2022104157736139,0.6004690673978159,0.1973205168285702,0.0
2025-04-28,97515.65511848635,0.006670263079856769,0.22566002027351684,5,0.20094716536857138,0.6002481382178435,0.19880469641358506,0.0
2025-04-29,97941.06689543012,0.004362497246486981,0.22228196424411517,5,0.20133468767821897,0.6026518681397106,0.19601344418207023,0.0
2025-04-30,97327.57427886284,-0.00626389558551881,0.2271535088150648,5,0.20268417584657855,0.6015426934329257,0.19577313072049587,0.0
2025-05-01,96764.67060197149,-0.005779396719960759,0.23162334313266641,5,0.20258821125781717,0.6004277976185108,0.19698399112367201,0.0
2025-05-02,96460.09076840212,-0.0031476346860334794,0.23404191214976044,5,0.20624466363070823,0.5958038990391399,0.1979514373301519,0.0
2025-05-05,96595.30260114648,0.0014017386016047689,0.23296823913080944,5,0.20477492642859602,0.591646635009176,0.20357843856222804,0.0
2025-05-06,97171.05283731896,0.005960437212457601,0.2283963944801879,5,0.20186019816990924,0.590096310710204,0.20804349111988674,0.0
2025-05-07,97192.82865261723,0.00022409776021187712,0.22822347984041946,5,0.20266368786601782,0.5924579425095293,0.20487836962445274,0.0
2025-05-08,96895.85237496186,-0.0020575945283983,0.23058167150246067,0,0.0,0.0,0.0,1.0
2025-05-09,96942.83657624724,0.0004848938332628,0.23020858529977273,0,0.0,0.0,0.0,1.0
2025-05-12,96766.57797927226,-0.0018181704105217,0.23160819727225435,0,0.0,0.0,0.0,1.0
2025-05-13,96743.06248478309,-0.0002430125667377,0.23179492613649544,0,0.0,0.0,0.0,1.0
2025-05-14,96672.57214654713,-0.0007286345545144,0.23235466689826578,0,0.0,0.0,0.0,1.0
2025-05-15,97487.94469795341,0.00944381701410092,0.22588005967588365,5,0.19909662503487133,0.5996115474443519,0.20129182752077687,0.0
2025-05-16,97529.90307430897,0.0004303955374744643,0.22554688190809813,5,0.20027153683045137,0.6009552105964434,0.19877325257310513,0.0
2025-05-19,97631.20415883584,0.0010386669250526147,0.2247424830693322,5,0.2002825917286348,0.5985927243611585,0.20112468391020658,0.0
2025-05-20,97510.03755494239,-0.001241064318906945,0.22570462751155929,5,0.19985722577911247,0.5950181241939151,0.2051246500269725,0.0
2025-05-21,96337.67341840714,-0.01202300979398835,0.23501398835842768,5,0.19888062021075123,0.5919665330902796,0.2091528466989692,0.0
2025-05-22,96476.54196148436,0.00145064315131662,0.233911278596591,5,0.19978909769312775,0.6022703421023925,0.19794056020447978,0.0
2025-05-23,96859.66746568243,0.003971177826326176,0.23086900405315514,5,0.19764054355504374,0.6008828527340221,0.2014766037109342,0.0
2025-05-27,97739.1981191751,0.009080463277496476,0.22388493828887546,5,0.19993410987877283,0.603786452327324,0.19627943779390317,0.0
2025-05-28,97327.96303217635,-0.004207473510242239,0.22715042185192502,5,0.19961726415253908,0.603720620124735,0.1966621157227258,0.0
2025-05-29,98061.86849066683,0.007540540617785728,0.22132271821646077,5,0.1989053877080789,0.6047478899246702,0.1963467223672508,0.0
2025-05-30,98082.47930867641,0.0012113931725614,0.22115905443980577,0,0.0,0.0,0.0,1.0
2025-06-02,98001.51843775246,-0.000825436627363,0.2218019382831612,0,0.0,0.0,0.0,1.0
2025-06-03,97977.68751846322,-0.000243168878086,0.22199117183275763,0,0.0,0.0,0.0,1.0
2025-06-04,98156.29657334239,0.001822956424089,0.2205728956414521,0,0.0,0.0,0.0,1.0
2025-06-05,98049.11413182857,-0.001091956861206,0.2214239964158663,0,0.0,0.0,0.0,1.0
2025-06-06,97882.44888423789,-0.0016998139051678,0.22274743073298864,0,0.0,0.0,0.0,1.0
2025-06-09,97953.88494681787,0.0007298148278294,0.22218018028296904,0,0.0,0.0,0.0,1.0
2025-06-10,97953.88494681787,0.0,0.22218018028296904,0,0.0,0.0,0.0,1.0
2025-06-11,98108.67253162242,0.0015802087368825,0.2209510626081318,0,0.0,0.0,0.0,1.0
2025-06-12,98192.01460463238,0.0008494873170676,0.2202892704164423,0,0.0,0.0,0.0,1.0
2025-06-13,98120.59744048167,-0.0007273215081519,0.22085637080020526,0,0.0,0.0,0.0,1.0
2025-06-16,98108.67253162242,-0.0001215331864085,0.2209510626081318,0,0.0,0.0,0.0,1.0
2025-06-17,98156.29657334239,0.0004854213240386,0.2205728956414521,0,0.0,0.0,0.0,1.0
2025-06-18,98203.92061506236,0.0004851858045029,0.22019472867477252,0,0.0,0.0,0.0,1.0
2025-06-20,98275.36612685696,0.000727521990437,0.21962740319162466,0,0.0,0.0,0.0,1.0
2025-06-23,98406.33224158689,0.00133264438375,0.21858744403325558,0,0.0,0.0,0.0,1.0
2025-06-24,98489.68376381147,0.0008470138082166,0.21792557680843783,0,0.0,0.0,0.0,1.0
2025-06-25,98501.5992234561,0.0001209818042791,0.21783096003363955,0,0.0,0.0,0.0,1.0
2025-06-26,98620.65932775603,0.0012087123989716,0.21688554261694037,0,0.0,0.0,0.0,1.0
2025-06-27,98584.93184725141,-0.0003622717668706,0.21716924287507855,0,0.0,0.0,0.0,1.0
2025-06-30,99398.09451874375,0.00925760404254542,0.2107121835875967,5,0.19911294711334018,0.6003466669150376,0.2005403859716222,0.0
2025-07-01,99717.51496351656,0.003213546963041344,0.208175770122199,5,0.19841088872943452,0.5999074148993543,0.20168169637121108,0.0
2025-07-02,99538.29730863638,-0.00179725352106646,0.2095988790074126,5,0.19966919414399542,0.597169161484187,0.20316164437181752,0.0
2025-07-03,99142.95197629808,-0.003971791190203564,0.21273818721649795,5,0.20204534891619702,0.5953745547702948,0.20258009631350807,0.0
2025-07-07,98445.3969136934,-0.007035851250136609,0.21827724422615558,5,0.20196067793763733,0.5938710400509173,0.2041682820114454,0.0
2025-07-08,98112.69769323907,-0.003036703684244475,0.22091910011389593,4,0.2506241374177038,0.2504412571352843,0.24814268283200822,0.25079192261500366
2025-07-09,98646.96657218137,0.005445461102422893,0.21667664537792564,4,0.25076153200620566,0.2516906596732429,0.24790225681137068,0.24964555150918077
2025-07-10,98788.30008187242,0.001432720281242872,0.21555436212098733,4,0.25110897537011784,0.25150405446095103,0.2480985791933794,0.24928839097555167
2025-07-11,98587.70756395212,-0.0020305290986286618,0.21714720181499292,4,0.2507353501722587,0.2485392812627138,0.25099035958547805,0.2497350089795494
2025-07-14,98496.00417880206,-0.0009301705802478126,0.21787538845652932,4,0.2514476637916092,0.24824876176979918,0.25030573718296445,0.24999783725562705
2025-07-15,98326.65114411472,-0.0009701153249536,0.21922016561345947,0,0.0,0.0,0.0,1.0
2025-07-16,98457.93726959561,0.0013352038735507,0.21817766535419625,0,0.0,0.0,0.0,1.0
2025-07-17,98422.13196264628,-0.00036366094946,0.21846198360672253,0,0.0,0.0,0.0,1.0
2025-07-18,98505.66823653362,0.0008487549722966,0.21779864932926984,0,0.0,0.0,0.0,1.0
2025-07-21,98565.36263277142,0.0006059996069918,0.21732463561817494,0,0.0,0.0,0.0,1.0
2025-07-22,98636.9638043423,0.0007264334007237,0.2167560740915644,0,0.0,0.0,0.0,1.0
2025-07-23,98553.42753045497,-0.0008469063793675,0.21741940836901708,0,0.0,0.0,0.0,1.0
2025-07-24,98469.87237191208,-0.0008478158561971,0.218082892603354,0,0.0,0.0,0.0,1.0
2025-07-25,98529.56676814987,0.0006062199005634,0.2176088788922591,0,0.0,0.0,0.0,1.0
2025-07-28,98517.62222350566,-0.0001212280235873,0.21770372662154325,0,0.0,0.0,0.0,1.0
2025-07-29,98601.18682437636,0.0008482198309771,0.21704016740876408,0,0.0,0.0,0.0,1.0
2025-07-30,98493.74257654499,-0.0010896851375911,0.21789334710166952,0,0.0,0.0,0.0,1.0
2025-07-31,98493.74257654499,0.0,0.21789334710166952,0,0.0,0.0,0.0,1.0
2025-08-01,98984.72473655335,0.0049849071338394,0.2139946180682134,0,0.0,0.0,0.0,1.0
2025-08-04,99008.67992213629,0.0002420089124528,0.21380439776055005,0,0.0,0.0,0.0,1.0
2025-08-05,99007.25108807388,0.0009865551531433598,0.21381574366534417,5,0.19878987799812567,0.6012465788245095,0.19996354317736487,0.0
2025-08-06,98772.30549286227,-0.0023730140230093285,0.21568136993029552,5,0.200789035846214,0.5991969289373746,0.20001403521641137,0.0
2025-08-07,98821.30284666305,0.0004960636846156954,0.21529229794075044,5,0.20052137626195954,0.5978768798975294,0.201601743840511,0.0
2025-08-08,98715.27523409,-0.0010729226342781654,0.21613422859558218,5,0.202302007090507,0.5959248361715002,0.20177315673799287,0.0
2025-08-11,98456.86251562316,-0.002617758172218519,0.2181861996245985,5,0.2024318919317402,0.5981734130535047,0.19939469501475515,0.0
2025-08-12,98640.42838957107,0.0020630116963015594,0.21672856295140397,2,0.40342615824190964,0.39716671429553785,0.19940712746255254,0.0
2025-08-13,99161.02448138026,0.00527771523612138,0.21259467935407383,2,0.402681860330183,0.39835304455445214,0.19896509511536492,0.0
2025-08-14,98746.803714538,-0.0041772538051988205,0.21588387122597585,2,0.40440863270774025,0.3970581298435565,0.19853323744870324,0.0
2025-08-15,98385.45081109853,-0.0036593883533089576,0.21875325665525314,2,0.40494367823533356,0.39567717417973536,0.19937914758493105,0.0
2025-08-18,98233.51199074971,-0.0015443220424994242,0.2199597532216313,2,0.4054817112564264,0.39514252496340924,0.19937576378016436,0.0
2025-08-19,98140.3264036236,-0.0009431364650162603,0.22069970954514018,2,0.3982055217368596,0.402701362175013,0.1990931160881273,0.0
2025-08-20,98320.9236986687,0.0018401945628583813,0.21926564538781124,2,0.39641797129323647,0.40284305596584846,0.20073897274091498,0.0
2025-08-21,97899.94842486185,-0.004281644821574623,0.22260847259426197,2,0.39652539870888603,0.4025719780545561,0.20090262323655794,0.0
2025-08-22,98998.5969178786,0.011222155993881449,0.21388446360539293,2,0.39814674665630834,0.4010530915872663,0.20080016175642545,0.0
2025-08-25,98663.08043000098,-0.0033891034653344278,0.2165486904939412,2,0.3977424090415954,0.40126113103552696,0.20099645992287768,0.0
2025-08-26,98948.66603777981,0.0028968180666090805,0.21428094842248668,2,0.4005146081328733,0.39861486778160854,0.2008705240855181,0.0
2025-08-27,99033.61870231596,0.0008585529036208316,0.21360636704932456,2,0.4010828109323385,0.39781381973502455,0.20110336933263703,0.0
2025-08-28,99581.20450902315,0.005529292111936059,0.20925816693777366,2,0.4002898938306021,0.3982287923276707,0.20148131384172735,0.0
2025-08-29,99255.19730678841,-0.003273782475740285,0.21184688369368754,2,0.39920959656548466,0.3966966561711838,0.2040937472633315,0.0
2025-09-02,99147.50756325801,-0.0010849783835253258,0.2127020127877879,2,0.39668174369906395,0.3941722916619978,0.20914596463893825,0.0
2025-09-03,99754.80189382016,0.00653111220299614,0.2078796867823468,3,0.7991165172927,0.20088348270729994,0.0,0.0
2025-09-04,100573.79851860387,0.008210097250811748,0.20137630197648648,3,0.7992332847040254,0.20076671529597456,0.0,0.0
2025-09-05,100648.86047091446,0.000746337052156744,0.20078025951992107,3,0.7963242237019882,0.20367577629801184,0.0,0.0
2025-09-08,101118.89952479956,0.0046700881826769285,0.19704783285454308,3,0.794569745282797,0.20543025471720308,0.0,0.0
2025-09-09,101186.59554685565,0.0006694695291802394,0.1965102808452499,3,0.7958738855411135,0.2041261144588865,0.0,0.0
2025-09-10,101535.86127161732,0.00345583990829786,0.1937368757555492,3,0.7995496047179651,0.20045039528203484,0.0,0.0
2025-09-11,102346.58453884585,0.007984600288756848,0.18729918698089298,3,0.7998078717236297,0.2001921282763703,0.0,0.0
2025-09-12,102230.74214126094,-0.0011318638341170598,0.18821905363910674,3,0.8004462278245466,0.1995537721754534,0.0,0.0
2025-09-15,102714.0239586869,0.004727362897925243,0.18438147051203768,3,0.8009214522676207,0.19907854773237937,0.0,0.0
2025-09-16,102643.8541398423,-0.0006831571399910676,0.18493866613396648,3,0.8003655257795917,0.1996344742204083,0.0,0.0
2025-09-17,102489.53872257587,-0.0015030413265074002,0.18616403448053986,3,0.8002088561330013,0.19979114386699873,0.0,0.0
2025-09-18,102661.42765267573,0.001677136342325993,0.18479912060607528,3,0.8026016839253599,0.19739831607464006,0.0,0.0
2025-09-19,103030.89701125502,0.003598911168752486,0.1818652850564476,3,0.8036844754494596,0.19631552455054044,0.0,0.0
2025-09-22,103349.94075091853,0.0030965831504763132,0.1793318628833337,3,0.8049940154626214,0.19500598453737863,0.0,0.0
2025-09-23,103037.9405297748,-0.0030188717949598243,0.18180935477549753,3,0.8030363178563452,0.1969636821436547,0.0,0.0
2025-09-24,102696.92081815212,-0.0033066255830585005,0.18451728096707554,3,0.8001003007387416,0.19989969926125842,0.0,0.0
2025-09-25,102317.8421662383,-0.003691236785814241,0.18752742077776574,3,0.7993596898451809,0.20064031015481906,0.0,0.0
2025-09-26,102767.96196745726,0.004399230786040459,0.18395316639443748,3,0.8004180995633684,0.1995819004366316,0.0,0.0
2025-09-29,103167.55412514441,0.003888295048739775,0.18078013553178918,3,0.7995586375073329,0.2004413624926672,0.0,0.0
2025-09-30,103418.29119278568,0.0024303868572584982,0.17878911433998035,3,0.8006246152295907,0.19937538477040925,0.0,0.0
2025-10-01,103434.82019501379,0.001160987668592,0.17865786292978725,0,0.0,0.0,0.0,1.0
2025-10-02,103459.79249122833,0.0002414302665916,0.1784595660786713,0,0.0,0.0,0.0,1.0
2025-10-03,103422.29978464202,-0.0003623891531533,0.17875728342080133,0,0.0,0.0,0.0,1.0
2025-10-06,103397.31769920904,-0.000241554147268,0.17895565800490465,0,0.0,0.0,0.0,1.0
2025-10-07,103447.30144851185,0.0004834143710401,0.17855875337072302,0,0.0,0.0,0.0,1.0
2025-10-08,103434.8201950138,-0.0001206532536207,0.17865786292978714,0,0.0,0.0,0.0,1.0
2025-10-09,103422.29978464203,-0.0001210463782715,0.17875728342080122,0,0.0,0.0,0.0,1.0
2025-10-10,103597.2037503281,0.0016911629895126,0.1773684281331156,0,0.0,0.0,0.0,1.0
2025-10-13,103797.06043379186,0.0019291706361632,0.17578143146028913,0,0.0,0.0,0.0,1.0
2025-10-14,103722.13375592981,-0.0007218574162786,0.1763763997466241,0,0.0,0.0,0.0,1.0
2025-10-15,103672.16958506388,-0.0004817117528984,0.17677314891483065,0,0.0,0.0,0.0,1.0
2025-10-16,103809.55147650835,0.0013251569056027,0.17568224416823752,0,0.0,0.0,0.0,1.0
2025-10-17,103797.06043379188,-0.0001203265262089,0.17578143146028902,0,0.0,0.0,0.0,1.0
2025-10-20,103809.55147650836,0.0001203410064243,0.1756822441682374,0,0.0,0.0,0.0,1.0
2025-10-21,103834.55314037821,0.000240841651989,0.175483714118159,0,0.0,0.0,0.0,1.0
2025-10-22,103834.55314037821,0.0,0.175483714118159,0,0.0,0.0,0.0,1.0
2025-10-23,103759.59709486087,-0.0007218795983645,0.17607891560345634,0,0.0,0.0,0.0,1.0
2025-10-24,103822.0523084433,0.0006019222831534,0.1755829791431981,0,0.0,0.0,0.0,1.0
2025-10-27,103797.0604337919,-0.0002407183646991,0.1757814314602888,0,0.0,0.0,0.0,1.0
2025-10-28,103809.5514765084,0.0001203410064243,0.1756822441682372,0,0.0,0.0,0.0,1.0
2025-10-29,103535.9672659652,-0.0016370806082212802,0.1778546870625406,3,0.8016966669210371,0.1983033330789629,0.0,0.0
2025-10-30,102503.61163889487,-0.009970985487761826,0.18605228604667146,3,0.8008649406325339,0.1991350593674662,0.0,0.0
2025-10-31,102712.03313434124,0.002033308798724079,0.1843972789981888,3,0.8018615234090617,0.1981384765909384,0.0,0.0
2025-11-03,102815.70742688066,0.00100936851677179,0.18357403528941618,3,0.80255633380836,0.1974436661916399,0.0,0.0
2025-11-04,101882.84814780075,-0.00907312026952046,0.19098156625839458,3,0.800304452849415,0.19969554715058502,0.0,0.0
2025-11-05,101943.24551423716,0.0005931165496057599,0.1905019704904629,3,0.8022964528570238,0.19770354714297628,0.0,0.0
2025-11-06,101246.9494863658,-0.006830232099821813,0.19603102991636145,3,0.7991466795867013,0.20085332041329873,0.0,0.0
2025-11-07,101283.56547642246,0.000361650303958905,0.19574027429395713,3,0.7996442998960323,0.20035570010396775,0.0,0.0
2025-11-10,102542.84746910247,0.012433231262708322,0.1857407271289716,3,0.8021489423890892,0.1978510576109108,0.0,0.0
2025-11-11,102824.02790708178,0.002742077530702808,0.18350796507266565,3,0.8017866421849705,0.19821335781502947,0.0,0.0
2025-11-12,102906.18941307509,0.00080083774713944,0.18285554737821597,3,0.7998045985802127,0.20019540141978728,0.0,0.0
2025-11-13,101371.25940479852,-0.014915818154680838,0.19504392543962867,3,0.7984420605206174,0.20155793947938266,0.0,0.0
2025-11-14,101241.43527877492,-0.0012806798177890989,0.19607481643852487,3,0.7993351680033537,0.20066483199664636,0.0,0.0
2025-11-17,100537.77878184943,-0.006950281720008551,0.20166232294608677,3,0.7974305054064116,0.2025694945935884,0.0,0.0
2025-11-18,99857.68126837176,-0.006764596569746963,0.20706275525778528,3,0.7961195414404401,0.20388045855955989,0.0,0.0
2025-11-19,100125.54165756835,0.0026863123628768403,0.20493576336004338,3,0.8009389687727585,0.1990610312272414,0.0,0.0
2025-11-20,98981.68046052784,-0.011424269752792305,0.2140187916702162,3,0.7978456051055091,0.20215439489449089,0.0,0.0
2025-11-21,99828.88502202721,0.008559205678844986,0.20729141684841446,3,0.7989547129449829,0.201045287055017,0.0,0.0
2025-11-24,101117.17319009783,0.012904964007024141,0.19706154111478402,3,0.8003851217761091,0.19961487822389098,0.0,0.0
2025-11-25,101929.99825991159,0.008038447319780677,0.19060716261200927,3,0.8014709056954389,0.19852909430456117,0.0,0.0
2025-11-26,102583.15866938997,0.00640941146871,0.18542062904856138,3,0.8003928190206998,0.19960718097930022,0.0,0.0
2025-11-28,102934.18966127821,0.0034219163890201903,0.182633206548945,3,0.8020172745249787,0.19798272547502133,0.0,0.0
2025-12-01,102303.5920383075,-0.006126221278331423,0.18764057639118625,3,0.8032767395312189,0.19672326046878108,0.0,0.0
2025-12-02,102464.87944282402,0.0015765566125589257,0.1863598457701212,3,0.8034978705759919,0.19650212942400813,0.0,0.0
2025-12-03,102806.64883990482,0.0033354784482180666,0.18364596657108267,3,0.8035997923001899,0.1964002076998101,0.0,0.0
2025-12-04,102586.93820954119,-0.0017342248580364602,0.18539061695419046,2,0.40098782297098734,0.39853526594745436,0.2004769110815582,0.0
2025-12-05,102439.18256335249,-0.0014402968717802036,0.186563896300314,2,0.40232896641523036,0.3972627958291643,0.20040823775560523,0.0
2025-12-08,102127.32833104418,-0.0030442866147965455,0.18904022894279915,2,0.4023451399950115,0.3971652418853495,0.20048961811963895,0.0
2025-12-09,102238.58457561255,0.0010893875947457748,0.1881567794283716,2,0.4015603775113772,0.3971393427268278,0.20130027976179504,0.0
2025-12-10,102755.45407253408,0.00505552281525654,0.18405248750436043,2,0.40219037421023746,0.396668850131051,0.20114077565871147,0.0
2025-12-11,102877.87354433657,0.00158980921074602,0.18308039444711244,3,0.8005887734191697,0.19941122658083038,0.0,0.0
2025-12-12,101794.56962955908,-0.010529999089752213,0.19168255714998506,3,0.8004090894055134,0.19959091059448658,0.0,0.0
2025-12-15,101685.43562781592,-0.0010721004287389503,0.1925491546270217,3,0.8000575665697028,0.1999424334302972,0.0,0.0
2025-12-16,101574.80980303248,-0.0010879220224650431,0.19342759818376098,3,0.7987405485982912,0.2012594514017087,0.0,0.0
2025-12-17,100663.45638028614,-0.008972238535455618,0.20066435816897166,3,0.7971033331458285,0.20289666685417154,0.0,0.0
2025-12-18,101367.58040966182,0.00699774956738362,0.19507313913886593,3,0.8004397333698959,0.19956026663010412,0.0,0.0
2025-12-19,102027.4781314218,0.006509948438081513,0.18983310677823317,3,0.8024704824113201,0.19752951758867981,0.0,0.0
2025-12-22,102493.8052315327,0.004570603024316828,0.18613015552587242,3,0.803795956231829,0.19620404376817097,0.0,0.0
2025-12-23,102902.5640688419,0.00398813212550583,0.18288433505314483,3,0.8042621235385876,0.19573787646141255,0.0,0.0
2025-12-24,103315.68831569092,0.004014712855674142,0.1796038502885099,3,0.8038639727926448,0.19613602720735532,0.0,0.0
2025-12-26,103374.86688563229,0.0009770522163569802,0.1791339325856245,2,0.3995690363212938,0.3982931158160186,0.20213784786268757,0.0
2025-12-29,102472.9655555225,-0.008724570655143904,0.18629563658919124,2,0.4016493286700945,0.40330989370007175,0.19504077762983374,0.0
2025-12-30,102338.6972187441,-0.0013102805803513506,0.1873618176147155,2,0.4016851851687102,0.40287605218909167,0.19543876264219812,0.0
2025-12-31,101576.28150620786,-0.0074499259151854244,0.19341591186933682,2,0.40170177151960235,0.4026661172929425,0.19563211118745513,0.0
