date,wealth,return,drawdown,action,w_SPY,w_TLT,w_GLD,w_SHY
2021-01-05,100000.0,0.0,0.0,0,0.0,0.0,0.0,1.0
2021-01-06,99942.087188302,-0.00057912811698,0.0005791281169800211,0,0.0,0.0,0.0,1.0
2021-01-07,99965.27670160167,0.0002320295078086,0.00034723298398331437,0,0.0,0.0,0.0,1.0
2021-01-08,99953.71243072744,-0.0001156828776532,0.00046287569272562834,0,0.0,0.0,0.0,1.0
2021-01-11,99942.087188302,-0.0001163062595948,0.0005791281169800211,0,0.0,0.0,0.0,1.0
2021-01-12,99942.087188302,0.0,0.0005791281169800211,0,0.0,0.0,0.0,1.0
2021-01-13,99930.52291742778,-0.0001157097194943,0.000694770825722224,0,0.0,0.0,0.0,1.0
2021-01-14,99942.08718830203,0.000115723109783,0.000579128116979688,0,0.0,0.0,0.0,1.0
2021-01-15,99953.71243072746,0.0001163197883142,0.0004628756927254063,0,0.0,0.0,0.0,1.0
2021-01-19,99988.395081425,0.0003469871188783,0.00011604918575003342,0,0.0,0.0,0.0,1.0
2021-01-20,101013.9225416001,0.011267732588735,0.0,3,0.8020337637085824,0.19796623629141752,0.0,0.0
2021-01-21,100947.44046882537,-0.0006581476206642746,0.0006581476206644066,3,0.8032936615317773,0.19670633846822264,0.0,0.0
2021-01-22,100724.69887253513,-0.0022065105886366954,0.002863205999607321,3,0.8022205468180359,0.1977794531819641,0.0,0.0
2021-01-25,101278.1581153438,0.00549477187823667,0.0,3,0.8009831923310617,0.1990168076689382,0.0,0.0
2021-01-26,101113.49112853533,-0.0016258884430040165,0.0016258884430040421,3,0.8010352427580403,0.19896475724195967,0.0,0.0
2021-01-27,99187.80910203811,-0.01904374304000688,0.02063968235801672,3,0.7955989000172984,0.20440109998270167,0.0,0.0
2021-01-28,99754.41042488784,0.005712408893585419,0.015045175769494046,3,0.797883358293267,0.2021166417067331,0.0,0.0
2021-01-29,98039.72011668599,-0.017189117763298987,0.03197568023472164,3,0.7955856106157194,0.20441438938428064,0.0,0.0
2021-02-01,99361.26890489653,0.013479728283981618,0.018926975431999504,3,0.7980706135027186,0.2019293864972814,0.0,0.0
2021-02-02,100353.18832636441,0.009982958474667842,0.009132964167120394,3,0.8013556084282808,0.19864439157171923,0.0,0.0
2021-02-03,100238.09075317172,-0.0011455708714899,0.010269414269832633,3,0.8015473157740401,0.19845268422595985,0.0,0.0
2021-02-04,101098.11135955903,0.00857977840484855,0.0017777451637669417,3,0.8037613265633333,0.19623867343666673,0.0,0.0
2021-02-05,101251.807808134,0.0015202702257054402,0.00026017759110297245,3,0.8056998754013901,0.1943001245986099,0.0,0.0
2021-02-08,101927.34915387217,0.0066718941652703385,0.0,3,0.8061401354182887,0.19385986458171137,0.0,0.0
2021-02-09,101887.27400894814,-0.00039317362078686785,0.00039317362078683527,3,0.8059203367413511,0.19407966325864898,0.0,0.0
2021-02-10,102110.7667130271,0.0023999436694858603,0.0,1,0.5983027613116219,0.4016972386883781,0.0,0.0
2021-02-11,101984.88132542068,-0.0012328316754316611,0.0012328316754315338,1,0.6000086272730104,0.3999913727269896,0.0,0.0
2021-02-12,101780.53174771719,-0.0020037242290005283,0.003234085649733709,1,0.6041832198319227,0.3958167801680774,0.0,0.0
2021-02-16,101113.86627360176,-0.006550029388408905,0.00976293168209219,1,0.6076401487090015,0.3923598512909985,0.0,0.0
2021-02-17,101379.8872989317,0.0026309054844183104,0.0071577115481804565,1,0.6061847171314518,0.39381528286854806,0.0,0.0
2021-02-18,100956.26978278978,-0.0041723574328085804,0.011306319278572508,1,0.599949530799257,0.4000504692007431,0.0,0.0
2021-02-19,100312.45465876305,-0.006377168306752154,0.017611385284355463,1,0.6027337851805173,0.3972662148194827,0.0,0.0
2021-02-22,99544.24389878426,-0.007658179261907646,0.025134693400704844,1,0.6027134340325976,0.3972865659674024,0.0,0.0
2021-02-23,99503.05108457114,-0.00041381412525476915,0.02553810643479648,1,0.6036951502178692,0.39630484978213076,0.0,0.0
2021-02-24,99906.3179203749,0.004052808747151012,0.02158879874879016,1,0.6078840503860141,0.3921159496139859,0.0,0.0
2021-02-25,98339.83839432288,-0.0151870776661583,0.03692978164880556,4,0.24773847720345885,0.2497097444951792,0.24907864555787781,0.2534731327434842
2021-02-26,98465.56845200738,0.001278526177563339,0.03569847116381186,4,0.24614723033900296,0.2576354286020061,0.242744844274252,0.25347249678473893
2021-03-01,98674.35198287657,0.002120370949474965,0.03365379421553316,4,0.25158042273633174,0.2536947622786446,0.24181206318192502,0.2529127518030986
2021-03-02,98618.19075232751,-0.0005691573283278958,0.03420379724025724,4,0.24975941169898877,0.25385727207232656,0.24326789721432449,0.2531154190143602
2021-03-03,97741.53202341349,-0.008889422146424257,0.04278916739400207,4,0.2486616795425414,0.25335605057898675,0.24274456901284105,0.25523770086563075
2021-03-04,96594.53932743854,-0.01118978824901458,0.05402199555597709,3,0.7990411080306,0.20095889196939992,0.0,0.0
2021-03-05,98052.25039401872,0.015091029748988221,0.03974621334902395,3,0.8016431743155147,0.19835682568448543,0.0,0.0
2021-03-08,97509.67979384003,-0.0055334844228295006,0.04505976271942025,3,0.80209031115875,0.19790968884125013,0.0,0.0
2021-03-09,98893.78337077609,0.014194524890886686,0.031504839752031666,3,0.8021559733643567,0.1978440266356432,0.0,0.0
2021-03-10,99426.76891783121,0.005389474736312197,0.02628515955363464,3,0.8028222757354391,0.19717772426456087,0.0,0.0
2021-03-11,100089.53875170709,0.006668750500156322,0.019794464642504228,3,0.8027580074531094,0.1972419925468907,0.0,0.0
2021-03-12,99778.80415939105,-0.003104566133398767,0.022837577551344967,3,0.8063424912590051,0.1936575087409948,0.0,0.0
2021-03-15,100372.21546011204,0.005947268116914454,0.017026130631269232,3,0.8063554704836383,0.19364452951636177,0.0,0.0
2021-03-16,100192.00834320909,-0.0017953884556285106,0.018790950568518427,3,0.8067868421387945,0.1932131578612056,0.0,0.0
2021-03-17,100322.7874802857,0.0013052851144437772,0.017510193002138075,3,0.8084825958575913,0.19151740414240861,0.0,0.0
2021-03-18,99019.96635229244,-0.0127804750622461,0.03026909365415964,1,0.5989247394517425,0.4010752605482575,0.0,0.0
2021-03-19,99156.37495644396,0.0013775868562327731,0.028933205103494952,1,0.5969941663027154,0.40300583369728465,0.0,0.0
2021-03-22,100076.85787199289,0.009283144083809692,0.019918652131467374,1,0.596226352746863,0.4037736472531372,0.0,0.0
2021-03-23,99971.98308304335,-0.0010479424632185033,0.02094572099330727,1,0.5921541482584654,0.40784585174153465,0.0,0.0
2021-03-24,99890.48396713464,-0.0008152195584739096,0.021743865190360978,1,0.5896245273284875,0.41037547267151253,0.0,0.0
2021-03-25,100161.43021232134,0.0029234234901538603,0.019090410966986382,3,0.8021554459159768,0.1978445540840231,0.0,0.0
2021-03-26,101386.83125700965,0.01223426065393337,0.007089707376813692,3,0.8052306805144724,0.19476931948552767,0.0,0.0
2021-03-29,101177.97510448193,-0.0020599928998499555,0.009135095529805404,3,0.8064853466874446,0.19351465331255535,0.0,0.0
2021-03-30,101064.08618822783,-0.0011256295269448662,0.010250442323490483,3,0.8052521933203045,0.19474780667969552,0.0,0.0
2021-03-31,101284.1417549991,0.002177386399768393,0.008095375097428748,3,0.8067595262119874,0.19324047378801248,0.0,0.0
2021-04-01,102494.67230206575,0.01195866742992882,0.0,3,0.7990833103060789,0.20091668969392107,0.0,0.0
2021-04-05,103580.37000719442,0.010592723316671236,0.0,3,0.8020567337128048,0.1979432662871951,0.0,0.0
2021-04-06,103670.56829001188,0.0008708047944913896,0.0,3,0.8008855045446802,0.19911449545531973,0.0,0.0
2021-04-07,103622.88319931283,-0.00045996748629429334,0.0004599674862942882,3,0.8021813238960046,0.19781867610399542,0.0,0.0
2021-04-08,104186.68883524615,0.005440937547055943,0.0,3,0.8016276138702184,0.19837238612978159,0.0,0.0
2021-04-09,104046.30900074467,-0.0003477351612408,0.0013473874260796492,0,0.0,0.0,0.0,1.0
2021-04-12,104022.16965417606,-0.0002320057943472,0.0015790806187367945,0,0.0,0.0,0.0,1.0
2021-04-13,104058.35221705116,0.0003478351104901,0.0012317947679280072,0,0.0,0.0,0.0,1.0
2021-04-14,104058.35221705116,0.0,0.0012317947679280072,0,0.0,0.0,0.0,1.0
2021-04-15,104082.50214641089,0.0002320806436504,0.001000000000000223,0,0.0,0.0,0.0,1.0
2021-04-16,104094.93906346345,0.00112061156149136,0.000880628541020223,3,0.8017754153398012,0.19822458466019877,0.0,0.0
2021-04-19,103625.63799147711,-0.004508394703994338,0.0053850530239640815,3,0.801449573498981,0.19855042650101892,0.0,0.0
2021-04-20,103112.40538177546,-0.0049527570555836205,0.010311139220188559,3,0.7995416423894991,0.20045835761050088,0.0,0.0
2021-04-21,103933.9835315772,0.00796779152576106,0.0024255047021271015,3,0.8007270455743012,0.19927295442569884,0.0,0.0
2021-04-22,103264.29826339566,-0.006443371507819482,0.008853247782056872,3,0.7985594352689309,0.2014405647310691,0.0,0.0
2021-04-23,103494.6490791328,0.00263029949204372,0.0066423049225387,2,0.40327617122113807,0.3980127811713661,0.1987110476074959,0.0
2021-04-26,103577.34104949485,0.0007989975433302636,0.005848614564523569,2,0.4037953143790993,0.39712725958672473,0.19907742603417608,0.0
2021-04-27,103157.61209734048,-0.004052324069159173,0.009877238152111611,2,0.4053509795560516,0.395264776579026,0.19938424386492243,0.0
2021-04-28,103232.6127557811,0.0007270491911914737,0.009157370198929815,2,0.4049401017338493,0.39523387264025917,0.19982602562589155,0.0
2021-04-29,103293.1822058407,0.0005867278609222055,0.008576015222236166,2,0.407281751202057,0.39383499010426565,0.1988832586936774,0.0
2021-04-30,102757.64963114115,-0.00479375216850948,0.0137161399414929,3,0.7985717676725171,0.20142823232748286,0.0,0.0
2021-05-03,102947.02742103924,0.0018429556395837962,0.01189846253936755,3,0.7988218401264081,0.20117815987359192,0.0,0.0
2021-05-04,102580.22539503341,-0.003563017167126707,0.015419085280204081,3,0.796732277086051,0.20326772291394907,0.0,0.0
2021-05-05,102640.17821135897,0.0005844480853369245,0.014843648849736768,3,0.7965159993851376,0.20348400061486224,0.0,0.0
2021-05-06,103327.43221802595,0.006695760068262729,0.008247278292709548,3,0.7975366640099066,0.20246333599009328,0.0,0.0
2021-05-07,103826.87731474133,0.0048360909305733,0.0034535267847297657,3,0.8019441637077016,0.19805583629229845,0.0,0.0
2021-05-10,102794.11716779153,-0.009946944121405975,0.013366118868186172,3,0.8019801934152008,0.19801980658479926,0.0,0.0
2021-05-11,101943.16942506096,-0.008278175504358509,0.02153364729474172,3,0.8014573061442066,0.19854269385579337,0.0,0.0
2021-05-12,99994.68953909203,-0.019113393246040663,0.040235459472016344,3,0.7997153957485195,0.20028460425148045,0.0,0.0
2021-05-13,100986.31168941551,0.009916748128267603,0.030717716261157935,3,0.8013748938882205,0.19862510611177941,0.0,0.0
2021-05-14,102415.5782823174,0.014154466875117361,0.016999393806721996,3,0.8009473447619095,0.19905265523809054,0.0,0.0
2021-05-17,102163.72751838081,-0.0024591060086809227,0.01941669650394895,3,0.8008787360036477,0.19912126399635238,0.0,0.0
2021-05-18,101406.75686880297,-0.0074093875386609396,0.026682218213491593,3,0.799905562555624,0.2000944374443761,0.0,0.0
2021-05-19,101145.00108627474,-0.0025812459702944605,0.029194590815543875,3,0.7998729718387505,0.20012702816124953,0.0,0.0
2021-05-20,102181.91213807047,0.010251728119625703,0.01924215770352289,3,0.8002737921174861,0.199726207882514,0.0,0.0
2021-05-21,102180.4968548318,-1.3576835541539975e-05,0.019255741811574523,3,0.7993559914312505,0.20064400856874962,0.0,0.0
2021-05-24,103089.0807730346,0.008891950481446914,0.01053501243279975,3,0.8003877217801855,0.19961227821981453,0.0,0.0
2021-05-25,103096.64334848024,7.33596166436255e-05,0.010462425660629604,3,0.798553298978213,0.20144670102178683,0.0,0.0
2021-05-26,103224.28075558855,0.0012380364962695778,0.009237342029167372,3,0.7991487410229073,0.20085125897709272,0.0,0.0
2021-05-27,103184.19804687214,-0.0003883069799373851,0.009622062084718719,3,0.7998788862040696,0.20012111379593045,0.0,0.0
2021-05-28,103299.09644283043,0.00111364830158688,0.008519249458242228,3,0.8005394969783367,0.19946050302166327,0.0,0.0
2021-06-01,103221.62783951896,-0.000749944636295469,0.00926280512910127,3,0.8004345874998,0.19956541250019993,0.0,0.0
2021-06-02,103399.24748562422,0.0017207599785329572,0.0075579842149234855,3,0.8003161107816127,0.19968388921838737,0.0,0.0
2021-06-03,103014.63430093206,-0.0037196903656928387,0.01124956121954801,3,0.8003229030760497,0.19967709692395025,0.0,0.0
2021-06-04,104050.35401941583,0.010054102754548102,0.0013085627094447938,3,0.7996032901250307,0.20039670987496913,0.0,0.0
2021-06-07,103905.60173688925,-0.0013907791424232,0.0026979175698864655,3,0.8003369260735951,0.19966307392640495,0.0,0.0
2021-06-08,104069.08566688838,0.0015733889921845593,0.0011287734515081915,3,0.7992498603450635,0.20075013965493638,0.0,0.0
2021-06-09,104129.4281146924,0.0005798306713020819,0.0005495972776743407,3,0.7975948923955555,0.2024051076044445,0.0,0.0
2021-06-10,104641.9504396614,0.004921973876630643,0.0,3,0.7973780004960588,0.2026219995039413,0.0,0.0
2021-06-11,104745.59558124185,0.0009904740990106893,0.0,3,0.7979050702220196,0.2020949297779804,0.0,0.0
2021-06-14,104772.55605487086,0.00025948551903866,0.0,3,0.8015833417433255,0.19841665825667443,0.0,0.0
2021-06-15,104593.49245676436,-0.0017090696729085992,0.0017090696729086252,3,0.8014829127726691,0.1985170872273308,0.0,0.0
2021-06-16,104107.7713559774,-0.0046438940834465,0.00634502701781281,3,0.8007264113821781,0.19927358861782193,0.0,0.0
2021-06-17,104390.73056432394,0.0027179451126564747,0.0036443273403290455,3,0.7982911659237456,0.2017088340762543,0.0,0.0
2021-06-18,103662.51178508897,-0.0069758950368323846,0.010594799932155397,3,0.793054113431396,0.2069458865686039,0.0,0.0
2021-06-21,103582.89456661523,0.0002321896533235,0.011354705211473415,0,0.0,0.0,0.0,1.0
2021-06-22,103643.02889225617,0.0005805430123626,0.010780754093878686,0,0.0,0.0,0.0,1.0
2021-06-23,103570.88246614084,-0.0006961049564687,0.011469354513988228,0,0.0,0.0,0.0,1.0
2021-06-24,103582.89456661523,0.0001159795126619,0.011354705211473415,0,0.0,0.0,0.0,1.0
2021-06-25,103570.88246614084,-0.0001159660629745,0.011469354513988228,0,0.0,0.0,0.0,1.0
2021-06-28,103606.97149847043,0.0003484476666633,0.011124903317143442,0,0.0,0.0,0.0,1.0
2021-06-29,103594.91721327095,-0.0001163462750156,0.011239955251098,0,0.0,0.0,0.0,1.0
2021-06-30,103619.00469130742,0.0002325160218707,0.011010052698908201,0,0.0,0.0,0.0,1.0
2021-07-01,103598.52400726765,-0.000197653742195,0.011205530262985541,0,0.0,0.0,0.0,1.0
2021-07-02,103646.67787097803,0.0004648122564661,0.010745926474325818,0,0.0,0.0,0.0,1.0
2021-07-06,103682.74581094507,0.0003479893490838,0.010401676593201015,0,0.0,0.0,0.0,1.0
2021-07-07,103694.81064232586,0.00011636296171,0.010286524001386077,0,0.0,0.0,0.0,1.0
2021-07-08,103742.89068276729,0.0004636687230885,0.00982762481774635,0,0.0,0.0,0.0,1.0
2021-07-09,103706.82274280027,-0.0003476666182101,0.010171874698871042,0,0.0,0.0,0.0,1.0
2021-07-12,103682.7458109451,-0.0002321634316663,0.010401676593200793,0,0.0,0.0,0.0,1.0
2021-07-13,103598.52400726771,-0.0008123029827061,0.011205530262984986,0,0.0,0.0,0.0,1.0
2021-07-14,103670.75480283325,0.0006972183846989,0.010516124579995734,0,0.0,0.0,0.0,1.0
2021-07-15,103682.7458109451,0.0001156643272699,0.010401676593200793,0,0.0,0.0,0.0,1.0
2021-07-16,103670.75480283325,-0.0001156509505806,0.010516124579995734,0,0.0,0.0,0.0,1.0
2021-07-19,103718.80320473085,0.0004634711302042,0.010057527369935926,0,0.0,0.0,0.0,1.0
2021-07-20,104603.18801269523,0.009536291138267481,0.0016165305930584406,3,0.8037990013595888,0.1962009986404111,0.0,0.0
2021-07-21,105023.95840733105,0.0040225389171193995,0.0,3,0.8070602827329206,0.1929397172670793,0.0,0.0
2021-07-22,105393.02530118181,0.0035141209629458727,0.0,3,0.8059184125215499,0.19408158747844995,0.0,0.0
2021-07-23,106130.04212051629,0.006993032197607946,0.0,3,0.8085554000487221,0.1914445999512778,0.0,0.0
2021-07-26,106280.48856141066,0.0014175669573703053,0.0,3,0.8093928745374369,0.19060712546256312,0.0,0.0
2021-07-27,106118.8190724853,-0.0015117800170477203,0.0015211586916251685,3,0.7975597137498446,0.2024402862501555,0.0,0.0
2021-07-28,106085.54983646139,-0.0003135092937775059,0.0018341910880155243,3,0.7974827026042371,0.2025172973957629,0.0,0.0
2021-07-29,106317.2738005685,0.002184312231631224,0.0,3,0.799044795730511,0.20095520426948896,0.0,0.0
2021-07-30,106005.20900940303,-0.002935221907127142,0.002935221907127139,3,0.7975052143276868,0.20249478567231313,0.0,0.0
2021-08-02,106019.27055595939,0.00013264958097585823,0.0028029616821073633,3,0.7957262414989504,0.20427375850104948,0.0,0.0
2021-08-03,106720.11704356175,0.00661485956167672,0.0,3,0.8012087032239708,0.19879129677602922,0.0,0.0
2021-08-04,106343.15455072536,-0.0035322533677743257,0.003532253367774296,3,0.8000937446419026,0.19990625535809733,0.0,0.0
2021-08-05,106773.60100376638,0.004047711908298641,0.0,3,0.8019146948457226,0.19808530515427727,0.0,0.0
2021-08-06,106561.86029542283,-0.0019830810832733516,0.001983081083273386,3,0.8048358410353786,0.1951641589646214,0.0,0.0
2021-08-09,106417.48636966,-0.0013548367620703013,0.003335231094189872,3,0.8052718992970738,0.19472810070292623,0.0,0.0
2021-08-10,106424.55664984752,7.171136014510001e-05,0.0032690136010917747,3,0.8009378473445913,0.19906215265540872,0.0,0.0
2021-08-11,106623.35603374979,0.001867984139753966,0.0014071359268972294,3,0.8014309753232747,0.19856902467672527,0.0,0.0
2021-08-12,106844.76208574716,0.0020765248837908983,0.0,3,0.8021672136866107,0.1978327863133893,0.0,0.0
2021-08-13,107334.6324733552,0.0045848797642967475,0.0,3,0.7999593749942054,0.20004062500579464,0.0,0.0
2021-08-16,107588.82897615094,0.0023682617337777542,0.0,3,0.7999484043329279,0.20005159566707198,0.0,0.0
2021-08-17,107325.17346571703,-0.00185174699043038,0.0024505844421111034,5,0.19905754138100668,0.6008709841618917,0.20007147445710166,0.0
2021-08-18,107324.6901244139,-4.503522216782843e-06,0.0024550769280664575,5,0.19687975488347806,0.602892090833206,0.2002281542833159,0.0
2021-08-19,107770.97409078633,0.004158260003873141,0.0,5,0.1963680763610924,0.604817641592258,0.19881428204664964,0.0
2021-08-20,107994.25799250894,0.002071837093487846,0.0,5,0.197521331991924,0.603968275299817,0.19851039270825913,0.0
2021-08-23,108399.63924887843,0.0037537297251268847,0.0,5,0.19851364994405818,0.6013099935880472,0.20017635646789458,0.0
2021-08-24,107917.79106790009,-0.0044436289683513,0.004445108713618917,5,0.20121160654334347,0.5979909523568702,0.20079744109978634,0.0
2021-08-25,107276.9654195615,-0.0059380908559868535,0.010356804110199569,5,0.20283831539256567,0.5965661077026103,0.20059557690482407,0.0
2021-08-26,107350.18028647309,0.000682484507510398,0.009681387961041676,5,0.20150336816284534,0.5978104487894212,0.2006861830477335,0.0
2021-08-27,108304.02369513529,0.008885345195665178,0.0008820652393835005,5,0.20151446971515496,0.5965771502860201,0.2019083799988248,0.0
2021-08-30,108460.65669221187,0.0014462343293680743,0.0,5,0.2021083678923144,0.5972699448652624,0.2006216872424232,0.0
2021-08-31,108028.81192298941,-0.00397886069442914,0.00398157988705472,5,0.20050144936840497,0.598296464617327,0.2012020860142679,0.0
2021-09-01,108149.8939307394,0.0011208306894674599,0.0028652118745172706,5,0.20038344372749212,0.5986278939941102,0.20098866227839782,0.0
2021-09-02,108441.52837073144,0.0026965762923335866,0.00017636184459690618,5,0.20045938423247106,0.599624009610945,0.19991660615658385,0.0
2021-09-03,108076.75640133882,-0.0033637663990271484,0.0035395350035771767,5,0.20108715056195015,0.596176331855051,0.2027365175829989,0.0
2021-09-07,107026.39638299764,-0.009718648609703824,0.01322378411633951,5,0.2023345633281193,0.5969485571639499,0.20071687950793082,0.0
2021-09-08,107383.44030482897,0.00333909773045132,0.009931863038961763,5,0.19909153525275577,0.6020732754572057,0.19883518929003863,0.0
2021-09-09,108168.71348180766,0.0073127958533414925,0.0026916968724676194,5,0.19680021920464216,0.6049349166519393,0.19826486414341862,0.0
2021-09-10,107315.454453888,-0.00788822387226755,0.01055868803720883,5,0.19680096422051208,0.6043687074054102,0.19883032837407774,0.0
2021-09-13,107834.34348522693,0.004835175268832316,0.005774565875645399,5,0.19635518099305338,0.6051084151036973,0.1985364039032494,0.0
2021-09-14,108648.95622093548,0.007554297725382512,0.0,5,0.19383132873647588,0.6078521237289101,0.19831654753461403,0.0
2021-09-15,108473.56497765092,-0.0016064534332757999,0.0016142929429335817,5,0.201994991844487,0.5988579409415908,0.1991470672139222,0.0
2021-09-16,107652.02105202188,-0.007573678672755894,0.00917574547965605,5,0.20321392248058476,0.6006627183305782,0.1961233591888371,0.0
2021-09-17,107094.84839283951,-0.005175682293164883,0.014303937029415348,5,0.20228128840197865,0.6008874803354028,0.19683123126261853,0.0
2021-09-20,107682.29622448617,0.005485304292992853,0.008897094183616616,5,0.19782331967536496,0.6050207168412696,0.19715596348336542,0.0
2021-09-21,107747.71689693892,0.0006075341513554763,0.008294965320825631,5,0.1975164385302277,0.6041332623124088,0.19835029915736346,0.0
2021-09-22,108651.59966574915,0.00899678491839166,0.0,3,0.8006011163961132,0.19939888360388688,0.0,0.0
2021-09-23,109218.91515700925,0.005221418672208894,0.0,3,0.8061192637927166,0.19388073620728344,0.0,0.0
2021-09-24,109156.98507905366,-0.0005670270380049639,0.0005670270380049303,3,0.8079052207151991,0.19209477928480093,0.0,0.0
2021-09-27,108827.59155643938,-0.003017612866237757,0.0035829288361572953,3,0.8080320380400267,0.19196796195997343,0.0,0.0
2021-09-28,106730.10907568166,-0.019273443901126452,0.02278731735935824,3,0.8073083911858073,0.1926916088141927,0.0,0.0
2021-09-29,106650.92169954817,-0.00018473492860267488,0.02351235089425152,4,0.2504670748797558,0.2504799042191014,0.2489197951744313,0.2501332257267115
2021-09-30,106804.17568316453,0.0014369682059390894,0.022109169188994193,4,0.24705077366589023,0.25008589255698316,0.2530309426960542,0.24983239108107255
2021-10-01,107416.137321488,0.005729753864107812,0.01650609542247916,4,0.2485626009512346,0.2507539328834863,0.25215623970696016,0.24852722645831882
2021-10-04,107117.54523865087,-0.002779769318491331,0.019239981603347056,4,0.24604101341306966,0.2508125752255633,0.2540420850683897,0.2491043262929773
2021-10-05,107002.53058105799,-0.0010737237988102705,0.02029304697602119,4,0.24886829646466754,0.24865767307385653,0.25313092245341423,0.24934310800806167
2021-10-06,107473.09390787917,0.00475069554197954,0.01598460529131196,5,0.19988163441488144,0.6005318753687671,0.1995864902163515,0.0
2021-10-07,106870.81814315892,-0.0056039678660083185,0.021498995942916932,5,0.20274593190158183,0.5976008958488659,0.1996531722495522,0.0
2021-10-08,106393.3761575919,-0.004467468237470133,0.025870418098874692,5,0.20328436250368584,0.5960810113198693,0.20063462617644473,0.0
2021-10-11,106035.58833240342,-0.0033628768830356497,0.0291462959509311,5,0.20249361527833531,0.5965747645227414,0.2009316201989233,0.0
2021-10-12,107160.6391478467,0.010610124705645306,0.018845417080032734,5,0.19987443100552996,0.6004059074104485,0.19971966158402166,0.0
2021-10-13,108244.4450625772,0.01011425333582948,0.00892217335276757,5,0.19870974450901416,0.5997696464224404,0.20152060906854558,0.0
2021-10-14,108900.81283713515,0.0060637548114223965,0.002912520412941433,5,0.20083433584794388,0.5983696192266331,0.2007960449254231,0.0
2021-10-15,108340.15510916243,-0.005148333730173445,0.008045859516032983,5,0.20341109385609438,0.5979614816174026,0.1986274245265031,0.0
2021-10-18,108655.81857817527,0.002913633164866558,0.00515566903429221,5,0.2034206030907444,0.5990201658117755,0.19755923109748005,0.0
2021-10-19,107997.42776537615,-0.006059416066387774,0.011183844756900707,5,0.20623963577118076,0.5943579805559848,0.19940238367283453,0.0
2021-10-20,107833.47880516615,-0.001511851881645999,0.01268494884655691,5,0.20108955771409062,0.5968521683545056,0.2020582739314038,0.0
2021-10-21,107793.8259703096,-0.0003677228565369786,0.01304800715746901,5,0.20168823836079225,0.5963608165558338,0.20195094508337386,0.0
2021-10-22,108612.41941977307,0.007594066191591953,0.005553028395899218,5,0.19996074302741318,0.5983843651880563,0.2016548917845306,0.0
2021-10-25,108781.10818311632,0.0015531259154747377,0.004008527032735687,5,0.2007213138632308,0.5965443923510878,0.20273429378568136,0.0
2021-10-26,109174.19275089835,0.0036135370777832508,0.00040947491601261987,5,0.20017864273803068,0.5993117478146525,0.20050960944731688,0.0
2021-10-27,109576.8363200206,0.0040388063270422,0.0,4,0.24789125612790106,0.25352460366681817,0.24964773626226677,0.2489364039430142
2021-10-28,109741.56849175134,0.001503348492829806,0.0,4,0.24990745021410626,0.2522872447865148,0.24921369368900476,0.24859161131037422
2021-10-29,109652.34138415218,-0.0008130657218177725,0.0008130657218177184,4,0.2506183117488044,0.25326430723497995,0.2472944750363314,0.24882290597988427
2021-11-01,109628.82126139857,-0.00021449722328515953,0.0010273885447632525,4,0.25110326688646945,0.2514947025450578,0.24863882907943857,0.2487632014890342
2021-11-02,109832.53799118403,0.0018582406290744435,0.0,4,0.25165086680713467,0.25214251545629063,0.24764432131647232,0.24856229642010227
2021-11-03,109724.46418501885,-0.0002327243254361,0.0009839871511833076,0,0.0,0.0,0.0,1.0
2021-11-04,109826.66376167188,0.0009314201478414,5.3483508799745394e-05,0,0.0,0.0,0.0,1.0
2021-11-05,109877.80274124615,0.0004656335522059,0.0,0,0.0,0.0,0.0,1.0
2021-11-08,109750.0056810576,-0.0011630835073168,0.0011630835073167534,0,0.0,0.0,0.0,1.0
2021-11-09,109813.92100740093,0.0005823719638708,0.0005813888906720521,0,0.0,0.0,0.0,1.0
2021-11-10,109596.66712483032,-0.0019783819808781,0.0025586206622449925,0,0.0,0.0,0.0,1.0
2021-11-11,109520.0426367141,-0.0006991498019637,0.00325598160507945,0,0.0,0.0,0.0,1.0
2021-11-12,109609.47706409745,0.0008166032922394,0.0024420371581382883,0,0.0,0.0,0.0,1.0
2021-11-15,109596.66712483033,-0.0001168689023088,0.0025586206622448815,0,0.0,0.0,0.0,1.0
2021-11-16,109596.66712483033,0.0,0.0025586206622448815,0,0.0,0.0,0.0,1.0
2021-11-17,109634.98496763813,0.0003496259860178,0.0022098892364988965,0,0.0,0.0,0.0,1.0
2021-11-18,109622.24221336716,-0.0001162289051686,0.0023258612886609686,0,0.0,0.0,0.0,1.0
2021-11-19,109596.66712483035,-0.000233302001678,0.0025586206622447705,0,0.0,0.0,0.0,1.0
2021-11-22,109468.90365713986,-0.001165760520299,0.003721398443589319,0,0.0,0.0,0.0,1.0
2021-11-23,109468.90365713986,0.0,0.003721398443589319,0,0.0,0.0,0.0,1.0
2021-11-24,109443.35096360178,-0.0002334242208008,0.003953953999858095,0,0.0,0.0,0.0,1.0
2021-11-26,109660.58245117369,0.0019848760629062,0.001976926045599958,0,0.0,0.0,0.0,1.0
2021-11-29,109711.66544325116,0.0004658282031304,0.0015120187503770977,0,0.0,0.0,0.0,1.0
2021-11-30,109622.2422133672,-0.0008150749468863,0.0023258612886606356,0,0.0,0.0,0.0,1.0
2021-12-01,109634.99616513752,0.0001163445621328,0.0022097873278411617,0,0.0,0.0,0.0,1.0
2021-12-02,110586.52506541843,0.00968875048774252,0.0,1,0.6033440400255206,0.3966559599744795,0.0,0.0
2021-12-03,110529.36166920708,-0.000516911044790891,0.000516911044790902,1,0.5984035319179137,0.40159646808208627,0.0,0.0
2021-12-06,110703.01441343372,0.0015711005800100979,0.0,1,0.6045408496492486,0.3954591503507514,0.0,0.0
2021-12-07,111733.6077634226,0.00930953285644047,0.0,1,0.6113542305247476,0.38864576947525237,0.0,0.0
2021-12-08,111163.89588825915,-0.005098840774654987,0.005098840774654945,1,0.6161144790593198,0.3838855209406801,0.0,0.0
2021-12-09,111204.6828873589,0.0007833491291322599,0.004733802896471517,5,0.19849419980237143,0.6028836663484276,0.19862213384920083,0.0
2021-12-10,111343.95567193406,0.0012524003572425416,0.0034873311556676834,5,0.2001120859233272,0.6006771064724666,0.19921080760420637,0.0
2021-12-13,112190.95994452643,0.007607097012863505,0.0,5,0.1968420656140372,0.6049526235878978,0.19820531079806514,0.0
2021-12-14,111669.51267758013,-0.004647854579407636,0.004647854579407529,5,0.19640061182272683,0.6063286876644904,0.19727070051278273,0.0
2021-12-15,111455.27747663065,-0.0019184752920704984,0.006557413077306284,5,0.1998527639251561,0.6016491278563512,0.19849810821849267,0.0
2021-12-16,111554.2258345736,0.0008894359035482801,0.00567544934340225,5,0.19806017354600264,0.59970019334933,0.20223963310466744,0.0
2021-12-17,112028.84781217918,0.004254630194910014,0.0014449660866383551,5,0.19512205463981783,0.6039262464471743,0.20095169891300788,0.0
2021-12-20,111194.2384854404,-0.007449950106940729,0.008884151268327423,5,0.1944962323451383,0.6039004142274179,0.2016033534274438,0.0
2021-12-21,111313.27168154407,0.001070497875834212,0.00782316385755455,5,0.1977386321234813,0.6009579586322976,0.201303409244221,0.0
2021-12-22,112053.4815922441,0.006649790267756201,0.0012253959886813215,5,0.1983964212296278,0.5997501952927026,0.20185338347766957,0.0
2021-12-23,111659.86938576965,-0.0035108704517137594,0.004733808847160126,5,0.20195347121095283,0.5968894888857113,0.20115703990333583,0.0
2021-12-27,112193.74073470553,0.00478122849214006,0.0,5,0.2038369639030162,0.5954892747000162,0.2006737613969676,0.0
2021-12-28,111813.22092739627,-0.003391631340727234,0.0033916313407272858,5,0.20436351425014385,0.5951476571606363,0.20048882858921985,0.0
2021-12-29,111108.84970417984,-0.006299534324959541,0.009669799967638393,5,0.20592216486468434,0.5923778369578396,0.2016999981774761,0.0
2021-12-30,111758.40075564395,0.005846078446437859,0.00388025193037278,5,0.2041593487797052,0.5938737232193461,0.20196692800094862,0.0
2021-12-31,111633.58105507951,-0.000116987842476,0.004992789044716561,0,0.0,0.0,0.0,1.0
2022-01-03,111503.08232908093,-0.0011689916668909,0.006155944182819728,0,0.0,0.0,0.0,1.0
2022-01-04,111568.34311928917,0.0005852823872225,0.005574264761304071,0,0.0,0.0,0.0,1.0
2022-01-05,111424.8173751086,-0.0012864378923967,0.0068535317082896174,0,0.0,0.0,0.0,1.0
2022-01-06,111333.43398528278,-0.0008201349751211,0.007668045862353701,0,0.0,0.0,0.0,1.0
2022-01-07,111307.32281287415,-0.0002345312766702,0.00790077874243822,0,0.0,0.0,0.0,1.0
2022-01-10,111242.08487708378,-0.0005861064136817,0.00848225445902584,0,0.0,0.0,0.0,1.0
2022-01-11,111281.22306767442,0.0003518289920032,0.00813340977005883,0,0.0,0.0,0.0,1.0
2022-01-12,111242.08487708379,-0.0003517052518989,0.008482254459025729,0,0.0,0.0,0.0,1.0
2022-01-13,111294.28436748324,0.0004692422877288,0.008016992403784395,0,0.0,0.0,0.0,1.0
2022-01-14,111150.70148725799,-0.0012901190842034,0.009296768613089701,0,0.0,0.0,0.0,1.0
2022-01-18,110981.11027950449,-0.0015257772149368,0.010808361030304137,0,0.0,0.0,0.0,1.0
2022-01-19,111033.22977944139,0.0004696249641551,0.010343811942310488,0,0.0,0.0,0.0,1.0
2022-01-20,111007.18717028633,-0.0002345478845098,0.010575933707611562,0,0.0,0.0,0.0,1.0
2022-01-21,111098.51342406747,0.0008227057734653,0.009761928815867238,0,0.0,0.0,0.0,1.0
2022-01-24,111182.1162999689,0.00175426546768608,0.009016763574437925,3,0.8019904168267935,0.19800958317320658,0.0,0.0
2022-01-25,110057.92654697792,-0.010111246218392884,0.019036839076236656,3,0.8002908679783425,0.1997091320216576,0.0,0.0
2022-01-26,109571.14838778847,-0.0044229268573551085,0.023375567386762386,3,0.801829583750505,0.19817041624949508,0.0,0.0
2022-01-27,109536.02295999436,-0.00032057186869853446,0.02368864570614182,3,0.7981259160708747,0.20187408392912531,0.0,0.0
2022-01-28,111714.9540091218,0.019892369562506916,0.004267499438456834,3,0.8019940919214192,0.19800590807858068,0.0,0.0
2022-01-31,113208.889624451,0.01337476596543728,0.0,3,0.803660104962334,0.19633989503766608,0.0,0.0
2022-02-01,113749.86658060784,0.004778573113396259,0.0,3,0.8052425449494697,0.1947574550505304,0.0,0.0
2022-02-02,114714.68903396389,0.008481965582547268,0.0,3,0.8062264238351432,0.19377357616485677,0.0,0.0
2022-02-03,112367.27217008722,-0.020463088760861926,0.02046308876086189,3,0.8037225915831167,0.19627740841688332,0.0,0.0
2022-02-04,112466.81444585363,0.0008858653756027688,0.01959535092707032,3,0.8067873058506904,0.1932126941493097,0.0,0.0
2022-02-07,112536.4891894291,0.00122704566144154,0.018987976717522947,5,0.1991138115321522,0.5996525948770293,0.2012335935908185,0.0
2022-02-08,112338.89380298086,-0.0017558339332555623,0.0207104709169339,5,0.20110523311790654,0.5966909919706966,0.2022037749113968,0.0
2022-02-09,112872.8839778523,0.004753386443415994,0.01605552934521126,5,0.2030832446780255,0.5949855109412248,0.20193124438074989,0.0
2022-02-10,111307.24017125081,-0.013870858539493776,0.029703683908380962,5,0.20223997039923283,0.5937658550761973,0.2039941745245699,0.0
2022-02-11,112276.00411839741,0.008703512418923533,0.021258697871241683,5,0.19654150382897737,0.5973709232231234,0.2060875729478993,0.0
2022-02-14,111635.55680557166,-0.00510384399679694,0.026841656062726038,3,0.8014749873223698,0.19852501267763023,0.0,0.0
2022-02-15,112826.88747396863,0.010671605915594065,0.016456493722755372,3,0.805801173772379,0.194198826227621,0.0,0.0
2022-02-16,113058.6213864757,0.0020538890834911074,0.014436404452073948,3,0.8050506740964292,0.19494932590357075,0.0,0.0
2022-02-17,111278.31283476298,-0.01574677392913689,0.029955851583954418,3,0.800458397609069,0.19954160239093097,0.0,0.0
2022-02-18,110935.32660242653,-0.003082237891634445,0.03294575841476055,3,0.7977343874458859,0.20226561255411413,0.0,0.0
2022-02-22,110850.62649126002,-0.00016587367881444045,0.03368411295226392,5,0.1978864413562412,0.6016625015170238,0.20045105712673505,0.0
2022-02-23,109642.49533826835,-0.010898730943004002,0.04421572981114741,5,0.19651796765219523,0.5999088069390938,0.20357322540871098,0.0
2022-02-24,109866.11698700325,0.0020395527121577443,0.042266357410646105,5,0.19906942783424622,0.5990821014206579,0.2018484707450959,0.0
2022-02-25,110322.94638006948,0.004158055327651925,0.038284047935606025,5,0.2026191772500919,0.5970376821731341,0.20034314057677383,0.0
2022-02-28,111938.55989539728,0.014644401444481899,0.024200293458012778,5,0.19918382371433968,0.6013179420101256,0.19949823427553476,0.0
2022-03-01,111388.66812978963,-0.004513435619250679,0.02899385363969842,1,0.5935408714705949,0.40645912852940513,0.0,0.0
2022-03-02,111057.28366727091,-0.002975028502294232,0.0318826246010232,1,0.606263356799986,0.393736643200014,0.0,0.0
2022-03-03,111167.45370411192,0.0009920109082722484,0.03092224160413959,1,0.6026471492965858,0.3973528507034142,0.0,0.0
2022-03-04,111385.75119269195,0.0019636816469779917,0.029019281395483154,1,0.5965794998024049,0.40342050019759523,0.0,0.0
2022-03-07,109083.99185919511,-0.02066475566982453,0.049084360705555996,1,0.5912100225375908,0.4087899774624093,0.0,0.0
2022-03-08,108180.30745605892,-0.00807719544588486,0.05696203017183199,3,0.8003996018833968,0.19960039811660324,0.0,0.0
2022-03-09,110290.18561056569,0.019503347736035685,0.03856963271798808,3,0.8061365697741462,0.19386343022585387,0.0,0.0
2022-03-10,109581.5313117687,-0.0064253613762083935,0.044747170265835745,3,0.8076861906658548,0.19231380933414524,0.0,0.0
2022-03-11,108526.67616976057,-0.00962621282419379,0.0539426373057702,3,0.8051670257952067,0.19483297420479334,0.0,0.0
2022-03-14,107394.35924338618,-0.010433535480283194,0.06381336036582341,3,0.8077099106203972,0.1922900893796028,0.0,0.0
2022-03-15,109245.32731807543,0.01724308768112982,0.047677954427171265,3,0.8037333710243111,0.19626662897568886,0.0,0.0
2022-03-16,111402.62066590192,0.019747236799843974,0.028872225483532965,3,0.805646405789164,0.19435359421083598,0.0,0.0
2022-03-17,112364.09335774317,0.008630611076239445,0.020490799356347233,3,0.8087457048858794,0.19125429511412056,0.0,0.0
2022-03-18,113621.8801055833,0.01119384947854833,0.009526320801488963,3,0.8085529706041,0.19144702939589994,0.0,0.0
2022-03-21,113091.31831156052,-0.004669538943817483,0.014151376219332601,3,0.8121088367773769,0.1878911632226231,0.0,0.0
2022-03-22,113281.7115731868,0.0018960466156112792,0.012491664954545012,1,0.6058719811805393,0.39412801881946075,0.0,0.0
2022-03-23,113376.26622386061,0.0008346859290938658,0.011667405642419637,1,0.5975706256734019,0.4024293743265981,0.0,0.0
2022-03-24,114040.17150133319,0.0058557694620291955,0.005879957818052395,1,0.6030472205204888,0.39695277947951135,0.0,0.0
2022-03-25,113748.03423853902,-0.002561704870732759,0.008426599972202964,1,0.6075486828622237,0.39245131713777626,0.0,0.0
2022-03-28,114621.25405757687,0.007676790415618416,0.0008144987984874952,1,0.6072087151727291,0.392791284827271,0.0,0.0
2022-03-29,115906.40942695785,0.01140718128256628,0.0,3,0.8007623117120624,0.19923768828793761,0.0,0.0
2022-03-30,115513.46050954684,-0.0033902259534546544,0.0033902259534546175,3,0.7985248680222932,0.2014751319777068,0.0,0.0
2022-03-31,114150.28541534886,-0.01180100646439665,0.015151224339458702,3,0.7956237539658687,0.20437624603413126,0.0,0.0
2022-04-01,114496.48406889795,0.003032832132564594,0.012164343326918514,3,0.795466036851397,0.20453396314860298,0.0,0.0
2022-04-04,115113.98168228261,0.005393157863372308,0.006836789687412526,3,0.7979769480401483,0.20202305195985173,0.0,0.0
2022-04-05,113430.3592673558,-0.0146237052558754,0.021362495584529406,3,0.8016174554497827,0.1983825445502174,0.0,0.0
2022-04-06,112338.98114229908,-0.009621569852250371,0.030778524693294895,3,0.8013115432037934,0.19868845679620667,0.0,0.0
2022-04-07,112624.4924609334,0.0025415160056745873,0.028315232800759427,3,0.8033079629277613,0.19669203707223876,0.0,0.0
2022-04-08,112142.64569120128,-0.0042783479792306576,0.03247243836095559,3,0.804602328247983,0.195397671752017,0.0,0.0
2022-04-11,110253.63755492478,-0.016844690301654905,0.04877014049508066,3,0.8043996208203436,0.1956003791796565,0.0,0.0
2022-04-12,109925.16280904412,-0.00277543215394242,0.05160410582542463,1,0.5994405463435375,0.4005594536564625,0.0,0.0
2022-04-13,110769.41226099388,0.007680220164115888,0.04432021655542018,1,0.6016852849239228,0.39831471507607713,0.0,0.0
2022-04-14,109055.0747885559,-0.01547663237933122,0.059110921236150804,1,0.6035338392711133,0.3964661607288867,0.0,0.0
2022-04-18,108867.29637918495,-0.0017218676869006652,0.06073100773783202,1,0.6048233667547351,0.3951766332452648,0.0,0.0
2022-04-19,109607.96178099932,0.006803378300445977,0.05434080545759379,1,0.6104339593339867,0.3895660406660134,0.0,0.0
2022-04-20,110440.42216854944,0.00760540308297094,0.047158628115841816,1,0.5950295771443305,0.4049704228556696,0.0,0.0
2022-04-21,109126.85368332367,-0.011893910394701725,0.05849163801339674,1,0.5931870777280722,0.4068129222719278,0.0,0.0
2022-04-22,107071.23626146898,-0.01883695307316305,0.07622678684612894,1,0.587986410448018,0.4120135895519819,0.0,0.0
2022-04-25,107877.41608180547,0.007529378089627933,0.06927134905522292,1,0.5869757574902027,0.41302424250979725,0.0,0.0
2022-04-26,106492.10510319487,-0.01284152910707546,0.08122332811711941,1,0.5773910107502928,0.4226089892497073,0.0,0.0
2022-04-27,106434.78634289809,-0.00031570551197669997,0.08171785435238255,3,0.8025027796451636,0.19749722035483636,0.0,0.0
2022-04-28,108623.60468689002,0.020564877510443468,0.06283349450711206,3,0.8061942389812287,0.1938057610187713,0.0,0.0
2022-04-29,105114.24529811398,-0.03230752099317496,0.09311102105742386,3,0.802321943779934,0.19767805622006593,0.0,0.0
2022-05-02,105261.71299590803,0.0014029278084603484,0.09183872128967907,3,0.8060206027895387,0.19397939721046129,0.0,0.0
2022-05-03,105788.30166571525,0.0050026610323896156,0.08729549824954985,3,0.8056849503345443,0.1943150496654556,0.0,0.0
2022-05-04,107932.17261403963,0.02047556776062838,0.0687989288283789,1,0.6058662321416673,0.39413376785833254,0.0,0.0
2022-05-05,104442.43028827984,-0.03233273491342523,0.09890720621366855,1,0.6038563330236989,0.3961436669763011,0.0,0.0
2022-05-06,103456.32586906466,-0.009441607366789147,0.10741497057364202,1,0.6059734523027722,0.3940265476972278,0.0,0.0
2022-05-09,101807.72974832762,-0.01593518914274531,0.12163848184353399,1,0.5960701819256815,0.40392981807431844,0.0,0.0
2022-05-10,102320.89622839206,0.005040545362645841,0.11721106076646381,1,0.5944511063067746,0.40554889369322544,0.0,0.0
2022-05-11,102133.84350221185,-0.0018225602009889783,0.11882488632714672,1,0.5915465110418962,0.40845348895810385,0.0,0.0
2022-05-12,101992.95613188524,-0.0013794386414486418,0.12004041332882998,1,0.5917452305300307,0.4082547694699693,0.0,0.0
2022-05-13,102820.41244200575,0.008112877021140004,0.11290140941859361,1,0.6010165579412883,0.3989834420587117,0.0,0.0
2022-05-16,102527.22979799153,-0.0028514050571387052,0.11543088682595792,1,0.6002896355659273,0.3997103644340727,0.0,0.0
2022-05-17,103298.05147100272,0.007518214181051481,0.1087805067751727,1,0.6080661494176351,0.3919338505823648,0.0,0.0
2022-05-18,100387.9002216597,-0.027985810700922844,0.1338882748764436,3,0.7898554566614047,0.2101445433385954,0.0,0.0
2022-05-19,99952.81339135126,-0.0043340564883591086,0.13764205201835933,3,0.7884351812161342,0.2115648187838658,0.0,0.0
2022-05-20,100227.2150355199,0.002745311861250553,0.13527461051512168,3,0.7866197049965534,0.21338029500344652,0.0,0.0
2022-05-23,101350.4530675049,0.011206916520497316,0.12558370526201013,3,0.7924566205321519,0.20754337946784807,0.0,0.0
2022-05-24,101152.40297986213,-0.0019541115174971776,0.12729241221464482,3,0.7879469369797991,0.21205306302020094,0.0,0.0
2022-05-25,101946.10255164665,0.00785871937765048,0.12044464964734103,3,0.8007748437771541,0.1992251562228458,0.0,0.0
2022-05-26,103485.37098427657,0.01509884531240527,0.10716437946866775,3,0.8046263102003274,0.19537368979967254,0.0,0.0
2022-05-27,105578.85653530982,0.02022977287631639,0.08910251764943389,3,0.8080328641062814,0.19196713589371864,0.0,0.0
2022-05-31,104671.29386333682,-0.0085960646075901,0.0969326512586105,3,0.8104659699771378,0.1895340300228622,0.0,0.0
2022-06-01,103962.44327152113,-0.00677215849401065,0.10304836647505322,3,0.8093918097881939,0.19060819021180617,0.0,0.0
2022-06-02,105149.78603524373,0.0116327092834035,0.09280438799627166,1,0.6043954457903051,0.39560455420969476,0.0,0.0
2022-06-03,104017.35694718287,-0.010769675629024129,0.1025745904696258,1,0.6009482637221981,0.39905173627780194,0.0,0.0
2022-06-06,103442.1160341549,-0.005530239662982972,0.10753756806397952,1,0.6061301159679866,0.39386988403201345,0.0,0.0
2022-06-07,104483.56566194838,0.010067945897873966,0.0985523045833625,1,0.605844577634398,0.394155422365602,0.0,0.0
2022-06-08,103430.45233510502,-0.010079224614621891,0.10763819838379995,1,0.60535931370958,0.39464068629041993,0.0,0.0
2022-06-09,102091.76667126687,-0.012937568084548478,0.11918791052186561,1,0.5934074720299319,0.40659252797006806,0.0,0.0
2022-06-10,100077.70210182892,-0.01972798233498288,0.13656455586352967,1,0.5877973506699156,0.4122026493300845,0.0,0.0
2022-06-13,96549.76257103418,-0.0352520037600891,0.16700238538682266,1,0.5861424823135453,0.41385751768645473,0.0,0.0
2022-06-14,95875.23516970192,-0.0069863185923010425,0.17282197210913708,1,0.5884876238022829,0.41151237619771697,0.0,0.0
2022-06-15,97415.63414429098,0.01606670348044004,0.15953194800947945,1,0.5874390012777657,0.4125609987222343,0.0,0.0
2022-06-16,94970.87659473326,-0.024888881282491237,0.1806244618889501,3,0.793266667286213,0.2067333327137871,0.0,0.0
2022-06-17,95196.55687563012,0.0023763103910253787,0.17867737128358463,3,0.7930922218849481,0.20690777811505195,0.0,0.0
2022-06-21,96763.25637252229,0.016457522712076428,0.1651604354675419,3,0.7998929457682591,0.2001070542317409,0.0,0.0
2022-06-22,97155.41549392224,0.004052768954883043,0.16177702359809665,3,0.7952199537803494,0.2047800462196506,0.0,0.0
2022-06-23,98076.19865202802,0.009477424942548643,0.1538328282541278,3,0.7954760251561225,0.2045239748438775,0.0,0.0
2022-06-24,100298.79156973319,0.02266652561499856,0.13465707318852194,3,0.8071400384423667,0.1928599615576332,0.0,0.0
2022-06-27,99824.58319665377,-0.004727956993875991,0.1387483773314414,3,0.8078764882401542,0.1921235117598457,0.0,0.0
2022-06-28,98266.12208732769,-0.01561199715961668,0.15219423521825814,3,0.8039201122627679,0.19607988773723206,0.0,0.0
2022-06-29,98502.52312283117,0.002405722648680515,0.15015464968824088,3,0.8013376092088975,0.1986623907911026,0.0,0.0
2022-06-30,98033.09410218056,-0.0047656547849564655,0.15420471924842716,3,0.798633289541876,0.20136671045812404,0.0,0.0
2022-07-01,99038.11417192097,0.01045255435295804,0.14553375726531304,1,0.6000736705484649,0.399926329451535,0.0,0.0
2022-07-05,99461.55517288459,0.004275535782401483,0.14188045626964674,1,0.5986474550185819,0.4013525449814182,0.0,0.0
2022-07-06,98992.37183517554,-0.004717233074563526,0.14592840616326086,1,0.6035160906918725,0.3964839093081275,0.0,0.0
2022-07-07,99541.77319026845,0.0055499362719348055,0.1411883632457971,1,0.6091743004499378,0.39082569955006213,0.0,0.0
2022-07-08,99060.97767247853,-0.004830087935754298,0.14533649897156897,1,0.6116273638569287,0.3883726361430712,0.0,0.0
2022-07-11,99064.1639495822,4.3792678794582e-05,0.14530900888608178,1,0.5931198673397493,0.40688013266025075,0.0,0.0
2022-07-12,98783.72550850832,-0.0028308767761529787,0.14772853376361328,1,0.5895403360964008,0.4104596639035993,0.0,0.0
2022-07-13,98942.80706372121,0.0016104024665396575,0.14635603369222472,1,0.5855012542501061,0.41449874574989387,0.0,0.0
2022-07-14,98467.52460024462,-0.004803608039647558,0.15045660471177735,1,0.5868987026286187,0.4131012973713814,0.0,0.0
2022-07-15,99800.56781880371,0.013537897128733042,0.1389555736199709,1,0.5901225078724648,0.4098774921275353,0.0,0.0
2022-07-18,98912.60270396988,-0.008689341623190941,0.14661662635401673,3,0.8003489656539334,0.1996510343460666,0.0,0.0
2022-07-19,100945.0431220211,0.02054784084626723,0.12908144061148863,3,0.8054240703648233,0.19457592963517656,0.0,0.0
2022-07-20,101514.72761280465,0.00564351129252504,0.12416640188671002,3,0.8060082160332419,0.19399178396675812,0.0,0.0
2022-07-21,102688.15597232484,0.011559193302432358,0.11404247202535356,3,0.8049118554695095,0.19508814453049064,0.0,0.0
2022-07-22,102258.05503525771,-0.0041884181578160035,0.11775323262257631,3,0.8007979226835538,0.19920207731644618,0.0,0.0
2022-07-25,101911.9004500893,-0.0031849498531505804,0.12073973342852651,1,0.6026483780686992,0.39735162193130075,0.0,0.0
2022-07-26,101216.32955885502,-0.006825217547335749,0.12674087602860518,1,0.5996108259904158,0.4003891740095841,0.0,0.0
2022-07-27,102564.56773916916,0.013320362299150205,0.1151087481162677,1,0.6070939204719159,0.3929060795280841,0.0,0.0
2022-07-28,103666.3334108056,0.010742166577821849,0.10560309888527541,1,0.6081751159067588,0.3918248840932413,0.0,0.0
2022-07-29,104475.08789265285,0.007801515258018588,0.09862544781450422,1,0.6122649371337762,0.3877350628662238,0.0,0.0
2022-08-01,105294.64182348523,0.007856852723376561,0.0915546228714812,1,0.5935597893781257,0.40644021062187413,0.0,0.0
2022-08-02,103976.77230701441,-0.01251601689932226,0.1029247405637328,1,0.5971174573504372,0.40288254264956275,0.0,0.0
2022-08-03,105608.56828276644,0.01569385103563116,0.08884617507438985,1,0.597097264687033,0.40290273531296705,0.0,0.0
2022-08-04,105551.68911790903,-0.0005385847548385039,0.0893369086338075,1,0.597015375439087,0.402984624560913,0.0,0.0
2022-08-05,104432.69068779289,-0.010601426082969954,0.0989912360834152,1,0.6023924696103169,0.39760753038968305,0.0,0.0
2022-08-08,104652.16656278106,0.0022996632274185406,0.09709767492425869,3,0.7972380502057127,0.20276194979428727,0.0,0.0
2022-08-09,104238.37254206814,-0.003953993828352198,0.10066774514521304,3,0.7972243891493,0.20277561085069987,0.0,0.0
2022-08-10,105845.77829427367,0.015420480126517776,0.08679960998208824,3,0.8016080761503246,0.19839192384967533,0.0,0.0
2022-08-11,105356.3081814916,-0.004624370670894825,0.09102258708233679,3,0.8053322308992213,0.19466776910077868,0.0,0.0
2022-08-12,107000.6758367586,0.0156076810553608,0.07683555753499105,3,0.8063800993406273,0.19361990065937273,0.0,0.0
2022-08-15,106693.19175768929,-0.00226866040240368,0.0794884227267394,5,0.2012807538183635,0.6008437400230614,0.19787550615857508,0.0
2022-08-16,106964.83210541638,0.002545995140383608,0.07714480472433483,5,0.2011628452109392,0.6018095811565793,0.19702757363248144,0.0
2022-08-17,106003.9234606165,-0.008983407217924585,0.08543518874667344,5,0.20154555185473003,0.6009268440801644,0.19752760406510553,0.0
2022-08-18,106105.60782794804,0.0009592509787557144,0.08455789155634308,5,0.2019376356741097,0.6012403762678933,0.19682198805799692,0.0
2022-08-19,104637.55347505577,-0.013835784770893074,0.0972237515389821,5,0.20201910154228156,0.5998585929224052,0.1981223055353133,0.0
2022-08-22,103465.74610452913,-0.0110010668279167,0.10733369607371546,2,0.3960276726302287,0.4030898415880477,0.2008824857817236,0.0
2022-08-23,103282.39460719172,-0.001772098537347574,0.10891558872524265,2,0.3957709377804613,0.4015831237026128,0.20264593851692583,0.0
2022-08-24,103171.40264145333,-0.0010746455498105302,0.10987318862232454,2,0.39746502816009366,0.3990727969330086,0.20346217490689772,0.0
2022-08-25,104388.41888254878,0.0117960617955819,0.09937319774940923,2,0.39837698374527947,0.39991701645398475,0.20170599980073586,0.0
2022-08-26,103039.54048237907,-0.012921724599424925,0.11101084925495208,2,0.3899307770734601,0.40820607671688575,0.20186314620965423,0.0
2022-08-29,102268.2854219789,-0.00727649913507068,0.1176649684206933,1,0.6004016113499229,0.39959838865007713,0.0,0.0
2022-08-30,101695.79707278544,-0.005597906983883253,0.122604197856096,1,0.5971533897640547,0.40284661023594526,0.0,0.0
2022-08-31,100842.00221025031,-0.0083955766817388,0.1299704415932309,1,0.597626999789293,0.402373000210707,0.0,0.0
2022-09-01,100288.24857016682,-0.005491299537358895,0.13474803450479855,1,0.6028125539720836,0.39718744602791634,0.0,0.0
2022-09-02,99876.11264689903,-0.004109513618431901,0.13830379924037617,1,0.5989174726606863,0.40108252733931365,0.0,0.0
2022-09-06,98660.38748552541,-0.01217126224154244,0.14879265112858642,1,0.6051009171656443,0.39489908283435565,0.0,0.0
2022-09-07,100349.05991906534,0.017116012581925855,0.13422337543547558,1,0.605605981418122,0.39439401858187784,0.0,0.0
2022-09-08,100340.32213152215,-8.707393522408463e-05,0.13429876201320146,1,0.6096174372201868,0.39038256277981315,0.0,0.0
2022-09-09,101377.59223064256,0.010337520122377134,0.12534955804554615,1,0.6127536854781697,0.3872463145218303,0.0,0.0
2022-09-12,101722.63198491102,0.0034035110390415865,0.12237267561105147,1,0.6172384609827488,0.3827615390172512,0.0,0.0
2022-09-13,99161.73567353995,-0.02515848082432058,0.1444671941457223,1,0.5887220204996845,0.4112779795003155,0.0,0.0
2022-09-14,99524.65682713389,0.0036598910973962176,0.14133603724604593,1,0.5888133836039116,0.41118661639608856,0.0,0.0
2022-09-15,98832.81278880851,-0.006951483786847377,0.1473050258614802,1,0.5862034663040878,0.41379653369591224,0.0,0.0
2022-09-16,98049.90442965856,-0.007921542826297121,0.15405968561688677,1,0.5863762665216116,0.4136237334783885,0.0,0.0
2022-09-19,98590.48810628337,0.005513352407320434,0.14939571854813305,1,0.5876835713519829,0.41231642864801704,0.0,0.0
2022-09-20,97467.85090557364,-0.011176927929343399,0.15908144003894675,3,0.7997558891944534,0.20024411080554652,0.0,0.0
2022-09-21,96435.0679061345,-0.010596140058937938,0.16799193087845454,3,0.7942207853243988,0.20577921467560123,0.0,0.0
2022-09-22,95284.72391557366,-0.011928689589149572,0.17791669687067313,3,0.797057283888852,0.202942716111148,0.0,0.0
2022-09-23,94091.22118728937,-0.012525646076718343,0.18821382137125064,3,0.7936436147207153,0.2063563852792847,0.0,0.0
2022-09-26,92981.44465466704,-0.011794687311086231,0.19778858551163825,3,0.7951713130273473,0.2048286869726527,0.0,0.0
2022-09-27,92301.45459241135,-0.00730838682702822,0.2036553021636126,3,0.8038325578491827,0.19616744215081727,0.0,0.0
2022-09-28,94367.56804839979,0.02238440840517701,0.1858295972159456,3,0.8017032367890112,0.1982967632109888,0.0,0.0
2022-09-29,92690.36013640951,-0.017773139084500476,0.20029996102311043,3,0.7991600402402814,0.2008399597597185,0.0,0.0
2022-09-30,91304.5696389566,-0.01495075103186011,0.2122560772060228,3,0.798744085494668,0.20125591450533206,0.0,0.0
2022-10-03,93521.9657627387,0.024285708070804077,0.1931251582624982,3,0.8003938428958609,0.19960615710413904,0.0,0.0
2022-10-04,95137.19466555478,0.017475013691002877,0.1791895276895059,1,0.6079678119401757,0.39203218805982437,0.0,0.0
2022-10-05,94645.89713781908,-0.0051640951729007775,0.18342827108743087,1,0.6097007401543884,0.39029925984561176,0.0,0.0
2022-10-06,93845.27643884631,-0.008459116804682339,0.19033574672170372,1,0.6085590506892173,0.3914409493107827,0.0,0.0
2022-10-07,91895.63735926538,-0.020775036885861808,0.20715655144872402,1,0.6041348763186931,0.3958651236813068,0.0,0.0
2022-10-10,90906.21430873714,-0.01076681199413312,0.21569294780005577,1,0.6060473710746301,0.3939526289253698,0.0,0.0
2022-10-11,90721.17173082086,-0.0020294976686869195,0.21728943050391247,1,0.5974126561840323,0.4025873438159677,0.0,0.0
2022-10-12,90721.5978211019,4.696701694946793e-06,0.21728575434585418,1,0.5954391978304402,0.4045608021695597,0.0,0.0
2022-10-13,91796.11854336705,0.011844155615337007,0.20801516501798534,1,0.6039996856325747,0.3960003143674252,0.0,0.0
2022-10-14,90232.67749485734,-0.017031668368103138,0.22150398807996574,1,0.600462070283865,0.39953792971613494,0.0,0.0
2022-10-17,91449.4423021609,0.013484746780044314,0.21100616648994974,1,0.6076976804815927,0.39230231951840727,0.0,0.0
2022-10-18,92179.19165318392,0.00798757110006152,0.20471014408160404,1,0.6022392625426299,0.39776073745737023,0.0,0.0
2022-10-19,91118.2851476132,-0.011509175623521252,0.21386327470497368,1,0.6049338624259677,0.39506613757403236,0.0,0.0
2022-10-20,90040.74852914883,-0.011825690274117338,0.22315988413142163,1,0.6070398992778206,0.39296010072217935,0.0,0.0
2022-10-21,90731.34090116125,0.007669775999128395,0.21720169445557258,1,0.6170592371497896,0.38294076285021034,0.0,0.0
2022-10-24,91129.26307831565,0.004385719126402777,0.21376856095483066,1,0.6218823387813118,0.3781176612186882,0.0,0.0
2022-10-25,93061.56924750042,0.021226360810911782,0.1970972985221654,1,0.5969110003213788,0.4030889996786212,0.0,0.0
2022-10-26,93183.49783827619,0.001310192722535189,0.19604534124578532,1,0.5916386007282634,0.40836139927173665,0.0,0.0
2022-10-27,93287.53150048388,0.0011164386894794568,0.1951477751601648,1,0.5878230406192541,0.41217695938074594,0.0,0.0
2022-10-28,94327.82775306348,0.011151503698800296,0.18617246259787568,1,0.59517064439441,0.40482935560558986,0.0,0.0
2022-10-31,93650.10626655667,-0.007184746035718991,0.1920196067709845,1,0.5951475510445149,0.4048524489554851,0.0,0.0
2022-11-01,93753.86396475344,0.0011127871648856803,0.1911244216064215,1,0.596710544939085,0.40328945506091496,0.0,0.0
2022-11-02,92185.7627977724,-0.01672572308668333,0.2046534505422133,1,0.591630716471165,0.408369283528835,0.0,0.0
2022-11-03,91421.01602198512,-0.008295714572161222,0.21125141850246842,1,0.5904369289593103,0.4095630710406896,0.0,0.0
2022-11-04,91568.86284231457,0.001617208239010242,0.20997584779796297,1,0.5979681154182844,0.40203188458171557,0.0,0.0
2022-11-07,91725.35303229303,0.0017089891161797203,0.20862570512033063,1,0.6026580583877097,0.3973419416122904,0.0,0.0
2022-11-08,92303.66196937485,0.006503413686633441,0.20363625768648308,3,0.7991193885912831,0.20088061140871694,0.0,0.0
2022-11-09,90844.96975706732,-0.015803188965476892,0.21622134439151797,3,0.7952228831901006,0.2047771168098994,0.0,0.0
2022-11-10,95530.68905392851,0.05157929282591544,0.17579459560318578,3,0.7977750087827422,0.20222499121725776,0.0,0.0
2022-11-11,96197.5286650142,0.006980370577137284,0.1700413364488168,3,0.7999126356933847,0.20008736430661522,0.0,0.0
2022-11-14,95495.7397863663,-0.007295290101388153,0.17609612567158317,3,0.7989364225177218,0.20106357748227827,0.0,0.0
2022-11-15,96583.27599481068,0.011589563737953881,0.1667132432768894,1,0.5981847337784428,0.40181526622155717,0.0,0.0
2022-11-16,96991.21029324176,0.004223653569723562,0.16319372869225246,1,0.5911246261444998,0.40887537385550027,0.0,0.0
2022-11-17,96397.30385351497,-0.00612330166755513,0.1683177459287717,1,0.5929466772820338,0.40705332271796624,0.0,0.0
2022-11-18,96386.97151312648,-0.00010718495202086727,0.16840688975127094,1,0.5957026673571446,0.4042973326428555,0.0,0.0
2022-11-21,96342.4478652913,-0.00046192599618226197,0.16879102422714087,1,0.5938109451206438,0.40618905487935625,0.0,0.0
2022-11-22,97666.63887670214,0.01375090117278492,0.1573663668854317,1,0.5998261677990498,0.40017383220095015,0.0,0.0
2022-11-23,98717.49448448388,0.010759616793082958,0.14829995189615564,1,0.5971806631539239,0.40281933684607607,0.0,0.0
2022-11-25,98569.50129139806,-0.0014991587241821288,0.14957678545365694,1,0.5979433277322145,0.4020566722677855,0.0,0.0
2022-11-28,97740.70593089686,-0.008408233273404274,0.15672734222268092,1,0.5933914543986151,0.40660854560138493,0.0,0.0
2022-11-29,97175.05034376148,-0.005787308181867479,0.1616076209745807,1,0.5958202968494571,0.40417970315054297,0.0,0.0
2022-11-30,99746.50246624874,0.026671686650005605,0.13942203059005798,3,0.8037629838990167,0.19623701610098337,0.0,0.0
2022-12-01,100312.78643620522,0.005677231340999648,0.13453633037075008,3,0.7986372610661969,0.20136273893380308,0.0,0.0
2022-12-02,100474.37170782116,0.0016108143074931394,0.1331422291090958,3,0.7964328833733051,0.20356711662669497,0.0,0.0
2022-12-05,98748.38506707267,-0.017178377046911608,0.14803343874350505,3,0.7957760267348283,0.2042239732651718,0.0,0.0
2022-12-06,97875.38489547033,-0.008840652644692566,0.15556537917646696,3,0.7913006273628302,0.2086993726371698,0.0,0.0
2022-12-07,98202.58026162261,0.0033517076308226808,0.1527424518873728,3,0.795971315405959,0.2040286845940411,0.0,0.0
2022-12-08,98760.00766253985,0.00567630096309277,0.14793316305103343,3,0.7976789162711698,0.20232108372883023,0.0,0.0
2022-12-09,97651.7147880221,-0.011222081698340533,0.15749512670772126,3,0.8007056297901175,0.19929437020988242,0.0,0.0
2022-12-12,98841.22655613921,0.012181166205829128,0.14723243481692705,3,0.802474449738312,0.19752555026168805,0.0,0.0
2022-12-13,99630.1763676003,0.0079819913102049,0.14042565152201125,3,0.8021464284198611,0.197853571580139,0.0,0.0
2022-12-14,99205.486932745,-0.004260521384158881,0.1440897235690618,3,0.7982863554202075,0.20171364457979246,0.0,0.0
2022-12-15,97346.33492192367,-0.01874041515548144,0.16012983748522036,3,0.7936319563762557,0.20636804362374428,0.0,0.0
2022-12-16,96209.81771927483,-0.0116749870815412,0.16993531078275237,3,0.7935265935982155,0.2064734064017844,0.0,0.0
2022-12-19,95228.60383145115,-0.010198687733581433,0.17840088134675136,3,0.7949047260407992,0.2050952739592007,0.0,0.0
2022-12-20,94985.36920243272,-0.0025542181574870555,0.18049942473379088,3,0.798030726838098,0.20196927316190205,0.0,0.0
2022-12-21,96169.15241568878,0.01246478912385526,0.1702861568126406,3,0.8019657221114243,0.19803427788857578,0.0,0.0
2022-12-22,95065.20445538913,-0.011479231464241858,0.17981063406767395,3,0.7997046945341297,0.2002953054658703,0.0,0.0
2022-12-23,95223.37382382082,0.001663798750950055,0.17844600402509325,3,0.8029689186897281,0.19703108131027205,0.0,0.0
2022-12-27,94550.85952116823,-0.00706249186147147,0.1842482224354255,3,0.8054911084147003,0.19450889158529966,0.0,0.0
2022-12-28,93495.99476599434,-0.01115658557220961,0.19334922694750678,3,0.8044555101941657,0.19554448980583425,0.0,0.0
2022-12-29,95054.19270849897,0.016670462336030478,0.1799056395720684,3,0.8010464709047287,0.19895352909527134,0.0,0.0
2022-12-30,94643.24474660528,-0.004323301794313765,0.18345115499201303,3,0.8024054192897019,0.19759458071029812,0.0,0.0
2023-01-03,94680.43589606875,0.00039296147932212685,0.18313028274993992,3,0.7987136190279119,0.20128638097208804,0.0,0.0
2023-01-04,95525.34738276289,0.008923823371721701,0.17584068167549216,3,0.7977607067609788,0.20223929323902118,0.0,0.0
2023-01-05,94736.34812685398,-0.008259580075091972,0.18264789155982675,3,0.7952238515864922,0.20477614841350775,0.0,0.0
2023-01-06,96822.46023267775,0.02202506838957242,0.16464964524939807,3,0.800710064367161,0.1992899356328389,0.0,0.0
2023-01-09,96881.23465906912,0.0006070329781967183,0.16414256003571626,3,0.7997705343905508,0.20022946560944913,0.0,0.0
2023-01-10,97103.56022298543,0.0022948258731291193,0.1622244127562389,3,0.8035351792223,0.19646482077770006,0.0,0.0
2023-01-11,98400.4756149847,0.013356002488694339,0.15103507992804388,3,0.8029737741850956,0.19702622581490434,0.0,0.0
2023-01-12,99069.71658966574,0.006801196544004641,0.14526110264766934,3,0.8004530915893099,0.19954690841069006,0.0,0.0
2023-01-13,99191.43503009727,0.0012290676449712601,0.14421095847502774,3,0.8021177535690637,0.19788224643093635,0.0,0.0
2023-01-17,98918.82417883704,-0.002748330550692296,0.1465629496427986,3,0.8028549232973975,0.19714507670260253,0.0,0.0
2023-01-18,98137.52092842292,-0.0078984284022785,0.1533037610808966,3,0.7964703269631477,0.20352967303685235,0.0,0.0
2023-01-19,97443.46732618078,-0.007072255297220707,0.159291813041729,3,0.7963037742890531,0.20369622571094692,0.0,0.0
2023-01-20,98567.21150854985,0.011532268023750342,0.1495965408999651,3,0.8018905277613478,0.19810947223865208,0.0,0.0
2023-01-23,99420.34804639664,0.008657285542222361,0.14223597695820633,3,0.8026501539180315,0.19734984608196846,0.0,0.0
2023-01-24,99616.83909215457,0.0019763665046337578,0.14054072087418668,3,0.8002070865897402,0.19979291341025984,0.0,0.0
2023-01-25,99694.97365073118,0.0007843509118404818,0.1398666032049145,3,0.7998795109507871,0.20012048904921279,0.0,0.0
2023-01-26,100478.58807151364,0.007860119643822331,0.13310585179645773,3,0.8023639564836559,0.19763604351634398,0.0,0.0
2023-01-27,100613.70975926124,0.0013447809164220822,0.1319400690893957,3,0.8031274675049557,0.1968725324950443,0.0,0.0
2023-01-30,100414.70739362795,-0.0009788640459904,0.13365699196378344,0,0.0,0.0,0.0,1.0
2023-01-31,100599.20605626372,0.0018373669298514,0.13206520197090965,0,0.0,0.0,0.0,1.0
2023-02-01,100774.21135642563,0.0017396290390605,0.13055531739224713,0,0.0,0.0,0.0,1.0
2023-02-02,100786.47937467291,0.0001217376755635,0.1304494732175553,0,0.0,0.0,0.0,1.0
2023-02-03,100416.83356663444,-0.0036676130601241,0.13363864808602033,0,0.0,0.0,0.0,1.0
2023-02-06,99677.42809019171,-0.00636973153234114,0.1400179801704008,3,0.8002081363154997,0.19979186368450033,0.0,0.0
2023-02-07,100560.77273341437,0.008862032860873713,0.1323967912509103,3,0.8035525135105781,0.1964474864894219,0.0,0.0
2023-02-08,99771.20567803078,-0.007851640693700049,0.1392088999107094,3,0.8010555478636168,0.1989444521363833,0.0,0.0
2023-02-09,98890.30017325973,-0.008829255883844766,0.14680904479593393,3,0.8011848391029072,0.19881516089709284,0.0,0.0
2023-02-10,98855.20147816176,-0.00035492555929631734,0.14711186407289634,3,0.8033397256299031,0.19666027437009692,0.0,0.0
2023-02-13,99949.60631249312,0.011074163254322422,0.1376697215741155,3,0.8005260546756784,0.19947394532432158,0.0,0.0
2023-02-14,99866.91089540969,-0.0008273711136479634,0.13838318873690902,3,0.8008203912929404,0.19917960870705964,0.0,0.0
2023-02-15,99941.11551936617,0.000743035138377239,0.13774297717032402,3,0.8028242984536268,0.1971757015463732,0.0,0.0
2023-02-16,98557.17681338942,-0.0138475411124321,0.14968311674344126,3,0.8028884007428548,0.1971115992571452,0.0,0.0
2023-02-17,98510.5497064082,-0.00047309702336041263,0.150085399129823,3,0.8012614976681564,0.1987385023318437,0.0,0.0
2023-02-21,96539.47630348094,-0.019811480272166,0.16709113170899836,1,0.5998474378809249,0.4001525621190752,0.0,0.0
2023-02-22,96813.68061594036,0.0028403335397989963,0.16472539271479536,1,0.5973240585119849,0.40267594148801517,0.0,0.0
2023-02-23,97502.25883147711,0.0071124061305790996,0.15878458047722288,1,0.5962606577794388,0.40373934222056124,0.0,0.0
2023-02-24,96369.43959035861,-0.011618389714195888,0.16855814905482935,1,0.5968254214430779,0.403174578556922,0.0,0.0
2023-02-27,96673.07554587102,0.0031507494160294427,0.16593848412850143,1,0.5969771526237889,0.40302284737621114,0.0,0.0
2023-02-28,96634.07645287327,-0.0004003905103021396,0.16627495467564857,1,0.5980217797465774,0.4019782202534225,0.0,0.0
2023-03-01,95995.1135878549,-0.006612189907252682,0.17178770300576607,1,0.5996932786716944,0.4003067213283055,0.0,0.0
2023-03-02,96102.06810701833,0.0011141662858241057,0.17086493678695014,1,0.6036846036484423,0.39631539635155766,0.0,0.0
2023-03-03,97955.17837301441,0.019282730356358895,0.15487694893401027,1,0.6017626726247494,0.3982373273752506,0.0,0.0
2023-03-06,97693.5778257609,-0.0026706147811536283,0.15713394704608075,1,0.6037921298414627,0.39620787015853737,0.0,0.0
2023-03-07,97034.33725059283,-0.00674427758334206,0.16282164437384172,1,0.5948143183637098,0.40518568163629015,0.0,0.0
2023-03-08,97167.1924229042,0.0013691562809182356,0.1616754163699874,1,0.5949705325145827,0.40502946748541724,0.0,0.0
2023-03-09,96197.1977325459,-0.009982738681350049,0.17004419161851736,1,0.5898819917269751,0.4101180082730249,0.0,0.0
2023-03-10,96738.96475051176,0.0056318378366083995,0.1653700150941616,1,0.5781144706974708,0.42188552930252915,0.0,0.0
2023-03-13,96752.01374298688,0.00013488869256322086,0.16525743294672357,1,0.577212620086103,0.4227873799138971,0.0,0.0
2023-03-14,97691.55031209809,0.00993577111606852,0.1571514397255006,3,0.8052235934835189,0.19477640651648118,0.0,0.0
2023-03-15,97566.9915402524,-0.0012750209352574873,0.15822608928510218,3,0.801208968111543,0.198791031888457,0.0,0.0
2023-03-16,98786.8039174843,0.012502305933340596,0.14770197432664,3,0.8051994895145481,0.1948005104854518,0.0,0.0
2023-03-17,98145.58643335704,-0.006490922458255289,0.1532341747226098,3,0.8009838662977574,0.1990161337022426,0.0,0.0
2023-03-20,98729.64408128324,0.005950931357700847,0.1481951294203372,3,0.8039017161485643,0.19609828385143574,0.0,0.0
2023-03-21,99147.92092491334,0.0044413955093767395,0.14458638296966142,1,0.6051904596302918,0.3948095403697083,0.0,0.0
2023-03-22,98647.00095249468,-0.005052248879711868,0.14890814545799336,1,0.5978946947469068,0.40210530525309324,0.0,0.0
2023-03-23,98806.45908717584,0.00161645192597346,0.1475323963905386,1,0.5985436296699211,0.4014563703300788,0.0,0.0
2023-03-24,99362.29773589778,0.0056255294831638976,0.1427368147529915,1,0.5991009110970028,0.40089908890299725,0.0,0.0
2023-03-27,98537.86322365607,-0.008297256917639256,0.14984974764701975,1,0.6052430876306008,0.3947569123693993,0.0,0.0
2023-03-28,98476.41316243827,-0.00061837892616566,0.15037991730305178,1,0.5990235626383583,0.40097643736164157,0.0,0.0
2023-03-29,99254.49078638005,0.007901157231004381,0.1436669354430442,1,0.602966221469308,0.39703377853069194,0.0,0.0
2023-03-30,99786.22255569659,0.005357256534225167,0.1390793395374733,1,0.6032648038991596,0.39673519610084046,0.0,0.0
2023-03-31,101227.76437496472,0.014446301126024956,0.1266422204308153,1,0.6030557739867238,0.39694422601327617,0.0,0.0
2023-04-03,101649.36500937038,0.004164871535085812,0.12300479747474191,1,0.6028430374417492,0.39715696255825084,0.0,0.0
2023-04-04,101512.8403966163,-0.0013402543844216598,0.1241826841285435,1,0.5974718060737915,0.4025281939262085,0.0,0.0
2023-04-05,101781.2358905921,0.002643956103751782,0.12186706159047389,1,0.5943360514550122,0.40566394854498783,0.0,0.0
2023-04-06,102124.01811691842,0.003367833209401932,0.11890965631822836,1,0.5946518274282054,0.4053481725717946,0.0,0.0
2023-04-10,101518.85865864664,-0.005925730983077323,0.12413076066667383,1,0.5988105902538092,0.4011894097461908,0.0,0.0
2023-04-11,101619.1014546206,0.0009874302892924189,0.12326590085029643,1,0.5983806010292851,0.40161939897071486,0.0,0.0
2023-04-12,101328.60783022895,-0.00285703699921356,0.12577217833596654,1,0.5992663457168194,0.40073365428318064,0.0,0.0
2023-04-13,101816.09255530781,0.004810928873074288,0.12156633046707832,1,0.6043190261415872,0.3956809738584128,0.0,0.0
2023-04-14,101297.28730396602,-0.005095513276155033,0.12604240089240482,1,0.605930279788369,0.394069720211631,0.0,0.0
2023-04-17,101042.69982390189,-0.0025132704620231183,0.12823889271130262,1,0.6096367386631711,0.3903632613368289,0.0,0.0
2023-04-18,101223.4197539833,0.0017885500921528124,0.12667970430252617,1,0.6089452568503926,0.3910547431496073,0.0,0.0
2023-04-19,101035.75725477634,-0.0008547982795714,0.12829879077181428,0,0.0,0.0,0.0,1.0
2023-04-20,101282.77305734382,0.0024448354649788,0.12616762474062826,0,0.0,0.0,0.0,1.0
2023-04-21,101221.0429878327,-0.0006094824188529,0.12670021021037325,0,0.0,0.0,0.0,1.0
2023-04-24,101332.2229187352,0.0010983875251697,0.12574098861553495,0,0.0,0.0,0.0,1.0
2023-04-25,101727.482167118,0.0039006274312147,0.122330829933742,0,0.0,0.0,0.0,1.0
2023-04-26,100934.2280212936,-0.00680463988485078,0.12917474952150465,1,0.6015519789462848,0.3984480210537152,0.0,0.0
2023-04-27,101743.90884905281,0.008021865759833264,0.12218910626189305,1,0.6086452498411894,0.39135475015881066,0.0,0.0
2023-04-28,102914.76970669665,0.011507920925083898,0.11208732790957776,1,0.6068565278280504,0.3931434721719496,0.0,0.0
2023-05-01,101685.04483284104,-0.011948963956876921,0.12269696442524047,1,0.613575264356587,0.3864247356434129,0.0,0.0
2023-05-02,101962.99455833038,0.002733437605758506,0.12029891131615433,1,0.6050253218480878,0.3949746781519123,0.0,0.0
2023-05-03,101770.23963288599,-0.0018854241727432393,0.1219619334596006,1,0.5970073647892524,0.40299263521074763,0.0,0.0
2023-05-04,100934.72623539859,-0.008209800826856104,0.12917045110429504,1,0.5976854978655789,0.4023145021344212,0.0,0.0
2023-05-05,101916.51157973956,0.009726933246455252,0.12069995021314572,1,0.6028861235833712,0.39711387641662876,0.0,0.0
2023-05-08,101365.65657471702,-0.005404963302649404,0.12545253471426143,1,0.6063238754310366,0.39367612456896334,0.0,0.0
2023-05-09,100953.37995983691,-0.004067221865980102,0.129009513287909,1,0.6061302494185535,0.39386975058144646,0.0,0.0
2023-05-10,101627.64555875496,0.00668515116404054,0.12319218530534426,1,0.598800396419279,0.4011996035807211,0.0,0.0
2023-05-11,101952.55446358277,0.003197052367408869,0.12038898480561211,1,0.5958510585871069,0.40414894141289315,0.0,0.0
2023-05-12,101528.12281388028,-0.004163031048467751,0.12405083277244044,1,0.5975580789242695,0.40244192107573046,0.0,0.0
2023-05-15,101314.22289072095,-0.0021068046688054167,0.12589628656759166,1,0.6008855507899237,0.3991144492100763,0.0,0.0
2023-05-16,100785.91033314103,-0.00521459418535697,0.1304543827090553,1,0.5999987954509347,0.40000120454906524,0.0,0.0
2023-05-17,101402.4116007367,0.0061169402320427006,0.12513542519286913,1,0.603591184361799,0.396408815638201,0.0,0.0
2023-05-18,101694.21939755912,0.0028777204823431327,0.12261780948667034,1,0.607657121791754,0.39234287820824587,0.0,0.0
2023-05-19,101322.15132730553,-0.003658694392441701,0.12582788278712975,1,0.6090010819621405,0.3909989180378594,0.0,0.0
2023-05-22,101206.12852711626,-0.0011450882030176782,0.12682888696595718,1,0.6099468004829791,0.39005319951702083,0.0,0.0
2023-05-23,100626.99006160158,-0.005722365571562407,0.13182549128126586,1,0.6065726315149467,0.39342736848505333,0.0,0.0
2023-05-24,99989.7165264577,-0.00632649684615046,0.13732366466351942,1,0.599445437562806,0.400554562437194,0.0,0.0
2023-05-25,100409.19285702467,0.0041951947174083265,0.1337045694586826,1,0.6021106310824197,0.3978893689175803,0.0,0.0
2023-05-26,101514.86295714702,0.011011642148112297,0.12416523418301662,1,0.603265373462465,0.396734626537535,0.0,0.0
2023-05-30,101940.57461410953,0.0041935894366740565,0.12049234276081466,1,0.6009749225572724,0.3990250774427278,0.0,0.0
2023-05-31,101955.41872311286,0.0001456153161735011,0.12036427297522878,1,0.5975553906402139,0.40244460935978615,0.0,0.0
2023-06-01,102012.20932909366,0.001558572674446,0.11987430347085393,0,0.0,0.0,0.0,1.0
2023-06-02,101724.72199932383,-0.0028181659005384,0.122354643697,0,0.0,0.0,0.0,1.0
2023-06-05,101749.72415081413,0.0002457824509018,0.12213893387030517,0,0.0,0.0,0.0,1.0
2023-06-06,101699.70915858535,-0.0004915491677859,0.12257044574679288,0,0.0,0.0,0.0,1.0
2023-06-07,101624.70270411445,-0.000737528701817,0.12321757522687715,0,0.0,0.0,0.0,1.0
2023-06-08,101787.2220334255,0.0015992108708473,0.12181541524181205,0,0.0,0.0,0.0,1.0
2023-06-09,101599.68986337598,-0.0018423940284758,0.12343337727666992,0,0.0,0.0,0.0,1.0
2023-06-12,101687.25618445702,0.0008618758698848,0.1226778856561982,0,0.0,0.0,0.0,1.0
2023-06-13,101499.73470365566,-0.0018441001147793,0.12429575546795812,0,0.0,0.0,0.0,1.0
2023-06-14,101437.22398030582,-0.0006158708053016,0.12483507614624412,0,0.0,0.0,0.0,1.0
2023-06-15,101649.71554485292,0.0020948085545831,0.12300177317708427,0,0.0,0.0,0.0,1.0
2023-06-16,101512.20905628036,-0.0013527483853301,0.12418813111235627,0,0.0,0.0,0.0,1.0
2023-06-20,101549.69624964354,0.0003692875340974,0.12386470470696143,0,0.0,0.0,0.0,1.0
2023-06-21,101549.69624964354,0.0,0.12386470470696143,0,0.0,0.0,0.0,1.0
2023-06-22,101437.22398030582,-0.0011075588947231,0.12483507614624412,0,0.0,0.0,0.0,1.0
2023-06-23,101524.72616589778,0.0008626240166917,0.12408013786436156,0,0.0,0.0,0.0,1.0
2023-06-26,101599.68986337597,0.000738378721216,0.12343337727667014,0,0.0,0.0,0.0,1.0
2023-06-27,101449.74108992325,-0.0014758782596125,0.1247270828982493,0,0.0,0.0,0.0,1.0
2023-06-28,101562.19198076463,0.0011084394068754,0.12375689590516292,0,0.0,0.0,0.0,1.0
2023-06-29,101312.26666909523,-0.0024608105319028,0.1259131641642267,0,0.0,0.0,0.0,1.0
2023-06-30,101349.75386245841,0.0003700163326285,0.12558973775883187,0,0.0,0.0,0.0,1.0
2023-07-03,101231.94765827945,-0.0011623728690929,0.12660612852411746,0,0.0,0.0,0.0,1.0
2023-07-05,101206.80654656282,-0.000248351555988,0.1268230372510889,0,0.0,0.0,0.0,1.0
2023-07-06,101144.1889307312,-0.0006187095311896,0.1273632801603568,0,0.0,0.0,0.0,1.0
2023-07-07,101257.00325601065,0.0011153811847433,0.1263899575819316,0,0.0,0.0,0.0,1.0
2023-07-10,101407.37959939052,0.0014850957320915,0.12509256303642424,0,0.0,0.0,0.0,1.0
2023-07-11,101394.84111127675,-0.000123644730426,0.12520074073061538,0,0.0,0.0,0.0,1.0
2023-07-12,101695.6151765329,0.0029663645798907,0.12260576719340388,0,0.0,0.0,0.0,1.0
2023-07-13,101983.84006442707,0.0028341918911041,0.1201190635734819,0,0.0,0.0,0.0,1.0
2023-07-14,101720.6707742641,-0.0025804999105419,0.12238959625121804,0,0.0,0.0,0.0,1.0
2023-07-17,101911.24962427978,0.00287642728538576,0.12074534852619667,3,0.8004752075524771,0.19952479244752286,0.0,0.0
2023-07-18,102609.723365578,0.006853745232967904,0.11471916115009306,3,0.8009338596404181,0.1990661403595818,0.0,0.0
2023-07-19,103023.22244707179,0.004029823567700143,0.11115163556166241,3,0.7994931483455056,0.2005068516544944,0.0,0.0
2023-07-20,102225.9542030101,-0.007738723611283709,0.11803018738639237,3,0.8003828577846945,0.19961714221530547,0.0,0.0
2023-07-21,102231.97482966383,5.889528447711022e-05,0.11797824352337827,3,0.8003357217846828,0.19966427821531718,0.0,0.0
2023-07-24,102003.89308155919,-0.0012322538934996,0.1199460531486809,0,0.0,0.0,0.0,1.0
2023-07-25,101991.28877906605,-0.0001235668768355,0.12005479866634006,0,0.0,0.0,0.0,1.0
2023-07-26,102091.99436457359,0.00098739398936,0.11918594606357691,0,0.0,0.0,0.0,1.0
2023-07-27,101940.89304149969,-0.001480050654455,0.12048959548055871,0,0.0,0.0,0.0,1.0
2023-07-28,102079.4115344867,0.0013588118453173,0.11929450632481786,0,0.0,0.0,0.0,1.0
2023-07-31,102104.55572225414,0.0002463198738067,0.11907757105875483,0,0.0,0.0,0.0,1.0
2023-08-01,102018.7627229161,-0.0008402465368089,0.11981776307887004,0,0.0,0.0,0.0,1.0
2023-08-02,102069.22287770134,0.0004946164160242,0.119382410495396,0,0.0,0.0,0.0,1.0
2023-08-03,102107.08946619654,0.0003709892896959,0.119055710801372,0,0.0,0.0,0.0,1.0
2023-08-04,102309.02671116577,0.0019777005301486,0.11731346681359245,0,0.0,0.0,0.0,1.0
2023-08-07,102719.22866174445,0.0050144549096286205,0.11377438771859916,3,0.8029563478085412,0.1970436521914588,0.0,0.0
2023-08-08,102595.60229551521,-0.0012035367461367226,0.11484099280834736,3,0.8004278545004142,0.1995721454995858,0.0,0.0
2023-08-09,102152.48948546163,-0.004319023429262162,0.11866401529903048,3,0.7985256515567177,0.20147434844328235,0.0,0.0
2023-08-10,101842.9566233218,-0.003030105910281071,0.12133455667521631,3,0.8012401791570107,0.19875982084298927,0.0,0.0
2023-08-11,101748.79507161451,-0.0009245759827609715,0.12214694964099648,3,0.8015141031183717,0.1984858968816283,0.0,0.0
2023-08-14,101781.07608347235,0.0007190646765543401,0.12186844035046251,2,0.401918980331189,0.39883241001573394,0.19924860965307697,0.0
2023-08-15,101003.3023257561,-0.007641634257024183,0.1285788005588545,2,0.4002960379361146,0.3994540158843317,0.2002499461795537,0.0
2023-08-16,100274.10827717214,-0.007219507004158774,0.13487003201179226,2,0.40024813959098965,0.3992107559008103,0.2005411045082001,0.0
2023-08-17,99766.72548349004,-0.005059958172648353,0.1392475534637172,2,0.39921832736501883,0.39953065301950064,0.2012510196154805,0.0
2023-08-18,99930.10991668675,0.001637664586112478,0.13783792966461517,2,0.39875746957025393,0.4002861701979349,0.20095636023181115,0.0
2023-08-21,99767.28363088652,-0.00142844658194664,0.13924273796301068,1,0.6047676603351341,0.395232339664866,0.0,0.0
2023-08-22,99906.4518483961,0.0013949284018241693,0.1380420432111189,1,0.6022893738674058,0.3977106261325942,0.0,0.0
2023-08-23,101561.14721180052,0.016562447497538584,0.12376590980671742,1,0.5990754476153615,0.40092455238463853,0.0,0.0
2023-08-24,100449.42867823683,-0.010946297517152488,0.13335742885264457,1,0.5973111208148071,0.40268887918519297,0.0,0.0
2023-08-25,101004.52476287866,0.005526124856517919,0.12856825379851056,1,0.5982161830490144,0.40178381695098553,0.0,0.0
2023-08-28,100965.87896093949,0.0006180034420657,0.12890167627385285,0,0.0,0.0,0.0,1.0
2023-08-29,101190.31308514885,0.0022228709987874,0.12696533707294955,0,0.0,0.0,0.0,1.0
2023-08-30,101190.31308514885,0.0,0.12696533707294955,0,0.0,0.0,0.0,1.0
2023-08-31,101289.98733559527,0.0009850177097736,0.12610538246872005,0,0.0,0.0,0.0,1.0
2023-09-01,101235.02171190546,-0.0005426560426718,0.1265796066635818,0,0.0,0.0,0.0,1.0
2023-09-05,100030.40908315562,-0.01091007904626306,0.13697258350330488,5,0.20133216700343964,0.5981120911445418,0.20055574185201858,0.0
2023-09-06,99951.19281764486,-0.0007919218389371176,0.13765603376203006,5,0.20013720182448141,0.6000581956037182,0.1998046025718003,0.0
2023-09-07,100077.44936851048,0.0012631820322142261,0.13656673635828998,5,0.19927106128536393,0.6009631954397967,0.19976574327483942,0.0
2023-09-08,100344.53770364258,0.0026688163698958454,0.13426239152997044,5,0.19903993082234028,0.6016588976708082,0.1993011715068515,0.0
2023-09-11,100077.90931187216,-0.002657129106099124,0.13656276812768087,5,0.20088274594872235,0.5989147917621079,0.2002024622891697,0.0
2023-09-12,99939.34114526551,-0.0009858791587818796,0.13775828585005467,1,0.597297478544648,0.40270252145535207,0.0,0.0
2023-09-13,100000.41408020246,0.0006111000356524477,0.13723136990779672,1,0.5976286968105423,0.4023713031894576,0.0,0.0
2023-09-14,100225.28039453366,0.002248653832081661,0.13529130192154004,1,0.6014292460794282,0.39857075392057173,0.0,0.0
2023-09-15,99255.57389647614,-0.00967526849753182,0.14365759074760032,1,0.5999881236474381,0.4000118763525618,0.0,0.0
2023-09-18,99516.87803764272,0.0026326394670704227,0.1414031499236763,1,0.598763732239178,0.401236267760822,0.0,0.0
2023-09-19,99099.12940247077,-0.00419653560478158,0.145007339176344,1,0.6012789058747253,0.39872109412527473,0.0,0.0
2023-09-20,98674.81179404906,-0.004281749102945495,0.14866820323485075,1,0.5983130166197941,0.4016869833802059,0.0,0.0
2023-09-21,96681.36044732698,-0.02020223105044018,0.16586700489368666,1,0.6005563765928752,0.39944362340712475,0.0,0.0
2023-09-22,96861.62687188928,0.001864541662718021,0.16431172917206316,1,0.5980908153755067,0.40190918462449327,0.0,0.0
2023-09-25,96147.23296923848,-0.007375406811984253,0.1704752701374228,1,0.6050685837212946,0.3949314162787054,0.0,0.0
2023-09-26,94931.86153879257,-0.01244822740411604,0.18096107015879104,3,0.798182960788658,0.20181703921134198,0.0,0.0
2023-09-27,94862.93396463351,-0.0007260741867037957,0.18155575318365424,3,0.7990817313871961,0.20091826861280387,0.0,0.0
2023-09-28,95360.61394482327,0.005246306005834683,0.17726194421614083,3,0.7995199181497866,0.20048008185021332,0.0,0.0
2023-09-29,95177.74340072008,-0.001917673728579482,0.17883968737122002,3,0.7991120238315197,0.20088797616848034,0.0,0.0
2023-10-02,94827.4167740807,-0.003680762057621127,0.18186218309316837,3,0.801745184103174,0.19825481589682603,0.0,0.0
2023-10-03,93231.01634548734,-0.0166364093669522,0.19563536816969673,1,0.6019831361593612,0.39801686384063883,0.0,0.0
2023-10-04,94163.21685682079,0.009998823866501423,0.18759266789158224,1,0.6003639265223709,0.399636073477629,0.0,0.0
2023-10-05,93954.3351697512,-0.002218293873574907,0.18939482609924563,1,0.6014720035831983,0.39852799641680176,0.0,0.0
2023-10-06,94171.55963004357,0.0023120216847886434,0.18752068935938515,1,0.6072092642931974,0.3927907357068026,0.0,0.0
2023-10-09,95405.78613371015,0.013106149123103497,0.17687221435469302,1,0.603191135320815,0.3968088646791849,0.0,0.0
2023-10-10,95650.65467424394,0.0025697998583317197,0.17475957415002774,1,0.6015769275370421,0.3984230724629579,0.0,0.0
2023-10-11,96682.32432683899,0.010785808587600313,0.1658586888780601,1,0.5975956328451086,0.40240436715489136,0.0,0.0
2023-10-12,95274.67003666019,-0.014559582632913994,0.1780034382248672,1,0.6027278827551455,0.3972721172448544,0.0,0.0
2023-10-13,95665.8854295794,0.004106184705427803,0.17462816851499197,1,0.5972732559445214,0.4027267440554786,0.0,0.0
2023-10-16,95646.99449504456,-0.0001974678272197419,0.1747911528972037,1,0.603676627221187,0.39632337277881297,0.0,0.0
2023-10-17,95222.36716021593,-0.0044358658485213545,0.1784546891669233,1,0.6026457177708567,0.3973542822291432,0.0,0.0
2023-10-18,94124.82147719509,-0.011526133152877531,0.1879239298107076,1,0.6015489849506582,0.3984510150493418,0.0,0.0
2023-10-19,92859.49410897178,-0.013443078545757178,0.19884073220739207,1,0.6043883441457236,0.39561165585427643,0.0,0.0
2023-10-20,92378.45925109248,-0.005180244222683224,0.20299093287582393,1,0.600070143069701,0.39992985693029903,0.0,0.0
2023-10-23,92726.19911436853,0.00376429598518048,0.19999075484429596,1,0.5967835240043872,0.4032164759956127,0.0,0.0
2023-10-24,93634.10607399343,0.00979451483100258,0.19215765084156133,1,0.5986601404244243,0.4013398595755757,0.0,0.0
2023-10-25,91993.02479933418,-0.0175265332630228,0.20631632664536526,1,0.6005943927143802,0.3994056072856198,0.0,0.0
2023-10-26,91895.00946117111,-0.0010654648912443835,0.20716196873407844,1,0.5940354756029912,0.4059645243970088,0.0,0.0
2023-10-27,91489.07277230035,-0.004417396453310995,0.21066424864144262,1,0.5939666089713451,0.40603339102865493,0.0,0.0
2023-10-30,91971.4444639517,0.005272451419984248,0.20650251423834787,1,0.5979153817043503,0.40208461829564984,0.0,0.0
2023-10-31,92325.0816743448,0.004047978833037481,0.20345145595657144,3,0.8017787336632143,0.19822126633678563,0.0,0.0
2023-11-01,93511.33014067955,0.012848604570088086,0.19321691869327795,3,0.8000499924984373,0.1999500075015628,0.0,0.0
2023-11-02,95371.33304466683,0.019890668876050257,0.1771694635682064,3,0.7994802259995963,0.2005197740004036,0.0,0.0
2023-11-03,96196.60384638819,0.008653237564948823,0.17004931546076774,3,0.7998528712652716,0.20014712873472837,0.0,0.0
2023-11-06,96186.8450356683,-0.00010144652024794514,0.17013351106969166,3,0.8017742039478247,0.19822579605217527,0.0,0.0
2023-11-07,96689.43096419913,0.00522688394051044,0.16579737529414984,3,0.7981052910549475,0.20189470894505257,0.0,0.0
2023-11-08,97078.46900556813,0.004023583937659628,0.16244089101262993,3,0.7954890580373128,0.20451094196268724,0.0,0.0
2023-11-09,96019.55322117708,-0.010907833582854675,0.17157684638926818,3,0.7979896275520395,0.20201037244796047,0.0,0.0
2023-11-10,97323.84462067198,0.0135836020449973,0.16032387594575837,3,0.7995808403938762,0.20041915960612386,0.0,0.0
2023-11-13,97205.35029856557,-0.0012175261115943258,0.16134620355207674,3,0.7997925779793054,0.20020742202069464,0.0,0.0
2023-11-14,99154.6960571349,0.020054105246815758,0.14452792949625082,3,0.7994875508113397,0.20051244918866032,0.0,0.0
2023-11-15,99043.47782500536,-0.0011216637895340236,0.14548748154069258,3,0.802079685900515,0.197920314099485,0.0,0.0
2023-11-16,99384.2462227375,0.0034405940220943306,0.14254745087787668,3,0.8003072272659526,0.19969277273404734,0.0,0.0
2023-11-17,99576.18456798524,0.0019312753534153997,0.14089147390303403,3,0.7997580584870817,0.20024194151291816,0.0,0.0
2023-11-20,100310.99894867047,0.007379418923041146,0.13455175218860804,3,0.8000107386950067,0.1999892613049932,0.0,0.0
2023-11-21,100127.23683104175,-0.0018319131931571803,0.13613718752852788,3,0.7997214252764001,0.20027857472359983,0.0,0.0
2023-11-22,100507.26875006457,0.003795489929119844,0.1328584049236513,3,0.7997735401640647,0.2002264598359353,0.0,0.0
2023-11-24,100319.75946956617,-0.0018656290518119746,0.13447616947546037,3,0.8017614541528634,0.19823854584713668,0.0,0.0
2023-11-27,100507.09899739006,0.001867424013119925,0.1328598694904113,3,0.7988257603415552,0.20117423965844486,0.0,0.0
2023-11-28,100626.44984384725,0.0011874867312636544,0.131830152091285,3,0.7986682483336888,0.2013317516663111,0.0,0.0
2023-11-29,100822.69545340353,0.00195157317815062,0.1301370135450517,3,0.797880243141656,0.20211975685834394,0.0,0.0
2023-11-30,100904.0360342345,0.0008067685600465101,0.12943523543603153,3,0.8003760646616654,0.1996239353383344,0.0,0.0
2023-12-01,101761.1989475056,0.008494832783302193,0.12203993333402585,3,0.7983294161737852,0.2016705838262148,0.0,0.0
2023-12-04,101253.06584156633,-0.004993387570063896,0.12642392821792814,3,0.7981238311962864,0.2018761688037137,0.0,0.0
2023-12-05,101676.3259680872,0.004180220351877113,0.12277218774375198,3,0.7946448204781524,0.20535517952184762,0.0,0.0
2023-12-06,101618.82504909397,-0.0005601768994480205,0.12326828558059733,3,0.7972228236572482,0.20277717634275186,0.0,0.0
2023-12-07,102118.75694401172,0.004919677969866528,0.1189550478796848,3,0.7993732040918834,0.20062679590811663,0.0,0.0
2023-12-08,102302.05300464678,0.0017949303939878028,0.11737363351665464,3,0.8013714466578631,0.19862855334213683,0.0,0.0
2023-12-11,102577.94637346406,0.002696850754351544,0.11499332193439349,3,0.8023247656621172,0.1976752343378828,0.0,0.0
2023-12-12,103014.0255129238,0.0042511977952070104,0.11123098349585747,3,0.8025772930817978,0.1974227069182021,0.0,0.0
2023-12-13,104633.59205295151,0.0157244239713013,0.0972579293046798,3,0.7984764674817999,0.20152353251820007,0.0,0.0
2023-12-14,105450.2437176899,0.007804870775392088,0.09021214409939293,3,0.7948354818233696,0.2051645181766305,0.0,0.0
2023-12-15,105336.26591993708,-0.0010808680353357105,0.09119550471177251,3,0.7943853881507148,0.2056146118492852,0.0,0.0
2023-12-18,105634.39130662978,0.0028302255077022674,0.08862338304769335,3,0.7965993199521887,0.2034006800478112,0.0,0.0
2023-12-19,106261.85710419618,0.005939976458472009,0.08320982739819482,3,0.7967108476805081,0.20328915231949177,0.0,0.0
2023-12-20,105227.50243285259,-0.009730759362765259,0.09213387807371354,3,0.7966664112709956,0.20333358872900442,0.0,0.0
2023-12-21,105886.98557520336,0.00626721272579469,0.08644408796105918,3,0.7992114772550457,0.20078852274495435,0.0,0.0
2023-12-22,105960.35513052646,0.0006929043727568119,0.08581108107484958,3,0.8002631706428048,0.19973682935719506,0.0,0.0
2023-12-26,106378.57713003278,0.003946966759323748,0.08220280780011002,3,0.8004827247555245,0.19951727524447546,0.0,0.0
2023-12-27,106908.6327285678,0.004982728786521656,0.07762967331034687,3,0.7979540897283145,0.20204591027168559,0.0,0.0
2023-12-28,106785.43034957511,-0.00115036458701276,0.0786926203863697,3,0.8012239222239459,0.19877607777605408,0.0,0.0
2023-12-29,106346.28150997999,-0.004112441539613702,0.08248144312504546,3,0.8022034576012284,0.19779654239877162,0.0,0.0
2024-01-02,105747.59876073964,-0.005629559780932944,0.08764666869108828,3,0.8022302757735262,0.19776972422647376,0.0,0.0
2024-01-03,105142.01297221807,-0.005726709595475079,0.0928714512679586,3,0.800261637107777,0.1997383628922231,0.0,0.0
2024-01-04,104551.8883952216,-0.005612642941812377,0.09796283991431609,3,0.8021862658717798,0.1978137341282203,0.0,0.0
2024-01-05,104421.82771236578,-0.0002442263758342,0.09908495803961082,0,0.0,0.0,0.0,1.0
2024-01-08,104511.07105868829,0.0008546426382072,0.09831499763134921,0,0.0,0.0,0.0,1.0
2024-01-09,104536.59054866018,0.0002441797764904,0.09809482438900607,0,0.0,0.0,0.0,1.0
2024-01-10,104536.59054866018,0.0,0.09809482438900607,0,0.0,0.0,0.0,1.0
2024-01-11,104778.86527072366,0.0023176068857029,0.0960045627437589,0,0.0,0.0,0.0,1.0
2024-01-12,104690.96098661232,0.00016121068488744012,0.09676297019116364,3,0.8004250301212593,0.19957496987874057,0.0,0.0
2024-01-16,104015.326898186,-0.006453604800826203,0.10259210502302196,3,0.8026666227393984,0.19733337726060166,0.0,0.0
2024-01-17,103518.76391381609,-0.004773940525668648,0.10687627694090751,3,0.8020337049576375,0.19796629504236257,0.0,0.0
2024-01-18,104066.59838131572,0.005292127212373999,0.10214975258208969,3,0.8049063721359417,0.19509362786405826,0.0,0.0
2024-01-19,105175.75597324522,0.010658151694988443,0.09258032844572672,3,0.8063462942798036,0.1936537057201964,0.0,0.0
2024-01-22,105478.18545036636,0.0028818321691116205,0.08997107259338555,3,0.7993878080941952,0.20061219190580476,0.0,0.0
2024-01-23,105556.41503583391,0.0007416660149540096,0.08929613506530298,3,0.8011249343588229,0.19887506564117718,0.0,0.0
2024-01-24,105525.90773227222,-0.0002890142067759968,0.08955934142043487,3,0.8022326312053094,0.19776736879469053,0.0,0.0
2024-01-25,106122.71948458446,0.005655594584662681,0.08441025816211567,3,0.8020597747199268,0.19794022528007305,0.0,0.0
2024-01-26,105974.34654501163,-0.0013981260590893868,0.08569036803961405,3,0.8021624149297167,0.1978375850702832,0.0,0.0
2024-01-29,106889.59420294466,0.00863868311467566,0.07779393105689658,3,0.7994294287335798,0.2005705712664201,0.0,0.0
2024-01-30,107017.87209958583,0.0012000971432038808,0.07668719418811276,3,0.797853625678632,0.20214637432136787,0.0,0.0
2024-01-31,105837.08140499917,-0.011033584124041228,0.08687464370384268,3,0.7935909931731346,0.20640900682686536,0.0,0.0
2024-02-01,107364.88673881671,0.014435444680973405,0.07369327313623542,3,0.7925369275437806,0.20746307245621942,0.0,0.0
2024-02-02,107768.6549669876,0.0037607102325093516,0.07020970195007659,3,0.7978796556476366,0.20212034435236337,0.0,0.0
2024-02-05,107019.26339475649,-0.0069516006698675005,0.07667519057953287,3,0.8026669650328506,0.19733303496714935,0.0,0.0
2024-02-06,107475.06078119816,0.004259021899266865,0.07274272999607478,3,0.8015832988830501,0.19841670111694987,0.0,0.0
2024-02-07,108090.3944234993,0.005725362124277863,0.06743384634293292,3,0.8036676640429108,0.19633233595708932,0.0,0.0
2024-02-08,108005.35652932253,-0.0007867294279970142,0.06816752357956901,3,0.8046555786429945,0.19534442135700544,0.0,0.0
2024-02-09,108465.00033929758,0.004255750128932445,0.06420187739789929,3,0.8058763957439303,0.19412360425606973,0.0,0.0
2024-02-12,108369.76093528549,0.0001220562865529,0.06502356969673728,0,0.0,0.0,0.0,1.0
2024-02-13,108025.43020879639,-0.0031773690697236,0.06799433488730333,0,0.0,0.0,0.0,1.0
2024-02-14,108184.3588989999,0.0014712155267173,0.06662315368180094,0,0.0,0.0,0.0,1.0
2024-02-15,108290.31874361147,0.0009794377458065,0.06570896916745494,0,0.0,0.0,0.0,1.0
2024-02-16,108157.87447620394,-0.0012230480891011,0.06685165202737897,0,0.0,0.0,0.0,1.0
2024-02-20,108224.09107155079,0.0006122216775017,0.06628035838042512,0,0.0,0.0,0.0,1.0
2024-02-21,108131.37897669416,-0.0008566678078668,0.06708024593897344,0,0.0,0.0,0.0,1.0
2024-02-22,108118.12015022541,-0.0001226177506864,0.06719463846078744,0,0.0,0.0,0.0,1.0
2024-02-23,108171.11114924504,0.0004901213501122,0.06673745063759784,0,0.0,0.0,0.0,1.0
2024-02-26,108091.66895757099,-0.0007344122735732,0.06742285010831583,0,0.0,0.0,0.0,1.0
2024-02-27,108091.66895757099,0.0,0.06742285010831583,0,0.0,0.0,0.0,1.0
2024-02-28,108197.59557204103,0.000979970200216,0.06650895229201947,0,0.0,0.0,0.0,1.0
2024-02-29,108263.81216738788,0.0006119969209736,0.06593765864506573,0,0.0,0.0,0.0,1.0
2024-03-01,108476.38538272768,0.0019634743233605,0.06410365122139727,0,0.0,0.0,0.0,1.0
2024-03-04,108370.09323670088,-0.0009798643792544,0.0650207027162395,0,0.0,0.0,0.0,1.0
2024-03-05,107704.50365719154,-0.00514696672187844,0.07076317703495938,3,0.7961022073534552,0.20389779264654484,0.0,0.0
2024-03-06,108267.85668803782,0.005230542936619926,0.06590276393415251,3,0.7959728884723561,0.20402711152764388,0.0,0.0
2024-03-07,109102.59590501609,0.007709944969017662,0.05870092564837326,3,0.7977237179394026,0.20227628206059747,0.0,0.0
2024-03-08,108541.06268078362,-0.005146836512683182,0.06354563809360114,3,0.7970377394100893,0.20296226058991074,0.0,0.0
2024-03-11,108455.17581962195,-0.0007912845059779038,0.06428663992073314,3,0.7969830366633119,0.203016963336688,0.0,0.0
2024-03-12,109206.84668119659,0.006933743179504021,0.05780148637926019,3,0.8030379197722989,0.19696208022770098,0.0,0.0
2024-03-13,108965.09422437607,-0.0022137115406899873,0.05988724210248331,3,0.8035579797817498,0.1964420202182502,0.0,0.0
2024-03-14,108463.28727407879,-0.004605208244614449,0.0642166571260202,3,0.8056798120992835,0.19432018790071648,0.0,0.0
2024-03-15,107856.42784846884,-0.005595067611001477,0.06945242819864905,3,0.8046495627346999,0.19535043726530021,0.0,0.0
2024-03-18,108308.74644171527,0.004193710122514842,0.06554998142730406,3,0.8060514237387192,0.19394857626128092,0.0,0.0
2024-03-19,108293.38334515526,0.0008590136219548,0.06568252885618187,0,0.0,0.0,0.0,1.0
2024-03-20,108465.95715840039,0.0015935767072221,0.0641936222970163,0,0.0,0.0,0.0,1.0
2024-03-21,108465.95715840039,0.0,0.0641936222970163,0,0.0,0.0,0.0,1.0
2024-03-22,108545.62960268323,0.0007345387103023,0.06350623628724561,0,0.0,0.0,0.0,1.0
2024-03-25,108492.5699909773,-0.0004888231050863,0.06396401607671764,0,0.0,0.0,0.0,1.0
2024-03-26,108284.19307178518,-0.0009215777038278601,0.06576181932351255,3,0.7992589053785848,0.20074109462141515,0.0,0.0
2024-03-27,109227.09842091383,0.008707691514158285,0.05762676144543333,3,0.7990180698262475,0.20098193017375252,0.0,0.0
2024-03-28,109191.87692425385,-0.0003224611581664613,0.05793064021136274,3,0.7991231123722794,0.2008768876277206,0.0,0.0
2024-04-01,108631.2011879837,-0.005134775150527865,0.06276795455007911,3,0.8018502048861026,0.1981497951138975,0.0,0.0
2024-04-02,107958.7619469719,-0.006190111438132283,0.06856952535480276,3,0.8017146840372295,0.19828531596277052,0.0,0.0
2024-04-03,107930.35908406772,0.0007376477197513,0.06881457533128477,0,0.0,0.0,0.0,1.0
2024-04-04,108036.34917357193,0.0009820229489059,0.06790012987457339,0,0.0,0.0,0.0,1.0
2024-04-05,107864.07535148576,-0.0015945912963922,0.06938644821484374,0,0.0,0.0,0.0,1.0
2024-04-08,107758.04120499747,-0.0009830348625599,0.0703012737798192,0,0.0,0.0,0.0,1.0
2024-04-09,107864.07535148576,0.0009840021709988,0.06938644821484374,0,0.0,0.0,0.0,1.0
2024-04-10,107426.76572728595,-0.0040542657300384,0.07315940284575562,0,0.0,0.0,0.0,1.0
2024-04-11,107559.30014971181,0.0012337188179183,0.07201594215983576,0,0.0,0.0,0.0,1.0
2024-04-12,107625.52881106365,0.0006157409099878,0.07144454441160708,0,0.0,0.0,0.0,1.0
2024-04-15,107585.76738291129,-0.0003694423487773,0.07178759212008956,0,0.0,0.0,0.0,1.0
2024-04-16,107519.50567882137,-0.0006158965605003,0.07235927494951655,0,0.0,0.0,0.0,1.0
2024-04-17,107599.01752088006,0.0007395108595105,0.07167327455961747,0,0.0,0.0,0.0,1.0
2024-04-18,107546.00595475893,-0.0004926770461528,0.07213063982857215,0,0.0,0.0,0.0,1.0
2024-04-19,107572.53927343458,0.0002467159839185,0.07190171962642955,0,0.0,0.0,0.0,1.0
2024-04-22,107625.52881106366,0.0004925935372259,0.07144454441160697,0,0.0,0.0,0.0,1.0
2024-04-23,107718.30180533715,0.0008619980342801,0.0706441314341697,0,0.0,0.0,0.0,1.0
2024-04-24,107678.55139143081,-0.0003690219140121,0.0709870841155863,0,0.0,0.0,0.0,1.0
2024-04-25,107599.01752088006,-0.000738623147535,0.07167327455961747,0,0.0,0.0,0.0,1.0
2024-04-26,107625.52881106365,0.0002463897049844,0.07144454441160708,0,0.0,0.0,0.0,1.0
2024-04-29,107678.55139143081,0.0004926580241035,0.0709870841155863,0,0.0,0.0,0.0,1.0
2024-04-30,107546.00595475892,-0.0012309362910173,0.07213063982857226,0,0.0,0.0,0.0,1.0
2024-05-01,107545.91700799631,0.0010001731153197605,0.07213140723015987,1,0.5974541522070351,0.402545847792965,0.0,0.0
2024-05-02,108332.66888129416,0.007315497372525513,0.06534358697770315,1,0.5986628559249156,0.4013371440750843,0.0,0.0
2024-05-03,109576.5294785093,0.011481860551022823,0.05461199238026204,1,0.5992035471474804,0.40079645285251975,0.0,0.0
2024-05-06,110425.66790833914,0.007749272895126406,0.04728592271743681,1,0.6007361314467823,0.39926386855321766,0.0,0.0
2024-05-07,110767.72656840527,0.0030976372300510822,0.04433476012205251,1,0.59954187099117,0.40045812900883,0.0,0.0
2024-05-08,110619.83306890048,-0.0011349371577096252,0.04561073355817202,3,0.8009863515486398,0.1990136484513602,0.0,0.0
2024-05-09,111237.75633396165,0.005586007932919858,0.040279507544734194,3,0.8011263799609089,0.19887362003909118,0.0,0.0
2024-05-10,111228.07479685529,-8.70346312746417e-05,0.04036303646392192,3,0.8022282841314712,0.19777171586852874,0.0,0.0
2024-05-13,111296.20069727175,0.0006124883536902895,0.039775269999985374,3,0.8018448604596043,0.1981551395403957,0.0,0.0
2024-05-14,111830.13405914656,0.004797408703349294,0.03516867952311209,3,0.8016777820757154,0.19832221792428473,0.0,0.0
2024-05-15,111924.22354758755,0.0018432039805957,0.03435690829401283,0,0.0,0.0,0.0,1.0
2024-05-16,111841.87616886533,-0.000735742238026,0.03506737270343896,0,0.0,0.0,0.0,1.0
2024-05-17,111773.25524865957,-0.000613553013919,0.0356594100251455,0,0.0,0.0,0.0,1.0
2024-05-20,111745.80233162663,-0.0002456125749568,0.03589626420058467,0,0.0,0.0,0.0,1.0
2024-05-21,111800.69679331592,0.0004912440605722,0.03542265396659772,0,0.0,0.0,0.0,1.0
2024-05-22,111458.43894627385,-0.00206338461837418,0.0383755350776096,3,0.79934574625691,0.20065425374309004,0.0,0.0
2024-05-23,110663.80299228596,-0.007129437317625945,0.045231376423369274,3,0.7992051724608602,0.2007948275391398,0.0,0.0
2024-05-24,111314.82661992469,0.005882895852441508,0.039614572047689034,3,0.7997879598166915,0.20021204018330857,0.0,0.0
2024-05-28,111057.54237170205,-0.002311320567395048,0.041834330639941686,3,0.8022009564559465,0.1977990435440535,0.0,0.0
2024-05-29,110167.84998787101,-0.008011093752221633,0.049510285647345276,3,0.8030166711318915,0.19698332886810857,0.0,0.0
2024-05-30,109795.83025226448,-0.0033738383451864407,0.05271994193335916,3,0.7973833323991906,0.20261666760080937,0.0,0.0
2024-05-31,110744.29266782706,0.008638419267684421,0.04453693962786298,3,0.7977546820454379,0.20224531795456205,0.0,0.0
2024-06-03,111178.5838731131,0.00392156737673768,0.04079002686062971,3,0.7952862751183986,0.20471372488160147,0.0,0.0
2024-06-04,111543.29310499594,0.0032803910535421756,0.03764344304627487,3,0.7935720907558571,0.20642790924414287,0.0,0.0
2024-06-05,112764.28266336444,0.01094632876957638,0.02710917178030192,3,0.7943089764605992,0.20569102353940086,0.0,0.0
2024-06-06,112728.13916325405,-0.00031483335970686915,0.027421005269831045,3,0.8002370291150344,0.1997629708849656,0.0,0.0
2024-06-07,112205.34543020804,-0.004637650695971168,0.031931486921628394,3,0.802988125869802,0.1970118741301981,0.0,0.0
2024-06-10,112336.36306833598,0.0011676595052187864,0.030801112520629448,3,0.8045297586491774,0.19547024135082267,0.0,0.0
2024-06-11,112781.12670021426,0.003959213381402825,0.02696384731608037,3,0.8032870483199621,0.19671295168003797,0.0,0.0
2024-06-12,113691.89162065637,0.008075508261794847,0.01910608582605633,3,0.8033966022740866,0.19660339772591343,0.0,0.0
2024-06-13,114474.43001664251,0.00708781278420856,0.012354617983552862,1,0.5969767766705782,0.4030232233294217,0.0,0.0
2024-06-14,114904.23174824468,0.0037545653779598232,0.008646438826532044,1,0.5951055371579091,0.40489446284209085,0.0,0.0
2024-06-17,114986.52786305918,0.0007162148300578835,0.007936416704188987,1,0.5994127095842109,0.40058729041578905,0.0,0.0
2024-06-18,115584.26610168796,0.005198332793739441,0.0027793400456676,1,0.5978279409433549,0.402172059056645,0.0,0.0
2024-06-20,115086.95734014489,-0.004302564512591569,0.007069946268410399,1,0.5987801968399776,0.4012198031600225,0.0,0.0
2024-06-21,115014.14491434791,0.0003676945621777,0.007698146435743292,0,0.0,0.0,0.0,1.0
2024-06-24,115028.25581329173,0.0001226883784974,0.007576402530349413,0,0.0,0.0,0.0,1.0
2024-06-25,115042.32018000491,0.000122268799207,0.00745506008878194,0,0.0,0.0,0.0,1.0
2024-06-26,114929.64238349222,-0.0009794464883566,0.008427204744714034,0,0.0,0.0,0.0,1.0
2024-06-27,115014.14491434793,0.00073525444875,0.007698146435743181,0,0.0,0.0,0.0,1.0
2024-06-28,113772.7398719617,-0.0098033021653766,0.018408555364151313,1,0.6035558007734528,0.3964441992265473,0.0,0.0
2024-07-01,113135.6089913357,-0.005600031091305623,0.02390549797307162,1,0.6082038936495435,0.3917961063504564,0.0,0.0
2024-07-02,113943.78197928774,0.007143400695477971,0.01693286382844017,1,0.6079540411431165,0.3920459588568835,0.0,0.0
2024-07-03,114839.59556584092,0.007861890934215486,0.009204097222847873,1,0.6059036387014335,0.3940963612985665,0.0,0.0
2024-07-05,115615.52282506789,0.006756617832062135,0.002509667958209616,1,0.6053077390913832,0.3946922609086168,0.0,0.0
2024-07-08,115749.65711589566,0.00135513154113488,0.0013524041667511977,3,0.7998391198264558,0.20016088017354414,0.0,0.0
2024-07-09,115737.28000450517,-0.00010693000479561752,0.0014591895589627368,3,0.8007025003368039,0.19929749966319607,0.0,0.0
2024-07-10,116726.73315740115,0.008549130866540643,0.0,3,0.8017713200479702,0.19822867995202975,0.0,0.0
2024-07-11,116144.56679809146,-0.004987429559299583,0.004987429559299539,3,0.7988422529558388,0.20115774704416123,0.0,0.0
2024-07-12,116829.68233631233,0.005898816940889622,0.0,3,0.7991667331650465,0.20083326683495342,0.0,0.0
2024-07-15,116817.99295848086,-9.922167859464001e-05,0.00010005486275155295,3,0.8022797446165553,0.19772025538344476,0.0,0.0
2024-07-16,117699.61180036874,0.007546943921569011,0.0,3,0.8009923115950636,0.1990076884049363,0.0,0.0
2024-07-17,116382.72969282803,-0.011188500007751078,0.011188500007751068,3,0.7986978161136721,0.20130218388632795,0.0,0.0
2024-07-18,115489.27385477601,-0.007676876461053463,0.018779483736460434,3,0.7986912052983866,0.20130879470161347,0.0,0.0
2024-07-19,114739.94688544574,-0.006488281935797116,0.02514591908716668,3,0.7985688130087442,0.20143118699125584,0.0,0.0
2024-07-22,115619.45710282496,0.00766669076077954,0.01767342020695828,3,0.8020983524732469,0.19790164752675304,0.0,0.0
2024-07-23,115441.89251959797,-0.0015357673152632118,0.019182045261118774,3,0.8020720513984095,0.19792794860159055,0.0,0.0
2024-07-24,113096.55383237312,-0.020316183631749536,0.03910852293891087,3,0.8001511725196915,0.1998488274803085,0.0,0.0
2024-07-25,112810.2728225529,-0.00253129737484776,0.04154082501230927,3,0.7980021182864545,0.2019978817135454,0.0,0.0
2024-07-26,113996.30268853049,0.010513491690984372,0.03146407243992844,3,0.7985439008541861,0.20145609914581383,0.0,0.0
2024-07-29,114258.99884748143,0.0025034679591077603,0.029232152088343066,1,0.5988536081164286,0.4011463918835714,0.0,0.0
2024-07-30,114088.82733306098,-0.0014893489015041237,0.030677964116245682,1,0.5967081212186172,0.40329187878138284,0.0,0.0
2024-07-31,115666.05523836156,0.013824560582923142,0.017277512906808234,1,0.5981384508024101,0.4018615491975899,0.0,0.0
2024-08-01,115087.2248900166,-0.0050043234132270895,0.022195374057673467,1,0.5926339541664729,0.4073660458335271,0.0,0.0
2024-08-02,115278.29895289158,0.0016602543249919287,0.02057196969845554,1,0.5806360715400838,0.41936392845991627,0.0,0.0
2024-08-05,112689.69387969753,-0.02224078268553772,0.04256528839847473,3,0.7943683732093464,0.2056316267906536,0.0,0.0
2024-08-06,112996.66495370462,0.0027240385827544873,0.03995719930360375,3,0.7995141826207712,0.20048581737922883,0.0,0.0
2024-08-07,112233.33970650283,-0.006755290056697905,0.0464425668891526,3,0.7995716279621319,0.2004283720378681,0.0,0.0
2024-08-08,114169.47287119288,0.017250962768756314,0.029992783112686605,3,0.8041826399769579,0.19581736002304218,0.0,0.0
2024-08-09,114794.80894556813,0.005477261641391429,0.02467979979175694,3,0.8033287962212282,0.19667120377877165,0.0,0.0
2024-08-12,114926.15646393469,0.00114752650059178,0.023563844383260424,3,0.7995028733216257,0.20049712667837433,0.0,0.0
2024-08-13,116597.04667719737,0.014538815746326879,0.009367619028696872,3,0.8010055152483523,0.19899448475164772,0.0,0.0
2024-08-14,117037.17122006044,0.003774748635628446,0.005628230800216016,3,0.8005107843908161,0.1994892156091838,0.0,0.0
2024-08-15,118454.61459247234,0.012111052904267046,0.0,3,0.8044885582859159,0.19551144171408422,0.0,0.0
2024-08-16,118749.36214949524,0.0024882741633742316,0.0,3,0.8042909200055944,0.1957090799944055,0.0,0.0
2024-08-19,119766.84667920113,0.00857266450482398,0.0,3,0.8007841996271624,0.1992158003728376,0.0,0.0
2024-08-20,119801.01571133782,0.00028529624920504493,0.0,3,0.7992540518424879,0.2007459481575122,0.0,0.0
2024-08-21,120144.70975960528,0.0028688742430664277,0.0,3,0.7997065772241313,0.2002934227758688,0.0,0.0
2024-08-22,119151.7435640782,-0.008264751710781637,0.00826475171078167,3,0.8000421305564386,0.19995786944356148,0.0,0.0
2024-08-23,120320.60353181593,0.00980984358914672,0.0,3,0.8006881713550248,0.19931182864497513,0.0,0.0
2024-08-26,120029.93671415879,-0.00241508276975408,0.0024157692791183516,3,0.8000251694323385,0.19997483056766158,0.0,0.0
2024-08-27,120120.21532724102,0.0007521341388125055,0.0016654521228520736,3,0.8005216500075448,0.1994783499924552,0.0,0.0
2024-08-28,119532.62594640908,-0.004891677718285706,0.006548982986097518,3,0.7997865942425051,0.20021340575749497,0.0,0.0
2024-08-29,119462.90561082031,-0.0005832745247312255,0.0071284376558901075,3,0.8003249179846391,0.19967508201536094,0.0,0.0
2024-08-30,120121.2395503747,0.005510781243669558,0.0016569396727511565,3,0.803536763243202,0.19646323675679805,0.0,0.0
2024-09-03,118536.14690304793,-0.013192283208933401,0.014830848386628404,3,0.7940115127786757,0.20598848722132437,0.0,0.0
2024-09-04,118658.24956561194,0.0010300880006153083,0.013816037464975062,3,0.7915710072174338,0.2084289927825663,0.0,0.0
2024-09-05,118569.68171836222,-0.0007464112067551616,0.014552136226533507,3,0.7902356040760742,0.20976439592392584,0.0,0.0
2024-09-06,116990.22963181215,-0.013320876497768964,0.027679165514849946,3,0.7874249668999157,0.21257503310008433,0.0,0.0
2024-09-09,118129.06187905226,0.00973442184722779,0.018214184341122985,3,0.7885650437253613,0.2114349562746387,0.0,0.0
2024-09-10,118704.72794062369,0.00488468672558842,0.013429749716680539,3,0.7995788571008225,0.20042114289917756,0.0,0.0
2024-09-11,119659.54169966823,0.00804360344873652,0.005494169849080688,3,0.801336077716127,0.19866392228387295,0.0,0.0
2024-09-12,120356.16628435407,0.005821721985483366,0.0,3,0.8034086082255876,0.19659139177441246,0.0,0.0
2024-09-13,120924.99123010715,0.004726180330546312,0.0,3,0.8038057963538651,0.19619420364613493,0.0,0.0
2024-09-16,121285.91384149579,0.0029846817247383864,0.0,3,0.8025973716617569,0.1974026283382431,0.0,0.0
2024-09-17,121207.94489911538,-0.0006402567043599801,0.0006428524130370761,3,0.8008396410044334,0.19916035899556656,0.0,0.0
2024-09-18,120620.82447514287,-0.004843910392682382,0.005483648886234982,3,0.8023510068997964,0.19764899310020356,0.0,0.0
2024-09-19,122193.31946319331,0.013036679154638893,0.0,3,0.8055410497505444,0.19445895024945575,0.0,0.0
2024-09-20,121932.19945078726,-0.0021369418029821316,0.002136941802982184,3,0.8058706879246623,0.19412931207533765,0.0,0.0
2024-09-23,122127.47010050101,0.0016014690999859443,0.0005388949492621808,3,0.8065926603899571,0.19340733961004303,0.0,0.0
2024-09-24,122401.26405906833,0.0022484778701022602,0.0,3,0.8004891329473234,0.19951086705267657,0.0,0.0
2024-09-25,121982.18496394393,-0.003423813457695561,0.0034238134576957124,3,0.8014677580922291,0.19853224190777086,0.0,0.0
2024-09-26,122426.72484367211,0.003644301664702659,0.0,3,0.8017236073768782,0.19827639262312172,0.0,0.0
2024-09-27,122410.62156636167,-0.00013153400396033254,0.0001315340039603763,3,0.8006661902725702,0.1993338097274297,0.0,0.0
2024-09-30,122687.04168100069,0.0022581383143222963,0.0,3,0.8020636220020148,0.19793637799798525,0.0,0.0
2024-10-01,121984.66984539431,-0.005722854632552599,0.005724906444745992,3,0.7973965013924601,0.2026034986075399,0.0,0.0
2024-10-02,121817.43579149256,-0.001370943202237635,0.007088001125409749,3,0.7988281221351248,0.20117187786487525,0.0,0.0
2024-10-03,121408.69788221241,-0.003355331743969397,0.010419550274201828,3,0.8000523379335593,0.19994766206644057,0.0,0.0
2024-10-04,121992.74858540943,0.004810616647611662,0.0056590580885999,3,0.8034573638231899,0.1965426361768101,0.0,0.0
2024-10-07,120925.98077452107,-0.008744518205043034,0.014354090557163857,3,0.803217645472975,0.19678235452702492,0.0,0.0
2024-10-08,121669.05048933397,0.00634933893858616,0.008297463022326368,1,0.6018530957103021,0.39814690428969784,0.0,0.0
2024-10-09,121900.8683293576,0.0019053147788307973,0.00640795752241885,1,0.6048693548490659,0.39513064515093405,0.0,0.0
2024-10-10,121583.14908712918,-0.0026063739051472505,0.008997629894294423,1,0.6053887458795265,0.3946112541204735,0.0,0.0
2024-10-11,121830.13220687387,0.00203139268557448,0.006984514928274788,1,0.6077793167171568,0.39222068328284326,0.0,0.0
2024-10-14,122471.40735940666,0.005263682644978778,0.0017575965533075388,1,0.6095415787650763,0.39045842123492364,0.0,0.0
2024-10-15,121984.69369166059,-0.0037843627324773994,0.00572471207812042,3,0.7967995266773918,0.2032004733226082,0.0,0.0
2024-10-16,122511.606042937,0.004319495629576985,0.001429944317345555,3,0.7968207977450151,0.20317920225498484,0.0,0.0
2024-10-17,122125.6367834195,-0.0031504709797227307,0.004575910298993957,3,0.7994077535384293,0.2005922464615707,0.0,0.0
2024-10-18,122519.46088071556,0.003224745497085735,0.0013659209480398893,3,0.7999033150219118,0.20009668497808816,0.0,0.0
2024-10-21,121930.19780215196,-0.0048095467799788615,0.0061688982673214765,3,0.8024490662513685,0.19755093374863156,0.0,0.0
2024-10-22,122201.3320127117,0.0027776674268406003,0.00395893210590148,4,0.24917507958028878,0.24955079223579762,0.251996867416794,0.24927726076711978
2024-10-23,121450.95425891162,-0.006140503883558623,0.010075126151488978,4,0.248423695795637,0.25041263646832435,0.25049835119040736,0.2506653165456313
2024-10-24,121959.93455911688,0.004190829979978727,0.005926519312238088,4,0.24792198830883475,0.2509655412785108,0.2513720424801104,0.24974042793254397
2024-10-25,121829.70082196678,-0.001067840333146195,0.006988031069027567,4,0.2481013407957999,0.24982390340513919,0.25215837435027577,0.24991638144878517
2024-10-28,121826.98737639468,-2.227244714365425e-05,0.007010147875618711,4,0.24887381825781069,0.2491515755681513,0.25217393955669576,0.24980066661734232
2024-10-29,122208.6540975969,0.00343587071977042,0.003899251109564239,2,0.3992754928760362,0.3992378176540934,0.20148668946987036,0.0
2024-10-30,122339.76418036781,0.00107283795684558,0.0028305964173122034,2,0.39764103933738904,0.3999800271999286,0.20237893346268232,0.0
2024-10-31,121081.9840688073,-0.010281040837271301,0.013082535777223403,2,0.3938956201284598,0.4047916372447979,0.2013127426267423,0.0
2024-11-01,120492.29315782475,-0.00487017879263901,0.017889000281566148,2,0.39749395821884803,0.40103797418335674,0.20146806759779526,0.0
2024-11-04,121173.7749472328,0.005655812264402907,0.012334364844353685,2,0.3944070632575018,0.40497226577727863,0.20062067096521952,0.0
2024-11-05,121725.45193356638,0.004853607837091125,0.007837744999464102,4,0.25180083852767465,0.2501139738601837,0.2493533486067561,0.24873183900538565
2024-11-06,120694.54861983027,-0.008469085941851723,0.016240452405325012,4,0.26026617796605034,0.2453416184154381,0.24384142999922095,0.25055077361929057
2024-11-07,121833.1789358187,0.009433982967821858,0.006959681588884714,4,0.2598273926296474,0.24609355445445968,0.24544601417152753,0.24863303874436543
2024-11-08,122126.54958321454,0.0024079700616724937,0.004568470232117039,4,0.2603260599034893,0.24862045868724786,0.24319886992114909,0.24785461148811372
2024-11-11,121289.85939883537,-0.0068510097700668895,0.01138818136798947,4,0.26237160420760486,0.2491176410816875,0.23912888823811382,0.24938186647259386
2024-11-12,119871.90843431337,-0.01134369575264172,0.022945644528677756,5,0.2016663957702693,0.5977849119164341,0.20054869231329664,0.0
2024-11-13,118961.55885653695,-0.007594352919435343,0.03036574012559845,5,0.2033083543773558,0.5966455089018571,0.2000461367207871,0.0
2024-11-14,119154.94732481967,0.0016256383166257798,0.028789465519633572,5,0.2016732131865582,0.5991264265659346,0.1992003602475072,0.0
2024-11-15,118615.39789729174,-0.004528132819001671,0.03318723581497429,5,0.1999956606205015,0.6002524730217039,0.19975186635779452,0.0
2024-11-18,119289.72137901431,0.005684957380545781,0.027690946455614762,5,0.19967995275747819,0.5979194897330368,0.20240055750948502,0.0
2024-11-19,119688.28131567416,0.003943796377301641,0.0244423561301903,3,0.7997701639625202,0.2002298360374799,0.0,0.0
2024-11-20,119644.09984887447,-0.00036913778286415416,0.02480247131590463,3,0.8003366671737256,0.19966333282627435,0.0,0.0
2024-11-21,120139.63235232781,0.004141721188752882,0.02076347504813436,3,0.8013141675400033,0.19868583245999674,0.0,0.0
2024-11-22,120451.234719131,0.002593668389872861,0.018223660227157712,3,0.8017184485043287,0.1982815514956712,0.0,0.0
2024-11-25,121397.09586617268,0.007852647996903106,0.010514116219233705,3,0.7981702119988453,0.2018297880011547,0.0,0.0
2024-11-26,121460.7874374313,0.0009231926179740604,0.009994977682792117,2,0.40171768946753933,0.39807947446113273,0.2002028360713278,0.0
2024-11-27,121702.00558111872,0.001985975463988156,0.008028851999245079,2,0.3997066833510067,0.40004317863905514,0.2002501380099383,0.0
2024-11-29,122716.89280661609,0.00833911668629736,0.0,2,0.398863511782435,0.4008296655724465,0.20030682264511868,0.0
2024-12-02,122707.61737940156,-7.558394775473217e-05,7.558394775475374e-05,2,0.39960865100568826,0.4018230845030637,0.19856826449124815,0.0
2024-12-03,122353.9257353722,-0.0028823935431471007,0.002957759628218981,2,0.40094970120489215,0.39950719909192184,0.19954309970318596,0.0
2024-12-04,122961.95255257664,0.00527145070411695,0.0,4,0.2502332594173734,0.2513614771546818,0.24944349088614426,0.24896177254180055
2024-12-05,122746.8470877629,-0.0017493660465562719,0.0017493660465561778,4,0.2502592870208884,0.2523105726238926,0.24803207931335494,0.24939806104186418
2024-12-06,122892.17527129488,0.001183966732995288,0.0005674705047638007,4,0.25043716718047637,0.2523865375251124,0.24783056911297136,0.24934572618143974
2024-12-09,122738.74332152166,-0.0012485086982511862,0.001815270711153838,4,0.2494589236158306,0.25037289976363436,0.25060186544825774,0.2495663111722772
2024-12-10,122900.15282171269,0.0013150656086498705,0.0005025923025866463,4,0.2483567525530564,0.24886764851561474,0.2535674089437257,0.2492081899876032
2024-12-11,123132.2101206585,0.0018917516221299748,0.0,4,0.2514569651304433,0.2471688147587917,0.25190690778486935,0.2494673123258957
2024-12-12,122133.18206114868,-0.008113458359359197,0.008113458359359171,4,0.25220757351606893,0.24616361242968676,0.25024335378626866,0.2513854602679757
2024-12-13,121435.57620546268,-0.005711845412630906,0.013778960952079644,4,0.2536060912850188,0.24504975775511748,0.24863769674123526,0.2527064542186284
2024-12-16,121732.86777593923,0.0024481422970608745,0.011364551512135224,4,0.25406698521677196,0.2451834629242883,0.24862952848910788,0.25212002336983197
2024-12-17,121565.60865266313,-0.0013739849091862935,0.012722921699044099,4,0.25336832969048045,0.2461181459465371,0.24801590314183458,0.252497621221148
2024-12-18,119006.12113171813,-0.02076009695137708,0.0335094203612295,2,0.3963059658112488,0.4033723522170995,0.20032168197165184,0.0
2024-12-19,118298.67451916456,-0.005944623737215587,0.039254843202745415,2,0.3985535322379091,0.399640448449799,0.20180601931229186,0.0
2024-12-20,119383.26899622568,0.009168272438127893,0.030446469861616143,2,0.3996762231677218,0.39826463537088747,0.20205914146139076,0.0
2024-12-23,119119.29172775676,-0.002211174737368541,0.032590322133984606,2,0.40296054180304713,0.3954861021978529,0.2015533559990999,0.0
2024-12-24,119899.86482543474,0.0065528688624336565,0.02625101337867941,2,0.40478697210593245,0.3945729429360126,0.200640084958055,0.0
2024-12-26,119845.22678124013,-6.0508181751840036e-05,0.026694748158888948,3,0.8001016861340652,0.19989831386593485,0.0,0.0
2024-12-27,118639.43818936737,-0.010061214987508317,0.0364873815461334,3,0.799725559145064,0.20027444085493595,0.0,0.0
2024-12-30,117747.6753139307,-0.007516580397264568,0.04372970160652079,3,0.7965871163993707,0.2034128836006293,0.0,0.0
2024-12-31,117278.22294849173,-0.003986935318997522,0.047542289433693985,3,0.7968660780131407,0.20313392198685934,0.0,0.0
2025-01-02,117114.07173876354,-0.0013996734056952518,0.048875419161222955,3,0.7960222502173656,0.20397774978263447,0.0,0.0
2025-01-03,118210.16798858231,0.00936323403224522,0.03997363587685987,3,0.8024889181101362,0.19751108188986366,0.0,0.0
2025-01-06,118652.32034795794,0.0037403919383512574,0.03638276100388904,3,0.8041040836842306,0.19589591631576947,0.0,0.0
2025-01-07,117311.68693450541,-0.011298838569030946,0.047270516629641435,3,0.8040998489756341,0.19590015102436587,0.0,0.0
2025-01-08,117478.93436615121,0.001425667263135979,0.045912241394575726,3,0.8041282288238666,0.19587177117613344,0.0,0.0
2025-01-10,115884.18581521932,-0.01357476180335004,0.05886375545713651,3,0.8027483769944348,0.19725162300556517,0.0,0.0
2025-01-13,115662.54495089801,-0.0015104666101295801,0.060663778896203446,2,0.40122627278378575,0.4004644387786916,0.19830928843752274,0.0
2025-01-14,115770.89207009996,0.0009367519904385575,0.059783853821393396,2,0.40140228289613206,0.39943398630798793,0.19916373079587985,0.0
2025-01-15,117585.89121842298,0.01567750853318152,0.04504360716664335,2,0.40239524708022784,0.40004670419423605,0.197558048725536,0.0
2025-01-16,117807.24041427362,0.001882446895261244,0.04324595246984442,2,0.40086674759243146,0.40058364583940775,0.1985496065681608,0.0
2025-01-17,118238.55858875373,0.003661219573290723,0.03974306582420173,2,0.4034143794761006,0.3998102082669046,0.19677541225699488,0.0
2025-01-21,119431.57828548097,0.0102954463790681,0.03005413312691496,5,0.1997739755797703,0.5991986471998677,0.20102737722036182,0.0
2025-01-22,119314.78346182857,-0.00097792246681374,0.031002664981723327,5,0.2010936459544997,0.5966487778047002,0.20225757624080007,0.0
2025-01-23,118858.41845558831,-0.0038248823238761632,0.03470896576031779,5,0.20296753319043265,0.5942855757360971,0.20274689107347021,0.0
2025-01-24,119255.10373388173,0.003337460513506945,0.03148734504950057,5,0.20170184517870812,0.5949690434055657,0.20332911141572638,0.0
2025-01-27,119500.47093647717,0.0020574985465022645,0.029494631669670812,5,0.1984404095823202,0.6007592252710252,0.20080036514665453,0.0
2025-01-28,120061.37312882589,0.004896270178562561,0.02493934762336736,2,0.40147125617386803,0.3977803785039397,0.20074836532219228,0.0
2025-01-29,119655.25008197183,-0.003382628702890857,0.02823761577315609,2,0.40102804391768027,0.3983158014681853,0.2006561546141345,0.0
2025-01-30,120455.1495694776,0.006685034605316437,0.02174135060645488,2,0.4005030178865711,0.3971544527387851,0.20234252937464395,0.0
2025-01-31,119932.47219044314,-0.004339186667424155,0.025986197495195706,2,0.4001077185150297,0.39626627124704844,0.2036260102379219,0.0
2025-02-03,120126.84330076455,0.001620671255844503,0.024407641322680473,2,0.396772094133135,0.3988463237015494,0.20438158216531557,0.0
2025-02-04,120832.4271868308,0.005878064437488501,0.01867734633833118,2,0.40033022261059187,0.39888034718346804,0.20078943020594,0.0
2025-02-05,121974.97047006295,0.009455601528764809,0.009398350354156482,2,0.39818822137565457,0.40166801758873943,0.2001437610356059,0.0
2025-02-06,122057.27598581435,0.0006747738116616299,0.00872991830318659,2,0.39930273695107427,0.4012185372951922,0.1994787257537335,0.0
2025-02-07,121338.46627851322,-0.005889118051304685,0.014567624835025494,2,0.39799153327479825,0.4009900176576036,0.20101844906759805,0.0
2025-02-10,121932.42179522091,0.004895030693270484,0.009743903112450436,2,0.398742526136457,0.39782991038969145,0.20342756347385146,0.0
2025-02-11,121368.80639192373,-0.00442108252437546,0.014321222099455522,5,0.2010409061324117,0.5988045143972228,0.20015457947036547,0.0
2025-02-12,120329.43942543384,-0.008563707573538831,0.022762286914838947,5,0.20212418829640888,0.5957809581451714,0.20209485355841963,0.0
2025-02-13,122017.72976682818,0.014030567660381493,0.00905108706112101,5,0.20143191064370097,0.5973038597832876,0.2012642295730114,0.0
2025-02-14,122037.57951171303,0.0001626791854165748,0.00888988029917459,5,0.20138924299407626,0.600371932765859,0.19823882424006475,0.0
2025-02-18,121647.44094211959,-0.0031968723990957733,0.012058332885310663,5,0.2026282779517922,0.5952035776162816,0.20216814443192618,0.0
2025-02-19,121812.20498483109,0.0015521171026489603,0.010720226125511267,2,0.4003205825031954,0.3998787123126974,0.1998007051841071,0.0
2025-02-20,121804.14633604542,-6.615633291155399e-05,0.01078567324757429,2,0.3986815260077501,0.40140127948845183,0.19991719450379808,0.0
2025-02-21,121541.97020581093,-0.0021524401107920876,0.012914897842646433,2,0.3927077952995854,0.40712860229853537,0.2001636024018794,0.0
2025-02-24,121600.42426722878,0.00048093725417547615,0.012440171843977388,2,0.39073285679745673,0.40811348117548263,0.20115366202706061,0.0
2025-02-25,121897.44721812432,0.00244261442906473,0.010027943958158758,2,0.387842281252403,0.41414061786723844,0.19801710088035848,0.0
2025-02-26,122040.37516949246,0.0015853373342620402,0.008867175778751513,3,0.7991370198723694,0.20086298012763068,0.0,0.0
2025-02-27,120310.36278509928,-0.014175738004660328,0.02291721502273103,3,0.7976889294506033,0.2023110705493967,0.0,0.0
2025-02-28,122106.60725408283,0.014930089373864235,0.008329281717356252,3,0.7982199321814092,0.20178006781859079,0.0,0.0
2025-03-03,120513.9534297105,-0.013043142055845437,0.021263783768539102,3,0.7945992071328883,0.2054007928671116,0.0,0.0
2025-03-04,119075.61268179807,-0.011935055709141117,0.03294505503381562,3,0.7946781694345173,0.20532183056548264,0.0,0.0
2025-03-05,119908.66663175759,0.007001367183308639,0.026179530812791674,3,0.802976339496608,0.19702366050339212,0.0,0.0
2025-03-06,118121.36755847685,-0.014905503692819582,0.04069481541240494,3,0.8006566863506343,0.1993433136493657,0.0,0.0
2025-03-07,118575.92465179607,0.0038482207132778156,0.03700319733072022,3,0.8020578672558373,0.1979421327441628,0.0,0.0
2025-03-10,116287.6023912846,-0.019298371631772938,0.05558746750884114,3,0.7960572543216125,0.2039427456783875,0.0,0.0
2025-03-11,115348.7568289806,-0.008073479399334258,0.06321216263438156,3,0.7958651183661001,0.20413488163389998,0.0,0.0
2025-03-12,115700.15230597649,0.0030505216968273806,0.06035835633421405,3,0.8017992842505459,0.19820071574945405,0.0,0.0
2025-03-13,114665.1008582542,-0.008945981721657848,0.06876437330335661,3,0.7982520087570051,0.20174799124299492,0.0,0.0
2025-03-14,116433.27705781464,0.01542035184485825,0.05440439228922722,3,0.8023678330278925,0.1976321669721075,0.0,0.0
2025-03-17,117268.51867471593,0.00717356444830251,0.047621101255282294,3,0.8027961630989376,0.19720383690106227,0.0,0.0
2025-03-18,116273.95458210882,-0.008481083447177034,0.05569830616886684,3,0.8009118375370485,0.1990881624629515,0.0,0.0
2025-03-19,117407.39583044204,0.009748944284001321,0.04649323101247571,3,0.8009047014844504,0.1990952985155497,0.0,0.0
2025-03-20,117150.8696020146,-0.0021849239276024576,0.04857657076716748,3,0.800337402548972,0.19966259745102805,0.0,0.0
2025-03-21,117043.35597189984,-0.0009177365091698042,0.04944972678385395,3,0.8013368434964749,0.1986631565035251,0.0,0.0
2025-03-24,118484.58687460005,0.012313649849942961,0.03774498355470279,3,0.8057655714920837,0.19423442850791636,0.0,0.0
2025-03-25,118711.54131164728,0.0019154764601358152,0.03590180672205401,3,0.8061584844776204,0.19384151552237966,0.0,0.0
2025-03-26,117420.96840366174,-0.010865411686759701,0.04638300337011947,3,0.7991321460532764,0.20086785394672357,0.0,0.0
2025-03-27,117102.99167907442,-0.002708006320423156,0.048965404224256215,3,0.7991739430074285,0.20082605699257147,0.0,0.0
2025-03-28,115543.69540331748,-0.013315597265270953,0.06162899788694576,3,0.7936479891513157,0.20635201084868432,0.0,0.0
2025-03-31,116394.6780396389,0.007365028730913878,0.05471786849612659,3,0.7931341341833495,0.20686586581665045,0.0,0.0
2025-04-01,116864.06317581754,0.004032702732497712,0.05090582666142951,3,0.7921796710091292,0.20782032899087077,0.0,0.0
2025-04-02,116662.25882387385,-0.0007275574010638,0.05254475080439702,0,0.0,0.0,0.0,1.0
2025-04-03,117101.08118088657,0.003761476602945,0.04898092005221033,0,0.0,0.0,0.0,1.0
2025-04-04,117030.3183341678,-0.0006042885855978,0.04955561002690856,0,0.0,0.0,0.0,1.0
2025-04-07,117044.46185889142,0.0001208535097994,0.04944074548651112,0,0.0,0.0,0.0,1.0
2025-04-08,116973.69901217264,-0.0006045809053664,0.050015435461209345,0,0.0,0.0,0.0,1.0
2025-04-09,126812.05921019004,0.08519264826522052,0.0,3,0.8146161917008563,0.1853838082991436,0.0,0.0
2025-04-10,121637.30415038638,-0.04080649026624936,0.040806490266249384,3,0.8120576983884462,0.1879423016115538,0.0,0.0
2025-04-11,123524.0995165971,0.015511650635383926,0.025927815651531794,3,0.8139218856933204,0.18607811430667964,0.0,0.0
2025-04-14,124663.47694301096,0.00922392821216865,0.016943043749631292,3,0.8143069504338316,0.18569304956616844,0.0,0.0
2025-04-15,124461.14958469816,-0.001622988250241861,0.018538533638944088,3,0.8133462037962665,0.18665379620373343,0.0,0.0
2025-04-16,124390.88474623054,-0.00015126870457350062,0.019092620047644004,2,0.39116798616890386,0.4022926088295779,0.20653940500151818,0.0
2025-04-17,123905.51646307413,-0.003901960213134616,0.02292008161698833,2,0.3932605592840802,0.40030137352238493,0.2064380671935349,0.0
2025-04-21,122669.98415895419,-0.009971568170559717,0.03266310063122935,2,0.387766533794038,0.39726554933825375,0.21496791686770825,0.0
2025-04-22,123805.24593599467,0.009254601154667358,0.023710783445378802,2,0.39420716690854424,0.39581974668877884,0.2099730864026769,0.0
2025-04-23,124414.14330491396,0.0049181871439766675,0.018909210371716667,2,0.39835631213887174,0.3977084601754911,0.2039352276856371,0.0
2025-04-24,126061.0698675692,0.01344246534889512,0.00592206567181508,5,0.2015011341823614,0.5982790582395282,0.2002198075781104,0.0
2025-04-25,126526.52846915078,0.003692326283368547,0.002251605587178407,5,0.2022104157736139,0.6004690673978159,0.1973205168285702,0.0
2025-04-28,127370.49370062101,0.006670263079856769,0.0,5,0.20094716536857138,0.6002481382178435,0.19880469641358506,0.0
2025-04-29,127926.14712867366,0.004362497246486981,0.0,5,0.20133468767821897,0.6026518681397106,0.19601344418207023,0.0
2025-04-30,127124.83110040193,-0.00626389558551881,0.006263895585518764,5,0.20268417584657855,0.6015426934329257,0.19577313072049587,0.0
2025-05-01,126418.70000054684,-0.005204914690746524,0.011783729612450222,4,0.2530890237957349,0.2500337741200926,0.2460877940890262,0.25078940799514626
2025-05-02,126544.53794441833,0.0009954060900083767,0.010800053118661057,4,0.2565905280893976,0.24708136184945592,0.24627286324142433,0.25005524681972213
2025-05-05,127110.67467217252,0.004473814017977149,0.006374556529721076,4,0.25398285474483673,0.24460693500676983,0.25249884784385673,0.24891136240453665
2025-05-06,127870.47716347779,0.005977487675719259,0.0004351726870964745,4,0.2503634664567355,0.2439618429522915,0.25803249022223684,0.24764220036873608
2025-05-07,127653.79088446265,-0.0016945762917433401,0.0021290115455213643,4,0.2518431164424554,0.24540895999308007,0.25459522443893684,0.24815269912552787
2025-05-08,127554.03245277588,-0.00027886872990981996,0.0029088242259300845,1,0.604349257832079,0.39565074216792095,0.0,0.0
2025-05-09,127531.29099066091,-0.00017828885279164508,0.0030865944677875845,1,0.6036868138182052,0.3963131861817949,0.0,0.0
2025-05-12,129605.27936314387,0.01626258431458073,0.0,1,0.6136574550828735,0.3863425449171264,0.0,0.0
2025-05-13,129927.27628442651,0.0024844429398622457,0.0,1,0.6161790367011879,0.38382096329881227,0.0,0.0
2025-05-14,129698.6540477934,-0.0017596169424242381,0.0017596169424242136,1,0.6180541029876048,0.38194589701239523,0.0,0.0
2025-05-15,130532.42361996676,0.00644668417478252,0.0,1,0.5990685655483469,0.4009314344516532,0.0,0.0
2025-05-16,131167.59159818923,0.0048659785868352045,0.0,1,0.5999438414674443,0.4000561585325557,0.0,0.0
2025-05-19,131101.67676994612,-0.0005025237365418917,0.0005025237365418045,1,0.6009021018876429,0.3990978981123571,0.0,0.0
2025-05-20,130459.80058411305,-0.004896018126140469,0.005396081497359373,1,0.601828276513988,0.39817172348601204,0.0,0.0
2025-05-21,128249.02946791858,-0.016945994906446955,0.02225063443423736,1,0.601886570181806,0.39811342981819403,0.0,0.0
2025-05-22,128383.45671318244,0.00145064315131662,0.021225783374414164,5,0.19978909769312775,0.6022703421023925,0.19794056020447978,0.0
2025-05-23,128893.29024974896,0.003971177826326176,0.01733889690837076,5,0.19764054355504374,0.6008828527340221,0.2014766037109342,0.0
2025-05-27,130063.7010385775,0.009080463277496476,0.008415878847522928,5,0.19993410987877283,0.603786452327324,0.19627943779390317,0.0
2025-05-28,129516.46146181363,-0.004207473510242239,0.012587942770448834,5,0.19961726415253908,0.603720620124735,0.1966621157227258,0.0
2025-05-29,130493.0856001383,0.007540540617785728,0.0051423220464180686,5,0.1989053877080789,0.6047478899246702,0.1963467223672508,0.0
2025-05-30,130409.77272883679,-0.00063370175312684,0.005777485582520225,5,0.19990301964320406,0.6012863821974938,0.1988105981593022,0.0
2025-06-02,130516.00844542302,0.0008146300262874289,0.004967562069464804,5,0.20086540551827176,0.5952055283625793,0.20392906611914896,0.0
2025-06-03,130292.9838860082,-0.0017087908377775125,0.006667864382691846,5,0.20235663716423175,0.5951742235954944,0.2024691392402738,0.0
2025-06-04,131714.70737019967,0.010911742457562656,0.0,5,0.2001186794121264,0.5983074030761512,0.20157391751172246,0.0
2025-06-05,131507.9727762253,-0.0015695634762588472,0.0015695634762586952,5,0.19946460628735155,0.5996641198621552,0.2008712738504933,0.0
2025-06-06,130421.09839971285,-0.00826383922570296,0.00982129479930427,5,0.20373745980684985,0.5973015734914977,0.19896096670165245,0.0
2025-06-09,130649.62734800298,0.0017522391016040095,0.008086264954475841,5,0.20356438040143957,0.5968855081429504,0.1995501114556101,0.0
2025-06-10,131209.6638324756,0.004286552482701492,0.00383437467089065,5,0.2038447837690723,0.5973985156531448,0.1987567005777829,0.0
2025-06-11,131511.84431140326,0.002303035234610888,0.001540170136249408,5,0.20279633471283254,0.5978303993056904,0.1993732659814772,0.0
2025-06-12,132883.5821687584,0.010430527109840012,0.0,5,0.20150054628284544,0.5987335950525031,0.19976585866465152,0.0
2025-06-13,132099.02781365244,-0.00570647336364644,0.005904072890732359,2,0.39779795853413613,0.3984190463701365,0.2037829950957275,0.0
2025-06-16,131684.7648125282,-0.0031360034057828566,0.009021561103821907,2,0.40284607200838224,0.39564476086120265,0.20150916713041514,0.0
2025-06-17,131879.09940152275,0.0014757560547812407,0.007559118672463172,2,0.3988151294338854,0.3998693826661901,0.20131548789992443,0.0
2025-06-18,131819.62019641287,-0.0004510131277798154,0.008006722538487443,2,0.39893494767174364,0.400743426986424,0.20032162534183223,0.0
2025-06-20,131587.5212170908,-0.001760731664802505,0.009753356513385159,2,0.3987000630442018,0.4007090635068102,0.20059087344898796,0.0
2025-06-23,132358.26397040836,0.005858570811346921,0.003953221231520643,2,0.4015982027870971,0.39895762055311274,0.19944417665979014,0.0
2025-06-24,132913.9118037686,0.004198059242333941,0.0,2,0.4043373009033403,0.4001743327326965,0.1954883663639631,0.0
2025-06-25,133089.89260068224,0.001324020898380163,0.0,2,0.40402894246449694,0.40014820676586094,0.195822850769642,0.0
2025-06-26,133749.51287009197,0.004956201079738179,0.0,2,0.40518182543426495,0.400176790775846,0.19464138378988902,0.0
2025-06-27,133206.1460587831,-0.004062570394829116,0.004062570394829157,2,0.4088559052267537,0.39925075848718233,0.19189333628606392,0.0
2025-06-30,134303.3364227446,0.00824571376480558,0.0,2,0.39862555961103163,0.40063278912646677,0.20074165126250174,0.0
2025-07-01,134659.98711135492,0.0026555608975168633,0.0,2,0.397441089866393,0.40056245286965214,0.20199645726395496,0.0
2025-07-02,134710.25343989173,0.0003732833309664066,0.0,2,0.3990938208078874,0.39786895744750783,0.2030372217446048,0.0
2025-07-03,134574.05301347942,-0.0010110620604916961,0.0010110620604918408,2,0.4026463393819444,0.3954976548999829,0.20185600571807277,0.0
2025-07-07,133682.66687384018,-0.006623759333085964,0.007628124361818256,2,0.40231063901673664,0.39433524066203607,0.20335412032122732,0.0
2025-07-08,133305.11503377656,-0.0028185904964501602,0.01043082000244444,2,0.4009109095616085,0.4006183651118955,0.198470725326496,0.0
2025-07-09,134302.5819447982,0.007482585426439953,0.0030262840777404154,2,0.4003196087340739,0.40180288258854674,0.19787750867737938,0.0
2025-07-10,134550.6097031115,0.0018467832466186834,0.0011850897218560474,2,0.40070859150973026,0.4013390412409253,0.19795236724934454,0.0
2025-07-11,133871.88559680918,-0.005044377783199491,0.006223489464791454,2,0.40132436885762474,0.3978093640189156,0.20086626712345976,0.0
2025-07-14,133764.37718456102,-0.0008030693806163855,0.007021560951578021,2,0.40241329572516726,0.3972938180339157,0.200292886240917,0.0
2025-07-15,133049.21033780207,-0.0053437754165647795,0.012330487544000013,2,0.40043056547459804,0.39933054389124445,0.20023889063415745,0.0
2025-07-16,133435.20904773264,0.002901172498134812,0.009465087917216453,2,0.40060704446694617,0.39873739047135565,0.20065556506169807,0.0
2025-07-17,133691.6408796995,0.0019217703767760057,0.007561507266013345,2,0.4022855536549383,0.39787905060010154,0.19983539574496015,0.0
2025-07-18,133802.99160218242,0.000832892181966026,0.006734913004332932,2,0.401656370073965,0.3981552128023163,0.20018841712371874,0.0
2025-07-21,134791.58061000795,0.007388392411768877,0.0,2,0.3994665525406073,0.3987589007142397,0.20177454674515313,0.0
2025-07-22,135380.76553718283,0.00437286338234596,0.0,2,0.3983154598282193,0.4006665877679491,0.20101795240383152,0.0
2025-07-23,135201.11766324425,-0.0013269822579725697,0.0013269822579725643,2,0.4022379211883125,0.3989731971249143,0.19878888168677328,0.0
2025-07-24,134960.6313065346,-0.0017787305376322973,0.0031033524517397604,2,0.40308805890675115,0.39898725015280967,0.19792469094043916,0.0
2025-07-25,135281.90903318784,0.002380529222062615,0.0007302108508747684,2,0.40382951122061267,0.40054229839881167,0.19562819038057586,0.0
2025-07-28,134745.79049883308,-0.003962972863010329,0.0046902899080988325,2,0.40533445157919457,0.399530465239593,0.19513508318121242,0.0
2025-07-29,135587.13348857712,0.006249295606811801,0.0,2,0.3964672554913574,0.40422817983380577,0.1993045646748368,0.0
2025-07-30,134770.21333768507,-0.00602505658076219,0.006025056580762356,2,0.39836822474793926,0.40458266539887355,0.19704910985318716,0.0
2025-07-31,134776.68650994083,4.8031179111842445e-05,0.005977314792222299,2,0.3968548188838118,0.4047961277377436,0.1983490533784447,0.0
2025-08-01,135218.27797392814,0.003276467729118118,0.0027204315421275327,2,0.38907533303773223,0.40921010056389967,0.201714566398368,0.0
2025-08-04,136327.99123235687,0.008206828803445641,0.0,2,0.39177400337142376,0.40698832320008405,0.2012376734284922,0.0
2025-08-05,136239.5255938146,-0.0006406969152520802,0.0006489176415098719,2,0.39822713324915726,0.40148372387351544,0.20028914287732727,0.0
2025-08-06,136281.3991492059,0.0003073524750532237,0.00034176461289991966,2,0.40115416157947836,0.39904294016162084,0.19980289825890082,0.0
2025-08-07,136372.4792674281,0.000668323915008227,0.0,2,0.40055044279893964,0.398095294454375,0.20135426274668528,0.0
2025-08-08,136556.963877315,0.0013527994128868864,0.0,2,0.4031284049696646,0.39583431415676845,0.201037280873567,0.0
2025-08-11,136115.40380114503,-0.0032335229462678887,0.003233522946267775,2,0.4036364246907616,0.39757335250877324,0.19879022280046504,0.0
2025-08-12,136395.71547668247,0.0020630116963015594,0.0011808141895817137,2,0.40342615824190964,0.39716671429553785,0.19940712746255254,0.0
2025-08-13,137115.57322239544,0.00527771523612138,0.0,2,0.402681860330183,0.39835304455445214,0.19896509511536492,0.0
2025-08-14,136542.80667240015,-0.0041772538051988205,0.004177253805198955,2,0.40440863270774025,0.3970581298435565,0.19853323744870324,0.0
2025-08-15,136043.14351593505,-0.0036593883533089576,0.007821355964584331,2,0.40494367823533356,0.39567717417973536,0.19937914758493105,0.0
2025-08-18,135833.0490906725,-0.0015443220424994242,0.009353599314665395,2,0.4054817112564264,0.39514252496340924,0.19937576378016436,0.0
2025-08-19,135704.1960936236,-0.0009431364650162603,0.010293339374971122,2,0.3982055217368596,0.402701362175013,0.1990931160881273,0.0
2025-08-20,135953.91821743216,0.0018401945628583813,0.008472086559264347,2,0.39641797129323647,0.40284305596584846,0.20073897274091498,0.0
2025-08-21,135371.81182752372,-0.004281644821574623,0.012717456915294467,2,0.39652539870888603,0.4025719780545561,0.20090262323655794,0.0
2025-08-22,136890.97541702655,0.011222155993881449,0.0016380182067620153,2,0.39814674665630834,0.4010530915872663,0.20080016175642545,0.0
2025-08-25,136427.0377378677,-0.0033891034653344278,0.005021570258915475,2,0.3977424090415954,0.40126113103552696,0.20099645992287768,0.0
2025-08-26,136785.7937504704,0.002929534266281,0.002405120470088118,4,0.2503134644321679,0.24912616544433944,0.2510799644514856,0.24948040567200713
2025-08-27,136918.5659631438,0.0009706579099554284,0.0014367971093415255,4,0.25064050564487345,0.24859768160876275,0.25134285889366126,0.2494189538527026
2025-08-28,137506.96259249205,0.004297420333095175,0.0,4,0.25045183212505306,0.24916225011071594,0.2521240979017976,0.24826181986243348
2025-08-29,137421.4087962974,-0.0006221779216242876,0.0006221779216243339,4,0.24911319662623535,0.24754508148085513,0.25471554907300686,0.24862617281990276
2025-09-02,137724.79655393615,0.0022077182900117147,0.0,4,0.24672251109261487,0.24516171753988428,0.2601633092535378,0.24795246211396316
2025-09-03,138582.6049071043,0.0062386501694141,0.0,4,0.24979649360361272,0.25117733655747027,0.2503958658382695,0.24863030400064762
2025-09-04,139008.9567256502,0.0030765175674946532,0.0,4,0.25111159796025573,0.25231607171552506,0.2485248049706237,0.24804752535359556
2025-09-05,139953.66949786677,0.006796056847481114,0.0,4,0.24869419017625663,0.2544339641432811,0.25014162553642777,0.24673022014403448
2025-09-08,140933.13524093837,0.006998499907760819,0.0,4,0.24757249073334933,0.2560322999170982,0.2512320080105764,0.24516320133897607
2025-09-09,140699.21311739998,-0.001659809264432247,0.0016598092644322104,4,0.2485574076550173,0.25500049073778125,0.2510784774847322,0.2453636241224692
2025-09-10,141131.68467595347,0.0030798288717766,0.0,4,0.24995291284948815,0.250656919280196,0.25012770089493036,0.24926246697538554
2025-09-11,141621.43815187144,0.0034701879811217607,0.0,4,0.25115850309037197,0.25146016710244595,0.24889096705661498,0.24849036275056707
2025-09-12,141521.04768811117,-0.000708864879995184,0.0007088648799951081,4,0.25125256193483647,0.2505522282945078,0.24955857697783695,0.24863663279281867
2025-09-15,142173.33811082752,0.004609140713499441,0.0,4,0.2514313153302101,0.2499849690311698,0.2509983065326607,0.24758540910595944
2025-09-16,142287.59860787855,0.000803670354577669,0.0,4,0.2508835191655585,0.2503106284613995,0.25129994991411925,0.24750590245892282
2025-09-17,141860.90350714445,-0.0029963348112716248,0.0029988214356614362,4,0.25043981063285126,0.25011298414250777,0.2488167453597018,0.25063045986493915
2025-09-18,141506.48302073719,-0.0024983661998840326,0.005489695481431189,4,0.2522401552547111,0.248151893478042,0.24844060408697258,0.2511673471802744
2025-09-19,142002.097160809,0.003502412960112793,0.002006509701919623,4,0.25260474144150985,0.24681443444486292,0.2501995678242373,0.25038125628938995
2025-09-22,142643.5560032035,0.004517249077442173,0.0,4,0.2526585055390444,0.24482130141585823,0.25338502608898117,0.2491351669561163
2025-09-23,142852.02740987242,0.0014614849244519823,0.0,4,0.25091645576228105,0.2461728215197128,0.2540491633161052,0.248861559401901
2025-09-24,142675.90100284398,-0.0004821527209267,0.001232928998082028,0,0.0,0.0,0.0,1.0
2025-09-25,142555.4170958423,-0.0008444587078464,0.002076346548299801,0,0.0,0.0,0.0,1.0
2025-09-26,142641.4750970037,0.0006036810309604,0.0014739189683642406,0,0.0,0.0,0.0,1.0
2025-09-29,142693.12071920338,0.0003620659570755,0.0011123866671707283,0,0.0,0.0,0.0,1.0
2025-09-30,142761.93195024834,0.0004822322947184,0.0006306908012273515,0,0.0,0.0,0.0,1.0
2025-10-01,142927.67679278695,0.001160987668592,0.0,0,0.0,0.0,0.0,1.0
2025-10-02,142962.18385989836,0.0002414302665916,0.0,0,0.0,0.0,0.0,1.0
2025-10-03,142910.37591515642,-0.0003623891531533,0.00036238915315334186,0,0.0,0.0,0.0,1.0
2025-10-06,142875.85532116648,-0.000241554147268,0.0006038557638184949,0,0.0,0.0,0.0,1.0
2025-10-07,142944.9235629034,0.0004834143710401,0.00012073330533257653,0,0.0,0.0,0.0,1.0
2025-10-08,142927.67679278698,-0.0001206532536207,0.0002413719920870694,0,0.0,0.0,0.0,1.0
2025-10-09,142910.37591515644,-0.0001210463782715,0.0003623891531531198,0,0.0,0.0,0.0,1.0
2025-10-10,143152.0606537215,0.0016911629895126,0.0,0,0.0,0.0,0.0,1.0
2025-10-13,143428.22540564093,0.0019291706361632,0.0,0,0.0,0.0,0.0,1.0
2025-10-14,143324.69067742818,-0.0007218574162786,0.0007218574162786151,0,0.0,0.0,0.0,1.0
2025-10-15,143255.64948944835,-0.0004817117528984,0.0012032214419755993,0,0.0,0.0,0.0,1.0
2025-10-16,143445.4857026359,0.0013251569056027,0.0,0,0.0,0.0,0.0,1.0
2025-10-17,143428.22540564096,-0.0001203265262089,0.0001203265262088582,0,0.0,0.0,0.0,1.0
2025-10-20,143445.48570263592,0.0001203410064243,0.0,0,0.0,0.0,0.0,1.0
2025-10-21,143480.0333503829,0.000240841651989,0.0,0,0.0,0.0,0.0,1.0
2025-10-22,143480.0333503829,0.0,0.0,0,0.0,0.0,0.0,1.0
2025-10-23,143376.4580415346,-0.0007218795983645,0.0007218795983644499,0,0.0,0.0,0.0,1.0
2025-10-24,143462.75952650944,0.0006019222831534,0.00012039183062684256,0,0.0,0.0,0.0,1.0
2025-10-27,143428.22540564102,-0.0002407183646991,0.0003610812148012732,0,0.0,0.0,0.0,1.0
2025-10-28,143445.48570263598,0.0001203410064243,0.00024078366125379613,0,0.0,0.0,0.0,1.0
2025-10-29,142788.24929951108,-0.0038346611939836252,0.004821465640326816,4,0.25108288807422946,0.24842599770526916,0.2500118938039606,0.25047922041654086
2025-10-30,142893.0460398206,0.0007339311240500566,0.004091073139973922,4,0.24813933653251002,0.2467993740506498,0.2547356406879827,0.25032564872885743
2025-10-31,142719.4853595965,-0.0012146195006279817,0.005300723543387509,4,0.24925603991172826,0.2463627975026584,0.25366038672251756,0.2507207758630957
2025-11-03,142764.51711767277,0.000315526348506825,0.004986869712824915,4,0.24964505906712012,0.2456691630602005,0.2540350205989754,0.25065075727370395
2025-11-04,141797.8872187653,-0.006770799344424823,0.011723903963067439,4,0.24836752621997993,0.24789510475093396,0.2512864495243564,0.2524509195047297
2025-11-05,141803.7231793047,0.0005931165496057599,0.011683229589057764,3,0.8022964528570238,0.19770354714297628,0.0,0.0
2025-11-06,140835.17083737117,-0.006830232099821813,0.018433662519110827,3,0.7991466795867013,0.20085332041329873,0.0,0.0
2025-11-07,140886.10391971262,0.000361650303958905,0.018078678754804955,3,0.7996442998960323,0.20035570010396775,0.0,0.0
2025-11-10,142637.77343144835,0.012433231262708322,0.005870223885979464,3,0.8021489423890892,0.1978510576109108,0.0,0.0
2025-11-11,143028.8972650042,0.002742077530702808,0.003144242964294608,3,0.8017866421849705,0.19821335781502947,0.0,0.0
2025-11-12,143143.18445875696,0.00080083774713944,0.0023477056964668064,3,0.7998045985802127,0.20019540141978728,0.0,0.0
2025-11-13,141008.08674928822,-0.014915818154680838,0.017228505899898328,3,0.7984420605206174,0.20155793947938266,0.0,0.0
2025-11-14,140827.50053844336,-0.0012806798177890989,0.01848712151789067,3,0.7993351680033537,0.20066483199664636,0.0,0.0
2025-11-17,139848.70973577653,-0.006950281720008551,0.02530891253515788,3,0.7974305054064116,0.2025694945935884,0.0,0.0
2025-11-18,138902.68963361435,-0.006764596569746963,0.0319023045219855,3,0.7961195414404401,0.20388045855955989,0.0,0.0
2025-11-19,138943.1284334181,0.0008377074601609251,0.03162046182332234,4,0.25075573412162405,0.2492858855244761,0.2501977704514384,0.24976060990246157
2025-11-20,138567.59107260156,-0.002702813482399188,0.034237811095185644,4,0.2476028596348786,0.2509458268283132,0.2508022527590878,0.2506490607777204
2025-11-21,139002.68199189185,0.0031399183309920426,0.031205396694864218,4,0.24928654987480836,0.2509172806243242,0.24963035967936223,0.25016580982150516
2025-11-24,140265.41453760647,0.009084231524311868,0.022404642218936677,4,0.25067843278058016,0.25007533734165915,0.25130267113710175,0.247943558740659
2025-11-25,140695.58095117993,0.0030668031388317654,0.01940654970718647,4,0.25226265639747525,0.24994782141466568,0.25045524028619637,0.2473342819016627
2025-11-26,141519.79866123883,0.00640941146871,0.01366207299629707,3,0.8003928190206998,0.19960718097930022,0.0,0.0
2025-11-28,142004.06757964854,0.0034219163890201903,0.010286907078771002,3,0.8020172745249787,0.19798272547502133,0.0,0.0
2025-12-01,141134.1192392325,-0.006126221278331423,0.01635010848806817,3,0.8032767395312189,0.19672326046878108,0.0,0.0
2025-12-02,141356.6251681768,0.0015765566125589257,0.014799328747162055,3,0.8034978705759919,0.19650212942400813,0.0,0.0
2025-12-03,141828.1171449381,0.0033354784482180666,0.011513213141028267,3,0.8035997923001899,0.1964002076998101,0.0,0.0
2025-12-04,141757.6711071293,-0.0004931020675356001,0.01200419461185609,3,0.800979804638964,0.19902019536103593,0.0,0.0
2025-12-05,141842.7641318566,0.0006002710404501967,0.011411129341795223,3,0.8020198243640463,0.19798017563595383,0.0,0.0
2025-12-08,141408.63836539365,-0.0030606127081630823,0.01443681700248034,3,0.8020652000486992,0.19793479995130078,0.0,0.0
2025-12-09,141339.39863391194,-0.0004896428696441051,0.014919390987618852,3,0.8017654295850662,0.19823457041493375,0.0,0.0
2025-12-10,142199.26689567306,0.006083712468512027,0.008926443804080808,3,0.8022026291115115,0.19779737088848848,0.0,0.0
2025-12-11,142425.0228897525,0.00158980921074602,0.007353012373882306,3,0.8005887734191697,0.19941122658083038,0.0,0.0
2025-12-12,140925.28752836547,-0.010529999089752213,0.017805584250030537,3,0.8004090894055134,0.19959091059448658,0.0,0.0
2025-12-15,140774.20146718615,-0.0010721004287389503,0.01885859530426104,3,0.8000575665697028,0.1999424334302972,0.0,0.0
2025-12-16,140621.05011321508,-0.0010879220224650431,0.0199260006455817,3,0.7987405485982912,0.2012594514017087,0.0,0.0
2025-12-17,139359.36450849308,-0.008972238535455618,0.02871945835018741,3,0.7971033331458285,0.20289666685417154,0.0,0.0
2025-12-18,140334.15993870614,0.00699774956738362,0.02192551352420191,3,0.8004397333698959,0.19956026663010412,0.0,0.0
2025-12-19,141247.72808400862,0.006509948438081513,0.015558299048641255,3,0.8024704824113201,0.19752951758867981,0.0,0.0
2025-12-22,141893.31537716728,0.004570603024316828,0.011058806833009305,3,0.803795956231829,0.19620404376817097,0.0,0.0
2025-12-23,142459.20466661747,0.00398813212550583,0.00711477869030408,3,0.8042621235385876,0.19573787646141255,0.0,0.0
2025-12-24,143031.13746700168,0.004014712855674142,0.003128629628103008,3,0.8038639727926448,0.19613602720735532,0.0,0.0
2025-12-26,142991.7114622498,0.00072507877231,0.0034034135393640197,0,0.0,0.0,0.0,1.0
2025-12-29,143060.79943063555,0.0004831606509163,0.002921897283948649,0,0.0,0.0,0.0,1.0
2025-12-30,143095.34341482844,0.0002414636597192,0.002681139156240908,0,0.0,0.0,0.0,1.0
2025-12-31,143043.5274385391,-0.000362108053643,0.0030422763478025194,0,0.0,0.0,0.0,1.0
