date,wealth,return,drawdown,action,w_SPY,w_TLT,w_GLD,w_SHY
2021-01-05,100000.0,0.0,0.0,0,0.0,0.0,0.0,1.0
2021-01-06,99942.087188302,-0.00057912811698,0.0005791281169800211,0,0.0,0.0,0.0,1.0
2021-01-07,99965.27670160167,0.0002320295078086,0.00034723298398331437,0,0.0,0.0,0.0,1.0
2021-01-08,99953.71243072744,-0.0001156828776532,0.00046287569272562834,0,0.0,0.0,0.0,1.0
2021-01-11,99942.087188302,-0.0001163062595948,0.0005791281169800211,0,0.0,0.0,0.0,1.0
2021-01-12,99928.0767000834,0.0008606746067271601,0.0007192329991659863,5,0.1998702256592172,0.5990080826307084,0.20112169171007446,0.0
2021-01-13,100569.41751771813,0.006418024231163856,0.0,5,0.1991304033206591,0.6018912591760276,0.19897833750331329,0.0
2021-01-14,99921.82479561455,-0.006439260941224977,0.0064392609412249335,5,0.19971916025070913,0.6001168839279138,0.20016395582137705,0.0
2021-01-15,99766.07587791406,-0.0015587076999351445,0.007987931715549013,5,0.19857214782759555,0.603438849423017,0.19798900274938755,0.0
2021-01-19,100283.30606410542,0.0051844294930904,0.002844915091233413,5,0.19909910460692268,0.6022641357328802,0.19863675966019717,0.0
2021-01-20,100946.4290170425,0.00661477503990104,0.0,5,0.2014352674420653,0.5966439352997137,0.20192079725822093,0.0
2021-01-21,100529.48619775003,-0.004130337480507351,0.004130337480507396,5,0.20245512341444008,0.5949137846557436,0.20263109192981624,0.0
2021-01-22,100490.65484575095,-0.0003862682827473414,0.004515010344888992,5,0.20181649765590015,0.5970700706852403,0.2011134316588595,0.0
2021-01-25,101295.19548296805,0.00800612393711668,0.0,5,0.2010031822873524,0.5993086304901016,0.19968818722254594,0.0
2021-01-26,101098.88399472208,-0.0019380138150676873,0.0019380138150675297,5,0.20107910821280484,0.5993392622413009,0.19958162954589434,0.0
2021-01-27,99679.39383159389,-0.01364713483308476,0.015951414513493356,1,0.5934344694713177,0.4065655305286822,0.0,0.0
2021-01-28,99964.10177678424,0.00285623672302193,0.013140738806389107,1,0.5968334155956729,0.40316658440432696,0.0,0.0
2021-01-29,98527.24253041958,-0.014373752385362471,0.02732560946598772,1,0.5934147532278837,0.4065852467721163,0.0,0.0
2021-02-01,99546.88906169789,0.01034887920428204,0.017259519693252567,1,0.597112883209268,0.40288711679073197,0.0,0.0
2021-02-02,100128.81034297314,0.005845700320324371,0.011514713352727801,1,0.6020368641301488,0.3979631358698513,0.0,0.0
2021-02-03,99541.1879279372,-0.0054688265089572795,0.01731580206413419,5,0.20125791625680486,0.5979460912694868,0.20079599247370836,0.0
2021-02-04,99179.48493917478,-0.0036337017499153733,0.020886583353788013,5,0.2042876633841424,0.5985230501207233,0.19718928649513442,0.0
2021-02-05,98955.25190580788,-0.002260881204458996,0.02310024247451714,5,0.2055564340268821,0.594856352289815,0.1995872136833029,0.0
2021-02-08,99559.50676370757,0.0061063444967515345,0.01713495601627346,5,0.20578436653795418,0.5938421027909435,0.2003735306711022,0.0
2021-02-09,99654.76112536497,0.0009567580711651156,0.016194591952575887,5,0.20545080462432788,0.5937136140120257,0.20083558136364643,0.0
2021-02-10,99956.12775223266,0.0032192821646097403,0.013219459465484196,2,0.3985427479304647,0.4013691688267899,0.20008808324274546,0.0
2021-02-11,99627.13268877854,-0.0032913946433541464,0.01646734365076552,2,0.40050454461078483,0.400490147892591,0.19900530749662407,0.0
2021-02-12,99268.4877827573,-0.0035998718054207073,0.02000793513006771,2,0.4039371144243967,0.39694520496529334,0.19911768061031,0.0
2021-02-16,98350.06947642285,-0.0092518615609853,0.029074686045108544,2,0.40735616840772426,0.3945514610872139,0.19809237050506184,0.0
2021-02-17,98384.48878534242,0.0003499673066098795,0.028734893928064387,2,0.40730706536677536,0.3969179920622886,0.19577494257093592,0.0
2021-02-18,98055.84194658764,-0.003333150754973154,0.03197934039156958,2,0.39962957690270734,0.3997136214110541,0.20065680168623864,0.0
2021-02-19,97547.27525183032,-0.005186500718991711,0.036999980238627495,2,0.4010036571156738,0.3964566336945967,0.20253970918972947,0.0
2021-02-22,97247.94893190231,-0.00306852568823942,0.039954970537040335,2,0.3991440468929471,0.394651650591517,0.20620430251553593,0.0
2021-02-23,97138.26866855755,-0.0011278414048770335,0.04103774907181512,2,0.40007996994762707,0.39395785853268694,0.20596217151968607,0.0
2021-02-24,97301.29500005837,0.0016782915089528893,0.03942833086867603,2,0.40381101760820154,0.3907177870520245,0.20547119533977412,0.0
2021-02-25,95360.82470707936,-0.01993380586845948,0.05858491854025305,2,0.3983013476765691,0.40147065116057384,0.20022800116285708,0.0
2021-02-26,95969.00188482959,0.006377641758220535,0.052580910404916636,2,0.3937378704728759,0.4121144279235339,0.19414770160359016,0.0
2021-03-01,96330.35021606478,0.0037652609086092355,0.04901363034279416,2,0.40176935376624917,0.4051459155126604,0.19308473072109042,0.0
2021-03-02,96132.44552700376,-0.00205443755386674,0.050967372453833315,2,0.3994548725986799,0.4060088209853442,0.19453630641597594,0.0
2021-03-03,94994.35618015961,-0.011838764119700395,0.06220274587325192,2,0.39888620880613174,0.40641660057740026,0.19469719061646804,0.0
2021-03-04,93893.71227391789,-0.01118978824901458,0.07306845279048457,3,0.7990411080306,0.20095889196939992,0.0,0.0
2021-03-05,95310.66507908651,0.015091029748988221,0.05908010123627028,3,0.8016431743155147,0.19835682568448543,0.0,0.0
2021-03-08,94783.26499854187,-0.0055334844228295006,0.06428666683920958,3,0.80209031115875,0.19790968884125013,0.0,0.0
2021-03-09,96128.66841280319,0.014194524890886686,0.05100466064092413,3,0.8021559733643567,0.1978440266356432,0.0,0.0
2021-03-10,96646.75144264931,0.005389474736312197,0.04589007423457048,3,0.8028222757354391,0.19717772426456087,0.0,0.0
2021-03-11,97290.98993189585,0.006668750500156322,0.03953006390856384,3,0.8027580074531094,0.1972419925468907,0.0,0.0
2021-03-12,96988.94361946845,-0.003104566133398767,0.04251190634430091,3,0.8063424912590051,0.1936575087409948,0.0,0.0
2021-03-15,97565.76287154973,0.005947268116914454,0.03681746793257723,3,0.8063554704836383,0.19364452951636177,0.0,0.0
2021-03-16,97390.59442722556,-0.0017953884556285106,0.03854675473131408,3,0.8067868421387945,0.1932131578612056,0.0,0.0
2021-03-17,97517.71692041824,0.0013052851144437772,0.03729178412203127,3,0.8084825958575913,0.19151740414240861,0.0,0.0
2021-03-18,96184.31424487146,-0.013665073568608601,0.050455317389223375,3,0.7992825167332861,0.2007174832667139,0.0,0.0
2021-03-19,96161.72196966746,-0.00023488523447266863,0.05067835141464083,3,0.7979910787992767,0.20200892120072333,0.0,0.0
2021-03-22,96992.14940830128,0.008635738021577508,0.042480258359245515,3,0.7974762988663664,0.2025237011336336,0.0,0.0
2021-03-23,96560.67168189748,-0.004448584024954781,0.04673986538548747,3,0.7947350085537203,0.20526499144627966,0.0,0.0
2021-03-24,96277.22936333533,-0.0029353805604823958,0.04953804665371764,3,0.7930226908183795,0.2069773091816205,0.0,0.0
2021-03-25,96558.01475739936,0.0029234234901538603,0.04676609490689221,3,0.8021554459159768,0.1978445540840231,0.0,0.0
2021-03-26,97739.33067816774,0.01223426065393337,0.03510398284781624,3,0.8052306805144724,0.19476931948552767,0.0,0.0
2021-03-29,97537.98835093463,-0.0020599928998499555,0.037091661792243324,3,0.8064853466874446,0.19351465331255535,0.0,0.0
2021-03-30,97428.196711248,-0.0011256295269448662,0.03817553984947142,3,0.8052521933203045,0.19474780667969552,0.0,0.0
2021-03-31,97640.33554172104,0.002177386399768393,0.03608127635097502,3,0.8067595262119874,0.19324047378801248,0.0,0.0
2021-04-01,98807.3159470544,0.01195866742992882,0.024560686457552272,3,0.7990833103060789,0.20091668969392107,0.0,0.0
2021-04-05,99853.95450654447,0.010592723316671236,0.014228127696993442,3,0.8020567337128048,0.1979432662871951,0.0,0.0
2021-04-06,99940.9078088777,0.0008708047944913896,0.013369712824317093,3,0.8008855045446802,0.19911449545531973,0.0,0.0
2021-04-07,99894.93824073489,-0.00045996748629429334,0.013823530677411044,3,0.8021813238960046,0.19781867610399542,0.0,0.0
2021-04-08,100438.46036096974,0.005440937547055943,0.008457806097450726,3,0.8016276138702184,0.19837238612978159,0.0,0.0
2021-04-09,100949.69034285963,0.0050916181653481,0.003410873916191992,3,0.8017340220302547,0.19826597796974532,0.0,0.0
2021-04-12,100970.46137263445,0.000205756250507447,0.0032058194743125323,3,0.8018612307768913,0.19813876922310872,0.0,0.0
2021-04-13,101360.34693102546,0.0038613823596597156,0.0,3,0.8011444265701955,0.19885557342980462,0.0,0.0
2021-04-14,101018.96775398769,-0.003367975617428285,0.003367975617428298,3,0.8011063254823709,0.19889367451762902,0.0,0.0
2021-04-15,102224.53879092511,0.011934105680760532,0.0,3,0.8001628881470723,0.19983711185292777,0.0,0.0
2021-04-16,102339.07612113716,0.00112061156149136,0.0,3,0.8017754153398012,0.19822458466019877,0.0,0.0
2021-04-19,101877.69117234094,-0.004508394703994338,0.004508394703994445,3,0.801449573498981,0.19855042650101892,0.0,0.0
2021-04-20,101373.11571858056,-0.0049527570555836205,0.00943882277589847,3,0.7995416423894991,0.20045835761050088,0.0,0.0
2021-04-21,102180.83557094306,0.00796779152576106,0.0015462378222643736,3,0.8007270455743012,0.19927295442569884,0.0,0.0
2021-04-22,101522.44648638005,-0.006443371507819482,0.00797964634535564,3,0.7985594352689309,0.2014405647310691,0.0,0.0
2021-04-23,102355.15402588794,0.008203653652662601,0.0,3,0.8020937176027194,0.1979062823972807,0.0,0.0
2021-04-26,102497.60212285303,0.0013917041923366459,0.0,3,0.8026509075465124,0.1973490924534877,0.0,0.0
2021-04-27,102303.43575196894,-0.001894350373693182,0.0018943503736933431,3,0.8040011343471605,0.19599886565283953,0.0,0.0
2021-04-28,102292.8123405468,-0.00010384217640438756,0.0019979958366319606,3,0.8038536006546418,0.19614639934535824,0.0,0.0
2021-04-29,102757.55521310383,0.004543260292911103,0.0,3,0.8053176524844693,0.19468234751553082,0.0,0.0
2021-04-30,102264.41715044655,-0.00479375216850948,0.004799044329485858,3,0.7985717676725171,0.20142823232748286,0.0,0.0
2021-05-03,102452.88593476271,0.0018429556395837962,0.002964933115713775,3,0.7988218401264081,0.20117815987359192,0.0,0.0
2021-05-04,102087.84454335549,-0.003563017167126707,0.006517386175249662,3,0.796732277086051,0.20326772291394907,0.0,0.0
2021-05-05,102147.50958863503,0.0005844480853369245,0.005936747163784228,3,0.7965159993851376,0.20348400061486224,0.0,0.0
2021-05-06,102831.4648044111,0.006695760068262729,0.0,3,0.7975366640099066,0.20246333599009328,0.0,0.0
2021-05-07,103328.51258525842,0.0048360909305733,0.0,3,0.8019441637077016,0.19805583629229845,0.0,0.0
2021-05-10,102300.70964442486,-0.009946944121405975,0.009946944121405954,3,0.8019801934152008,0.19801980658479926,0.0,0.0
2021-05-11,101453.8464157679,-0.008278175504358509,0.018142777076595396,3,0.8014573061442066,0.19854269385579337,0.0,0.0
2021-05-12,99514.71915289991,-0.019113393246040663,0.036909400289795835,3,0.7997153957485195,0.20028460425148045,0.0,0.0
2021-05-13,100501.5815577945,0.009916748128267603,0.02735867338776754,3,0.8013748938882205,0.19862510611177941,0.0,0.0
2021-05-14,101923.98772999077,0.014154466875117361,0.0135928101559456,3,0.8009473447619095,0.19905265523809054,0.0,0.0
2021-05-17,101673.34583933522,-0.0024591060086809227,0.0160184900034972,3,0.8008787360036477,0.19912126399635238,0.0,0.0
2021-05-18,100920.00861765929,-0.0074093875386609396,0.023309190341938013,3,0.799905562555624,0.2000944374443761,0.0,0.0
2021-05-19,100659.50925209287,-0.0025812459702944605,0.02583026955859158,3,0.7998729718387505,0.20012702816124953,0.0,0.0
2021-05-20,101691.44317360027,0.010251728119625703,0.015843346339737163,3,0.8002737921174861,0.199726207882514,0.0,0.0
2021-05-21,101690.03468366277,-1.3576835541539975e-05,0.015856977523446947,3,0.7993559914312505,0.20064400856874962,0.0,0.0
2021-05-24,102594.25743652652,0.008891950481446914,0.0071060265009239565,3,0.8003877217801855,0.19961227821981453,0.0,0.0
2021-05-25,102601.78371192189,7.33596166436255e-05,0.007033188179660366,3,0.798553298978213,0.20144670102178683,0.0,0.0
2021-05-26,102728.80846473962,0.0012380364962695778,0.00580385902704228,3,0.7991487410229073,0.20085125897709272,0.0,0.0
2021-05-27,102688.91815137211,-0.0003883069799373851,0.006189912328008806,3,0.7998788862040696,0.20012111379593045,0.0,0.0
2021-05-28,102803.26503976801,0.00111364830158688,0.005083277909928463,3,0.8005394969783367,0.19946050302166327,0.0,0.0
2021-06-01,102726.16828255777,-0.000749944636295469,0.005829410369220578,3,0.8004345874998,0.19956541250019993,0.0,0.0
2021-06-02,102902.93536168644,0.0017207599785329572,0.004118681406749425,3,0.8003161107816127,0.19968388921838737,0.0,0.0
2021-06-03,102520.16830442006,-0.0037196903656928387,0.0078230515528942,3,0.8003229030760497,0.19967709692395025,0.0,0.0
2021-06-04,103550.91661096628,0.010054102754548102,0.0,3,0.7996032901250307,0.20039670987496913,0.0,0.0
2021-06-07,103406.85913342651,-0.0013907791424232,0.0013911753005623195,3,0.8003369260735951,0.19966307392640495,0.0,0.0
2021-06-08,103569.55834730342,0.0015733889921845593,0.0,3,0.7992498603450635,0.20075013965493638,0.0,0.0
2021-06-09,103629.6111538464,0.0005798306713020819,0.0,3,0.7975948923955555,0.2024051076044445,0.0,0.0
2021-06-10,104139.67339279102,0.004921973876630643,0.0,3,0.7973780004960588,0.2026219995039413,0.0,0.0
2021-06-11,104242.82104196602,0.0009904740990106893,0.0,3,0.7979050702220196,0.2020949297779804,0.0,0.0
2021-06-14,104042.90730156473,-0.00172020522793588,0.0019177698608214833,1,0.6023797225074679,0.3976202774925322,0.0,0.0
2021-06-15,103878.15541153145,-0.0015834994840710627,0.0034982325573073014,1,0.6022284999978922,0.39777150000210776,0.0,0.0
2021-06-16,103493.71162602254,-0.003700910783271569,0.007186196693985236,1,0.6010906073602671,0.39890939263973296,0.0,0.0
2021-06-17,104091.18595584434,0.005773049593397487,0.0014546333704901215,1,0.5974422124288202,0.4025577875711797,0.0,0.0
2021-06-18,104040.27475918067,-0.000489101898457222,0.0019430238050043291,1,0.5896708515142594,0.4103291484857407,0.0,0.0
2021-06-21,104236.05393241197,0.0018921120161091392,6.491679222031532e-05,1,0.6074402007695503,0.39255979923044987,0.0,0.0
2021-06-22,104674.52236180862,0.004206494901283818,0.0,1,0.6081296270695425,0.3918703729304574,0.0,0.0
2021-06-23,104492.13328296885,-0.0017424400391276172,0.0017424400391276018,1,0.608456869941468,0.3915431300585321,0.0,0.0
2021-06-24,104933.94008146961,0.004228134545825953,0.0,1,0.6094794428177817,0.39052055718221823,0.0,0.0
2021-06-25,104735.61392010405,-0.0018900096690507306,0.0018900096690507295,1,0.612802523001413,0.387197476998587,0.0,0.0
2021-06-28,105291.67115391094,0.00532202208249716,0.0,1,0.5980268994107998,0.40197310058920016,0.0,0.0
2021-06-29,105396.33192284037,0.0009940080519421307,0.0,1,0.5977544044974823,0.4022455955025177,0.0,0.0
2021-06-30,105638.19126388009,0.002294760516113457,0.0,1,0.596887901646737,0.403112098353263,0.0,0.0
2021-07-01,105989.63538201789,0.003326866107163025,0.0,1,0.5982023787895757,0.40179762121042434,0.0,0.0
2021-07-02,106731.25220589287,0.006997069300238457,0.0,1,0.5985864239151188,0.40141357608488115,0.0,0.0
2021-07-06,106804.40865367789,0.0008870189131111401,0.0,3,0.797835175264016,0.202164824735984,0.0,0.0
2021-07-07,107296.8340653878,0.004610534508052158,0.0,3,0.7969801618503797,0.20301983814962035,0.0,0.0
2021-07-08,106685.42609948642,-0.005698285240445981,0.005698285240446022,3,0.7950167398436554,0.20498326015634463,0.0,0.0
2021-07-09,107283.28102396512,0.005603904360106219,0.00012631352584380195,3,0.7990255979864981,0.20097440201350206,0.0,0.0
2021-07-12,107562.3923748476,0.002601629519702359,0.0,3,0.7998069349839263,0.20019306501607367,0.0,0.0
2021-07-13,107104.39428417131,-0.00425778380760306,0.004257976050590084,3,0.8006820436492784,0.19931795635072158,0.0,0.0
2021-07-14,107474.88770842477,0.003459180426066015,0.0008135247319330796,3,0.7991123373849961,0.20088766261500404,0.0,0.0
2021-07-15,107419.70500863962,-0.0005134473825630076,0.0013265544123518547,3,0.7967921410006072,0.2032078589993928,0.0,0.0
2021-07-16,106707.20083080433,-0.006632900153449457,0.007950655662835926,3,0.7958210682335372,0.20417893176646282,0.0,0.0
2021-07-19,105930.89032028499,-0.007275146423813259,0.01516795990253661,3,0.7898145425980828,0.21018545740191721,0.0,0.0
2021-07-20,106413.03892734266,0.00474225396003176,0.01068545819899136,1,0.6057256919286603,0.3942743080713398,0.0,0.0
2021-07-21,106403.46276800716,-8.999046951416553e-05,0.010774487079105222,1,0.6106847205342485,0.38931527946575145,0.0,0.0
2021-07-22,106931.1418154338,0.004959228146335227,0.005868692072354853,1,0.6089437850440687,0.3910562149559314,0.0,0.0
2021-07-23,107321.33440434413,0.003649007971726472,0.002241099004784086,1,0.6129718240027142,0.3870281759972857,0.0,0.0
2021-07-26,107359.74552710203,0.0003579076142789853,0.001883993496903158,1,0.6142567010616424,0.3857432989383575,0.0,0.0
2021-07-27,107177.53000281088,-0.0015117800170477203,0.0035780384160246648,3,0.7975597137498446,0.2024402862501555,0.0,0.0
2021-07-28,107143.92885107087,-0.0003135092937775059,0.0038904259615052394,3,0.7974827026042371,0.2025172973957629,0.0,0.0
2021-07-29,107377.96464540529,0.002184312231631224,0.0017146116348880636,3,0.799044795730511,0.20095520426948896,0.0,0.0
2021-07-30,107062.78649123537,-0.002935221907127142,0.004644800776382296,3,0.7975052143276868,0.20249478567231313,0.0,0.0
2021-08-02,107076.98832500154,0.00013264958097585823,0.004512767326283029,3,0.7957262414989504,0.20427375850104948,0.0,0.0
2021-08-03,107784.82691676969,0.00661485956167672,0.0,3,0.8012087032239708,0.19879129677602922,0.0,0.0
2021-08-04,107404.10359889796,-0.0035322533677743257,0.003532253367774296,3,0.8000937446419026,0.19990625535809733,0.0,0.0
2021-08-05,107838.84446803536,0.004047711908298641,0.0,3,0.8019146948457226,0.19808530515427727,0.0,0.0
2021-08-06,107624.99129552873,-0.0019830810832733516,0.001983081083273497,3,0.8048358410353786,0.1951641589646214,0.0,0.0
2021-08-09,107479.17700080405,-0.0013548367620703013,0.003335231094189983,3,0.8052718992970738,0.19472810070292623,0.0,0.0
2021-08-10,107149.8780087852,-0.0024600570143618,0.006388852390331046,5,0.20074265930886845,0.5987021243799814,0.20055521631115025,0.0
2021-08-11,107460.1750329283,0.0028959157948610587,0.003511438174018111,5,0.2006603736263849,0.5966068581192964,0.2027327682543188,0.0
2021-08-12,107425.04197435691,-0.00032694026936611243,0.0038372304128416745,5,0.20132759236744,0.5958238813092748,0.20284852632328523,0.0
2021-08-13,108787.63267003711,0.012684106709546051,0.0,5,0.19916772744573422,0.5976548998556387,0.2031773726986271,0.0
2021-08-16,109106.45756048354,0.0029307089659121655,0.0,5,0.19905330359226936,0.5973524910968531,0.20359420531087752,0.0
2021-08-17,108972.0605011942,-0.0002320295078086,0.0012317974783009333,0,0.0,0.0,0.0,1.0
2021-08-18,108972.0605011942,0.0,0.0012317974783009333,0,0.0,0.0,0.0,1.0
2021-08-19,108972.0605011942,0.0,0.0012317974783009333,0,0.0,0.0,0.0,1.0
2021-08-20,108972.0605011942,0.0,0.0012317974783009333,0,0.0,0.0,0.0,1.0
2021-08-23,108972.0605011942,0.0,0.0012317974783009333,0,0.0,0.0,0.0,1.0
2021-08-24,108959.45953092,-0.0001156348720602,0.0013472899116173664,0,0.0,0.0,0.0,1.0
2021-08-25,108946.76989946533,-0.0001164619529988,0.0014635949566017548,0,0.0,0.0,0.0,1.0
2021-08-26,108946.76989946533,0.0,0.0014635949566017548,0,0.0,0.0,0.0,1.0
2021-08-27,109022.60845670925,0.0006961065235242,0.0007685072510745794,0,0.0,0.0,0.0,1.0
2021-08-30,109047.92122373324,0.000232179062511,0.0005365066198566026,0,0.0,0.0,0.0,1.0
2021-08-31,108791.87698910011,-0.0015991967895626,0.002883244295682874,4,0.2500294488322899,0.248696016508947,0.2509031572017238,0.2503713774570393
2021-09-01,108851.06322776746,0.0005440317816490967,0.002340781090564681,4,0.2500263468248296,0.24897723194858604,0.25078150194392884,0.2502149192826556
2021-09-02,108980.70735548317,0.0011910230719973,0.0011525459428527451,4,0.2504972234539436,0.24976655512033302,0.24981895936826845,0.2499172620574547
2021-09-03,109017.69730196858,0.0003394173829754273,0.0008135197540050099,4,0.2503514636633826,0.247411162878517,0.2524049088819544,0.24983246457614605
2021-09-07,108144.2250357988,-0.00801220616273304,0.008819207828751341,4,0.2514711474639761,0.24730547956117327,0.2494606120428131,0.25176276093203753
2021-09-08,108233.5089289121,0.0008288367822582251,0.008000888774961079,4,0.24948861634085986,0.2514930770226346,0.2491673801845277,0.2498509264519779
2021-09-09,108572.86261122789,0.003135384648193285,0.004890589990604877,4,0.2476442892579378,0.25374070226653095,0.24948733067498707,0.24912767780054412
2021-09-10,107971.55368252724,-0.005538298560421843,0.010401803003522114,4,0.24706003801479554,0.25290417388271913,0.24960766163499296,0.25042812646749235
2021-09-13,108301.97029688851,0.003060219132650433,0.0073734156674371,4,0.24693660313951393,0.253661784054017,0.2496797127096808,0.24972190009678819
2021-09-14,108667.92604977367,0.003379031349863317,0.004019299320269565,4,0.24477694862104238,0.25587227312372623,0.2504410390364707,0.24890973921876058
2021-09-15,108456.0205148727,-0.0016064534332757999,0.005961489907691964,5,0.201994991844487,0.5988579409415908,0.1991470672139222,0.0
2021-09-16,107634.60946536722,-0.007573678672755894,0.013490018171476215,5,0.20321392248058476,0.6006627183305782,0.1961233591888371,0.0
2021-09-17,107077.5269230256,-0.005175682293164883,0.018595880416456545,5,0.20228128840197865,0.6008874803354028,0.19683123126261853,0.0
2021-09-20,107664.87974113952,0.005485304292992853,0.01321258018614413,5,0.19782331967536496,0.6050207168412696,0.19715596348336542,0.0
2021-09-21,107730.28983248383,0.0006075341513554763,0.012613073128479368,5,0.1975164385302277,0.6041332623124088,0.19835029915736346,0.0
2021-09-22,107999.20355975755,0.00285131866862205,0.010148381915086824,4,0.25172099835739725,0.25077599830518815,0.24835834852087868,0.2491446548165359
2021-09-23,107392.18272701217,-0.005620604715010713,0.01571194658685582,4,0.2562194949826031,0.24649466424689745,0.24687831179845965,0.2504075289720398
2021-09-24,107135.38251177296,-0.002391237506476517,0.018065613097354105,4,0.25725670580344856,0.24467063142432163,0.24715225240840497,0.2509204103638248
2021-09-27,107012.17193514065,-0.0011500456127906018,0.019194882431059712,4,0.256816014658586,0.24405194156546192,0.24795198816869563,0.2511800556072565
2021-09-28,105796.86553441109,-0.011356711846444469,0.030333603528808317,4,0.25453136179705604,0.2430102703444033,0.24836337167365152,0.2540949961848892
2021-09-29,105809.48173432822,0.00047640908163175996,0.030217971510326347,5,0.20024124714139302,0.6007545114914039,0.19900424136720302,0.0
2021-09-30,105920.25528189138,0.001046915132249658,0.029202692029716704,5,0.19758697106154754,0.6000432212657386,0.2023698076727138,0.0
2021-10-01,106752.18264485484,0.007854280191729178,0.021577777963541767,5,0.19837704841822767,0.6003778311096074,0.20124512047216486,0.0
2021-10-04,106416.36949992132,-0.0031457262663256934,0.024655626446958623,5,0.19643666489811862,0.6007386952487773,0.2028246398531041,0.0
2021-10-05,105916.06679971289,-0.004701369747525605,0.029241080978200107,5,0.19941813516272994,0.5977480879972052,0.20283377684006482,0.0
2021-10-06,106418.9402176996,0.00475069554197954,0.024632064892163852,5,0.19988163441488144,0.6005318753687671,0.1995864902163515,0.0
2021-10-07,105822.57189638494,-0.0056039678660083185,0.030097995458043147,5,0.20274593190158183,0.5976008958488659,0.1996531722495522,0.0
2021-10-08,105349.81291763044,-0.004467468237470133,0.03443100185679293,5,0.20328436250368584,0.5960810113198693,0.20063462617644473,0.0
2021-10-11,104995.53446713761,-0.0033628768830356497,0.037678091519624535,5,0.20249361527833531,0.5965747645227414,0.2009316201989233,0.0
2021-10-12,106109.55018136982,0.010610124705645306,0.027467736063673143,5,0.19987443100552996,0.6004059074104485,0.19971966158402166,0.0
2021-10-13,107182.72554697486,0.01011425333582948,0.01763169711968926,5,0.19870974450901416,0.5997696464224404,0.20152060906854558,0.0
2021-10-14,107832.6553147117,0.0060637548114223965,0.01167485659651002,5,0.20083433584794388,0.5983696192266331,0.2007960449254231,0.0
2021-10-15,107277.4968181408,-0.005148333730173445,0.016763084268672568,5,0.20341109385609438,0.5979614816174026,0.1986274245265031,0.0
2021-10-18,107590.064090714,0.002913633164866558,0.013898292582076754,5,0.2034206030907444,0.5990201658117755,0.19755923109748005,0.0
2021-10-19,106938.13112777904,-0.006059416066387774,0.019873493111097318,5,0.20623963577118076,0.5943579805559848,0.19940238367283453,0.0
2021-10-20,106775.79026681621,-0.001511851881645999,0.021361405601270755,5,0.20108955771409062,0.5968521683545056,0.2020582739314038,0.0
2021-10-21,106736.52636821031,-0.0003677228565369786,0.021721273380720385,5,0.20168823836079225,0.5963608165558338,0.20195094508337386,0.0
2021-10-22,107547.0906145111,0.007594066191591953,0.014292159976947327,5,0.19996074302741318,0.5983843651880563,0.2016548917845306,0.0
2021-10-25,107714.12478807839,0.0015531259154747377,0.012761231585521005,5,0.2007213138632308,0.5965443923510878,0.20273429378568136,0.0
2021-10-26,108103.35377180108,0.0036135370777832508,0.009193807691230238,5,0.20017864273803068,0.5993117478146525,0.20050960944731688,0.0
2021-10-27,109244.33779249212,0.01055526187287118,0.0,5,0.19703420508863154,0.6045354668919217,0.19843032801944663,0.0
2021-10-28,109223.3465984219,-0.0001921490348551927,0.00019214903485531565,5,0.1989736122516192,0.6026051369477881,0.19842125080059278,0.0
2021-10-29,109284.24055976841,0.0005575178132053782,0.0,5,0.19926625923458788,0.6041102593206011,0.19662348144481112,0.0
2021-11-01,108958.52400192876,-0.002980453139183487,0.002980453139183603,5,0.20020572538311862,0.6015534562018641,0.1982408184150174,0.0
2021-11-02,109291.24502924546,0.003053648444345668,0.0,5,0.2004032099560924,0.6023842091818099,0.19721258086209764,0.0
2021-11-03,108564.98239267562,-0.0066424352602299,0.006645204164116625,5,0.20256656549570823,0.5977702613271337,0.19966317317715804,0.0
2021-11-04,109596.57010332798,0.009502029917171145,0.0,5,0.2016055474909955,0.5983675703324879,0.20002688217651668,0.0
2021-11-05,110940.37660079263,0.012261391904853574,0.0,5,0.19985453264551178,0.5999601953396373,0.20018527201485092,0.0
2021-11-08,110914.22124955496,-0.00023576043311785818,0.00023576043311790418,5,0.20007230164118814,0.5989760606103883,0.2009516377484235,0.0
2021-11-09,111815.60720291383,0.00812687447293848,0.0,5,0.1978034915860497,0.6018824858029078,0.2003140226110424,0.0
2021-11-10,110651.71440033923,-0.010406863439978901,0.010409037089629702,5,0.20047736597900034,0.5952247778304024,0.20429785619059723,0.0
2021-11-11,110687.72261685209,0.0003254194181083981,0.01008700497431414,5,0.2004769527008585,0.5941475300543567,0.20537551724478476,0.0
2021-11-12,110609.44566981378,-0.0007071872578791968,0.01078705883080533,5,0.2021329045654126,0.5919567219746541,0.20591037345993338,0.0
2021-11-15,109759.64490544536,-0.007682895065808516,0.018387078055548067,5,0.20376760269657537,0.5890489521168585,0.2071834451865661,0.0
2021-11-16,109519.21479765837,-0.0021905146285241092,0.020537315520615662,5,0.20502318894320193,0.5888405584114825,0.20613625264531554,0.0
2021-11-17,110185.69606360939,0.00609674650923738,0.014576776713707051,5,0.19830515340680568,0.6010904439954513,0.20060440259774304,0.0
2021-11-18,110438.02448668587,0.0022900288521189574,0.012320129100833244,5,0.1985240508703541,0.6019721865387143,0.19950376259093158,0.0
2021-11-19,110932.27173375858,0.004475335821787597,0.007899929994139798,5,0.19728613333602518,0.6056176465030048,0.1970962201609702,0.0
2021-11-22,109592.50885966557,-0.012077304946107014,0.019881825076654702,5,0.19913577602612734,0.6058315217462926,0.19503270222758007,0.0
2021-11-23,108476.49769225216,-0.010183279669621143,0.029862642561177766,5,0.2014512523865375,0.6032144028749874,0.19533434473847514,0.0
2021-11-24,108342.72547365286,-0.0002334242208008,0.031059007021789653,0,0.0,0.0,0.0,1.0
2021-11-26,108557.77235603552,0.0019848760629062,0.02913577923845867,0,0.0,0.0,0.0,1.0
2021-11-29,108608.34162806798,0.0004658282031304,0.02868352330301771,0,0.0,0.0,0.0,1.0
2021-11-30,108519.81768978407,-0.0008150749468863,0.02947521902867123,0,0.0,0.0,0.0,1.0
2021-12-01,108532.44338045592,0.0001163445621328,0.029362303747990093,0,0.0,0.0,0.0,1.0
2021-12-02,108717.1387091554,0.0027044566972880798,0.027710518873591328,5,0.20251553546633466,0.5991282744259164,0.1983561901077489,0.0
2021-12-03,109484.16732389148,0.007055268597420189,0.020850755429798307,5,0.19934695682221243,0.6020296218298812,0.19862342134790642,0.0
2021-12-06,108783.82015720496,-0.006396789451890805,0.02711416698929192,5,0.20300648559407805,0.5975832329591471,0.1994102814467749,0.0
2021-12-07,108792.36400444039,7.853968745616896e-05,0.02703775684003673,5,0.2071893604195211,0.5927082691845665,0.20010237039591242,0.0
2021-12-08,107749.23999936318,-0.00958820974820099,0.036366722904534576,5,0.209749086565516,0.5881023420953736,0.20214857133911035,0.0
2021-12-09,107832.36230485929,0.0007833491291322599,0.03562333557627673,5,0.19849419980237143,0.6028836663484276,0.19862213384920083,0.0
2021-12-10,107967.4115939322,0.0012524003572425416,0.034415549897236164,5,0.2001120859233272,0.6006771064724666,0.19921080760420637,0.0
2021-12-13,108788.73016815499,0.007607097012863505,0.027070255311192115,5,0.1968420656140372,0.6049526235878978,0.19820531079806514,0.0
2021-12-14,108283.09597045499,-0.004647854579407636,0.031592291280485796,5,0.19640061182272683,0.6063286876644904,0.19727070051278273,0.0
2021-12-15,108075.35752628678,-0.0019184752920704984,0.03345015754231473,5,0.1998527639251561,0.6016491278563512,0.19849810821849267,0.0
2021-12-16,108053.07820761838,0.0007946485003094,0.03364940806937189,0,0.0,0.0,0.0,1.0
2021-12-17,108002.68339329374,-0.0004663894371228,0.034100103778005764,0,0.0,0.0,0.0,1.0
2021-12-20,108027.85317777775,0.0002330477696776,0.03387500296145929,0,0.0,0.0,0.0,1.0
2021-12-21,107964.76298049785,-0.0005840178752427,0.03443923722944853,0,0.0,0.0,0.0,1.0
2021-12-22,107952.14494104187,-0.0001168718302865,0.03455208408304633,0,0.0,0.0,0.0,1.0
2021-12-23,107939.51585251455,-0.000116987842476,0.03466502975175245,0,0.0,0.0,0.0,1.0
2021-12-27,107901.69488136058,-0.0003503904094367,0.03500327386722135,0,0.0,0.0,0.0,1.0
2021-12-28,107901.69488136058,0.0,0.03500327386722135,0,0.0,0.0,0.0,1.0
2021-12-29,107889.05474376194,-0.0001171449402397,0.03511631835103579,0,0.0,0.0,0.0,1.0
2021-12-30,107952.14494104187,0.0005847692097198,0.03455208408304633,0,0.0,0.0,0.0,1.0
2021-12-31,107939.51585251455,-0.000116987842476,0.03466502975175245,0,0.0,0.0,0.0,1.0
2022-01-03,107813.33545795473,-0.0011689916668909,0.03579349828773104,0,0.0,0.0,0.0,1.0
2022-01-04,107876.43670430599,0.0005852823872225,0.03522916520463337,0,0.0,0.0,0.0,1.0
2022-01-05,107737.66036843284,-0.0012864378923967,0.03647028296399324,0,0.0,0.0,0.0,1.0
2022-01-06,107649.30094502697,-0.0008201349751211,0.03726050738450304,0,0.0,0.0,0.0,1.0
2022-01-07,107090.67651407649,-0.00419349268967902,0.04225645066044248,5,0.20004820466647105,0.5981955042650549,0.201756291068474,0.0
2022-01-10,107287.36255868412,0.001836630890848696,0.040497429272214336,5,0.1994329889955823,0.5985683363148768,0.20199867468954089,0.0
2022-01-11,108171.47355921174,0.008240588448094402,0.0325905634719581,5,0.1996046252281292,0.5976305571809416,0.2027648175909292,0.0
2022-01-12,108040.12798305937,-0.0012142348794063533,0.033765225752457106,5,0.2003875913825786,0.5960646052681315,0.20354780334928993,0.0
2022-01-13,108239.04554262299,0.001841145167791658,0.031986247266898915,5,0.19726335150444949,0.600253096302234,0.20248355219331657,0.0
2022-01-14,107204.01039224668,-0.00955978283707428,0.04124287231476009,5,0.20201300232515057,0.5966380807363584,0.20134891693849113,0.0
2022-01-18,105884.59003817617,-0.01230756526031901,0.0530428382325423,5,0.20090810615829946,0.5955703999112484,0.20352149393045202,0.0
2022-01-19,106442.53291276122,0.005269349150654401,0.04805299031647692,5,0.19777980224915911,0.5965504211246696,0.20566977662617117,0.0
2022-01-20,106546.42784799634,0.0009760659803189003,0.04712382722525854,5,0.1954000269789394,0.5996441916403271,0.20495578138073348,0.0
2022-01-21,106827.18620659666,0.00263507997659815,0.044612922302202374,5,0.19106076166167962,0.6051890107464334,0.20375022759188696,0.0
2022-01-24,106507.78264413324,-0.002980996381225399,0.047469442697282704,5,0.20144985150845707,0.5968500414554275,0.20170010703611535,0.0
2022-01-25,106211.85402997068,-0.0027784693927139785,0.05011601969637314,5,0.199544782894457,0.5975464719517041,0.2029087451538389,0.0
2022-01-26,105042.73447210046,-0.01100743008911526,0.06057180120233585,5,0.2012595280690709,0.5968901910314373,0.20185028089949175,0.0
2022-01-27,105816.18427637451,0.007363191830078353,0.05365461116400383,5,0.19880186964925436,0.6034077256843781,0.19779040466636763,0.0
2022-01-28,106298.53311914268,0.004558365490749032,0.04934082300120424,5,0.2028146807797879,0.60087981361445,0.19630550560576202,0.0
2022-01-31,106759.73583286266,0.0046912754467223,0.0452161509160004,4,0.2533144044733568,0.24754606221573622,0.2503068758472091,0.2488326574636979
2022-02-01,106874.82282743267,0.0010779999938382982,0.044186893932570914,4,0.2547514338594601,0.246458616674584,0.2502455875798886,0.24854436188606735
2022-02-02,107331.75364038922,0.0042753831152013404,0.040100426717601945,4,0.25613107434395693,0.24624067272061492,0.2500837721293698,0.24754448080605837
2022-02-03,106419.22086831805,-0.008501983253982461,0.048261476815153914,4,0.25225534383855835,0.24641350469154638,0.251869693395739,0.24946145807415632
2022-02-04,106147.02208536307,-0.0025577971792500563,0.05069583092513974,4,0.25409146193796545,0.24340341284673947,0.2529049759619648,0.2496001492533302
2022-02-07,106281.01218538395,0.0012693120454828248,0.04949751788662338,4,0.2488817579751086,0.2498447007751167,0.2515313736960138,0.24974216755376105
2022-02-08,106374.61979802472,0.0008807557504014752,0.048660357359731066,4,0.2507087510952263,0.24795584392548384,0.2520782532051508,0.24925715177413907
2022-02-09,106902.60219502875,0.004963424527453144,0.043938454843511776,4,0.25312173449411235,0.247195453875873,0.2516858882535894,0.24799692337642523
2022-02-10,105759.62005037871,-0.010691808442275585,0.054160481743350974,4,0.2512606767517609,0.24589601861594418,0.25344008033267923,0.2494032242996157
2022-02-11,106213.45276367468,0.004291171933860722,0.05010172174867167,4,0.245253771599506,0.24847588441478308,0.2571658075295984,0.24910453645611258
2022-02-14,105423.126345508,-0.00693816801827088,0.05716984432956018,1,0.6022165677452088,0.3977834322547912,0.0,0.0
2022-02-15,105970.91210207979,0.0051960682210894504,0.052270834519796194,1,0.608765322104442,0.3912346778955581,0.0,0.0
2022-02-16,106288.91035974298,0.0030008070267138775,0.04942688218060165,1,0.6076241449841172,0.3923758550158828,0.0,0.0
2022-02-17,105219.5457612902,-0.010060923522815632,0.05899052562182705,1,0.6006879906301784,0.39931200936982153,0.0,0.0
2022-02-18,105252.60846952001,0.00031422591677812765,0.05869483605704362,1,0.596611178364879,0.403388821635121,0.0,0.0
2022-02-22,105047.74963413512,-0.0009473013001582,0.06052694912702972,0,0.0,0.0,0.0,1.0
2022-02-23,104985.52979432693,-0.0005923005492731,0.0610833995310891,0,0.0,0.0,0.0,1.0
2022-02-24,105072.69205328067,0.0008302311673284,0.060303881705857654,0,0.0,0.0,0.0,1.0
2022-02-25,105072.69205328067,0.0,0.060303881705857654,0,0.0,0.0,0.0,1.0
2022-02-28,105259.3951592831,0.0017768946655307,0.05863414068604078,0,0.0,0.0,0.0,1.0
2022-03-01,105502.21598420186,0.0023068802984409,0.05646252233156457,0,0.0,0.0,0.0,1.0
2022-03-02,105153.55605174245,-0.0033047640678147,0.05958069108439967,0,0.0,0.0,0.0,1.0
2022-03-03,105153.55605174245,0.0,0.05958069108439967,0,0.0,0.0,0.0,1.0
2022-03-04,105265.60624661947,0.0010655863585049,0.05857859309754454,0,0.0,0.0,0.0,1.0
2022-03-07,105128.64632253026,-0.0013010890163719,0.05980346614984278,0,0.0,0.0,0.0,1.0
2022-03-08,104991.66460515214,-0.0013029913555422,0.06102853410596032,0,0.0,0.0,0.0,1.0
2022-03-09,104929.39028212168,-0.0005931358766875,0.06158547176956797,0,0.0,0.0,0.0,1.0
2022-03-10,104842.27160974573,-0.0008302599695062,0.0623645997871608,0,0.0,0.0,0.0,1.0
2022-03-11,104804.93970586082,-0.0003560768315272,0.06269847002959639,0,0.0,0.0,0.0,1.0
2022-03-14,104530.98716774904,-0.0026139277297485,0.06514850848992171,0,0.0,0.0,0.0,1.0
2022-03-15,105731.35929261566,0.012495905345842941,0.05441322604685206,1,0.6056263129285431,0.394373687071457,0.0,0.0
2022-03-16,107560.22513884617,0.01729728869907991,0.03805713862775284,1,0.6085298121596948,0.3914701878403053,0.0,0.0
2022-03-17,108065.250031096,0.00469527552213559,0.03354055185705862,1,0.6132635562648563,0.38673644373514376,0.0,0.0
2022-03-18,109301.53343530478,0.011440156792799137,0.02248410423642122,1,0.6129681006355587,0.3870318993644412,0.0,0.0
2022-03-21,108302.36152930131,-0.009141426241699184,0.0314199936976326,1,0.6184424001830651,0.3815575998169349,0.0,0.0
2022-03-22,109018.87373809001,0.0067986422244309406,0.025012013392267662,3,0.8038955917524782,0.19610440824752182,0.0,0.0
2022-03-23,108358.74589614465,-0.006055170259154093,0.030915731651807277,3,0.798377131653354,0.20162286834664606,0.0,0.0
2022-03-24,109491.70545324372,0.010455635562494627,0.020783339712611704,3,0.802026334772908,0.19797366522709203,0.0,0.0
2022-03-25,109619.85750613536,0.001170427041584252,0.019637238053841655,3,0.8050009961299988,0.19499900387000135,0.0,0.0
2022-03-28,110430.28738815138,0.007393093737333757,0.0123893242581824,3,0.8047771127442185,0.19522288725578157,0.0,0.0
2022-03-29,111689.45213981984,0.01140718128256628,0.00112824198919792,3,0.8007623117120624,0.19923768828793761,0.0,0.0
2022-03-30,111310.79966044829,-0.0033902259534546544,0.004514642947379022,3,0.7985248680222932,0.2014751319777068,0.0,0.0
2022-03-31,109997.22019409818,-0.01180100646439665,0.016262372081169207,3,0.7956237539658687,0.20437624603413126,0.0,0.0
2022-04-01,110330.82329799562,0.003032832132564594,0.013278860993204078,3,0.795466036851397,0.20453396314860298,0.0,0.0
2022-04-04,110925.85484523755,0.005393157863372308,0.007957318123413937,3,0.7979769480401483,0.20202305195985173,0.0,0.0
2022-04-05,109061.1196282214,-0.016615958078401,0.024634195919482127,1,0.6024310984164022,0.3975689015835979,0.0,0.0
2022-04-06,108053.16678117993,-0.009242091503163307,0.0336486159298508,1,0.6019705453749329,0.3980294546250672,0.0,0.0
2022-04-07,108057.00705188981,3.55405660406714e-05,0.03361427125466676,1,0.6049825469925634,0.3950174530074366,0.0,0.0
2022-04-08,107419.89519490369,-0.0058960716603984765,0.039312150762935705,1,0.6069434373442589,0.393056562655741,0.0,0.0
2022-04-11,105637.35519277521,-0.016594132761852076,0.055253932475873735,1,0.6066359256764758,0.3933640743235242,0.0,0.0
2022-04-12,105274.69295102607,-0.00324034959627216,0.05849732801627461,3,0.799626856932147,0.20037314306785306,0.0,0.0
2022-04-13,106281.75925385141,0.009566081596588862,0.04949083663267184,3,0.8011219476147814,0.19887805238521858,0.0,0.0
2022-04-14,104797.83860601574,-0.013962138548077364,0.06276197726282362,3,0.8023489754293929,0.19765102457060715,0.0,0.0
2022-04-18,104729.48299731239,-0.0006522616268865241,0.06337330166031407,3,0.8032027046538629,0.19679729534613707,0.0,0.0
2022-04-19,105933.01705528505,0.011491836143252483,0.052609741115598796,3,0.8068960122961043,0.19310398770389575,0.0,0.0
2022-04-20,106295.83368035921,0.00343188231215452,0.04936496487952513,3,0.7966726026195624,0.20332739738043776,0.0,0.0
2022-04-21,104869.62265182217,-0.013417374690580902,0.06211999133973001,3,0.7954321179643346,0.20456788203566545,0.0,0.0
2022-04-22,102445.72020856281,-0.02311348493459303,0.08379766679035527,3,0.791909948163497,0.20809005183650295,0.0,0.0
2022-04-25,103129.26314578409,0.006672244929604567,0.07768454041810524,3,0.7912218982215196,0.20877810177848036,0.0,0.0
2022-04-26,100982.85801223088,-0.020812765146193662,0.09688047546908696,3,0.7846379059848267,0.21536209401517326,0.0,0.0
2022-04-27,100949.42634893909,-0.00031570551197669997,0.09717946470796057,3,0.8025027796451636,0.19749722035483636,0.0,0.0
2022-04-28,103025.43893655455,0.020564877510443468,0.07861307098576675,3,0.8061942389812287,0.1938057610187713,0.0,0.0
2022-04-29,99696.94240528076,-0.03230752099317496,0.10838079853773108,3,0.802321943779934,0.19767805622006593,0.0,0.0
2022-05-02,99836.8100181996,0.0014029278084603484,0.1071299211654424,3,0.8060206027895387,0.19397939721046129,0.0,0.0
2022-05-03,100336.25973727573,0.0050026610323896156,0.10266319481507014,3,0.8056849503345443,0.1943150496654556,0.0,0.0
2022-05-04,102890.65637816515,0.02546418990678144,0.07981847121352581,3,0.8038917962774353,0.19610820372256466,0.0,0.0
2022-05-05,99397.97011524774,-0.03394561164116169,0.11105459602908185,3,0.8025626533119699,0.19743734668803012,0.0,0.0
2022-05-06,98632.6458075179,-0.0076995969519546995,0.11789911735195047,3,0.8039625763179884,0.19603742368201152,0.0,0.0
2022-05-09,96263.86647704602,-0.024016179542568197,0.13908381052428387,3,0.7973715133886264,0.20262848661137353,0.0,0.0
2022-05-10,96618.12322776648,0.003680059441669389,0.13591558777271762,3,0.7962835523939475,0.20371644760605231,0.0,0.0
2022-05-11,95762.28194888833,-0.00885429517229674,0.14356962910278925,3,0.7943243582152999,0.20567564178470019,0.0,0.0
2022-05-12,95646.132425996,-0.0012128942682707341,0.14460838859082337,3,0.7944587019047364,0.20554129809526353,0.0,0.0
2022-05-13,97172.2252085404,0.01595561413552384,0.13096009010441456,3,0.8006771316745414,0.19932286832545876,0.0,0.0
2022-05-16,96836.50147283383,-0.003454935142074613,0.1339625666289782,3,0.8001930437836635,0.19980695621633648,0.0,0.0
2022-05-17,98196.64645513544,0.014045788123429812,0.12179838833288992,3,0.8053415283072196,0.19465847169278042,0.0,0.0
2022-05-18,95448.02385493196,-0.027985810700922844,0.1463801320532948,3,0.7898554566614047,0.2101445433385954,0.0,0.0
2022-05-19,95034.34672784244,-0.0043340564883591086,0.1500797687805615,3,0.7884351812161342,0.2115648187838658,0.0,0.0
2022-05-20,95295.24564714059,0.002745311861250553,0.1477464726886779,3,0.7866197049965534,0.21338029500344652,0.0,0.0
2022-05-23,96363.21150990837,0.011206916520497316,0.1381953385538005,3,0.7924566205321519,0.20754337946784807,0.0,0.0
2022-05-24,96174.90704843384,-0.0019541115174971776,0.13987940096856533,3,0.7879469369797991,0.21205306302020094,0.0,0.0
2022-05-25,96929.55034203858,0.00785871937765048,0.1331304031096594,3,0.8007748437771541,0.1992251562228458,0.0,0.0
2022-05-26,98393.07462885401,0.01509884531240527,0.1200416731601851,3,0.8046263102003274,0.19537368979967254,0.0,0.0
2022-05-27,100383.54418119817,0.02022977287631639,0.10224031606759232,3,0.8080328641062814,0.19196713589371864,0.0,0.0
2022-05-31,99520.64074987771,-0.0085960646075901,0.10995751631276496,3,0.8104659699771378,0.1895340300228622,0.0,0.0
2022-06-01,98846.67119729404,-0.00677215849401065,0.1159850250786979,3,0.8093918097881939,0.19060819021180617,0.0,0.0
2022-06-02,100361.85762223115,0.0153381898945325,0.10243426536956823,3,0.8029196030627107,0.19708039693728932,0.0,0.0
2022-06-03,98996.8340920085,-0.01360101897835219,0.11464207396059534,3,0.8006316766514215,0.19936832334857849,0.0,0.0
2022-06-06,98874.14721849348,-0.0012393009800796893,0.11573929890605739,3,0.8040659732390925,0.19593402676090754,0.0,0.0
2022-06-07,99845.96372803277,0.009828823174492286,0.10704805683485241,3,0.8038774997990961,0.19612250020090394,0.0,0.0
2022-06-08,98799.81815177517,-0.01047759505939742,0.11640404570283891,3,0.8035569899522069,0.19644301004779302,0.0,0.0
2022-06-09,96985.48229866374,-0.01836026532672014,0.13263018710203478,3,0.7955807027359368,0.20441929726406316,0.0,0.0
2022-06-10,94625.22716324248,-0.024336169491356707,0.1537386458804061,3,0.7917813257803937,0.20821867421960635,0.0,0.0
2022-06-13,91162.31153490765,-0.036596114293715586,0.18470852311812125,3,0.7906537247299829,0.20934627527001706,0.0,0.0
2022-06-14,90704.4018602356,-0.005023015179871914,0.18880374458251925,3,0.7922507388602763,0.2077492611397237,0.0,0.0
2022-06-15,92080.40675876355,0.015170210820068123,0.17649772637138617,3,0.7915374187920606,0.20846258120793926,0.0,0.0
2022-06-16,90527.00670209984,-0.016681696788443577,0.19039024187545817,1,0.5899842997321506,0.41001570026784945,0.0,0.0
2022-06-17,90761.74875223738,0.0025930609957095065,0.18829087438991965,1,0.5897270370135402,0.41027296298645965,0.0,0.0
2022-06-21,91477.92123784327,0.00789068627975547,0.18188593232931594,1,0.5998394401381545,0.40016055986184557,0.0,0.0
2022-06-22,92385.09839814245,0.009916897411130544,0.17377277904962296,1,0.5928725177885248,0.40712748221147516,0.0,0.0
2022-06-23,93230.99680496333,0.009156221311530226,0.16620765976099083,1,0.5932521963516296,0.4067478036483705,0.0,0.0
2022-06-24,95324.5073741657,0.02266652561499856,0.14748477642142954,3,0.8071400384423667,0.1928599615576332,0.0,0.0
2022-06-27,94873.81720283823,-0.004727956993875991,0.1515154317351336,3,0.8078764882401542,0.1921235117598457,0.0,0.0
2022-06-28,93392.64743814552,-0.01561199715961668,0.1647619704048633,3,0.8039201122627679,0.19607988773723206,0.0,0.0
2022-06-29,93617.3242453077,0.002405722648680515,0.16275261936002705,3,0.8013376092088975,0.1986623907911026,0.0,0.0
2022-06-30,93171.17639606322,-0.0047656547849564655,0.16674265134576627,3,0.798633289541876,0.20136671045812404,0.0,0.0
2022-07-01,94150.70426929671,0.01051458818118892,0.15798244427148977,3,0.8000491106839676,0.1999508893160325,0.0,0.0
2022-07-05,94440.8781129508,0.003082014584023758,0.15538733388473036,3,0.7990972858778417,0.2009027141221584,0.0,0.0
2022-07-06,94377.16651102093,-0.0006746189065890835,0.1559571255580363,3,0.8023372122527095,0.1976627877472905,0.0,0.0
2022-07-07,95347.12105239018,0.010277428081674558,0.147282535618109,3,0.8060697951959609,0.19393020480403916,0.0,0.0
2022-07-08,95079.08339317133,-0.0028111772674455178,0.1496796755695332,3,0.8076771880225061,0.19232281197749387,0.0,0.0
2022-07-11,94537.36691235533,-0.00568990228761406,0.15452440605365014,3,0.7953867953431428,0.20461320465685717,0.0,0.0
2022-07-12,93986.92048448227,-0.005822527597826696,0.15944721103269166,3,0.7929655759716909,0.20703442402830904,0.0,0.0
2022-07-13,93818.63091979617,-0.0017905636637375647,0.16095227431406978,3,0.7902159558597414,0.2097840441402587,0.0,0.0
2022-07-14,93478.02353027056,-0.0036304877420007984,0.16399842679712617,3,0.791169391394655,0.208830608605345,0.0,0.0
2022-07-15,95000.85783163185,0.016290826911505532,0.15037926987033168,3,0.7933603526949892,0.2066396473050109,0.0,0.0
2022-07-18,94174.73763224197,-0.008689341623190941,0.1577675068084069,3,0.8003489656539334,0.1996510343460666,0.0,0.0
2022-07-19,96109.82515284825,0.02054784084626723,0.14046144758275125,3,0.8054240703648233,0.19457592963517656,0.0,0.0
2022-07-20,96652.22203642096,0.00564351129252504,0.1356106320558238,3,0.8060082160332419,0.19399178396675812,0.0,0.0
2022-07-21,97769.44375404957,0.011559193302432358,0.12561898826318962,3,0.8049118554695095,0.19508814453049064,0.0,0.0
2022-07-22,97359.94444055053,-0.0041884181578160035,0.12928126156959774,3,0.8007979226835538,0.19920207731644618,0.0,0.0
2022-07-25,97180.41203700664,-0.0008448516922417,0.130886872879458,0,0.0,0.0,0.0,1.0
2022-07-26,97133.44024733093,-0.0004833462700057,0.1313069554676647,0,0.0,0.0,0.0,1.0
2022-07-27,97286.0242899547,0.0015708703638546,0.12994235130872234,0,0.0,0.0,0.0,1.0
2022-07-28,97497.3409978371,0.0021721178290994,0.12805248357765575,0,0.0,0.0,0.0,1.0
2022-07-29,97485.61085624961,-0.0001203124256256,0.12815738969837476,0,0.0,0.0,0.0,1.0
2022-08-01,97483.26482793211,-2.4065380489379784e-05,0.1281783709225185,0,0.0,0.0,0.0,1.0
2022-08-02,97142.48628665126,-0.0034957645487395,0.13122605406627175,0,0.0,0.0,0.0,1.0
2022-08-03,97177.72793473948,0.0003627830564705,0.13091087759878384,0,0.0,0.0,0.0,1.0
2022-08-04,97306.99511950025,0.0013302141088087,0.12975480298635356,0,0.0,0.0,0.0,1.0
2022-08-05,96907.48391296074,-0.0041056781791369,0.13332774970223116,0,0.0,0.0,0.0,1.0
2022-08-08,97001.47871563789,0.0009699436914651,0.13248712642048688,0,0.0,0.0,0.0,1.0
2022-08-09,96907.48391296076,-0.0009690038123303,0.13332774970223105,0,0.0,0.0,0.0,1.0
2022-08-10,97001.4787156379,0.0009699436914651,0.13248712642048666,0,0.0,0.0,0.0,1.0
2022-08-11,96966.21657821942,-0.0003635216481788,0.1328024861301066,0,0.0,0.0,0.0,1.0
2022-08-12,96989.73832938528,0.0002425767653508,0.13259212416227173,0,0.0,0.0,0.0,1.0
2022-08-15,97071.96201181435,0.0008477565136821,0.13185677348551095,0,0.0,0.0,0.0,1.0
2022-08-16,96989.73832938529,-0.0008470384313346,0.13259212416227162,0,0.0,0.0,0.0,1.0
2022-08-17,96907.48391296082,-0.0008480733925185,0.1333277497022305,0,0.0,0.0,0.0,1.0
2022-08-18,97048.49148397423,0.0014550741110981,0.13206667734801503,0,0.0,0.0,0.0,1.0
2022-08-19,96977.96720913723,-0.0007266910980129,0.132697396767255,0,0.0,0.0,0.0,1.0
2022-08-22,96848.70002437648,-0.0013329541593916,0.13385347137968528,0,0.0,0.0,0.0,1.0
2022-08-23,96895.73328204305,0.0004856364376055,0.13343283906508163,0,0.0,0.0,0.0,1.0
2022-08-24,96789.96735911786,-0.0010915436556667,0.1343787349518093,0,0.0,0.0,0.0,1.0
2022-08-25,96848.7000243765,0.000606805300809,0.13385347137968495,0,0.0,0.0,0.0,1.0
2022-08-26,96825.20900720608,-0.0002425537685535,0.1340635584843214,0,0.0,0.0,0.0,1.0
2022-08-29,96754.7359556948,-0.000727837845473,0.1346938197982307,0,0.0,0.0,0.0,1.0
2022-08-30,96707.72318735853,-0.0004858963013222,0.135114268870702,0,0.0,0.0,0.0,1.0
2022-08-31,96695.9623117756,-0.0001216125785542,0.13521944985461942,0,0.0,0.0,0.0,1.0
2022-09-01,96625.3868136129,-0.0007298701670204,0.13585062737919007,0,0.0,0.0,0.0,1.0
2022-09-02,96837.15428676158,0.0021916338980061,0.13395672832121353,0,0.0,0.0,0.0,1.0
2022-09-06,96625.38681361292,-0.0021868411428278,0.13585062737918996,0,0.0,0.0,0.0,1.0
2022-09-07,96766.5582992686,0.0014610185822903,0.13458808908791642,0,0.0,0.0,0.0,1.0
2022-09-08,96648.90856477877,-0.0012158098475092,0.1356402654113551,0,0.0,0.0,0.0,1.0
2022-09-09,96566.58243569829,-0.0008518060917915,0.136376532298777,0,0.0,0.0,0.0,1.0
2022-09-12,96554.76009212452,-0.0001224268610898,0.13648226300909116,0,0.0,0.0,0.0,1.0
2022-09-13,96225.3838631466,-0.0034112893933313,0.13942797190624168,0,0.0,0.0,0.0,1.0
2022-09-14,96143.03724473585,-0.0008557681466657,0.1401644220357957,0,0.0,0.0,0.0,1.0
2022-09-15,96037.1381411638,-0.0011014744968216,0.14111150899638325,0,0.0,0.0,0.0,1.0
2022-09-16,96084.1816434955,0.0004898469825553,0.14069078506071364,0,0.0,0.0,0.0,1.0
2022-09-19,95978.30302925374,-0.0011019359527315,0.1416376887791687,0,0.0,0.0,0.0,1.0
2022-09-20,95931.3005055826,-0.0004897203033149,0.14205804623057394,0,0.0,0.0,0.0,1.0
2022-09-21,95848.92315317641,-0.0008587119321018,0.1427947712233265,0,0.0,0.0,0.0,1.0
2022-09-22,95672.38708345083,-0.0018418158902366,0.1443735854348812,0,0.0,0.0,0.0,1.0
2022-09-23,95554.7885722867,-0.0012291792308009,0.14542530365298934,0,0.0,0.0,0.0,1.0
2022-09-26,95342.99036514261,-0.0022165106564373,0.1473194775741642,0,0.0,0.0,0.0,1.0
2022-09-27,95342.99036514261,0.0,0.1473194775741642,0,0.0,0.0,0.0,1.0
2022-09-28,95754.7849251873,0.0043190858443562,0.1436366771999965,0,0.0,0.0,0.0,1.0
2022-09-29,95625.3640704494,-0.0013515862924136,0.1447941261284187,0,0.0,0.0,0.0,1.0
2022-09-30,95543.01745203864,-0.000861137828977,0.14553057625797294,0,0.0,0.0,0.0,1.0
2022-10-03,95752.70525816349,0.0021946952453131,0.14365527627642083,0,0.0,0.0,0.0,1.0
2022-10-04,97974.80548789368,0.024230888326767543,0.12378237762375155,3,0.8052768372543823,0.19472316274561774,0.0,0.0
2022-10-05,97608.68127801291,-0.0037369220388603097,0.1270567345676472,3,0.8064152991445803,0.19358470085541962,0.0,0.0
2022-10-06,96691.65633599983,-0.009394911702589027,0.13525795946775387,3,0.8056656234939196,0.19433437650608046,0.0,0.0
2022-10-07,94336.27780047631,-0.02435968753434804,0.15632280537293386,3,0.802747118383505,0.19725288161649496,0.0,0.0
2022-10-10,93468.79537357372,-0.009195639759471196,0.16408095692800573,3,0.8040113655364909,0.19598863446350911,0.0,0.0
2022-10-11,93077.60638123388,-0.00418124167512446,0.1675794756243263,3,0.7982713770043399,0.20172862299566008,0.0,0.0
2022-10-12,92924.64141682709,-0.0016434131726623031,0.16894748647927982,3,0.7969478650672743,0.20305213493272561,0.0,0.0
2022-10-13,94698.56607062802,0.019089927351387075,0.1530827543709815,3,0.8026575991208659,0.19734240087913424,0.0,0.0
2022-10-14,92812.18530488038,-0.019919845083406506,0.1699532147023769,3,0.8003079282854848,0.1996920717145152,0.0,0.0
2022-10-17,94630.68957230444,0.019593378406622147,0.1536897939428402,3,0.8050990777615955,0.19490092223840447,0.0,0.0
2022-10-18,95564.06793282121,0.00986852844289556,0.14534231559106636,3,0.8014900611632956,0.19850993883670442,0.0,0.0
2022-10-19,94675.92856470928,-0.009293653852578496,0.15328520827240932,3,0.8032757731057764,0.1967242268942237,0.0,0.0
2022-10-20,93719.84224367501,-0.010098515383250673,0.16183577062189636,3,0.8046658933359421,0.19533410666405795,0.0,0.0
2022-10-21,95222.56419633151,0.016034192084418676,0.14839648436975905,3,0.8112134145185836,0.1887865854814164,0.0,0.0
2022-10-24,96019.19748258806,0.008366013801246056,0.14127195760480682,3,0.8143269695202483,0.18567303047975178,0.0,0.0
2022-10-25,97803.51846652782,0.01859755422729144,0.12531424804551672,3,0.7979353521337564,0.2020646478662435,0.0,0.0
2022-10-26,97500.27041967587,-0.003100584228528909,0.12802628489294576,3,0.7943866207310663,0.20561337926893375,0.0,0.0
2022-10-27,97296.5845431129,-0.0020890801193293273,0.1298479078457535,3,0.7917988057383378,0.20820119426166214,0.0,0.0
2022-10-28,98990.15394159127,0.017406257438851266,0.11470181651876177,3,0.7967674201984525,0.20323257980154752,0.0,0.0
2022-10-31,98277.03585830334,-0.007203929430281615,0.12107944215731714,3,0.7967518996621,0.20324810033790003,0.0,0.0
2022-11-01,98116.38056247061,-0.0016314757720194604,0.12251622991755506,3,0.7978010020385792,0.2021989979614209,0.0,0.0
2022-11-02,96065.79219844412,-0.02089955165764492,0.140855247299138,3,0.7943812905034073,0.2056187094965926,0.0,0.0
2022-11-03,95173.41651627258,-0.009289213795563599,0.14883602658831296,3,0.7935734043136247,0.20642659568637528,0.0,0.0
2022-11-04,95930.41108339325,0.007953844622056176,0.14206600059590446,3,0.7986431127469491,0.20135688725305093,0.0,0.0
2022-11-07,96470.55631399585,0.005630594349617063,0.13723532226651536,3,0.8017681224478871,0.19823187755211288,0.0,0.0
2022-11-08,97097.77256923057,0.006503413686633441,0.13162594204737932,3,0.7991193885912831,0.20088061140871694,0.0,0.0
2022-11-09,95563.31812119212,-0.015803188965476892,0.1453490213779225,3,0.7952228831901006,0.2047771168098994,0.0,0.0
2022-11-10,100492.4064899812,0.05157929282591544,0.10126672828761929,3,0.7977750087827422,0.20222499121725776,0.0,0.0
2022-11-11,101193.88072746957,0.006980370577137284,0.09499323700106388,3,0.7999126356933847,0.20008736430661522,0.0,0.0
2022-11-14,100455.6420110774,-0.007295290101388153,0.10159552388085935,3,0.7989364225177218,0.20106357748227827,0.0,0.0
2022-11-15,101478.67885308474,0.010587126005308381,0.09244620324844699,2,0.39918539649294293,0.40221384124200654,0.19860076226505044,0.0
2022-11-16,102015.9555284096,0.005294478420463946,0.08764117925613568,2,0.3940538014120554,0.4088449920173429,0.1971012065706017,0.0
2022-11-17,101306.70020564363,-0.006952396015821752,0.09398425908647523,2,0.39559842107175947,0.40736289938592757,0.19703867954231305,0.0
2022-11-18,101067.24744501713,-0.0023636418927912577,0.09612575584722671,2,0.39833606967276936,0.4055199496888936,0.1961439806383371,0.0
2022-11-21,100982.7988057188,-0.0008355688062471776,0.09688100497041108,2,0.3972195945701791,0.4075697484792276,0.19521065695059342,0.0
2022-11-22,102315.3465313487,0.01360404904747986,0.08496363709159882,3,0.7998840950760265,0.20011590492397344,0.0,0.0
2022-11-23,103188.19734428915,0.008530986235510662,0.07715747447463539,3,0.7981160157808438,0.2018839842191561,0.0,0.0
2022-11-25,103099.13940517411,-0.0008630632321047786,0.0779539459274392,3,0.7986265311754412,0.20137346882455878,0.0,0.0
2022-11-28,101843.80177845214,-0.012176024300150136,0.08918080108768422,3,0.7955699058664937,0.20443009413350635,0.0,0.0
2022-11-29,101460.47769246565,-0.003763843054684485,0.09260898160358366,3,0.7972037917994502,0.20279620820054975,0.0,0.0
2022-11-30,104166.30848933851,0.026671686650005605,0.06840993761894076,3,0.8037629838990167,0.19623701610098337,0.0,0.0
2022-12-01,104757.68472057041,0.005677231340999648,0.0631210853198273,3,0.7986372610661969,0.20136273893380308,0.0,0.0
2022-12-02,104926.42989793816,0.0016108143074931394,0.061611947359671904,3,0.7964328833733051,0.20356711662669497,0.0,0.0
2022-12-05,103123.96412296503,-0.017178377046911608,0.07773193114424459,3,0.7957760267348283,0.2042239732651718,0.0,0.0
2022-12-06,102212.28097681016,-0.008840652644692566,0.08588538278628977,3,0.7913006273628302,0.2086993726371698,0.0,0.0
2022-12-07,102553.97449592312,0.0033517076308226808,0.08282951672554495,3,0.795971315405959,0.2040286845940411,0.0,0.0
2022-12-08,103136.1017201233,0.00567630096309277,0.07762338102801403,3,0.7976789162711698,0.20232108372883023,0.0,0.0
2022-12-09,101978.69996057173,-0.011222081698340533,0.08797436680275672,3,0.8007056297901175,0.19929437020988242,0.0,0.0
2022-12-12,103220.91945424583,0.012181166205829128,0.07686483098080454,3,0.802474449738312,0.19752555026168805,0.0,0.0
2022-12-13,104044.82793636098,0.0079819913102049,0.0694963740835488,3,0.8021464284198611,0.197853571580139,0.0,0.0
2022-12-14,103601.32034873134,-0.004260521384158881,0.07346279342986417,3,0.7982863554202075,0.20171364457979246,0.0,0.0
2022-12-15,101659.7885947401,-0.01874041515548144,0.09082648533798854,3,0.7936319563762557,0.20636804362374428,0.0,0.0
2022-12-16,100472.91187618428,-0.0116749870815412,0.10144107437654704,3,0.7935265935982155,0.2064734064017844,0.0,0.0
2022-12-19,99448.22002227543,-0.010198687733581433,0.11060519626920307,3,0.7949047260407992,0.2050952739592007,0.0,0.0
2022-12-20,99194.20757296478,-0.0025542181574870555,0.11287690462606681,3,0.798030726838098,0.20196927316190205,0.0,0.0
2022-12-21,100430.4446773009,0.01246478912385526,0.10182087107886528,3,0.8019657221114243,0.19803427788857578,0.0,0.0
2022-12-22,99277.58035679342,-0.011479231464241858,0.11213127719610216,3,0.7997046945341297,0.2002953054658703,0.0,0.0
2022-12-23,99442.75827098839,0.001663798750950055,0.11065404232409348,3,0.8029689186897281,0.19703108131027205,0.0,0.0
2022-12-27,98740.44460001726,-0.00706249186147147,0.11693504091221207,3,0.8054911084147003,0.19450889158529966,0.0,0.0
2022-12-28,97638.83838039915,-0.01115658557220961,0.1267870306940948,3,0.8044555101941657,0.19554448980583425,0.0,0.0
2022-12-29,99266.08067514839,0.016670462336030478,0.11223412224548923,3,0.8010464709047287,0.19895352909527134,0.0,0.0
2022-12-30,98836.92345045102,-0.004323301794313765,0.11607220205771585,3,0.8024054192897019,0.19759458071029812,0.0,0.0
2023-01-03,98875.76255410176,0.00039296147932212685,0.11572485248262254,3,0.7987136190279119,0.20128638097208804,0.0,0.0
2023-01-04,99758.11239487886,0.008923823371721701,0.10783373725417433,3,0.7977607067609788,0.20223929323902118,0.0,0.0
2023-01-05,98934.15227741333,-0.008259580075091972,0.11520265594161905,3,0.7952238515864922,0.20477614841350775,0.0,0.0
2023-01-06,101112.7008158156,0.02202506838957242,0.09571925292750483,3,0.800710064367161,0.1992899356328389,0.0,0.0
2023-01-09,101174.07955972533,0.0006070329781967183,0.09517032469248343,3,0.7997705343905508,0.20022946560944913,0.0,0.0
2023-01-10,101406.256455189,0.0022948258731291193,0.09309389814281288,3,0.8035351792223,0.19646482077770006,0.0,0.0
2023-01-11,102760.63866877367,0.013356002488694339,0.08098125798939626,3,0.8029737741850956,0.19702622581490434,0.0,0.0
2023-01-12,103459.53396934744,0.006801196544004641,0.07473083089735832,3,0.8004530915893099,0.19954690841069006,0.0,0.0
2023-01-13,103526.5752571701,0.0011991084065362501,0.07413126085968902,4,0.25066929863282145,0.24736020966507158,0.2526974343803592,0.24927305732174768
2023-01-17,103158.09751505333,-0.003559257525919526,0.07742666613748794,4,0.2511038591355016,0.24663927757344267,0.2519402300346679,0.25031663325638775
2023-01-18,103347.90903747713,0.0018400060392360631,0.07572912563154277,4,0.2466855327106062,0.25215164515644045,0.25075532874289935,0.25040749339005397
2023-01-19,103404.09309571316,0.0005436400093556756,0.07522665500475378,4,0.2447566297050389,0.2504370984962875,0.2545960361119489,0.2502102356867246
2023-01-20,103345.84566590702,-0.000563299073202276,0.07574757897291184,4,0.24945672798790067,0.2465161466168205,0.25388987100748267,0.2501372543877961
2023-01-23,103557.5050045865,0.0020521035756274003,0.0738546469934308,4,0.2524815459327517,0.2483133852782116,0.2499611622459981,0.24924390654303868
2023-01-24,104002.36254186633,0.004295753719251111,0.06987615464868568,4,0.25113173211549894,0.25080677864501066,0.24979260299849396,0.24826888624099624
2023-01-25,104210.82165914698,0.002004369056488917,0.06801184319436104,4,0.2507232807131154,0.2509121179648206,0.25044066253658465,0.24792393878547928
2023-01-26,104124.20227347726,-0.0008311937694247586,0.06878650594347568,4,0.25368973482082446,0.24995258107269952,0.24837930683271775,0.24797837727375832
2023-01-27,104083.1886633189,-0.000393891230500217,0.06915330277250809,4,0.25437281709020765,0.2494200371655891,0.24813105347320263,0.2480760922710006
2023-01-30,102906.19556129427,-0.010768444414536041,0.07967949970929811,3,0.7985617407517297,0.20143825924827027,0.0,0.0
2023-01-31,104280.199809408,0.013352007045050325,0.06739137390571237,3,0.7996267593221218,0.20037324067787818,0.0,0.0
2023-02-01,105417.58324807986,0.01090699328108928,0.05721941788701612,3,0.7994059247666875,0.2005940752333125,0.0,0.0
2023-02-02,106671.69078404427,0.011896568839119622,0.046003563791723656,3,0.8015076699866965,0.19849233001330344,0.0,0.0
2023-02-03,105446.24341840594,-0.011488027954101176,0.056963101518997195,3,0.8022040264475562,0.19779597355244385,0.0,0.0
2023-02-06,104774.3482307933,-0.00636973153234114,0.0629720586263296,3,0.8002081363154997,0.19979186368450033,0.0,0.0
2023-02-07,105702.86194779121,0.008862032860873713,0.05466808621831931,3,0.8035525135105781,0.1964474864894219,0.0,0.0
2023-02-08,104872.92105548138,-0.007851640693700049,0.06209049274162093,3,0.8010555478636168,0.1989444521363833,0.0,0.0
2023-02-09,103946.97120019628,-0.008829255883844766,0.07037153577709587,3,0.8011848391029072,0.19881516089709284,0.0,0.0
2023-02-10,103910.07776330589,-0.00035492555929631734,0.07070148467969795,3,0.8033397256299031,0.19666027437009692,0.0,0.0
2023-02-13,104510.0790599027,0.0063814257471352205,0.06533549587360965,5,0.20106472312264842,0.6012122656479811,0.19772301122937044,0.0
2023-02-14,104371.36528837612,-0.0013272764959547032,0.06657605410153977,5,0.20123933432781735,0.6006256429585073,0.19813502271367536,0.0
2023-02-15,103648.9208805774,-0.006921864112849623,0.07303708781472873,5,0.20330001625607555,0.599172049080618,0.19752793466330643,0.0
2023-02-16,102462.12269711251,-0.011450174043126723,0.08365097449077374,5,0.20282317953374493,0.5975246559396206,0.1996521645266345,0.0
2023-02-17,102947.41954074558,0.004736353599345667,0.07931082148554613,5,0.20136271071377715,0.5993327821571195,0.1993045071291034,0.0
2023-02-21,100834.65029712695,-0.019936096636885,0.09820594083846934,3,0.7998982789883057,0.20010172101169435,0.0,0.0
2023-02-22,100908.38831379243,0.0007312765646351881,0.09754647997687727,3,0.7982120519710657,0.20178794802893427,0.0,0.0
2023-02-23,101535.83076507789,0.006217941459279942,0.09193507681965218,3,0.7974993127484423,0.2025006872515576,0.0,0.0
2023-02-24,100403.52680634405,-0.011151767314078881,0.10206160554903643,3,0.7978780005838484,0.2021219994161516,0.0,0.0
2023-02-27,100732.6422278675,0.0032779269014946042,0.0991182291299807,3,0.79797967914787,0.2020203208521299,0.0,0.0
2023-02-28,100807.20663122341,0.001288906836840375,0.09845137764814238,4,0.24875535148552508,0.2508125210198204,0.25081571412695375,0.2496164133677007
2023-03-01,100539.278325084,-0.0026578288903447178,0.10084753962267956,4,0.24846158778027425,0.24877928547235803,0.2529357200744009,0.24982340667296682
2023-03-02,100506.19705265194,-0.00032903829212988005,0.10114339521260651,4,0.2504763376588909,0.24665436662464243,0.25287081429318214,0.2499984814232847
2023-03-03,101798.59455234867,0.01285888370664032,0.08958510266269981,4,0.2512624407766828,0.24942245698351648,0.2523375899613371,0.24697751227846357
2023-03-06,101477.44640388977,-0.003154740493924569,0.09245722540560197,4,0.2522322677347386,0.2482718918777865,0.2518593929173571,0.24763644747011782
2023-03-07,100302.5145013213,-0.011036534216572181,0.10296498842687951,3,0.7965278744611016,0.2034721255388984,0.0,0.0
2023-03-08,100452.97617120828,0.0015000787431406115,0.10161936527416582,3,0.7966329094493511,0.20336709055064894,0.0,0.0
2023-03-09,99026.69184297143,-0.014198527336869963,0.11437504727523529,3,0.7931973030311419,0.20680269696885809,0.0,0.0
2023-03-10,98599.53892553679,-0.004313512947721003,0.11819520197563826,3,0.7851386059016336,0.21486139409836627,0.0,0.0
2023-03-13,98537.35042678006,-0.0006307179469034385,0.11875137208741782,3,0.7845143488779586,0.21548565112204135,0.0,0.0
2023-03-14,98251.21754593281,-0.0023705539912345745,0.12131034295029552,4,0.25473640101890727,0.24647385496868002,0.2491428403680676,0.2496469036443451
2023-03-15,98897.42587564707,0.006577102511856031,0.1155311109997722,4,0.25148911018529274,0.24959171308469005,0.24944654875039288,0.24947262797962427
2023-03-16,99091.47996013825,0.0019621752818440494,0.11379562800821597,4,0.2554003966297426,0.24715429301454772,0.2494609675856259,0.24798434277008385
2023-03-17,100006.06873913945,0.00922974184429485,0.10561619043344639,4,0.2501057312721192,0.24856967911034483,0.25437748598869714,0.24694710362883873
2023-03-20,100007.55508582274,1.4862564862635737e-05,0.10560289759606467,4,0.2525068554857427,0.24637917808512722,0.2544705880801956,0.2466433783489344
2023-03-21,99555.16893270821,-0.0037730055724244,0.10964872057579922,0,0.0,0.0,0.0,1.0
2023-03-22,100017.29072202132,0.0046418663567882,0.10551582892611655,0,0.0,0.0,0.0,1.0
2023-03-23,100309.19569744087,0.0029185451166722,0.10290523651668826,0,0.0,0.0,0.0,1.0
2023-03-24,100357.83954514208,0.0004849390662839,0.10247020021971642,0,0.0,0.0,0.0,1.0
2023-03-27,99932.2137319837,-0.0042410818635341,0.10627669757554603,0,0.0,0.0,0.0,1.0
2023-03-28,99822.73627582256,-0.0010955171718177,0.10725578680020564,0,0.0,0.0,0.0,1.0
2023-03-29,99786.22982736478,-0.0003657127606372,0.10758227475095783,0,0.0,0.0,0.0,1.0
2023-03-30,99798.41958812349,0.0001221587465505,0.10747325812024189,0,0.0,0.0,0.0,1.0
2023-03-31,99920.023971225,0.0012185000885123,0.10638571420626186,0,0.0,0.0,0.0,1.0
2023-04-03,100041.91110650907,0.0012198469379787,0.10529564155600224,0,0.0,0.0,0.0,1.0
2023-04-04,100273.46419940931,0.0023145608709305,0.10322479385689676,0,0.0,0.0,0.0,1.0
2023-04-05,100407.5620400582,0.0013373213114709,0.10202551726212283,0,0.0,0.0,0.0,1.0
2023-04-06,100370.97181317594,-0.0003644170432866,0.10235275446806902,0,0.0,0.0,0.0,1.0
2023-04-10,100017.53158499164,-0.0035213391063123,0.10551367481743412,0,0.0,0.0,0.0,1.0
2023-04-11,100005.33135192988,-0.0001219809454245,0.10562278510504908,0,0.0,0.0,0.0,1.0
2023-04-12,100115.01825415218,0.0010968105473927,0.10464182274240463,0,0.0,0.0,0.0,1.0
2023-04-13,100175.99847485492,0.0006091016289677,0.10409645861812744,0,0.0,0.0,0.0,1.0
2023-04-14,99944.39302043938,-0.0023119854849629,0.10616777460172921,0,0.0,0.0,0.0,1.0
2023-04-17,99798.147308244,-0.0014632708026498,0.10747569319962214,0,0.0,0.0,0.0,1.0
2023-04-18,99773.75731442354,-0.0002443932525635,0.10769382011795303,0,0.0,0.0,0.0,1.0
2023-04-19,99688.47087832479,-0.0008547982795714,0.10845656190536712,0,0.0,0.0,0.0,1.0
2023-04-20,99932.19278737763,0.0024448354649788,0.10627688488934417,0,0.0,0.0,0.0,1.0
2023-04-21,99871.2858727963,-0.0006094824188529,0.1068215934153266,0,0.0,0.0,0.0,1.0
2023-04-24,99980.98324732165,0.0010983875251697,0.10584053739578292,0,0.0,0.0,0.0,1.0
2023-04-25,100370.97181317597,0.0039006274312147,0.10235275446806869,0,0.0,0.0,0.0,1.0
2023-04-26,100249.10562249804,-0.0012141577238564,0.10344263980452961,0,0.0,0.0,0.0,1.0
2023-04-27,100054.11133957088,-0.0019450974820807,0.10518653126838673,0,0.0,0.0,0.0,1.0
2023-04-28,100163.76682488399,0.0010959618135126,0.1042058498764401,0,0.0,0.0,0.0,1.0
2023-05-01,99945.0841924412,-0.0021832508837764,0.10616159324637908,0,0.0,0.0,0.0,1.0
2023-05-02,100274.97221104961,0.0033006927881837,0.10321130726340577,0,0.0,0.0,0.0,1.0
2023-05-03,100519.29104137671,0.002436488636595,0.10102629180412614,0,0.0,0.0,0.0,1.0
2023-05-04,100678.14540645308,0.0015803371017706,0.09960561029954784,0,0.0,0.0,0.0,1.0
2023-05-05,100433.75327000458,-0.0024274596583186,0.10179128135712201,0,0.0,0.0,0.0,1.0
2023-05-08,100274.97221104961,-0.001580953153549,0.10321130726340577,0,0.0,0.0,0.0,1.0
2023-05-09,100250.52985571383,-0.0002437532995205,0.10342990246623307,0,0.0,0.0,0.0,1.0
2023-05-10,100494.8801029501,0.0024373960675116,0.10124460603625574,0,0.0,0.0,0.0,1.0
2023-05-11,100555.97551898648,0.0006079455587566,0.10069821168608684,0,0.0,0.0,0.0,1.0
2023-05-12,100384.94186545446,-0.0017008800585872,0.10222781616448173,0,0.0,0.0,0.0,1.0
2023-05-15,100397.11068160705,0.0001212215291104,0.10211898684756437,0,0.0,0.0,0.0,1.0
2023-05-16,100274.97221104962,-0.001216553641118,0.10321130726340555,0,0.0,0.0,0.0,1.0
2023-05-17,100316.60508642974,0.001166061650877725,0.10283897216259474,4,0.2527400043903744,0.24898068858655176,0.2488443599022954,0.24943494712077843
2023-05-18,100006.18245185034,-0.0030944292254702424,0.10561517346708771,4,0.25596680833325997,0.24790317772742118,0.24637852500711852,0.24975148893220028
2023-05-19,100019.21208521782,0.00013028827866465138,0.10549864560757494,4,0.25556105998216183,0.24611803058794654,0.24878497016060308,0.24953593926928844
2023-05-22,99874.50446232468,-0.0014467982688151232,0.10679280861856266,4,0.25603525803522115,0.24559692297768895,0.24856205982940785,0.24980575915768202
2023-05-23,99684.88690776067,-0.0018985581514003656,0.10848861441264923,4,0.25364342920464716,0.24677242683108996,0.24933389092820676,0.25025025303605614
2023-05-24,99048.58949688096,-0.00603199114737284,0.11417921008884147,5,0.19975594203821823,0.600653821425309,0.19959023653647281,0.0
2023-05-25,98881.86087928976,-0.0016833012810994771,0.11567031335932354,5,0.2018255508308081,0.6001705767629002,0.19800387240629164,0.0
2023-05-26,99697.91147585277,0.008252783567242935,0.10837213185339012,5,0.2027659264380053,0.6000662467529482,0.19716782680904668,0.0
2023-05-30,100425.01933808443,0.0072931102715001455,0.1018693914898543,5,0.20137451591651517,0.6016734718313433,0.19695201225214143,0.0
2023-05-31,100869.98524573536,0.004430827204054999,0.09788992995687318,5,0.19937446265115583,0.6042407205698274,0.19638481677901687,0.0
2023-06-01,101458.0502834638,0.00583419630091352,0.09263069063922336,5,0.20072909969932948,0.5988605078019558,0.20041039249871465,0.0
2023-06-02,100786.8469738055,-0.006615574691047501,0.09863346007766371,5,0.2049879998321052,0.5962421734121379,0.19876982675575688,0.0
2023-06-05,100755.94194253703,-0.00030663754444567427,0.098909852900111,5,0.20465797088678372,0.5953141892635258,0.20002783984969055,0.0
2023-06-06,101176.50918888192,0.004174118550593648,0.09514859580134416,5,0.2042510225654885,0.5963338813297266,0.1994150961047849,0.0
2023-06-07,99967.12790246157,-0.011953182572869979,0.10596444983704834,5,0.2060072053218392,0.5945892755722175,0.19940351910594337,0.0
2023-06-08,100746.02692151154,0.008138945305726675,0.09899852586154745,4,0.24948160246203874,0.25088229561905745,0.2512578363200324,0.24837826559887136
2023-06-09,100642.40731920343,-0.0010285229648692607,0.09992522656907987,4,0.25018659738601107,0.25079616741266486,0.2508413256134568,0.24817590958786728
2023-06-12,100944.46527836275,0.003001299026972749,0.09722383302737891,4,0.251700847058328,0.25078167505464394,0.24987093280598513,0.2476465450810429
2023-06-13,100629.91360479241,-0.00311608638178366,0.10003696154708108,4,0.2541522237956137,0.24907995062674673,0.24880529284737196,0.24796253273026758
2023-06-14,100859.46961659646,0.0022811905881744343,0.09798397433405759,4,0.2538757450646111,0.25050193107894114,0.24837651881432524,0.24724580504212268
2023-06-15,100994.66946463524,0.0020948085545831,0.0967748421617175,0,0.0,0.0,0.0,1.0
2023-06-16,100858.04908859,-0.0013527483853301,0.09799667853557281,0,0.0,0.0,0.0,1.0
2023-06-20,100895.29470883182,0.0003692875340974,0.09766357995324138,0,0.0,0.0,0.0,1.0
2023-06-21,100895.29470883182,0.0,0.09766357995324138,0,0.0,0.0,0.0,1.0
2023-06-22,100783.54722774134,-0.0011075588947231,0.09866297068129692,0,0.0,0.0,0.0,1.0
2023-06-23,100870.48553606738,0.0008626240166917,0.09788545571267282,0,0.0,0.0,0.0,1.0
2023-06-26,100944.96615618595,0.000738378721216,0.09721935352907152,0,0.0,0.0,0.0,1.0
2023-06-27,100795.98367521873,-0.0014758782596125,0.09855174785839682,0,0.0,0.0,0.0,1.0
2023-06-28,100907.70991557911,0.0011084394068754,0.09755254709246408,0,0.0,0.0,0.0,1.0
2023-06-29,100659.39516026866,-0.0024608105319028,0.09977329928906786,0,0.0,0.0,0.0,1.0
2023-06-30,100696.64078051047,0.0003700163326285,0.09944020070673654,0,0.0,0.0,0.0,1.0
2023-07-03,100579.5937372584,-0.0011623728690929,0.10048698698443082,0,0.0,0.0,0.0,1.0
2023-07-05,100554.6146386531,-0.000248351555988,0.10071038244084474,0,0.0,0.0,0.0,1.0
2023-07-06,100492.40054017107,-0.0006187095311896,0.10126678149852841,0,0.0,0.0,0.0,1.0
2023-07-07,100604.48787294327,0.0011153811847433,0.10026435137650813,0,0.0,0.0,0.0,1.0
2023-07-10,100753.89516851264,0.0014850957320915,0.09892815780472664,0,0.0,0.0,0.0,1.0
2023-07-11,100741.43748030516,-0.000123644730426,0.09903957058974933,0,0.0,0.0,0.0,1.0
2023-07-12,101040.27331217402,0.0029663645798907,0.09636699348406363,0,0.0,0.0,0.0,1.0
2023-07-13,101326.64083547033,0.0028341918911041,0.0938059241444621,0,0.0,0.0,0.0,1.0
2023-07-14,101065.1674478589,-0.0025804999105419,0.09614435787614084,0,0.0,0.0,0.0,1.0
2023-07-17,101102.51927175124,0.0003695815762796,0.09581030948319547,0,0.0,0.0,0.0,1.0
2023-07-18,101102.51927175124,0.0,0.09581030948319547,0,0.0,0.0,0.0,1.0
2023-07-19,101139.90295673873,0.0003697601727115,0.09547597614706593,0,0.0,0.0,0.0,1.0
2023-07-20,101015.36855612411,-0.0012313082865809,0.09658972407304756,0,0.0,0.0,0.0,1.0
2023-07-21,101027.81562396654,0.0001232195459002,0.09647840626908633,0,0.0,0.0,0.0,1.0
2023-07-24,100903.32370481215,-0.0012322538934996,0.09759177427082211,0,0.0,0.0,0.0,1.0
2023-07-25,100890.85539623963,-0.0001235668768355,0.09770328203690615,0,0.0,0.0,0.0,1.0
2023-07-26,100990.47442043928,0.00098739398936,0.09681235968097002,0,0.0,0.0,0.0,1.0
2023-07-27,100841.00340267959,-0.001480050654455,0.09814912313911983,0,0.0,0.0,0.0,1.0
2023-07-28,100978.02735259684,0.0013588118453173,0.09692367748493136,0,0.0,0.0,0.0,1.0
2023-07-31,101002.90024755159,0.0002463198738067,0.0967012318391316,0,0.0,0.0,0.0,1.0
2023-08-01,100918.03291041093,-0.0008402465368089,0.09746022550078248,0,0.0,0.0,0.0,1.0
2023-08-02,100967.94862616129,0.0004946164160242,0.09701381451220037,0,0.0,0.0,0.0,1.0
2023-08-03,101005.40665370417,0.0003709892896959,0.09667881630864106,0,0.0,0.0,0.0,1.0
2023-08-04,101205.16509999108,0.0019777005301486,0.09489231752476013,0,0.0,0.0,0.0,1.0
2023-08-07,101610.9411831695,0.0050144549096286205,0.0912633421667669,3,0.8029563478085412,0.1970436521914588,0.0,0.0
2023-08-08,101488.64868164602,-0.0012035367461367226,0.09235704012703061,3,0.8004278545004142,0.1995721454995858,0.0,0.0
2023-08-09,101050.31683018584,-0.004319023429262162,0.09627717133612679,3,0.7985256515567177,0.20147434844328235,0.0,0.0
2023-08-10,100744.12366792292,-0.003030105910281071,0.0990155472205172,3,0.8012401791570107,0.19875982084298927,0.0,0.0
2023-08-11,100650.97807077525,-0.0009245759827609715,0.09984857580639817,3,0.8015141031183717,0.1984858968816283,0.0,0.0
2023-08-14,100463.40090334982,-0.0008645042922091,0.10152613381567532,0,0.0,0.0,0.0,1.0
2023-08-15,100500.66253070201,0.0003708975310128,0.10119289207702797,0,0.0,0.0,0.0,1.0
2023-08-16,100450.99796869955,-0.0004941714885441,0.10163705692346436,0,0.0,0.0,0.0,1.0
2023-08-17,100562.7722860759,0.0011127248074844,0.10063742619057825,0,0.0,0.0,0.0,1.0
2023-08-18,100600.00221938726,0.00037021586085,0.10030446790109904,0,0.0,0.0,0.0,1.0
2023-08-21,100754.56300436771,0.0025389284072403805,0.09892218515142914,3,0.8031658620941455,0.19683413790585463,0.0,0.0
2023-08-22,100687.56051925299,-0.0006650069546906216,0.09952140816502086,3,0.80152334299357,0.19847665700642997,0.0,0.0
2023-08-23,102081.57992139061,0.01384500125883046,0.08705428092751577,3,0.799383156490126,0.200616843509874,0.0,0.0
2023-08-24,100815.60529964033,-0.012401597063105478,0.09837626587593984,3,0.7982033881496979,0.20179661185030204,0.0,0.0
2023-08-25,101449.35381429413,0.006286214448350369,0.09270846573151348,3,0.7988090182882048,0.20119098171179514,0.0,0.0
2023-08-28,101639.29584003518,0.00247257385225342,0.09100975809585787,5,0.20077185204531212,0.5991485887737708,0.20007955918091705,0.0
2023-08-29,102765.39577760859,0.011079375631898643,0.08093871376007156,5,0.20144212248917112,0.5987378044827523,0.19982007302807675,0.0
2023-08-30,102838.14358960604,0.0007079018325866245,0.08028810859128299,5,0.20212870658657886,0.597693002160466,0.2001782912529551,0.0
2023-08-31,103048.17813238128,0.0020423797575869432,0.07840970764145783,5,0.20142156840426503,0.5991405101079608,0.1994379214877743,0.0
2023-09-01,102135.36631241393,-0.008858107309715903,0.08657325334676214,5,0.2036007712093278,0.5950782809203692,0.20132094787030308,0.0
2023-09-05,101392.04059129006,-0.006935163379728325,0.09322103481232213,4,0.25065787474738443,0.2482158512114351,0.24969122802991134,0.2514350460112691
2023-09-06,101139.93031359081,-0.0024864898292706996,0.095475731486658,4,0.24959343535241396,0.249446521497538,0.2491786469506798,0.2517813961993683
2023-09-07,101206.5900887815,0.0006590846462321871,0.09487957342913644,4,0.24866328872920093,0.249973551301342,0.2492805848362454,0.25208257513321175
2023-09-08,101337.27395824484,0.001291258497581108,0.09371082898699257,4,0.24871657874423692,0.25060723909595933,0.24904302022264768,0.25163316193715607
2023-09-11,101373.10800314556,0.00035361169193752967,0.0933903545398459,4,0.25026383911833244,0.24871343791998624,0.2494163278025892,0.25160639515909206
2023-09-12,100989.54080862776,-0.00323576007192604,0.09682070924714303,3,0.7981942523031873,0.20180574769681264,0.0,0.0
2023-09-13,101079.21016198148,0.000887907328182074,0.09601876973622125,3,0.7984160010889702,0.2015839989110299,0.0,0.0
2023-09-14,101627.98789282524,0.005429184992288127,0.0911108884075631,3,0.800951697211695,0.19904830278830493,0.0,0.0
2023-09-15,100523.98581919997,-0.010863169649580508,0.10098430501944822,3,0.7999920823532649,0.2000079176467351,0.0,0.0
2023-09-18,100685.79093746698,0.0016096170177537636,0.09953723405757986,3,0.7991749715293687,0.20082502847063124,0.0,0.0
2023-09-19,100370.03268228717,-0.00313525318754254,0.10236115339298002,3,0.8008516962170706,0.1991483037829294,0.0,0.0
2023-09-20,99693.52653740859,-0.006740120799003909,0.10841134765298976,3,0.798873761124642,0.201126238875358,0.0,0.0
2023-09-21,97862.36051364115,-0.01836795313966867,0.12478800623916009,3,0.8003707458333306,0.19962925416666946,0.0,0.0
2023-09-22,97843.47604552854,-0.0001929696771412762,0.12495689561502632,3,0.7987251820312837,0.2012748179687162,0.0,0.0
2023-09-25,97687.48529346446,-0.0015942887392052442,0.12635196698266649,3,0.8033648433224557,0.1966351566775443,0.0,0.0
2023-09-26,96471.12465068333,-0.01244822740411604,0.13723023946366086,3,0.798182960788658,0.20181703921134198,0.0,0.0
2023-09-27,96401.07945731218,-0.0007260741867037957,0.1378566743158549,3,0.7990817313871961,0.20091826861280387,0.0,0.0
2023-09-28,96906.82901943804,0.005246306005834683,0.13333360660842775,3,0.7995199181497866,0.20048008185021332,0.0,0.0
2023-09-29,96720.99333930752,-0.001917673728579482,0.13499558998247752,3,0.7991120238315197,0.20088797616848034,0.0,0.0
2023-10-02,96364.98637684877,-0.003680762057621127,0.13817946539454495,3,0.801745184103174,0.19825481589682603,0.0,0.0
2023-10-03,94918.25802289796,-0.015011289454965802,0.15111798435572543,3,0.8013199094727387,0.19868009052726127,0.0,0.0
2023-10-04,95738.18463979158,0.00863823919625482,0.14378513845519125,3,0.8002425441247142,0.19975745587528587,0.0,0.0
2023-10-05,95613.9907665857,-0.001297224024804144,0.14489584094398167,3,0.8009801334222076,0.1990198665777924,0.0,0.0
2023-10-06,96292.68325861973,0.007098255041888841,0.13882609353562214,3,0.8047774744654023,0.19522252553459762,0.0,0.0
2023-10-09,97230.00409365169,0.009734081586599268,0.1304433564698475,3,0.8021217811382656,0.19787821886173443,0.0,0.0
2023-10-10,97607.75754549174,0.0038872831293345605,0.12706499578040875,3,0.8010499053374964,0.19895009466250357,0.0,0.0
2023-10-11,98333.63516031828,0.0074366795537562265,0.12057325788277096,3,0.7983938704591437,0.2016061295408563,0.0,0.0
2023-10-12,97317.20799478241,-0.010336515718947446,0.1296634662263284,3,0.8018144637996729,0.19818553620032703,0.0,0.0
2023-10-13,97273.64390275766,-0.00044765045075172605,0.13005307276797784,3,0.7981780305928057,0.2018219694071943,0.0,0.0
2023-10-16,97774.58095622908,0.0051497716480344785,0.12557304474682363,3,0.8024435979817437,0.1975564020182564,0.0,0.0
2023-10-17,97555.24136124736,-0.0022408810803944725,0.12753466352678233,3,0.8017599316119535,0.1982400683880465,0.0,0.0
2023-10-18,96342.86818442705,-0.012427555504997311,0.13837727492198937,3,0.8010313253775313,0.1989686746224687,0.0,0.0
2023-10-19,95272.32903745821,-0.011111763300626722,0.14795142269749717,3,0.802914903098858,0.19708509690114198,0.0,0.0
2023-10-20,94438.9762280244,-0.008747060325418918,0.1554043430033496,3,0.8000467593132659,0.19995324068673417,0.0,0.0
2023-10-23,94534.85989496889,0.0010152976109458652,0.15454682705058564,3,0.7978499196012656,0.20215008039873453,0.0,0.0
2023-10-24,95353.99125959295,0.00866702912261914,0.14722109332597622,3,0.7991057618216277,0.2008942381783722,0.0,0.0
2023-10-25,93833.94024096406,-0.015941136795109858,0.16081535853325113,3,0.800396065627484,0.199603934372516,0.0,0.0
2023-10-26,93221.88936884781,-0.006522702452273787,0.16628911025205684,3,0.796003787479432,0.20399621252056796,0.0,0.0
2023-10-27,92804.73845395847,-0.004474817209923891,0.17001981408960187,3,0.7959574138952827,0.20404258610471723,0.0,0.0
2023-10-30,93602.5957492923,0.008597161186221716,0.16288434064995994,3,0.7986078360274939,0.2013921639725062,0.0,0.0
2023-10-31,93981.36623794849,0.004047978833037481,0.15949688429989217,3,0.8017787336632143,0.19822126633678563,0.0,0.0
2023-11-01,95188.89564969653,0.012848604570088086,0.1486975921263345,3,0.8000499924984373,0.1999500075015628,0.0,0.0
2023-11-02,97082.26645374154,0.019890668876050257,0.13176461781793514,3,0.7994802259995963,0.2005197740004036,0.0,0.0
2023-11-03,97922.34236870943,0.008653237564948823,0.12425157079361948,3,0.7998528712652716,0.20014712873472837,0.0,0.0
2023-11-06,97912.40848782161,-0.00010144652024794514,0.12434041242437499,3,0.8017742039478247,0.19822579605217527,0.0,0.0
2023-11-07,98424.0106587452,0.00522688394051044,0.11976500310789939,3,0.7981052910549475,0.20189470894505257,0.0,0.0
2023-11-08,98820.02792711178,0.004023583937659628,0.11622330371303835,3,0.7954890580373128,0.20451094196268724,0.0,0.0
2023-11-09,97742.11550782979,-0.010907833582854675,0.1258633928405416,3,0.7979896275520395,0.20201037244796047,0.0,0.0
2023-11-10,99069.8055079243,0.0135836020449973,0.11398946903592344,3,0.7995808403938762,0.20041915960612386,0.0,0.0
2023-11-13,98949.18543284784,-0.0012175261115943258,0.11506820999251977,3,0.7997925779793054,0.20020742202069464,0.0,0.0
2023-11-14,100933.5018757696,0.020054105246815758,0.09732188197481484,3,0.7994875508113397,0.20051244918866032,0.0,0.0
2023-11-15,100820.28842156468,-0.0011216637895340236,0.09833438333340838,3,0.802079685900515,0.197920314099485,0.0,0.0
2023-11-16,101167.17010321374,0.0034405940220943306,0.09523211800277742,3,0.8003072272659526,0.19969277273404734,0.0,0.0
2023-11-17,101362.55176540885,0.0019312753534153997,0.09348476209171441,3,0.7997580584870817,0.20024194151291816,0.0,0.0
2023-11-20,102110.54849799424,0.007379418923041146,0.08679520639106886,3,0.8000107386950067,0.1999892613049932,0.0,0.0
2023-11-21,101923.48974251495,-0.0018319131931571803,0.08846812808919835,3,0.7997214252764001,0.20027857472359983,0.0,0.0
2023-11-22,102310.33932137342,0.003795489929119844,0.08500841804928916,3,0.7997735401640647,0.2002264598359353,0.0,0.0
2023-11-24,102119.46618003472,-0.0018656290518119746,0.08671545292673988,3,0.8017614541528634,0.19823854584713668,0.0,0.0
2023-11-27,102310.16652338632,0.001867424013119925,0.08500996343272382,3,0.7988257603415552,0.20117423965844486,0.0,0.0
2023-11-28,102431.6584886062,0.0011874867312636544,0.08392342490506177,3,0.7986682483336888,0.2013317516663111,0.0,0.0
2023-11-29,102631.42468615319,0.00195157317815062,0.08213685679937277,3,0.797880243141656,0.20211975685834394,0.0,0.0
2023-11-30,102714.22449286276,0.0008067685600465101,0.0813963536730129,3,0.8003760646616654,0.1996239353383344,0.0,0.0
2023-12-01,103586.76465439619,0.008494832783302193,0.07359296930333359,3,0.7983294161737852,0.2016705838262148,0.0,0.0
2023-12-04,103069.5157913478,-0.004993387570063896,0.07821887865523403,3,0.7981238311962864,0.2018761688037137,0.0,0.0
2023-12-05,103500.3690789169,0.004180220351877113,0.07436563045181266,3,0.7946448204781524,0.20535517952184762,0.0,0.0
2023-12-06,103441.83661050291,-0.0005601768994480205,0.07488910360442691,3,0.7972228236572482,0.20277717634275186,0.0,0.0
2023-12-07,103950.73713523815,0.004919677969866528,0.0703378559077461,3,0.7993732040918834,0.20062679590811663,0.0,0.0
2023-12-08,104137.32147279961,0.0017949303939878028,0.06866917706917508,3,0.8013714466578631,0.19862855334213683,0.0,0.0
2023-12-11,104418.16428676966,0.002696850754351544,0.06615751683680338,3,0.8023247656621172,0.1976752343378828,0.0,0.0
2023-12-12,104862.06655656516,0.0042511977952070104,0.06218756773130918,3,0.8025772930817978,0.1974227069182021,0.0,0.0
2023-12-13,106510.6876396415,0.0157244239713013,0.04744346246446074,3,0.7984764674817999,0.20152353251820007,0.0,0.0
2023-12-14,107341.98979286707,0.007804870775392088,0.04000888178274076,3,0.7948354818233696,0.2051645181766305,0.0,0.0
2023-12-15,107225.96726725063,-0.0010808680353357105,0.04104650549662803,3,0.7943853881507148,0.2056146118492852,0.0,0.0
2023-12-18,107529.44093489843,0.0028302255077022674,0.03833245085578452,3,0.7965993199521887,0.2034006800478112,0.0,0.0
2023-12-19,108168.16328264438,0.005939976458472009,0.03262016825299141,3,0.7967108476805081,0.20328915231949177,0.0,0.0
2023-12-20,107115.2525954883,-0.009730759362765259,0.04203665950582114,3,0.7966664112709956,0.20333358872900442,0.0,0.0
2023-12-21,107786.56666968147,0.00626721272579469,0.036032899467431045,3,0.7992114772550457,0.20078852274495435,0.0,0.0
2023-12-22,107861.25245305133,0.0006929043727568119,0.03536496244827847,3,0.8002631706428048,0.19973682935719506,0.0,0.0
2023-12-26,108286.97723110254,0.003946966759323748,0.03155758002018283,3,0.8004827247555245,0.19951727524447546,0.0,0.0
2023-12-27,108826.54186975738,0.004982728786521656,0.0267320940960607,3,0.7979540897283145,0.20204591027168559,0.0,0.0
2023-12-28,108701.12927665142,-0.00115036458701276,0.02785369595686682,3,0.8012239222239459,0.19877607777605408,0.0,0.0
2023-12-29,108254.1022372112,-0.004112441539613702,0.03185159080019573,3,0.8022034576012284,0.19779654239877162,0.0,0.0
2024-01-02,107644.6792971356,-0.005629559780932944,0.037301840146601095,3,0.8022302757735262,0.19776972422647376,0.0,0.0
2024-01-03,107028.22947930286,-0.005726709595475079,0.04281493293617977,3,0.800261637107777,0.1997383628922231,0.0,0.0
2024-01-04,106427.51824254116,-0.005612642941812377,0.04818727094684383,3,0.8021862658717798,0.1978137341282203,0.0,0.0
2024-01-05,106340.26358721429,-0.0008176660338090199,0.04896761510012948,3,0.8017511380427196,0.19824886195728042,0.0,0.0
2024-01-08,107765.41110562555,0.013401767781424089,0.036222099925087514,3,0.8024428279357375,0.1975571720642624,0.0,0.0
2024-01-09,107498.48310521756,-0.002476935759530077,0.038609315870027916,3,0.8032149845100321,0.1967850154899679,0.0,0.0
2024-01-10,107888.27269911107,0.003626000875863467,0.03512331240732569,3,0.8048391910614648,0.19516080893853524,0.0,0.0
2024-01-11,107968.2357842547,0.0007411656813401689,0.034408178919757004,3,0.8038887584871334,0.19611124151286655,0.0,0.0
2024-01-12,107985.22148741203,0.00016121068488744012,0.03425627075968685,3,0.8004250301212593,0.19957496987874057,0.0,0.0
2024-01-16,107288.32754360257,-0.006453604800826203,0.04048879912708003,3,0.8026666227393984,0.19733337726060166,0.0,0.0
2024-01-17,106776.13944881097,-0.004773940525668648,0.04506944853376016,3,0.8020337049576375,0.19796629504236257,0.0,0.0
2024-01-18,107341.21236202026,0.005292127212373999,0.04001583457641833,3,0.8049063721359417,0.19509362786405826,0.0,0.0
2024-01-19,108485.27128649864,0.010658151694988443,0.029784177716546956,3,0.8063462942798036,0.1936537057201964,0.0,0.0
2024-01-22,108797.21716762801,0.0028818321691116205,0.026994353568266072,3,0.7993878080941952,0.20061219190580476,0.0,0.0
2024-01-23,108877.9083661228,0.0007416660149540096,0.02627270834794937,3,0.8011249343588229,0.19887506564117718,0.0,0.0
2024-01-24,108846.44110380094,-0.0002890142067759968,0.026554129368762336,3,0.8022326312053094,0.19776736879469053,0.0,0.0
2024-01-25,109462.03244666739,0.005655594584662681,0.021048714174358163,3,0.8020597747199268,0.19794022528007305,0.0,0.0
2024-01-26,109308.99072662281,-0.0013981260590893868,0.022417411477650084,3,0.8021624149297167,0.1978375850702832,0.0,0.0
2024-01-29,110253.03804576407,0.00863868311467566,0.013974517477816306,3,0.7994294287335798,0.2005705712664201,0.0,0.0
2024-01-30,110385.35240175233,0.0012000971432038808,0.01279119111311533,3,0.797853625678632,0.20214637432136787,0.0,0.0
2024-01-31,109167.40632996566,-0.011033584124041228,0.02368364255396327,3,0.7935909931731346,0.20640900682686536,0.0,0.0
2024-02-01,110743.28638500722,0.014435444680973405,0.0095900817849216,3,0.7925369275437806,0.20746307245621942,0.0,0.0
2024-02-02,111159.75979529704,0.0037607102325093516,0.005865437071111312,3,0.7978796556476366,0.20212034435236337,0.0,0.0
2024-02-05,110386.78747614406,-0.0069516006698675005,0.012778356818980208,3,0.8026669650328506,0.19733303496714935,0.0,0.0
2024-02-06,110856.92722139468,0.004259021899266865,0.008573758221241956,3,0.8015832988830501,0.19841670111694987,0.0,0.0
2024-02-07,111491.62327372188,0.005725362124277863,0.0028974839675467434,3,0.8036676640429108,0.19633233595708932,0.0,0.0
2024-02-08,111403.90953271728,-0.0007867294279970142,0.0036819338596394413,3,0.8046555786429945,0.19534442135700544,0.0,0.0
2024-02-09,111878.01673507472,0.004255750128932445,0.0,3,0.8058763957439303,0.19412360425606973,0.0,0.0
2024-02-12,111766.72486389344,-0.00043912855686409997,0.0009947608514085937,4,0.25000005897490957,0.2504030320574999,0.24945655112159784,0.2501403578459926
2024-02-13,110429.05432999418,-0.011968414888494231,0.012951270029318285,4,0.24954340292489455,0.2490936355107635,0.2489969710765552,0.2523659904877868
2024-02-14,110844.08222086859,0.003758321515949809,0.009241623550178546,4,0.25086837415456575,0.2494238720885053,0.247916789902497,0.25179096385443195
2024-02-15,111391.02711374655,0.004934362592205076,0.004352862479510722,4,0.2513589544683802,0.2494827601550036,0.24835824627917824,0.250800039097438
2024-02-16,111157.90128663917,-0.0020928600188712793,0.0064366125665310525,4,0.25063176203570775,0.2485589399894972,0.2497906524988138,0.2510186454759813
2024-02-20,111214.22460974696,0.0005083477786855751,0.005933177443604554,4,0.24849731587434856,0.25008846899046794,0.2513882598547886,0.2500259552803949
2024-02-21,111019.21269192778,-0.0017534799932605975,0.007676253728921334,4,0.24915930543556605,0.2487468549605597,0.25184326413310915,0.25025057547076496
2024-02-22,111735.01202953215,0.0064475266960384815,0.001278219883725673,4,0.2526865758320405,0.24835981936278556,0.25033667876481336,0.24861692604036048
2024-02-23,112297.66537662875,0.0050356046585280055,0.0,4,0.2515939468044116,0.2504234586801543,0.25049009041820464,0.24749250409722937
2024-02-26,112027.26444191166,-0.002407894534674541,0.002407894534674493,4,0.25127751392081665,0.2502792179377643,0.2505355900335963,0.2479076781078227
2024-02-27,111851.78281856325,-0.0015643298423637752,0.003970541654361837,4,0.2508568599178916,0.24862583669225588,0.25012560818876944,0.2503916952010831
2024-02-28,112069.3004457904,0.0019446952184928089,0.002033567929239144,4,0.2500390674874105,0.24971872140803444,0.25009160618907544,0.2501506049154795
2024-02-29,112529.05255592204,0.004102391183873181,0.0,4,0.24991272565532943,0.2504536260305024,0.2503526003720849,0.24928104794208325
2024-03-01,113556.51471328568,0.009130639013005492,0.0,4,0.24997649713254552,0.2497339947711711,0.252778932931001,0.24751057516528238
2024-03-04,113848.75728429182,0.0025735429776442406,0.0,4,0.2490674368480141,0.24809096788435708,0.25620826836494304,0.2466333269026857
2024-03-05,114161.2212367731,0.002750778382215175,0.0,4,0.24682251339870911,0.252864846712452,0.2508150986647609,0.24949754122407802
2024-03-06,114715.61987976765,0.004856278138832313,0.0,4,0.24687433514228935,0.25311946293074333,0.25165354588494854,0.24835265604201887
2024-03-07,115168.48628786266,0.003947730993997721,0.0,4,0.2483445390698107,0.25188775965119314,0.25208872673879523,0.2476789745402009
2024-03-08,115204.73237375641,0.0003147222566001744,0.0,4,0.24677622707691835,0.2513620544214169,0.2541395354005187,0.24772218310114597
2024-03-11,115194.47471548548,-8.903851482124492e-05,8.903851482122693e-05,4,0.24658598903796042,0.25125322067304706,0.254628558311734,0.24753223197725852
2024-03-12,114919.54515854132,-0.00238078798727265,0.002475481773525301,4,0.2532924037845111,0.24850133487802475,0.24785493322351176,0.25035132811395244
2024-03-13,114920.95909649048,1.2303720374072672e-05,0.0024632085107866297,4,0.2528922489743936,0.24729348988387642,0.24958868195150458,0.2502255791902254
2024-03-14,114282.67058615884,-0.005554152309116341,0.008003679784664985,4,0.2538019809018165,0.2448558242506267,0.24993479026470794,0.25140740458284877
2024-03-15,113965.58896011283,-0.002774538120431511,0.010756011390430142,4,0.2527605062008108,0.24545778781964991,0.24982955854512887,0.2519521474344104
2024-03-18,114101.66672781926,0.0011940250469293914,0.009574829290506015,4,0.2539594827733048,0.24442649022799692,0.24993143195595283,0.25168259504274537
2024-03-19,114331.28862858097,0.002018085949417175,0.007581665502609303,4,0.25088298403612436,0.25019657842670456,0.2492096220198953,0.24971081551727578
2024-03-20,114972.24686452352,0.0056061489696384,0.002018020479216509,4,0.2517918580462121,0.24872141798255437,0.25077230519735144,0.24871441877388212
2024-03-21,115099.542801909,0.001107188394217226,0.0009130664138531364,4,0.25234461513889983,0.24898124829525659,0.2502347869565158,0.2484393496093278
2024-03-22,115108.4490953358,7.737905129758744e-05,0.0008357580147683175,4,0.2518467141063921,0.2513422292435513,0.24820845535471678,0.24860260129533984
2024-03-25,114960.94614819366,-0.0012814258927247395,0.002116112945532822,4,0.25147316295468425,0.2504061195680034,0.24932082024705213,0.24879989723026025
2024-03-26,115144.35346744754,0.00194566211810796,0.0005241009207243019,5,0.19924292214203765,0.6004999183700107,0.20025715948795167,0.0
2024-03-27,116189.87122730247,0.009080061057014997,0.0,5,0.19910938331678701,0.6009984958174799,0.19989212086573296,0.0
2024-03-28,116426.0583242556,0.002032768385559923,0.0,5,0.19866750064345068,0.5992725063385699,0.20205999301797933,0.0
2024-04-01,115325.36429085123,-0.009454017848296865,0.009454017848296914,5,0.20021471388357312,0.5937144512988356,0.20607083481759125,0.0
2024-04-02,115152.32551695379,-0.0015004398638710295,0.010940272526914652,5,0.19924068229311653,0.5913300942751949,0.20942922343168863,0.0
2024-04-03,115172.02918368443,0.00057209817724744,0.010771034926550627,1,0.600315609175902,0.39968439082409807,0.0,0.0
2024-04-04,114658.27772763516,-0.004460731131427015,0.015183719367163007,1,0.5956451516441262,0.4043548483558738,0.0,0.0
2024-04-05,114726.43110697216,0.0005944043525483382,0.014598340283494382,1,0.601510230823131,0.3984897691768691,0.0,0.0
2024-04-08,114760.0225152045,0.00029279572203402425,0.014309818893044168,1,0.6016704974529341,0.39832950254706584,0.0,0.0
2024-04-09,115265.10992318731,0.004401248770371168,0.009971551195480322,1,0.5997269577181359,0.40027304228186417,0.0,0.0
2024-04-10,113902.04026802436,-0.01133118379138655,0.021679150634831723,4,0.25033325072640356,0.24735448719017514,0.25047218228570556,0.2518400797977158
2024-04-11,114578.99589196175,0.005943314293092876,0.015864682347568992,4,0.2507323159923588,0.2447755893198215,0.2538310722817388,0.2506610224060809
2024-04-12,113964.99158921168,-0.00535878585747967,0.021138452769651095,4,0.24860367952473514,0.2474096791009393,0.2518199695273888,0.25216667184693675
2024-04-15,113699.44555428074,-0.0023300667268778804,0.02341926549107276,4,0.24606248845364692,0.24414231730942168,0.2571329635807344,0.25266223065619703
2024-04-16,113482.21426715239,-0.0019105747268102439,0.025285095961115278,4,0.2460838537747103,0.24298617548735224,0.25793999763181696,0.2529899731061205
2024-04-17,113524.9830098046,0.0008882599826989204,0.024917749138009038,1,0.5959197254726445,0.4040802745273554,0.0,0.0
2024-04-18,113154.57673492795,-0.003262773224503899,0.028099221397810514,1,0.5966402370229048,0.40335976297709525,0.0,0.0
2024-04-19,112729.71113750593,-0.003754736305693397,0.03174845253675995,1,0.5936616041261256,0.40633839587387444,0.0,0.0
2024-04-22,113268.94060903905,0.004783383777816896,0.027116933791778264,1,0.596276419094747,0.4037235809052531,0.0,0.0
2024-04-23,114085.82213141434,0.007211875717941668,0.02010062203019458,1,0.5990320708570125,0.4009679291429875,0.0,0.0
2024-04-24,113929.6782410068,-0.0003690219140121,0.021441764147818065,0,0.0,0.0,0.0,1.0
2024-04-25,113845.52714346677,-0.000738623147535,0.022164549912029652,0,0.0,0.0,0.0,1.0
2024-04-26,113873.57750931344,0.0002463897049844,0.021923621323959086,0,0.0,0.0,0.0,1.0
2024-04-29,113929.67824100678,0.0004926580241035,0.021441764147818287,0,0.0,0.0,0.0,1.0
2024-04-30,113789.438065436,-0.0012309362910173,0.02264630699320258,0,0.0,0.0,0.0,1.0
2024-05-01,114017.37205197323,0.0020031207677302,0.020688549513322774,0,0.0,0.0,0.0,1.0
2024-05-02,114186.1753545445,0.0014805051154338,0.019238673901274428,0,0.0,0.0,0.0,1.0
2024-05-03,114369.0096668704,0.0016011948185339,0.017668283947706587,0,0.0,0.0,0.0,1.0
2024-05-06,114355.00196444096,-0.0001224781299606,0.017788598099289676,0,0.0,0.0,0.0,1.0
2024-05-07,114369.00966687044,0.0001224931326906,0.017668283947706365,0,0.0,0.0,0.0,1.0
2024-05-08,114021.76916141358,-0.002287857470863339,0.020650782113965316,4,0.25059748206384713,0.24905452684344284,0.24983632443397313,0.2505116666587369
2024-05-09,114799.02881878149,0.0068167654570206355,0.013974788195119658,4,0.2503349014427142,0.2485750529122307,0.2520601588675577,0.2490298867774975
2024-05-10,114885.61103764441,0.0007542068931576357,0.013231121183549188,4,0.2504685001434588,0.24698997043226,0.2539134969838739,0.2486280324404074
2024-05-13,114642.14788218765,-0.0021191788358682277,0.015322260907430385,4,0.25103411103399603,0.2481462524949198,0.25160232193885873,0.24921731453222545
2024-05-14,115206.96374200104,0.004926773182877121,0.01047097702869304,4,0.25094949474018513,0.24832351099959343,0.25248744377228005,0.24823955048794133
2024-05-15,115332.54600103109,0.0018432039805957,0.009392333116517548,0,0.0,0.0,0.0,1.0
2024-05-16,115247.69097551906,-0.000735742238026,0.010121165018356137,0,0.0,0.0,0.0,1.0
2024-05-17,115176.98040737382,-0.000613553013919,0.010728508160973704,0,0.0,0.0,0.0,1.0
2024-05-20,115148.69149264021,-0.0002456125749568,0.010971485679415749,0,0.0,0.0,0.0,1.0
2024-05-21,115205.25760341863,0.0004912440605722,0.010485631296019204,0,0.0,0.0,0.0,1.0
2024-05-22,115120.35570315144,-0.0007369620278916,0.011214865811807195,0,0.0,0.0,0.0,1.0
2024-05-23,115063.80131106179,-0.0004912631805575,0.011700619541716528,0,0.0,0.0,0.0,1.0
2024-05-24,115106.22296447342,0.0003686794015864,0.011336253917540895,0,0.0,0.0,0.0,1.0
2024-05-28,115007.17660683942,-0.000860477870641,0.012186977192549797,0,0.0,0.0,0.0,1.0
2024-05-29,114964.73151605022,-0.0003690647144073,0.012551544123700187,0,0.0,0.0,0.0,1.0
2024-05-30,115092.05506972905,0.001107500987475,0.011457943983736452,0,0.0,0.0,0.0,1.0
2024-05-31,115247.69097551904,0.0013522732363733,0.010121165018356248,0,0.0,0.0,0.0,1.0
2024-06-03,115378.24888730327,0.0011328462260642,0.008999784515886455,0,0.0,0.0,0.0,1.0
2024-06-04,115491.76782559014,0.0009838850856347,0.00802475418401083,0,0.0,0.0,0.0,1.0
2024-06-05,115605.33363863216,0.000983323878231,0.007049321238185913,0,0.0,0.0,0.0,1.0
2024-06-06,115691.79115878089,0.0014989921618679784,0.006306725281635117,4,0.24962115977637014,0.2492514725434444,0.25147088626578,0.24965648141440544
2024-06-07,114015.06889881233,-0.014493009773419047,0.02070833162390917,4,0.25298418717054827,0.24827709020372654,0.24606377959184325,0.25267494303388194
2024-06-10,114176.23042171172,0.0014135107267482213,0.019324092346044486,4,0.2534076559905635,0.24627382713494525,0.2479692297260304,0.2523492871484608
2024-06-11,114649.49872511542,0.004145068563357594,0.015259123470386049,4,0.25296940165859316,0.24779365129349779,0.24765105067363985,0.25158589637426926
2024-06-12,115215.75247069715,0.004938998878131832,0.010395489385955692,4,0.2537935511878817,0.24842860596236546,0.2470898519296109,0.250687990920142
2024-06-13,115313.11352171385,0.0015955400287768,0.009559241449556888,0,0.0,0.0,0.0,1.0
2024-06-14,115327.22135807236,0.0001223437294133,0.0094380672333928,0,0.0,0.0,0.0,1.0
2024-06-17,115214.16029398836,-0.0009803501961863,0.01040916481851517,0,0.0,0.0,0.0,1.0
2024-06-18,115369.62655023683,0.0013493676111666,0.009073842997213921,0,0.0,0.0,0.0,1.0
2024-06-20,115327.22135807239,-0.0003675594125805,0.009438067233392577,0,0.0,0.0,0.0,1.0
2024-06-21,114766.33313438289,-0.004116537828037251,0.014255616085964595,4,0.2506968511299611,0.25103338843961204,0.24714406837896052,0.25112569205146634
2024-06-24,114905.10570738427,0.0012091749314572576,0.013063678688110869,4,0.24958011494640023,0.25174421148515097,0.24782249668598832,0.2508531768824605
2024-06-25,114926.82556081792,0.00018902426745909218,0.012877123772946142,4,0.25049389466219224,0.2521235317476871,0.24654613936417727,0.25083643422594365
2024-06-26,114259.10357893024,-0.0058099749873830485,0.018612282993298868,4,0.2522722167287311,0.2499741234537534,0.24569847212026524,0.25205518769725027
2024-06-27,114757.4297147359,0.004361369205574084,0.014332088825616984,4,0.25157271272266685,0.24987719847114445,0.24740491324567163,0.251145175560517
2024-06-28,114116.62799020988,-0.005581264490055727,0.019836026120662598,4,0.250413859684879,0.24672562657200972,0.25142652203899574,0.2514339917041155
2024-07-01,113739.55045678308,-0.00330431717154449,0.023074798770481353,4,0.2517611159295175,0.2432712762485243,0.2529171032963476,0.2520505045256105
2024-07-02,114171.02543371689,0.003793535100156383,0.019368798729389902,4,0.25249752499625433,0.24423877693949733,0.2519495797833857,0.2513141182808626
2024-07-03,115032.47633656397,0.007545267282785296,0.011969674209964198,4,0.2517250253068055,0.24559330110761776,0.25288174711928185,0.24979992646629487
2024-07-05,115878.56185433452,0.007355188245231376,0.004702525171781269,4,0.25132802859940306,0.24581850213869832,0.25442099784241073,0.24843247141948785
2024-07-08,116000.56669703046,0.00155650427531196,0.0036546081981072565,1,0.5997587282594831,0.4002412717405169,0.0,0.0
2024-07-09,115863.01052507489,-0.0011858232754572468,0.004836097754100543,1,0.6010546766435775,0.3989453233564225,0.0,0.0
2024-07-10,116697.28214523927,0.0072005001111535225,0.0,1,0.6026628760791857,0.3973371239208143,0.0,0.0
2024-07-11,116541.34281964431,-0.0013362721284363587,0.0013362721284363444,1,0.5982658890110976,0.4017341109889024,0.0,0.0
2024-07-12,117181.31954680919,0.005491413705051173,0.0,1,0.5987514002685026,0.4012485997314973,0.0,0.0
2024-07-15,116823.60462211793,-0.00285323233413768,0.0030526616876708212,2,0.40224777690018254,0.3965326743436061,0.2012195487562113,0.0
2024-07-16,118224.19219712586,0.011988909086809359,0.0,2,0.39983951285064845,0.39736280128286683,0.2027976858664846,0.0
2024-07-17,117460.05318242646,-0.006463474188305528,0.006463474188305507,2,0.39679805060839407,0.40003271594241724,0.20316923344918864,0.0
2024-07-18,116590.39599773387,-0.0074038548521847035,0.013819474415759259,2,0.39668562470001817,0.3999358172673675,0.2033785580326144,0.0
2024-07-19,115583.55724726198,-0.008635692004094885,0.022335825695141143,2,0.3974839715682443,0.4010458054395035,0.20147022299225217,0.0
2024-07-22,115775.58979591884,0.001960532588400225,0.02071151729355225,4,0.252083217793212,0.24878587001853197,0.24958960452463505,0.24954130766362095
2024-07-23,115805.12633757768,0.0002551189046921506,0.020461682288466454,4,0.2516236294828167,0.24837344084680993,0.250403447679158,0.24959948199121537
2024-07-24,114746.36003254916,-0.00914265489372346,0.029417263082481382,4,0.2481903467520105,0.2479558938050538,0.2518283252085117,0.252025434234424
2024-07-25,114382.58704884851,-0.0031702354967727718,0.03249423892761216,4,0.24768240990852566,0.25078290391840163,0.24867690333350645,0.25285778283956634
2024-07-26,115262.1499340967,0.0076896572104332,0.025054451275846157,4,0.24854511551300312,0.25081115454985226,0.2493789579023507,0.25126477203479375
2024-07-29,115376.6562483637,0.00154574976000738,0.024085898967397545,3,0.7992350079270328,0.20076499207296708,0.0,0.0
2024-07-30,114998.6478300562,-0.0032762989550830764,0.027283285316861527,3,0.7977993773265075,0.20220062267349245,0.0,0.0
2024-07-31,116727.80246550287,0.01503630406160948,0.01265722102907596,3,0.7987570390074081,0.20124296099259192,0.0,0.0
2024-08-01,115610.07072437087,-0.009575539995814834,0.022111561298691074,3,0.7950589729176878,0.20494102708231227,0.0,0.0
2024-08-02,114637.04604694578,-0.008416435275305022,0.03034189604948967,3,0.7868789857083347,0.2131210142916653,0.0,0.0
2024-08-05,112855.3773835448,-0.015357813931741938,0.045412150540467655,1,0.5916116101651749,0.4083883898348251,0.0,0.0
2024-08-06,112439.9952423965,-0.0036806588288353414,0.048925662736479913,1,0.5992717161973172,0.40072828380268277,0.0,0.0
2024-08-07,111672.4159269961,-0.006826568373163526,0.055418236727770576,1,0.5993577858264407,0.4006422141735593,0.0,0.0
2024-08-08,112944.46582028446,0.011390905110532656,0.04465859549319684,1,0.6063069345109589,0.3936930654890412,0.0,0.0
2024-08-09,113684.93566612134,0.006556052485254962,0.03839532710391291,1,0.6050140578026757,0.39498594219732425,0.0,0.0
2024-08-12,114250.55511085258,0.00547806352323495,0.03361103182373759,4,0.24876858117724523,0.24954199614904352,0.25290076001413664,0.24878866265957464
2024-08-13,114916.19571596367,0.005826147666987281,0.027980706991395432,4,0.2513950677906987,0.2498171662081751,0.25105056760325295,0.24773719839787325
2024-08-14,114948.61591486688,0.00028212036346331616,0.02770648055515834,4,0.25211703655831685,0.25131269107388465,0.24893283260129112,0.24763743976650734
2024-08-15,115233.14644631866,0.002475284536374933,0.02529977744165901,4,0.25580520199230705,0.2486690125017484,0.24909760670719025,0.2464281787987544
2024-08-16,116073.19654294864,0.007290003983544187,0.018194208936447298,4,0.25452324013166766,0.24773378848050334,0.25283119835060974,0.24491177303721917
2024-08-19,116429.23217147829,0.0030747142069150247,0.015182679553899292,4,0.2516166799667003,0.25038465199518434,0.24882542726207346,0.24917324077604203
2024-08-20,116762.39934306352,0.0028615422894357656,0.01236458314407396,4,0.25049074614476796,0.2516596680296792,0.24902601531424787,0.24882357051130485
2024-08-21,116873.6477414768,0.0009527758853810052,0.01142358793534548,4,0.25111234969579516,0.2515730316809205,0.24845718575673864,0.24885743286654569
2024-08-22,115965.05735164962,-0.007774125368594334,0.019108904899171386,4,0.25109349559528926,0.2510273821477377,0.24740526774037697,0.25047385451659604
2024-08-23,116863.30058136619,0.007745809386294396,0.011511109447806867,4,0.2518109530398377,0.2507288271201413,0.24834005137372478,0.2491201684662963
2024-08-26,116798.20066030823,-0.000554522063208975,0.012061757499175374,4,0.2495424525551093,0.24950319852839156,0.25093648433641136,0.2500178645800877
2024-08-27,116884.70909596933,0.0007406658250901455,0.01133002540565542,4,0.24970017539609793,0.2488866052797989,0.25142946179951203,0.2499837575245911
2024-08-28,116469.60554692676,-0.0035513930971222446,0.014841181128761871,4,0.24913534177146673,0.24946772366378808,0.25055251205318124,0.25084442251156386
2024-08-29,116524.74462356184,0.00047342030889642396,0.014374786936419692,4,0.24903971827340296,0.24853418932173527,0.25173069361680744,0.2506953987880542
2024-08-30,116283.92778894241,-0.002066658334222436,0.01641173749741731,4,0.25193773898477984,0.24639322518294474,0.25045446235226065,0.25121457348001486
2024-09-03,116066.02941395769,-0.0018702477081575756,0.01825483213765311,4,0.24531401298022573,0.2545648853435423,0.24938551854752267,0.2507355831287093
2024-09-04,116469.6261027296,0.0034773024528346,0.014841007257387018,4,0.24396358915336122,0.25695274182212363,0.24867241740601437,0.25041125161850075
2024-09-05,116821.67887723916,0.003022700306421891,0.011863166868149588,4,0.2426368072299892,0.25762728500200066,0.24998879112045477,0.24974711664755536
2024-09-06,116178.26122242888,-0.005507690533076568,0.01730551874937425,4,0.2398743334051019,0.2590280801697331,0.24951245387349197,0.2515851325516729
2024-09-09,116745.70613803488,0.004884260701058424,0.012505782713454816,4,0.24138108714059547,0.25888238395143137,0.24934401117987326,0.25039251772809984
2024-09-10,117400.55859870769,0.00595236902381548,0.006966709462009613,5,0.199682553088938,0.6006252689405108,0.19969217797055105,0.0
2024-09-11,117547.74145662767,0.0012536810699774574,0.005721762423804733,5,0.20147849931788953,0.5993965834325995,0.19912491724951104,0.0
2024-09-12,117829.28790789699,0.0023951668299232952,0.003340300169447641,5,0.2026901008229436,0.5951710541068516,0.20213884507020494,0.0
2024-09-13,118379.94759872924,0.00467336857083181,0.0,5,0.20280096639311138,0.5939998086201421,0.2031992249867465,0.0
2024-09-16,119057.66601752283,0.00572494271657275,0.0,5,0.20194434622905055,0.5960300314633427,0.20202562230760673,0.0
2024-09-17,118589.7841033976,-0.0039259220357614,0.003929876418511058,5,0.2008703257519911,0.5994519372914229,0.19967773695658597,0.0
2024-09-18,117455.3465474295,-0.009566064771473067,0.01345834773762078,5,0.20220892310942612,0.5977392393817363,0.20005183750883762,0.0
2024-09-19,117993.15289720564,0.004578815401638308,0.008941155625883934,5,0.20472210841764285,0.5930430928342374,0.20223479874811987,0.0
2024-09-20,117986.80533023235,-5.379606203774649e-05,0.008994470688958978,5,0.20437921998655903,0.5908044251714084,0.20481635484203262,0.0
2024-09-23,117945.92839337382,-0.00034645345930107594,0.009337807982775281,5,0.2049609311937371,0.5897541652364582,0.20528490356980472,0.0
2024-09-24,118327.38650203367,0.0032444569231372803,0.00613383026828096,5,0.19992361022072397,0.5979384030748025,0.20213798670447333,0.0
2024-09-25,117654.0586160607,-0.00569038078062666,0.01178930721903737,5,0.20062431439210687,0.5963617802260878,0.20301390538180536,0.0
2024-09-26,118034.0940825836,0.0032301092796388335,0.00859727869004745,5,0.20077121483022273,0.5958391423599698,0.20338964280980742,0.0
2024-09-27,118174.98006099787,0.0011936040981150322,0.0074139363390094415,5,0.2002410297803217,0.5982239462305817,0.20153502398909656,0.0
2024-09-30,117742.20460555838,-0.0036621580576203174,0.011048943389927124,5,0.20178243802401283,0.5975598518189726,0.20065771015701458,0.0
2024-10-01,118288.07658802623,0.0046386138720332,0.006464005680938967,5,0.19729311271313354,0.6015417647363737,0.2011651225504929,0.0
2024-10-02,117703.11677625656,-0.0049452136567151115,0.011377253448483615,5,0.1983572824814058,0.5994366883073957,0.2022060292111985,0.0
2024-10-03,116979.31189325341,-0.006149411356532247,0.017456701393453566,5,0.19921977782801742,0.597463844682858,0.20331637748912473,0.0
2024-10-04,116283.88918984367,-0.00594483496401765,0.02329775914867105,5,0.2022323447039858,0.5936436197565634,0.2041240355394508,0.0
2024-10-07,115470.69684455072,-0.006993164323609272,0.03012799841418179,5,0.20181543869124782,0.5933193937568353,0.2048651675519169,0.0
2024-10-08,115453.22723269464,0.0008495591249848,0.030274730770362135,0,0.0,0.0,0.0,1.0
2024-10-09,115341.23250971238,-0.0009700441093478,0.031215407055463884,0,0.0,0.0,0.0,1.0
2024-10-10,115439.2221899429,0.0008495633183238,0.030392363201940942,0,0.0,0.0,0.0,1.0
2024-10-11,115537.21187017341,0.0008488421731505,0.02956931934841789,0,0.0,0.0,0.0,1.0
2024-10-14,115481.19169916639,-0.000484866910844,0.030039849074733782,0,0.0,0.0,0.0,1.0
2024-10-15,115635.2100053098,0.00208527296722545,0.028746204479678905,4,0.24754135503014102,0.25251280315787705,0.2503450520612447,0.24960078975073738
2024-10-16,116044.94662562365,0.003543355179577667,0.025304707312637675,4,0.24773941690280243,0.2526816430287705,0.25070882974862646,0.24887011031980064
2024-10-17,115732.62162857273,-0.0026914140264850785,0.02792801589492544,4,0.24842932324914374,0.24934957569223964,0.25289078595874626,0.24933031509987041
2024-10-18,116199.99217747527,0.004038364830293853,0.024002434581801513,4,0.24838188854658094,0.24853199917245683,0.2545480691400903,0.2485380431408719
2024-10-21,115600.19740732224,-0.005161745357408917,0.02904028548394122,4,0.2492605956994777,0.24545689189821762,0.25581788050628285,0.24946463189602175
2024-10-22,115863.911290491,0.00263673601416194,0.026825275800062998,5,0.19936808306125345,0.5990060863021048,0.2016258306366418,0.0
2024-10-23,115183.37197978604,-0.005873608987691896,0.03254132360671824,5,0.19871352823745103,0.6009134315689163,0.2003730401936326,0.0
2024-10-24,115853.96819895558,0.0058219880842457035,0.02690879072075658,5,0.19799060741527785,0.6012635704115842,0.2007458221731378,0.0
2024-10-25,115502.96720251578,-0.0030296847134060677,0.029856950282259653,5,0.19852372738729435,0.59970622087752,0.2017700517351856,0.0
2024-10-28,115386.81574337903,-0.0010056145045441356,0.030832540204538628,5,0.1993378638358898,0.5986810086264611,0.20198112753764896,0.0
2024-10-29,115780.85946773995,0.0034169683852030602,0.027522852239524,5,0.19964150720706464,0.5988680077236929,0.20149048506924258,0.0
2024-10-30,116042.8098179022,0.0022624667960358482,0.025322654982812276,5,0.19858827188989794,0.5992691991083388,0.20214252900176324,0.0
2024-10-31,115340.58136550692,-0.006051460262787759,0.031220876205223402,5,0.19588065060336307,0.60389741756803,0.20022193182860692,0.0
2024-11-01,114359.21119306154,-0.008508455227353837,0.039463690005226426,5,0.19839542084005274,0.6004928830929075,0.20111169606703977,0.0
2024-11-04,115409.03056802235,0.009180015881611174,0.03064595142461024,5,0.19616725822331155,0.604266300744298,0.19956644103239038,0.0
2024-11-05,116444.50581486504,0.009379840928456739,0.02194869335228855,1,0.6016121284566986,0.39838787154330135,0.0,0.0
2024-11-06,116915.89421851853,0.004048180722265561,0.017989364907330496,1,0.614085511780846,0.385914488219154,0.0,0.0
2024-11-07,118036.2820057293,0.00958285265403476,0.008578901686542406,1,0.6129598205927614,0.38704017940723845,0.0,0.0
2024-11-08,118929.92684745633,0.0075709335006304635,0.00107291848008928,1,0.6109892908747209,0.3890107091252791,0.0,0.0
2024-11-11,118774.08385784696,-0.0013103765699718326,0.002381889122823333,1,0.6123738706019597,0.38762612939804025,0.0,0.0
2024-11-12,117378.32306517992,-0.01134369575264172,0.014105290390084901,5,0.2016663957702693,0.5977849119164341,0.20054869231329664,0.0
2024-11-13,116486.91065473144,-0.007594352919435343,0.021592522756266885,5,0.2033083543773558,0.5966455089018571,0.2000461367207871,0.0
2024-11-14,116676.27624007713,0.0016256383166257798,0.020001986071986444,5,0.2016732131865582,0.5991264265659346,0.1992003602475072,0.0
2024-11-15,116147.95056443554,-0.004528132819001671,0.024439547241410287,5,0.1999956606205015,0.6002524730217039,0.19975186635779452,0.0
2024-11-18,116808.24671323209,0.005684957380545781,0.01889352764533181,5,0.19967995275747819,0.5979194897330368,0.20240055750948502,0.0
2024-11-19,117255.64684723996,0.00423222445731648,0.0151356836612071,1,0.5996553449614657,0.4003446550385344,0.0,0.0
2024-11-20,117129.38572150441,-0.0010768020912462542,0.01619618761663455,1,0.600505213371536,0.39949478662846405,0.0,0.0
2024-11-21,117470.73220186745,0.0029142685096516436,0.013329119146530455,1,0.601974494831274,0.3980255051687261,0.0,0.0
2024-11-22,117715.79644856315,0.0020861728032354207,0.011270753189149385,1,0.6025832216732692,0.3974167783267308,0.0,0.0
2024-11-25,119167.5141731499,0.012332395212745135,0.0,1,0.5972615814051268,0.40273841859487314,0.0,0.0
2024-11-26,119355.44898855068,0.0015798069027704198,0.0,1,0.6021814979223098,0.3978185020776902,0.0,0.0
2024-11-27,119466.66095721077,0.0009317711893553349,0.0,1,0.599798022683312,0.40020197731668805,0.0,0.0
2024-11-29,120405.27066777372,0.007856666479522004,0.0,1,0.5988192745123734,0.4011807254876267,0.0,0.0
2024-12-02,120650.56427135506,0.0020372331063327853,0.0,1,0.598672980179037,0.401327019820963,0.0,0.0
2024-12-03,120266.2377003098,-0.003185451915341912,0.003185451915341919,1,0.6008646955868915,0.3991353044131085,0.0,0.0
2024-12-04,120839.76513609473,0.00527145070411695,0.0,4,0.2502332594173734,0.2513614771546818,0.24944349088614426,0.24896177254180055
2024-12-05,120628.37215389182,-0.0017493660465562719,0.0017493660465562888,4,0.2502592870208884,0.2523105726238926,0.24803207931335494,0.24939806104186418
2024-12-06,120771.19213357741,0.001183966732995288,0.0005674705047638007,4,0.25043716718047637,0.2523865375251124,0.24783056911297136,0.24934572618143974
2024-12-09,120620.40824970047,-0.0012485086982511862,0.001815270711153838,4,0.2494589236158306,0.25037289976363436,0.25060186544825774,0.2495663111722772
2024-12-10,120779.03200029096,0.0013150656086498705,0.0005025923025866463,4,0.2483567525530564,0.24886764851561474,0.2535674089437257,0.2492081899876032
2024-12-11,120659.02121104147,-0.0002430299253736,0.001495732177646203,0,0.0,0.0,0.0,1.0
2024-12-12,120600.27625732037,-0.0004868674810345,0.001981871435323024,0,0.0,0.0,0.0,1.0
2024-12-13,120541.54318807302,-0.0004870060921091,0.0024679123439692585,0,0.0,0.0,0.0,1.0
2024-12-16,120556.23239762173,0.0001218601418251,0.0023463529422924623,0,0.0,0.0,0.0,1.0
2024-12-17,120570.89783822295,0.0001216481330708,0.0022249902386766163,0,0.0,0.0,0.0,1.0
2024-12-18,117693.96892688419,-0.02288377361453544,0.026032789832615255,1,0.5957509532527773,0.4042490467472227,0.0,0.0
2024-12-19,116952.04809900558,-0.006303813480362151,0.03217249746149908,1,0.5993461966386264,0.4006538033613736,0.0,0.0
2024-12-20,118060.76642020894,0.009480110346291473,0.02299738594125844,1,0.6008488379725989,0.39915116202740114,0.0,0.0
2024-12-23,118053.3039476842,-6.320874199805799e-05,0.023059141047421905,1,0.6044849915491616,0.39551500845083853,0.0,0.0
2024-12-24,119043.94330757244,0.008391458152897309,0.014861182711665921,1,0.6061176907363166,0.3938823092636835,0.0,0.0
2024-12-26,119013.66105694197,-6.0508181751840036e-05,0.01511178110199174,3,0.8001016861340652,0.19989831386593485,0.0,0.0
2024-12-27,117816.23902659763,-0.010061214987508317,0.02502095321098885,3,0.799725559145064,0.20027444085493595,0.0,0.0
2024-12-30,116930.66379385086,-0.007516580397264568,0.032349461601826834,3,0.7965871163993707,0.2034128836006293,0.0,0.0
2024-12-31,116464.46880049734,-0.003986935318997522,0.03620742170981339,3,0.7968660780131407,0.20313392198685934,0.0,0.0
2025-01-02,116301.45658080887,-0.0013996734056952518,0.03755641655025266,3,0.7960222502173656,0.20397774978263447,0.0,0.0
2025-01-03,117389.94738737086,0.00936323403224522,0.028548696241163185,3,0.8024889181101362,0.19751108188986366,0.0,0.0
2025-01-06,117829.03180022206,0.0037403919383512574,0.024915087616082854,3,0.8041040836842306,0.19589591631576947,0.0,0.0
2025-01-07,116497.70059116614,-0.011298838569030946,0.03593241463220642,3,0.8040998489756341,0.19590015102436587,0.0,0.0
2025-01-08,116663.7875491296,0.001425667263135979,0.03455797503629687,3,0.8041282288238666,0.19587177117613344,0.0,0.0
2025-01-10,115080.10442207353,-0.01357476180335004,0.047663620560122966,3,0.8027483769944348,0.19725162300556517,0.0,0.0
2025-01-13,115147.6556298217,0.00078990145883066,0.04710460583784104,1,0.6004560497338102,0.3995439502661899,0.0,0.0
2025-01-14,115167.38734051796,0.00017136007318904896,0.04694131761335607,1,0.6011791650919134,0.3988208349080866,0.0,0.0
2025-01-15,117218.44386601774,0.017809351873507104,0.02996796018263126,1,0.6014040157113726,0.39859598428862736,0.0,0.0
2025-01-16,117233.64865710467,0.00012971329925101445,0.02984213412636727,1,0.6001695416747634,0.39983045832523656,0.0,0.0
2025-01-17,118020.8300910357,0.006714637332780161,0.023327875901481776,1,0.6021518900824671,0.3978481099175329,0.0,0.0
2025-01-21,119091.10024819222,0.009070656661538161,0.014470939147664619,1,0.6000493716694699,0.39995062833053013,0.0,0.0
2025-01-22,119243.74001055656,0.0012817058709359312,0.013207780764392107,1,0.6026500899365816,0.3973499100634184,0.0,0.0
2025-01-23,119267.78195989486,0.0002016202220440658,0.013008823498038447,1,0.6058171827190842,0.39418281728091586,0.0,0.0
2025-01-24,119268.00592152606,1.8778049489304845e-06,0.01300697012112284,1,0.604047507382088,0.39595249261791193,0.0,0.0
2025-01-27,118806.61808903841,-0.003868496240234077,0.016825148946346458,1,0.5978156870802566,0.4021843129197435,0.0,0.0
2025-01-28,119120.59663319231,0.0030417955764643805,0.014226844126734473,5,0.20110675830869068,0.5977737225981132,0.20111951909319623,0.0
2025-01-29,118775.85392450725,-0.0028940646574044534,0.0170797353773654,5,0.200786312538913,0.598285049256023,0.200928638205064,0.0
2025-01-30,119531.78044532643,0.0063643113969917425,0.010824124734893359,5,0.20058734884600185,0.5967307750461428,0.20268187610785526,0.0
2025-01-31,118983.73083176588,-0.0045849698843164755,0.015359466333276228,5,0.20043884688790234,0.5955432809253102,0.20401787218678757,0.0
2025-02-03,119529.74773248521,0.004589004705957305,0.010840946290603393,5,0.19818051112853444,0.5976496542601145,0.20416983461135105,0.0
2025-02-04,120109.00642243987,0.0052500757501169,0.006047336427970174,1,0.6008704687063401,0.3991295312936599,0.0,0.0
2025-02-05,121193.10792377933,0.009025980096167998,0.0,1,0.5979099284277964,0.40209007157220356,0.0,0.0
2025-02-06,121423.27506844533,0.001899176847669952,0.0,1,0.5988507182086658,0.40114928179133413,0.0,0.0
2025-02-07,120443.25106327022,-0.00807113796446925,0.008071137964469233,1,0.5981972630058726,0.4018027369941275,0.0,0.0
2025-02-10,120786.1910855339,0.0028473162193498967,0.005246802827154173,1,0.6005497996004014,0.3994502003995985,0.0,0.0
2025-02-11,120531.79297258567,-0.00210563676438864,0.007341937493920758,1,0.6017232737340379,0.3982767262659621,0.0,0.0
2025-02-12,119646.73124948647,-0.007342973179702748,0.01463099902351861,1,0.6042216142981822,0.39577838570181784,0.0,0.0
2025-02-13,121197.10480638345,0.012957926561856077,0.0018626598725359766,1,0.602789779139618,0.397210220860382,0.0,0.0
2025-02-14,121448.66043906419,0.002075591104941065,0.0,1,0.6015116435460867,0.3984883564539134,0.0,0.0
2025-02-18,121093.13216340326,-0.0029273956120686156,0.002927395612068562,1,0.6050488374889705,0.3949511625110295,0.0,0.0
2025-02-19,121205.17372900034,0.0013308390902600402,0.002004852990420747,5,0.20020452345705697,0.5999506186161147,0.1998448579268282,0.0
2025-02-20,121388.7874749059,0.0015149002328572088,0.000492989909825603,5,0.1990700522700925,0.6012842467711542,0.19964570095875322,0.0
2025-02-21,121835.2027100959,0.003677565650635321,0.0,5,0.1949482421622892,0.6063210837834849,0.19873067405422576,0.0
2025-02-24,122072.89810304456,0.0019509582424568188,0.0,5,0.19368326040006592,0.6068961051432332,0.19942063445670086,0.0
2025-02-25,122912.00925591888,0.006873852967478649,0.0,5,0.1914043328389334,0.6131485335359472,0.19544713362511942,0.0
2025-02-26,123189.30953393066,0.0026657726370691802,0.0,1,0.5987069246814333,0.4012930753185666,0.0,0.0
2025-02-27,121662.5988558969,-0.01239320752596033,0.012393207525960293,1,0.5965433797923579,0.4034566202076421,0.0,0.0
2025-02-28,123397.30878715831,0.014258366561083473,0.0,1,0.5973358262844816,0.4026641737155185,0.0,0.0
2025-03-03,122337.7966787789,-0.008586184891656714,0.008586184891656745,1,0.5919531350131123,0.4080468649868876,0.0,0.0
2025-03-04,120865.83729027485,-0.012031926587405775,0.020514803132780313,1,0.5920700067523379,0.4079299932476621,0.0,0.0
2025-03-05,121258.28128520703,0.0032548947554513793,0.017334474495232066,1,0.6044811811404365,0.3955188188595635,0.0,0.0
2025-03-06,119798.51464799992,-0.0120384902518422,0.02916428384484271,1,0.600985838759523,0.39901416124047695,0.0,0.0
2025-03-07,120048.72104377425,0.0020885600836495826,0.027136635120299735,1,0.603094761644572,0.3969052383554279,0.0,0.0
2025-03-10,118617.33367033926,-0.01192338711307927,0.03873646162789324,1,0.5941148858678081,0.4058851141321918,0.0,0.0
2025-03-11,117687.79880293552,-0.007836416808921883,0.0462693233777961,1,0.5938295700460126,0.4061704299539874,0.0,0.0
2025-03-12,117780.58152227612,0.0007945554390886597,0.045517421085497056,1,0.6027050102286965,0.39729498977130356,0.0,0.0
2025-03-13,117245.6634768876,-0.004541648873480557,0.04985234581478093,1,0.5973837296575675,0.4026162703424325,0.0,0.0
2025-03-14,118442.46346883662,0.01020762693014196,0.0401535930323087,1,0.6035622931861653,0.3964377068138347,0.0,0.0
2025-03-17,119228.05800761802,0.006632710227173656,0.033787209952298225,1,0.6042089558070475,0.3957910441929525,0.0,0.0
2025-03-18,118496.30039651609,-0.006137461461086374,0.03971730371442472,1,0.6013693170489294,0.3986306829510705,0.0,0.0
2025-03-19,119172.28531427821,0.00610851326288902,0.03423918653013436,5,0.2009506594306856,0.5994470720737903,0.19960226849552404,0.0
2025-03-20,119119.59686840962,-0.0004421199587609941,0.03466616866115857,5,0.20045819719165833,0.600106967948751,0.19943483485959076,0.0
2025-03-21,118513.13404782895,-0.005091209477904981,0.039580885412613176,5,0.20155046236240534,0.5996077884992919,0.1988417491383028,0.0
2025-03-24,118107.34615483107,-0.0034239909041146313,0.042869351725098204,5,0.20586478337558983,0.5954986903918349,0.19863652623257536,0.0
2025-03-25,118261.20620650395,0.0013027136472204411,0.04162248456741757,5,0.20609121218362095,0.5946577553876964,0.1992510324286826,0.0
2025-03-26,117492.16419667575,-0.00649685860995886,0.04785472753435849,5,0.1989045664184669,0.5999538413365345,0.20114159224499858,0.0
2025-03-27,117541.39464974175,0.0004190105221281155,0.04745576864660095,5,0.19829321976969064,0.597954112039985,0.20375266819032442,0.0
2025-03-28,118221.86105867944,0.0057891639874222975,0.04194133388602295,5,0.19318160955786243,0.602736943372763,0.2040814470693747,0.0
2025-03-31,119425.26663124599,0.010179213571754143,0.03218905010937878,5,0.1925187101204051,0.602554568341236,0.20492672153835897,0.0
2025-04-01,120065.34320127177,0.005359641121858878,0.027001930744159797,5,0.19203323894989746,0.6045357489910685,0.20343101205903402,0.0
2025-04-02,120232.72511624018,0.001749246091378325,0.02564548369832409,4,0.25114276407477154,0.24939988369968277,0.2500754718553098,0.24938188037023581
2025-04-03,118813.63574041128,-0.011802854625950944,0.037145648408371534,4,0.24161805644675052,0.25353797246058074,0.2515342690253787,0.25330970206729003
2025-04-04,116743.69642437613,-0.017421731968186176,0.05392023884620256,4,0.23150626642404123,0.2608426288736131,0.2500058481948885,0.25764525650745707
2025-04-07,115153.7876022798,-0.013618798023294002,0.06680470802728233,4,0.23428457022364613,0.2564694467831381,0.24801189486926706,0.2612340881239486
2025-04-08,114310.96918321814,-0.007319068148870614,0.07363482796543586,4,0.23231536051563653,0.2534829911126392,0.2512005746071773,0.26300107376454696
2025-04-09,121720.38965835018,0.06536591854096493,0.013589592392979744,1,0.6223323040985677,0.37766769590143234,0.0,0.0
2025-04-10,117133.7476801892,-0.03768178849110618,0.050759300737853175,1,0.6183633218276795,0.3816366781723206,0.0,0.0
2025-04-11,118669.26083827432,0.013109058563357364,0.038315648820503534,1,0.6212526751832028,0.37874732481679724,0.0,0.0
2025-04-14,119705.19058885764,0.008729554252428709,0.029920573103170423,1,0.6218512057985973,0.3781487942014027,0.0,0.0
2025-04-15,119657.04859132752,-0.00040217134522990445,0.030310711251265388,1,0.6203589490482444,0.3796410509517556,0.0,0.0
2025-04-16,120253.84626343043,0.00541020122213412,0.025474319939585377,5,0.19450211178429966,0.6001009648482453,0.20539692336745502,0.0
2025-04-17,119541.38477178723,-0.005924646186222379,0.031248039793331128,5,0.19594048934840777,0.5983456400326925,0.20571387061889979,0.0
2025-04-21,118494.3226983606,-0.008758992339143052,0.03973333079131103,5,0.19296676972445417,0.5930814789137864,0.2139517513617595,0.0
2025-04-22,119121.5964122299,0.005293702681993508,0.03464996454909208,5,0.19694478886210132,0.5932512875177436,0.20980392362015501,0.0
2025-04-23,119572.27244578282,0.003783327684707128,0.03099772903453757,5,0.1992426959553178,0.5967559950347578,0.20400130900992422,0.0
2025-04-24,120945.77767907677,0.011837681306517075,0.019866973860103054,4,0.25227589608627815,0.2496783060129685,0.25067169758596564,0.24737410031478754
2025-04-25,121085.28296002041,0.0011534530896466489,0.018736436392837286,4,0.2538059147554646,0.2512277460258473,0.24766832154563673,0.24729801767305132
2025-04-28,121759.12647282984,0.005565032317196778,0.013275672949675799,4,0.2524975555101323,0.2514113387657968,0.24980546392029482,0.2462856418037761
2025-04-29,121931.31761347847,0.0014141949407550382,0.01188025239844126,4,0.25372931308169644,0.2531612846480406,0.24702328804155949,0.2460861142287035
2025-04-30,121508.18065194698,-0.0034702894204165,0.015309313904647515,4,0.2547139315594168,0.2519869542605076,0.246028796334151,0.24727031784592468
2025-05-01,120874.93096288736,-0.005204914690746524,0.020441108878814118,4,0.2530890237957349,0.2500337741200926,0.2460877940890262,0.25078940799514626
2025-05-02,120995.25060529716,0.0009954060900083767,0.019466049993070222,4,0.2565905280893976,0.24708136184945592,0.24627286324142433,0.25005524681972213
2025-05-05,121536.5608535638,0.004473814017977149,0.015079323462426686,4,0.25398285474483673,0.24460693500676983,0.25249884784385673,0.24891136240453665
2025-05-06,122263.04414821528,0.005977487675719259,0.009191972256862302,4,0.2503634664567355,0.2439618429522915,0.25803249022223684,0.24764220036873608
2025-05-07,122055.86009224535,-0.0016945762917433401,0.010870972050344818,4,0.2518431164424554,0.24540895999308007,0.25459522443893684,0.24815269912552787
2025-05-08,121263.76145500192,-0.006483243772039175,0.01729006372283559,4,0.2533847231458173,0.24882595403429247,0.24667569055956393,0.2511136322603263
2025-05-09,121501.51396599668,0.001960622927592391,0.01536334009059781,4,0.25256666695898344,0.2487105024029244,0.24797904893339592,0.2507437817046961
2025-05-12,121329.6926950211,-0.0014141492181213243,0.01675576325334238,4,0.2612828389802616,0.24674517383930486,0.24132965474180898,0.2506423324386245
2025-05-13,121534.85220961488,0.0016909258569498167,0.015093170149730661,4,0.2625643099636869,0.24532890696268952,0.24194835921876812,0.2501584238548555
2025-05-14,120736.995920097,-0.006564835312769304,0.02155892128611936,4,0.2646371884463636,0.24531126280544668,0.23842350227991965,0.25162804646827
2025-05-15,121688.33047317289,0.0078957892507317,0.013849396966453709,4,0.2492530220798318,0.2502218713288794,0.25200123970327615,0.24852386688801278
2025-05-16,121583.83310897338,-0.0008587295412237204,0.014696233621374177,4,0.2510474097912642,0.25110615884893145,0.2491692578187439,0.2486771735410604
2025-05-19,121930.012994562,0.0028472526053554357,0.011890824905486208,4,0.2506084908508614,0.24966792835346902,0.2516621792865841,0.2480614015090856
2025-05-20,122183.02531396566,0.0020750618587642763,0.009840437243952449,4,0.2492486741868714,0.24735571104878964,0.25581785628694703,0.24757775847739188
2025-05-21,121365.63699011873,-0.006689868103580924,0.01646447412028984,4,0.24669902470930907,0.24476587381778547,0.259441081997501,0.2490940194754045
2025-05-22,121284.99647756349,-0.000655007810441225,0.017117977128968342,4,0.2502625744151581,0.2514747268474655,0.24794703389691344,0.250315664840463
2025-05-23,121805.57471213731,0.004292189880799742,0.012899260856381378,4,0.24749208921454155,0.250815191932721,0.2522957318541378,0.24939698699859958
2025-05-27,122348.89812625172,0.004460579209107897,0.008496219822062279,4,0.25151568656849044,0.2531863525604164,0.24691813510933203,0.24837982576176107
2025-05-28,121946.61119082343,-0.0032880307186187794,0.011756314708914029,4,0.2508854474258436,0.252925214231402,0.24717132109929033,0.24901801724346403
2025-05-29,122564.55675268585,0.005067345093300347,0.006748542919269296,4,0.2506058967904525,0.2539790216058759,0.2473821700241069,0.24803291157956486
2025-05-30,122411.55781293246,-0.0012437338674048,0.007988431708232158,4,0.25003139845467365,0.25068901790632486,0.2486650375472225,0.25061454609177897
2025-06-02,123082.15395163321,0.00547820933482072,0.0025539846745660233,4,0.2500698442837205,0.2470028017192177,0.25388398603412676,0.2490433679629351
2025-06-03,122919.95017956362,-0.0013178496383263474,0.003868468545112802,4,0.2518277530053183,0.2468931247246335,0.25196775901359714,0.24931136325645092
2025-06-04,123659.68222584801,0.006017998259873788,0.0,4,0.25025413134407326,0.2494001723933648,0.25207394820266443,0.24827174805989738
2025-06-05,123340.60470862295,-0.0025802873780825424,0.0025802873780825797,4,0.24968895752266523,0.25021901001060415,0.2514498180781254,0.2486422143886052
2025-06-06,122798.59818132785,-0.00439272694084115,0.006963337031284822,4,0.2536816117939645,0.24790797927562375,0.24773421031562082,0.25067619861479085
2025-06-09,123024.78335721891,0.0018419198528396234,0.005134243087165147,4,0.25344341450582486,0.24771311653258155,0.24844553606378417,0.25039793289780937
2025-06-10,123367.47841954522,0.0027855774501243957,0.0023629674688078195,4,0.25417240269715363,0.2482971165343284,0.24782811315517497,0.24970236761334297
2025-06-11,123584.93935892434,0.0017627087962322362,0.0006044238961180337,4,0.25300148938191874,0.24861064285063061,0.2487309906644941,0.2496568771029566
2025-06-12,124484.57872802012,0.0072795226810199835,0.0,4,0.25217130027300716,0.24976512796411487,0.250000395824771,0.24806317593810695
2025-06-13,124221.54619883961,-0.0021108056904110004,0.0021129728024801286,4,0.24772786481149753,0.24811464599066632,0.2538108865414119,0.2503466026564243
2025-06-16,123750.38355196588,-0.003792922091949858,0.005897880553207724,4,0.2510369968316967,0.24654943781287392,0.2511443435368698,0.2512692218185596
2025-06-17,123887.25697378964,0.0011060444250364301,0.004798359446076761,4,0.24861686137293088,0.2492740709679629,0.2509956170343166,0.2511134506247897
2025-06-18,123783.78580638222,-0.0008352042811739828,0.0056295561168988595,4,0.24878717967498318,0.2499149988114759,0.24985252601991104,0.2514452954936299
2025-06-20,123664.03033394674,-0.0009674568575790171,0.0065915666218074875,4,0.2484432675318872,0.24969514252682096,0.24998968726632412,0.2518719026749678
2025-06-23,124205.15745797446,0.004377664410318276,0.002244625582548232,4,0.2513689624740158,0.24971616519584702,0.24967280934289338,0.24924206298724397
2025-06-24,124314.01289689599,0.0008764164157866065,0.00137017639346948,4,0.2539233395838615,0.2513090005700986,0.24553291880828723,0.2492347410377527
2025-06-25,124467.48049565972,0.0012345156848168036,0.00013735221290145372,4,0.25375237298315784,0.251315057759049,0.24597501735405944,0.24895755190373373
2025-06-26,124875.42660470458,0.0032775316686761606,0.0,4,0.25490223312593774,0.2517535368340043,0.24490004374500093,0.24844418629505682
2025-06-27,124267.902423097,-0.004865041891153722,0.004865041891153776,4,0.2574210336859471,0.25137350747733256,0.2416371164154158,0.24956834242130446
2025-06-30,125115.89894503364,0.006832793118581825,0.0,4,0.24949060225160913,0.2507468812045989,0.25127919804908583,0.24848331849470615
2025-07-01,125431.74325024217,0.002524413826473676,0.0,4,0.24878181037578326,0.2507356555080313,0.2528829837122011,0.24759955040398438
2025-07-02,125544.9512967021,0.0009025470229977923,0.0,4,0.24968425261450575,0.24891794385013505,0.2540515253360967,0.24734627819926255
2025-07-03,125322.85871995475,-0.0017690283396779593,0.0017690283396779583,4,0.2520980827967166,0.24762226996507022,0.25276530327155444,0.24751434396665878
2025-07-07,124807.45439149272,-0.004112612285790132,0.005874365297784401,4,0.25125276015059467,0.2462719302754104,0.25399916911756815,0.24847614045642683
2025-07-08,124427.7976454966,-0.003036703684244475,0.008898435497938229,4,0.2506241374177038,0.2504412571352843,0.24814268283200822,0.25079192261500366
2025-07-09,125105.36437763528,0.005445461102422893,0.0035014304798919316,4,0.25076153200620566,0.2516906596732429,0.24790225681137068,0.24964555150918077
2025-07-10,125284.60537047141,0.001432720281242872,0.002073726769110773,4,0.25110897537011784,0.25150405446095103,0.2480985791933794,0.24928839097555167
2025-07-11,125030.21133365647,-0.0020305290986286618,0.00410004510519224,4,0.2507353501722587,0.2485392812627138,0.25099035958547805,0.2497350089795494
2025-07-14,124913.91190943173,-0.0009301705802478126,0.00502640194410553,4,0.2514476637916092,0.24824876176979918,0.25030573718296445,0.24999783725562705
2025-07-15,124243.61215209503,-0.004820185500594981,0.010365523513021224,3,0.8004397771333853,0.19956022286661465,0.0,0.0
2025-07-16,124611.08594251277,0.002957687594979888,0.007438493898351273,3,0.8007474260101896,0.19925257398981044,0.0,0.0
2025-07-17,125215.89044409378,0.004853536882425069,0.0026210600204117362,3,0.8017564350238628,0.1982435649761373,0.0,0.0
2025-07-18,125180.27847661242,-0.0002844045380745245,0.002904719117121979,3,0.8013971232998012,0.19860287670019883,0.0,0.0
2025-07-21,125592.15525571426,0.0032902689154727036,0.0,3,0.8002835391872065,0.19971646081279346,0.0,0.0
2025-07-22,125758.37872490888,0.00132380184331344,0.0,3,0.799056685121573,0.20094331487842698,0.0,0.0
2025-07-23,126473.09379275404,0.005683240155382087,0.0,3,0.8013007355376142,0.1986992644623859,0.0,0.0
2025-07-24,126462.82521286466,-8.119181385884996e-05,8.119181385890517e-05,3,0.8016310757216012,0.19836892427839883,0.0,0.0
2025-07-25,127048.79891545147,0.004633564856711674,0.0,3,0.8013045399033747,0.1986954600966254,0.0,0.0
2025-07-28,126859.679862966,-0.001488554430265146,0.0014885544302651876,3,0.8022976208479463,0.19770237915205358,0.0,0.0
2025-07-29,128070.63093517777,0.010154007933235001,0.0,5,0.1974673631130671,0.6039984765111301,0.19853416037580274,0.0
2025-07-30,127200.94571389702,-0.006790668671890441,0.006790668671890487,5,0.19856712058093112,0.604994147984903,0.196438731434166,0.0
2025-07-31,127316.55001071087,0.0009088320543927361,0.005888008194857575,5,0.19764263882310573,0.604792768522883,0.19756459265401133,0.0
2025-08-01,128509.3764168921,0.009368981535243254,0.0,5,0.1925987014788074,0.6076972296234673,0.19970406889772532,0.0
2025-08-04,129248.45140962217,0.005751136713421411,0.0,5,0.19440810811861123,0.6058735081358801,0.19971838374550857,0.0
2025-08-05,129151.98011260439,-0.00039066747665495,0.0007464019565854851,4,0.24882970364326093,0.25086456368239207,0.25029880640476704,0.25000692626958004
2025-08-06,129154.22357847894,1.737074315546495e-05,0.0007290441789866708,4,0.25073132393250835,0.24941175806005206,0.24976355727562893,0.25009336073181077
2025-08-07,129328.6398469961,0.0013504495918493019,0.0,4,0.2501834421137354,0.24864995869164527,0.2515313786010503,0.24963522059356905
2025-08-08,129426.46532797134,0.0007564100348613421,0.0,4,0.25194368848722126,0.24738509097608802,0.2512850667049344,0.24938615383175636
2025-08-11,128931.15892429557,-0.003826932941579208,0.0038269329415792086,4,0.25241145561943623,0.24861995222339384,0.248624387843191,0.25034420431397897
2025-08-12,128747.53905009832,-0.0010731669299211802,0.005245652627170139,5,0.2023463669919238,0.5976204573202072,0.20003317568786902,0.0
2025-08-13,129552.36188347677,0.006251170618999286,0.0,5,0.20177765932252426,0.5988256698349252,0.19939667084255067,0.0
2025-08-14,128815.8502728946,-0.005685049657717567,0.005685049657717545,5,0.2029502094016168,0.5977842020098534,0.19926558858852986,0.0
2025-08-15,128221.0554245715,-0.004617404201913317,0.0102762036874533,5,0.20341430887675335,0.5962784696984664,0.2003072214247802,0.0
2025-08-18,127954.05718284384,-0.0020823275931052647,0.012337132858067812,5,0.20379438970854738,0.5957937989850794,0.20041181130637314,0.0
2025-08-19,127808.29741951665,-0.0009431364650162603,0.0134622359531259,2,0.3982055217368596,0.402701362175013,0.1990931160881273,0.0
2025-08-20,128043.48955351622,0.0018401945628583813,0.011646814523672444,2,0.39641797129323647,0.40284305596584846,0.20073897274091498,0.0
2025-08-21,127495.25280953306,-0.004281644821574623,0.01587859182215401,2,0.39652539870888603,0.4025719780545561,0.20090262323655794,0.0
2025-08-22,128926.02442504099,0.011222155993881449,0.004834627862663976,2,0.39814674665630834,0.4010530915872663,0.20080016175642545,0.0
2025-08-25,128489.0807888903,-0.0033891034653344278,0.008207346273955363,2,0.3977424090415954,0.40126113103552696,0.20099645992287768,0.0
2025-08-26,128713.30336190306,0.0019441962898909802,0.006476597642645743,5,0.20044770336163392,0.5984907902244377,0.20106150641392842,0.0
2025-08-27,128735.5306319971,0.00017268821103544506,0.006305027863670709,5,0.20086972614946397,0.5976976638033509,0.20143261004718513,0.0
2025-08-28,129525.65403677105,0.0061375705750777495,0.00020615484208408308,5,0.20035141922093638,0.5979594160170284,0.20168916476203533,0.0
2025-08-29,129072.41856644537,-0.003499194608946049,0.003704628075118177,5,0.1998559112789887,0.5957935811351257,0.2043505075858857,0.0
2025-09-02,128932.60294639973,-0.0010832339054193249,0.004783849001799512,5,0.1985900479497162,0.5920012368478735,0.20940871520241028,0.0
2025-09-03,130122.29474281112,0.00923673348965308,0.0,5,0.1992435496648152,0.6010348273000001,0.19972162303518468,0.0
2025-09-04,130820.39279756018,0.005364938084813863,0.0,5,0.19983660021594937,0.602385389934733,0.19777800984931754,0.0
2025-09-05,132291.5051404078,0.01124528302803752,0.0,5,0.19704204111154933,0.6047691052295594,0.19818885365889116,0.0
2025-09-08,133720.14988285475,0.010799217538047155,0.0,5,0.1954157529760461,0.6062799367524674,0.19830431027148654,0.0
2025-09-09,133259.62934690822,-0.0034439128010996457,0.00344391280109968,5,0.1965444134714255,0.6049176609921634,0.19853792553641111,0.0
2025-09-10,133622.60434067078,0.0030798288717766,0.0007294752680835348,4,0.24995291284948815,0.250656919280196,0.25012770089493036,0.24926246697538554
2025-09-11,134086.29989625997,0.0034701879811217607,0.0,4,0.25115850309037197,0.25146016710244595,0.24889096705661498,0.24849036275056707
2025-09-12,133991.250827375,-0.000708864879995184,0.0007088648799951081,4,0.25125256193483647,0.2505522282945078,0.24955857697783695,0.24863663279281867
2025-09-15,134608.83535681618,0.004609140713499441,0.0,4,0.2514313153302101,0.2499849690311698,0.2509983065326607,0.24758540910595944
2025-09-16,134717.01648725668,0.000803670354577669,0.0,4,0.2508835191655585,0.2503106284613995,0.25129994991411925,0.24750590245892282
2025-09-17,134222.94354713612,-0.00331895848144906,0.003667487248482093,5,0.20041670200102943,0.6004654685228604,0.19911782947611004,0.0
2025-09-18,133409.8396611601,-0.006057860634612523,0.009703130756464007,5,0.20258033352563978,0.5978908468602584,0.1995288196141019,0.0
2025-09-19,133674.00927523593,0.0019801359086164903,0.007742208365484449,5,0.2031813605603233,0.5955718682506872,0.20124677118898948,0.0
2025-09-22,133981.8933222794,0.0023032454006038693,0.005456795170688977,5,0.20367351152611834,0.5920673129453354,0.20425917552854633,0.0
2025-09-23,134499.67067119773,0.003864532259391776,0.0016133508722672163,5,0.20178501603999888,0.5939106694464262,0.2043043145135748,0.0
2025-09-24,134300.38646773083,-0.0004821527209267,0.003092630985969458,0,0.0,0.0,0.0,1.0
2025-09-25,134186.975336911,-0.0008444587078464,0.0039344780946496405,0,0.0,0.0,0.0,1.0
2025-09-26,134267.98146852385,0.0006036810309604,0.0033331722334817293,0,0.0,0.0,0.0,1.0
2025-09-29,134316.59533373886,0.0003620659570755,0.0029723131046009987,0,0.0,0.0,0.0,1.0
2025-09-30,134381.36713372543,0.0004822322947184,0.0024915141552515063,0,0.0,0.0,0.0,1.0
2025-10-01,134537.38224385623,0.001160987668592,0.0013334191038697485,0,0.0,0.0,0.0,1.0
2025-10-02,134569.8636399179,0.0002414302665916,0.0010923107650079311,0,0.0,0.0,0.0,1.0
2025-10-03,134521.09698099346,-0.0003623891531533,0.0014543040765881976,0,0.0,0.0,0.0,1.0
2025-10-06,134488.60285212265,-0.000241554147268,0.0016955069306752169,0,0.0,0.0,0.0,1.0
2025-10-07,134553.61657548248,0.0004834143710401,0.0012129121920515518,0,0.0,0.0,0.0,1.0
2025-10-08,134537.3822438562,-0.0001206532536207,0.0013334191038699705,0,0.0,0.0,0.0,1.0
2025-10-09,134521.09698099346,-0.0001210463782715,0.0014543040765881976,0,0.0,0.0,0.0,1.0
2025-10-10,134748.59408151635,0.0016911629895126,0.0,0,0.0,0.0,0.0,1.0
2025-10-13,135008.5471124827,0.0019291706361632,0.0,0,0.0,0.0,0.0,1.0
2025-10-14,134911.09019148853,-0.0007218574162786,0.0007218574162787261,0,0.0,0.0,0.0,1.0
2025-10-15,134846.10193374698,-0.0004817117528984,0.0012032214419755993,0,0.0,0.0,0.0,1.0
2025-10-16,135024.7941769181,0.0013251569056027,0.0,0,0.0,0.0,0.0,1.0
2025-10-17,135008.54711248272,-0.0001203265262089,0.00012032652620896922,0,0.0,0.0,0.0,1.0
2025-10-20,135024.7941769181,0.0001203410064243,0.0,0,0.0,0.0,0.0,1.0
2025-10-21,135057.31377140715,0.000240841651989,0.0,0,0.0,0.0,0.0,1.0
2025-10-22,135057.31377140715,0.0,0.0,0,0.0,0.0,0.0,1.0
2025-10-23,134959.81865198567,-0.0007218795983645,0.0007218795983644499,0,0.0,0.0,0.0,1.0
2025-10-24,135041.05397416264,0.0006019222831534,0.0001203918306270646,0,0.0,0.0,0.0,1.0
2025-10-27,135008.54711248275,-0.0002407183646991,0.00036108121480149524,0,0.0,0.0,0.0,1.0
2025-10-28,135024.79417691813,0.0001203410064243,0.00024078366125401818,0,0.0,0.0,0.0,1.0
2025-10-29,134668.9439570373,-0.0016370806082212802,0.0028755926171254442,3,0.8016966669210371,0.1983033330789629,0.0,0.0
2025-10-30,133326.16187118946,-0.009970985487761826,0.012817905612633296,3,0.8008649406325339,0.1991350593674662,0.0,0.0
2025-10-31,133597.25512922226,0.002033308798724079,0.010810659574172488,3,0.8018615234090617,0.1981384765909384,0.0,0.0
2025-11-03,133732.10399247683,0.00100936851677179,0.009812202996820507,3,0.80255633380836,0.1974436661916399,0.0,0.0
2025-11-04,132518.73652905706,-0.00907312026952046,0.0187962959684419,3,0.800304452849415,0.19969554715058502,0.0,0.0
2025-11-05,132290.2403808924,-0.000724980388714,0.020488141761787038,0,0.0,0.0,0.0,1.0
2025-11-06,132450.20273361844,0.0012091772776696,0.019303738279597416,0,0.0,0.0,0.0,1.0
2025-11-07,132514.21266882648,0.0004832754792891,0.018829791823677278,0,0.0,0.0,0.0,1.0
2025-11-10,132482.22019828128,-0.0002414267111495,0.01906667252011518,0,0.0,0.0,0.0,1.0
2025-11-11,132594.1938451895,0.0008451975422862,0.018237590082582522,0,0.0,0.0,0.0,1.0
2025-11-12,132546.2176364305,-0.0003618273724339,0.018592818595717375,0,0.0,0.0,0.0,1.0
2025-11-13,132466.2364600675,-0.0006034210390098,0.01918502033681202,0,0.0,0.0,0.0,1.0
2025-11-14,132514.2126688265,0.0003621768840202,0.018829791823677167,0,0.0,0.0,0.0,1.0
2025-11-17,132498.21643355393,-0.0001207133555747,0.018948232171895896,0,0.0,0.0,0.0,1.0
2025-11-18,132578.21010697575,0.0006037339639355,0.01835593789927914,0,0.0,0.0,0.0,1.0
2025-11-19,132562.21387170313,-0.0001206550854752,0.01847437824749809,0,0.0,0.0,0.0,1.0
2025-11-20,132674.20001567015,0.0008447817873304,0.017645203278443433,0,0.0,0.0,0.0,1.0
2025-11-21,132834.1873625138,0.0012058663012457,0.0164606147332097,0,0.0,0.0,0.0,1.0
2025-11-24,132850.1835977864,0.0001204225778785,0.016342174384990638,0,0.0,0.0,0.0,1.0
2025-11-25,132930.15227709062,0.0006019463213262,0.015750065175417993,0,0.0,0.0,0.0,1.0
2025-11-26,132914.1685388768,-0.0001202416302095,0.015868412992114944,0,0.0,0.0,0.0,1.0
2025-11-28,132914.1685388768,0.0,0.015868412992114944,0,0.0,0.0,0.0,1.0
2025-12-01,132800.24535079475,-0.0008571184647537,0.016711930347086734,0,0.0,0.0,0.0,1.0
2025-12-02,132880.4764683339,0.0006041488652916,0.016117877975551087,0,0.0,0.0,0.0,1.0
2025-12-03,132960.72008293186,0.000603878137185,0.015523733072493218,0,0.0,0.0,0.0,1.0
2025-12-04,132864.43024482607,-0.0007241976280342,0.01623668844985815,0,0.0,0.0,0.0,1.0
2025-12-05,132816.2790772438,-0.0003624082645262,0.01659321240430156,0,0.0,0.0,0.0,1.0
2025-12-08,132784.18663022813,-0.000241630372712,0.016830833352915908,0,0.0,0.0,0.0,1.0
2025-12-09,132719.989239138,-0.0004834716596856,0.017306167781666493,0,0.0,0.0,0.0,1.0
2025-12-10,132944.67385942402,0.0016929222310377,0.015642543546800503,0,0.0,0.0,0.0,1.0
2025-12-11,132960.72008293183,0.0001206985059423,0.01552373307249344,0,0.0,0.0,0.0,1.0
2025-12-12,132976.76630643965,0.000120683939571,0.015404922598186377,0,0.0,0.0,0.0,1.0
2025-12-15,133056.98492691998,0.0006032529043116,0.014810962758172841,0,0.0,0.0,0.0,1.0
2025-12-16,133121.1698209513,0.000482386505801,0.014335720860944257,0,0.0,0.0,0.0,1.0
2025-12-17,133137.2035474003,0.0001204446029927,0.014217002918159194,0,0.0,0.0,0.0,1.0
2025-12-18,133861.17599286107,0.00644423642501504,0.008856519836982768,1,0.6006599628144343,0.3993400371855657,0.0,0.0
2025-12-19,134390.40711501386,0.003953581897271118,0.004937952916212018,1,0.60371720272191,0.39628279727809,0.0,0.0
2025-12-22,134780.27800987617,0.002901032173588475,0.0020512459029051744,1,0.6057210805620087,0.3942789194379913,0.0,0.0
2025-12-23,135238.57272172256,0.003400309886679481,0.0,1,0.6064274284253616,0.3935725715746384,0.0,0.0
2025-12-24,135849.45560312728,0.004517075780307871,0.0,1,0.6058240893424184,0.3941759106575816,0.0,0.0
2025-12-26,135812.00920245537,0.00072507877231,0.00027564630646226274,0,0.0,0.0,0.0,1.0
2025-12-29,135877.6282212239,0.0004831606509163,0.0,0,0.0,0.0,0.0,1.0
2025-12-30,135910.43773060816,0.0002414636597192,0.0,0,0.0,0.0,0.0,1.0
2025-12-31,135861.22346653175,-0.000362108053643,0.0003621080536430066,0,0.0,0.0,0.0,1.0
