date,wealth,return,drawdown,action,w_SPY,w_TLT,w_GLD,w_SHY
2021-01-05,100302.02365959309,0.0040242608567877,0.0,3,0.8022810932456224,0.19771890675437767,0.0,0.0
2021-01-06,100376.01247351407,0.0007376602307853809,0.0,3,0.8064825767883923,0.19351742321160773,0.0,0.0
2021-01-07,101407.53914217054,0.01027662529360449,0.0,3,0.8101395058926576,0.18986049410734232,0.0,0.0
2021-01-08,101813.4901467012,0.004003163945843633,0.0,3,0.8115068365762736,0.18849316342372643,0.0,0.0
2021-01-11,101224.8463151017,-0.005781589755457031,0.005781589755456951,3,0.8107240391009859,0.18927596089901405,0.0,0.0
2021-01-12,101224.7939439296,1.0206773882579994e-05,0.005782104138885247,3,0.8001608284876857,0.19983917151231448,0.0,0.0
2021-01-13,101670.71534944973,0.004405258713266852,0.001402317090257288,3,0.7987965595174823,0.2012034404825178,0.0,0.0
2021-01-14,101194.68866577826,-0.004682043221937939,0.0060777946029677565,3,0.7997438814187263,0.2002561185812737,0.0,0.0
2021-01-15,100684.89180129817,-0.005037782824391261,0.011084958818098123,3,0.7979312476349968,0.20206875236500324,0.0,0.0
2021-01-19,101381.37902169836,0.006917494848926294,0.004244144114696535,3,0.7986717300889185,0.20132826991108163,0.0,0.0
2021-01-20,102523.58111082319,0.011267732588735,0.0,3,0.8020337637085824,0.19796623629141752,0.0,0.0
2021-01-21,102456.10545985312,-0.0006581476206642746,0.0006581476206642956,3,0.8032936615317773,0.19670633846822264,0.0,0.0
2021-01-22,102230.03497828548,-0.0022065105886366954,0.002863205999607099,3,0.8022205468180359,0.1977794531819641,0.0,0.0
2021-01-25,102791.76569959531,0.00549477187823667,0.0,3,0.8009831923310617,0.1990168076689382,0.0,0.0
2021-01-26,102624.63775570836,-0.0016258884430040165,0.0016258884430040421,3,0.8010352427580403,0.19896475724195967,0.0,0.0
2021-01-27,100670.17630653598,-0.01904374304000688,0.02063968235801672,3,0.7955989000172984,0.20440109998270167,0.0,0.0
2021-01-28,101245.24551698825,0.005712408893585419,0.015045175769494157,3,0.797883358293267,0.2021166417067331,0.0,0.0
2021-01-29,99504.92906882262,-0.017189117763298987,0.03197568023472175,3,0.7955856106157194,0.20441438938428064,0.0,0.0
2021-02-01,100846.22847558721,0.013479728283981618,0.018926975431999615,3,0.7980706135027186,0.2019293864972814,0.0,0.0
2021-02-02,101852.97218678586,0.009982958474667842,0.009132964167120505,3,0.8013556084282808,0.19864439157171923,0.0,0.0
2021-02-03,101736.15447409857,-0.0011455708714899,0.010269414269832855,3,0.8015473157740401,0.19845268422595985,0.0,0.0
2021-02-04,102609.02813524778,0.00857977840484855,0.0017777451637671637,3,0.8037613265633333,0.19623867343666673,0.0,0.0
2021-02-05,102765.02158561036,0.0015202702257054402,0.00026017759110308347,3,0.8056998754013901,0.1943001245986099,0.0,0.0
2021-02-08,103450.65893352128,0.0066718941652703385,0.0,3,0.8061401354182887,0.19385986458171137,0.0,0.0
2021-02-09,103409.9848633756,-0.00039317362078686785,0.00039317362078683527,3,0.8059203367413511,0.19407966325864898,0.0,0.0
2021-02-10,103510.93964148535,0.0009821836981326801,0.0,3,0.7988669049304232,0.2011330950695768,0.0,0.0
2021-02-11,103530.50131672327,0.00018898171831566835,0.0,3,0.8000057514739907,0.1999942485260093,0.0,0.0
2021-02-12,103682.49520487965,0.00146810733284695,0.0,3,0.8027791251450965,0.19722087485490356,0.0,0.0
2021-02-16,103299.07044595791,-0.00369806646882953,0.0036980664688295306,3,0.8050612088159997,0.1949387911840003,0.0,0.0
2021-02-17,103446.01836039625,0.0014225482746740407,0.002280778872230216,3,0.8041020033125013,0.19589799668749883,0.0,0.0
2021-02-18,103009.64950358483,-0.00421423962047374,0.006489482144167669,3,0.7999663524510339,0.20003364754896613,0.0,0.0
2021-02-19,102590.22967288553,-0.0040716557402198095,0.010534714947164181,3,0.8018183809013777,0.19818161909862236,0.0,0.0
2021-02-22,101802.8526945902,-0.007674970421705075,0.018128831743248752,3,0.8018048748477015,0.19819512515229848,0.0,0.0
2021-02-23,101843.78754190567,0.00040209921659334515,0.01773402211569708,3,0.8024558711346144,0.19754412886538555,0.0,0.0
2021-02-24,102612.39718424749,0.007546946759276445,0.010320913077155658,3,0.805221726627482,0.1947782733725181,0.0,0.0
2021-02-25,100298.71075062304,-0.022542721561095422,0.03263602450510239,3,0.7987288949513672,0.20127110504863277,0.0,0.0
2021-02-26,100553.2776618131,0.002538087571464438,0.030180770021816405,3,0.7926015307857127,0.20739846921428734,0.0,0.0
2021-03-01,102209.74392048742,0.01647351828993035,0.014204435198844623,3,0.7986575797248343,0.2013424202751657,0.0,0.0
2021-03-02,101574.21619457105,-0.006217878076387371,0.020333991829021625,3,0.7973834291692783,0.20261657083072168,0.0,0.0
2021-03-03,100278.19126389672,-0.012759388939725929,0.03283393145830382,3,0.7969907944732203,0.20300920552677962,0.0,0.0
2021-03-04,99155.80115657678,-0.01118978824901458,0.043659192801619895,3,0.7990411080306,0.20095889196939992,0.0,0.0
2021-03-05,100652.16430161543,0.015091029748988221,0.029227025230017856,3,0.8016431743155147,0.19835682568448543,0.0,0.0
2021-03-08,100095.20711832836,-0.0055334844228295006,0.03459878236401148,3,0.80209031115875,0.19790968884125013,0.0,0.0
2021-03-09,101516.01102722794,0.014194524890886686,0.020895370750585007,3,0.8021559733643567,0.1978440266356432,0.0,0.0
2021-03-10,102063.12900399037,0.005389474736312197,0.015618511087039044,3,0.8028222757354391,0.19717772426456087,0.0,0.0
2021-03-11,102743.47257535525,0.006668750500156322,0.009056713263592586,3,0.8027580074531094,0.1972419925468907,0.0,0.0
2021-03-12,102424.49866997002,-0.003104566133398767,0.012133162231713235,3,0.8063424912590051,0.1936575087409948,0.0,0.0
2021-03-15,103033.64462530088,0.005947268116914454,0.006258053283696885,3,0.8063554704836383,0.19364452951636177,0.0,0.0
2021-03-16,102848.65920919928,-0.0017953884556285106,0.008042206102705118,3,0.8067868421387945,0.1932131578612056,0.0,0.0
2021-03-17,102982.90603310554,0.0013052851144437772,0.006747418360174562,3,0.8084825958575913,0.19151740414240861,0.0,0.0
2021-03-18,101875.81357032481,-0.01014794688696926,0.017425136528444685,5,0.19911062967962562,0.6000128912257607,0.20087647909461367,0.0
2021-03-19,102302.73355761629,0.004190592176196648,0.013307565993053272,5,0.19791285274160486,0.6012121629366585,0.2008749843217367,0.0
2021-03-22,103123.4287687406,0.008022221719638553,0.005392100518359588,5,0.1979055589076203,0.603111084131787,0.19898335696059263,0.0
2021-03-23,103374.41333053251,0.0024338267723307966,0.002971397184629576,5,0.195871177413739,0.607077757345622,0.19705106524063895,0.0
2021-03-24,103679.73880512413,0.0029535884630887813,2.65850059846251e-05,5,0.19430155340347036,0.6085477224126936,0.19715072418383608,0.0
2021-03-25,103919.85634519398,0.0029234234901538603,0.0,3,0.8021554459159768,0.1978445540840231,0.0,0.0
2021-03-26,105191.2389548404,0.01223426065393337,0.0,3,0.8052306805144724,0.19476931948552767,0.0,0.0
2021-03-29,104974.54574946701,-0.0020599928998499555,0.0020599928998499273,3,0.8064853466874446,0.19351465331255535,0.0,0.0
2021-03-30,104856.3833011938,-0.0011256295269448662,0.0031833036379613766,3,0.8052521933203045,0.19474780667969552,0.0,0.0
2021-03-31,105084.69616412272,0.002177386399768393,0.001012848520240528,3,0.8067595262119874,0.19324047378801248,0.0,0.0
2021-04-01,106340.65028025275,0.01195866742992882,0.0,3,0.7990833103060789,0.20091668969392107,0.0,0.0
2021-04-05,107467.08736598636,0.010592723316671236,0.0,3,0.8020567337128048,0.1979432662871951,0.0,0.0
2021-04-06,107560.67022091469,0.0008708047944913896,0.0,3,0.8008855045446802,0.19911449545531973,0.0,0.0
2021-04-07,107511.19580980904,-0.00045996748629429334,0.0004599674862943992,3,0.8021813238960046,0.19781867610399542,0.0,0.0
2021-04-08,108096.1575118195,0.005440937547055943,0.0,3,0.8016276138702184,0.19837238612978159,0.0,0.0
2021-04-09,108646.36503639251,0.0050916181653481,0.0,3,0.8017340220302547,0.19826597796974532,0.0,0.0
2021-04-12,108668.71970509365,0.000205756250507447,0.0,3,0.8018612307768913,0.19813876922310872,0.0,0.0
2021-04-13,109088.33118240972,0.0038613823596597156,0.0,3,0.8011444265701955,0.19885557342980462,0.0,0.0
2021-04-14,108720.92434284142,-0.003367975617428285,0.003367975617428298,3,0.8011063254823709,0.19889367451762902,0.0,0.0
2021-04-15,110018.41134365885,0.011934105680760532,0.0,3,0.8001628881470723,0.19983711185292777,0.0,0.0
2021-04-16,110141.68130661017,0.00112061156149136,0.0,3,0.8017754153398012,0.19822458466019877,0.0,0.0
2021-04-19,109645.11913391842,-0.004508394703994338,0.004508394703994445,3,0.801449573498981,0.19855042650101892,0.0,0.0
2021-04-20,109102.0734965176,-0.0049527570555836205,0.00943882277589847,3,0.7995416423894991,0.20045835761050088,0.0,0.0
2021-04-21,109971.3760731661,0.00796779152576106,0.0015462378222643736,3,0.8007270455743012,0.19927295442569884,0.0,0.0
2021-04-22,109262.78964190056,-0.006443371507819482,0.00797964634535564,3,0.7985594352689309,0.2014405647310691,0.0,0.0
2021-04-23,110158.98503386919,0.008203653652662601,0.0,3,0.8020937176027194,0.1979062823972807,0.0,0.0
2021-04-26,110312.29375516437,0.0013917041923366459,0.0,3,0.8026509075465124,0.1973490924534877,0.0,0.0
2021-04-27,110103.32362026631,-0.001894350373693182,0.0018943503736933431,3,0.8040011343471605,0.19599886565283953,0.0,0.0
2021-04-28,110091.89025151223,-0.00010384217640438756,0.0019979958366319606,3,0.8038536006546418,0.19614639934535824,0.0,0.0
2021-04-29,110592.06636506347,0.004543260292911103,0.0,3,0.8053176524844693,0.19468234751553082,0.0,0.0
2021-04-30,110061.33013608809,-0.00479375216850948,0.004799044329485858,3,0.7985717676725171,0.20142823232748286,0.0,0.0
2021-05-03,110264.16828516248,0.0018429556395837962,0.002964933115713775,3,0.7988218401264081,0.20117815987359192,0.0,0.0
2021-05-04,109871.2951606435,-0.003563017167126707,0.006517386175249773,3,0.796732277086051,0.20326772291394907,0.0,0.0
2021-05-05,109935.50922873363,0.0005844480853369245,0.005936747163784339,3,0.7965159993851376,0.20348400061486224,0.0,0.0
2021-05-06,110671.6110215115,0.006695760068262729,0.0,3,0.7975366640099066,0.20246333599009328,0.0,0.0
2021-05-07,111206.55505606036,0.0048360909305733,0.0,3,0.8019441637077016,0.19805583629229845,0.0,0.0
2021-05-10,110100.38966698367,-0.009946944121405975,0.009946944121405954,3,0.8019801934152008,0.19801980658479926,0.0,0.0
2021-05-11,109188.95931822211,-0.008278175504358509,0.018142777076595507,3,0.8014573061442066,0.19854269385579337,0.0,0.0
2021-05-12,107101.987800647,-0.019113393246040663,0.036909400289795946,3,0.7997153957485195,0.20028460425148045,0.0,0.0
2021-05-13,108164.0912377028,0.009916748128267603,0.02735867338776765,3,0.8013748938882205,0.19862510611177941,0.0,0.0
2021-05-14,109694.94546508661,0.014154466875117361,0.013592810155945712,3,0.8009473447619095,0.19905265523809054,0.0,0.0
2021-05-17,109425.19396557148,-0.0024591060086809227,0.01601849000349731,3,0.8008787360036477,0.19912126399635238,0.0,0.0
2021-05-18,108614.42029698742,-0.0074093875386609396,0.023309190341938235,3,0.799905562555624,0.2000944374443761,0.0,0.0
2021-05-19,108334.05976227995,-0.0025812459702944605,0.02583026955859169,3,0.7998729718387505,0.20012702816124953,0.0,0.0
2021-05-20,109444.67108905813,0.010251728119625703,0.015843346339737274,3,0.8002737921174861,0.199726207882514,0.0,0.0
2021-05-21,109309.84784744032,-0.0002321170528492,0.017055714095845165,0,0.0,0.0,0.0,1.0
2021-05-24,109335.22641796905,0.0002321709436843,0.016827502993397747,0,0.0,0.0,0.0,1.0
2021-05-25,109335.22641796905,0.0,0.016827502993397747,0,0.0,0.0,0.0,1.0
2021-05-26,109360.53831974858,0.0002315072882619,0.016599891394722066,0,0.0,0.0,0.0,1.0
2021-05-27,109360.53831974858,0.0,0.016599891394722066,0,0.0,0.0,0.0,1.0
2021-05-28,109360.53831974858,0.0,0.016599891394722066,0,0.0,0.0,0.0,1.0
2021-06-01,109337.71538460584,-0.0002086944293929,0.016805121519252397,0,0.0,0.0,0.0,1.0
2021-06-02,109350.40466987022,0.0001160558844652,0.016691015968028466,0,0.0,0.0,0.0,1.0
2021-06-03,109312.37014845171,-0.0003478224112049,0.017033032869813947,0,0.0,0.0,0.0,1.0
2021-06-04,109350.40466987022,0.000347943433729,0.016691015968028466,0,0.0,0.0,0.0,1.0
2021-06-07,109337.71538460586,-0.0001160424170598,0.016805121519252064,0,0.0,0.0,0.0,1.0
2021-06-08,109363.06062075999,0.0002318068935771,0.016577210168690515,0,0.0,0.0,0.0,1.0
2021-06-09,109337.71538460585,-0.0002317531715945,0.016805121519252286,0,0.0,0.0,0.0,1.0
2021-06-10,109375.74990602436,0.0003478627780424,0.016463104617466806,0,0.0,0.0,0.0,1.0
2021-06-11,109350.40466987023,-0.0002317262846281,0.016691015968028355,0,0.0,0.0,0.0,1.0
2021-06-14,109312.37014845172,-0.0003478224112049,0.017033032869813836,0,0.0,0.0,0.0,1.0
2021-06-15,109299.71419756196,-0.0001157778472151,0.017146838669151676,0,0.0,0.0,0.0,1.0
2021-06-16,109198.311030029,-0.0009277532725261,0.01805868390598897,0,0.0,0.0,0.0,1.0
2021-06-17,109198.311030029,0.0,0.01805868390598897,0,0.0,0.0,0.0,1.0
2021-06-18,109109.61937067682,-0.0008122072449252,0.018856223757011903,0,0.0,0.0,0.0,1.0
2021-06-21,109134.95349537276,0.0002321896533235,0.01862841232374557,0,0.0,0.0,0.0,1.0
2021-06-22,109198.31103002901,0.0005805430123626,0.01805868390598886,0,0.0,0.0,0.0,1.0
2021-06-23,109122.29754448301,-0.0006961049564687,0.0187422181230833,0,0.0,0.0,0.0,1.0
2021-06-24,109134.95349537277,0.0001159795126619,0.018628412323745458,0,0.0,0.0,0.0,1.0
2021-06-25,109122.29754448301,-0.0001159660629745,0.0187422181230833,0,0.0,0.0,0.0,1.0
2021-06-28,109160.32095444332,0.0003484476666633,0.018400301138593034,0,0.0,0.0,0.0,1.0
2021-06-29,109147.62055772077,-0.0001163462750156,0.018514506607111958,0,0.0,0.0,0.0,1.0
2021-06-30,109172.99912824952,0.0002325160218707,0.01828629550466432,0,0.0,0.0,0.0,1.0
2021-07-01,109151.42067642516,-0.000197653742195,0.018480334892121975,0,0.0,0.0,0.0,1.0
2021-07-02,109202.15559456625,0.0004648122564661,0.018024112521817348,0,0.0,0.0,0.0,1.0
2021-07-06,109240.15678161016,0.0003479893490838,0.017682395371917736,0,0.0,0.0,0.0,1.0
2021-07-07,109252.86828979093,0.00011636296171,0.017568089986103375,0,0.0,0.0,0.0,1.0
2021-07-08,109303.52542772463,0.0004636687230885,0.0171125670368657,0,0.0,0.0,0.0,1.0
2021-07-09,109265.52424068074,-0.0003476666182101,0.01745428418676509,0,0.0,0.0,0.0,1.0
2021-07-12,109240.1567816102,-0.0002321634316663,0.017682395371917403,0,0.0,0.0,0.0,1.0
2021-07-13,109151.42067642522,-0.0008123029827061,0.01848033489212153,0,0.0,0.0,0.0,1.0
2021-07-14,109227.52305363683,0.0006972183846989,0.017796001336664702,0,0.0,0.0,0.0,1.0
2021-07-15,109240.15678161019,0.0001156643272699,0.017682395371917514,0,0.0,0.0,0.0,1.0
2021-07-16,109227.52305363682,-0.0001156509505806,0.017796001336664813,0,0.0,0.0,0.0,1.0
2021-07-19,109278.1468571959,0.0004634711302042,0.01734077813931323,0,0.0,0.0,0.0,1.0
2021-07-20,109328.84844096239,0.0004639681878275,0.01688485552089436,0,0.0,0.0,0.0,1.0
2021-07-21,109290.81391954389,-0.0003478909909039,0.01722687242267984,0,0.0,0.0,0.0,1.0
2021-07-22,109303.52542772466,0.0001163090265767,0.017112567036865478,0,0.0,0.0,0.0,1.0
2021-07-23,109316.19249007264,0.0001158888727368,0.01699866132023209,0,0.0,0.0,0.0,1.0
2021-07-26,109290.8139195439,-0.0002321574686298,0.01722687242267973,0,0.0,0.0,0.0,1.0
2021-07-27,109316.19249007264,0.0002322113782355,0.01699866132023209,0,0.0,0.0,0.0,1.0
2021-07-28,109328.8484409624,0.0001157737989356,0.01688485552089425,0,0.0,0.0,0.0,1.0
2021-07-29,109328.8484409624,0.0,0.01688485552089425,0,0.0,0.0,0.0,1.0
2021-07-30,109354.20478857475,0.0002319273272692,0.016656844253037262,0,0.0,0.0,0.0,1.0
2021-08-02,109394.78383392106,0.0003710789669657,0.0162919462906298,0,0.0,0.0,0.0,1.0
2021-08-03,109394.78383392106,0.0,0.0162919462906298,0,0.0,0.0,0.0,1.0
2021-08-04,109356.72708958614,-0.0003478844511698,0.016634163027005933,0,0.0,0.0,0.0,1.0
2021-08-05,109306.02550581966,-0.0004636347951868,0.01709008564542458,0,0.0,0.0,0.0,1.0
2021-08-06,109268.06876460856,-0.0003472520479586,0.017431403126142997,0,0.0,0.0,0.0,1.0
2021-08-09,109229.98979735724,-0.0003484912626519,0.017773819697109672,0,0.0,0.0,0.0,1.0
2021-08-10,109191.98861031332,-0.0003479006737473,0.018115536847009395,0,0.0,0.0,0.0,1.0
2021-08-11,109242.7124169962,0.0004645378047276,0.017659414394000095,0,0.0,0.0,0.0,1.0
2021-08-12,109242.7124169962,0.0,0.017659414394000095,0,0.0,0.0,0.0,1.0
2021-08-13,109255.34614496956,0.0001156482450301,0.017545808429252907,0,0.0,0.0,0.0,1.0
2021-08-16,109280.70249258191,0.000232083357996,0.01731779716139581,0,0.0,0.0,0.0,1.0
2021-08-17,109255.34614496958,-0.0002320295078086,0.017545808429252796,0,0.0,0.0,0.0,1.0
2021-08-18,109255.34614496958,0.0,0.017545808429252796,0,0.0,0.0,0.0,1.0
2021-08-19,109255.34614496958,0.0,0.017545808429252796,0,0.0,0.0,0.0,1.0
2021-08-20,109255.34614496958,0.0,0.017545808429252796,0,0.0,0.0,0.0,1.0
2021-08-23,109255.34614496958,0.0,0.017545808429252796,0,0.0,0.0,0.0,1.0
2021-08-24,109242.7124169962,-0.0001156348720602,0.017659414394000095,0,0.0,0.0,0.0,1.0
2021-08-25,109229.98979735724,-0.0001164619529988,0.017773819697109672,0,0.0,0.0,0.0,1.0
2021-08-26,109229.98979735724,0.0,0.017773819697109672,0,0.0,0.0,0.0,1.0
2021-08-27,109306.02550581966,0.0006961065235242,0.01709008564542458,0,0.0,0.0,0.0,1.0
2021-08-30,109331.40407634841,0.000232179062511,0.01686187454297694,0,0.0,0.0,0.0,1.0
2021-08-31,109318.71479108404,-0.0001160625839535,0.01697598009420076,0,0.0,0.0,0.0,1.0
2021-09-01,109309.83673598227,-8.12125821159082e-05,0.01705581401313916,0,0.0,0.0,0.0,1.0
2021-09-02,109309.83673598227,0.0,0.01705581401313916,0,0.0,0.0,0.0,1.0
2021-09-03,109309.83673598227,0.0,0.01705581401313916,0,0.0,0.0,0.0,1.0
2021-09-07,109271.82443748017,-0.0003477481957449,0.017397631080333986,0,0.0,0.0,0.0,1.0
2021-09-08,109527.05704472317,0.00333909773045132,0.015102509114597873,5,0.19909153525275577,0.6020732754572057,0.19883518929003863,0.0
2021-09-09,110328.00605330852,0.0073127958533414925,0.007900154827284678,5,0.19680021920464216,0.6049349166519393,0.19826486414341862,0.0
2021-09-10,109457.71404217914,-0.00788822387226755,0.015726060509648976,5,0.19680096422051208,0.6043687074054102,0.19883032837407774,0.0
2021-09-13,109986.9612740988,0.004835175268832316,0.010966923499669212,5,0.19635518099305338,0.6051084151036973,0.1985364039032494,0.0
2021-09-14,110817.83552547345,0.007554297725382512,0.0034954731795346916,5,0.19383132873647588,0.6078521237289101,0.19831654753461403,0.0
2021-09-15,110707.01768994797,0.0,0.004491977706355232,0,0.0,0.0,0.0,1.0
2021-09-16,110668.58024201357,-0.0003471997415923,0.004837617834448582,0,0.0,0.0,0.0,1.0
2021-09-17,110642.9027665492,-0.000232021368741,0.005068516772478104,0,0.0,0.0,0.0,1.0
2021-09-20,110668.58024201359,0.0002320752151501,0.004837617834448471,0,0.0,0.0,0.0,1.0
2021-09-21,110694.20145657641,0.0002315129958909,0.004607224809955346,0,0.0,0.0,0.0,1.0
2021-09-22,110630.01902009577,-0.0005798175119933,0.005184370972322161,0,0.0,0.0,0.0,1.0
2021-09-23,110565.82533143483,-0.0005802556053912,0.0057616183173963,0,0.0,0.0,0.0,1.0
2021-09-24,110527.35412695949,-0.0003479484222183,0.006107561993611621,0,0.0,0.0,0.0,1.0
2021-09-27,110514.4816326864,-0.0001164643302536,0.006223315010748132,0,0.0,0.0,0.0,1.0
2021-09-28,110527.3541269595,0.0001164778957738,0.00610756199361151,0,0.0,0.0,0.0,1.0
2021-09-29,110565.82533143484,0.0003480695324629,0.005761618317396078,0,0.0,0.0,0.0,1.0
2021-09-30,110591.53656344014,0.0002325423061622,0.005530415831244695,0,0.0,0.0,0.0,1.0
2021-10-01,110644.14050638316,0.0004756597527952,0.005057386674676478,0,0.0,0.0,0.0,1.0
2021-10-04,110592.78555545441,-0.000464145238001,0.005519184550735745,0,0.0,0.0,0.0,1.0
2021-10-05,110579.9355655419,-0.0001161919364627,0.00563473520245783,0,0.0,0.0,0.0,1.0
2021-10-06,110994.16190529305,0.00475069554197954,0.0019098977633129621,5,0.19988163441488144,0.6005318753687671,0.1995864902163515,0.0
2021-10-07,110372.15418866125,-0.0056039678660083185,0.007503162623628379,5,0.20274593190158183,0.5976008958488659,0.1996531722495522,0.0
2021-10-08,109879.07009552226,-0.004467468237470133,0.011937110720396826,5,0.20328436250368584,0.5960810113198693,0.20063462617644473,0.0
2021-10-11,109509.56031076857,-0.0033628768830356497,0.01525984456974061,5,0.20249361527833531,0.5965747645227414,0.2009316201989233,0.0
2021-10-12,110671.47040212623,0.010610124705645306,0.004811628717968919,5,0.19987443100552996,0.6004059074104485,0.19971966158402166,0.0
2021-10-13,110522.25590007039,-0.0003486139031747,0.006153406655255211,0,0.0,0.0,0.0,1.0
2021-10-14,110522.25590007039,0.0,0.006153406655255211,0,0.0,0.0,0.0,1.0
2021-10-15,110457.99874180493,-0.0005813956450867,0.006731224736510111,0,0.0,0.0,0.0,1.0
2021-10-18,110380.89015188637,-0.0006980806351453,0.007424606434016101,0,0.0,0.0,0.0,1.0
2021-10-19,110419.41065692894,0.0003489780249965,0.00707821943350917,0,0.0,0.0,0.0,1.0
2021-10-20,110457.99874180494,0.000349468310385,0.00673122473651,0,0.0,0.0,0.0,1.0
2021-10-21,110329.42810874617,-0.001163977570871,0.007887367312763294,0,0.0,0.0,0.0,1.0
2021-10-22,110303.74777205114,-0.0002327605348387,0.008118291979767767,0,0.0,0.0,0.0,1.0
2021-10-25,110355.17602527463,0.0004662421201659,0.007655834949266582,0,0.0,0.0,0.0,1.0
2021-10-26,110329.42810874617,-0.0002333186122829,0.007887367312763294,0,0.0,0.0,0.0,1.0
2021-10-27,110303.74777205114,-0.0002327605348387,0.008118291979767767,0,0.0,0.0,0.0,1.0
2021-10-28,110316.56541378754,0.0001162031390165,0.008003032211762795,0,0.0,0.0,0.0,1.0
2021-10-29,110329.42810874619,0.0001165980368442,0.007887367312763183,0,0.0,0.0,0.0,1.0
2021-11-01,110279.295135663,-0.000454393482705,0.008338176827165644,0,0.0,0.0,0.0,1.0
2021-11-02,110394.99181045752,0.0010491241774097,0.007297800432660817,0,0.0,0.0,0.0,1.0
2021-11-03,110369.3002104569,-0.0002327243254361,0.007528826382414144,0,0.0,0.0,0.0,1.0
2021-11-04,110472.10040037608,0.0009314201478414,0.006604418735154938,0,0.0,0.0,0.0,1.0
2021-11-05,110523.53991690515,0.0004656335522059,0.006141860421904899,0,0.0,0.0,0.0,1.0
2021-11-08,110394.99181045753,-0.0011630835073168,0.007297800432660706,0,0.0,0.0,0.0,1.0
2021-11-09,110459.2827586397,0.0005823719638708,0.006719678503159687,0,0.0,0.0,0.0,1.0
2021-11-10,110240.7521040093,-0.0019783819808781,0.00868476639316984,0,0.0,0.0,0.0,1.0
2021-11-11,110163.67730400745,-0.0006991498019637,0.0093778442424296,0,0.0,0.0,0.0,1.0
2021-11-12,110253.6373255791,0.0008166032922394,0.008568898928672741,0,0.0,0.0,0.0,1.0
2021-11-15,110240.75210400931,-0.0001168689023088,0.00868476639316973,0,0.0,0.0,0.0,1.0
2021-11-16,110240.75210400931,0.0,0.00868476639316973,0,0.0,0.0,0.0,1.0
2021-11-17,110279.29513566302,0.0003496259860178,0.008338176827165422,0,0.0,0.0,0.0,1.0
2021-11-18,110266.47749392664,-0.0001162289051686,0.008453436595170283,0,0.0,0.0,0.0,1.0
2021-11-19,110240.75210400931,-0.000233302001678,0.00868476639316973,0,0.0,0.0,0.0,1.0
2021-11-22,110112.23778747839,-0.001165760520299,0.009840402555679528,0,0.0,0.0,0.0,1.0
2021-11-23,110112.23778747839,0.0,0.009840402555679528,0,0.0,0.0,0.0,1.0
2021-11-24,110086.53492417221,-0.0002334242208008,0.010071529788181377,0,0.0,0.0,0.0,1.0
2021-11-26,110305.0430521915,0.0019848760629062,0.008106644463668489,0,0.0,0.0,0.0,1.0
2021-11-29,110356.42625219273,0.0004658282031304,0.007644592564161945,0,0.0,0.0,0.0,1.0
2021-11-30,110266.47749392666,-0.0008150749468863,0.00845343659517006,0,0.0,0.0,0.0,1.0
2021-12-01,110279.30639896862,0.0001163445621328,0.008338075544416457,0,0.0,0.0,0.0,1.0
2021-12-02,110137.83928103451,-0.0012828074690851,0.00961018686791526,0,0.0,0.0,0.0,1.0
2021-12-03,110202.16401913337,0.0005840384968396,0.009031761090168344,0,0.0,0.0,0.0,1.0
2021-12-06,110112.1476810339,-0.0008168291330817,0.009841212817668588,0,0.0,0.0,0.0,1.0
2021-12-07,109970.70308971089,-0.0012845502907883,0.011113121575670237,0,0.0,0.0,0.0,1.0
2021-12-08,110009.2461213646,0.0003504845433448,0.010766532009666041,0,0.0,0.0,0.0,1.0
2021-12-09,109970.70308971089,-0.000350361746968,0.011113121575670237,0,0.0,0.0,0.0,1.0
2021-12-10,110022.10881632325,0.0004674492857468,0.010650867110666429,0,0.0,0.0,0.0,1.0
2021-12-13,110086.43355442211,0.0005846528374242,0.010072441332919513,0,0.0,0.0,0.0,1.0
2021-12-14,110022.10881632325,-0.0005843112182126,0.010650867110666429,0,0.0,0.0,0.0,1.0
2021-12-15,110060.69690119922,0.0003507302785878,0.01030387241366748,0,0.0,0.0,0.0,1.0
2021-12-16,110148.15646893477,0.0007946485003094,0.009517411870119008,0,0.0,0.0,0.0,1.0
2021-12-17,110096.78453223911,-0.0004663894371228,0.009979362486876808,0,0.0,0.0,0.0,1.0
2021-12-20,110122.44234232303,0.0002330477696776,0.00974864038536949,0,0.0,0.0,0.0,1.0
2021-12-21,110058.12886752974,-0.0005840178752427,0.010326964880367773,0,0.0,0.0,0.0,1.0
2021-12-22,110045.26617257108,-0.0001168718302865,0.010442629779367385,0,0.0,0.0,0.0,1.0
2021-12-23,110032.39221430685,-0.000116987842476,0.010558395961115852,0,0.0,0.0,0.0,1.0
2021-12-27,109993.83791934757,-0.0003503904094367,0.010905086809868791,0,0.0,0.0,0.0,1.0
2021-12-28,109993.83791934757,0.0,0.010905086809868791,0,0.0,0.0,0.0,1.0
2021-12-29,109980.95269777777,-0.0001171449402397,0.01102095427436578,0,0.0,0.0,0.0,1.0
2021-12-30,110045.26617257108,0.0005847692097198,0.010442629779367385,0,0.0,0.0,0.0,1.0
2021-12-31,110032.39221430685,-0.000116987842476,0.010558395961115852,0,0.0,0.0,0.0,1.0
2022-01-03,109903.76526472025,-0.0011689916668909,0.011715044951112419,0,0.0,0.0,0.0,1.0
2022-01-04,109968.09000281912,0.0005852823872225,0.011136619173365392,0,0.0,0.0,0.0,1.0
2022-01-05,109826.62288488502,-0.0012864378923967,0.012408730496864195,0,0.0,0.0,0.0,1.0
2022-01-06,109736.55023025768,-0.0008201349751211,0.013218688638108045,0,0.0,0.0,0.0,1.0
2022-01-07,109710.8135770348,-0.0002345312766702,0.013450119718855902,0,0.0,0.0,0.0,1.0
2022-01-10,109646.51136554706,-0.0005861064136817,0.014028342931105664,0,0.0,0.0,0.0,1.0
2022-01-11,109685.08818711748,0.0003518289920032,0.013681449516855348,0,0.0,0.0,0.0,1.0
2022-01-12,109646.51136554708,-0.0003517052518989,0.014028342931105553,0,0.0,0.0,0.0,1.0
2022-01-13,109697.96214538174,0.0004692422877288,0.01356568333510666,0,0.0,0.0,0.0,1.0
2022-01-14,109556.43871091976,-0.0012901190842034,0.01483830107234918,0,0.0,0.0,0.0,1.0
2022-01-18,109389.27999298502,-0.0015257772149368,0.016341438345601422,0,0.0,0.0,0.0,1.0
2022-01-19,109440.65192968068,0.0004696249641551,0.015879487728843622,0,0.0,0.0,0.0,1.0
2022-01-20,109414.9828562912,-0.0002345478845098,0.016110311113099463,0,0.0,0.0,0.0,1.0
2022-01-21,109504.99919439068,0.0008227057734653,0.01530085938559922,0,0.0,0.0,0.0,1.0
2022-01-24,109569.31266918399,0.0005873108558189,0.014722534890600825,0,0.0,0.0,0.0,1.0
2022-01-25,109517.90694257162,-0.0004691617147182,0.015184789355604744,0,0.0,0.0,0.0,1.0
2022-01-26,109324.92146496943,-0.0017621362842825,0.01692016797159457,0,0.0,0.0,0.0,1.0
2022-01-27,109234.88260025882,-0.0008235895668077,0.017729822264592188,0,0.0,0.0,0.0,1.0
2022-01-28,109273.41436860696,0.0003527423422895,0.017383333981336624,0,0.0,0.0,0.0,1.0
2022-01-31,109273.41436860696,0.0,0.017383333981336624,0,0.0,0.0,0.0,1.0
2022-02-01,109264.47130398596,-8.184117493414966e-05,0.017463752483793504,0,0.0,0.0,0.0,1.0
2022-02-02,109290.17416729216,0.0002352353239754,0.017232625251291434,0,0.0,0.0,0.0,1.0
2022-02-03,109200.13530258155,-0.0008238514157073,0.018042279544289053,0,0.0,0.0,0.0,1.0
2022-02-04,108981.37938183977,-0.0020032568653475,0.020009393089272964,0,0.0,0.0,0.0,1.0
2022-02-07,109007.1723515905,0.000236673181208,0.0197774555947815,0,0.0,0.0,0.0,1.0
2022-02-08,108891.29546390688,-0.0010630207644491,0.020819452513265335,0,0.0,0.0,0.0,1.0
2022-02-09,108878.48908547606,-0.0001176069985783,0.020934610998521563,0,0.0,0.0,0.0,1.0
2022-02-10,108325.19046275341,-0.0050817992366543,0.02591002474498405,0,0.0,0.0,0.0,1.0
2022-02-11,108659.74442803983,0.0030884225899556,0.022901623260756954,0,0.0,0.0,0.0,1.0
2022-02-14,108428.13707564496,-0.0021314917830334,0.024984300421991956,0,0.0,0.0,0.0,1.0
2022-02-15,108466.71389721538,0.0003557823883251,0.02463740700774153,0,0.0,0.0,0.0,1.0
2022-02-16,108608.2823848996,0.0013051790968645,0.02336438413950448,0,0.0,0.0,0.0,1.0
2022-02-17,108672.57333308176,0.000591952535943,0.022786262210003683,0,0.0,0.0,0.0,1.0
2022-02-18,108685.45855465156,0.0001185692136902,0.022670394745506584,0,0.0,0.0,0.0,1.0
2022-02-22,108558.76306730966,-0.00016587367881444045,0.023809675494541827,5,0.1978864413562412,0.6016625015170238,0.20045105712673505,0.0
2022-02-23,107375.61031713373,-0.010898730943004002,0.03444891119049065,5,0.19651796765219523,0.5999088069390938,0.20357322540871098,0.0
2022-02-24,107594.60853437563,0.0020395527121577443,0.032479618848582414,5,0.19906942783424622,0.5990821014206579,0.2018484707450959,0.0
2022-02-25,108041.99286961861,0.004158055327651925,0.028456615573123956,5,0.2026191772500919,0.5970376821731341,0.20034314057677383,0.0
2022-02-28,109624.20318606317,0.014644401444481899,0.014228944230845975,5,0.19918382371433968,0.6013179420101256,0.19949823427553476,0.0
2022-03-01,109767.21600752477,0.0023068802984409,0.012942933515115218,0,0.0,0.0,0.0,1.0
2022-03-02,109404.46125623905,-0.0033047640678147,0.01620492424131703,0,0.0,0.0,0.0,1.0
2022-03-03,109404.46125623905,0.0,0.01620492424131703,0,0.0,0.0,0.0,1.0
2022-03-04,109521.04115771329,0.0010655863585049,0.0151566056290241,0,0.0,0.0,0.0,1.0
2022-03-07,109378.54453400137,-0.0013010890163719,0.016437974552286683,0,0.0,0.0,0.0,1.0
2022-03-08,109236.02523599178,-0.0013029913555422,0.017719547369084654,0,0.0,0.0,0.0,1.0
2022-03-09,109171.23343039757,-0.0005931358766875,0.01830217314650895,0,0.0,0.0,0.0,1.0
2022-03-10,109080.59292545868,-0.0008302599695062,0.01911723755429673,0,0.0,0.0,0.0,1.0
2022-03-11,109041.75185354867,-0.0003560768315272,0.019466507180447956,0,0.0,0.0,0.0,1.0
2022-03-14,108756.72459467832,-0.0026139277297485,0.022029550867276204,0,0.0,0.0,0.0,1.0
2022-03-15,108795.57700373718,0.000357241441425,0.02168017929435706,0,0.0,0.0,0.0,1.0
2022-03-16,108691.94412623295,-0.0009525467887419,0.022612074697932805,0,0.0,0.0,0.0,1.0
2022-03-17,108653.08038002528,-0.0003575586628807,0.02296154821761942,0,0.0,0.0,0.0,1.0
2022-03-18,108627.12964634108,-0.0002388402942045,0.023194904368892266,0,0.0,0.0,0.0,1.0
2022-03-21,108264.46559224605,-0.0033386139841471,0.026456079520952414,0,0.0,0.0,0.0,1.0
2022-03-22,108361.27032575736,0.0018960466156112792,0.02558558467051386,1,0.6058719811805393,0.39412801881946075,0.0,0.0
2022-03-23,108451.71795335702,0.0008346859290938658,0.02477225466893207,1,0.5975706256734019,0.4024293743265981,0.0,0.0
2022-03-24,109086.78621145288,0.0058557694620291955,0.019061545819298864,1,0.6030472205204888,0.39695277947951135,0.0,0.0
2022-03-25,108807.33805988243,-0.002561704870732759,0.021574420635262492,1,0.6075486828622237,0.39245131713777626,0.0,0.0
2022-03-28,109642.62918984948,0.007676790415618416,0.014063252525199466,1,0.6072087151727291,0.392791284827271,0.0,0.0
2022-03-29,109585.698037488,0.0004812383783507,0.014575193141764697,0,0.0,0.0,0.0,1.0
2022-03-30,109664.58102738557,0.0007198292415,0.013865855550488582,0,0.0,0.0,0.0,1.0
2022-03-31,109664.58102738557,0.0,0.013865855550488582,0,0.0,0.0,0.0,1.0
2022-04-01,109435.5313531727,-0.002088638574707,0.015925533364421485,0,0.0,0.0,0.0,1.0
2022-04-04,109501.41494216613,0.0006020310604679,0.015333089969693403,0,0.0,0.0,0.0,1.0
2022-04-05,109303.94840053085,-0.0018033241099175,0.017108763548788875,0,0.0,0.0,0.0,1.0
2022-04-06,109382.9580453531,0.0007228434652033,0.01639828704151447,0,0.0,0.0,0.0,1.0
2022-04-07,109461.91011975503,0.000721795020109,0.015688328223330328,0,0.0,0.0,0.0,1.0
2022-04-08,109330.22354035662,-0.0012030356427578,0.016872490248060146,0,0.0,0.0,0.0,1.0
2022-04-11,109356.5792787708,0.000241065439736,0.016635492182605294,0,0.0,0.0,0.0,1.0
2022-04-12,109633.02092297617,0.0025278922039126,0.014149652709689264,0,0.0,0.0,0.0,1.0
2022-04-13,109685.69785755234,0.0004804842020469,0.01367596719223374,0,0.0,0.0,0.0,1.0
2022-04-14,109488.25434408517,-0.0018000843986386,0.01545143369569335,0,0.0,0.0,0.0,1.0
2022-04-18,109488.25434408517,0.0,0.01545143369569335,0,0.0,0.0,0.0,1.0
2022-04-19,109238.09935378964,-0.0022847655375834,0.017700896330062554,0,0.0,0.0,0.0,1.0
2022-04-20,109503.3786631205,0.00343188231215452,0.01531543164952165,3,0.7966726026195624,0.20332739738043776,0.0,0.0
2022-04-21,108034.13080171285,-0.013417374690580902,0.028527313455112946,3,0.7954321179643346,0.20456788203566545,0.0,0.0
2022-04-22,105537.0855470056,-0.02311348493459303,0.05098143275993694,3,0.791909948163497,0.20809005183650295,0.0,0.0
2022-04-25,106241.25483093185,0.006672244929604567,0.04464934843656876,3,0.7912218982215196,0.20877810177848036,0.0,0.0
2022-04-26,104030.08054529876,-0.020812765146193662,0.0645328371798215,3,0.7846379059848267,0.21536209401517326,0.0,0.0
2022-04-27,103995.64006011674,-0.00031570551197669997,0.06484253551698027,3,0.8025027796451636,0.19749722035483636,0.0,0.0
2022-04-28,106134.2976595732,0.020564877510443468,0.0456111368069102,3,0.8061942389812287,0.1938057610187713,0.0,0.0
2022-04-29,102705.36160984066,-0.03230752099317496,0.07644507504017328,3,0.802321943779934,0.19767805622006593,0.0,0.0
2022-05-02,102849.44981772109,0.0014029278084603484,0.07514939415330657,3,0.8060206027895387,0.19397939721046129,0.0,0.0
2022-05-03,103363.97075252692,0.0050026610323896156,0.07052268006665541,3,0.8056849503345443,0.1943150496654556,0.0,0.0
2022-05-04,105995.4479510053,0.02546418990678144,0.04685971166383207,3,0.8038917962774353,0.19610820372256466,0.0,0.0
2022-05-05,102397.36763912952,-0.03394561164116169,0.07921464173123649,3,0.8025626533119699,0.19743734668803012,0.0,0.0
2022-05-06,101608.94917936709,-0.0076995969519546995,0.08630431786916715,3,0.8039625763179884,0.19603742368201152,0.0,0.0
2022-05-09,99168.69041274373,-0.024016179542568197,0.10824779741849044,3,0.7973715133886264,0.20262848661137353,0.0,0.0
2022-05-10,99533.63708821515,0.003680059441669389,0.10496609630575071,3,0.7962835523939475,0.20371644760605231,0.0,0.0
2022-05-11,98651.97024962258,-0.00885429517229674,0.1128942875724267,3,0.7943243582152999,0.20567564178470019,0.0,0.0
2022-05-12,98532.3158403532,-0.0012128942682707341,0.1139702530063803,3,0.7944587019047364,0.20554129809526353,0.0,0.0
2022-05-13,100104.45945178145,0.01595561413552384,0.09983310425075409,3,0.8006771316745414,0.19932286832545876,0.0,0.0
2022-05-16,99758.60503694312,-0.003454935142074613,0.1029431224926104,3,0.8001930437836635,0.19980695621633648,0.0,0.0
2022-05-17,101159.79326678092,0.014045788123429812,0.09034325165647616,3,0.8053415283072196,0.19465847169278042,0.0,0.0
2022-05-18,98328.22921604704,-0.027985810700922844,0.11580545619384774,3,0.7898554566614047,0.2101445433385954,0.0,0.0
2022-05-19,97902.06911622436,-0.0043340564883591086,0.11963760529340262,3,0.7884351812161342,0.2115648187838658,0.0,0.0
2022-05-20,98170.84082781011,0.002745311861250553,0.11722073596901561,3,0.7866197049965534,0.21338029500344652,0.0,0.0
2022-05-23,99271.03324571441,0.011206916520497316,0.10732750245099432,3,0.7924566205321519,0.20754337946784807,0.0,0.0
2022-05-24,99077.04657629512,-0.0019541115174971776,0.10907188405980772,3,0.7879469369797991,0.21205306302020094,0.0,0.0
2022-05-25,99854.46171547806,0.00785871937765048,0.10208115281387498,3,0.8007748437771541,0.1992251562228458,0.0,0.0
2022-05-26,101362.14878667356,0.01509884531240527,0.08852361503711847,3,0.8046263102003274,0.19537368979967254,0.0,0.0
2022-05-27,103412.68203488334,0.02022977287631639,0.0700846547871935,3,0.8080328641062814,0.19196713589371864,0.0,0.0
2022-05-31,102523.73993886731,-0.0085960646075901,0.07807826717423227,3,0.8104659699771378,0.1895340300228622,0.0,0.0
2022-06-01,101829.43292260256,-0.00677215849401065,0.08432166726800139,3,0.8093918097881939,0.19060819021180617,0.0,0.0
2022-06-02,103390.34107008498,0.0153381898945325,0.07028555090151967,3,0.8029196030627107,0.19708039693728932,0.0,0.0
2022-06-03,101984.12707901244,-0.01360101897835219,0.08293061476815644,3,0.8006316766514215,0.19936832334857849,0.0,0.0
2022-06-06,101857.73805037084,-0.0012393009800796893,0.08406713975607538,3,0.8040659732390925,0.19593402676090754,0.0,0.0
2022-06-07,102858.8797466217,0.009828823174492286,0.07506459763303086,3,0.8038774997990961,0.19612250020090394,0.0,0.0
2022-06-08,101781.16605637335,-0.01047759505939742,0.08475569623513268,3,0.8035569899522069,0.19644301004779302,0.0,0.0
2022-06-09,99912.08145478141,-0.01836026532672014,0.101563020233702,3,0.7955807027359368,0.20441929726406316,0.0,0.0
2022-06-10,97480.6041062636,-0.024336169491356707,0.12342753485059721,3,0.7917813257803937,0.20821867421960635,0.0,0.0
2022-06-13,93913.19277697035,-0.036596114293715586,0.15550668097192877,3,0.7906537247299829,0.20934627527001706,0.0,0.0
2022-06-14,93441.46538406139,-0.005023015179871914,0.15974858373270717,3,0.7922507388602763,0.2077492611397237,0.0,0.0
2022-06-15,94858.9921132737,0.015170210820068123,0.1470017926060715,3,0.7915374187920606,0.20846258120793926,0.0,0.0
2022-06-16,92497.27514766295,-0.024888881282491237,0.1682390026286299,3,0.793266667286213,0.2067333327137871,0.0,0.0
2022-06-17,92717.07738373788,0.0023763103910253787,0.16626248032772661,3,0.7930922218849481,0.20690777811505195,0.0,0.0
2022-06-21,94242.9707905781,0.016457522712076428,0.15254122616180987,3,0.7998929457682591,0.2001070542317409,0.0,0.0
2022-06-22,94624.9157768141,0.004052768954883043,0.14910667155265522,3,0.7952199537803494,0.2047800462196506,0.0,0.0
2022-06-23,95521.71631378385,0.009477424942548643,0.14104239389818007,3,0.7954760251561225,0.2045239748438775,0.0,0.0
2022-06-24,97686.41981049374,0.02266652561499856,0.12157678329978827,3,0.8071400384423667,0.1928599615576332,0.0,0.0
2022-06-27,97224.562618744,-0.004727956993875991,0.12572993049076908,3,0.8078764882401542,0.1921235117598457,0.0,0.0
2022-06-28,95706.6930232952,-0.01561199715961668,0.13937903233268512,3,0.8039201122627679,0.19607988773723206,0.0,0.0
2022-06-29,95936.93678233164,0.002405722648680515,0.13730861697883856,3,0.8013376092088975,0.1986623907911026,0.0,0.0
2022-06-30,95479.73446050085,-0.0047656547849564655,0.1414199062962741,3,0.798633289541876,0.20136671045812404,0.0,0.0
2022-07-01,96483.53268276893,0.01051458818118892,0.13239347595894324,3,0.8000491106839676,0.1999508893160325,0.0,0.0
2022-07-05,96780.89633761536,0.003082014584023758,0.12971949999865462,3,0.7990972858778417,0.2009027141221584,0.0,0.0
2022-07-06,96715.60611514936,-0.0006746189065890835,0.1303066076779913,3,0.8023372122527095,0.1976627877472905,0.0,0.0
2022-07-07,97709.59380137338,0.010277428081674558,0.12136839638529417,3,0.8060697951959609,0.19393020480403916,0.0,0.0
2022-07-08,97434.91481246763,-0.0028111772674455178,0.12383838557583504,3,0.8076771880225061,0.19232281197749387,0.0,0.0
2022-07-11,97418.94585312667,4.3792678794582e-05,0.12398198286048168,1,0.5931198673397493,0.40688013266025075,0.0,0.0
2022-07-12,97143.16482175374,-0.0028308767761529787,0.12646188192069363,1,0.5895403360964008,0.4104596639035993,0.0,0.0
2022-07-13,97299.60441399018,0.0016104024665396575,0.1250551339807221,1,0.5855012542501061,0.41449874574989387,0.0,0.0
2022-07-14,96832.21525197261,-0.004803608039647558,0.12925802617338067,1,0.5868987026286187,0.4131012973713814,0.0,0.0
2022-07-15,98143.11982080115,0.013537897128733042,0.11747001090604592,1,0.5901225078724648,0.4098774921275353,0.0,0.0
2022-07-18,97269.90167619046,-0.008689341623190941,0.12532222918733782,3,0.8003489656539334,0.1996510343460666,0.0,0.0
2022-07-19,99268.58813496488,0.02054784084626723,0.10734948956091139,3,0.8054240703648233,0.19457592963517656,0.0,0.0
2022-07-20,99828.81153309757,0.00564351129252504,0.10231180632497028,3,0.8060082160332419,0.19399178396675812,0.0,0.0
2022-07-21,100982.75206276073,0.011559193302432358,0.09193525496896926,3,0.8049118554695095,0.19508814453049064,0.0,0.0
2022-07-22,100559.79407039483,-0.0041884181578160035,0.09573860983552984,3,0.8007979226835538,0.19920207731644618,0.0,0.0
2022-07-25,99878.73369060976,-0.00617560304383086,0.10186289252229896,5,0.20148729663085607,0.5978210207273421,0.20069168264180182,0.0
2022-07-26,99662.67395283552,-0.002163220635571067,0.10380576124676688,5,0.19953510764356405,0.5995766264144915,0.20088826594194445,0.0
2022-07-27,100047.24923175422,0.003858769423552492,0.10034755432070186,5,0.2039294230341484,0.593916333721795,0.20215424324405654,0.0
2022-07-28,101022.62022728364,0.009749103578750267,0.0915767494428984,5,0.20449352496345263,0.5928644946073124,0.20264198042923504,0.0
2022-07-29,101218.56511058145,0.0019396139484104396,0.08981475903505742,5,0.20707313711288558,0.5901086267573189,0.20281823612979566,0.0
2022-08-01,102168.78033277001,0.00958253188966314,0.08127016180596836,2,0.3950301451868938,0.4057454824727069,0.19922437234039933,0.0
2022-08-02,100904.48069326335,-0.012374618111215256,0.0926390927009979,2,0.397340974115474,0.4021363133331083,0.20052271255141774,0.0
2022-08-03,102220.53995207786,0.013042624567041413,0.08080472504028702,2,0.39836738027575663,0.40320894935775,0.19842367036649325,0.0
2022-08-04,102514.6806884033,0.0028775110800953714,0.07815973045181912,2,0.39695597556154494,0.40191717339246685,0.20112685104598824,0.0
2022-08-05,101233.27319339523,-0.012499746245154401,0.08968249989973609,2,0.4013011703359895,0.39731663822839797,0.2013821914356126,0.0
2022-08-08,101230.13230432743,0.0009699436914651,0.08971074364010023,0,0.0,0.0,0.0,1.0
2022-08-09,101132.03992020183,-0.0009690038123303,0.09059281739983638,0,0.0,0.0,0.0,1.0
2022-08-10,101230.13230432743,0.0009699436914651,0.08971074364010023,0,0.0,0.0,0.0,1.0
2022-08-11,101193.33295978681,-0.0003635216481788,0.09004165349089155,0,0.0,0.0,0.0,1.0
2022-08-12,101217.88011117128,0.0002425767653508,0.08982091873859133,0,0.0,0.0,0.0,1.0
2022-08-15,101303.68822833663,0.0008477565136821,0.08904930849383463,0,0.0,0.0,0.0,1.0
2022-08-16,101217.88011117128,-0.0008470384313346,0.08982091873859133,0,0.0,0.0,0.0,1.0
2022-08-17,101132.03992020187,-0.0008480733925185,0.09059281739983605,0,0.0,0.0,0.0,1.0
2022-08-18,101279.1945332923,0.0014550741110981,0.08926956255198781,0,0.0,0.0,0.0,1.0
2022-08-19,101205.59584421104,-0.0007266910980129,0.08993138225357067,0,0.0,0.0,0.0,1.0
2022-08-22,101070.69342427679,-0.0013329541593916,0.09114446200292758,0,0.0,0.0,0.0,1.0
2022-08-23,101119.77703577768,0.0004856364376055,0.09070308863715659,0,0.0,0.0,0.0,1.0
2022-08-24,101009.40038469185,-0.0010915436556667,0.09169562591187197,0,0.0,0.0,0.0,1.0
2022-08-25,101070.69342427682,0.000606805300809,0.09114446200292736,0,0.0,0.0,0.0,1.0
2022-08-26,101046.17834669644,-0.0002425537685535,0.09136490833873923,0,0.0,0.0,0.0,1.0
2022-08-29,100972.6331139553,-0.000727837845473,0.09202624734617526,0,0.0,0.0,0.0,1.0
2022-08-30,100923.57088499046,-0.0004858963013222,0.09246742843428735,0,0.0,0.0,0.0,1.0
2022-08-31,100911.29730929823,-0.0001216125785542,0.09257779581043746,0,0.0,0.0,0.0,1.0
2022-09-01,100837.64516387685,-0.0007298701670204,0.09324009620616736,0,0.0,0.0,0.0,1.0
2022-09-02,101058.64436521311,0.0021916338980061,0.09125281046365996,0,0.0,0.0,0.0,1.0
2022-09-06,100152.72811195732,-0.00797223510391832,0.09939905915196001,3,0.8033862174315768,0.19661378256842318,0.0,0.0
2022-09-07,101909.63644834395,0.01754229135348809,0.08360045505437819,3,0.8037199426708403,0.19628005732915954,0.0,0.0
2022-09-08,102239.82081940655,0.0032399720239406995,0.08063134616600243,3,0.8063606472091134,0.19363935279088657,0.0,0.0
2022-09-09,103564.55069348752,0.012957083291655198,0.06871900994253832,3,0.808413042569739,0.19158695743026094,0.0,0.0
2022-09-12,104301.32003639621,0.007114107462207509,0.06209377690175866,3,0.8113295539273915,0.1886704460726085,0.0,0.0
2022-09-13,103841.57253159596,-0.0034112893933313,0.06622795320610042,0,0.0,0.0,0.0,1.0
2022-09-14,103752.70822152375,-0.0008557681466657,0.0670270455799935,0,0.0,0.0,0.0,1.0
2022-09-15,103638.42725944157,-0.0011014744968216,0.06805469149551135,0,0.0,0.0,0.0,1.0
2022-09-16,103689.19423031139,0.0004898469825553,0.06759818089823388,0,0.0,0.0,0.0,1.0
2022-09-19,103574.93537927925,-0.0011019359527315,0.0686256279850943,0,0.0,0.0,0.0,1.0
2022-09-20,103524.21263050949,-0.0004897203033149,0.06908174092505726,0,0.0,0.0,0.0,1.0
2022-09-21,103435.31515386222,-0.0008587119321018,0.06988113154193631,0,0.0,0.0,0.0,1.0
2022-09-22,103244.80634680021,-0.0018418158902366,0.07159423925367125,0,0.0,0.0,0.0,1.0
2022-09-23,103117.89997515066,-0.0012291792308009,0.07273541633253655,0,0.0,0.0,0.0,1.0
2022-09-26,102889.3380509863,-0.0022165106564373,0.07479070816357236,0,0.0,0.0,0.0,1.0
2022-09-27,102035.2455851647,-0.00730838682702822,0.0824709430687095,3,0.8038325578491827,0.19616744215081727,0.0,0.0
2022-09-28,104319.24419406556,0.02238440840517701,0.061932597934742595,3,0.8017032367890112,0.1982967632109888,0.0,0.0
2022-09-29,102465.16375781446,-0.017773139084500476,0.07860500034228446,3,0.7991600402402814,0.2008399597597185,0.0,0.0
2022-09-30,100933.23260503261,-0.01495075103186011,0.0923805475841677,3,0.798744085494668,0.20125591450533206,0.0,0.0
2022-10-03,103384.467626721,0.024285708070804077,0.07033836652341374,3,0.8003938428958609,0.19960615710413904,0.0,0.0
2022-10-04,105889.52341265342,0.024230888326767543,0.04781221431350491,3,0.8052768372543823,0.19472316274561774,0.0,0.0
2022-10-05,105493.82251892825,-0.0037369220388603097,0.0513704658349704,3,0.8064152991445803,0.19358470085541962,0.0,0.0
2022-10-06,104502.71737119433,-0.009394911702589027,0.06028275654691895,3,0.8056656234939196,0.19433437650608046,0.0,0.0
2022-10-07,101957.06382954176,-0.02435968753434804,0.08317397496807488,3,0.802747118383505,0.19725288161649496,0.0,0.0
2022-10-10,101019.50339963188,-0.009195639759471196,0.09160477681637635,3,0.8040113655364909,0.19598863446350911,0.0,0.0
2022-10-11,100596.71291021099,-0.00418124167512446,0.09540662545027889,3,0.7982713770043399,0.20172862299566008,0.0,0.0
2022-10-12,100431.39094708783,-0.0016434131726623031,0.09689324611791683,3,0.7969478650672743,0.20305213493272561,0.0,0.0
2022-10-13,102348.61890406649,0.019089927351387075,0.0796530037957609,3,0.8026575991208659,0.19734240087913424,0.0,0.0
2022-10-14,100309.85027099687,-0.019919845083406506,0.09798617338312787,3,0.8003079282854848,0.1996920717145152,0.0,0.0
2022-10-17,102275.25912526813,0.019593378406622147,0.08031267515021823,3,0.8050990777615955,0.19490092223840447,0.0,0.0
2022-10-18,103284.03877291967,0.00986852844289556,0.07124145046258179,3,0.8014900611632956,0.19850993883670442,0.0,0.0
2022-10-19,102324.15266806785,-0.009293653852578496,0.07987301093460542,3,0.8032757731057764,0.1967242268942237,0.0,0.0
2022-10-20,101290.83063827128,-0.010098515383250673,0.08916492748822646,3,0.8046658933359421,0.19533410666405795,0.0,0.0
2022-10-21,102914.94727311564,0.016034192084418676,0.0745604229783472,3,0.8112134145185836,0.1887865854814164,0.0,0.0
2022-10-24,103775.93514235703,0.008366013801246056,0.0668181827047648,3,0.8143269695202483,0.18567303047975178,0.0,0.0
2022-10-25,105902.27364478678,0.02111700669419892,0.047697560711233544,5,0.19899164169888917,0.6046982513160521,0.19631010698505863,0.0
2022-10-26,106798.4272593144,0.008462080970362048,0.03963910036169882,5,0.1958352279348316,0.6082631596971143,0.19590161236805423,0.0
2022-10-27,107334.52268905808,0.005019694048883318,0.03481838246900415,5,0.19381658718041875,0.611562098243699,0.1946213145758822,0.0
2022-10-28,107164.9498528379,-0.0015798536386230162,0.036343228159392615,5,0.1987415789230401,0.6083195086712068,0.19293891240575314,0.0
2022-10-31,106377.67492852503,-0.007346384479197612,0.043422621311316134,5,0.19876622827403476,0.6084532712151924,0.1927805005107729,0.0
2022-11-01,107097.2532294155,0.00677288379498344,0.0369519748595154,5,0.19778527557041786,0.6015332309135621,0.20068149351602,0.0
2022-11-02,106136.17739260737,-0.008973860746450528,0.045594233729270406,5,0.19456760190659553,0.6043456414517759,0.20108675664162848,0.0
2022-11-03,105496.1539914388,-0.006030209650391473,0.05134950059142551,5,0.19373243178765887,0.6047308463300938,0.2015367218822473,0.0
2022-11-04,105371.12376505863,-0.001185163834411532,0.05247380685482106,5,0.19675403032591374,0.5952763401112,0.20796962956288628,0.0
2022-11-07,104856.8280296664,-0.004880803364486538,0.057098495886263145,5,0.19961034478887488,0.5922280866769455,0.2081615685341796,0.0
2022-11-08,105880.21821513289,0.010105567704246976,0.04789588921482557,4,0.2488342612013874,0.25020530971067134,0.2532158783311652,0.24774455075677607
2022-11-09,105332.2502264551,-0.005175357568345748,0.052823368430430784,4,0.24497558120699622,0.2523337507952767,0.25325611787517865,0.24943455012254848
2022-11-10,108728.04036214206,0.03223884544748943,0.022287487393785943,4,0.25036647942961054,0.25385783483491847,0.25281585392729594,0.24295983180817524
2022-11-11,109065.46626501514,0.003103393584113385,0.019253260655056392,4,0.25200758776959215,0.25214520572425914,0.25369871043858966,0.2421484960675591
2022-11-14,108801.99389864925,-0.0024157267684135363,0.02162247680632623,4,0.25046887735162315,0.2521360504235631,0.25486941071676983,0.24252566150804403
2022-11-15,110082.08205119167,0.01211737964291942,0.010111571249570961,5,0.1992909274650627,0.6024085813105794,0.1983004912243579,0.0
2022-11-16,111314.78680138459,0.011198050829195503,0.0,5,0.1955804667250272,0.6087653061871641,0.1956542270878087,0.0
2022-11-17,110374.82270722881,-0.008444197946791363,0.00844419794679141,5,0.19664251225037319,0.6074710590286775,0.1958864287209493,0.0
2022-11-18,109863.21708760357,-0.004635165947059287,0.013040223635077397,5,0.19845519567921674,0.6061028394951576,0.1954419648256257,0.0
2022-11-21,109944.58001457863,0.0007405838744936983,0.012309297139927788,5,0.19758726796812032,0.6082071041505738,0.194205627881306,0.0
2022-11-22,111373.13843520473,0.01360404904747986,0.0,3,0.7998840950760265,0.20011590492397344,0.0,0.0
2022-11-23,112323.2611462011,0.008530986235510662,0.0,3,0.7981160157808438,0.2018839842191561,0.0,0.0
2022-11-25,112226.3190693957,-0.0008630632321047786,0.0008630632321048326,3,0.7986265311754412,0.20137346882455878,0.0,0.0
2022-11-28,110859.84868129033,-0.012176024300150136,0.013028578853368389,3,0.7955699058664937,0.20443009413350635,0.0,0.0
2022-11-29,110442.58960978789,-0.003763843054684485,0.016743384382023163,3,0.7972037917994502,0.20279620820054975,0.0,0.0
2022-11-30,113387.96269543761,0.026671686650005605,0.0,3,0.8037629838990167,0.19623701610098337,0.0,0.0
2022-12-01,114031.69239094426,0.005677231340999648,0.0,3,0.7986372610661969,0.20136273893380308,0.0,0.0
2022-12-02,114215.37627255524,0.0016108143074931394,0.0,3,0.7964328833733051,0.20356711662669497,0.0,0.0
2022-12-05,112253.3414743904,-0.017178377046911608,0.017178377046911608,3,0.7957760267348283,0.2042239732651718,0.0,0.0
2022-12-06,111260.94867420926,-0.008840652644692566,0.025867161627132873,3,0.7913006273628302,0.2086993726371698,0.0,0.0
2022-12-07,111632.89170032136,0.0033517076308226808,0.02261065590740796,3,0.795971315405959,0.2040286845940411,0.0,0.0
2022-12-08,112266.55359099271,0.00567630096309277,0.017062699832218753,3,0.7976789162711698,0.20232108372883023,0.0,0.0
2022-12-09,111006.68915460347,-0.011222081698340533,0.028093302519047736,3,0.8007056297901175,0.19929437020988242,0.0,0.0
2022-12-12,112358.88008515451,0.012181166205829128,0.016254345500473777,3,0.802474449738312,0.19752555026168805,0.0,0.0
2022-12-13,113255.72768961856,0.0079819913102049,0.0084020962348067,3,0.8021464284198611,0.197853571580139,0.0,0.0
2022-12-14,112772.95718031861,-0.004260521384158881,0.012628939634139469,3,0.7982863554202075,0.20171364457979246,0.0,0.0
2022-12-15,110659.54514444812,-0.01874041515548144,0.031132683217903523,3,0.7936319563762557,0.20636804362374428,0.0,0.0
2022-12-16,109367.59638443745,-0.0116749870815412,0.04244419662506216,3,0.7935265935982155,0.2064734064017844,0.0,0.0
2022-12-19,108252.1904207402,-0.010198687733581433,0.052210009251161815,3,0.7949047260407992,0.2050952739592007,0.0,0.0
2022-12-20,107975.6907103798,-0.0025542181574870555,0.05463087165501701,3,0.798030726838098,0.20196927316190205,0.0,0.0
2022-12-21,109321.36964152408,0.01246478912385526,0.042848929721620466,3,0.8019657221114243,0.19803427788857578,0.0,0.0
2022-12-22,108066.44433542108,-0.011479231464241858,0.05383628840359278,3,0.7997046945341297,0.2002953054658703,0.0,0.0
2022-12-23,108246.24515052597,0.001663798750950055,0.05226206240204445,3,0.8029689186897281,0.19703108131027205,0.0,0.0
2022-12-27,107481.75692511554,-0.00706249186147147,0.05895545387313772,3,0.8054911084147003,0.19450889158529966,0.0,0.0
2022-12-28,106282.62750652905,-0.01115658557220961,0.06945429787926316,3,0.8044555101941657,0.19554448980583425,0.0,0.0
2022-12-29,108053.92660783444,0.016670462336030478,0.05394588597263439,3,0.8010464709047287,0.19895352909527134,0.0,0.0
2022-12-30,107586.77687304815,-0.004323301794313765,0.058035963421326775,3,0.8024054192897019,0.19759458071029812,0.0,0.0
2023-01-03,107629.05433204368,0.00039296147932212685,0.05766580784004449,3,0.7987136190279119,0.20128638097208804,0.0,0.0
2023-01-04,108589.51700256827,0.008923823371721701,0.049256583952075106,3,0.7977607067609788,0.20223929323902118,0.0,0.0
2023-01-05,107692.61319157,-0.008259580075091972,0.05710932532778945,3,0.7952238515864922,0.20477614841350775,0.0,0.0
2023-01-06,110064.02467753849,0.02202506838957242,0.03634669630742415,3,0.800710064367161,0.1992899356328389,0.0,0.0
2023-01-09,110130.8371702308,0.0006070329781967183,0.03576172697253466,3,0.7997705343905508,0.20022946560944913,0.0,0.0
2023-01-10,110383.5682647984,0.0022948258731291193,0.03354896803573004,3,0.8035351792223,0.19646482077770006,0.0,0.0
2023-01-11,111857.85147725401,0.013356002488694339,0.020641045647614042,3,0.8029737741850956,0.19702622581490434,0.0,0.0
2023-01-12,112618.6187101409,0.006801196544004641,0.01398023291193251,3,0.8004530915893099,0.19954690841069006,0.0,0.0
2023-01-13,112691.59504148,0.0011991084065362501,0.01334129677460405,4,0.25066929863282145,0.24736020966507158,0.2526974343803592,0.24927305732174768
2023-01-17,112290.49663372073,-0.003559257525919526,0.01685306918957319,4,0.2511038591355016,0.24663927757344267,0.2519402300346679,0.25031663325638775
2023-01-18,112497.11182567559,0.0018400060392360631,0.015044072899425665,4,0.2466855327106062,0.25215164515644045,0.25075532874289935,0.25040749339005397
2023-01-19,112558.26975660099,0.0005436400093556756,0.014508611450001707,4,0.2447566297050389,0.2504370984962875,0.2545960361119489,0.2502102356867246
2023-01-20,112494.86578756584,-0.000563299073202276,0.015063737835820823,4,0.24945672798790067,0.2465161466168205,0.25388987100748267,0.2501372543877961
2023-01-23,113406.2964970385,0.008657285542222361,0.007083807819238008,3,0.8026501539180315,0.19734984608196846,0.0,0.0
2023-01-24,113630.4289028498,0.0019763665046337578,0.00512144151510352,3,0.8002070865897402,0.19979291341025984,0.0,0.0
2023-01-25,113719.55503337258,0.0007843509118404818,0.00434110761058526,3,0.7998795109507871,0.20012048904921279,0.0,0.0
2023-01-26,114613.40434177713,0.007860119643822331,0.0,3,0.8023639564836559,0.19763604351634398,0.0,0.0
2023-01-27,114767.53426070212,0.0013447809164220822,0.0,3,0.8031274675049557,0.1968725324950443,0.0,0.0
2023-01-30,113918.91448326905,-0.00699394143542622,0.007394249453032353,2,0.397763168825369,0.40134514957269257,0.20089168160193852,0.0
2023-01-31,115033.8935702347,0.009787479910804437,0.0,2,0.3996996216530142,0.40063245785436824,0.19966792049261742,0.0
2023-02-01,116365.89010274183,0.011579165854226154,0.0,2,0.39932371734934413,0.40080749626066986,0.19986878638998598,0.0
2023-02-02,116620.03965001869,0.002184055370972232,0.0,2,0.4042537523034016,0.4004516598707277,0.19529458782587064,0.0
2023-02-03,114852.06255957717,-0.01516014825365601,0.01516014825365597,2,0.4061136004610567,0.40053468857194435,0.19335171096699894,0.0
2023-02-06,114075.53524788929,-0.00636973153234114,0.021818757820401657,3,0.8002081363154997,0.19979186368450033,0.0,0.0
2023-02-07,115086.47638987785,0.008862032860873713,0.013150083508315813,3,0.8035525135105781,0.1964474864894219,0.0,0.0
2023-02-08,114182.85872856053,-0.007851640693700049,0.0208984744712164,3,0.8010555478636168,0.1989444521363833,0.0,0.0
2023-02-09,113174.70905129718,-0.008829255883844766,0.029543212376372807,3,0.8011848391029072,0.19881516089709284,0.0,0.0
2023-02-10,113134.54045438895,-0.00035492555929631734,0.029887652294492972,3,0.8033397256299031,0.19666027437009692,0.0,0.0
2023-02-13,113885.76447637081,0.0070462761109322015,0.023446014783167213,2,0.4018639610188759,0.40054356417204073,0.19759247480908346,0.0
2023-02-14,113776.67788785195,-0.0009578597379612372,0.02438141652755199,2,0.40206422620877186,0.40000477571293763,0.19793099807829045,0.0
2023-02-15,113276.41648494788,-0.0043968712410215995,0.028671085819428233,2,0.4051512118208682,0.39802469644736277,0.196824091731769,0.0
2023-02-16,111987.44842873845,-0.011378962154763321,0.03972380077371629,2,0.4041718213475632,0.396901756242991,0.19892642240944583,0.0
2023-02-17,112286.5601104065,0.0026709393406562755,0.037158961295306825,2,0.40208806493647176,0.3989228488504188,0.19898908621310943,0.0
2023-02-21,110004.21498264254,-0.019936096636885,0.05672974119397056,3,0.7998982789883057,0.20010172101169435,0.0,0.0
2023-02-22,110084.65848707045,0.0007312765646351881,0.05603994975958826,3,0.7982120519710657,0.20178794802893427,0.0,0.0
2023-02-23,110769.15844910788,0.006217941459279942,0.05017046142729442,3,0.7974993127484423,0.2025006872515576,0.0,0.0
2023-02-24,109533.8865685071,-0.011151767314078881,0.06076273942949606,3,0.7978780005838484,0.2021219994161516,0.0,0.0
2023-02-27,109892.93064191529,0.0032779269014946042,0.05768398834618582,3,0.79797967914787,0.2020203208521299,0.0,0.0
2023-02-28,109667.621175073,-0.00204824733764022,0.059615984489545415,3,0.7986790088214651,0.20132099117853497,0.0,0.0
2023-03-01,109094.47630467842,-0.005226199531396942,0.06453061899073931,3,0.7997954668355597,0.20020453316444023,0.0,0.0
2023-03-02,109579.38244253953,0.004444827586933438,0.06037261887929768,3,0.8024488831292013,0.1975511168707988,0.0,0.0
2023-03-03,111514.03219086057,0.017655235001306172,0.04378327665194981,3,0.8011733914956102,0.1988266085043899,0.0,0.0
2023-03-06,111404.03575737766,-0.0009863909619431972,0.04472648018551928,3,0.802520122700561,0.19747987729943897,0.0,0.0
2023-03-07,110174.24365156498,-0.011036534216572181,0.055271769910195556,3,0.7965278744611016,0.2034721255388984,0.0,0.0
2023-03-08,110339.51369250828,0.0015000787431406115,0.053854603174192994,3,0.7966329094493511,0.20336709055064894,0.0,0.0
2023-03-09,108772.85509100826,-0.014198527336869963,0.06728847445567798,3,0.7931973030311419,0.20680269696885809,0.0,0.0
2023-03-10,108303.66197221262,-0.004313512947721003,0.0713117376976019,3,0.7851386059016336,0.21486139409836627,0.0,0.0
2023-03-13,108235.3529088914,-0.0006307179469034385,0.07189747805171454,3,0.7845143488779586,0.21548565112204135,0.0,0.0
2023-03-14,109309.0618538514,0.00993577111606852,0.06269057889285434,3,0.8052235934835189,0.19477640651648118,0.0,0.0
2023-03-15,109169.69051157439,-0.0012750209352574873,0.06388566802757989,3,0.801208968111543,0.198791031888457,0.0,0.0
2023-03-16,110534.56338099821,0.012502305933340596,0.052182080260675945,3,0.8051994895145481,0.1948005104854518,0.0,0.0
2023-03-17,109817.09210113504,-0.006490922458255289,0.05833429288224867,3,0.8009838662977574,0.1990161337022426,0.0,0.0
2023-03-20,110470.60607813121,0.005950931357700847,0.05273050489729014,3,0.8039017161485643,0.19609828385143574,0.0,0.0
2023-03-21,109707.86923123874,-0.006304338020536819,0.059270863219766046,5,0.2039116445401753,0.5986184616616971,0.1974698937981276,0.0
2023-03-22,110570.91674086769,0.007866778524426835,0.05187035544924057,5,0.1988711561576819,0.6018654529791725,0.19926339086314565,0.0
2023-03-23,110906.61691730845,0.0030360621611514186,0.04899177491155415,5,0.19880523378902673,0.6000436830580022,0.20115108315297117,0.0
2023-03-24,111081.74189999774,0.0015790309681871448,0.04749010347313898,5,0.19979427849037945,0.6016316154597731,0.19857410604984757,0.0
2023-03-27,109349.1398190528,-0.015597541515911154,0.062346916128532825,5,0.2033394900741978,0.596807330925724,0.1998531790000782,0.0
2023-03-28,109598.263499583,0.0022815879894293404,0.06021071654158505,5,0.19909678951994608,0.5997243989886321,0.20117881149142194,0.0
2023-03-29,109673.98623651301,0.0006909118311923791,0.05956140500681584,5,0.20185119408419125,0.5981062080360007,0.20004259787980805,0.0
2023-03-30,110303.75206207235,0.005742162268099424,0.05416125399118166,5,0.20187386028580237,0.5974276845542466,0.200698455159951,0.0
2023-03-31,111489.43122405878,0.010749218769268981,0.04399422638988182,5,0.20254206257484259,0.5999288553292752,0.1975290820958823,0.0
2023-04-03,112048.7050220331,0.005016383991145916,0.03919853433170106,5,0.20229906725714913,0.599741809070674,0.19795912367217702,0.0
2023-04-04,112676.09740426113,0.005601594704966699,0.033818735249906307,5,0.19778245016314172,0.5996242038588626,0.20259334597799566,0.0
2023-04-05,113305.88757115435,0.005589385694054013,0.028418375510849025,5,0.19616813839175837,0.6025253496192258,0.20130651198901583,0.0
2023-04-06,113406.47016027632,0.0008877084084337092,0.027555894333310293,5,0.19675871247251497,0.6035481837743792,0.19969310375310573,0.0
2023-04-10,112158.11917733794,-0.011007758033330008,0.03826032374942723,5,0.19915289973438505,0.6004255104592716,0.20042158980634334,0.0
2023-04-11,112444.94333918567,0.002557319647935909,0.03580084797915217,5,0.1986982669925907,0.600127833238057,0.20117389976935232,0.0
2023-04-12,112393.62139881875,-0.00045511725267445986,0.036240926206881685,5,0.19927543355275168,0.5996560289135241,0.20106853753372425,0.0
2023-04-13,112466.93116222776,0.0006522591095172367,0.035612305571620206,5,0.20179077643074464,0.5945559442269633,0.20365327934229197,0.0
2023-04-14,111394.21755514621,-0.009538035723000387,0.044810669851899965,5,0.20323630314374533,0.5947907557137349,0.20197294114251985,0.0
2023-04-17,110587.1187377535,-0.007245428309536396,0.051731425665522246,5,0.2054541853248233,0.5920049160186049,0.20254089865657182,0.0
2023-04-18,110922.13137188971,0.003029400150397773,0.048858740703815795,5,0.20496726889165498,0.592319913899711,0.20271281720863407,0.0
2023-04-19,110747.66288896317,-0.00156522348300076,0.050354782751564464,5,0.20027967744748315,0.6003639893809273,0.19935633317158968,0.0
2023-04-20,111282.00475823734,0.004824859101630876,0.045772878381802995,5,0.1982303164018412,0.60258925103648,0.19918043256167894,0.0
2023-04-21,110703.13706192301,-0.005201808662343323,0.05073658528887948,5,0.19942167103659886,0.6023361085441498,0.19824222041925132,0.0
2023-04-24,111437.97778449803,0.006637939466556899,0.04443543220420976,5,0.19831333883207486,0.6041531317492853,0.1975335294186399,0.0
2023-04-25,112189.1329087065,0.006740566718296689,0.03799438548134193,5,0.19385859913441875,0.6089324531443029,0.1972089477212782,0.0
2023-04-26,111544.7932603175,-0.005386334760650599,0.04351950492327228,4,0.25028923927871705,0.24867489985570235,0.24998716799552276,0.25104869287005777
2023-04-27,111772.38240120627,0.00204033854236157,0.04156796090415016,4,0.25475223520172907,0.2457059281719156,0.24949164498021922,0.25005019164613607
2023-04-28,112496.6062085257,0.006479452184528393,0.03535784633470862,4,0.2552725808742326,0.24806213048669745,0.2479525736757175,0.24871271496335245
2023-05-01,111476.5773252475,-0.009067196937367695,0.04410444671607827,4,0.25734821316424844,0.24311373278202741,0.24909754795523278,0.25044050609849133
2023-05-02,112457.49110165033,0.008799281426993365,0.035693252727921676,4,0.2522363065664927,0.24699863891649398,0.2516896062123606,0.2490754483046525
2023-05-03,112830.62540608263,0.0036723007912737803,0.032493679948216836,5,0.19790050072538373,0.6011416617322786,0.20095783754233776,0.0
2023-05-04,112161.8822440806,-0.005926964949411594,0.038228055995497834,5,0.19767030918498452,0.5987519278906756,0.20357776292433996,0.0
2023-05-05,111991.69596607516,-0.0015173272291836213,0.03968737875440076,5,0.20163569625159444,0.5976675929930177,0.20069671075538775,0.0
2023-05-08,111087.20918738883,-0.008076373617561115,0.047443222273239716,5,0.2033315887590765,0.5940893604708889,0.20257905077003466,0.0
2023-05-09,110911.5314823767,-0.0015814395401344294,0.04894963322575996,5,0.202760579004611,0.5929017144517564,0.20433770654363256,0.0
2023-05-10,111628.48378251641,0.006471325993109159,0.04280187078037467,5,0.19964253725480915,0.6019272578566881,0.1984302048885029,0.0
2023-05-11,112109.84934411175,0.004312210873822833,0.03867423059915087,5,0.1984386304774714,0.6056789289739353,0.19588244054859344,0.0
2023-05-12,111474.85996940336,-0.005663992757312046,0.04411917279445465,5,0.19930752975951935,0.60403111589677,0.19666135434371063,0.0
2023-05-15,110901.0309806447,-0.005147608966866129,0.04903967351183347,5,0.20102994695401524,0.6008678424953506,0.19810221055063415,0.0
2023-05-16,110277.2347955085,-0.005624800595813017,0.05438863572285857,5,0.2008160853707443,0.602451279778652,0.19673263485060363,0.0
2023-05-17,110275.31197464217,-1.4168925986899689e-05,0.05440512363413097,5,0.2024306400784661,0.5982589136926411,0.19931044622889277,0.0
2023-05-18,109716.44904327276,-0.005067888010127992,0.05919729257050399,5,0.20542177973878872,0.5968513531492633,0.19772686711194798,0.0
2023-05-19,109435.31651285215,-0.0025623553521107053,0.06160796342316621,5,0.20564982289538122,0.5941530693913707,0.20019710771324814,0.0
2023-05-22,109161.61172021061,-0.0025010645682136514,0.06395494249694234,5,0.20624916636319085,0.5935217010449196,0.20022913259188949,0.0
2023-05-23,109121.69328443227,-0.00036568199341586343,0.0642972373194971,5,0.20400911342887856,0.5954479976993753,0.20054288887174615,0.0
2023-05-24,108462.97847057927,-0.00603199114737284,0.06994562172949936,5,0.19975594203821823,0.600653821425309,0.19959023653647281,0.0
2023-05-25,108280.40259996787,-0.0016833012810994771,0.07151118345593432,5,0.2018255508308081,0.6001705767629002,0.19800387240629164,0.0
2023-05-26,109174.01732719934,0.008252783567242935,0.06384856620839052,5,0.2027659264380053,0.6000662467529482,0.19716782680904668,0.0
2023-05-30,109970.23547434928,0.0072931102715001455,0.057021110570925404,5,0.20137451591651517,0.6016734718313433,0.19695201225214143,0.0
2023-05-31,110457.49458532536,0.004430827204054999,0.052842934054793456,5,0.19937446265115583,0.6042407205698274,0.19638481677901687,0.0
2023-06-01,111101.4541394233,0.00583419630091352,0.04732107386652318,5,0.20072909969932948,0.5988605078019558,0.20041039249871465,0.0
2023-06-02,110366.45417127995,-0.006615574691047501,0.0536235924589461,5,0.2049879998321052,0.5962421734121379,0.19876982675575688,0.0
2023-06-05,110332.61167278369,-0.00030663754444567427,0.05391378699667582,5,0.20465797088678372,0.5953141892635258,0.20002783984969055,0.0
2023-06-06,110793.1530739025,0.004174118550593648,0.049964710984517824,5,0.2042510225654885,0.5963338813297266,0.1994150961047849,0.0
2023-06-07,109468.82228738623,-0.011953182572869979,0.06132065624478911,5,0.2060072053218392,0.5945892755722175,0.19940351910594337,0.0
2023-06-08,110658.08962509978,0.01087005471245368,0.05112286055476367,5,0.19904605416434543,0.6004907437244559,0.20046320211119875,0.0
2023-06-09,110546.92991760201,-0.0010045330429466492,0.0520760389950331,5,0.19960373292428543,0.600270179238678,0.20012608783703656,0.0
2023-06-12,110922.97850484608,0.003401709912019744,0.04885147666104139,5,0.20073169611333053,0.5999959663567831,0.19927233752988632,0.0
2023-06-13,110249.33239842208,-0.006073097887418927,0.05462789474875296,5,0.20328968064924544,0.5976975081645743,0.19901281118618008,0.0
2023-06-14,110815.5496875384,0.005135788823374612,0.04977266325667351,5,0.2024918154054747,0.5994025633347828,0.19810562125974246,0.0
2023-06-15,111884.55280136333,0.00964920458533972,0.04060611592027186,5,0.20054443604479544,0.599974283304846,0.19948128065035853,0.0
2023-06-16,111513.07868678734,-0.003320155510971209,0.04379145281169117,5,0.20052714096972207,0.5996351308144015,0.19983772821587656,0.0
2023-06-20,111629.12082399942,0.001040614594975147,0.0427964082416471,5,0.1992793600664606,0.6031569676440981,0.1975636722894413,0.0
2023-06-21,111646.19102886558,0.0001529189224116688,0.04265003369986686,5,0.19822801549015942,0.6045242357430218,0.19724774876681872,0.0
2023-06-22,110693.02237232373,-0.008537404167200037,0.05082331729162648,5,0.2006566334229766,0.6023700792084625,0.1969732873685608,0.0
2023-06-23,111248.50528049465,0.0050212706685041205,0.046060131566103335,5,0.19749631781148033,0.6029542247929895,0.19954945739553007,0.0
2023-06-26,111268.75441367675,0.00018201712581262608,0.0458864981730529,5,0.19665359009037062,0.6034861933151955,0.19986021659443384,0.0
2023-06-27,111231.23461790544,-0.0003371997464070501,0.04620822500391242,5,0.1988766542785636,0.6021140883326,0.1990092573888364,0.0
2023-06-28,111476.93769110464,0.0022089395487087226,0.04410135663089032,5,0.1985383761338225,0.603349180808899,0.19811244305727857,0.0
2023-06-29,110326.59232947648,-0.010319133136000745,0.0539654019963387,5,0.20139916480681677,0.5986372714183733,0.19996356377480984,0.0
2023-06-30,111514.57839223396,0.01076931739812178,0.043778593054044745,5,0.200204078305735,0.6006083709495856,0.1991875507446794,0.0
2023-07-03,111185.51120166559,-0.002950889429101648,0.04660029669568222,5,0.20102765485297966,0.5989711491328255,0.20000119601419494,0.0
2023-07-05,110440.93836287949,-0.006696671452412573,0.05298490127153899,5,0.20208196952259483,0.5972792330538281,0.20063879742357701,0.0
2023-07-06,109267.20829582878,-0.010627671988752481,0.0630494671092211,5,0.20265326998897915,0.5951570709808938,0.20218965903012712,0.0
2023-07-07,108985.5806049461,-0.002577421856703853,0.06546438389134412,5,0.20266398921727632,0.5931033338801769,0.20423267690254684,0.0
2023-07-10,109142.89422628687,0.00145034185032126,0.06411544230452182,5,0.20021582936802904,0.5999173067799914,0.1998668638519794,0.0
2023-07-11,109700.38937348699,0.0051079380948452985,0.059335001919891606,5,0.20046692521172355,0.5999367132257668,0.19959636156250954,0.0
2023-07-12,110906.41576883115,0.010993820552797642,0.04899349973070111,5,0.19988239049754927,0.6000182856620789,0.20009932384037185,0.0
2023-07-13,111797.78276849331,0.008037109426744862,0.04135015642249096,5,0.19986252696490558,0.6014916762310664,0.19864579680402802,0.0
2023-07-14,111317.12456193664,-0.004299353660277873,0.045471731136400795,5,0.200600501962242,0.6005317125737691,0.19886778546398887,0.0
2023-07-17,111487.2964913338,0.0017295914962293401,0.04401253141474193,2,0.4006958180608852,0.39950643906955613,0.1997977428695587,0.0
2023-07-18,112276.60810230269,0.007079834526530538,0.03724429832772147,2,0.4008353989477521,0.39849860173895213,0.20066599931329582,0.0
2023-07-19,112885.7903431359,0.00542572714948902,0.0320206485788328,2,0.39955887343486196,0.40082540759145524,0.1996157189736828,0.0
2023-07-20,111923.06653180213,-0.008528299340487343,0.04027586624316337,2,0.40032206903132506,0.39936461211540675,0.20031331885326822,0.0
2023-07-21,111867.54846022681,-0.0004960377989603374,0.040751925690081126,2,0.40052074245885233,0.39968069787005805,0.19979855967108967,0.0
2023-07-24,111605.19274541808,-0.00214514462518552,0.043001588060254115,5,0.20132532610641254,0.5991028581510456,0.19957181574254182,0.0
2023-07-25,111665.2251239147,0.0005378995100485086,0.04248681908335461,5,0.20176638541733827,0.5976585001707211,0.2005751144119405,0.0
2023-07-26,111843.90299894116,0.0016001210298746123,0.0409546821061878,5,0.20147504276288444,0.597293208923085,0.2012317483140306,0.0
2023-07-27,110041.37081871604,-0.01611649926274652,0.056411135264963885,5,0.2034176477952449,0.5952678671387915,0.20131448506596353,0.0
2023-07-28,110773.77222971611,0.006655691450869204,0.05013089892481137,5,0.20405108785522172,0.5943693092201248,0.2015796029246534,0.0
2023-07-31,111034.84161258594,0.00236242373967736,0.04789226666526736,5,0.1999085181061568,0.6000252410329721,0.2000662408608712,0.0
2023-08-01,109649.31914661397,-0.012478267594654879,0.059772921740758544,5,0.20185526808414736,0.5976502902473567,0.2004944416684959,0.0
2023-08-02,108535.53044708094,-0.010157734751127415,0.06932349900754353,5,0.20108990311375918,0.5973234684752119,0.20158662841102887,0.0
2023-08-03,106969.9377465979,-0.014424702160057916,0.0827482303417244,5,0.20344831514245318,0.592083016385747,0.20446866847179979,0.0
2023-08-04,108072.49912339462,0.01030720780083649,0.07329392574617166,5,0.20046196713477168,0.596422655508527,0.2031153773567012,0.0
2023-08-07,107953.53797607616,-0.0007545919344339,0.07431400040637137,4,0.2523725433510063,0.2477265808556103,0.24961951179908634,0.2502813639942971
2023-08-08,107988.07839467825,0.00031995633723232186,0.07401782130451418,4,0.25119467282636876,0.2505233145606327,0.24795731894106776,0.2503246936719307
2023-08-09,107802.57195105842,-0.0017178418801179695,0.07560851227132004,4,0.2499447411838811,0.25225215384716027,0.24720214086980147,0.2506009640991572
2023-08-10,107322.77274689813,-0.004450721309117791,0.07972272116372126,4,0.2511522846436206,0.24920858638214316,0.2480419451263149,0.25159718384792135
2023-08-11,107218.84141199294,-0.0009683996438509538,0.08061391735279044,4,0.25124916817113824,0.24887605241724073,0.24828238169632408,0.25159239771529696
2023-08-14,107202.79875342622,-0.0001467842188738749,0.0807514808334312,4,0.25141689532808115,0.24948611832102344,0.2492764427105908,0.2498205436403046
2023-08-15,106664.8177524818,-0.005018348468511734,0.08536459023177234,4,0.24974148972023993,0.24921615891088744,0.24986867286086448,0.2511736785080082
2023-08-16,106094.1673956293,-0.005349939829051373,0.09025783463955206,4,0.2492422426366881,0.24859624378787573,0.24976163376819077,0.2523998798072453
2023-08-17,105769.2929673769,-0.0030621327847452353,0.09304358594976736,4,0.24810277186387805,0.248296873324882,0.25014350486659326,0.25345684994464673
2023-08-18,105889.12944438445,0.0011329987527146487,0.09201600546388189,4,0.2479412848393765,0.24889180746700382,0.24990317150029712,0.2532637361933224
2023-08-21,106099.36892821778,0.0025389284072403805,0.09021323224871003,3,0.8031658620941455,0.19683413790585463,0.0,0.0
2023-08-22,106028.81210999223,-0.0006650069546906216,0.09081824677655015,3,0.80152334299357,0.19847665700642997,0.0,0.0
2023-08-23,107496.78114712737,0.01384500125883046,0.07823062425866578,3,0.799383156490126,0.200616843509874,0.0,0.0
2023-08-24,106163.64938175987,-0.012401597063105478,0.08966203664172012,3,0.7982033881496979,0.20179661185030204,0.0,0.0
2023-08-25,106831.01684839309,0.006286214448350369,0.08393945698357541,3,0.7988090182882048,0.20119098171179514,0.0,0.0
2023-08-28,107395.28899968673,0.0052831104104539,0.07910090476744647,3,0.8008421635364814,0.19915783646351856,0.0,0.0
2023-08-29,108860.64673535906,0.013644525279657276,0.06653567378253233,3,0.8014823561803065,0.19851764381969345,0.0,0.0
2023-08-30,109197.55990719027,0.0030949032725320416,0.0636466919845301,3,0.8023003466061348,0.19769965339386522,0.0,0.0
2023-08-31,109165.84974424199,-0.000290392596457546,0.06391860205284627,3,0.8013591131202075,0.19864088687979253,0.0,0.0
2023-09-01,108991.20777905743,-0.0015997856984920995,0.06541613168590654,3,0.8041402355831676,0.19585976441683237,0.0,0.0
2023-09-05,108308.25810952806,-0.006261984428616901,0.07127232648380677,3,0.8015618363251483,0.19843816367485162,0.0,0.0
2023-09-06,107777.49329613429,-0.004900501796059146,0.07582355811592267,3,0.8000941891131235,0.19990581088687648,0.0,0.0
2023-09-07,107572.5101606331,-0.001901910401070159,0.07758125890316603,3,0.7991578116936782,0.20084218830632192,0.0,0.0
2023-09-08,107784.70125727436,0.0019725401622068513,0.07576175088998027,3,0.7987855797688905,0.20121442023110944,0.0,0.0
2023-09-11,108194.66162468644,0.0038035116545301405,0.07224639993792781,3,0.800992440333157,0.1990075596668429,0.0,0.0
2023-09-12,107844.46262930508,-0.00323576007192604,0.07524930575439226,3,0.7981942523031873,0.20180574769681264,0.0,0.0
2023-09-13,107940.2185179775,0.000887907328182074,0.07442821283623013,3,0.7984160010889702,0.2015839989110299,0.0,0.0
2023-09-14,108526.2459324196,0.005429184992288127,0.06940311238007535,3,0.800951697211695,0.19904830278830493,0.0,0.0
2023-09-15,107347.30691142361,-0.010863169649580508,0.07951234424566234,3,0.7999920823532649,0.2000079176467351,0.0,0.0
2023-09-18,107520.09496343827,0.0016096170177537636,0.07803071165032793,3,0.7991749715293687,0.20082502847063124,0.0,0.0
2023-09-19,107182.90381395911,-0.00313525318754254,0.08092207706652121,3,0.8008516962170706,0.1991483037829294,0.0,0.0
2023-09-20,106460.47809466501,-0.006740120799003909,0.08711677329079048,3,0.798873761124642,0.201126238875358,0.0,0.0
2023-09-21,104505.01702179549,-0.01836795313966867,0.10388456962097481,3,0.8003707458333306,0.19962925416666946,0.0,0.0
2023-09-22,104484.85072240114,-0.0001929696771412762,0.10405749272625642,3,0.7987251820312837,0.2012748179687162,0.0,0.0
2023-09-25,104318.27170147689,-0.0015942887392052442,0.10548588377657808,3,0.8033648433224557,0.1966351566775443,0.0,0.0
2023-09-26,103019.34748780268,-0.01244822740411604,0.11662397134345204,3,0.798182960788658,0.20181703921134198,0.0,0.0
2023-09-27,102944.54779886072,-0.0007260741867037957,0.1172653678750124,3,0.7990817313871961,0.20091826861280387,0.0,0.0
2023-09-28,103484.62639824582,0.005246306005834683,0.11263427187293673,3,0.7995199181497866,0.20048008185021332,0.0,0.0
2023-09-29,103286.17664889005,-0.001917673728579482,0.1143359498174078,3,0.7991120238315197,0.20088797616848034,0.0,0.0
2023-10-02,102906.00480880406,-0.003680762057621127,0.11759586844911885,3,0.801745184103174,0.19825481589682603,0.0,0.0
2023-10-03,101361.07608991762,-0.015011289454965802,0.1308434091249996,3,0.8013199094727387,0.19868009052726127,0.0,0.0
2023-10-04,102236.6573103721,0.00863823919625482,0.12333542659402008,3,0.8002425441247142,0.19975745587528587,0.0,0.0
2023-10-05,102104.03346229342,-0.001297224024804144,0.12447265694033693,3,0.8009801334222076,0.1990198665777924,0.0,0.0
2023-10-06,102828.79393261432,0.007098255041888841,0.1182579405631522,3,0.8047774744654023,0.19522252553459762,0.0,0.0
2023-10-09,103829.73780220599,0.009734081586599268,0.10967499141825798,3,0.8021217811382656,0.19787821886173443,0.0,0.0
2023-10-10,104233.13222992455,0.0038872831293345605,0.10621594245095212,3,0.8010499053374964,0.19895009466250357,0.0,0.0
2023-10-11,105008.2806332028,0.0074366795537562265,0.09956915682470391,3,0.7983938704591437,0.2016061295408563,0.0,0.0
2023-10-12,103922.86088981805,-0.010336515718947446,0.10887647438901038,3,0.8018144637996729,0.19818553620032703,0.0,0.0
2023-10-13,103876.33977429732,-0.00044765045075172605,0.10927538623692568,3,0.7981780305928057,0.2018219694071943,0.0,0.0
2023-10-16,104411.27920376859,0.0051497716480344785,0.10468835787476216,3,0.8024435979817437,0.1975564020182564,0.0,0.0
2023-10-17,104177.05137616652,-0.0022408810803944725,0.1066968276738206,3,0.8017599316119535,0.1982400683880465,0.0,0.0
2023-10-18,102882.38528784226,-0.012427555504997311,0.11779840243069428,3,0.8010313253775313,0.1989686746224687,0.0,0.0
2023-10-19,101739.18057471988,-0.011111763300626722,0.12760121776631916,3,0.802914903098858,0.19708509690114198,0.0,0.0
2023-10-20,100849.26182477412,-0.008747060325418918,0.13523214254233917,3,0.8000467593132659,0.19995324068673417,0.0,0.0
2023-10-23,100951.65383937047,0.0010152976109458652,0.1343541458026396,3,0.7978499196012656,0.20215008039873453,0.0,0.0
2023-10-24,101826.3858277859,0.00866702912261914,0.1268534453137654,3,0.7991057618216277,0.2008942381783722,0.0,0.0
2023-10-25,100203.15748195352,-0.015941136795109858,0.1407723939841976,3,0.800396065627484,0.199603934372516,0.0,0.0
2023-10-26,99549.5621009204,-0.006522702452273787,0.1463768799970182,3,0.796003787479432,0.20399621252056796,0.0,0.0
2023-10-27,99104.09600719082,-0.004474817209923891,0.15019668742519643,3,0.7959574138952827,0.20404258610471723,0.0,0.0
2023-10-30,99956.10989477942,0.008597161186221716,0.14289079137040572,3,0.7986078360274939,0.2013921639725062,0.0,0.0
2023-10-31,100360.59039327352,0.004047978833037481,0.13942242950302886,3,0.8017787336632143,0.19822126633678563,0.0,0.0
2023-11-01,101650.08393365728,0.012848604570088086,0.12836520859782619,3,0.8000499924984373,0.1999500075015628,0.0,0.0
2023-11-02,103671.97209440438,0.019890668876050257,0.1110278095812004,3,0.7994802259995963,0.2005197740004036,0.0,0.0
2023-11-03,104569.070297764,0.008653237564948823,0.10333532202887363,3,0.7998528712652716,0.20014712873472837,0.0,0.0
2023-11-06,104558.46212945673,-0.00010144652024794514,0.10342628554028299,3,0.8017742039478247,0.19822579605217527,0.0,0.0
2023-11-07,105104.7905983404,0.00522688394051044,0.09874159780974179,3,0.7981052910549475,0.20189470894505257,0.0,0.0
2023-11-08,105527.68854556297,0.004023583937659628,0.09511530897900822,3,0.7954890580373128,0.20451094196268724,0.0,0.0
2023-11-09,104376.61008052465,-0.010907833582854675,0.1049856406003381,3,0.7979896275520395,0.20201037244796047,0.0,0.0
2023-11-10,105794.42041466436,0.0135836020449973,0.09282812171769483,3,0.7995808403938762,0.20041915960612386,0.0,0.0
2023-11-13,105665.61294534852,-0.0012175261115943258,0.09393262716720763,3,0.7997925779793054,0.20020742202069464,0.0,0.0
2023-11-14,107784.61991141553,0.020054105246815758,0.07576244841897328,3,0.7994875508113397,0.20051244918866032,0.0,0.0
2023-11-15,107663.7218061922,-0.0011216637895340236,0.07679913221350931,3,0.802079685900515,0.197920314099485,0.0,0.0
2023-11-16,108034.14896383502,0.0034405940220943306,0.07362277282661078,3,0.8003072272659526,0.19969277273404734,0.0,0.0
2023-11-17,108242.79265305607,0.0019312753534153997,0.07183368331980566,3,0.7997580584870817,0.20024194151291816,0.0,0.0
2023-11-20,109041.56156544285,0.007379418923041146,0.06498435523876633,3,0.8000107386950067,0.1999892613049932,0.0,0.0
2023-11-21,108841.80572138968,-0.0018319131931571803,0.06669723275666684,3,0.7997214252764001,0.20027857472359983,0.0,0.0
2023-11-22,109254.91369887245,0.003795489929119844,0.06315489150277498,3,0.7997735401640647,0.2002264598359353,0.0,0.0
2023-11-24,109051.08455782263,-0.0018656290518119746,0.06490269695423523,3,0.8017614541528634,0.19823854584713668,0.0,0.0
2023-11-27,109254.72917178269,0.001867424013119925,0.06315647379592382,3,0.7988257603415552,0.20117423965844486,0.0,0.0
2023-11-28,109384.46771300197,0.0011874867312636544,0.06204398453928639,3,0.7986682483336888,0.2013317516663111,0.0,0.0
2023-11-29,109597.79354905838,0.00195157317815062,0.060214746299472655,3,0.797880243141656,0.20211975685834394,0.0,0.0
2023-11-30,109686.21360314424,0.0008067685600465101,0.059456557103591656,3,0.8003760646616654,0.1996239353383344,0.0,0.0
2023-12-01,110617.9796463365,0.008494832783302193,0.05146679783075536,3,0.7983294161737852,0.2016705838262148,0.0,0.0
2023-12-04,110065.62120174491,-0.004993387570063896,0.05620319173226007,3,0.7981238311962864,0.2018761688037137,0.0,0.0
2023-12-05,110525.71975153443,0.004180220351877113,0.05225791310630279,3,0.7946448204781524,0.20535517952184762,0.0,0.0
2023-12-06,110463.21424302406,-0.0005601768994480205,0.05279388881594882,3,0.7972228236572482,0.20277717634275186,0.0,0.0
2023-12-07,111006.65768461612,0.004919677969866528,0.048133939777833645,3,0.7993732040918834,0.20062679590811663,0.0,0.0
2023-12-08,111205.90690842923,0.0017949303939878028,0.04642540645533555,3,0.8013714466578631,0.19862855334213683,0.0,0.0
2023-12-11,111505.81264236355,0.002696850754351544,0.043853758093404305,3,0.8023247656621172,0.1976752343378828,0.0,0.0
2023-12-12,111979.84590722155,0.0042511977952070104,0.039788991297915355,3,0.8025772930817978,0.1974227069182021,0.0,0.0
2023-12-13,113740.37133747998,0.0157244239713013,0.02469273995430543,3,0.7984764674817999,0.20152353251820007,0.0,0.0
2023-12-14,114628.10023771413,0.007804870775392088,0.017080592823347063,3,0.7948354818233696,0.2051645181766305,0.0,0.0
2023-12-15,114504.20238821593,-0.0010808680353357105,0.018142998991875436,3,0.7943853881507148,0.2056146118492852,0.0,0.0
2023-12-18,114828.27510255415,0.0028302255077022674,0.015364122262706226,3,0.7965993199521887,0.2034006800478112,0.0,0.0
2023-12-19,115510.35235343027,0.005939976458472009,0.00951540832877984,3,0.7967108476805081,0.20328915231949177,0.0,0.0
2023-12-20,114385.97267664598,-0.009730759362765259,0.019156801696151304,3,0.7966664112709956,0.20333358872900442,0.0,0.0
2023-12-21,115102.85390025747,0.00626721272579469,0.013009648721732159,3,0.7992114772550457,0.20078852274495435,0.0,0.0
2023-12-22,115182.60917104175,0.0006929043727568119,0.012325758791462582,3,0.8002631706428048,0.19973682935719506,0.0,0.0
2023-12-26,115637.23110069204,0.003946966759323748,0.00842744139237217,3,0.8004827247555245,0.19951727524447546,0.0,0.0
2023-12-27,116213.4200608911,0.004982728786521656,0.0034867042606731014,3,0.7979540897283145,0.20204591027168559,0.0,0.0
2023-12-28,116079.49476920086,-0.00115036458701276,0.004635094298029996,3,0.8012239222239459,0.19877607777605408,0.0,0.0
2023-12-29,115602.12463301462,-0.004112441539613702,0.00872847428331247,3,0.8022034576012284,0.19779654239877162,0.0,0.0
2024-01-02,114951.33556159021,-0.005629559780932944,0.014308896596471166,3,0.8022302757735262,0.19776972422647376,0.0,0.0
2024-01-03,114293.04264521698,-0.005726709595475079,0.019953663296506496,3,0.800261637107777,0.1997383628922231,0.0,0.0
2024-01-04,113651.55660611604,-0.005612642941812377,0.02545431345085447,3,0.8021862658717798,0.1978137341282203,0.0,0.0
2024-01-05,113558.37931923775,-0.0008176660338090199,0.02625329523098352,3,0.8017511380427196,0.19824886195728042,0.0,0.0
2024-01-08,115080.26234850903,0.013401767781424089,0.0132033680157424,3,0.8024428279357375,0.1975571720642624,0.0,0.0
2024-01-09,114795.2159314819,-0.002476935759530077,0.01564759988088804,3,0.8032149845100321,0.1967850154899679,0.0,0.0
2024-01-10,115211.4634849944,0.003626000875863467,0.012078337215897794,3,0.8048391910614648,0.19516080893853524,0.0,0.0
2024-01-11,115296.85426782643,0.0007411656813401689,0.011346123583589773,3,0.8038887584871334,0.19611124151286655,0.0,0.0
2024-01-12,115417.41555693047,0.0014501342820361402,0.010312327938640231,2,0.39969741866503566,0.39863621095707247,0.20166637037789198,0.0
2024-01-16,114216.84744492896,-0.010401966689414493,0.020607026136346684,2,0.40241597698614984,0.3957314359542445,0.20185258705960563,0.0
2024-01-17,113635.88195077535,-0.005086513129630318,0.025588721356971877,2,0.4022249919865383,0.397125412285384,0.20064959572807764,0.0
2024-01-18,113810.57820563581,0.0015373335592724364,0.024090726197780188,2,0.40517900750385233,0.39282999983473615,0.20199099266141163,0.0
2024-01-19,114597.15820506722,0.0069113083496525635,0.01734591628524751,2,0.4074142640304484,0.39138163120464625,0.20120410476490533,0.0
2024-01-22,114882.28912102562,0.0028818321691116205,0.014900959853967888,3,0.7993878080941952,0.20061219190580476,0.0,0.0
2024-01-23,114967.4934105868,0.0007416660149540096,0.01417034537452777,3,0.8011249343588229,0.19887506564117718,0.0,0.0
2024-01-24,114934.26617167372,-0.0002890142067759968,0.014455264150175617,3,0.8022326312053094,0.19776736879469053,0.0,0.0
2024-01-25,115584.2877850264,0.005655594584662681,0.008881422679160589,3,0.8020597747199268,0.19794022528007305,0.0,0.0
2024-01-26,115422.68638025287,-0.0013981260590893868,0.010267131389760542,3,0.8021624149297167,0.1978375850702832,0.0,0.0
2024-01-29,116436.1018743164,0.00918589395683546,0.0015772398659295028,2,0.3994979770671685,0.40092363178110985,0.19957839115172177,0.0
2024-01-30,116855.43076905081,0.003601364937371951,0.0,2,0.3977565276864313,0.403106722068618,0.19913675024495067,0.0
2024-01-31,116542.33178374592,-0.0026793704258700262,0.0026793704258699647,2,0.3923173944139553,0.40815908667562967,0.19952351891041495,0.0
2024-02-01,118315.66714243872,0.015216233719978755,0.0,2,0.3914949842876776,0.4099279136089679,0.19857710210335436,0.0
2024-02-02,117509.86418493434,-0.0068106192270739226,0.006810619227073933,2,0.3983292622228215,0.4036220102930156,0.1980487274841629,0.0
2024-02-05,116555.09446010132,-0.0078254293122568,0.0148803005118322,4,0.2510543407536806,0.2468835378098468,0.2505824179908128,0.25147970344565984
2024-02-06,117120.49713637156,0.004850947776150577,0.010101536296358016,4,0.25056770832772174,0.2480930835864346,0.2506756198862671,0.2506635881995766
2024-02-07,117206.08971765502,0.0007308078720311683,0.009378110706571907,4,0.2524730740121078,0.24671207069701176,0.25042612787009394,0.2503887274207865
2024-02-08,117017.39251981922,-0.001609960696499354,0.010972973013426257,4,0.25299186325651296,0.24567305787760318,0.2506037439836137,0.2507313348822703
2024-02-09,117005.97413269473,-9.757854690328575e-05,0.011069480833567624,4,0.2544788358623134,0.24520062424152775,0.24965672690179572,0.250663812994363
2024-02-12,116975.36187721627,9.320259383517993e-05,0.011328214577101314,5,0.19989359084667885,0.6006473931499337,0.19945901600338753,0.0
2024-02-13,115127.67366396755,-0.015795533209704036,0.026944812597246126,5,0.20030433483844814,0.5998299420701316,0.19986572309142034,0.0
2024-02-14,115674.96343263537,0.004753763810647573,0.022319138061608013,5,0.20116836547704992,0.6000301093523256,0.1988015251706244,0.0
2024-02-15,116349.0943968394,0.005827803564395449,0.016621406049562193,5,0.2013827158752937,0.5996386630864903,0.19897862103821592,0.0
2024-02-16,115913.3877090029,-0.0037448223391442718,0.020303984176024192,5,0.20113306797405112,0.5984088580761331,0.20045807394981577,0.0
2024-02-20,115986.1353217542,0.0006291953404947199,0.019689123823982024,5,0.1987738435701195,0.6001398369904901,0.20108631943939023,0.0
2024-02-21,115513.44553550128,-0.004075399054737378,0.023684281842098587,5,0.19976803123102993,0.5983120245520844,0.20191994421688567,0.0
2024-02-22,116338.34469982378,0.00714115279393155,0.016712262123615984,5,0.20245655526891856,0.5969696648486306,0.20057377988245098,0.0
2024-02-23,117416.16598458284,0.00926454031592128,0.007602553233909237,5,0.20073647496831531,0.5994077717287867,0.1998557533028982,0.0
2024-02-26,117067.67944021232,-0.002967960514196,0.010547949670299928,5,0.20059662468779987,0.5993990337349318,0.2000043415772684,0.0
2024-02-27,116590.86088645243,-0.00407241767175422,0.014578003891148383,5,0.20119088294370407,0.5982047087303652,0.2006044083259306,0.0
2024-02-28,117044.96566791515,0.003894857435738189,0.010739925702263786,5,0.20014544290532832,0.5996670592344114,0.20018749786026016,0.0
2024-02-29,117745.20291633409,0.005982634489429462,0.004821544262754718,5,0.19967041664108878,0.6003077241582885,0.20002185920062276,0.0
2024-03-01,118851.73455351676,0.009397679139157216,0.0,5,0.19966853046429467,0.598424495681665,0.20190697385404038,0.0
2024-03-04,118928.34161477498,0.0006445598925923251,0.0,5,0.19932592864397972,0.5956334138361392,0.20504065751988096,0.0
2024-03-05,119849.45768004823,0.007750214758514899,0.0,5,0.19647842396510415,0.6038649295899283,0.1996566464449675,0.0
2024-03-06,120590.05563355173,0.006179401791542708,0.0,5,0.19626125275834427,0.6036780963522348,0.200060650889421,0.0
2024-03-07,120893.85943807985,0.0025193105926687343,0.0,5,0.19771134639720658,0.6015964951934867,0.20069215840930668,0.0
2024-03-08,120826.52192343674,-0.0005569969802941249,0.0005569969802940999,5,0.19663414215964425,0.6008645467365292,0.2025013111038264,0.0
2024-03-11,120813.09552641337,-0.00011112127378687625,0.0006680563598669975,5,0.19648689765662672,0.6006176512569367,0.20289545108643667,0.0
2024-03-12,120639.98610626164,-0.0012296068073713198,0.002099968790790663,2,0.40480073497505586,0.3971438602102217,0.19805540481472242,0.0
2024-03-13,120498.57857327438,-0.0011721448049795138,0.0032696521282614688,2,0.4046404951683499,0.3956821951022037,0.19967730972944653,0.0
2024-03-14,119569.53598238082,-0.007709987967439979,0.010954431117134789,2,0.40697839148563947,0.3926329855477392,0.20038862296662133,0.0
2024-03-15,119143.6905549987,-0.0035614876639219898,0.014476904709767813,2,0.4056284556765157,0.3939090995804433,0.200462444743041,0.0
2024-03-18,119327.80056159008,0.0015452770157927899,0.012953998522082788,2,0.4074096328978538,0.39211651231464345,0.20047385478750268,0.0
2024-03-19,119609.01369675236,0.00256506063709438,0.010627882568225666,5,0.20059688679069393,0.6001441856756697,0.19925892753363642,0.0
2024-03-20,120091.64851269039,0.004035104052957651,0.006635663127293467,5,0.20163860658554503,0.5975392596782696,0.20082213373618524,0.0
2024-03-21,120301.12729287907,0.0017443242955113938,0.004902913580191903,5,0.20195273352763227,0.5977830396262493,0.2002642268461184,0.0
2024-03-22,120749.37185697674,0.0037260213115575657,0.0011951606291228378,5,0.20082159123994248,0.6012579509116964,0.1979204578483612,0.0
2024-03-25,120395.63238195855,-0.002929534701324869,0.004121194065911049,5,0.2008551789289115,0.6000087487640461,0.19913607230704233,0.0
2024-03-26,120348.0508794845,3.936852591680087e-06,0.0045147748705541835,1,0.5988893869046166,0.40111061309538343,0.0,0.0
2024-03-27,121432.5163497973,0.009011076310648123,0.0,1,0.598528910373487,0.4014710896265131,0.0,0.0
2024-03-28,121377.43928570756,-0.0004535610868104078,0.00045356108681038343,1,0.5986861087271708,0.40131389127282924,0.0,0.0
2024-04-01,120343.00930832802,-0.008522423800230342,0.008972119447239746,1,0.6027817408172187,0.39721825918278136,0.0,0.0
2024-04-02,119618.37967547518,-0.0060213687277528094,0.014939463735531344,1,0.6025775506620635,0.3974224493379365,0.0,0.0
2024-04-03,119846.11942016326,0.0021068902446396602,0.013064020884359206,2,0.399597457775553,0.39907224810911524,0.20133029411533176,0.0
2024-04-04,119466.24080025117,-0.0031697198186308533,0.016192331417081873,2,0.39597508926091873,0.40321266796728056,0.20081224277180068,0.0
2024-04-05,119700.52822256941,0.0019611182267797824,0.014262968266578135,2,0.39932865353109265,0.39682213572716113,0.20384921074174622,0.0
2024-04-08,119874.04217620146,0.001449567150693184,0.012834076246155623,2,0.39897366457541095,0.39620435606983156,0.20482197935475743,0.0
2024-04-09,120506.12844819983,0.005272920313050606,0.007628828994442616,2,0.3973400518093317,0.39779230192509607,0.20486764626557225,0.0
2024-04-10,118707.31499700867,-0.014725302377295661,0.02244210558017623,1,0.6028694639182197,0.39713053608178034,0.0,0.0
2024-04-11,119033.16933941898,0.0027450232735744665,0.019758686408727466,1,0.6057564588613638,0.3942435411386362,0.0,0.0
2024-04-12,118288.7253843846,-0.006254088328200473,0.025889202166878622,1,0.6011548971492865,0.39884510285071345,0.0,0.0
2024-04-15,116666.3180248748,-0.013715655099314886,0.03924976989847628,1,0.601878726285831,0.39812127371416917,0.0,0.0
2024-04-16,116229.97141361724,-0.0037401249876121948,0.042843095840933265,1,0.6030363840368462,0.3969636159631538,0.0,0.0
2024-04-17,115914.81880544493,-0.00251498907724814,0.04543838594646388,3,0.7972705361803492,0.20272946381965082,0.0,0.0
2024-04-18,115606.22294246602,-0.0026622641191103376,0.04797968108103856,3,0.7977538692929438,0.2022461307070562,0.0,0.0
2024-04-19,114885.46977213999,-0.0062345534001636334,0.05391510259737975,3,0.7957519646425992,0.20424803535740077,0.0,0.0
2024-04-22,115687.88105198788,0.006984445304000194,0.04730722437853041,3,0.7975098859455437,0.20249011405445624,0.0,0.0
2024-04-23,116790.61940530608,0.009532012716376591,0.03822614472650654,3,0.7993541929918216,0.20064580700817825,0.0,0.0
2024-04-24,116580.90950643634,-0.00179496102615248,0.039953111318104195,3,0.8010581958853478,0.19894180411465218,0.0,0.0
2024-04-25,116063.48200400593,-0.0044383553415478835,0.04421414055462203,3,0.8015727217838211,0.19842727821617887,0.0,0.0
2024-04-26,117065.54962807149,0.008633789084761161,0.03596208703397341,3,0.8022403611471918,0.19775963885280815,0.0,0.0
2024-04-29,117592.29013092484,0.004499534701087194,0.031624364991419074,3,0.8014751717459039,0.19852482825409604,0.0,0.0
2024-04-30,115899.90758491764,-0.014391951582224704,0.04556118024386879,3,0.8002967013252663,0.19970329867473371,0.0,0.0
2024-05-01,115769.66100875188,-0.0011234886192495201,0.04663376426074428,3,0.7982991597376667,0.20170084026233334,0.0,0.0
2024-05-02,116734.28579578863,0.008332276164856604,0.038690053498315,3,0.7991075762006139,0.20089242379938604,0.0,0.0
2024-05-03,118127.87352363537,0.011938118422933982,0.027213821515833625,3,0.7994686787880745,0.20053132121192552,0.0,0.0
2024-05-06,119195.41617722891,0.00903717828612186,0.018422579386597082,3,0.8004904534326923,0.19950954656730757,0.0,0.0
2024-05-07,119445.7205183431,0.002099949386828977,0.01636131648405481,3,0.7996944640150316,0.20030553598496825,0.0,0.0
2024-05-08,119310.12067825107,-0.0011349371577096252,0.01747798477166096,3,0.8009863515486398,0.1990136484513602,0.0,0.0
2024-05-09,119976.58795883742,0.005586007932919858,0.011989609000326862,3,0.8011263799609089,0.19887362003909118,0.0,0.0
2024-05-10,119966.14584074283,-8.70346312746417e-05,0.012075600120403096,3,0.8022282841314712,0.19777171586852874,0.0,0.0
2024-05-13,120039.62370790739,0.0006124883536902895,0.011470507931150453,3,0.8018448604596043,0.1981551395403957,0.0,0.0
2024-05-14,120615.50284343048,0.004797408703349294,0.006728127942381867,3,0.8016777820757154,0.19832221792428473,0.0,0.0
2024-05-15,120716.98399657467,0.0018432039805957,0.005892427948717471,0,0.0,0.0,0.0,1.0
2024-05-16,120628.16741260128,-0.000735742238026,0.006623834878616952,0,0.0,0.0,0.0,1.0
2024-05-17,120554.15563692176,-0.000613553013919,0.007233323818682469,0,0.0,0.0,0.0,1.0
2024-05-20,120524.54602033403,-0.0002456125749568,0.007477159798350619,0,0.0,0.0,0.0,1.0
2024-05-21,120583.75298771968,0.0004912440605722,0.006989588848119399,0,0.0,0.0,0.0,1.0
2024-05-22,120494.88734058707,-0.0007369620278916,0.0077213998144393114,0,0.0,0.0,0.0,1.0
2024-05-23,120435.69263899121,-0.0004912631805575,0.008208869755565673,0,0.0,0.0,0.0,1.0
2024-05-24,120480.09479808301,0.0003686794015864,0.007843216795168417,0,0.0,0.0,0.0,1.0
2024-05-28,120376.42434265652,-0.000860477870641,0.008696945751322516,0,0.0,0.0,0.0,1.0
2024-05-29,120331.99765198512,-0.0003690647144073,0.009062800729930043,0,0.0,0.0,0.0,1.0
2024-05-30,120465.26545820954,0.001107500987475,0.007965336803212542,0,0.0,0.0,0.0,1.0
2024-05-31,120628.16741260128,0.0013522732363733,0.006623834878616952,0,0.0,0.0,0.0,1.0
2024-06-03,120764.82057681169,0.0011328462260642,0.005498492438897107,0,0.0,0.0,0.0,1.0
2024-06-04,120883.63928264657,0.0009838850856347,0.004520017237966467,0,0.0,0.0,0.0,1.0
2024-06-05,121002.50705164067,0.000983323878231,0.003541138000615507,0,0.0,0.0,0.0,1.0
2024-06-06,121017.37318888356,0.0001228580928207,0.00341871496525592,0,0.0,0.0,0.0,1.0
2024-06-07,120705.41735678917,-0.0025777772552333,0.00598767953480972,0,0.0,0.0,0.0,1.0
2024-06-10,120720.24669666265,0.0001228556281749,0.005865559526765374,0,0.0,0.0,0.0,1.0
2024-06-11,120853.93153974041,0.0011073937200747,0.004764661290475258,0,0.0,0.0,0.0,1.0
2024-06-12,121017.37318888356,0.0013523900055283,0.00341871496525592,0,0.0,0.0,0.0,1.0
2024-06-13,121210.46125198384,0.0015955400287768,0.0018286296330531915,0,0.0,0.0,0.0,1.0
2024-06-14,121225.29059185732,0.0001223437294133,0.0017065096250088452,0,0.0,0.0,0.0,1.0
2024-06-17,121106.44735444286,-0.0009803501961863,0.002685186844149423,0,0.0,0.0,0.0,1.0
2024-06-18,121269.8644720064,0.0013493676111666,0.0013394425371402452,0,0.0,0.0,0.0,1.0
2024-06-20,121225.29059185735,-0.0003675594125805,0.0017065096250086231,0,0.0,0.0,0.0,1.0
2024-06-21,121269.8644720064,0.0003676945621777,0.0013394425371402452,0,0.0,0.0,0.0,1.0
2024-06-24,121284.74287503908,0.0001226883784974,0.0012169184926756893,0,0.0,0.0,0.0,1.0
2024-06-25,121299.57221491255,0.000122268799207,0.001094798484631454,0,0.0,0.0,0.0,1.0
2024-06-26,121180.7657748675,-0.0009794464883566,0.0020731726764569025,0,0.0,0.0,0.0,1.0
2024-06-27,121269.8644720064,0.00073525444875,0.0013394425371402452,0,0.0,0.0,0.0,1.0
2024-06-28,121284.74287503908,0.0001226883784974,0.0012169184926756893,0,0.0,0.0,0.0,1.0
2024-07-01,121180.38553538357,-0.0008604325423111,0.0020763039587143872,0,0.0,0.0,0.0,1.0
2024-07-02,121284.70607766967,0.0008608698662346,0.0012172215199909298,0,0.0,0.0,0.0,1.0
2024-07-03,121463.56582459691,0.0014747098188347,0.0,0,0.0,0.0,0.0,1.0
2024-07-05,121687.14664115086,0.0018407233069117,0.0,0,0.0,0.0,0.0,1.0
2024-07-08,121730.19668298327,0.00135513154113488,0.0,3,0.7998391198264558,0.20016088017354414,0.0,0.0
2024-07-09,121717.18007246818,-0.00010693000479561752,0.00010693000479566894,3,0.8007025003368039,0.19929749966319607,0.0,0.0
2024-07-10,122757.756173614,0.008549130866540643,0.0,3,0.8017713200479702,0.19822867995202975,0.0,0.0
2024-07-11,122145.51051184043,-0.004987429559299583,0.004987429559299539,3,0.7988422529558388,0.20115774704416123,0.0,0.0
2024-07-12,122866.02451850128,0.005898816940889622,0.0,3,0.7991667331650465,0.20083326683495342,0.0,0.0
2024-07-15,122743.15849398277,0.0,0.0010000000000000009,0,0.0,0.0,0.0,1.0
2024-07-16,122788.06006937654,0.000365817337151,0.0006345484801861812,0,0.0,0.0,0.0,1.0
2024-07-17,122803.03547813401,0.0001219614411125,0.0005126644295208038,0,0.0,0.0,0.0,1.0
2024-07-18,122743.15849398277,-0.000487585538241,0.0010000000000000009,0,0.0,0.0,0.0,1.0
2024-07-19,122683.23220807432,-0.0004882250599034,0.0014877368348434894,0,0.0,0.0,0.0,1.0
2024-07-22,123500.18280433559,0.00766669076077954,0.0,3,0.8020983524732469,0.19790164752675304,0.0,0.0
2024-07-23,123310.51526015566,-0.0015357673152632118,0.0015357673152631701,3,0.8020720513984095,0.19792794860159055,0.0,0.0
2024-07-24,120805.31618840469,-0.020316183631749536,0.02182075001622019,3,0.8001511725196915,0.1998488274803085,0.0,0.0
2024-07-25,120499.52200866932,-0.00253129737484776,0.02429681258383476,3,0.7980021182864545,0.2019978817135454,0.0,0.0
2024-07-26,121766.39273207505,0.010513491690984372,0.014038765230067973,3,0.7985439008541861,0.20145609914581383,0.0,0.0
2024-07-29,121954.43552640964,0.00154574976000738,0.012516153764524529,3,0.7992350079270328,0.20076499207296708,0.0,0.0
2024-07-30,121554.87633672671,-0.0032762989550830764,0.0157514460581073,3,0.7977993773265075,0.20220062267349245,0.0,0.0
2024-07-31,123382.61241749708,0.01503630406160948,0.0009519855288375734,3,0.7987570390074081,0.20124296099259192,0.0,0.0
2024-08-01,122201.1572775052,-0.009575539995814834,0.01051840974914564,3,0.7950589729176878,0.20494102708231227,0.0,0.0
2024-08-02,121172.65914671171,-0.008416435275305022,0.018846317509597865,3,0.7868789857083347,0.2131210142916653,0.0,0.0
2024-08-05,118476.12981981115,-0.02224078268553772,0.04068053075260769,3,0.7943683732093464,0.2056316267906536,0.0,0.0
2024-08-06,118798.86336857574,0.0027240385827544873,0.03806730750519027,3,0.7995141826207712,0.20048581737922883,0.0,0.0
2024-08-07,117996.34258811497,-0.006755290056697905,0.044565441858013144,3,0.7995716279621319,0.2004283720378681,0.0,0.0
2024-08-08,120031.89310095196,0.017250962768756314,0.028083275867522683,3,0.8041826399769579,0.19581736002304218,0.0,0.0
2024-08-09,120689.33918477739,0.005477261641391429,0.02275983367580514,3,0.8033287962212282,0.19667120377877165,0.0,0.0
2024-08-12,120827.4311885956,0.00114752650059178,0.021641681453820172,3,0.7995028733216257,0.20049712667837433,0.0,0.0
2024-08-13,122584.11894774858,0.014538815746326879,0.007417510126591198,3,0.8010055152483523,0.19899448475164772,0.0,0.0
2024-08-14,123046.84318349631,0.003774748635628446,0.0036707607271927456,3,0.8005107843908161,0.1994892156091838,0.0,0.0
2024-08-15,124537.07001099468,0.012111052904267046,0.0,3,0.8044885582859159,0.19551144171408422,0.0,0.0
2024-08-16,124846.95238468537,0.0024882741633742316,0.0,3,0.8042909200055944,0.1957090799944055,0.0,0.0
2024-08-19,125161.40677584152,0.0030747142069150247,0.0,4,0.2516166799667003,0.25038465199518434,0.24882542726207346,0.24917324077604203
2024-08-20,125519.56143433586,0.0028615422894357656,0.0,4,0.25049074614476796,0.2516596680296792,0.24902601531424787,0.24882357051130485
2024-08-21,125639.15344561408,0.0009527758853810052,0.0,4,0.25111234969579516,0.2515730316809205,0.24845718575673864,0.24885743286654569
2024-08-22,124662.41891552381,-0.007774125368594334,0.007774125368594342,4,0.25109349559528926,0.2510273821477377,0.24740526774037697,0.25047385451659604
2024-08-23,125628.03025007783,0.007745809386294396,8.853287555032896e-05,4,0.2518109530398377,0.2507288271201413,0.24834005137372478,0.2491201684662963
2024-08-26,125423.39153384048,-0.00133186156941118,0.0017173142754977055,2,0.3995787047359293,0.399515849406141,0.2009054458579298,0.0
2024-08-27,125473.60337898161,0.00040033876079311034,0.0013176630221735097,2,0.39996727665433385,0.3986641080711829,0.20136861527448327,0.0
2024-08-28,124943.44586191232,-0.004225251389872106,0.005537346954529676,2,0.3993325843653613,0.3998653506887306,0.20080206494590816,0.0
2024-08-29,124914.4232843266,-0.00023228571443269865,0.005768346422369008,2,0.399461080633533,0.3986502094089558,0.20188870995751113,0.0
2024-08-30,124680.05001297274,-0.0018762706914988627,0.007633794134537131,2,0.4040324397402095,0.395140705426979,0.20082685483281157,0.0
2024-09-03,124360.97373335832,-0.0025543137818761406,0.010173418693154912,2,0.3927716059416593,0.40758315278466023,0.19964524127368052,0.0
2024-09-04,124929.45904978616,0.004571251730842362,0.0056486722201222195,2,0.39018408350457645,0.4109583336586685,0.198857582836755,0.0
2024-09-05,125308.27542751959,0.0030322421998358116,0.002633558162565275,2,0.38805839819422183,0.4120332471002202,0.199908354705558,0.0
2024-09-06,124299.25617254346,-0.008052295441251725,0.010664647415430273,2,0.3846244047999325,0.4153363127579776,0.2000392824420899,0.0
2024-09-09,125162.09092073278,0.006941592208657919,0.0037970848401792656,2,0.3862496147957319,0.4142545808503995,0.19949580435386863,0.0
2024-09-10,125883.6517244613,0.00595236902381548,0.0,5,0.199682553088938,0.6006252689405108,0.19969217797055105,0.0
2024-09-11,126041.4696756479,0.0012536810699774574,0.0,5,0.20147849931788953,0.5993965834325995,0.19912491724951104,0.0
2024-09-12,126343.3600230098,0.0023951668299232952,0.0,5,0.2026901008229436,0.5951710541068516,0.20213884507020494,0.0
2024-09-13,126933.80911087462,0.00467336857083181,0.0,5,0.20280096639311138,0.5939998086201421,0.2031992249867465,0.0
2024-09-16,127660.49789683074,0.00572494271657275,0.0,5,0.20194434622905055,0.5960300314633427,0.20202562230760673,0.0
2024-09-17,127502.46320701165,-0.0006402567043599801,0.0012379294489890391,3,0.8008396410044334,0.19916035899556656,0.0,0.0
2024-09-18,126884.8527003906,-0.004843910392682382,0.006075843422348015,3,0.8023510068997964,0.19764899310020356,0.0,0.0
2024-09-19,128539.0098146292,0.013036679154638893,0.0,3,0.8055410497505444,0.19445895024945575,0.0,0.0
2024-09-20,128264.32943124238,-0.0021369418029821316,0.002136941802982184,3,0.8058706879246623,0.19412931207533765,0.0,0.0
2024-09-23,128469.74079145693,0.0016014690999859443,0.0005388949492621808,3,0.8065926603899571,0.19340733961004303,0.0,0.0
2024-09-24,128757.75329886796,0.0022484778701022602,0.0,3,0.8004891329473234,0.19951086705267657,0.0,0.0
2024-09-25,128316.91077034065,-0.003423813457695561,0.0034238134576956014,3,0.8014677580922291,0.19853224190777086,0.0,0.0
2024-09-26,128784.53630187051,0.003644301664702659,0.0,3,0.8017236073768782,0.19827639262312172,0.0,0.0
2024-09-27,128767.59675616254,-0.00013153400396033254,0.0001315340039603763,3,0.8006661902725702,0.1993338097274297,0.0,0.0
2024-09-30,129058.37180004084,0.0022581383143222963,0.0,3,0.8020636220020148,0.19793637799798525,0.0,0.0
2024-10-01,128319.52469557436,-0.005722854632552599,0.005724906444745992,3,0.7973965013924601,0.2026034986075399,0.0,0.0
2024-10-02,128143.6059154786,-0.001370943202237635,0.007088001125409749,3,0.7988281221351248,0.20117187786487525,0.0,0.0
2024-10-03,127713.64160676369,-0.003355331743969397,0.010419550274201828,3,0.8000523379335593,0.19994766206644057,0.0,0.0
2024-10-04,128328.0229772043,0.004810616647611662,0.005659058088599789,3,0.8034573638231899,0.1965426361768101,0.0,0.0
2024-10-07,127205.85624406295,-0.008744518205043034,0.014354090557163746,3,0.803217645472975,0.19678235452702492,0.0,0.0
2024-10-08,127533.92585361087,0.0029834654901437,0.011812065541876637,2,0.40258188750248225,0.39948303009818603,0.1979350823993318,0.0
2024-10-09,127462.44041529566,-0.0005605209581431018,0.012365965589724581,2,0.4055977104031701,0.39743479405566173,0.19696749554116816,0.0
2024-10-10,127357.87305077522,-0.0008203778633120276,0.01317619868860831,2,0.40522037705192737,0.39620290830972976,0.19857671463834284,0.0
2024-10-11,127739.11347821269,0.002993457870370333,0.01022218321390389,2,0.4064302993955021,0.3934249620325747,0.2001447385719232,0.0
2024-10-14,128159.59515123276,0.0032917221794543953,0.006964109621657277,2,0.40840989917617876,0.39242708784228497,0.19916301298153635,0.0
2024-10-15,128159.83688179897,0.00020108923082240047,0.0069622365888362125,1,0.5952184191684518,0.40478158083154825,0.0,0.0
2024-10-16,128710.01403402742,0.004292898349549726,0.002699226413247713,1,0.5952500728414395,0.40474992715856034,0.0,0.0
2024-10-17,127891.26150644557,-0.006361218540193664,0.00904327458433729,1,0.5991122874883863,0.4008877125116137,0.0,0.0
2024-10-18,128224.25911931986,0.0026037557918490765,0.00646306527106455,1,0.5998549900582215,0.40014500994177843,0.0,0.0
2024-10-21,127201.5362432563,-0.007976048238359167,0.014387563789054036,1,0.6036848800211779,0.3963151199788221,0.0,0.0
2024-10-22,127485.44838338286,0.00263673601416194,0.01218768991673802,5,0.19936808306125345,0.5990060863021048,0.2016258306366418,0.0
2024-10-23,126736.64870795829,-0.005873608987691896,0.017989713179395794,5,0.19871352823745103,0.6009134315689163,0.2003730401936326,0.0
2024-10-24,127474.50796657325,0.0058219880842457035,0.012272460990919498,5,0.19799060741527785,0.6012635704115842,0.2007458221731378,0.0
2024-10-25,127088.30039843796,-0.0030296847134060677,0.015264964016865501,5,0.19852372738729435,0.59970622087752,0.2017700517351856,0.0
2024-10-28,126960.49856019943,-0.0010056145045441356,0.01625522785218303,5,0.1993378638358898,0.5986810086264611,0.20198112753764896,0.0
2024-10-29,127394.06618555657,0.0034169683852030602,0.012895758649914546,5,0.19964150720706464,0.5988680077236929,0.20149048506924258,0.0
2024-10-30,127682.29103031338,0.0022624667960358482,0.010662468079633891,5,0.19858827188989794,0.5992691991083388,0.20214252900176324,0.0
2024-10-31,126909.62671988174,-0.006051460262787759,0.016649404840534565,5,0.19588065060336307,0.60389741756803,0.20022193182860692,0.0
2024-11-01,125829.82184301542,-0.008508455227353837,0.025016199352240642,5,0.19839542084005274,0.6004928830929075,0.20111169606703977,0.0
2024-11-04,126984.9416059146,0.009180015881611174,0.016065832577980665,5,0.19616725822331155,0.604266300744298,0.19956644103239038,0.0
2024-11-05,128124.27847676017,0.009379840928456739,0.007237758467369515,1,0.6016121284566986,0.39838787154330135,0.0,0.0
2024-11-06,128642.94871094398,0.004048180722265561,0.0032188774994039715,1,0.614085511780846,0.385914488219154,0.0,0.0
2024-11-07,129875.7151334215,0.00958285265403476,0.0,1,0.6129598205927614,0.38704017940723845,0.0,0.0
2024-11-08,130858.99553604345,0.0075709335006304635,0.0,1,0.6109892908747209,0.3890107091252791,0.0,0.0
2024-11-11,130687.52097432298,-0.0013103765699718326,0.001310376569971794,1,0.6123738706019597,0.38762612939804025,0.0,0.0
2024-11-12,129658.55693844034,-0.00786119156721856,0.009173527526217917,1,0.6028755810330576,0.3971244189669424,0.0,0.0
2024-11-13,129208.09300105287,-0.0034742322298198756,0.012615888791045027,1,0.6052712921200003,0.39472870787999964,0.0,0.0
2024-11-14,129000.54907311389,-0.0016062765351493218,0.014201900720059224,1,0.6023468715247602,0.3976531284752398,0.0,0.0
2024-11-15,127868.97263597194,-0.008771873029010183,0.022849196479182488,1,0.5998938200253738,0.40010617997462616,0.0,0.0
2024-11-18,128274.1479900274,0.0031686760728809322,0.019752922108469684,1,0.6004492017590263,0.3995507982409737,0.0,0.0
2024-11-19,128816.97511155442,0.00423222445731648,0.015604738643485772,1,0.5996553449614657,0.4003446550385344,0.0,0.0
2024-11-20,128678.26472336627,-0.0010768020912462542,0.01666473751952746,1,0.600505213371536,0.39949478662846405,0.0,0.0
2024-11-21,129053.2677381262,0.0029142685096516436,0.013799034529650589,1,0.601974494831274,0.3980255051687261,0.0,0.0
2024-11-22,129322.49515545016,0.0020861728032354207,0.01174164889696161,1,0.6025832216732692,0.3974167783267308,0.0,0.0
2024-11-25,130917.3512756055,0.012332395212745135,0.0,1,0.5972615814051268,0.40273841859487314,0.0,0.0
2024-11-26,131335.91577245024,0.0034005937925919607,0.0,3,0.8014516928940131,0.1985483071059869,0.0,0.0
2024-11-27,131197.658285068,-0.0010527012856238578,0.0010527012856238471,3,0.7998653257879279,0.20013467421207198,0.0,0.0
2024-11-29,132120.56775820607,0.007034496539052386,0.0,3,0.7992120744050553,0.20078792559494468,0.0,0.0
2024-12-02,132373.5723673969,0.0019149524822953058,0.0,3,0.7991143407131678,0.20088565928683225,0.0,0.0
2024-12-03,132193.17037212665,-0.0013628248603094818,0.001362824860309364,3,0.8005760486356668,0.19942395136433327,0.0,0.0
2024-12-04,133227.17021214735,0.00802407096608098,0.0,1,0.5989198685729886,0.4010801314270114,0.0,0.0
2024-12-05,133203.79915843767,-0.00017542257838594954,0.0001754225783859864,1,0.5980392347682036,0.4019607652317963,0.0,0.0
2024-12-06,133434.3364138535,0.0017307108120965806,0.0,1,0.5981376696624118,0.4018623303375883,0.0,0.0
2024-12-09,132529.08931626633,-0.006784214033032009,0.006784214033032088,1,0.5991219665680722,0.40087803343192774,0.0,0.0
2024-12-10,132032.2712528453,-0.0037487472824581664,0.010507529011570371,1,0.5995067006638679,0.4004932993361321,0.0,0.0
2024-12-11,132572.5833352575,0.0042936270188403,0.00645825581148185,3,0.802737852673514,0.19726214732648578,0.0,0.0
2024-12-12,131706.5625832506,-0.006532427220014729,0.012948494945439926,3,0.8038527429050342,0.1961472570949658,0.0,0.0
2024-12-13,131421.7701492688,-0.0021623253116320484,0.015082821398703872,3,0.8054348610261132,0.1945651389738869,0.0,0.0
2024-12-16,131950.3368753391,0.004021911479886036,0.011121571691350196,3,0.8056338419479553,0.19436615805204474,0.0,0.0
2024-12-17,131574.75307334022,-0.002846402751921056,0.013936317971003254,3,0.8046047842952772,0.19539521570472285,0.0,0.0
2024-12-18,128537.5214366915,-0.02288377361453544,0.03669831250911526,1,0.5957509532527773,0.4042490467472227,0.0,0.0
2024-12-19,127727.24487632656,-0.006303813480362151,0.04277078667237577,1,0.5993461966386264,0.4006538033613736,0.0,0.0
2024-12-20,128938.11325198191,0.009480110346291473,0.03369614810333632,1,0.6008488379725989,0.39915116202740114,0.0,0.0
2024-12-23,128929.96323604765,-6.320874199805799e-05,0.03375722695420247,1,0.6044849915491616,0.39551500845083853,0.0,0.0
2024-12-24,130011.87362719752,0.008391458152897309,0.0256490411586493,1,0.6061176907363166,0.3938823092636835,0.0,0.0
2024-12-26,129978.80136805752,-6.0508181751840036e-05,0.025896895346925297,3,0.8001016861340652,0.19989831386593485,0.0,0.0
2024-12-27,128671.05670367485,-0.010061214987508317,0.0356975561028392,3,0.799725559145064,0.20027444085493595,0.0,0.0
2024-12-30,127703.8903611607,-0.007516580397264568,0.042945812949670925,3,0.7965871163993707,0.2034128836006293,0.0,0.0
2024-12-31,127194.74321030639,-0.003986935318997522,0.04676152609021633,3,0.7968660780131407,0.20313392198685934,0.0,0.0
2025-01-02,127016.71211089069,-0.0013996734056952518,0.0480957486314334,3,0.7960222502173656,0.20397774978263447,0.0,0.0
2025-01-03,128205.48934100536,0.00936323403224522,0.039186668239804545,3,0.8024889181101362,0.19751108188986366,0.0,0.0
2025-01-06,128685.02811978883,0.0037403919383512574,0.03559284979942834,3,0.8041040836842306,0.19589591631576947,0.0,0.0
2025-01-07,127231.03676081213,-0.011298838569030946,0.046489530504363774,3,0.8040998489756341,0.19590015102436587,0.0,0.0
2025-01-08,127412.42588477688,0.001425667263135979,0.04513014184294639,3,0.8041282288238666,0.19587177117613344,0.0,0.0
2025-01-10,125682.83255260404,-0.01357476180335004,0.058092272720627,3,0.8027483769944348,0.19725162300556517,0.0,0.0
2025-01-13,125829.5661920216,0.00117024309896418,0.05699260344987467,3,0.800303917654569,0.19969608234543113,0.0,0.0
2025-01-14,125926.93694841035,0.0007738305021267252,0.05626287556269305,3,0.8007853383582944,0.19921466164170556,0.0,0.0
2025-01-15,128193.60635077086,0.017999877208870082,0.03927572320536943,3,0.8009349166095745,0.19906508339042545,0.0,0.0
2025-01-16,128078.4953981403,-0.0008979461293536586,0.0401384018510933,3,0.8001130118163319,0.1998869881836682,0.0,0.0
2025-01-17,129151.46680728905,0.00837745170110997,0.032097207672850514,3,0.8014320254205611,0.19856797457943887,0.0,0.0
2025-01-21,130328.13067146805,0.009112172913981881,0.023278908756674155,3,0.800032913092168,0.199967086907832,0.0,0.0
2025-01-22,130777.9790163564,0.0034516596115563083,0.019907600014274274,3,0.8017628335681387,0.19823716643186126,0.0,0.0
2025-01-23,131148.81036943672,0.0028355794749965707,0.017128470121274608,3,0.8038594127218964,0.19614058727810357,0.0,0.0
2025-01-24,130956.58032373857,-0.0014657399114536556,0.018569104150449323,3,0.8026892675627981,0.19731073243720196,0.0,0.0
2025-01-27,129774.80192246752,-0.009024200222314675,0.027425733058961344,3,0.798541135873705,0.20145886412629493,0.0,0.0
2025-01-28,130649.02682416938,0.0067379451804573205,0.020874009378255898,3,0.8014736503066968,0.19852634969330316,0.0,0.0
2025-01-29,130126.67622687225,-0.003998120843258344,0.02478867340953661,3,0.8010835815242136,0.19891641847578645,0.0,0.0
2025-01-30,130783.21699694524,0.005045397216849796,0.019868344896516676,3,0.8013399844813763,0.19866001551862375,0.0,0.0
2025-01-31,130054.88119008306,-0.005569031130953094,0.025326728596220538,3,0.8015391206531285,0.19846087934687145,0.0,0.0
2025-02-03,129563.50935991366,-0.003778188297686743,0.029009227744306254,3,0.799164431914838,0.20083556808516204,0.0,0.0
2025-02-04,130338.096266286,0.005979274694272301,0.023204223371444455,3,0.8005798918228227,0.19942010817717729,0.0,0.0
2025-02-05,131190.298811947,0.006538399516898885,0.016817542337427382,3,0.7986041878290822,0.20139581217091787,0.0,0.0
2025-02-06,131542.67959497127,0.002686027749120284,0.01417668697369745,3,0.7992330776308487,0.20076692236915133,0.0,0.0
2025-02-07,130409.85946837478,-0.008611806678140684,0.02266640676428411,3,0.7987963671426823,0.20120363285731768,0.0,0.0
2025-02-10,131037.95291350511,0.004816303366101174,0.017959271689379053,3,0.8003663652107289,0.19963363478927107,0.0,0.0
2025-02-11,130949.76892320049,-0.0006725991431316201,0.0186201509853281,3,0.8011472017038886,0.19885279829611135,0.0,0.0
2025-02-12,130258.44921087351,-0.005279274014850872,0.023801124120929495,3,0.8028045431160227,0.19719545688397724,0.0,0.0
2025-02-13,131789.44272929692,0.011753506415118537,0.012327364370853355,3,0.8018555389731453,0.19814446102685465,0.0,0.0
2025-02-14,131922.64797905827,0.001010742947255229,0.011329081220194048,3,0.8010064944799871,0.1989935055200129,0.0,0.0
2025-02-18,131923.69536376945,7.939385141617622e-06,0.011321231780991758,3,0.8033517894590836,0.19664821054091644,0.0,0.0
2025-02-19,132204.71662886042,0.00213353930221368,0.009215167685020398,3,0.8001766455297309,0.1998233544702691,0.0,0.0
2025-02-20,131863.44878009337,-0.0025813591032844098,0.011772739131312826,3,0.7989099880085182,0.2010900119914818,0.0,0.0
2025-02-21,130382.05879586886,-0.011234273014465274,0.022874753980248852,3,0.7941674013317075,0.20583259866829245,0.0,0.0
2025-02-24,129988.73425517559,-0.0030167075464659805,0.02582245508375902,3,0.7929456201411704,0.20705437985882952,0.0,0.0
2025-02-25,129940.31550916853,-0.0003724841716821293,0.026185320799648526,3,0.7892960747876656,0.2107039252123344,0.0,0.0
2025-02-26,130144.92166615135,0.0015853373342620402,0.02465193619654138,3,0.7991370198723694,0.20086298012763068,0.0,0.0
2025-02-27,128300.02135397495,-0.014175738004660328,0.0384782148123719,3,0.7976889294506033,0.2023110705493967,0.0,0.0
2025-02-28,130215.55213945848,0.014930089373864235,0.024122608624603248,3,0.7982199321814092,0.20178006781859079,0.0,0.0
2025-03-03,128517.13219502318,-0.013043142055845437,0.03685111606940039,3,0.7945992071328883,0.2054007928671116,0.0,0.0
2025-03-04,126983.27306269652,-0.011935055709141117,0.048346351655309205,3,0.7946781694345173,0.20532183056548264,0.0,0.0
2025-03-05,127871.64906867476,0.007001367183308639,0.041688575030086605,3,0.802976339496608,0.19702366050339212,0.0,0.0
2025-03-06,125965.6577312747,-0.014905503692819582,0.05597268951384693,3,0.8006566863506343,0.1993433136493657,0.0,0.0
2025-03-07,126450.40138451784,0.0038482207132778156,0.05233986406373414,3,0.8020578672558373,0.1979421327441628,0.0,0.0
2025-03-10,124010.11454561257,-0.019298371631772938,0.07062816154764862,3,0.7960572543216125,0.2039427456783875,0.0,0.0
2025-03-11,123008.92144051948,-0.008073479399334258,0.07813142593971512,3,0.7958651183661001,0.20413488163389998,0.0,0.0
2025-03-12,123383.65264536833,0.0030505216968273806,0.0753230692983885,3,0.8017992842505459,0.19820071574945405,0.0,0.0
2025-03-13,122279.86474405149,-0.008945981721657848,0.08359521221888377,3,0.7982520087570051,0.20174799124299492,0.0,0.0
2025-03-14,124165.46328194646,0.01542035184485825,0.06946392795898626,3,0.8023678330278925,0.1976321669721075,0.0,0.0
2025-03-17,125056.17223505283,0.00717356444830251,0.06278866747472978,3,0.8027961630989376,0.19720383690106227,0.0,0.0
2025-03-18,123995.5604027428,-0.008481083447177034,0.07073723499351658,3,0.8009118375370485,0.1990881624629515,0.0,0.0
2025-03-19,125204.2720465135,0.009748944284001321,0.06167875966958036,3,0.8009047014844504,0.1990952985155497,0.0,0.0
2025-03-20,124930.71023668103,-0.0021849239276024576,0.06372892019935594,3,0.800337402548972,0.19966259745102805,0.0,0.0
2025-03-21,124816.05676278031,-0.0009177365091698042,0.06458817035176878,3,0.8013368434964749,0.1986631565035251,0.0,0.0
2025-03-24,126352.9979814078,0.012313649849942961,0.053069836615985966,3,0.8057655714920837,0.19423442850791636,0.0,0.0
2025-03-25,126595.02417470879,0.0019154764601358152,0.05125601417863124,3,0.8061584844776204,0.19384151552237966,0.0,0.0
2025-03-26,125218.74595710282,-0.010865411686759701,0.06157028751032734,3,0.7991321460532764,0.20086785394672357,0.0,0.0
2025-03-27,124879.65280161552,-0.002708006320423156,0.06411156110302219,3,0.7991739430074285,0.20082605699257147,0.0,0.0
2025-03-28,123216.80563828234,-0.013315597265270953,0.0765734746405975,3,0.7936479891513157,0.20635201084868432,0.0,0.0
2025-03-31,124124.30095193973,0.007365028730913878,0.06977241175043747,3,0.7931341341833495,0.20686586581665045,0.0,0.0
2025-04-01,124624.857359558,0.004032702732497712,0.06602108041345867,3,0.7921796710091292,0.20782032899087077,0.0,0.0
2025-04-02,125238.47228570099,0.0049315550114111,0.06142245203462937,3,0.8011119111740121,0.198888088825988,0.0,0.0
2025-04-03,120408.5551766419,-0.038565761949258114,0.09761941032038024,3,0.7921837269682159,0.2078162730317841,0.0,0.0
2025-04-04,115096.82605414194,-0.04411421692343639,0.13742722340100544,3,0.7802260268208204,0.21977397317917957,0.0,0.0
2025-04-07,114174.06074708993,-0.008017295860252054,0.1443427245519987,3,0.78513087605245,0.21486912394755003,0.0,0.0
2025-04-08,112306.8944266775,-0.016353682335503734,0.1583358718227379,3,0.785682363828895,0.214317636171105,0.0,0.0
2025-04-09,121872.87122491573,0.08519264826522052,0.08664535306024457,3,0.8146161917008563,0.1853838082991436,0.0,0.0
2025-04-10,116899.66709155633,-0.04080649026624936,0.12391615057022543,3,0.8120576983884462,0.1879423016115538,0.0,0.0
2025-04-11,118712.97388687322,0.015511650635383926,0.11032664397056857,3,0.8139218856933204,0.18607811430667964,0.0,0.0
2025-04-14,119807.9738358588,0.00922392821216865,0.10212036080227394,3,0.8143069504338316,0.18569304956616844,0.0,0.0
2025-04-15,119613.5269020379,-0.001622988250241861,0.10357760890682322,3,0.8133462037962665,0.18665379620373343,0.0,0.0
2025-04-16,120060.90604716865,0.004305977241838499,0.10022480514465537,4,0.24339495604248124,0.2503169873416244,0.2570284439365045,0.24925961267938987
2025-04-17,119712.5113835271,-0.0029018160458048133,0.10283578724270381,4,0.24445156526570247,0.24882814974809225,0.2566446467337297,0.25007563825247553
2025-04-21,119427.63124739242,-0.002379702278753527,0.10497077096421847,4,0.23920218623937387,0.24506185974720956,0.2652152323871864,0.2505207216262302
2025-04-22,119895.47122081014,0.003917351190266835,0.10146462714853155,4,0.24446805284349066,0.24546809615072002,0.2604301285791152,0.2496337224266742
2025-04-23,119865.08572648994,-0.0002534332115368653,0.10169234585375264,4,0.24831907720279037,0.24791523271279867,0.2542498060398967,0.2495158840445143
2025-04-24,122068.71256405677,0.01894635936844426,0.08517765483200423,3,0.8016508595131254,0.19834914048687452,0.0,0.0
2025-04-25,122954.11203347308,0.007253287519942515,0.07854218533283275,3,0.8016285938611408,0.1983714061388592,0.0,0.0
2025-04-28,123145.36046058849,0.0015554455556829278,0.07710890787025937,3,0.80068889513258,0.19931110486741987,0.0,0.0
2025-04-29,123972.2791094959,0.0067149801325405425,0.07091171252210937,3,0.8003583553649671,0.19964164463503278,0.0,0.0
2025-04-30,123811.35503108766,-0.0012980650155354286,0.07211772952442819,3,0.8017166419357841,0.19828335806421596,0.0,0.0
2025-05-01,123098.97424677256,-0.005204914690746524,0.07745654113365008,4,0.2530890237957349,0.2500337741200926,0.2460877940890262,0.25078940799514626
2025-05-02,123221.50771541159,0.0009954060900083767,0.07653823575639707,4,0.2565905280893976,0.24708136184945592,0.24627286324142433,0.25005524681972213
2025-05-05,123772.77782394509,0.004473814017977149,0.07240683957045813,4,0.25398285474483673,0.24460693500676983,0.25249884784385673,0.24891136240453665
2025-05-06,124512.62807797725,0.005977487675719259,0.06686216288590907,4,0.2503634664567355,0.2439618429522915,0.25803249022223684,0.24764220036873608
2025-05-07,124301.63193041366,-0.0016945762917433401,0.06844343614161119,4,0.2518431164424554,0.24540895999308007,0.25459522443893684,0.24815269912552787
2025-05-08,124648.99431689529,0.00334450207014964,0.06584019026189802,3,0.8028890342589876,0.19711096574101233,0.0,0.0
2025-05-09,124558.220693836,-0.0007282338983699384,0.06652047710184417,3,0.8024503475660817,0.19754965243391825,0.0,0.0
2025-05-12,127632.40630398298,0.024680712304837104,0.04348153755473816,3,0.8090025105688101,0.19099748943118977,0.0,0.0
2025-05-13,128215.33877984223,0.004567276389594121,0.03911285336500103,3,0.8106425361483437,0.18935746385165628,0.0,0.0
2025-05-14,128187.05940423954,-0.00022056156363043196,0.039324788136535394,3,0.8118576690104797,0.18814233098952024,0.0,0.0
2025-05-15,129244.24273565967,0.00866261775127386,0.03140191491040245,2,0.39850164681999656,0.4000506271213954,0.20144772605860795,0.0
2025-05-16,129393.94580422754,0.0011582958389415837,0.030279991778836446,2,0.40056184667348177,0.400655584470056,0.1987825688564622,0.0
2025-05-19,129631.78276237828,0.0018380841288401818,0.028497564822306365,2,0.4002643113354718,0.3987620733266616,0.20097361533786665,0.0
2025-05-20,129570.02326291201,-0.00047642251113277375,0.028960410452045338,2,0.39910866405430095,0.39607756271902395,0.20481377322667496,0.0
2025-05-21,128017.38993205843,-0.011982967138186964,0.04059634594347694,2,0.39714231695066143,0.394030281850484,0.2088274011988546,0.0
2025-05-22,128140.32267761505,0.00136368866741748,0.03967504825608603,3,0.7992257863700353,0.20077421362996464,0.0,0.0
2025-05-23,127483.95071080954,-0.005122290572475487,0.04459411170291683,3,0.7978574166484281,0.20214258335157184,0.0,0.0
2025-05-27,129958.30340559188,0.019409130961082842,0.026050513695969002,3,0.7989386271590125,0.20106137284098746,0.0,0.0
2025-05-28,129244.81999199891,-0.005490094860397053,0.031397588765013196,3,0.7987012683665099,0.20129873163349016,0.0,0.0
2025-05-29,129893.0906068419,0.005015834405457196,0.02653923946553194,3,0.7978522013298066,0.20214779867019333,0.0,0.0
2025-05-30,129815.80401778128,-0.00059285501554216,0.027118450118035375,3,0.799579397653026,0.20042060234697404,0.0,0.0
2025-06-02,130158.34020881377,0.002638632434811673,0.024551373305286783,3,0.8019671844055821,0.19803281559441793,0.0,0.0
2025-06-03,130708.19013690169,0.004224469420905297,0.02043062041015098,3,0.8031475758282781,0.19685242417172194,0.0,0.0
2025-06-04,131097.70452534856,0.00298003046357612,0.017511473817786838,3,0.8005463515976597,0.1994536484023404,0.0,0.0
2025-06-05,130608.655841468,-0.003730413782996475,0.021176562557492784,3,0.7996604879644198,0.20033951203558015,0.0,0.0
2025-06-06,131349.21646951098,0.0056704145519798,0.01562656210074309,3,0.8036581499109394,0.19634185008906055,0.0,0.0
2025-06-09,131471.5434717134,0.000931311244105036,0.014709804049629294,3,0.8036339963851056,0.19636600361489437,0.0,0.0
2025-06-10,132203.54710524413,0.005567772418281659,0.00922393247261355,3,0.8037156349776152,0.19628436502238478,0.0,0.0
2025-06-11,131979.05717252824,-0.0016980628555842024,0.010906332511083638,3,0.8027864754628619,0.19721352453713814,0.0,0.0
2025-06-12,132711.35503032318,0.005548591371111692,0.00541825592243339,3,0.8015296097133667,0.1984703902866333,0.0,0.0
2025-06-13,131268.39727714757,-0.0108713904934759,0.016232247222994878,3,0.7997502676158095,0.2002497323841905,0.0,0.0
2025-06-16,132002.33234708695,0.00559110254381946,0.010731900837915753,3,0.8028704362405298,0.1971295637594701,0.0,0.0
2025-06-17,131413.37346607572,-0.004461730868986702,0.015145748853650942,3,0.7995772693368618,0.20042273066313823,0.0,0.0
2025-06-18,131443.20315864464,0.0002269913006731328,0.014922195506209657,3,0.7992753340278861,0.20072466597211389,0.0,0.0
2025-06-20,131147.76070024137,-0.0022476815179760627,0.017136336681138897,3,0.7991945913970658,0.20080540860293414,0.0,0.0
2025-06-23,132268.89665185692,0.008549459603594801,0.00873418187041386,3,0.8010534147816725,0.1989465852183276,0.0,0.0
2025-06-24,133630.45358766007,0.010293855700534814,0.0,3,0.8016507240071888,0.19834927599281107,0.0,0.0
2025-06-25,133723.8458398411,0.0006988844958139658,0.0,3,0.801539772864517,0.19846022713548286,0.0,0.0
2025-06-26,134695.87784885085,0.007268950447132313,0.0,3,0.8019813051700817,0.19801869482991824,0.0,0.0
2025-06-27,135062.7451794094,0.002723671551183172,0.0,3,0.8037765833538165,0.19622341664618348,0.0,0.0
2025-06-30,135844.67358750798,0.00579316996503884,0.0,3,0.7991951504082891,0.2008048495917108,0.0,0.0
2025-07-01,135877.16644339915,0.00023919123976726126,0.0,3,0.7987453867439601,0.20125461325603988,0.0,0.0
2025-07-02,136195.42497548033,0.002342251758787785,0.0,3,0.8004913594174252,0.19950864058257478,0.0,0.0
2025-07-03,136865.42558277567,0.004919406121137806,0.0,3,0.8028508030575704,0.19714919694242955,0.0,0.0
2025-07-07,135789.07521242672,-0.007864297106196287,0.007864297106196405,3,0.8031844626618326,0.1968155373381673,0.0,0.0
2025-07-08,135694.46044111848,-0.0006935952383661601,0.008555594933279842,3,0.8001167689450672,0.1998832310549328,0.0,0.0
2025-07-09,136629.27178593088,0.006889089958230265,0.00172544523819107,3,0.7994076031396247,0.20059239686037536,0.0,0.0
2025-07-10,136956.22495354168,0.0023929950246902713,0.0,3,0.7997483452364331,0.20025165476356685,0.0,0.0
2025-07-11,136192.849208303,-0.005573866726376364,0.005573866726376497,3,0.8014038212119231,0.19859617878807692,0.0,0.0
2025-07-14,136344.36289917195,0.0011124937303955502,0.004467573887768084,3,0.8020407026947368,0.19795929730526315,0.0,0.0
2025-07-15,135686.880880889,-0.004820185500594981,0.009268246646570999,3,0.8004397771333853,0.19956022286661465,0.0,0.0
2025-07-16,136088.20028527192,0.002957687594979888,0.006337971629724826,3,0.8007474260101896,0.19925257398981044,0.0,0.0
2025-07-17,136748.70938461932,0.004853536882425069,0.001515196326364543,3,0.8017564350238628,0.1982435649761373,0.0,0.0
2025-07-18,136709.8174310945,-0.0002844045380745245,0.001799169935727707,3,0.8013971232998012,0.19860287670019883,0.0,0.0
2025-07-21,137159.629493828,0.0032902689154727036,0.0,3,0.8002835391872065,0.19971646081279346,0.0,0.0
2025-07-22,137475.6070460057,0.00250450639381578,0.0,1,0.5985866941728776,0.40141330582712237,0.0,0.0
2025-07-23,137869.55133593618,0.002865557740717346,0.0,1,0.6019542808095455,0.39804571919045456,0.0,0.0
2025-07-24,137801.33955651743,-0.0004947559396385887,0.000494755939638547,1,0.6024516120384952,0.39754838796150477,0.0,0.0
2025-07-25,138496.4734075127,0.005044463669456483,0.0,1,0.6019600059875889,0.39803999401241097,0.0,0.0
2025-07-28,138118.3666340081,-0.002730082320522775,0.002730082320522853,1,0.6034563580222319,0.39654364197776815,0.0,0.0
2025-07-29,138832.18884982212,0.005171666076207201,0.0,1,0.5953384531718857,0.4046615468281143,0.0,0.0
2025-07-30,138438.59726677812,-0.0028350167659588876,0.0028350167659587644,1,0.5962792793573904,0.40372072064260955,0.0,0.0
2025-07-31,138161.12032021294,-0.0020043322602471708,0.004833666710643669,1,0.5952355880082092,0.40476441199179086,0.0,0.0
2025-08-01,137608.20096537285,-0.0040019895145509046,0.008816311941701738,1,0.5878318096000845,0.4121681903999156,0.0,0.0
2025-08-04,138992.7258195665,0.010061354225116633,0.0,1,0.5908223012494354,0.40917769875056476,0.0,0.0
2025-08-05,138739.10843134904,-0.00181551997992192,0.0018246810163768945,1,0.5980437458995203,0.4019562541004798,0.0,0.0
2025-08-06,139052.65965091402,0.0022600060149594683,0.0,1,0.6012657529269102,0.39873424707308985,0.0,0.0
2025-08-07,138887.92341784053,-0.0011847039350924517,0.0011847039350922905,1,0.6014746802477,0.39852531975230004,0.0,0.0
2025-08-08,139299.4027847219,0.0029626720362393136,0.0,1,0.6043741496537541,0.39562585034624576,0.0,0.0
2025-08-11,139196.06280025325,-0.0007418551867616425,0.0007418551867617307,1,0.6036268612113641,0.39637313878863584,0.0,0.0
2025-08-12,139804.36042913524,0.00437372055994622,0.0,1,0.6037470259072182,0.39625297409278176,0.0,0.0
2025-08-13,140552.00700241828,0.005347805826571526,0.0,1,0.6025911333599834,0.3974088666400167,0.0,0.0
2025-08-14,140145.74456331236,-0.0028904776799019483,0.002890477679902026,1,0.6043941703723507,0.39560582962764945,0.0,0.0
2025-08-15,139552.43035246362,-0.004233551383935884,0.007111792078055901,1,0.6055427603852475,0.3944572396147526,0.0,0.0
2025-08-18,139374.7548556724,-0.0012731809567377785,0.00837591843655161,1,0.6061827064009017,0.39381729359909834,0.0,0.0
2025-08-19,139243.78750437585,-0.0009335007810577803,0.009307725488543972,1,0.597302521753693,0.4026974782463071,0.0,0.0
2025-08-20,139145.74787662324,-0.0007040861894792674,0.01000525823705134,1,0.5961351712295218,0.40386482877047825,0.0,0.0
2025-08-21,138534.70483270995,-0.004391388549329402,0.014352709809925535,1,0.5963624495362563,0.4036375504637437,0.0,0.0
2025-08-22,140217.62205929545,0.01214798290881509,0.002379083374576596,1,0.598253176647073,0.40174682335292694,0.0,0.0
2025-08-25,139686.63097661102,-0.0037869069157362343,0.006156980923028521,1,0.5978842703377469,0.4021157296622531,0.0,0.0
2025-08-26,140005.07474336712,0.0022818216606976,0.0038913158959141825,1,0.6011405436149362,0.3988594563850638,0.0,0.0
2025-08-27,140132.46319638926,0.0009098845399401033,0.0029849720041479344,1,0.6019624975711114,0.39803750242888875,0.0,0.0
2025-08-28,140798.11612273377,0.004750169312385771,0.0,1,0.6012383157459661,0.3987616842540339,0.0,0.0
2025-08-29,139894.15722957763,-0.006420248495144332,0.006420248495144332,1,0.6015145630327623,0.3984854369672377,0.0,0.0
2025-09-02,138855.7621956673,-0.007422719107605249,0.01379531190156913,1,0.6015221178468108,0.39847788215318924,0.0,0.0
2025-09-03,139734.90496486393,0.00653111220299614,0.007551316645053929,3,0.7991165172927,0.20088348270729994,0.0,0.0
2025-09-04,140882.1421239584,0.008210097250811748,0.0,3,0.7992332847040254,0.20076671529597456,0.0,0.0
2025-09-05,140987.28768661272,0.000746337052156744,0.0,3,0.7963242237019882,0.20367577629801184,0.0,0.0
2025-09-08,141645.71075274562,0.0046700881826769285,0.0,3,0.794569745282797,0.20543025471720308,0.0,0.0
2025-09-09,141740.53824003367,0.0006694695291802394,0.0,3,0.7958738855411135,0.2041261144588865,0.0,0.0
2025-09-10,142229.78398991755,0.00345583990829786,0.0,3,0.7995496047179651,0.20045039528203484,0.0,0.0
2025-09-11,143365.43196423328,0.007984600288756848,0.0,3,0.7998078717236297,0.2001921282763703,0.0,0.0
2025-09-12,143203.1618167304,-0.0011318638341170598,0.0011318638341171194,3,0.8004462278245466,0.1995537721754534,0.0,0.0
2025-09-15,143880.13513076838,0.004727362897925243,0.0,3,0.8009214522676207,0.19907854773237937,0.0,0.0
2025-09-16,143781.8423891509,-0.0006831571399910676,0.0006831571399911196,3,0.8003655257795917,0.1996344742204083,0.0,0.0
2025-09-17,143499.49349483135,-0.00176371909351,0.002645546833766055,1,0.6003133660100183,0.3996866339899818,0.0,0.0
2025-09-18,143310.1176215214,-0.0013196971550060433,0.003961752668142138,1,0.6039152587201346,0.3960847412798654,0.0,0.0
2025-09-19,143630.5760599511,0.0022361187315191205,0.0017344928859739372,1,0.6055522847452296,0.3944477152547704,0.0,0.0
2025-09-22,143838.40834176439,0.0014469919115727887,0.00029001077157786437,1,0.6075380798027991,0.3924619201972009,0.0,0.0
2025-09-23,143757.31058237847,-0.0005638115738406417,0.0008536588339890239,1,0.6045718286908807,0.3954281713091192,0.0,0.0
2025-09-24,143263.33989509524,-0.0034315869352496,0.004286868615410722,1,0.6001504699734242,0.39984953002657575,0.0,0.0
2025-09-25,142866.67598028108,-0.0027687747270488455,0.007043773968979039,1,0.5990403028975217,0.40095969710247825,0.0,0.0
2025-09-26,143305.48542275908,0.0030714611330256497,0.003993947513929008,1,0.6006274772800236,0.3993725227199764,0.0,0.0
2025-09-29,144017.33591329318,0.004967363869108888,0.0,1,0.5993383213111936,0.4006616786888065,0.0,0.0
2025-09-30,144175.0943451755,0.0010954127909801503,0.0,1,0.6009376549363278,0.3990623450636723,0.0,0.0
2025-10-01,144198.1373719765,0.001160987668592,0.0,0,0.0,0.0,0.0,1.0
2025-10-02,144232.95116672423,0.0002414302665916,0.0,0,0.0,0.0,0.0,1.0
2025-10-03,144180.6827096941,-0.0003623891531533,0.00036238915315334186,0,0.0,0.0,0.0,1.0
2025-10-06,144145.85526782964,-0.000241554147268,0.000603855763818606,0,0.0,0.0,0.0,1.0
2025-10-07,144215.537445792,0.0004834143710401,0.00012073330533257653,0,0.0,0.0,0.0,1.0
2025-10-08,144198.1373719765,-0.0001206532536207,0.0002413719920871804,0,0.0,0.0,0.0,1.0
2025-10-09,144180.68270969414,-0.0001210463782715,0.0003623891531531198,0,0.0,0.0,0.0,1.0
2025-10-10,144424.51574409544,0.0016911629895126,0.0,0,0.0,0.0,0.0,1.0
2025-10-13,144703.13527901104,0.0019291706361632,0.0,0,0.0,0.0,0.0,1.0
2025-10-14,144598.68024765112,-0.0007218574162786,0.0007218574162786151,0,0.0,0.0,0.0,1.0
2025-10-15,144529.02536392224,-0.0004817117528984,0.0012032214419755993,0,0.0,0.0,0.0,1.0
2025-10-16,144720.54899994328,0.0013251569056027,0.0,0,0.0,0.0,0.0,1.0
2025-10-17,144703.13527901107,-0.0001203265262089,0.0001203265262088582,0,0.0,0.0,0.0,1.0
2025-10-20,144720.5489999433,0.0001203410064243,0.0,0,0.0,0.0,0.0,1.0
2025-10-21,144755.40373604122,0.000240841651989,0.0,0,0.0,0.0,0.0,1.0
2025-10-22,144755.40373604122,0.0,0.0,0,0.0,0.0,0.0,1.0
2025-10-23,144650.90776333117,-0.0007218795983645,0.0007218795983644499,0,0.0,0.0,0.0,1.0
2025-10-24,144737.9763679923,0.0006019222831534,0.00012039183062695358,0,0.0,0.0,0.0,1.0
2025-10-27,144703.13527901113,-0.0002407183646991,0.00036108121480149524,0,0.0,0.0,0.0,1.0
2025-10-28,144720.54899994336,0.0001203410064243,0.00024078366125390716,0,0.0,0.0,0.0,1.0
2025-10-29,144441.94311214448,-0.0019251301195589,0.0021654502409341747,0,0.0,0.0,0.0,1.0
2025-10-30,144459.32953884327,0.0001203696538842,0.0020453412415458727,0,0.0,0.0,0.0,1.0
2025-10-31,144511.61164299012,0.0003619157330561,0.0016841657496645679,0,0.0,0.0,0.0,1.0
2025-11-03,144516.83848869315,3.616903613212763e-05,0.0016480576281842074,0,0.0,0.0,0.0,1.0
2025-11-04,144569.22976977372,0.0003625271741927,0.0012861279196663133,0,0.0,0.0,0.0,1.0
2025-11-05,144464.41991337916,-0.000724980388714,0.0020101758908611655,0,0.0,0.0,0.0,1.0
2025-11-06,144639.10300737014,0.0012091772776696,0.0008034292722028935,0,0.0,0.0,0.0,1.0
2025-11-07,144709.00353919997,0.0004832754792891,0.0003205420705804096,0,0.0,0.0,0.0,1.0
2025-11-10,144674.0669204018,-0.0002414267111495,0.000561891394311953,0,0.0,0.0,0.0,1.0
2025-11-11,144796.34508619548,0.0008451975422862,0.0,0,0.0,0.0,0.0,1.0
2025-11-12,144743.9538051149,-0.0003618273724339,0.0003618273724339538,0,0.0,0.0,0.0,1.0
2025-11-13,144656.61225811942,-0.0006034210390098,0.0009650300771948395,0,0.0,0.0,0.0,1.0
2025-11-14,144709.0035392,0.0003621768840202,0.0006032027047608857,0,0.0,0.0,0.0,1.0
2025-11-17,144691.5352298009,-0.0001207133555747,0.0007238432457129518,0,0.0,0.0,0.0,1.0
2025-11-18,144778.8904239131,0.0006037339639355,0.00012054629052948851,0,0.0,0.0,0.0,1.0
2025-11-19,144761.42211451402,-0.0001206550854752,0.00024118683148166564,0,0.0,0.0,0.0,1.0
2025-11-20,144883.71392742443,0.0008447817873304,0.0,0,0.0,0.0,0.0,1.0
2025-11-21,145058.42431564882,0.0012058663012457,0.0,0,0.0,0.0,0.0,1.0
2025-11-24,145075.8926250479,0.0001204225778785,0.0,0,0.0,0.0,0.0,1.0
2025-11-25,145163.22052492667,0.0006019463213262,0.0,0,0.0,0.0,0.0,1.0
2025-11-26,145145.7658626443,-0.0001202416302095,0.00012024163020940559,0,0.0,0.0,0.0,1.0
2025-11-28,145145.7658626443,0.0,0.00012024163020940559,0,0.0,0.0,0.0,1.0
2025-12-01,145021.35874664263,-0.0008571184647537,0.0009772570336415987,0,0.0,0.0,0.0,1.0
2025-12-02,145108.97323597246,0.0006041488652916,0.00037369857707791887,0,0.0,0.0,0.0,1.0
2025-12-03,145196.60137241904,0.000603878137185,0.0,0,0.0,0.0,0.0,1.0
2025-12-04,145091.45033810652,-0.0007241976280342,0.0007241976280341067,0,0.0,0.0,0.0,1.0
2025-12-05,145038.8679973919,-0.0003624082645262,0.0010863434373546976,0,0.0,0.0,0.0,1.0
2025-12-08,145003.82220165996,-0.000241630372712,0.0013277113164971155,0,0.0,0.0,0.0,1.0
2025-12-09,144933.71696307935,-0.0004834716596856,0.0018105410653890264,0,0.0,0.0,0.0,1.0
2025-12-10,145179.0784745531,0.0016929222310377,0.00012068393957098689,0,0.0,0.0,0.0,1.0
2025-12-11,145196.60137241907,0.0001206985059423,0.0,0,0.0,0.0,0.0,1.0
2025-12-12,145214.124270285,0.000120683939571,0.0,0,0.0,0.0,0.0,1.0
2025-12-15,145301.72511249813,0.0006032529043116,0.0,0,0.0,0.0,0.0,1.0
2025-12-16,145371.81670396202,0.000482386505801,0.0,0,0.0,0.0,0.0,1.0
2025-12-17,145389.32595471127,0.0001204446029927,0.0,0,0.0,0.0,0.0,1.0
2025-12-18,145494.4769890238,0.000723237649133,0.0,0,0.0,0.0,0.0,1.0
2025-12-19,145468.12440664123,-0.0001811242799583,0.00018112427995842229,0,0.0,0.0,0.0,1.0
2025-12-22,145397.80081419315,-0.0004834295673704,0.0006644662864965234,0,0.0,0.0,0.0,1.0
2025-12-23,145327.5045159785,-0.0004834756634626,0.001147620696680396,0,0.0,0.0,0.0,1.0
2025-12-24,145415.40559475945,0.0006048481949352,0.0005434666380519371,0,0.0,0.0,0.0,1.0
2025-12-26,145520.84321852308,0.00072507877231,0.0,0,0.0,0.0,0.0,1.0
2025-12-29,145591.15316385444,0.0004831606509163,0.0,0,0.0,0.0,0.0,1.0
2025-12-30,145626.30813652012,0.0002414636597192,0.0,0,0.0,0.0,0.0,1.0
2025-12-31,145573.57567752159,-0.000362108053643,0.0003621080536430066,0,0.0,0.0,0.0,1.0
