date,wealth,return,drawdown,action,w_SPY,w_TLT,w_GLD,w_SHY
2021-01-05,99651.59697758028,-0.0024865167409381396,0.0034840302241971877,5,0.20187939691139858,0.5970282583937376,0.20109234469486376,0.0
2021-01-06,98225.1141753928,-0.014314700872364474,0.017748858246072086,5,0.20603566070392842,0.5932649948804082,0.2006993444156635,0.0
2021-01-07,97966.11185634113,-0.0026368238024055365,0.020338881436588685,5,0.20964967399875106,0.5895901691793825,0.20076015682186643,0.0
2021-01-08,97223.88780955694,-0.007576334639804923,0.027761121904430586,5,0.21245381451825027,0.5921738145635745,0.19537237091817528,0.0
2021-01-11,96952.24837831664,-0.0027939577130714974,0.03047751621683359,5,0.21161297864317957,0.5928515441452384,0.1955354772115819,0.0
2021-01-12,97034.56584313384,0.0008606746067271601,0.029654341568661646,5,0.1998702256592172,0.5990080826307084,0.20112169171007446,0.0
2021-01-13,97657.33603797553,0.006418024231163856,0.023426639620244716,5,0.1991304033206591,0.6018912591760276,0.19897833750331329,0.0
2021-01-14,97028.49496840211,-0.006439260941224977,0.029715050315978875,5,0.19971916025070913,0.6001168839279138,0.20016395582137705,0.0
2021-01-15,96877.25590618174,-0.0015587076999351445,0.031227440938182527,5,0.19857214782759555,0.603438849423017,0.19798900274938755,0.0
2021-01-19,97379.50920891143,0.0051844294930904,0.0262049079108857,5,0.19909910460692268,0.6022641357328802,0.19863675966019717,0.0
2021-01-20,98023.43081696949,0.00661477503990104,0.019765691830305188,5,0.2014352674420653,0.5966439352997137,0.20192079725822093,0.0
2021-01-21,97618.56096669823,-0.004130337480507351,0.023814390333017688,5,0.20245512341444008,0.5949137846557436,0.20263109192981624,0.0
2021-01-22,97580.85401278936,-0.0003862682827473414,0.024191459872106358,5,0.20181649765590015,0.5970700706852403,0.2011134316588595,0.0
2021-01-25,98362.09842390545,0.00800612393711668,0.01637901576094547,5,0.2010031822873524,0.5993086304901016,0.19968818722254594,0.0
2021-01-26,98171.47131828088,-0.0019380138150676873,0.018285286817191215,5,0.20107910821280484,0.5993392622413009,0.19958162954589434,0.0
2021-01-27,96244.24181340111,-0.01904374304000688,0.0375575818659889,3,0.7955989000172984,0.20440109998270167,0.0,0.0
2021-01-28,96794.02827629236,0.005712408893585419,0.03205971723707646,3,0.797883358293267,0.2021166417067331,0.0,0.0
2021-01-29,95130.22432546708,-0.017189117763298987,0.04869775674532928,3,0.7955856106157194,0.20441438938428064,0.0,0.0
2021-02-01,96412.55390096859,0.013479728283981618,0.035874460990314105,3,0.7980706135027186,0.2019293864972814,0.0,0.0
2021-02-02,97375.03642299863,0.009982958474667842,0.026249635770013713,3,0.8013556084282808,0.19864439157171923,0.0,0.0
2021-02-03,96784.2724564306,-0.0054688265089572795,0.03215727543569402,5,0.20125791625680486,0.5979460912694868,0.20079599247370836,0.0
2021-02-04,96432.58727624138,-0.0036337017499153733,0.03567412723758623,5,0.2042876633841424,0.5985230501207233,0.19718928649513442,0.0
2021-02-05,96214.56465217118,-0.002260881204458996,0.03785435347828825,5,0.2055564340268821,0.594856352289815,0.1995872136833029,0.0
2021-02-08,96802.0839295423,0.0061063444967515345,0.03197916070457696,5,0.20578436653795418,0.5938421027909435,0.2003735306711022,0.0
2021-02-09,96894.7001046475,0.0009567580711651156,0.03105299895352498,5,0.20545080462432788,0.5937136140120257,0.20083558136364643,0.0
2021-02-10,97343.39296979576,0.00463704213596292,0.02656607030204239,5,0.19899015899346126,0.6012041252888481,0.19980571571769062,0.0
2021-02-11,96885.37961049304,-0.004705130418505675,0.031146203895069613,5,0.20025371380353493,0.6007395461778636,0.19900674001860147,0.0
2021-02-12,96199.80954519966,-0.007076094123278057,0.03800190454800334,5,0.202677107203699,0.5975066636948224,0.19981622910147848,0.0
2021-02-16,95031.80217026232,-0.012141472841363141,0.04968197829737675,5,0.20499050591975512,0.5956406940083018,0.1993688000719432,0.0
2021-02-17,95180.6212534515,0.0015659924340122422,0.04819378746548497,5,0.20471694234372742,0.5984858447498347,0.19679721290643779,0.0
2021-02-18,94866.90878265337,-0.0032912685673079935,0.0513309121734663,5,0.19980639213635784,0.5995452378742068,0.2006483699894355,0.0
2021-02-19,94156.36243119664,-0.007489928369908563,0.058436375688033615,5,0.20095871053958334,0.5960400545859463,0.2030012348744704,0.0
2021-02-22,93870.01091057084,-0.003041233892558765,0.06129989089429155,5,0.20002131094522224,0.593310168089639,0.20666852096513882,0.0
2021-02-23,93687.56400138878,-0.0019436123146494282,0.06312435998611221,5,0.2006541986538306,0.5927512323419005,0.20659456900426887,0.0
2021-02-24,93516.69305637656,-0.0018238380604034686,0.06483306943623435,5,0.20323601681685174,0.5899387828268277,0.2068252003563205,0.0
2021-02-25,91796.86322620852,-0.0183807422666513,0.08203136773791486,5,0.19883558867631654,0.6012531998103967,0.19991121151328675,0.0
2021-02-26,93083.64000242943,0.01401765518991652,0.06916359997570576,5,0.19507651781795987,0.6125434221908445,0.19238005999119556,0.0
2021-03-01,92739.74857927865,-0.0036944346304227118,0.07260251420721353,5,0.20054609874042512,0.6066946023759222,0.1927592988836527,0.0
2021-03-02,92696.005072054,-0.00047168024385206147,0.07303994927946,5,0.1990750724244692,0.6070240293989434,0.19390089817658737,0.0
2021-03-03,91643.1732871434,-0.011357898154210878,0.08356826712856591,5,0.19869497888606782,0.6073381537484182,0.19396686736551408,0.0
2021-03-04,90563.21670222329,-0.01118978824901458,0.09436783297776707,3,0.7990411080306,0.20095889196939992,0.0,0.0
2021-03-05,91929.9088996406,0.015091029748988221,0.08070091100359389,3,0.8016431743155147,0.19835682568448543,0.0,0.0
2021-03-08,91421.21618075231,-0.0055334844228295006,0.08578783819247693,3,0.80209031115875,0.19790968884125013,0.0,0.0
2021-03-09,92718.89690938513,0.014194524890886686,0.07281103090614871,3,0.8021559733643567,0.1978440266356432,0.0,0.0
2021-03-10,93218.603061857,0.005389474736312197,0.06781396938143003,3,0.8028222757354391,0.19717772426456087,0.0,0.0
2021-03-11,93839.98982457588,0.006668750500156322,0.06160010175424113,3,0.8027580074531094,0.1972419925468907,0.0,0.0
2021-03-12,93548.65737020802,-0.003104566133398767,0.06451342629791978,3,0.8063424912590051,0.1936575087409948,0.0,0.0
2021-03-15,94105.016317566,0.005947268116914454,0.05894983682433996,3,0.8063554704836383,0.19364452951636177,0.0,0.0
2021-03-16,93936.0612576527,-0.0017953884556285106,0.06063938742347297,3,0.8067868421387945,0.1932131578612056,0.0,0.0
2021-03-17,94058.6746001218,0.0013052851144437772,0.059413253998782056,3,0.8084825958575913,0.19151740414240861,0.0,0.0
2021-03-18,92772.56893306093,-0.013665073568608601,0.07227431066939072,3,0.7992825167332861,0.2007174832667139,0.0,0.0
2021-03-19,92750.77802645446,-0.00023488523447266863,0.07249221973545539,3,0.7979910787992767,0.20200892120072333,0.0,0.0
2021-03-22,93551.74944678841,0.008635738021577508,0.06448250553211587,3,0.7974762988663664,0.2025237011336336,0.0,0.0
2021-03-23,93135.57662869286,-0.004448584024954781,0.06864423371307149,3,0.7947350085537203,0.20526499144627966,0.0,0.0
2021-03-24,92862.18826756768,-0.0029353805604823958,0.0713781173243232,3,0.7930226908183795,0.2069773091816205,0.0,0.0
2021-03-25,93133.01394772883,0.0029234234901538603,0.06866986052271162,3,0.8021554459159768,0.1978445540840231,0.0,0.0
2021-03-26,94272.42751585176,0.01223426065393337,0.05727572484148247,3,0.8052306805144724,0.19476931948552767,0.0,0.0
2021-03-29,94078.22698451749,-0.0020599928998499555,0.05921773015482512,3,0.8064853466874446,0.19351465331255535,0.0,0.0
2021-03-30,93972.32975438109,-0.0011256295269448662,0.0602767024561891,3,0.8052521933203045,0.19474780667969552,0.0,0.0
2021-03-31,94176.94382714284,0.002177386399768393,0.05823056172857166,3,0.8067595262119874,0.19324047378801248,0.0,0.0
2021-04-01,95302.53037363208,0.01195866742992882,0.04697469626367923,3,0.7990833103060789,0.20091668969392107,0.0,0.0
2021-04-05,96312.0437092586,0.010592723316671236,0.0368795629074139,3,0.8020567337128048,0.1979432662871951,0.0,0.0
2021-04-06,96395.9126986879,0.0008708047944913896,0.03604087301312098,3,0.8008855045446802,0.19911449545531973,0.0,0.0
2021-04-07,96351.57371303484,-0.00045996748629429334,0.03648426286965156,3,0.8021813238960046,0.19781867610399542,0.0,0.0
2021-04-08,96875.81660816801,0.005440937547055943,0.031241833918319917,3,0.8016276138702184,0.19837238612978159,0.0,0.0
2021-04-09,97368.91279654215,0.0050916181653481,0.026310872034578492,3,0.8017340220302547,0.19826597796974532,0.0,0.0
2021-04-12,97388.94705895515,0.000205756250507447,0.026110529410448557,3,0.8018612307768913,0.19813876922310872,0.0,0.0
2021-04-13,97765.00302115444,0.0038613823596597156,0.022349969788455604,3,0.8011444265701955,0.19885557342980462,0.0,0.0
2021-04-14,97435.73287474138,-0.003367975617428285,0.025642671252586124,3,0.8011063254823709,0.19889367451762902,0.0,0.0
2021-04-15,98598.5412079509,0.011934105680760532,0.01401458792049104,3,0.8001628881470723,0.19983711185292777,0.0,0.0
2021-04-16,98709.01579464342,0.00112061156149136,0.012909842053565823,3,0.8017754153398012,0.19822458466019877,0.0,0.0
2021-04-19,98263.99659059836,-0.004508394703994338,0.01736003409401643,3,0.801449573498981,0.19855042650101892,0.0,0.0
2021-04-20,97777.31888817443,-0.0049527570555836205,0.02222681111825575,3,0.7995416423894991,0.20045835761050088,0.0,0.0
2021-04-21,98556.38818102326,0.00796779152576106,0.014436118189767422,3,0.8007270455743012,0.19927295442569884,0.0,0.0
2021-04-22,97921.35275750405,-0.006443371507819482,0.020786472424959457,3,0.7985594352689309,0.2014405647310691,0.0,0.0
2021-04-23,98724.52340145543,0.008203653652662601,0.01275476598544567,3,0.8020937176027194,0.1979062823972807,0.0,0.0
2021-04-26,98861.91873455967,0.0013917041923366459,0.011380812654403272,3,0.8026509075465124,0.1973490924534877,0.0,0.0
2021-04-27,98674.63962186083,-0.001894350373693182,0.013253603781391732,3,0.8040011343471605,0.19599886565283953,0.0,0.0
2021-04-28,98664.39303252658,-0.00010384217640438756,0.013356069674734128,3,0.8038536006546418,0.19614639934535824,0.0,0.0
2021-04-29,99112.65105171544,0.004543260292911103,0.008873489482845609,3,0.8053176524844693,0.19468234751553082,0.0,0.0
2021-04-30,98637.00504570539,-0.00479375216850948,0.013629949542946163,3,0.7985717676725171,0.20142823232748286,0.0,0.0
2021-05-03,98818.78867042603,0.0018429556395837962,0.011812113295739723,3,0.7988218401264081,0.20117815987359192,0.0,0.0
2021-05-04,98466.69562995863,-0.003563017167126707,0.015333043700413662,3,0.796732277086051,0.20326772291394907,0.0,0.0
2021-05-05,98524.24430168902,0.0005844480853369245,0.014757556983109876,3,0.7965159993851376,0.20348400061486224,0.0,0.0
2021-05-06,99183.93900244002,0.006695760068262729,0.008160609975599753,3,0.7975366640099066,0.20246333599009328,0.0,0.0
2021-05-07,99663.35604537166,0.0048360909305733,0.0033664395462833507,3,0.8019441637077016,0.19805583629229845,0.0,0.0
2021-05-10,98672.01021183656,-0.009946944121405975,0.013279897881634417,3,0.8019801934152008,0.19801980658479926,0.0,0.0
2021-05-11,97855.18599393513,-0.008278175504358509,0.021448140060648768,3,0.8014573061442066,0.19854269385579337,0.0,0.0
2021-05-12,95984.84134286859,-0.019113393246040663,0.040151586571314124,3,0.7997153957485195,0.20028460425148045,0.0,0.0
2021-05-13,96936.69883859754,0.009916748128267603,0.03063301161402454,3,0.8013748938882205,0.19862510611177941,0.0,0.0
2021-05-14,98308.6509671425,0.014154466875117361,0.01691349032857503,3,0.8009473447619095,0.19905265523809054,0.0,0.0
2021-05-17,98066.89957284389,-0.0024591060086809227,0.019331004271561092,3,0.8008787360036477,0.19912126399635238,0.0,0.0
2021-05-18,97340.28390919375,-0.0074093875386609396,0.026597160908062523,3,0.799905562555624,0.2000944374443761,0.0,0.0
2021-05-19,97089.02469360582,-0.0025812459702944605,0.0291097530639417,3,0.7998729718387505,0.20012702816124953,0.0,0.0
2021-05-20,98084.3549781643,0.010251728119625703,0.0191564502183571,3,0.8002737921174861,0.199726207882514,0.0,0.0
2021-05-21,98082.99644864892,-1.3576835541539975e-05,0.01917003551351082,3,0.7993559914312505,0.20064400856874962,0.0,0.0
2021-05-24,98955.14559614223,0.008891950481446914,0.010448544038577645,3,0.8003877217801855,0.19961227821981453,0.0,0.0
2021-05-25,98962.40490768808,7.33596166436255e-05,0.01037595092311927,3,0.798553298978213,0.20144670102178683,0.0,0.0
2021-05-26,99084.9239767224,0.0012380364962695778,0.009150760232775945,3,0.7991487410229073,0.20085125897709272,0.0,0.0
2021-05-27,99046.44860913568,-0.0003883069799373851,0.009535513908643156,3,0.7998788862040696,0.20012111379593045,0.0,0.0
2021-05-28,99156.73950915689,0.00111364830158688,0.008432604908431118,3,0.8005394969783367,0.19946050302166327,0.0,0.0
2021-06-01,99082.37744420944,-0.000749944636295469,0.009176225557905537,3,0.8004345874998,0.19956541250019993,0.0,0.0
2021-06-02,99252.87443389333,0.0017207599785329572,0.007471255661066656,3,0.8003161107816127,0.19968388921838737,0.0,0.0
2021-06-03,98883.68447309425,-0.0037196903656928387,0.011163155269057423,3,0.8003229030760497,0.19967709692395025,0.0,0.0
2021-06-04,99877.87119753506,0.010054102754548102,0.0012212880246493807,3,0.7996032901250307,0.20039670987496913,0.0,0.0
2021-06-07,99738.9235700523,-0.0013907791424232,0.002610764299477042,3,0.8003369260735951,0.19966307392640495,0.0,0.0
2021-06-08,99895.85169448976,0.0015733889921845593,0.0010414830551024323,3,0.7992498603450635,0.20075013965493638,0.0,0.0
2021-06-09,99953.77437323806,0.0005798306713020819,0.00046225626761942085,3,0.7975948923955555,0.2024051076044445,0.0,0.0
2021-06-10,100445.74423957377,0.004921973876630643,0.0,3,0.7973780004960588,0.2026219995039413,0.0,0.0
2021-06-11,100545.23314759893,0.0009904740990106893,0.0,3,0.7979050702220196,0.2020949297779804,0.0,0.0
2021-06-14,100571.11248974937,0.00025948551903866,0.0,3,0.8015833417433255,0.19841665825667443,0.0,0.0
2021-06-15,100399.22945142246,-0.0017090696729085992,0.0017090696729086252,3,0.8014829127726691,0.1985170872273308,0.0,0.0
2021-06-16,99932.98606379042,-0.0046438940834465,0.00634502701781281,3,0.8007264113821781,0.19927358861782193,0.0,0.0
2021-06-17,100204.59843485567,0.0027179451126564747,0.0036443273403290455,3,0.7982911659237456,0.2017088340762543,0.0,0.0
2021-06-18,99505.58167396618,-0.0069758950368323846,0.010594799932155397,3,0.793054113431396,0.2069458865686039,0.0,0.0
2021-06-21,100311.27922045103,0.008104010735132922,0.0025835775588624044,3,0.8049295696895353,0.19507043031046453,0.0,0.0
2021-06-22,100790.75494403578,0.004779878467415586,0.0,3,0.8053832813217316,0.1946167186782684,0.0,0.0
2021-06-23,100642.38645163461,-0.0014720446580995124,0.0014720446580994695,3,0.8055984587629528,0.1944015412370472,0.0,0.0
2021-06-24,101153.43772215681,0.005077893008506979,0.0,3,0.8062700976848003,0.19372990231519965,0.0,0.0
2021-06-25,101239.65350346868,0.0008523267548126798,0.0,3,0.8084449184487049,0.19155508155129514,0.0,0.0
2021-06-28,101610.24580594627,0.00366902085407478,0.0,3,0.7986824331973378,0.2013175668026623,0.0,0.0
2021-06-29,101688.112671554,0.0007663288774681484,0.0,3,0.7985001295797632,0.20149987042023682,0.0,0.0
2021-06-30,101847.72852529831,0.0015696608930078034,0.0,3,0.7979198731316568,0.20208012686834326,0.0,0.0
2021-07-01,102298.78824697633,0.0044287656505365355,0.0,3,0.7987997879208084,0.20120021207919164,0.0,0.0
2021-07-02,103047.5979586304,0.007319829730986129,0.0,3,0.7990565045245457,0.20094349547545431,0.0,0.0
2021-07-06,103138.9058157876,0.0008870189131111401,0.0,3,0.797835175264016,0.202164824735984,0.0,0.0
2021-07-07,103614.43130017404,0.004610534508052158,0.0,3,0.7969801618503797,0.20301983814962035,0.0,0.0
2021-07-08,103024.00671559905,-0.005698285240445981,0.0056982852404459106,3,0.7950167398436554,0.20498326015634463,0.0,0.0
2021-07-09,103601.34339602821,0.005603904360106219,0.00012631352584380195,3,0.7990255979864981,0.20097440201350206,0.0,0.0
2021-07-12,103870.87570928814,0.002601629519702359,0.0,3,0.7998069349839263,0.20019306501607367,0.0,0.0
2021-07-13,103288.1284758838,-0.0050135046227768,0.005610304422919543,5,0.2003225461634343,0.5984080321864945,0.20126942165007114,0.0
2021-07-14,104244.84065991215,0.009262557063871368,0.0,5,0.19878020190010187,0.5996527136275916,0.20156708447230648,0.0
2021-07-15,104867.2686184016,0.005970827472604343,0.0,5,0.1969254752478938,0.6026686582120581,0.20040586654004805,0.0
2021-07-16,104382.17116903771,-0.004625823250237399,0.004625823250237415,5,0.19628887922103197,0.6043276099630797,0.1993835108158883,0.0
2021-07-19,105487.45236208227,0.010588792900797828,0.0,5,0.19136380869684252,0.6111088741740743,0.1975273171290832,0.0
2021-07-20,106428.59567491613,0.009536291138267481,0.0,3,0.8037990013595888,0.1962009986404111,0.0,0.0
2021-07-21,106856.70884291283,0.0040225389171193995,0.0,3,0.8070602827329206,0.1929397172670793,0.0,0.0
2021-07-22,107232.21624348912,0.0035141209629458727,0.0,3,0.8059184125215499,0.19408158747844995,0.0,0.0
2021-07-23,107982.09458430069,0.006993032197607946,0.0,3,0.8085554000487221,0.1914445999512778,0.0,0.0
2021-07-26,108135.16643357104,0.0014175669573703053,0.0,3,0.8093928745374369,0.19060712546256312,0.0,0.0
2021-07-27,108698.69020300276,0.00582423265630384,0.0,5,0.19793567132725717,0.6028913437597427,0.19917298491300003,0.0
2021-07-28,108803.49537610538,0.00096418064382278,0.0,5,0.1976639265491091,0.6023508331900586,0.19998524026083236,0.0
2021-07-29,108770.86307001517,-0.0002999196485131968,0.00029991964851316943,5,0.1985432591640842,0.599189954027632,0.2022667868082839,0.0
2021-07-30,108799.02529605603,0.00025891332702510865,4.108397468194358e-05,5,0.19752792224196564,0.601852480361327,0.20061959739670734,0.0
2021-08-02,109310.96892698013,0.004705406409028288,0.0,5,0.19619029066488913,0.6043766204824823,0.19943308885262867,0.0
2021-08-03,109507.73813488681,0.0018044710951720798,0.0,5,0.2012639715496867,0.5992375130873497,0.19949851536296354,0.0
2021-08-04,109539.43805930018,0.00028947656990524213,0.0,5,0.20021600959506608,0.600296147929079,0.1994878424758548,0.0
2021-08-05,109256.73048566576,-0.002580874784854882,0.002580874784854914,5,0.2020052969760944,0.5987811095341743,0.19921359348973128,0.0
2021-08-06,107656.68010061023,-0.014644867899149157,0.01718794611371577,5,0.20534636280425508,0.5975317919477414,0.19712184524800352,0.0
2021-08-09,107031.62391472912,-0.005806013944485147,0.0228941666033875,5,0.20637748804327175,0.5988659926107499,0.19475651934597832,0.0
2021-08-10,106975.7583603312,7.171136014510001e-05,0.023404170629222287,3,0.8009378473445913,0.19906215265540872,0.0,0.0
2021-08-11,107175.58738028645,0.001867984139753966,0.021579905109007758,3,0.8014309753232747,0.19856902467672527,0.0,0.0
2021-08-12,107398.14015441651,0.0020765248837908983,0.01954819143516562,3,0.8021672136866107,0.1978327863133893,0.0,0.0
2021-08-13,107890.5477139336,0.0045848797642967475,0.015052937778208597,3,0.7999593749942054,0.20004062500579464,0.0,0.0
2021-08-16,108146.06076952083,0.0023682617337777542,0.01272032534095191,3,0.7999484043329279,0.20005159566707198,0.0,0.0
2021-08-17,107881.03971552342,-0.00185174699043038,0.015139737551684074,5,0.19905754138100668,0.6008709841618917,0.20007147445710166,0.0
2021-08-18,107880.55387086429,-4.503522216782843e-06,0.015144172891756513,5,0.19687975488347806,0.602892090833206,0.2002281542833159,0.0
2021-08-19,108329.14926322119,0.004158260003873141,0.011048886296310845,5,0.1963680763610924,0.604817641592258,0.19881428204664964,0.0
2021-08-20,108553.58961297071,0.002071837093487846,0.008999940695293418,5,0.197521331991924,0.603968275299817,0.19851039270825913,0.0
2021-08-23,108961.07044907015,0.0037537297251268847,0.005279994315078862,5,0.19851364994405818,0.6013099935880472,0.20017635646789458,0.0
2021-08-24,108476.72664537173,-0.0044436289683513,0.009701632879960065,5,0.20121160654334347,0.5979909523568702,0.20079744109978634,0.0
2021-08-25,107832.58198679147,-0.0059380908559868535,0.015582114558454263,5,0.20283831539256567,0.5965661077026103,0.20059557690482407,0.0
2021-08-26,107906.1760534023,0.000682484507510398,0.014910264602724155,5,0.20150336816284534,0.5978104487894212,0.2006861830477335,0.0
2021-08-27,108864.95967638101,0.008885345195665178,0.006157402255012823,5,0.20151446971515496,0.5965771502860201,0.2019083799988248,0.0
2021-08-30,109022.40391833025,0.0014462343293680743,0.004720072972165812,5,0.2021083678923144,0.5972699448652624,0.2006216872424232,0.0
2021-08-31,108588.32250765066,-0.00397886069442914,0.008682859511609187,5,0.20050144936840497,0.598296464617327,0.2012020860142679,0.0
2021-09-01,108710.03163203502,0.0011208306894674599,0.007571760837554731,5,0.20038344372749212,0.5986278939941102,0.20098866227839782,0.0
2021-09-02,109003.17652607281,0.0026965762923335866,0.004895602375986852,5,0.20045938423247106,0.599624009610945,0.19991660615658385,0.0
2021-09-03,108636.51530348719,-0.0033637663990271484,0.008242901112238576,5,0.20108715056195015,0.596176331855051,0.2027365175829989,0.0
2021-09-07,107580.71518506989,-0.009718648609703824,0.01788143986250801,5,0.2023345633281193,0.5969485571639499,0.20071687950793082,0.0
2021-09-08,107939.60833443503,0.00333909773045132,0.01460505689283409,5,0.19909153525275577,0.6020732754572057,0.19883518929003863,0.0
2021-09-09,108728.94865467439,0.0073127958533414925,0.007399064838976344,5,0.19680021920464216,0.6049349166519393,0.19826486414341862,0.0
2021-09-10,107871.27036629003,-0.00788822387226755,0.015228923231348612,5,0.19680096422051208,0.6043687074054102,0.19883032837407774,0.0
2021-09-13,108392.84686498264,0.004835175268832316,0.010467382475495501,5,0.19635518099305338,0.6051084151036973,0.1985364039032494,0.0
2021-09-14,109211.6787015025,0.007554297725382512,0.00299215847373846,5,0.19383132873647588,0.6078521237289101,0.19831654753461403,0.0
2021-09-15,109035.37905928874,-0.0016064534332757999,0.004601621196363759,5,0.201994991844487,0.5988579409415908,0.1991470672139222,0.0
2021-09-16,108209.58013433154,-0.007573678672755894,0.012140448668804704,5,0.20321392248058476,0.6006627183305782,0.1961233591888371,0.0
2021-09-17,107649.52172647948,-0.005175682293164883,0.017253295856763273,5,0.20228128840197865,0.6008874803354028,0.19683123126261853,0.0
2021-09-20,108240.01211014435,0.005485304292992853,0.01186263114160191,5,0.19782331967536496,0.6050207168412696,0.19715596348336542,0.0
2021-09-21,108305.77161404438,0.0006075341513554763,0.01126230394379002,5,0.1975164385302277,0.6041332623124088,0.19835029915736346,0.0
2021-09-22,108823.31403101792,0.004782683382573221,0.00653759085284511,5,0.20098971792743867,0.6007055131423891,0.19830476893017218,0.0
2021-09-23,107362.7055789931,-0.013421833961135303,0.01987167835504766,5,0.20619929817193275,0.5951189636169667,0.19868173821110063,0.0
2021-09-24,106747.31753691337,-0.005731860414294071,0.02548963708281282,5,0.20772963026848115,0.5926998829196176,0.1995704868119013,0.0
2021-09-27,106495.66361282754,-0.0023574730484333625,0.027787018998809088,5,0.2076247614800452,0.5919166632614462,0.20045857525850863,0.0
2021-09-28,104860.77216022619,-0.015351718531424098,0.04271215903573611,5,0.2066126178912484,0.591781552290794,0.20160582981795755,0.0
2021-09-29,104889.36454456166,0.0004661475061769801,0.04245113538213663,2,0.4004866019493409,0.40050711553789237,0.1990062825127667,0.0
2021-09-30,104745.37036847493,-0.0013728196058005314,0.04376567723699598,2,0.3961355357942697,0.40100222141634506,0.20286224278938525,0.0
2021-10-01,105639.87639838074,0.00853981447350937,0.035599613527398044,2,0.3974491938576099,0.40095311241420223,0.20159769372818787,0.0
2021-10-04,105090.17778243175,-0.005203514380081334,0.04061788480656425,2,0.3943757305061994,0.40202400080615297,0.20360026868764766,0.0
2021-10-05,105013.82011455901,-0.000726591861237638,0.04131496404328083,2,0.3987689690908223,0.39843148105553117,0.20279954985364654,0.0
2021-10-06,105439.13660997807,0.00445311797497856,0.03743219357307981,3,0.7997634040274744,0.20023659597252558,0.0,0.0
2021-10-07,105947.41500069339,0.004820585667307346,0.0327920530016067,3,0.802807910791107,0.19719208920889286,0.0,0.0
2021-10-08,105646.07267659288,-0.002844263110133756,0.035543046885082474,3,0.8036296112826942,0.19637038871730583,0.0,0.0
2021-10-11,104978.78500127689,-0.006316256330310756,0.041634804220506805,3,0.8028828251740292,0.19711717482597083,0.0,0.0
2021-10-12,105125.14923672366,0.0013942267996813794,0.04029862578066912,3,0.7997912262138557,0.20020877378614432,0.0,0.0
2021-10-13,105632.19522326611,0.0048234703442709605,0.03566973598968848,3,0.7990241117138955,0.20097588828610435,0.0,0.0
2021-10-14,107130.76674889417,0.014186693010219485,0.02198907857371024,3,0.8010991659433955,0.19890083405660444,0.0,0.0
2021-10-15,107660.2174237518,0.004942097316437866,0.017155653423482464,3,0.8032305957354405,0.1967694042645595,0.0,0.0
2021-10-18,108015.56997245678,0.0033006857798392733,0.01391159306494194,3,0.8029582616358389,0.19704173836416092,0.0,0.0
2021-10-19,108391.07363505721,0.0034763845869274,0.010483570525725128,3,0.8063497093684087,0.19365029063159145,0.0,0.0
2021-10-20,108584.63169661044,0.0017920991117629202,0.008716553413144701,3,0.8017054247718955,0.1982945752281044,0.0,0.0
2021-10-21,108786.06057627367,0.0018550404096413131,0.0068776825623175775,3,0.802308252138839,0.19769174786116103,0.0,0.0
2021-10-22,108932.47170002067,0.0013458629071723463,0.005541076072993256,3,0.8003997083980828,0.19960029160191706,0.0,0.0
2021-10-25,109366.84546238602,0.003987550778812155,0.0015756206163914932,3,0.8014959533985961,0.1985040466014038,0.0,0.0
2021-10-26,109625.27511780863,0.002362961593433802,0.0,3,0.8003262898058574,0.19967371019414268,0.0,0.0
2021-10-27,109635.61463572469,9.464323715500043e-05,0.0,3,0.7963804388622793,0.2036195611377207,0.0,0.0
2021-10-28,110402.52307910589,0.006995066757543252,0.0,3,0.7984792637303303,0.20152073626966968,0.0,0.0
2021-10-29,110649.40295499664,0.0022361796542806284,0.0,3,0.7983143003234955,0.2016856996765046,0.0,0.0
2021-11-01,110640.66433069704,-7.897579260462792e-05,7.897579260462972e-05,3,0.7997506596150384,0.20024934038496156,0.0,0.0
2021-11-02,111096.76159377428,0.004122329397028931,0.0,3,0.7996875311423152,0.20031246885768475,0.0,0.0
2021-11-03,110292.62774582891,-0.0066424352602299,0.0072381394057703385,5,0.20256656549570823,0.5977702613271337,0.19966317317715804,0.0
2021-11-04,111340.63159431319,0.009502029917171145,0.0,5,0.2016055474909955,0.5983675703324879,0.20002688217651668,0.0
2021-11-05,112705.82271322499,0.012261391904853574,0.0,5,0.19985453264551178,0.5999601953396373,0.20018527201485092,0.0
2021-11-08,112679.25113964721,-0.00023576043311785818,0.00023576043311790418,5,0.20007230164118814,0.5989760606103883,0.2009516377484235,0.0
2021-11-09,113594.98126936385,0.00812687447293848,0.0,5,0.1978034915860497,0.6018824858029078,0.2003140226110424,0.0
2021-11-10,112412.56689613525,-0.010406863439978901,0.010409037089629702,5,0.20047736597900034,0.5952247778304024,0.20429785619059723,0.0
2021-11-11,112449.14812824265,0.0003254194181083981,0.01008700497431414,5,0.2004769527008585,0.5941475300543567,0.20537551724478476,0.0
2021-11-12,112369.625523527,-0.0007071872578791968,0.01078705883080533,5,0.2021329045654126,0.5919567219746541,0.20591037345993338,0.0
2021-11-15,111506.30148204553,-0.007682895065808516,0.01838707805554818,5,0.20376760269657537,0.5890489521168585,0.2071834451865661,0.0
2021-11-16,111262.04529747648,-0.0021905146285241092,0.020537315520615884,5,0.20502318894320193,0.5888405584114825,0.20613625264531554,0.0
2021-11-17,111688.19091593358,0.00402586948063428,0.016785867932921916,2,0.3974283446736442,0.4015534914284272,0.20101816389792868,0.0
2021-11-18,111935.54510632997,0.0022146852623173216,0.014608358084930884,2,0.3978969530738355,0.4021727641375622,0.1999302827886023,0.0
2021-11-19,112160.08990813456,0.0020060187457996014,0.01263164397929506,2,0.3963902771827003,0.4056053724350033,0.19800435038229627,0.0
2021-11-22,111003.45728400302,-0.010312336813200509,0.022813719025276735,2,0.39939307358609183,0.40502501756028725,0.19558190885362092,0.0
2021-11-23,110224.32317002579,-0.007019007633102912,0.0296725969904017,2,0.40274954663254614,0.4019902654728768,0.195260187894577,0.0
2021-11-24,110769.64970767507,0.005346799159574361,0.024871975241486877,3,0.7978696625718324,0.2021303374281675,0.0,0.0
2021-11-26,109364.29980473923,-0.012687138639912669,0.03724355968326232,3,0.7900989129989373,0.2099010870010627,0.0,0.0
2021-11-29,110239.71444109379,0.008004574051290304,0.029537104463390307,3,0.7934396659503253,0.20656033404967458,0.0,0.0
2021-11-30,108883.94807043092,-0.01229834799134315,0.041472194865386,3,0.7876883832135335,0.2123116167864664,0.0,0.0
2021-12-01,108073.93090508132,-0.007439270707061881,0.04860294268802823,3,0.7847776455598686,0.21522235444013135,0.0,0.0
2021-12-02,109423.4541307994,0.012502450150199861,0.036722811975932856,3,0.8022231647238305,0.1977768352761695,0.0,0.0
2021-12-03,108917.86988163677,-0.004620437667396959,0.04117357417962342,3,0.798934270108813,0.20106572989118698,0.0,0.0
2021-12-06,109647.66222574466,0.006700391266382409,0.034749061970079986,3,0.8030158211076501,0.19698417889235,0.0,0.0
2021-12-07,111294.41712276485,0.015018604716166428,0.0202523396798997,3,0.8074985369191827,0.19250146308081714,0.0,0.0
2021-12-08,111162.06735398756,-0.00118918605442087,0.02141744193440387,3,0.8106006329744776,0.18939936702552237,0.0,0.0
2021-12-09,110684.83191601357,-0.0042825948418255605,0.02561864371850675,3,0.7980163409089671,0.2019836590910329,0.0,0.0
2021-12-10,111462.37388775763,0.007024828590190551,0.018773781709151782,3,0.7999091682374433,0.20009083176255668,0.0,0.0
2021-12-13,111002.19462189479,-0.0041285615029717886,0.02282483449969397,3,0.7961102399454721,0.2038897600545279,0.0,0.0
2021-12-14,110340.24949859371,-0.0059633516756659455,0.028652073660299426,3,0.7953760199935243,0.20462398000647572,0.0,0.0
2021-12-15,111494.28422729127,0.01045887365618349,0.01849286842251663,3,0.7994424218351776,0.2005575781648225,0.0,0.0
2021-12-16,110716.34964543326,-0.00697679575411034,0.025341186659510906,3,0.7985164275227982,0.2014835724772018,0.0,0.0
2021-12-17,110028.1969335766,-0.006215457012992698,0.031399136616163115,3,0.7949588810057557,0.2050411189942443,0.0,0.0
2021-12-20,108929.08550090094,-0.009989361484667303,0.04107484077486523,3,0.7944417363590845,0.20555826364091548,0.0,0.0
2021-12-21,110380.67275030799,0.01332598398978611,0.02829621945562788,3,0.7979172758964835,0.20208272410351646,0.0,0.0
2021-12-22,111364.4876177851,0.008912926900731965,0.0196354946904711,3,0.7987757972127073,0.20122420278729275,0.0,0.0
2021-12-23,111260.96042708012,-0.0005310607875378599,0.020546865858000807,2,0.40270273710522525,0.3967399511750814,0.20055731171969332,0.0
2021-12-27,112054.880341664,0.007135655773025879,0.013557825446952276,2,0.4055082949408562,0.3948839566279759,0.19960774843116774,0.0
2021-12-28,111745.97069098505,-0.0027567710548353826,0.016277220681029103,2,0.40629698174729734,0.3944061764736326,0.19929684177907003,0.0
2021-12-29,111315.98243656527,-0.0038479083564349295,0.020062495783986,2,0.408388187107652,0.3916044541666751,0.20000735872567296,0.0
2021-12-30,111715.66266209743,0.0035905017121859394,0.016544028497263108,2,0.40580213951731914,0.39347569913076214,0.20072216135191878,0.0
2021-12-31,111920.29945250298,0.0020387098927635,0.014742568713399073,5,0.19909003252822968,0.5999533421332061,0.20095662533856437,0.0
2022-01-03,109940.69120823593,-0.01768766036144453,0.03216946752658578,5,0.20384835537614304,0.5947236952983023,0.20142794932555472,0.0
2022-01-04,109824.43176026289,-0.0010574742317460129,0.033192923375373384,5,0.20399584379512872,0.5928775837413898,0.20312657246348154,0.0
2022-01-05,108973.73672210329,-0.007745954379409713,0.040681766884598236,5,0.20164058913143715,0.5942628524445804,0.20409655842398236,0.0
2022-01-06,108848.41133006087,-0.0011500513409209295,0.04178503210496243,5,0.20168307167634386,0.5964872395586103,0.2018296887650458,0.0
2022-01-07,108391.57555788878,-0.00419349268967902,0.04580665143239404,5,0.20004820466647105,0.5981955042650549,0.201756291068474,0.0
2022-01-10,108590.65087386615,0.001836630890848696,0.04405415045257244,5,0.1994329889955823,0.5985683363148768,0.20199867468954089,0.0
2022-01-11,109485.50173702839,0.008240588448094402,0.036176594127788064,5,0.1996046252281292,0.5976305571809416,0.2027648175909292,0.0
2022-01-12,109352.56062203,-0.0012142348794063533,0.0373469021247862,5,0.2003875913825786,0.5960646052681315,0.20354780334928993,0.0
2022-01-13,109553.89456060491,0.001841145167791658,0.03557451802537348,5,0.19726335150444949,0.600253096302234,0.20248355219331657,0.0
2022-01-14,108506.28617527233,-0.00955978283707428,0.044796830258062914,5,0.20201300232515057,0.5966380807363584,0.20134891693849113,0.0
2022-01-18,107170.83797701531,-0.01230756526031901,0.05655305560652535,5,0.20090810615829946,0.5955703999112484,0.20352149393045202,0.0
2022-01-19,107735.5585410844,0.005269349150654401,0.051581704251398186,5,0.19777980224915911,0.5965504211246696,0.20566977662617117,0.0
2022-01-20,107840.71555464702,0.0009760659803189003,0.050655985417805915,5,0.1954000269789394,0.5996441916403271,0.20495578138073348,0.0
2022-01-21,108124.8844648671,0.00263507997659815,0.04815438801407701,5,0.19106076166167962,0.6051890107464334,0.20375022759188696,0.0
2022-01-24,108143.57322838351,0.0005282208693273751,0.047989866982359075,4,0.2509291167914289,0.24781527948168738,0.25124083902928235,0.2500147646976015
2022-01-25,107843.16933511036,-0.0027778247408077154,0.050634384283355094,4,0.2485559725581485,0.2481042807037509,0.2527461743710008,0.2505935723670998
2022-01-26,106964.07112681206,-0.00815163550661793,0.05837326674519305,4,0.24997007640404426,0.2471182161137184,0.25070380827538963,0.25220789920684783
2022-01-27,106949.31454627792,-0.00013795829177673676,0.058503171960804234,4,0.24877001602335816,0.2516907073559538,0.24750432289660976,0.25203495372407836
2022-01-28,107550.0356880752,0.005616876969672716,0.053214900110371,4,0.2535242923812078,0.25037245654841694,0.24538763272898062,0.2507156183413948
2022-01-31,108054.08414237283,0.0046912754467223,0.04877765782497101,4,0.2533144044733568,0.24754606221573622,0.2503068758472091,0.2488326574636979
2022-02-01,108170.56644441251,0.0010779999938382982,0.04775224014596746,4,0.2547514338594601,0.246458616674584,0.2502455875798886,0.24854436188606735
2022-02-02,108633.03705775073,0.0042753831152013404,0.04368101615199915,4,0.25613107434395693,0.24624067272061492,0.2500837721293698,0.24754448080605837
2022-02-03,107709.44079585648,-0.008501983253982461,0.05181162413814033,4,0.25225534383855835,0.24641350469154638,0.251869693395739,0.24946145807415632
2022-02-04,107433.94189201023,-0.0025577971792500563,0.054236897691317565,4,0.25409146193796545,0.24340341284673947,0.2529049759619648,0.2496001492533302
2022-02-07,107200.98888551991,-0.0016666695265256,0.05628763095336131,1,0.5990728562859179,0.4009271437140821,0.0,0.0
2022-02-08,107442.03880166535,0.002248579221623166,0.054165618929134296,1,0.6026469456534969,0.39735305434650303,0.0,0.0
2022-02-09,108470.03277141695,0.009567893361082215,0.04511597643380283,1,0.6056721851069481,0.39432781489305185,0.0,0.0
2022-02-10,106609.98230940834,-0.017148058449732096,0.06149038348263136,1,0.605168371701867,0.39483162829813306,0.0,0.0
2022-02-11,105961.95540613636,-0.006078482420072597,0.06719509768770116,1,0.5968633938994525,0.4031366061005475,0.0,0.0
2022-02-14,105399.72722312718,-0.00510384399679694,0.07214450809938122,3,0.8014749873223698,0.19852501267763023,0.0,0.0
2022-02-15,106524.51157566349,0.010671605915594065,0.062242799943198146,3,0.805801173772379,0.194198826227621,0.0,0.0
2022-02-16,106743.30110711297,0.0020538890834911074,0.060316750667036345,3,0.8050506740964292,0.19494932590357075,0.0,0.0
2022-02-17,105062.43847612948,-0.01574677392913689,0.07511373035927926,3,0.800458397609069,0.19954160239093097,0.0,0.0
2022-02-18,104738.61104727084,-0.003082237891634445,0.07796444986501827,3,0.7977343874458859,0.20226561255411413,0.0,0.0
2022-02-22,104498.4248284365,-0.0017464187106346499,0.0800788585840514,4,0.2477496962102981,0.2510896332771401,0.25096054165115456,0.2502001288614072
2022-02-23,103780.28161291018,-0.006872287469455674,0.08640082111709146,4,0.24503888888926587,0.24934274330139702,0.2538361125840667,0.25178225522527026
2022-02-24,104031.81213152333,0.002423683138106301,0.08418654619224519,4,0.24812519439745118,0.24890371915672307,0.25158906411363674,0.25138202233218904
2022-02-25,104533.10704752644,0.0048186694601584906,0.07977354387117952,4,0.25238365447518524,0.2478912314409789,0.24954860963329184,0.25017650445054396
2022-02-28,105350.43652128858,0.007818857554769952,0.07257842429257744,4,0.24978486808118128,0.25135930555494773,0.25017915211031044,0.2486766742535608
2022-03-01,104253.05030457201,-0.00987174867644334,0.08223894102011109,3,0.7956706109132591,0.20432938908674095,0.0,0.0
2022-03-02,105050.8682545578,0.007652706061405326,0.07521558540113393,3,0.8041538901200492,0.19584610987995082,0.0,0.0
2022-03-03,104839.83975549525,-0.0020088220361129928,0.07707331271183393,3,0.8017608817669483,0.19823911823305174,0.0,0.0
2022-03-04,104515.7304743118,-0.003091470589227687,0.07992651342159862,3,0.7977131480536579,0.20228685194634208,0.0,0.0
2022-03-07,101896.63098572861,-0.02505938079078837,0.10298298527727512,3,0.7940967740055213,0.20590322599447866,0.0,0.0
2022-03-08,101072.99532172413,-0.00807719544588486,0.11023361954650768,3,0.8003996018833968,0.19960039811660324,0.0,0.0
2022-03-09,103044.25709620643,0.019503347736035685,0.09288019642468937,3,0.8061365697741462,0.19386343022585387,0.0,0.0
2022-03-10,102382.16050662038,-0.0064253613762083935,0.09870876897417591,3,0.8076861906658548,0.19231380933414524,0.0,0.0
2022-03-11,101396.60804018288,-0.00962621282419379,0.10738479018061009,3,0.8051670257952067,0.19483297420479334,0.0,0.0
2022-03-14,100338.68293261527,-0.010433535480283194,0.11669792264250112,3,0.8077099106203972,0.1922900893796028,0.0,0.0
2022-03-15,102068.04469866237,0.01724308768112982,0.10147399508230082,3,0.8037333710243111,0.19626662897568886,0.0,0.0
2022-03-16,104083.60654702391,0.019747236799843974,0.08373058929237331,3,0.805646405789164,0.19435359421083598,0.0,0.0
2022-03-17,104981.91167454362,0.008630611076239445,0.07582262436750054,3,0.8087457048858794,0.19125429511412056,0.0,0.0
2022-03-18,106157.06339179873,0.01119384947854833,0.06547752193319034,3,0.8085529706041,0.19144702939589994,0.0,0.0
2022-03-21,105661.35885012943,-0.004669538943817483,0.06984131103839608,3,0.8121088367773769,0.1878911632226231,0.0,0.0
2022-03-22,106378.42449132208,0.0067986422244309406,0.06352883461399939,3,0.8038955917524782,0.19610440824752182,0.0,0.0
2022-03-23,105734.28501912655,-0.006055170259154093,0.06919932696320019,3,0.798377131653354,0.20162286834664606,0.0,0.0
2022-03-24,106839.80416974748,0.010455635562494627,0.05946721434460256,3,0.802026334772908,0.19797366522709203,0.0,0.0
2022-03-25,106964.85236566531,0.001170427041584252,0.058366389338774916,3,0.8050009961299988,0.19499900387000135,0.0,0.0
2022-03-28,107755.65354580473,0.007393093737333757,0.05140480378893264,3,0.8047771127442185,0.19522288725578157,0.0,0.0
2022-03-29,108984.32118714634,0.01140718128256628,0.04058858966035139,3,0.8007623117120624,0.19923768828793761,0.0,0.0
2022-03-30,108614.83971293805,-0.0033902259534546544,0.0438412111237253,3,0.7985248680222932,0.2014751319777068,0.0,0.0
2022-03-31,107333.07528735626,-0.01180100646439665,0.05512484717224386,3,0.7956237539658687,0.20437624603413126,0.0,0.0
2022-04-01,107658.59848697472,0.003032832132564594,0.05225919944748614,3,0.795466036851397,0.20453396314860298,0.0,0.0
2022-04-04,108239.2183039644,0.005393157863372308,0.04714788369654743,3,0.7979769480401483,0.20202305195985173,0.0,0.0
2022-04-05,106656.144107003,-0.0146237052558754,0.06108401167747923,3,0.8016174554497827,0.1983825445502174,0.0,0.0
2022-04-06,105629.94456630578,-0.009621569852250371,0.07011785744451904,3,0.8013115432037934,0.19868845679620667,0.0,0.0
2022-04-07,105898.40476109956,0.0025415160056745873,0.0677545470958234,3,0.8033079629277613,0.19669203707223876,0.0,0.0
2022-04-08,105445.33453508616,-0.0042783479792306576,0.07174301754540291,3,0.804602328247983,0.195397671752017,0.0,0.0
2022-04-11,103669.14053108824,-0.016844690301654905,0.08737921893519929,3,0.8043996208203436,0.1956003791796565,0.0,0.0
2022-04-12,103360.28274329279,-0.00277543215394242,0.09009815760963835,1,0.5994405463435375,0.4005594536564625,0.0,0.0
2022-04-13,104154.11247098655,0.007680220164115888,0.08310991113234567,1,0.6016852849239228,0.39831471507607713,0.0,0.0
2022-04-14,102542.15756147758,-0.01547663237933122,0.09730028197000262,1,0.6035338392711133,0.3964661607288867,0.0,0.0
2022-04-18,102365.5935338274,-0.0017218676869006652,0.09885461144545282,1,0.6048233667547351,0.3951766332452648,0.0,0.0
2022-04-19,103062.02539158771,0.006803378300445977,0.09272377846341384,1,0.6104339593339867,0.3895660406660134,0.0,0.0
2022-04-20,103396.11802459644,0.00343188231215452,0.08978269225277835,3,0.7966726026195624,0.20332739738043776,0.0,0.0
2022-04-21,102008.8135675089,-0.013417374690580902,0.10199541892067465,3,0.7954321179643346,0.20456788203566545,0.0,0.0
2022-04-22,99651.03439192056,-0.02311348493459303,0.12275143427664725,3,0.791909948163497,0.20809005183650295,0.0,0.0
2022-04-25,100315.93050087191,0.006672244929604567,0.11689821698199665,3,0.7912218982215196,0.20877810177848036,0.0,0.0
2022-04-26,98228.07859893538,-0.020812765146193662,0.1352780069921352,3,0.7846379059848267,0.21536209401517326,0.0,0.0
2022-04-27,98195.55894050858,-0.00031570551197669997,0.13556428423839573,3,0.8025027796451636,0.19749722035483636,0.0,0.0
2022-04-28,100214.93858218967,0.020564877510443468,0.1177872696281057,3,0.8061942389812287,0.1938057610187713,0.0,0.0
2022-04-29,96977.24235011585,-0.03230752099317496,0.14628937593504188,3,0.802321943779934,0.19767805622006593,0.0,0.0
2022-05-02,97113.29442019663,0.0014029278084603484,0.14509168156016305,3,0.8060206027895387,0.19397939721046129,0.0,0.0
2022-05-03,97599.11931391954,0.0050026610323896156,0.14081486502923823,3,0.8056849503345443,0.1943150496654556,0.0,0.0
2022-05-04,100083.83284801016,0.02546418990678144,0.118941420390001,3,0.8038917962774353,0.19610820372256466,0.0,0.0
2022-05-05,96686.42592659267,-0.03394561164116169,0.14884949276655557,3,0.8025626533119699,0.19743734668803012,0.0,0.0
2022-05-06,95941.97941623289,-0.0076995969519546995,0.15540300861770473,3,0.8039625763179884,0.19603742368201152,0.0,0.0
2022-05-09,93637.81961290326,-0.024016179542568197,0.17568700160385486,3,0.7973715133886264,0.20262848661137353,0.0,0.0
2022-05-10,93982.41235506706,0.003680059441669389,0.17265348077121634,3,0.7962835523939475,0.20371644760605231,0.0,0.0
2022-05-11,93149.91814699389,-0.00885429517229674,0.17998209862713288,3,0.7943243582152999,0.20567564178470019,0.0,0.0
2022-05-12,93036.93714518352,-0.0012128942682707341,0.18097669363958746,3,0.7944587019047364,0.20554129809526353,0.0,0.0
2022-05-13,94521.39861462306,0.01595561413552384,0.16790867379529972,3,0.8006771316745414,0.19932286832545876,0.0,0.0
2022-05-16,94194.83331287136,-0.003454935142074613,0.17078349535961979,3,0.8001930437836635,0.19980695621633648,0.0,0.0
2022-05-17,95517.87398390572,0.014045788123429812,0.1591364960269901,3,0.8053415283072196,0.19465847169278042,0.0,0.0
2022-05-18,92844.23291129024,-0.027985810700922844,0.18267310867253972,3,0.7898554566614047,0.2101445433385954,0.0,0.0
2022-05-19,92441.84076123433,-0.0043340564883591086,0.18621544958900793,3,0.7884351812161342,0.2115648187838658,0.0,0.0
2022-05-20,92695.62244315198,0.002745311861250553,0.1839813572102622,3,0.7866197049965534,0.21338029500344652,0.0,0.0
2022-05-23,93734.45454568793,0.011206916520497316,0.174836304401348,3,0.7924566205321519,0.20754337946784807,0.0,0.0
2022-05-24,93551.28696847388,-0.0019541115174971776,0.17644876628273787,3,0.7879469369797991,0.21205306302020094,0.0,0.0
2022-05-25,94285.3438392884,0.00785871937765048,0.1699867125668798,3,0.8007748437771541,0.1992251562228458,0.0,0.0
2022-05-26,95708.94366114476,0.01509884531240527,0.15745447033268622,3,0.8046263102003274,0.19537368979967254,0.0,0.0
2022-05-27,97645.11385364187,0.02022977287631639,0.14040996562956076,3,0.8080328641062814,0.19196713589371864,0.0,0.0
2022-05-31,96805.75014634048,-0.0085960646075901,0.14779905710104968,3,0.8104659699771378,0.1895340300228622,0.0,0.0
2022-06-01,96150.16626321786,-0.00677215849401065,0.1535702969551067,3,0.8093918097881939,0.19060819021180617,0.0,0.0
2022-06-02,97624.01889692662,0.0153381898945325,0.14059566887524588,3,0.8029196030627107,0.19708039693728932,0.0,0.0
2022-06-03,96296.23276316651,-0.01360101897835219,0.15228444349295167,3,0.8006316766514215,0.19936832334857849,0.0,0.0
2022-06-06,96176.89274752513,-0.0012393009800796893,0.1533350182129597,3,0.8040659732390925,0.19593402676090754,0.0,0.0
2022-06-07,97122.19841981266,0.009828823174492286,0.14501329781894023,3,0.8038774997990961,0.19612250020090394,0.0,0.0
2022-06-08,96104.59135349141,-0.01047759505939742,0.153971502265563,3,0.8035569899522069,0.19644301004779302,0.0,0.0
2022-06-09,94339.74999038888,-0.01836026532672014,0.16950776402098,3,0.7955807027359368,0.20441929726406316,0.0,0.0
2022-06-10,92043.88184485056,-0.024336169491356707,0.18971876383702124,3,0.7917813257803937,0.20821867421960635,0.0,0.0
2022-06-13,88675.43342481916,-0.036596114293715586,0.21937190856569477,3,0.7906537247299829,0.20934627527001706,0.0,0.0
2022-06-14,88230.01537664457,-0.005023015179871914,0.22329301531880363,3,0.7922507388602763,0.2077492611397237,0.0,0.0
2022-06-15,89568.48331056612,0.015170210820068123,0.21151020661577047,3,0.7915374187920606,0.20846258120793926,0.0,0.0
2022-06-16,87338.48484752123,-0.024888881282491237,0.2311413420596593,3,0.793266667286213,0.2067333327137871,0.0,0.0
2022-06-17,87546.02819660082,0.0023763103910253787,0.22931429524156577,3,0.7930922218849481,0.20690777811505195,0.0,0.0
2022-06-21,88986.81894399846,0.016457522712076428,0.21663071775163123,3,0.7998929457682591,0.2001070542317409,0.0,0.0
2022-06-22,89347.4619612085,0.004052768954883043,0.21345590304432605,3,0.7952199537803494,0.2047800462196506,0.0,0.0
2022-06-23,90194.24582575307,0.009477424942548643,0.2060014904014239,3,0.7954760251561225,0.2045239748438775,0.0,0.0
2022-06-24,92238.21872381902,0.02266652561499856,0.18800797629344446,3,0.8071400384423667,0.1928599615576332,0.0,0.0
2022-06-27,91802.12039250108,-0.004727956993875991,0.19184703966089944,3,0.8078764882401542,0.1921235117598457,0.0,0.0
2022-06-28,90368.90594968657,-0.01561199715961668,0.20446392138224923,3,0.8039201122627679,0.19607988773723206,0.0,0.0
2022-06-29,90586.3084734662,0.002405722648680515,0.2025500822200761,3,0.8013376092088975,0.1986623907911026,0.0,0.0
2022-06-30,90154.60539903808,-0.0047656547849564655,0.20635045323650725,3,0.798633289541876,0.20136671045812404,0.0,0.0
2022-07-01,91102.41943664699,0.01051458818118892,0.1980066511862969,3,0.8000491106839676,0.1999508893160325,0.0,0.0
2022-07-05,91383.19842199059,0.003082014584023758,0.195534895988963,3,0.7990972858778417,0.2009027141221584,0.0,0.0
2022-07-06,91321.54958859054,-0.0006746189065890835,0.19607760335781999,3,0.8023372122527095,0.1976627877472905,0.0,0.0
2022-07-07,92260.10024679436,0.010277428081674558,0.18781534874308248,3,0.8060697951959609,0.19393020480403916,0.0,0.0
2022-07-08,92000.74075028833,-0.0028111772674455178,0.19009854377166402,3,0.8076771880225061,0.19232281197749387,0.0,0.0
2022-07-11,91476.56323686386,-0.00568990228761406,0.19471298630747913,3,0.7953867953431428,0.20461320465685717,0.0,0.0
2022-07-12,90943.93842286289,-0.005822527597826696,0.1994017921688752,3,0.7929655759716909,0.20703442402830904,0.0,0.0
2022-07-13,90781.09751128573,-0.0017905636637375647,0.20083531422907097,3,0.7902159558597414,0.2097840441402587,0.0,0.0
2022-07-14,90451.51784956563,-0.0036304877420007984,0.2037366718246022,3,0.791169391394655,0.208830608605345,0.0,0.0
2022-07-15,91925.04787073587,0.016290826911505532,0.19076488376931744,3,0.7933603526949892,0.2066396473050109,0.0,0.0
2022-07-18,91125.67467970127,-0.008689341623190941,0.19780193049534367,3,0.8003489656539334,0.1996510343460666,0.0,0.0
2022-07-19,92998.11054002849,0.02054784084626723,0.1813184922359793,3,0.8054240703648233,0.19457592963517656,0.0,0.0
2022-07-20,93522.94642704463,0.00564351129252504,0.1766982539019316,3,0.8060082160332419,0.19399178396675812,0.0,0.0
2022-07-21,94603.99624300787,0.011559193302432358,0.16718154987255385,3,0.8049118554695095,0.19508814453049064,0.0,0.0
2022-07-22,94207.7551473417,-0.0041884181578160035,0.17066974179123195,3,0.8007979226835538,0.19920207731644618,0.0,0.0
2022-07-25,94114.88567062662,-0.0009849972553520401,0.17148729090895976,3,0.8017616973452887,0.1982383026547113,0.0,0.0
2022-07-26,93236.44573664268,-0.009333698146945709,0.17922037844652383,3,0.7997404664905302,0.20025953350946982,0.0,0.0
2022-07-27,95067.73903240061,0.01964138895781842,0.16309912665094095,3,0.8047014870021996,0.1952985129978005,0.0,0.0
2022-07-28,96175.03952621385,0.01164748951729939,0.15335133250158917,3,0.805413199327896,0.19458680067210407,0.0,0.0
2022-07-29,97253.45478629511,0.011213047225078812,0.14385782100987932,3,0.8080938987893356,0.19190610121066445,0.0,0.0
2022-08-01,97997.16400100198,0.007856852723376561,0.1373107957241113,1,0.5935597893781257,0.40644021062187413,0.0,0.0
2022-08-02,96770.62984027978,-0.01251601689932226,0.1481082283836912,1,0.5971174573504372,0.40288254264956275,0.0,0.0
2022-08-03,98289.33368961734,0.01569385103563116,0.13473876582146493,1,0.597097264687033,0.40290273531296705,0.0,0.0
2022-08-04,98236.39655292888,-0.0005385847548385039,0.1352047823311462,1,0.597015375439087,0.402984624560913,0.0,0.0
2022-08-05,97194.95065621567,-0.010601426082969954,0.14437284490816849,1,0.6023924696103169,0.39760753038968305,0.0,0.0
2022-08-08,97191.93506116151,0.0009699436914651,0.14439939181209394,0,0.0,0.0,0.0,1.0
2022-08-09,97097.75570555948,-0.0009690038123303,0.14522847206326017,0,0.0,0.0,0.0,1.0
2022-08-10,97191.93506116152,0.0009699436914651,0.14439939181209382,0,0.0,0.0,0.0,1.0
2022-08-11,97156.60368873841,-0.0003635216481788,0.14471042115536503,0,0.0,0.0,0.0,1.0
2022-08-12,97180.1716233937,0.0002425767653508,0.14450294777589057,0,0.0,0.0,0.0,1.0
2022-08-15,97262.55674688819,0.0008477565136821,0.14377769457743161,0,0.0,0.0,0.0,1.0
2022-08-16,97180.17162339372,-0.0008470384313346,0.14450294777589046,0,0.0,0.0,0.0,1.0
2022-08-17,97097.75570555954,-0.0008480733925185,0.14522847206325962,0,0.0,0.0,0.0,1.0
2022-08-18,97239.04013613243,0.0014550741110981,0.1439847161420551,0,0.0,0.0,0.0,1.0
2022-08-19,97168.37739128618,-0.0007266910980129,0.14460677482859774,0,0.0,0.0,0.0,1.0
2022-08-22,96314.99380318784,-0.008038552725370325,0.15211928619628512,4,0.24677807969126334,0.25117875321564376,0.2503531824207041,0.25168998467238873
2022-08-23,96304.69482025172,-0.00010693021438769397,0.15220995026278727,4,0.24620739506114603,0.2498231308792666,0.2521303303460329,0.2518391437135546
2022-08-24,96249.64034486839,-0.0005716696936332589,0.1526946061407859,4,0.24713684379476697,0.24813652646352732,0.25301848553003364,0.251708144211672
2022-08-25,97007.58651640927,0.007874794844168791,0.14602224999378688,4,0.24866760583926154,0.24962889693340953,0.25181047149016117,0.2498930257371676
2022-08-26,96070.83618345403,-0.009656464680695661,0.15426865597482187,4,0.24259297018063553,0.25396283242827367,0.25117576292154137,0.25226843446954944
2022-08-29,95709.98556122878,-0.003748709853731125,0.15744529827180487,4,0.24928147958229624,0.24886461581297384,0.25109584485661796,0.250758059748112
2022-08-30,95295.16309017593,-0.0043341608362009836,0.16109706586239225,4,0.24761815839957665,0.25056912709701906,0.2500854708080213,0.25172724369538296
2022-08-31,94700.2790403918,-0.00624254191391859,0.16633395259045547,4,0.24727764255350534,0.24973230866668913,0.24971232145493316,0.25327772732487236
2022-09-01,94115.40882072001,-0.0061760136886432355,0.17148268551101398,4,0.24959509272315655,0.24668374132202261,0.24905547972289754,0.25466568623192326
2022-09-02,94257.95578837578,0.0015145975504108084,0.17022781521601604,4,0.24658975971039665,0.2477040207257558,0.2508683761546989,0.2548378434091487
2022-09-06,93454.76174468864,-0.00797223510391832,0.1772984976943427,3,0.8033862174315768,0.19661378256842318,0.0,0.0
2022-09-07,95094.17240358479,0.01754229135348809,0.16286642824394448,3,0.8037199426708403,0.19628005732915954,0.0,0.0
2022-09-08,95402.2748618122,0.0032399720239406995,0.16015413889115326,3,0.8063606472091134,0.19363935279088657,0.0,0.0
2022-09-09,96638.41008341008,0.012957083291655198,0.14927218611661408,3,0.808413042569739,0.19158695743026094,0.0,0.0
2022-09-12,97325.90611772033,0.007114107462207509,0.14322001702755893,3,0.8113295539273915,0.1886704460726085,0.0,0.0
2022-09-13,95871.10961199205,-0.014394430520516777,0.15602689009071447,4,0.24262184869212816,0.25424144223797523,0.2503508225379786,0.2527858865319181
2022-09-14,95930.54885888989,0.0006199912271631669,0.15550363416660906,4,0.2433967044278872,0.2549571819931292,0.24923304704355945,0.25241306653542406
2022-09-15,95176.33264175986,-0.007862106764753882,0.16214315475723784,4,0.24254025652011657,0.2568109620602607,0.2465157201797302,0.2541330612398925
2022-09-16,94938.51856136773,-0.00249866824862078,0.16423668105333544,4,0.24129280347079535,0.2553081594479379,0.2485045928736669,0.25489444420759977
2022-09-19,95164.2794312825,0.0023779691671598656,0.162249261649837,4,0.2425871904393661,0.25529729485446756,0.24810597470507756,0.2540095400010889
2022-09-20,94505.69623689893,-0.0069112448622575245,0.16804690505823627,4,0.24885020068969438,0.2492299854700976,0.25030326030314476,0.25161655353706325
2022-09-21,94579.45599869928,0.0007804795344340959,0.16739758269402516,4,0.24431862287917164,0.25320764843073335,0.25126930120448004,0.2512044274856149
2022-09-22,93716.02773018957,-0.009129131262095604,0.1749985194507494,4,0.2444984368356466,0.24901184825393488,0.25343781572727897,0.2530518991831396
2022-09-23,92987.93959856333,-0.0077690886955048685,0.18140802912705933,4,0.2422842320477705,0.2519866469442426,0.2510093272937715,0.2547197937142154
2022-09-26,91993.24434656926,-0.010697035080981913,0.19016453615649742,4,0.24248127229898805,0.2498436239173123,0.25077179550558604,0.25690330827811353
2022-09-27,91270.00900709203,-0.00730838682702822,0.19653132570472798,3,0.8038325578491827,0.19616744215081727,0.0,0.0
2022-09-28,93313.03416385096,0.02238440840517701,0.17854615475853652,3,0.8017032367890112,0.1982967632109888,0.0,0.0
2022-09-29,91654.56862926009,-0.017773139084500476,0.19314596820151075,3,0.7991600402402814,0.2008399597597185,0.0,0.0
2022-09-30,90284.26399275148,-0.01495075103186011,0.20520904194998257,3,0.798744085494668,0.20125591450533206,0.0,0.0
2022-10-03,92476.88127146686,0.024285708070804077,0.18590698076546508,3,0.8003938428958609,0.19960615710413904,0.0,0.0
2022-10-04,94717.64095047882,0.024230888326767543,0.1661811121225668,3,0.8052768372543823,0.19472316274561774,0.0,0.0
2022-10-05,94363.68851054211,-0.0037369220388603097,0.16929702830109405,3,0.8064152991445803,0.19358470085541962,0.0,0.0
2022-10-06,93477.14998905496,-0.009394911702589027,0.1771014093712835,3,0.8056656234939196,0.19433437650608046,0.0,0.0
2022-10-07,91200.0758237202,-0.02435968753434804,0.19714696191145442,3,0.802747118383505,0.19725288161649496,0.0,0.0
2022-10-10,90361.4327804088,-0.009195639759471196,0.20452970922951386,3,0.8040113655364909,0.19598863446350911,0.0,0.0
2022-10-11,90232.98321264985,-0.00086797825869995,0.2056604772117221,4,0.24863256123716823,0.2513245778571133,0.2497022132046646,0.2503406477010538
2022-10-12,90413.08825245162,0.001996000058840217,0.20407497547749764,4,0.24731875847947,0.25205464055758936,0.25053787875180394,0.25008872221113676
2022-10-13,90561.47075236816,0.0016411617254155691,0.20276873379095095,4,0.2534298775146129,0.24923434619203116,0.24839561429773677,0.24894016199561914
2022-10-14,89560.8103064171,-0.011049516285874665,0.21157775365053633,4,0.2504215270597452,0.2499397632988813,0.2480416185800061,0.2515970910613674
2022-10-17,90117.13749022342,0.006211725663300089,0.20668029094937068,4,0.25527101299133076,0.24718724553041763,0.24721937915519532,0.2503223623230564
2022-10-18,90956.88716741279,0.00986852844289556,0.1992878017055184,3,0.8014900611632956,0.19850993883670442,0.0,0.0
2022-10-19,90111.56534257082,-0.009293653852578496,0.20672934371200458,3,0.8032757731057764,0.1967242268942237,0.0,0.0
2022-10-20,89201.57231375006,-0.010098515383250673,0.21474019963761026,3,0.8046658933359421,0.19533410666405795,0.0,0.0
2022-10-21,90631.84745846089,0.016034192084418676,0.2021491931624274,3,0.8112134145185836,0.1887865854814164,0.0,0.0
2022-10-24,91390.0747451308,0.008366013801246056,0.19547436230108906,3,0.8143269695202483,0.18567303047975178,0.0,0.0
2022-10-25,92442.51314542067,0.01208704186959045,0.18620953045262678,4,0.250958836941265,0.2542056013929225,0.2475770123216217,0.24725854934419073
2022-10-26,92771.68255430822,0.003560801169151876,0.18331178439721785,4,0.24818433111785537,0.25695306376524724,0.24826846090558427,0.24659414421131315
2022-10-27,92910.62524550091,0.0014976842864885469,0.18208864328974927,4,0.2464898872584405,0.2592551972986385,0.24751331444734734,0.2467416009955736
2022-10-28,93021.23591585913,0.0011905061457282734,0.18111491479292485,4,0.2520539530045286,0.2571670167212886,0.24469472278418525,0.2460843074899975
2022-10-31,92461.7249406394,-0.0060148735900028075,0.18604040506518416,4,0.25174752919436105,0.25687899631096583,0.2441663007939623,0.24720717370071085
2022-11-01,92789.07772493278,0.0035490711292138,0.18315865112997165,4,0.24802580410212993,0.25144400134810174,0.25165770633924683,0.24887248821052146
2022-11-02,91935.99034586338,-0.009193834015662115,0.19066855490861223,4,0.24404496088437047,0.2526756886954927,0.2522218970583283,0.25105745336180857
2022-11-03,91448.4563238263,-0.005302972429001525,0.19496041724785584,4,0.24281975319573454,0.25265188951716355,0.2526014700572301,0.25192688722987183
2022-11-04,92114.70422770086,0.0072855019172255,0.18909529982427264,4,0.24453313868482332,0.24661043637595792,0.2584722975376562,0.25038412740156263
2022-11-07,91989.1862986057,-0.001362626413964221,0.19020025998793977,4,0.24720908018924792,0.2444832551547626,0.2577994138656169,0.2505082507903726
2022-11-08,92536.24854119214,0.006503413686633441,0.18538435847122392,3,0.7991193885912831,0.20088061140871694,0.0,0.0
2022-11-09,91073.88071933934,-0.015803188965476892,0.19825788338853634,3,0.7952228831901006,0.2047771168098994,0.0,0.0
2022-11-10,95771.40708175463,0.05157929282591544,0.15690459198496454,3,0.7977750087827422,0.20222499121725776,0.0,0.0
2022-11-11,96439.92699387914,0.006980370577137284,0.1510194736051369,3,0.7999126356933847,0.20008736430661522,0.0,0.0
2022-11-14,95736.3697491021,-0.007295290101388153,0.1572130328356166,3,0.7989364225177218,0.20106357748227827,0.0,0.0
2022-11-15,96838.4088776503,0.01211737964291942,0.14751155556757622,5,0.1992909274650627,0.6024085813105794,0.1983004912243579,0.0
2022-11-16,97922.81030248066,0.011198050829195503,0.13796534663552007,5,0.1955804667250272,0.6087653061871641,0.1956542270878087,0.0
2022-11-17,97095.9307087804,-0.008444197946791363,0.1452445378855235,5,0.19664251225037319,0.6074710590286775,0.1958864287209493,0.0
2022-11-18,96645.87495716104,-0.004635165947059287,0.14920647129657938,5,0.19845519567921674,0.6061028394951576,0.1954419648256257,0.0
2022-11-21,96717.44933369063,0.0007405838744936983,0.14857638732869816,5,0.19758726796812032,0.6082071041505738,0.194205627881306,0.0
2022-11-22,97397.3506299743,0.007390623159402725,0.14259107628162437,4,0.25150551673385296,0.2516877351825969,0.24845717762054903,0.24834957046300113
2022-11-23,98150.96047148475,0.007737477833185881,0.13595689374037778,4,0.2511471857337502,0.2541113997405632,0.24808596358796686,0.24665545093771968
2022-11-25,98084.78122678124,-0.0006742597768336387,0.13653948325237897,4,0.2512603523829818,0.25342092586366594,0.2484664690439467,0.24685225270940553
2022-11-28,97574.92983350239,-0.005198068312963089,0.14102781000397957,4,0.24854299093545815,0.25546299154098684,0.2477907486631877,0.24820326886036737
2022-11-29,97351.47741554363,-0.0022900597350163534,0.1429949076297884,4,0.2486855378889614,0.2530468853107646,0.2495865083895036,0.24868106841077037
2022-11-30,98679.8832381838,0.013648549822941126,0.1313006777633282,4,0.2544029863983018,0.2484477834289222,0.2497862598549796,0.24736297031779655
2022-12-01,99950.33830387605,0.012874509211018697,0.12011660033758653,4,0.25098441151545076,0.2531257230095647,0.2511451595189093,0.24474470595607542
2022-12-02,100146.81145401229,0.001965707705149678,0.11838700675923686,4,0.2502029983138014,0.2558061275539821,0.24978627464247039,0.24420459948974602
2022-12-05,98838.89513458677,-0.013059989633580363,0.12990086331179096,4,0.24895343651719873,0.2555606515173541,0.2487488782943768,0.24673703367107042
2022-12-06,98903.86251978103,0.0006573058622903487,0.129328942048472,4,0.24520362962696074,0.25868218425177214,0.2492659530916928,0.24684823302957445
2022-12-07,99718.76959683275,0.008248139562157676,0.12215514732668453,4,0.24753305610007695,0.2537973057679037,0.25019612288859533,0.24847351524342387
2022-12-08,99839.44429089599,0.001210150251062381,0.12109282315782799,4,0.2491706424024366,0.2527958223588406,0.25010404862623986,0.24792948661248276
2022-12-09,99073.36421706463,-0.0076731203711358385,0.1278367837207932,4,0.24922157960712177,0.24812343464367848,0.2529312291859728,0.249723756563227
2022-12-12,99285.7266384203,0.00214348652671569,0.12596731361760183,4,0.2522738992432868,0.24838443532222954,0.25030535586903796,0.24903630956544567
2022-12-13,100210.98882310647,0.009319186312205754,0.11782204017024644,4,0.25183669110221846,0.24846729736191103,0.25223027378760854,0.24746573774826203
2022-12-14,99729.33981398295,-0.004260521384158881,0.12206209552957081,3,0.7982863554202075,0.20171364457979246,0.0,0.0
2022-12-15,97860.37058268682,-0.01874041515548144,0.13851501634008012,3,0.7936319563762557,0.20636804362374428,0.0,0.0
2022-12-16,96717.85202033912,-0.0116749870815412,0.14857284239525137,3,0.7935265935982155,0.2064734064017844,0.0,0.0
2022-12-19,95731.45684932094,-0.010198687733581433,0.15725628210355314,3,0.7949047260407992,0.2050952739592007,0.0,0.0
2022-12-20,95486.93782399372,-0.0025542181574870555,0.1594088334099123,3,0.798030726838098,0.20196927316190205,0.0,0.0
2022-12-21,96676.97198431125,0.01246478912385526,0.14893271776624983,3,0.8019657221114243,0.19803427788857578,0.0,0.0
2022-12-22,95567.19464564131,-0.011479231464241858,0.15870231609065433,3,0.7997046945341297,0.2002953054658703,0.0,0.0
2022-12-23,95726.19922472452,0.001663798750950055,0.15730256605498882,3,0.8029689186897281,0.19703108131027205,0.0,0.0
2022-12-27,95050.13372177031,-0.00706249186147147,0.16325410982390842,3,0.8054911084147003,0.19450889158529966,0.0,0.0
2022-12-28,93989.69877125342,-0.01115658557220961,0.17258933694985257,3,0.8044555101941657,0.19554448980583425,0.0,0.0
2022-12-29,95556.12475140956,0.016670462336030478,0.15879976664795936,3,0.8010464709047287,0.19895352909527134,0.0,0.0
2022-12-30,95143.00678581413,-0.004323301794313765,0.16243652912618733,3,0.8024054192897019,0.19759458071029812,0.0,0.0
2023-01-03,95180.39432250784,0.00039296147932212685,0.16210739894564652,3,0.7987136190279119,0.20128638097208804,0.0,0.0
2023-01-04,96029.76734989272,0.008923823371721701,0.154630193369365,3,0.7977607067609788,0.20223929323902118,0.0,0.0
2023-01-05,95236.60179687383,-0.008259580075091972,0.16161259298029573,3,0.7952238515864922,0.20477614841350775,0.0,0.0
2023-01-06,97333.72958208197,0.02202506838957242,0.14315114546057395,3,0.800710064367161,0.1992899356328389,0.0,0.0
2023-01-09,97392.81436582917,0.0006070329781967183,0.1426310099485385,3,0.7997705343905508,0.20022946560944913,0.0,0.0
2023-01-10,97616.31391609272,0.0022948258731291193,0.14066349740734996,3,0.8035351792223,0.19646482077770006,0.0,0.0
2023-01-11,98920.07764769322,0.013356002488694339,0.1291861969400967,3,0.8029737741850956,0.19702622581490434,0.0,0.0
2023-01-12,99592.85253792339,0.006801196544004641,0.12326362111225408,3,0.8004530915893099,0.19954690841069006,0.0,0.0
2023-01-13,99431.35813965453,-0.0014213778943479804,0.1246852895386602,1,0.6031850618236514,0.39681493817634866,0.0,0.0
2023-01-17,99066.47495743683,-0.0036696992683656485,0.12789743129123,1,0.604297722029531,0.39570227797046903,0.0,0.0
2023-01-18,99071.19432910818,4.7638433419264305e-05,0.12785588569107564,1,0.5947287476911526,0.40527125230884725,0.0,0.0
2023-01-19,98390.9274332879,-0.006866444887708444,0.13384441518611734,1,0.5944811600313131,0.4055188399686869,0.0,0.0
2023-01-20,98833.76322618972,0.004500778724766842,0.1299460405576489,1,0.6028425089446114,0.3971574910553886,0.0,0.0
2023-01-23,99669.74082458204,0.008657285542222361,0.12258675769980865,3,0.8026501539180315,0.19734984608196846,0.0,0.0
2023-01-24,99866.72476187327,0.0019763665046337578,0.12085266755700452,3,0.8002070865897402,0.19979291341025984,0.0,0.0
2023-01-25,99945.05531850277,0.0007843509118404818,0.12016310754516069,3,0.7998795109507871,0.20012048904921279,0.0,0.0
2023-01-26,100730.63541111465,0.007860119643822331,0.1132474843034168,3,0.8023639564836559,0.19763604351634398,0.0,0.0
2023-01-27,100866.09604731458,0.0013447809164220822,0.11205499644271877,3,0.8031274675049557,0.1968725324950443,0.0,0.0
2023-01-30,100312.62707260884,-0.004936768817420075,0.11692729774090127,4,0.2480880260543974,0.250322135702087,0.25059545300059843,0.2509943852429172
2023-01-31,101016.95274791068,0.007021306248833867,0.11072697385835495,4,0.24998059435148123,0.25056400983504523,0.2497530782303276,0.24970231758314607
2023-02-01,101951.28795278496,0.00924929112844989,0.1025018287468934,4,0.25032203895575633,0.2512521679370952,0.25058147041631507,0.2478443226908334
2023-02-02,101828.87038724871,-0.0012007456501475602,0.10357949577204095,4,0.25427128711643615,0.25187981163579287,0.24567641453128045,0.24817248671649056
2023-02-03,100453.00557842727,-0.013511539542657275,0.11569151686176582,4,0.2550142213301303,0.25151100974190427,0.24282582981273926,0.2506489391152261
2023-02-06,100094.12985029176,-0.0035654247336763746,0.11885077375960817,4,0.249361274266508,0.2490369765338387,0.25141525463532977,0.25018649456432357
2023-02-07,100256.00334469356,0.0016172126641583353,0.11742576807191896,4,0.25221464970583146,0.2466394325571025,0.2512403546158678,0.24990556312119816
2023-02-08,100168.68380493463,-0.0008709656962757921,0.11819445995234512,4,0.2496742283199145,0.2480292543914142,0.2520808725919493,0.2502156446967219
2023-02-09,99498.21498883181,-0.006693397483473653,0.12409673493501328,4,0.24917757713236946,0.24733508509716903,0.25177151010633353,0.251715827664128
2023-02-10,99316.15645584755,-0.0018297668255123586,0.12569943367178715,4,0.25021693257924227,0.2450157961477321,0.2527140951683056,0.2520531761047199
2023-02-13,100360.79276985083,0.011074163254322422,0.1165032851947152,3,0.8005260546756784,0.19947394532432158,0.0,0.0
2023-02-14,100277.75714897025,-0.0008273711136479634,0.11723426485554789,3,0.8008203912929404,0.19917960870705964,0.0,0.0
2023-02-15,100352.2670461296,0.000743035138377239,0.11657833889538016,3,0.8028242984536268,0.1971757015463732,0.0,0.0
2023-02-16,98962.63490248255,-0.0138475411124321,0.1288115566671394,3,0.8028884007428548,0.1971115992571452,0.0,0.0
2023-02-17,98915.81597448628,-0.00047309702336041263,0.1292237133264662,3,0.8012614976681564,0.1987385023318437,0.0,0.0
2023-02-21,98622.14815845831,-0.0019708369695982,0.13180893155306728,0,0.0,0.0,0.0,1.0
2023-02-22,98670.83878415253,0.0004937088331922,0.13138029795367656,0,0.0,0.0,0.0,1.0
2023-02-23,98731.71256899371,0.0006169379483471,0.1308444134968022,0,0.0,0.0,0.0,1.0
2023-02-24,98524.77740979327,-0.0020959340602528,0.13266610629421316,0,0.0,0.0,0.0,1.0
2023-02-27,98610.01751292837,0.0008651641280097,0.13191572012237185,0,0.0,0.0,0.0,1.0
2023-02-28,98585.61968646426,-0.0002474173220882,0.1321304992102461,0,0.0,0.0,0.0,1.0
2023-03-01,98405.13038479144,-0.0018307873120526,0.13371938368080938,0,0.0,0.0,0.0,1.0
2023-03-02,98441.69036495572,0.0003715251432656,0.13339753865072312,0,0.0,0.0,0.0,1.0
2023-03-03,98502.67967975434,0.0006195476182144,0.1328606371598554,0,0.0,0.0,0.0,1.0
2023-03-06,98453.9050322729,-0.0004951606153255,0.13329001042033217,0,0.0,0.0,0.0,1.0
2023-03-07,98246.57076958317,-0.0021059018697306,0.13511521660790216,0,0.0,0.0,0.0,1.0
2023-03-08,98197.74360848471,-0.0004969859071516,0.13554505215655788,0,0.0,0.0,0.0,1.0
2023-03-09,98514.90484979494,0.0032298220881199,0.13275301647182847,0,0.0,0.0,0.0,1.0
2023-03-10,99051.60451838866,0.0054479032326328,0.12802833882677422,0,0.0,0.0,0.0,1.0
2023-03-13,100039.53269252616,0.0099738735070575,0.11933140377649365,0,0.0,0.0,0.0,1.0
2023-03-14,100273.43135456256,0.0033414037251004404,0.11727234571404488,1,0.6078868875935771,0.39211311240642294,0.0,0.0
2023-03-15,100651.44238666503,0.0037698024989874825,0.1139446367969924,1,0.6018161968223676,0.3981838031776323,0.0,0.0
2023-03-16,101400.70650334917,0.007444146839006504,0.10734871056581996,1,0.6078502559260397,0.39214974407396025,0.0,0.0
2023-03-17,101276.86088486895,-0.0012213486744900484,0.10843894903495233,1,0.6014776166681872,0.3985223833318129,0.0,0.0
2023-03-20,101507.50843361083,0.0022773963048092418,0.10640851119197259,1,0.6058812579718498,0.3941187420281503,0.0,0.0
2023-03-21,100826.63053230252,-0.006304338020536819,0.11240241949408125,5,0.2039116445401753,0.5986184616616971,0.1974698937981276,0.0
2023-03-22,101619.81130406435,0.007866778524426835,0.10541988590942408,5,0.1988711561576819,0.6018654529791725,0.19926339086314565,0.0
2023-03-23,101928.33536798797,0.0030360621611514186,0.10270388507491512,5,0.19880523378902673,0.6000436830580022,0.20115108315297117,0.0
2023-03-24,102089.28336606978,0.0015790309681871448,0.10128702672181444,5,0.19979427849037945,0.6016316154597731,0.19857410604984757,0.0
2023-03-27,100496.94153043788,-0.015597541515911154,0.11530473963340904,5,0.2033394900741978,0.596807330925724,0.1998531790000782,0.0
2023-03-28,100725.89777094896,0.0022815879894293404,0.11328919072488675,5,0.19909678951994608,0.5997243989886321,0.20117881149142194,0.0
2023-03-29,100795.49048542639,0.0006909118311923791,0.11267655173591229,5,0.20185119408419125,0.5981062080360007,0.20004259787980805,0.0
2023-03-30,101374.27454768636,0.005742162268099424,0.10758139651169052,5,0.20187386028580237,0.5974276845542466,0.200698455159951,0.0
2023-03-31,102463.96880237538,0.010749218769268981,0.09798859370902913,5,0.20254206257484259,0.5999288553292752,0.1975290820958823,0.0
2023-04-03,102977.9674151449,0.005016383991145916,0.09346375813068009,5,0.20229906725714913,0.599741809070674,0.19795912367217702,0.0
2023-04-04,103113.09987290285,0.0023145608709305,0.09227415929235183,0,0.0,0.0,0.0,1.0
2023-04-05,103250.99521885472,0.0013373213114709,0.0910602381806006,0,0.0,0.0,0.0,1.0
2023-04-06,103213.36879646067,-0.0003644170432866,0.09139147132112846,0,0.0,0.0,0.0,1.0
2023-04-10,102849.91952462346,-0.0035213391063123,0.09459099006549421,0,0.0,0.0,0.0,1.0
2023-04-11,102837.37379420301,-0.0001219809454245,0.09470143271252185,0,0.0,0.0,0.0,1.0
2023-04-12,102687.78016043837,-0.00045511725267445986,0.09601833625960654,5,0.19927543355275168,0.5996560289135241,0.20106853753372425,0.0
2023-04-13,102754.75920048413,0.0006522591095172367,0.09542870598459519,5,0.20179077643074464,0.5945559442269633,0.20365327934229197,0.0
2023-04-14,101774.6806365216,-0.009538035723000387,0.10405653930091485,5,0.20323630314374533,0.5947907557137349,0.20197294114251985,0.0
2023-04-17,101037.27948424371,-0.007245428309536396,0.11054803341480812,5,0.2054541853248233,0.5920049160186049,0.20254089865657182,0.0
2023-04-18,101343.36183390908,0.003029400150397773,0.10785352749346322,5,0.20496726889165498,0.592319913899711,0.20271281720863407,0.0
2023-04-19,101183.95971662954,-0.00156522348300076,0.1092567771396914,5,0.20027967744748315,0.6003639893809273,0.19935633317158968,0.0
2023-04-20,101672.15806560738,0.004824859101630876,0.10495906659365783,5,0.1982303164018412,0.60258925103648,0.19918043256167894,0.0
2023-04-21,101143.27895306256,-0.005201808662343323,0.10961489827420279,5,0.19942167103659886,0.6023361085441498,0.19824222041925132,0.0
2023-04-24,101814.66191620208,0.006637939466556899,0.10370457586702275,5,0.19831333883207486,0.6041531317492853,0.1975335294186399,0.0
2023-04-25,102500.95043774907,0.006740566718296689,0.09766303676135035,5,0.19385859913441875,0.6089324531443029,0.1972089477212782,0.0
2023-04-26,101646.25973562624,-0.00832951050613596,0.10518705492282288,5,0.20082565754358966,0.5985910591525097,0.20058328330390063,0.0
2023-04-27,101449.97781840475,-0.0019310294125136555,0.10691496503846487,5,0.20521999546664602,0.5937977669829644,0.20098223755038963,0.0
2023-04-28,102604.94676995037,0.01138461512148405,0.09674753564467065,5,0.20464182946738382,0.5965844983882337,0.19877367214438255,0.0
2023-05-01,100727.10523850069,-0.018301666640498048,0.11327856113951029,5,0.20824642240564106,0.590183601436851,0.20156997615750794,0.0
2023-05-02,102364.55234885328,0.016256270906182105,0.09886377721107453,5,0.20261216454213668,0.5952148152388199,0.20217302021904346,0.0
2023-05-03,102739.97414333117,0.0036723007912737803,0.09555886188574281,5,0.19790050072538373,0.6011416617322786,0.20095783754233776,0.0
2023-05-04,102131.0379176802,-0.005926964949411594,0.10091945281015191,5,0.19767030918498452,0.5987519278906756,0.20357776292433996,0.0
2023-05-05,101976.0717129029,-0.0015173272291836213,0.1022836522056324,5,0.20163569625159444,0.5976675929930177,0.20069671075538775,0.0
2023-05-08,101152.4748576983,-0.008076373617561115,0.10953394483301226,5,0.2033315887590765,0.5940893604708889,0.20257905077003466,0.0
2023-05-09,100992.50833437587,-0.0015814395401344294,0.11094216306180082,5,0.202760579004611,0.5929017144517564,0.20433770654363256,0.0
2023-05-10,101645.34226588385,0.006471325993109159,0.10519513159779681,5,0.19964253725480915,0.6019272578566881,0.1984302048885029,0.0
2023-05-11,102083.65841607626,0.004312210873822833,0.10133654431432315,5,0.1984386304774714,0.6056789289739353,0.19588244054859344,0.0
2023-05-12,101505.4573141677,-0.005663992757312046,0.10642656761858771,5,0.19930752975951935,0.60403111589677,0.19666135434371063,0.0
2023-05-15,100982.94691191144,-0.005147608966866129,0.11102633423166763,5,0.20102994695401524,0.6008678424953506,0.19810221055063415,0.0
2023-05-16,100414.93797195436,-0.005624800595813017,0.11602663383654344,5,0.2008160853707443,0.602451279778652,0.19673263485060363,0.0
2023-05-17,100413.18711251016,-1.4168925986899689e-05,0.11604204701258902,5,0.2024306400784661,0.5982589136926411,0.19931044622889277,0.0
2023-05-18,99904.30432548393,-0.005067888010127992,0.12052184692399126,5,0.20542177973878872,0.5968513531492633,0.19772686711194798,0.0
2023-05-19,99648.31399659663,-0.0025623553521107053,0.12277538247659003,5,0.20564982289538122,0.5941530693913707,0.20019710771324814,0.0
2023-05-22,99399.08712917751,-0.0025010645682136514,0.12496937788584261,5,0.20624916636319085,0.5935217010449196,0.20022913259188949,0.0
2023-05-23,99362.73867285239,-0.00036568199341586343,0.12528936082803732,5,0.20400911342887856,0.5954479976993753,0.20054288887174615,0.0
2023-05-24,98762.93394165006,-0.00603199114737284,0.1305695653273895,5,0.19975594203821823,0.600653821425309,0.19959023653647281,0.0
2023-05-25,98596.68616842093,-0.0016833012810994771,0.13203307869190084,5,0.2018255508308081,0.6001705767629002,0.19800387240629164,0.0
2023-05-26,99410.38327981629,0.008252783567242935,0.12486993554681891,5,0.2027659264380053,0.6000662467529482,0.19716782680904668,0.0
2023-05-30,100135.39416720808,0.0072931102715001455,0.11848751548485681,5,0.20137451591651517,0.6016734718313433,0.19695201225214143,0.0
2023-05-31,100579.07679577291,0.004430827204054999,0.11458168598775309,5,0.19937446265115583,0.6042407205698274,0.19638481677901687,0.0
2023-06-01,101165.44585735755,0.00583419630091352,0.10941975845334728,5,0.20072909969932948,0.5988605078019558,0.20041039249871465,0.0
2023-06-02,100496.17829413508,-0.006615574691047501,0.11531145855967029,5,0.2049879998321052,0.5962421734121379,0.19876982675575688,0.0
2023-06-05,100465.36239279679,-0.00030663754444567427,0.11558273728161683,5,0.20465797088678372,0.5953141892635258,0.20002783984969055,0.0
2023-06-06,100884.71672565267,0.004174118550593648,0.11189107477883875,5,0.2042510225654885,0.5963338813297266,0.1994150961047849,0.0
2023-06-07,99678.82328781868,-0.011953182572869979,0.12250680290660254,5,0.2060072053218392,0.5945892755722175,0.19940351910594337,0.0
2023-06-08,100761.7322505799,0.01087005471245368,0.11297373242531661,5,0.19904605416434543,0.6004907437244559,0.20046320211119875,0.0
2023-06-09,100660.51376106964,-0.0010045330429466492,0.11386477962105701,5,0.19960373292428543,0.600270179238678,0.20012608783703656,0.0
2023-06-12,101002.93162847968,0.003401709912019744,0.11085040465850404,5,0.20073169611333053,0.5999959663567831,0.19927233752988632,0.0
2023-06-13,100389.53093778364,-0.006073097887418927,0.11625029718757196,5,0.20328968064924544,0.5976975081645743,0.19901281118618008,0.0
2023-06-14,100905.11036875771,0.005135788823374612,0.11171154534120731,5,0.2024918154054747,0.5994025633347828,0.19810562125974246,0.0
2023-06-15,101878.51055933746,0.00964920458533972,0.10314250312030537,5,0.20054443604479544,0.599974283304846,0.19948128065035853,0.0
2023-06-16,101540.25806105434,-0.003320155510971209,0.10612020948112633,5,0.20052714096972207,0.5996351308144015,0.19983772821587656,0.0
2023-06-20,101645.9223355702,0.001040614594975147,0.10519002512495923,5,0.1992793600664606,0.6031569676440981,0.1975636722894413,0.0
2023-06-21,101661.46592048129,0.0001529189224116688,0.10505319174783811,5,0.19822801549015942,0.6045242357430218,0.19724774876681872,0.0
2023-06-22,100793.54089768812,-0.008537404167200037,0.11269371435803244,5,0.2006566334229766,0.6023700792084625,0.1969732873685608,0.0
2023-06-23,101299.34594323444,0.0050212706685041205,0.10824100843833229,5,0.19749631781148033,0.6029542247929895,0.19954945739553007,0.0
2023-06-26,101317.78415902973,0.00018201712581262608,0.10807869302977058,5,0.19665359009037062,0.6034861933151955,0.19986021659443384,0.0
2023-06-27,101283.61982790478,-0.0003371997464070501,0.10837944866829607,5,0.1988766542785636,0.6021140883326,0.1990092573888364,0.0
2023-06-28,101507.34922137903,0.0022089395487087226,0.10640991277001788,5,0.1985383761338225,0.603349180808899,0.19811244305727857,0.0
2023-06-29,100459.8813704811,-0.010319133136000745,0.11563098784915449,5,0.20139916480681677,0.5986372714183733,0.19996356377480984,0.0
2023-06-30,101541.62364507245,0.01076931739812178,0.10610818796395316,5,0.200204078305735,0.6006083709495856,0.1991875507446794,0.0
2023-07-03,101241.9855412444,-0.002950889429101648,0.10874596386285074,5,0.20102765485297966,0.5989711491328255,0.20000119601419494,0.0
2023-07-05,100564.00122688478,-0.006696671452412573,0.11471439932349792,5,0.20208196952259483,0.5972792330538281,0.20063879742357701,0.0
2023-07-06,99495.24000796894,-0.010627671988752481,0.12412292430385352,5,0.20265326998897915,0.5951570709808938,0.20218965903012712,0.0
2023-07-07,99238.7988017344,-0.002577421856703853,0.12638042902253865,5,0.20266398921727632,0.5931033338801769,0.20423267690254684,0.0
2023-07-10,99286.79174037447,0.0014850957320915,0.12595793730588212,0,0.0,0.0,0.0,1.0
2023-07-11,99274.51545177486,-0.000123644730426,0.126066008001105,0,0.0,0.0,0.0,1.0
2023-07-12,99568.99985809682,0.0029663645798907,0.12347360116207695,0,0.0,0.0,0.0,1.0
2023-07-13,99851.19751009998,0.0028341918911041,0.1209893571501518,0,0.0,0.0,0.0,1.0
2023-07-14,99593.53150385767,-0.0025804999105419,0.1232576440353913,0,0.0,0.0,0.0,1.0
2023-07-17,99666.02184139717,0.0017295914962293401,0.12261949667421856,2,0.4006958180608852,0.39950643906955613,0.1997977428695587,0.0
2023-07-18,100371.64078395185,0.007079834526530538,0.11640778789386785,2,0.4008353989477521,0.39849860173895213,0.20066599931329582,0.0
2023-07-19,100916.2299203921,0.00542572714948902,0.11161365763956654,2,0.39955887343486196,0.40082540759145524,0.1996157189736828,0.0
2023-07-20,100055.58610331755,-0.008528299340487343,0.11919008229721706,2,0.40032206903132506,0.39936461211540675,0.20031331885326822,0.0
2023-07-21,100005.95475061316,-0.0004960377989603374,0.11962699731009685,2,0.40052074245885233,0.39968069787005805,0.19979855967108967,0.0
2023-07-24,99782.83930147509,-0.0012322538934996,0.12159112853002285,0,0.0,0.0,0.0,1.0
2023-07-25,99770.50944766084,-0.0001235668768355,0.12169967077085497,0,0.0,0.0,0.0,1.0
2023-07-26,99869.02224900485,0.00098739398936,0.12083244230492118,0,0.0,0.0,0.0,1.0
2023-07-27,99721.21103726543,-0.001480050654455,0.12213365482406335,0,0.0,0.0,0.0,1.0
2023-07-28,99856.71340005226,0.0013588118453173,0.12094079963563276,0,0.0,0.0,0.0,1.0
2023-07-31,99881.31009309572,0.0002463198738067,0.12072426988433038,0,0.0,0.0,0.0,1.0
2023-08-01,99797.38516819806,-0.0008402465368089,0.12146307827146019,0,0.0,0.0,0.0,1.0
2023-08-02,99846.74659317854,0.0004946164160242,0.12102853948788983,0,0.0,0.0,0.0,1.0
2023-08-03,99883.7886667756,0.0003709892896959,0.12070245049009143,0,0.0,0.0,0.0,1.0
2023-08-04,100081.32888857514,0.0019777005301486,0.1189634632602673,0,0.0,0.0,0.0,1.0
2023-08-07,100118.36045974135,0.0003700147827516,0.11863746671752917,0,0.0,0.0,0.0,1.0
2023-08-08,100167.73238715268,0.000493135596554,0.11820283547889854,0,0.0,0.0,0.0,1.0
2023-08-09,100106.02010349624,-0.0006160894550145,0.11874610141342168,0,0.0,0.0,0.0,1.0
2023-08-10,100056.65867851576,-0.000493091473714,0.11918064019699193,0,0.0,0.0,0.0,1.0
2023-08-11,99957.86231153888,-0.0009874042195864,0.12005036494955479,0,0.0,0.0,0.0,1.0
2023-08-14,99871.44831053051,-0.0008645042922091,0.12081108518598371,0,0.0,0.0,0.0,1.0
2023-08-15,99908.49038412757,0.0003708975310128,0.12048499618818531,0,0.0,0.0,0.0,1.0
2023-08-16,99859.11845671624,-0.0004941714885441,0.12091962742681595,0,0.0,0.0,0.0,1.0
2023-08-17,99970.23417507656,0.0011127248074844,0.11994145288848101,0,0.0,0.0,0.0,1.0
2023-08-18,100007.24474138107,0.00037021586085,0.11961564125586366,0,0.0,0.0,0.0,1.0
2023-08-21,99896.15002788245,-0.0011108666555699,0.12059363088407782,0,0.0,0.0,0.0,1.0
2023-08-22,99846.7465931786,-0.0004945479349311,0.12102853948788939,0,0.0,0.0,0.0,1.0
2023-08-23,100031.93595630216,0.0018547360774618,0.11939827940901826,0,0.0,0.0,0.0,1.0
2023-08-24,99970.23417507656,-0.0006168208246269,0.11994145288848101,0,0.0,0.0,0.0,1.0
2023-08-25,99908.49038412758,-0.0006176217496985,0.1204849961881852,0,0.0,0.0,0.0,1.0
2023-08-28,99970.23417507656,0.0006180034420657,0.11994145288848101,0,0.0,0.0,0.0,1.0
2023-08-29,100192.45510936633,0.0022228709987874,0.11798519626687176,0,0.0,0.0,0.0,1.0
2023-08-30,100192.45510936633,0.0,0.11798519626687176,0,0.0,0.0,0.0,1.0
2023-08-31,100291.14645203477,0.0009850177097736,0.11711639606491209,0,0.0,0.0,0.0,1.0
2023-09-01,100236.72285538609,-0.0005426560426718,0.11759549818756332,0,0.0,0.0,0.0,1.0
2023-09-05,100112.95170785527,-0.0012347884488342,0.11868508107360054,0,0.0,0.0,0.0,1.0
2023-09-06,100001.58393115463,-0.0011124212681854,0.11966547453338339,0,0.0,0.0,0.0,1.0
2023-09-07,100187.19339151208,0.0018560652047794,0.11803151625209873,0,0.0,0.0,0.0,1.0
2023-09-08,100137.71643979228,-0.0004938450718591,0.11846707204133278,0,0.0,0.0,0.0,1.0
2023-09-11,100162.47066929843,0.0002472018574644,0.1182491554641254,0,0.0,0.0,0.0,1.0
2023-09-12,100112.95170785526,-0.0004943863815687,0.11868508107360065,0,0.0,0.0,0.0,1.0
2023-09-13,100199.57575748059,0.0008652631667289,0.1179225117359648,0,0.0,0.0,0.0,1.0
2023-09-14,100174.84253283612,-0.0002468396144145,0.11814024340305163,0,0.0,0.0,0.0,1.0
2023-09-15,100125.36558111633,-0.0004939059595084,0.11857579919228545,0,0.0,0.0,0.0,1.0
2023-09-18,100112.95170785529,-0.0001239833002256,0.11868508107360032,0,0.0,0.0,0.0,1.0
2023-09-19,100038.69952176763,-0.0007416841160006,0.11933873835016251,0,0.0,0.0,0.0,1.0
2023-09-20,99976.81919921763,-0.0006185638442504,0.11988348356565104,0,0.0,0.0,0.0,1.0
2023-09-21,100026.34866309167,0.0004954094786246,0.11944746550111529,0,0.0,0.0,0.0,1.0
2023-09-22,100125.36558111633,0.0009899083526299,0.11857579919228545,0,0.0,0.0,0.0,1.0
2023-09-25,100088.19747834913,-0.000371215651014,0.1189029976508078,0,0.0,0.0,0.0,1.0
2023-09-26,98743.4345588349,-0.01244822740411604,0.1307412224076343,3,0.798182960788658,0.20181703921134198,0.0,0.0
2023-09-27,98671.73949989525,-0.0007260741867037957,0.13137236876760983,3,0.7990817313871961,0.20091826861280387,0.0,0.0
2023-09-28,99189.40163943972,0.005246306005834683,0.12681528240904127,3,0.7995199181497866,0.20048008185021332,0.0,0.0
2023-09-29,98999.18872976225,-0.001917673728579482,0.12848976580216254,3,0.7991120238315197,0.20088797616848034,0.0,0.0
2023-10-02,98634.79627215046,-0.003680762057621127,0.13169758760502648,3,0.801745184103174,0.19825481589682603,0.0,0.0
2023-10-03,97630.79242399948,-0.009632572145713525,0.14053604012231002,4,0.2490524735336363,0.24700131571801207,0.2517024818202466,0.25224372892810504
2023-10-04,98200.1516278427,0.005831758502692148,0.13552385386653587,4,0.2494115994884273,0.24903363084294838,0.25021353147235087,0.2513412381962734
2023-10-05,98048.41877818853,-0.0015451386493700542,0.1368595893713852,4,0.24970346950112732,0.24817569929880284,0.25014144663115295,0.2519793845689169
2023-10-06,98149.25022625431,0.001028384234261749,0.13597194938114043,4,0.252408569588162,0.24491658867221236,0.2511721449487975,0.2515026967908281
2023-10-09,99398.5969442172,0.012729050044528113,0.124973693084937,4,0.25083165317448886,0.24751414027868904,0.2525750171866242,0.24907918936019802
2023-10-10,99436.18946650809,0.00038160769800052495,0.12464275837399463,4,0.2512053297124873,0.24955910383620078,0.2494852705263966,0.2497502959249153
2023-10-11,100231.85326680655,0.008001752727727325,0.11763836617807777,4,0.2502320545327872,0.2527490145804836,0.24931233724340948,0.24770659364331965
2023-10-12,99284.83538164818,-0.009448272722619507,0.1259751595344033,4,0.25107878624159113,0.24823789605396407,0.25092280882307666,0.24976050888136817
2023-10-13,100417.90087619839,0.011412271473228656,0.1160005507806644,4,0.24700925738259177,0.24982844867197507,0.25606723171848955,0.24709506222694358
2023-10-16,100134.68051064869,-0.0028204171076915328,0.11849379795043247,4,0.2503141365342507,0.24650285858041435,0.2555422186695515,0.2476407862157833
2023-10-17,99836.64585555083,-0.0022256532807246,0.12111745836013965,0,0.0,0.0,0.0,1.0
2023-10-18,99836.64585555083,0.0,0.12111745836013965,0,0.0,0.0,0.0,1.0
2023-10-19,99972.75849309769,0.0013633534698651,0.11991923079739109,0,0.0,0.0,0.0,1.0
2023-10-20,100133.5617683348,0.0016084709240888,0.11850364646927891,0,0.0,0.0,0.0,1.0
2023-10-23,100195.42448566898,0.000617802026031,0.11795905623612868,0,0.0,0.0,0.0,1.0
2023-10-24,100962.75732649182,0.00866702912261914,0.11120406730749555,3,0.7991057618216277,0.2008942381783722,0.0,0.0
2023-10-25,99353.29620073873,-0.015941136795109858,0.12537248485348407,3,0.800396065627484,0.199603934372516,0.0,0.0
2023-10-26,98705.24421196867,-0.006522702452273787,0.13107741989135646,3,0.796003787479432,0.20399621252056796,0.0,0.0
2023-10-27,98263.5562864592,-0.004474817209923891,0.13496568960691813,3,0.7959574138952827,0.20404258610471723,0.0,0.0
2023-10-30,99108.34391858526,0.008597161186221716,0.12752885020885674,3,0.7986078360274939,0.2013921639725062,0.0,0.0
2023-10-31,98944.31671380227,-0.0011070287050828499,0.12897281545230388,4,0.25184890302932916,0.24905528863764312,0.24891141143415138,0.25018439689887634
2023-11-01,99721.91885871418,0.007858987466264856,0.12212742372616758,4,0.2525500258653747,0.25247112075387057,0.24619235782057627,0.24878649556017843
2023-11-02,100863.19881034932,0.0114446248597773,0.11208050141602732,4,0.2544775799512314,0.2553048101030397,0.24421576140566015,0.24600184854006885
2023-11-03,101428.97054951402,0.005609297998058816,0.1070998963501828,4,0.2553668469582367,0.2556017139096117,0.24373724847766118,0.2452941906544903
2023-11-06,100998.47059497893,-0.004244349047444322,0.1108896760545719,4,0.2570452872217725,0.25420127726789093,0.24286873091570632,0.24588470459463027
2023-11-07,101830.83896704706,0.008590164997749481,0.103562165958907,5,0.19886097510810777,0.6036643907509182,0.19747463414097413,0.0
2023-11-08,102692.34541388134,0.00846017233652624,0.09597814739393695,5,0.1973371029432075,0.6087967606746412,0.1938661363821514,0.0
2023-11-09,101175.57274021009,-0.014770065554138357,0.10933060941930217,5,0.1987334389701308,0.6037103436651186,0.19755621736475065,0.0
2023-11-10,101613.30859568564,0.0043264974303581965,0.10547713058965602,5,0.20096514249099554,0.6044756892623321,0.19455916824667252,0.0
2023-11-13,101564.38252373705,-0.0004814927554742527,0.10590783687088312,5,0.20087033272445243,0.603392418221351,0.19573724905419645,0.0
2023-11-14,102922.89912991377,0.013734161542885774,0.09394853557961103,4,0.2513974413967727,0.25220313508608855,0.24881256235118906,0.24758686116594977
2023-11-15,102498.88723330239,-0.004119704168808698,0.09768119957473897,4,0.2529718050083545,0.24969219385903935,0.24918335329452182,0.24815264783808436
2023-11-16,103180.75445995496,0.006652435407425688,0.09167858203800394,4,0.25160742841575284,0.2511244847430484,0.25033034937161086,0.24693773746958791
2023-11-17,103312.87324632205,0.0012804595882110487,0.09051551316919715,4,0.2515982044925154,0.2519787698997435,0.2499829946865012,0.24644003092123987
2023-11-20,103632.9291915666,0.003097928991689724,0.08769799480995188,4,0.252751923531087,0.2527349598474269,0.24880390044185693,0.24570921617962915
2023-11-21,103427.93167258537,-0.00148433269454666,0.089502630161712,1,0.5995822833712182,0.4004177166287818,0.0,0.0
2023-11-22,103813.73045834906,0.0037301218300002273,0.08610636404632044,1,0.5996604063764923,0.4003395936235076,0.0,0.0
2023-11-24,103362.64072365568,-0.004345183750759859,0.09007739982318919,1,0.6026480116682323,0.3973519883317677,0.0,0.0
2023-11-27,103936.51080659883,0.0055520067881915346,0.08502550337027848,1,0.5982412220458629,0.4017587779541371,0.0,0.0
2023-11-28,104080.39236677867,0.0013843216311886142,0.08375888438260815,1,0.5980056924036141,0.40199430759638594,0.0,0.0
2023-11-29,104559.62395894491,0.00460644032686674,0.07954011004230643,1,0.5968287675147464,0.4031712324852534,0.0,0.0
2023-11-30,104318.37625593119,-0.0023072740115099195,0.08166386322504315,1,0.6005643622883896,0.3994356377116104,0.0,0.0
2023-12-01,105473.81589791267,0.011076089213148548,0.07149229024646553,1,0.5974993462004184,0.4025006537995816,0.0,0.0
2023-12-04,104974.05750096569,-0.0047382223985400415,0.07589176627403693,1,0.5971923313697983,0.4028076686302016,0.0,0.0
2023-12-05,105870.21526677374,0.008536945099981458,0.06800270501627748,1,0.5920206443198981,0.40797935568010185,0.0,0.0
2023-12-06,105738.42752490459,-0.0002450497527286,0.06916285963223401,0,0.0,0.0,0.0,1.0
2023-12-07,105816.15829778988,0.0007351232158903,0.0684785796401367,0,0.0,0.0,0.0,1.0
2023-12-08,105582.95507567309,-0.0022038526617126,0.07053151560183912,0,0.0,0.0,0.0,1.0
2023-12-11,105608.83989189271,0.0002451609372087,0.07030364623709806,0,0.0,0.0,0.0,1.0
2023-12-12,105621.80410692436,0.0001227569116839,0.0701895195839064,0,0.0,0.0,0.0,1.0
2023-12-13,106153.08614362076,0.0050300412986561,0.06551253446749006,0,0.0,0.0,0.0,1.0
2023-12-14,106335.08671326605,0.0017145103949125,0.0639103459939191,0,0.0,0.0,0.0,1.0
2023-12-15,106218.08167415368,-0.0011003427253308,0.06494036543496218,0,0.0,0.0,0.0,1.0
2023-12-18,106205.07384527838,-0.0001224634136701,0.06505487602979598,0,0.0,0.0,0.0,1.0
2023-12-19,106244.08642844344,0.0003673325741657,0.0647114402307043,0,0.0,0.0,0.0,1.0
2023-12-20,106387.0853183846,0.0013459468168846,0.06345259157081429,0,0.0,0.0,0.0,1.0
2023-12-21,106491.07162516072,0.0009774335528125,0.06253717871001607,0,0.0,0.0,0.0,1.0
2023-12-22,106530.06240140393,0.0003661412703259,0.062193934881745516,0,0.0,0.0,0.0,1.0
2023-12-26,106478.07469974633,-0.0004880096799504,0.06265159331943948,0,0.0,0.0,0.0,1.0
2023-12-27,106608.05485735126,0.0012207222751863,0.061507351239794006,0,0.0,0.0,0.0,1.0
2023-12-28,106595.05793193686,-0.0001219131653025,0.061621765849217636,0,0.0,0.0,0.0,1.0
2023-12-29,106647.04563359446,0.0004877121197381,0.06116410741152367,0,0.0,0.0,0.0,1.0
2024-01-02,106517.07637945046,-0.0012186859314466,0.062308253505758304,0,0.0,0.0,0.0,1.0
2024-01-03,106543.04842335744,0.0002438298608051,0.062079616257732506,0,0.0,0.0,0.0,1.0
2024-01-04,106478.07469974636,-0.0006098354099359,0.06265159331943915,0,0.0,0.0,0.0,1.0
2024-01-05,106452.06994545663,-0.0002442263758342,0.0628805185236967,0,0.0,0.0,0.0,1.0
2024-01-08,106543.04842335744,0.0008546426382072,0.062079616257732506,0,0.0,0.0,0.0,1.0
2024-01-09,106569.06408110807,0.0002441797764904,0.06185059506806445,0,0.0,0.0,0.0,1.0
2024-01-10,106569.06408110807,0.0,0.06185059506806445,0,0.0,0.0,0.0,1.0
2024-01-11,106816.04927782535,0.0023176068857029,0.059676333547376115,0,0.0,0.0,0.0,1.0
2024-01-12,107037.05152717477,0.0020689985338682,0.057730805260123974,0,0.0,0.0,0.0,1.0
2024-01-16,106868.05878640481,-0.0015788247000345,0.05921848313886091,0,0.0,0.0,0.0,1.0
2024-01-17,106660.06436593072,-0.0019462730289674,0.0610495008312788,0,0.0,0.0,0.0,1.0
2024-01-18,106712.08477797107,0.0004877215511691,0.0605915544373532,0,0.0,0.0,0.0,1.0
2024-01-19,106634.09232202375,-0.0007308680746852,0.06127813807930471,0,0.0,0.0,0.0,1.0
2024-01-22,106834.45248572176,0.0028818321691116205,0.059514326320553534,3,0.7993878080941952,0.20061219190580476,0.0,0.0
2024-01-23,106913.68796835664,0.0007416660149540096,0.058816800058834384,3,0.8011249343588229,0.19887506564117718,0.0,0.0
2024-01-24,106882.78839363497,-0.0002890142067759968,0.059088815374796266,3,0.8022326312053094,0.19776736879469053,0.0,0.0
2024-01-25,107487.27411286764,0.005655594584662681,0.053767403174381556,3,0.8020597747199268,0.19794022528007305,0.0,0.0
2024-01-26,107336.99335390996,-0.0013981260590893868,0.055090355625963316,3,0.8021624149297167,0.1978375850702832,0.0,0.0
2024-01-29,107334.1417103008,0.0009744072049753,0.055115459231574127,0,0.0,0.0,0.0,1.0
2024-01-30,107268.81098585347,-0.0006086667616316,0.05569057904511954,0,0.0,0.0,0.0,1.0
2024-01-31,107464.67173108255,0.0018258871654213,0.053966376593211574,0,0.0,0.0,0.0,1.0
2024-02-01,107624.46641166702,0.0014869508091397,0.052559671131413466,0,0.0,0.0,0.0,1.0
2024-02-02,107283.93617117818,-0.0031640597332794,0.055557428925671504,0,0.0,0.0,0.0,1.0
2024-02-05,107074.41785455166,-0.0019529327884858,0.05740186178956452,0,0.0,0.0,0.0,1.0
2024-02-06,107244.66107011061,0.0015899522871112,0.05590317572389003,0,0.0,0.0,0.0,1.0
2024-02-07,107205.35311201483,-0.0003665260135429,0.05624921176929043,0,0.0,0.0,0.0,1.0
2024-02-08,107179.20986989317,-0.0002438613498558,0.05647935611043586,0,0.0,0.0,0.0,1.0
2024-02-09,107139.89095945464,-0.0003668520274245,0.056825488571563554,0,0.0,0.0,0.0,1.0
2024-02-12,107152.96805668683,0.0001220562865529,0.05671036819312725,0,0.0,0.0,0.0,1.0
2024-02-13,106812.50353025444,-0.0031773690697236,0.05970754749302132,0,0.0,0.0,0.0,1.0
2024-02-14,106969.64774389571,0.0014712155267173,0.058324174637237935,0,0.0,0.0,0.0,1.0
2024-02-15,107074.4178545517,0.0009794377458065,0.05740186178956408,0,0.0,0.0,0.0,1.0
2024-02-16,106943.46069240308,-0.0012230480891011,0.05855470464129264,0,0.0,0.0,0.0,1.0
2024-02-20,107008.93379730603,0.0006122216775017,0.05797833142329201,0,0.0,0.0,0.0,1.0
2024-02-21,106917.26268856773,-0.0008566678078668,0.05878533106107464,0,0.0,0.0,0.0,1.0
2024-02-22,106904.15273430731,-0.0001226177506864,0.05890074068669293,0,0.0,0.0,0.0,1.0
2024-02-23,106956.54874197805,0.0004901213501122,0.05843948784712871,0,0.0,0.0,0.0,1.0
2024-02-26,106877.99853984291,-0.0007344122735732,0.059130981443565656,0,0.0,0.0,0.0,1.0
2024-02-27,106877.99853984291,0.0,0.059130981443565656,0,0.0,0.0,0.0,1.0
2024-02-28,106982.73579347068,0.000979970200216,0.058208957843073894,0,0.0,0.0,0.0,1.0
2024-02-29,107048.20889837363,0.0006119969209736,0.05763258462507326,0,0.0,0.0,0.0,1.0
2024-03-01,107258.39530790733,0.0019634743233605,0.05578227040181294,0,0.0,0.0,0.0,1.0
2024-03-04,107153.29662696912,-0.0009798643792544,0.05670747572130663,0,0.0,0.0,0.0,1.0
2024-03-05,107232.09873298732,0.0007354146675722,0.05601376456314078,0,0.0,0.0,0.0,1.0
2024-03-06,107258.39530790735,0.0002452304415445,0.055782270401812606,0,0.0,0.0,0.0,1.0
2024-03-07,107389.72484970916,0.0012244220270571,0.05462614941535471,0,0.0,0.0,0.0,1.0
2024-03-08,107442.26323783553,0.0004892310525974,0.05416364317133515,0,0.0,0.0,0.0,1.0
2024-03-11,107350.3183205287,-0.000855761173825,0.05497305320230117,0,0.0,0.0,0.0,1.0
2024-03-12,107245.24154427598,-0.0009788212824762,0.05589806569034028,0,0.0,0.0,0.0,1.0
2024-03-13,107192.69220380689,-0.0004899922804258,0.05636066835008702,0,0.0,0.0,0.0,1.0
2024-03-14,107100.79109587104,-0.0008573448996049,0.05716969271814365,0,0.0,0.0,0.0,1.0
2024-03-15,107035.05513474233,-0.0006137766159903,0.057748379913600156,0,0.0,0.0,0.0,1.0
2024-03-18,107048.20889837373,0.0001228921087099,0.05763258462507237,0,0.0,0.0,0.0,1.0
2024-03-19,107140.1647680233,0.0008590136219548,0.05682307817837895,0,0.0,0.0,0.0,1.0
2024-03-20,107310.90083900557,0.0015935767072221,0.05532005340497448,0,0.0,0.0,0.0,1.0
2024-03-21,107310.90083900557,0.0,0.05532005340497448,0,0.0,0.0,0.0,1.0
2024-03-22,107389.72484970924,0.0007345387103023,0.05462614941535404,0,0.0,0.0,0.0,1.0
2024-03-25,107337.23027095385,-0.0004888231050863,0.0550882699964641,0,0.0,0.0,0.0,1.0
2024-03-26,107363.42827478921,0.0002440719195868,0.0548576435766821,0,0.0,0.0,0.0,1.0
2024-03-27,107481.66976701606,0.0011013200130329,0.053816739384388024,0,0.0,0.0,0.0,1.0
2024-03-28,107416.01047228654,-0.0006108883019017,0.05439475166975327,0,0.0,0.0,0.0,1.0
2024-04-01,107191.96934918608,-0.0020857330496208,0.05636703178809044,0,0.0,0.0,0.0,1.0
2024-04-02,107244.65011776808,0.0004914618968365,0.055903272139615545,0,0.0,0.0,0.0,1.0
2024-04-03,107323.75888938298,0.0007376477197513,0.055206861341084545,0,0.0,0.0,0.0,1.0
2024-04-04,107429.1532835752,0.0009820229489059,0.054279052796952665,0,0.0,0.0,0.0,1.0
2024-04-05,107257.84769077043,-0.0015945912963922,0.05578709118817837,0,0.0,0.0,0.0,1.0
2024-04-08,107152.40948720726,-0.0009830348625599,0.05671528539521953,0,0.0,0.0,0.0,1.0
2024-04-09,107257.84769077043,0.0009840021709988,0.05578709118817837,0,0.0,0.0,0.0,1.0
2024-04-10,106822.99587460006,-0.0040542657300384,0.059615181226234104,0,0.0,0.0,0.0,1.0
2024-04-11,106954.78541479698,0.0012337188179183,0.0584550107792281,0,0.0,0.0,0.0,1.0
2024-04-12,107020.64185169584,0.0006157409099878,0.05787526301077084,0,0.0,0.0,0.0,1.0
2024-04-15,106981.10389440249,-0.0003694423487773,0.05822332378644535,0,0.0,0.0,0.0,1.0
2024-04-16,106915.2146004754,-0.0006158965605003,0.05880336080208459,0,0.0,0.0,0.0,1.0
2024-04-17,106994.27956271936,0.0007395108595105,0.05810733566646298,0,0.0,0.0,0.0,1.0
2024-04-18,106941.56593710916,-0.0004926770461528,0.05857138456211963,0,0.0,0.0,0.0,1.0
2024-04-19,106967.95013077113,0.0002467159839185,0.0583391190749728,0,0.0,0.0,0.0,1.0
2024-04-22,107020.64185169587,0.0004925935372259,0.057875263010770506,0,0.0,0.0,0.0,1.0
2024-04-23,107112.89343459942,0.0008619980342801,0.05706315333943923,0,0.0,0.0,0.0,1.0
2024-04-24,107073.36642964881,-0.0003690219140121,0.05741111769938634,0,0.0,0.0,0.0,1.0
2024-04-25,106994.27956271937,-0.000738623147535,0.05810733566646287,0,0.0,0.0,0.0,1.0
2024-04-26,107020.64185169585,0.0002463897049844,0.05787526301077073,0,0.0,0.0,0.0,1.0
2024-04-29,107073.3664296488,0.0004926580241035,0.05741111769938656,0,0.0,0.0,0.0,1.0
2024-04-30,106941.56593710915,-0.0012309362910173,0.058571384562119855,0,0.0,0.0,0.0,1.0
2024-05-01,107155.78280877136,0.0020031207677302,0.056685589351200716,0,0.0,0.0,0.0,1.0
2024-05-02,107314.42749336806,0.0014805051154338,0.055289007540772706,0,0.0,0.0,0.0,1.0
2024-05-03,107486.25879862437,0.0016011948185339,0.053776341194634925,0,0.0,0.0,0.0,1.0
2024-05-06,107473.09408265026,-0.0001224781299606,0.05389223289888989,0,0.0,0.0,0.0,1.0
2024-05-07,107486.2587986244,0.0001224931326906,0.0537763411946347,0,0.0,0.0,0.0,1.0
2024-05-08,107159.91529924801,-0.002287857470863339,0.05664921018699409,4,0.25059748206384713,0.24905452684344284,0.24983632443397313,0.2505116666587369
2024-05-09,107890.39930823717,0.0068167654570206355,0.050218609109143664,4,0.2503349014427142,0.2485750529122307,0.2520601588675577,0.2490298867774975
2024-05-10,107971.77099110097,0.0007542068931576357,0.049502277437140974,4,0.2504685001434588,0.24698997043226,0.2539134969838739,0.2486280324404074
2024-05-13,107742.95949914542,-0.0021191788358682277,0.05151655209433714,4,0.25103411103399603,0.2481462524949198,0.25160232193885873,0.24921731453222545
2024-05-14,108273.78462264962,0.004926773182877121,0.04684358927879273,4,0.25094949474018513,0.24832351099959343,0.25248744377228005,0.24823955048794133
2024-05-15,109614.38351913665,0.01288874568529414,0.03504202127370526,1,0.5997004895388576,0.4002995104611424,0.0,0.0
2024-05-16,109436.26105493802,-0.0016249917071104777,0.036610069986845684,1,0.599440679233681,0.4005593207663189,0.0,0.0
2024-05-17,109235.17648604728,-0.0018374583246205472,0.038380258833603964,1,0.6014074623698668,0.39859253763013325,0.0,0.0
2024-05-20,109182.21978388898,-0.0004847953183382417,0.03884644758214306,1,0.6023922819732215,0.3976077180267784,0.0,0.0
2024-05-21,109567.44621415462,0.0035282890476869225,0.03545522003000179,1,0.6017466355549543,0.3982533644450457,0.0,0.0
2024-05-22,109430.59654308477,-0.00124725491089916,0.03665993585054805,1,0.5990194213194551,0.4009805786805449,0.0,0.0
2024-05-23,108669.49411571574,-0.0069551154011059995,0.04336007716721635,1,0.5988089420483661,0.4011910579516339,0.0,0.0
2024-05-24,109229.23474574243,0.005150853370410024,0.03843256519642424,1,0.5996820240046477,0.4003179759953524,0.0,0.0
2024-05-28,108648.15734040024,-0.005319797458022934,0.04354790919180995,1,0.6033105426341488,0.3966894573658511,0.0,0.0
2024-05-29,107667.56870691392,-0.009025359081001993,0.05218023275512906,1,0.6045421343548188,0.39545786564518115,0.0,0.0
2024-05-30,107654.80140829831,-0.00011403911103497941,0.052292625912581436,1,0.5960877947746122,0.40391220522538784,0.0,0.0
2024-05-31,108534.52939922846,0.008171748769417609,0.044548199344614736,1,0.5966414493357914,0.4033585506642085,0.0,0.0
2024-06-03,109295.41142333124,0.007010506502534294,0.037849998283262076,1,0.5929708296465876,0.40702917035341235,0.0,0.0
2024-06-04,109887.52565159783,0.005417557979384562,0.03263749486409673,1,0.5904349899047997,0.4095650100952002,0.0,0.0
2024-06-05,110988.88010962002,0.010022561264270233,0.022942044891614333,1,0.5915237627728801,0.40847623722711995,0.0,0.0
2024-06-06,110891.51347576284,0.0001228580928207,0.023799183409259683,0,0.0,0.0,0.0,1.0
2024-06-07,110605.65985452662,-0.0025777772552333,0.026315611670807537,0,0.0,0.0,0.0,1.0
2024-06-10,110619.24838234775,0.0001228556281749,0.026195989063635183,0,0.0,0.0,0.0,1.0
2024-06-11,110741.74744332574,0.0011073937200747,0.025117604617340694,0,0.0,0.0,0.0,1.0
2024-06-12,110891.51347576284,0.0013523900055283,0.023799183409259683,0,0.0,0.0,0.0,1.0
2024-06-13,111068.44532436506,0.0015955400287768,0.022241615930264524,0,0.0,0.0,0.0,1.0
2024-06-14,111082.03385218618,0.0001223437294133,0.022121993323092393,0,0.0,0.0,0.0,1.0
2024-06-17,110973.13455850643,-0.0009803501961863,0.0230806562187843,0,0.0,0.0,0.0,1.0
2024-06-18,111122.87811198931,0.0013493676111666,0.021762432897563744,0,0.0,0.0,0.0,1.0
2024-06-20,111082.03385218621,-0.0003675594125805,0.02212199332309206,0,0.0,0.0,0.0,1.0
2024-06-21,111122.87811198931,0.0003676945621777,0.021762432897563744,0,0.0,0.0,0.0,1.0
2024-06-24,111136.51159771884,0.0001226883784974,0.021642414516670705,0,0.0,0.0,0.0,1.0
2024-06-25,111150.10012553996,0.000122268799207,0.021522791909498462,0,0.0,0.0,0.0,1.0
2024-06-26,111041.23455029151,-0.0009794464883566,0.02248115797489969,0,0.0,0.0,0.0,1.0
2024-06-27,111122.87811198931,0.00073525444875,0.021762432897563744,0,0.0,0.0,0.0,1.0
2024-06-28,111136.51159771884,0.0001226883784974,0.021642414516670705,0,0.0,0.0,0.0,1.0
2024-07-01,111040.88612650124,-0.0008604325423111,0.022484225221237386,0,0.0,0.0,0.0,1.0
2024-07-02,111136.47787928754,0.0008608698662346,0.021642711346961274,0,0.0,0.0,0.0,1.0
2024-07-03,111300.37193444684,0.0014747098188347,0.020199918247056026,0,0.0,0.0,0.0,1.0
2024-07-05,111505.24512313452,0.0018407233069117,0.018396377400459407,0,0.0,0.0,0.0,1.0
2024-07-08,111491.56667949655,-0.0001226708539393,0.018516791555073575,0,0.0,0.0,0.0,1.0
2024-07-09,111464.24351065194,-0.0002450693775177,0.01875732303401123,0,0.0,0.0,0.0,1.0
2024-07-10,111505.24512313453,0.000367845429092,0.018396377400459296,0,0.0,0.0,0.0,1.0
2024-07-11,111764.70845212592,0.0023269159105911,0.0161122683131385,0,0.0,0.0,0.0,1.0
2024-07-12,111928.58002833101,0.0014662193323331,0.014669673100093816,0,0.0,0.0,0.0,1.0
2024-07-15,111928.58002833101,0.0,0.014669673100093816,0,0.0,0.0,0.0,1.0
2024-07-16,111969.52544342807,0.000365817337151,0.014309222183693127,0,0.0,0.0,0.0,1.0
2024-07-17,111983.18140811184,0.0001219614411125,0.014189005915939301,0,0.0,0.0,0.0,1.0
2024-07-18,111928.58002833102,-0.000487585538241,0.014669673100093594,0,0.0,0.0,0.0,1.0
2024-07-19,111873.93369064179,-0.0004882250599034,0.015150736057969016,0,0.0,0.0,0.0,1.0
2024-07-22,111887.60089480266,0.0001221661177899,0.015030420846784964,0,0.0,0.0,0.0,1.0
2024-07-23,111942.2359930148,0.0004883034203539,0.014549456832339769,0,0.0,0.0,0.0,1.0
2024-07-24,111996.8486122727,0.0004878642879826,0.014068690704755249,0,0.0,0.0,0.0,1.0
2024-07-25,112010.50457695647,0.0001219316869445,0.013948474437001424,0,0.0,0.0,0.0,1.0
2024-07-26,112160.7314279549,0.0013411853786911,0.012625996548280227,0,0.0,0.0,0.0,1.0
2024-07-29,112221.76974779027,0.00154574976000738,0.01208866365598793,3,0.7992350079270328,0.20076499207296708,0.0,0.0
2024-07-30,111854.09768082801,-0.0032762989550830764,0.015325356534966472,3,0.7977993773265075,0.20220062267349245,0.0,0.0
2024-07-31,113535.96990409392,0.01503630406160948,0.0005194891940693003,3,0.7987570390074081,0.20124296099259192,0.0,0.0
2024-08-01,112448.80168331364,-0.009575539995814834,0.010090054800328874,3,0.7950589729176878,0.20494102708231227,0.0,0.0
2024-08-02,111502.38362216041,-0.008416435275305022,0.018421567782482717,3,0.7868789857083347,0.2131210142916653,0.0,0.0
2024-08-05,111363.96769986663,-0.000241613481933,0.019640071634915768,0,0.0,0.0,0.0,1.0
2024-08-06,111229.20105632526,-0.0012101458517047,0.020826450135404295,0,0.0,0.0,0.0,1.0
2024-08-07,111161.82326094856,-0.0006057563547776,0.021419590735664906,0,0.0,0.0,0.0,1.0
2024-08-08,111107.8967085137,-0.0004851175597244,0.021894317275801267,0,0.0,0.0,0.0,1.0
2024-08-09,111134.87656391306,0.000242825723451,0.021656808055782295,0,0.0,0.0,0.0,1.0
2024-08-12,111202.24330650183,0.0006061710299378,0.021063764755488656,0,0.0,0.0,0.0,1.0
2024-08-13,111377.40789002053,0.0015751892975388,0.0195217548747586,0,0.0,0.0,0.0,1.0
2024-08-14,111363.96769986665,-0.0001206724991046,0.019640071634915546,0,0.0,0.0,0.0,1.0
2024-08-15,111094.46757114778,-0.0024199939557218,0.022012536735990906,0,0.0,0.0,0.0,1.0
2024-08-16,111215.7387605955,0.0010916042184554,0.020944961495495407,0,0.0,0.0,0.0,1.0
2024-08-19,111188.7699579841,-0.0002424908822434,0.021182373415547184,0,0.0,0.0,0.0,1.0
2024-08-20,111350.46119298508,0.0014542047282479,0.019758972194875546,0,0.0,0.0,0.0,1.0
2024-08-21,111471.72132964485,0.0010889953697597,0.01869149425434735,0,0.0,0.0,0.0,1.0
2024-08-22,111323.54765431344,-0.0013292490109955,0.01999589761509124,0,0.0,0.0,0.0,1.0
2024-08-23,111579.53022336274,0.0022994467427879,0.01774243037394352,0,0.0,0.0,0.0,1.0
2024-08-26,111525.62577650379,-0.0004831033680734,0.01821696231414549,0,0.0,0.0,0.0,1.0
2024-08-27,111593.0035718805,0.0006041463108374,0.01762382171388477,0,0.0,0.0,0.0,1.0
2024-08-28,111579.53022336274,-0.0001207364985841,0.01774243037394352,0,0.0,0.0,0.0,1.0
2024-08-29,111566.03476926908,-0.000120949192622,0.017861233633936657,0,0.0,0.0,0.0,1.0
2024-08-30,111566.03476926908,0.0,0.017861233633936657,0,0.0,0.0,0.0,1.0
2024-09-03,111685.02908439796,0.0010665819160371,0.016813702186691537,0,0.0,0.0,0.0,1.0
2024-09-04,111928.42252796596,0.0021792844176462,0.01467105960822368,0,0.0,0.0,0.0,1.0
2024-09-05,111968.99731255058,0.0003625065346961,0.014313871428506486,0,0.0,0.0,0.0,1.0
2024-09-06,112171.804918746,0.0018112835790544,0.012528514329723128,0,0.0,0.0,0.0,1.0
2024-09-09,112185.3445839915,0.000120704710558,0.012409321869860879,0,0.0,0.0,0.0,1.0
2024-09-10,112347.5774056023,0.0014461142158308,0.010981152950794826,0,0.0,0.0,0.0,1.0
2024-09-11,112252.9323823394,-0.0008424304773499,0.011814332570222463,0,0.0,0.0,0.0,1.0
2024-09-12,112266.43888922101,0.0001203220850891,0.01169543201026213,0,0.0,0.0,0.0,1.0
2024-09-13,112428.70486919566,0.0014453649869019,0.010266971191294494,0,0.0,0.0,0.0,1.0
2024-09-16,112496.31477311943,0.0006013580250918,0.009671787291721912,0,0.0,0.0,0.0,1.0
2024-09-17,112415.1873095261,-0.0007211566330591,0.010385969051222022,0,0.0,0.0,0.0,1.0
2024-09-18,112374.63463051738,-0.000360740216507,0.010742962631004827,0,0.0,0.0,0.0,1.0
2024-09-19,112469.26860099235,0.000842129282877,0.009909880311544272,0,0.0,0.0,0.0,1.0
2024-09-20,112509.81022721312,0.0003604684793017,0.00955298403172855,0,0.0,0.0,0.0,1.0
2024-09-23,112509.81022721312,0.0,0.00955298403172855,0,0.0,0.0,0.0,1.0
2024-09-24,112617.99491572155,0.0009615578258459,0.008600611952438442,0,0.0,0.0,0.0,1.0
2024-09-25,112523.3277868827,-0.0008406039275489,0.009433986171800801,0,0.0,0.0,0.0,1.0
2024-09-26,112415.18730952613,-0.0009610494062297,0.0103859690512218,0,0.0,0.0,0.0,1.0
2024-09-27,112590.94874359443,0.0015635025682461,0.008838704972261024,0,0.0,0.0,0.0,1.0
2024-09-30,112428.70486919569,-0.001441002817804,0.01026697119129416,0,0.0,0.0,0.0,1.0
2024-10-01,112500.62536042211,0.0006396986544503,0.009633840304500207,0,0.0,0.0,0.0,1.0
2024-10-02,112473.4576076275,-0.0002414897935685,0.009873003623962262,0,0.0,0.0,0.0,1.0
2024-10-03,112324.2449702283,-0.0013266475537699,0.01118655318162598,0,0.0,0.0,0.0,1.0
2024-10-04,111944.42696492559,-0.0033814427633445,0.014530169255667746,0,0.0,0.0,0.0,1.0
2024-10-07,111795.17011637456,-0.0013333120066602,0.015844108013200575,0,0.0,0.0,0.0,1.0
2024-10-08,112392.49054759719,0.00634933893858616,0.01058577331788313,1,0.6018530957103021,0.39814690428969784,0.0,0.0
2024-10-09,112606.63362086713,0.0019053147788307973,0.008700627769400171,1,0.6048693548490659,0.39513064515093405,0.0,0.0
2024-10-10,112313.13862945122,-0.0026063739051472505,0.011284324585370875,1,0.6053887458795265,0.3946112541204735,0.0,0.0
2024-10-11,112541.29071775699,0.00203139268557448,0.009275854794220884,1,0.6077793167171568,0.39222068328284326,0.0,0.0
2024-10-14,113133.67235655156,0.005263682644978778,0.0040609973051398685,1,0.6095415787650763,0.39045842123492364,0.0,0.0
2024-10-15,113075.36518720588,0.0004851021208107,0.004574287317551606,0,0.0,0.0,0.0,1.0
2024-10-16,113143.84250723271,0.0006055900851034,0.003971467375494142,0,0.0,0.0,0.0,1.0
2024-10-17,113047.98542094251,-0.0008472143438479,0.004815317035215427,0,0.0,0.0,0.0,1.0
2024-10-18,113143.8425072327,0.0008479327246146,0.003971467375494253,0,0.0,0.0,0.0,1.0
2024-10-21,112979.46345392626,-0.0014528325153525,0.005418530013910017,0,0.0,0.0,0.0,1.0
2024-10-22,112965.75682817356,-0.0001213196215815,0.0055391922614805855,0,0.0,0.0,0.0,1.0
2024-10-23,112897.25718465203,-0.0006063752896882,0.006142208721856557,0,0.0,0.0,0.0,1.0
2024-10-24,112952.0836876629,0.0004856318424211,0.005659559731573616,0,0.0,0.0,0.0,1.0
2024-10-25,112910.96381040475,-0.0003640470889573,0.006021546474285877,0,0.0,0.0,0.0,1.0
2024-10-28,112856.17079263594,-0.0004852763267597,0.006503900687091058,0,0.0,0.0,0.0,1.0
2024-10-29,113128.55496354913,0.0034169683852030602,0.0041060467689915114,5,0.19964150720706464,0.5988680077236929,0.20149048506924258,0.0
2024-10-30,113384.50456283767,0.0022624667960358482,0.0018528697674335959,5,0.19858827188989794,0.5992691991083388,0.20214252900176324,0.0
2024-10-31,112698.36273905977,-0.006051460262787759,0.007893117462451693,5,0.19588065060336307,0.60389741756803,0.20022193182860692,0.0
2024-11-01,111739.47376549839,-0.008508455227353837,0.016334414453271995,5,0.19839542084005274,0.6004928830929075,0.20111169606703977,0.0
2024-11-04,112765.24390926854,0.009180015881611174,0.007304348755758694,5,0.19616725822331155,0.604266300744298,0.19956644103239038,0.0
2024-11-05,112625.03012673311,-0.000243656765935,0.008538679541930883,0,0.0,0.0,0.0,1.0
2024-11-06,112487.83199291822,-0.0012181851020195,0.009746462951741641,0,0.0,0.0,0.0,1.0
2024-11-07,112679.92720398544,0.0017076976919541,0.008055409272074932,0,0.0,0.0,0.0,1.0
2024-11-08,112597.6261474229,-0.0007303967849886,0.008779922412029517,0,0.0,0.0,0.0,1.0
2024-11-11,112515.28053154441,-0.0007313263937792,0.009504827816813388,0,0.0,0.0,0.0,1.0
2024-11-12,112405.55321601368,-0.0009752214544759,0.01047077995928114,0,0.0,0.0,0.0,1.0
2024-11-13,112570.18874862573,0.0014646565752465,0.00902145948074995,0,0.0,0.0,0.0,1.0
2024-11-14,112405.55321601368,-0.0014625144937768,0.01047077995928114,0,0.0,0.0,0.0,1.0
2024-11-15,112529.0159406865,0.0010983685515568,0.00938391218314183,0,0.0,0.0,0.0,1.0
2024-11-18,112611.32813707805,0.0007314753061995,0.008659300976979867,0,0.0,0.0,0.0,1.0
2024-11-19,112611.32813707805,0.0,0.008659300976979867,0,0.0,0.0,0.0,1.0
2024-11-20,112556.43105982571,-0.0004874916063996,0.009142571246835818,0,0.0,0.0,0.0,1.0
2024-11-21,112529.01594068651,-0.000243567772015,0.009383912183141718,0,0.0,0.0,0.0,1.0
2024-11-22,112515.28053154444,-0.0001220610437872,0.009504827816813055,0,0.0,0.0,0.0,1.0
2024-11-25,112734.79086175087,0.0019509379452231,0.007572433200840556,0,0.0,0.0,0.0,1.0
2024-11-26,112734.79086175087,0.0,0.007572433200840556,0,0.0,0.0,0.0,1.0
2024-11-27,112803.42334814528,0.0006087959703457,0.006968247297313046,0,0.0,0.0,0.0,1.0
2024-11-29,112940.61034213119,0.0012161598461644,0.005760561953709775,0,0.0,0.0,0.0,1.0
2024-12-02,112933.72592781667,-6.095605729117271e-05,0.005821166869856342,0,0.0,0.0,0.0,1.0
2024-12-03,112947.49475644573,0.0001219195463173,0.005699957037562764,0,0.0,0.0,0.0,1.0
2024-12-04,113071.35851496209,0.0010966490118569,0.004609558877958775,0,0.0,0.0,0.0,1.0
2024-12-05,113071.35851496209,0.0,0.004609558877958775,0,0.0,0.0,0.0,1.0
2024-12-06,113181.47572450741,0.0009738735873661,0.0036401744182333884,0,0.0,0.0,0.0,1.0
2024-12-09,113140.16923862032,-0.0003649580076836,0.0040038039151135685,0,0.0,0.0,0.0,1.0
2024-12-10,113126.3892701623,-0.0001217955439766,0.004125111813614413,0,0.0,0.0,0.0,1.0
2024-12-11,113098.89617222018,-0.0002430299253736,0.00436713921337184,0,0.0,0.0,0.0,1.0
2024-12-12,113043.83199753302,-0.0004868674810345,0.004851880476338222,0,0.0,0.0,0.0,1.0
2024-12-13,112988.77896267487,-0.0004870060921091,0.0053365236730971155,0,0.0,0.0,0.0,1.0
2024-12-16,113002.5477913039,0.0001218601418251,0.005215313840803648,0,0.0,0.0,0.0,1.0
2024-12-17,113016.29434027497,0.0001216481330708,0.0050943001409249344,0,0.0,0.0,0.0,1.0
2024-12-18,112809.11580075814,-0.0018331740633173,0.006918135465353137,0,0.0,0.0,0.0,1.0
2024-12-19,112933.44743209203,0.0011021417059369,0.005823618525039875,0,0.0,0.0,0.0,1.0
2024-12-20,112947.260820037,0.0001223144095843,0.005702016427917123,0,0.0,0.0,0.0,1.0
2024-12-23,112878.19388031207,-0.0006114972529965,0.006310026913531441,0,0.0,0.0,0.0,1.0
2024-12-24,112933.44743209203,0.0004894971285467,0.005823618525039875,0,0.0,0.0,0.0,1.0
2024-12-26,113031.94018417667,0.0016233484373220875,0.004956566556862829,4,0.2496114416050267,0.24945282412580425,0.25127988016516817,0.24965585410400096
2024-12-27,112315.53029960628,-0.006338118972416505,0.011263270220747246,4,0.24855928406085573,0.24898577300846952,0.2511452492433107,0.2513096936873642
2024-12-30,112173.1272898206,-0.00126788351892053,0.012516873224985736,4,0.24603479772176617,0.2513053331663024,0.25066198617330354,0.25199788293862785
2024-12-31,112114.34426407983,-0.0005240383963699652,0.013034352299183372,4,0.2452682197451809,0.25009118490674087,0.25235676653406497,0.2522838288140132
2025-01-02,112501.38308341634,0.003452179307447536,0.009627169913029032,4,0.24382384163226567,0.24991582105111354,0.25490573782043136,0.25135459949618955
2025-01-03,112541.22386179703,0.0003603984920323498,0.009276443340996643,4,0.25303468469954143,0.24911075132782293,0.24794463113557405,0.24990993283706162
2025-01-06,112552.49077069058,0.0001001136162103562,0.009177258423074597,4,0.25446684460061975,0.24797295129567565,0.24761434998956156,0.24994585411414305
2025-01-07,112053.82848978527,-0.004430486411191575,0.01356708511553073,4,0.2527099679066151,0.24626752979165728,0.25011741117331765,0.2509050911284099
2025-01-08,112296.67127909783,0.0021671976101619406,0.011429290059807973,4,0.25253189356373346,0.246049659732195,0.25090319885281337,0.2505152478512581
2025-01-10,111898.47494127578,-0.003545931800884683,0.014934694377608193,4,0.24956130844128807,0.24528918171716352,0.2542027951838603,0.25094671465768814
2025-01-13,111647.27983125795,-0.0018908082502631,0.017146016631556793,5,0.20068958246608828,0.6009255609314613,0.19838485660245048,0.0
2025-01-14,111684.42773237814,0.0003327255368544247,0.016818996012291088,5,0.20089885571419822,0.599741213754383,0.1993599305314187,0.0
2025-01-15,113413.77336735786,0.015484214496972072,0.001595210457197016,5,0.2014341619241053,0.6007755298396956,0.1977903082361992,0.0
2025-01-16,113744.75194742517,0.0029183279088619537,0.0,5,0.2004617493325409,0.6009605352496252,0.19857771541783398,0.0
2025-01-17,113971.60099088836,0.0019943693188414595,0.0,5,0.2020713395902277,0.6007980018307272,0.19713065857904516,0.0
2025-01-21,114898.62534167035,0.008487594232719175,0.0,4,0.25016512224283066,0.2501136636866209,0.2517346829112208,0.24798653115932762
2025-01-22,115051.5345746655,0.0013308186459188717,0.0,4,0.2512370582075968,0.2484750873277684,0.25269121862972665,0.24759663583490815
2025-01-23,114946.02468619928,-0.0009170663290696126,0.0009170663290696268,4,0.25284017026664485,0.24677061037663,0.25256531256135645,0.24782390679536867
2025-01-24,115186.46663418153,0.0020917813263978775,0.0,4,0.25157582113718685,0.24736152101690043,0.2536054547254368,0.24745720312047598
2025-01-27,114850.74730355018,-0.0029145726962661943,0.00291457269626616,4,0.24874216829901857,0.2510143181590958,0.2517003382876687,0.24854317525421693
2025-01-28,115560.86637358347,0.0067379451804573205,0.0,3,0.8014736503066968,0.19852634969330316,0.0,0.0
2025-01-29,115098.84006507025,-0.003998120843258344,0.003998120843258346,3,0.8010835815242136,0.19891641847578645,0.0,0.0
2025-01-30,115679.5594323972,0.005045397216849796,0.0,3,0.8013399844813763,0.19866001551862375,0.0,0.0
2025-01-31,115035.33636470325,-0.005569031130953094,0.005569031130952973,3,0.8015391206531285,0.19846087934687145,0.0,0.0
2025-02-03,114600.71120302967,-0.003778188297686743,0.00932617858039142,3,0.799164431914838,0.20083556808516204,0.0,0.0
2025-02-04,115285.84400621915,0.005979274694272301,0.003403500394623671,3,0.8005798918228227,0.19942010817717729,0.0,0.0
2025-02-05,116039.62891297469,0.006538399516898885,0.0,3,0.7986041878290822,0.20139581217091787,0.0,0.0
2025-02-06,116351.31457623256,0.002686027749120284,0.0,3,0.7992330776308487,0.20076692236915133,0.0,0.0
2025-02-07,115349.31954835451,-0.008611806678140684,0.008611806678140654,3,0.7987963671426823,0.20120363285731768,0.0,0.0
2025-02-10,115904.87686437275,0.004816303366101174,0.0038369803855314855,3,0.8003663652107289,0.19963363478927107,0.0,0.0
2025-02-11,115826.87690855528,-0.0006725991431316201,0.004507363492946781,3,0.8011472017038886,0.19885279829611135,0.0,0.0
2025-02-12,115215.39508707062,-0.005279274014850872,0.009762841900833874,3,0.8028045431160227,0.19719545688397724,0.0,0.0
2025-02-13,116569.57997234692,0.011753506415118537,0.0,3,0.8018555389731453,0.19814446102685465,0.0,0.0
2025-02-14,116687.40185316849,0.001010742947255229,0.0,3,0.8010064944799871,0.1989935055200129,0.0,0.0
2025-02-18,116688.32827939297,7.939385141617622e-06,0.0,3,0.8033517894590836,0.19664821054091644,0.0,0.0
2025-02-19,116936.89546471935,0.00213353930221368,0.0,3,0.8001766455297309,0.1998233544702691,0.0,0.0
2025-02-20,116635.03934510167,-0.0025813591032844098,0.0025813591032843863,3,0.7989099880085182,0.2010900119914818,0.0,0.0
2025-02-21,115324.7294700459,-0.011234273014465274,0.013786632424835021,3,0.7941674013317075,0.20583259866829245,0.0,0.0
2025-02-24,114976.82848835946,-0.0030167075464659805,0.01676174973322475,3,0.7929456201411704,0.20705437985882952,0.0,0.0
2025-02-25,114934.00143963733,-0.0003724841716821293,0.017127990418441597,3,0.7892960747876656,0.2107039252123344,0.0,0.0
2025-02-26,115114.9784077867,0.0015853373342620402,0.01558034399401631,3,0.7991370198723694,0.20086298012763068,0.0,0.0
2025-02-27,113483.13863346577,-0.014175738004660328,0.02953521912419499,3,0.7976889294506033,0.2023110705493967,0.0,0.0
2025-02-28,115177.45203569003,0.014930089373864235,0.01504609321153172,3,0.7982199321814092,0.20178006781859079,0.0,0.0
2025-03-03,113675.1761671582,-0.013043142055845437,0.027892986936233655,3,0.7945992071328883,0.2054007928671116,0.0,0.0
2025-03-04,112318.45660685674,-0.011935055709141117,0.03949513829239659,3,0.7946781694345173,0.20532183056548264,0.0,0.0
2025-03-05,112001.91641322275,-0.0022248833753012605,0.042202070030031846,5,0.20260033002834382,0.5965365106484297,0.20086315932322657,0.0
2025-03-06,111263.81319452234,-0.006590094547822155,0.04851404894624223,5,0.2003240728269298,0.5985076774377017,0.20116824973536854,0.0
2025-03-07,111186.80930924127,-0.0006920838237534778,0.04917255698149525,5,0.20158640291190236,0.5970009519806103,0.2014126451074873,0.0
2025-03-10,111086.1577043449,-0.0009052477134803132,0.05003329135020218,5,0.19639483190092086,0.6037751838196909,0.19982998427938828,0.0
2025-03-11,110686.31061232182,-0.0035994321910681427,0.05345263210175932,5,0.19546578906975978,0.6016303737067799,0.2029038372234605,0.0
2025-03-12,110956.84382136361,0.0030505216968273806,0.05113913465540876,3,0.8017992842505459,0.19820071574945405,0.0,0.0
2025-03-13,109964.22592464485,-0.008945981721657848,0.059627626613177886,3,0.7982520087570051,0.20174799124299492,0.0,0.0
2025-03-14,111659.91297875036,0.01542035184485825,0.045126753750368565,3,0.8023678330278925,0.1976321669721075,0.0,0.0
2025-03-17,112460.91256079527,0.00717356444830251,0.03827690897843705,3,0.8027961630989376,0.19720383690106227,0.0,0.0
2025-03-18,111507.12217682149,-0.008481083447177034,0.04643336276646792,3,0.8009118375370485,0.1990881624629515,0.0,0.0
2025-03-19,112594.09623057564,0.009748944284001321,0.037137972723535806,3,0.8009047014844504,0.1990952985155497,0.0,0.0
2025-03-20,112348.08669561468,-0.0021849239276024576,0.03924175300591204,3,0.800337402548972,0.19966259745102805,0.0,0.0
2025-03-21,112244.98075471874,-0.0009177365091698042,0.040123475925664454,3,0.8013368434964749,0.1986631565035251,0.0,0.0
2025-03-24,113627.12614514593,0.012313649849942961,0.028303892509032758,3,0.8057655714920837,0.19423442850791636,0.0,0.0
2025-03-25,113844.77623050984,0.0019154764601358152,0.026442631488728163,3,0.8061584844776204,0.19384151552237966,0.0,0.0
2025-03-26,112607.11237495382,-0.010865411686759701,0.037026663591149034,3,0.7991321460532764,0.20086785394672357,0.0,0.0
2025-03-27,112302.17160291785,-0.002708006320423156,0.03963440147254316,3,0.7991739430074285,0.20082605699257147,0.0,0.0
2025-03-28,110806.80111383804,-0.013315597265270953,0.05242224300995568,3,0.7936479891513157,0.20635201084868432,0.0,0.0
2025-03-31,111622.89638762212,0.007365028730913878,0.045443305604949025,3,0.7931341341833495,0.20686586581665045,0.0,0.0
2025-04-01,112073.03834689381,0.004032702732497712,0.041593862215138055,3,0.7921796710091292,0.20782032899087077,0.0,0.0
2025-04-02,112624.85193051494,0.0049315550114111,0.03687496163694015,3,0.8011119111740121,0.198888088825988,0.0,0.0
2025-04-03,108281.38870139226,-0.038565761949258114,0.07401861259381992,3,0.7921837269682159,0.2078162730317841,0.0,0.0
2025-04-04,103504.64003144811,-0.04411421692343639,0.11486755638492074,3,0.7802260268208204,0.21977397317917957,0.0,0.0
2025-04-07,102674.81270940711,-0.008017295860252054,0.12196392506089071,3,0.78513087605245,0.21486912394755003,0.0,0.0
2025-04-08,100995.70143850012,-0.016353682335503734,0.13632304810955742,3,0.785682363828895,0.214317636171105,0.0,0.0
2025-04-09,104159.81375549988,0.03193356338177046,0.10926475906891508,5,0.21416482944273946,0.5848549354699479,0.20098023508731247,0.0
2025-04-10,102014.17594857547,-0.020599478143854755,0.12761344019643617,5,0.20908741910030815,0.5806932812047667,0.21021929969492517,0.0
2025-04-11,103126.27511410414,0.010901417917537922,0.11810318972237432,5,0.21052314294355967,0.5775554162446521,0.21192144081178818,0.0
2025-04-14,103637.19124761497,0.004954277005986523,0.11373402863356319,5,0.21151759329586664,0.5788089650726506,0.20967344163148277,0.0
2025-04-15,103901.99007535684,0.002555056004066972,0.11146956944222308,5,0.21038760010499225,0.5793790253227965,0.21023337457221125,0.0
2025-04-16,104461.96659705606,0.00541020122213412,0.10668086251209785,5,0.19450211178429966,0.6001009648482453,0.20539692336745502,0.0
2025-04-17,103843.06640505152,-0.005924646186222379,0.11197346233309502,5,0.19594048934840777,0.5983456400326925,0.20571387061889979,0.0
2025-04-21,102933.50578193655,-0.008758992339143052,0.11975167997347524,5,0.19296676972445417,0.5930814789137864,0.2139517513617595,0.0
2025-04-22,103478.40515756137,0.005293702681993508,0.11509190708093064,5,0.19694478886210132,0.5932512875177436,0.20980392362015501,0.0
2025-04-23,103869.89787256332,0.003783327684707128,0.11174400979456844,5,0.1992426959553178,0.5967559950347578,0.20400130900992422,0.0
2025-04-24,105265.74417305258,0.01344246534889512,0.09980726138901164,5,0.2015011341823614,0.5982790582395282,0.2002198075781104,0.0
2025-04-25,105654.4196470011,0.003692326283368547,0.09648345608014064,5,0.2022104157736139,0.6004690673978159,0.1973205168285702,0.0
2025-04-28,106359.16242159618,0.006670263079856769,0.09045676303519223,5,0.20094716536857138,0.6002481382178435,0.19880469641358506,0.0
2025-04-29,106823.15397479906,0.004362497246486981,0.08648888316837233,5,0.20133468767821897,0.6026518681397106,0.19601344418207023,0.0
2025-04-30,106154.02489218513,-0.00626389558551881,0.09221102142041626,5,0.20268417584657855,0.6015426934329257,0.19577313072049587,0.0
2025-05-01,105540.07256293649,-0.005779396719960759,0.09746130899482752,5,0.20258821125781717,0.6004277976185108,0.19698399112367201,0.0
2025-05-02,105207.8709697709,-0.0031476346860334794,0.10030217108412265,5,0.20624466363070823,0.5958038990391399,0.1979514373301519,0.0
2025-05-05,105355.34490370187,0.0014017386016047689,0.09904102990755137,5,0.20477492642859602,0.591646635009176,0.20357843856222804,0.0
2025-05-06,105983.3088219972,0.005960437212457601,0.0936709205353149,5,0.20186019816990924,0.590096310710204,0.20804349111988674,0.0
2025-05-07,106007.05944412405,0.00022409776021187712,0.09346781421859196,5,0.20266368786601782,0.5924579425095293,0.20487836962445274,0.0
2025-05-08,106298.06662782513,0.00334450207014964,0.09097923110250539,3,0.8028890342589876,0.19711096574101233,0.0,0.0
2025-05-09,106220.65677237556,-0.0007282338983699384,0.09164121084073884,3,0.8024503475660817,0.19754965243391825,0.0,0.0
2025-05-12,108842.25824300542,0.024680712304837104,0.06922226889592886,3,0.8090025105688101,0.19099748943118977,0.0,0.0
2025-05-13,109339.3709192688,0.004567276389594121,0.06497114974069729,3,0.8106425361483437,0.18935746385165628,0.0,0.0
2025-05-14,109315.25485665246,-0.00022056156363043196,0.06517738116595018,3,0.8118576690104797,0.18814233098952024,0.0,0.0
2025-05-15,109996.66720458578,0.00644668417478252,0.05935020108540057,1,0.5990685655483469,0.4009314344516532,0.0,0.0
2025-05-16,110531.90863182655,0.0048659785868352045,0.05477301930617118,1,0.5999438414674443,0.4000561585325557,0.0,0.0
2025-05-19,110476.36372409377,-0.0005025237365418917,0.05524801830038972,1,0.6009021018876429,0.3990978981123571,0.0,0.0
2025-05-20,109935.46944479052,-0.004896018126140469,0.0598735411274981,1,0.601828276513988,0.39817172348601204,0.0,0.0
2025-05-21,108072.50353954124,-0.016945994906446955,0.07580491931096767,1,0.601886570181806,0.39811342981819403,0.0,0.0
2025-05-22,108198.44097612014,0.00136368866741748,0.07472795009540556,3,0.7992257863700353,0.20077421362996464,0.0,0.0
2025-05-23,107644.21712195162,-0.005122290572475487,0.07946746239360691,3,0.7978574166484281,0.20214258335157184,0.0,0.0
2025-05-27,109733.49782927481,0.019409130961082842,0.0616007258172665,3,0.7989386271590125,0.20106137284098746,0.0,0.0
2025-05-28,109131.05051682891,-0.005490094860397053,0.0667526268494576,3,0.7987012683665099,0.20129873163349016,0.0,0.0
2025-05-29,109678.4337947149,0.005015834405457196,0.06207161256640659,3,0.7978522013298066,0.20214779867019333,0.0,0.0
2025-05-30,109613.17495760584,-0.00059285501554216,0.06262968140216385,3,0.799579397653026,0.20042060234697404,0.0,0.0
2025-06-02,109902.40383633166,0.002638632434811673,0.06015630567608177,3,0.8019671844055821,0.19803281559441793,0.0,0.0
2025-06-03,110366.68318062223,0.004224469420905297,0.05618596472897974,3,0.8031475758282781,0.19685242417172194,0.0,0.0
2025-06-04,110695.57925866434,0.00298003046357612,0.05337337015192145,3,0.8005463515976597,0.1994536484023404,0.0,0.0
2025-06-05,110282.63894408105,-0.003730413782996475,0.05690467917925812,3,0.7996604879644198,0.20033951203558015,0.0,0.0
2025-06-06,110907.94957018377,0.0056704145519798,0.051557259756007,3,0.8036581499109394,0.19634185008906055,0.0,0.0
2025-06-09,111011.23939067911,0.000931311244105036,0.050673964367628055,3,0.8036339963851056,0.19636600361489437,0.0,0.0
2025-06-10,111629.32470747779,0.005567772418281659,0.045388333050477514,3,0.8037156349776152,0.19628436502238478,0.0,0.0
2025-06-11,111439.77109759807,-0.0016980628555842024,0.04700932366363186,3,0.8027864754628619,0.19721352453713814,0.0,0.0
2025-06-12,112058.10484990888,0.005548591371111692,0.0417215678201619,3,0.8015296097133667,0.1984703902866333,0.0,0.0
2025-06-13,110839.70789237351,-0.0108713904934759,0.05214083671466552,3,0.7997502676158095,0.2002497323841905,0.0,0.0
2025-06-16,111459.42406512678,0.00559110254381946,0.046841258935638175,3,0.8028704362405298,0.1971295637594701,0.0,0.0
2025-06-17,110962.12211213591,-0.004461730868986702,0.05109399671368964,3,0.7995772693368618,0.20042273066313823,0.0,0.0
2025-06-18,110987.3095485596,0.0002269913006731328,0.050878603305787085,3,0.7992753340278861,0.20072466597211389,0.0,0.0
2025-06-20,110737.8454241574,-0.0022476815179760627,0.0530119259274523,3,0.7991945913970658,0.20080540860293414,0.0,0.0
2025-06-23,111684.50420846742,0.008549459603594801,0.0449164588762031,3,0.8010534147816725,0.1989465852183276,0.0,0.0
2025-06-24,112834.16837877515,0.010293855700534814,0.035084966721918964,3,0.8016507240071888,0.19834927599281107,0.0,0.0
2025-06-25,112913.02642965315,0.0006988844958139658,0.034410602565382975,3,0.801539772864517,0.19846022713548286,0.0,0.0
2025-06-26,113733.78562360605,0.007268950447132313,0.02739178108315432,3,0.8019813051700817,0.19801869482991824,0.0,0.0
2025-06-27,114043.55909991743,0.002723671551183172,0.024742715746843613,3,0.8037765833538165,0.19622341664618348,0.0,0.0
2025-06-30,114703.79963110494,0.00579316996503884,0.019096589017006615,3,0.7991951504082891,0.2008048495917108,0.0,0.0
2025-07-01,114731.23577514471,0.00023919123976726126,0.018861965514041734,3,0.7987453867439601,0.20125461325603988,0.0,0.0
2025-07-02,114999.96521392695,0.002342251758787785,0.016563893227153348,3,0.8004913594174252,0.19950864058257478,0.0,0.0
2025-07-03,115565.69674673096,0.004919406121137806,0.011725971623747111,3,0.8028508030575704,0.19714919694242955,0.0,0.0
2025-07-07,114656.85377223008,-0.007864297106196287,0.019498052205235483,3,0.8031844626618326,0.1968155373381673,0.0,0.0
2025-07-08,114576.96345718368,-0.0006935952383661601,0.020181243893614975,3,0.8001167689450672,0.1998832310549328,0.0,0.0
2025-07-09,115366.29446558109,0.006889089958230265,0.013431184340036761,3,0.7994076031396247,0.20059239686037536,0.0,0.0
2025-07-10,115642.36543425418,0.0023929950246902713,0.011070330072647905,3,0.7997483452364331,0.20025165476356685,0.0,0.0
2025-07-11,114997.79030140073,-0.005573866726376364,0.016582492254582304,3,0.8014038212119231,0.19859617878807692,0.0,0.0
2025-07-14,115125.72462212037,0.0011124937303955502,0.01548844644285452,3,0.8020407026947368,0.19795929730526315,0.0,0.0
2025-07-15,114570.5634686166,-0.004820185500594981,0.02023597416964673,3,0.8004397771333853,0.19956022286661465,0.0,0.0
2025-07-16,114909.4274029376,0.002957687594979888,0.01733813826444064,3,0.8007474260101896,0.19925257398981044,0.0,0.0
2025-07-17,115467.14454697608,0.004853536882425069,0.012568752675554795,3,0.8017564350238628,0.1982435649761373,0.0,0.0
2025-07-18,115434.3051670684,-0.0002844045380745245,0.012849582603330578,3,0.8013971232998012,0.19860287670019883,0.0,0.0
2025-07-21,115814.11507313882,0.0032902689154727036,0.009601592270074177,3,0.8002835391872065,0.19971646081279346,0.0,0.0
2025-07-22,116224.99094013743,0.0041002582435799,0.006087937615863126,4,0.2490147495436136,0.2504846034511404,0.25134065895005875,0.2491599880551874
2025-07-23,115922.91465992416,-0.002599064777461329,0.008671179449099564,4,0.2517876737551423,0.24974406415476696,0.2488705686447009,0.24959769344538982
2025-07-24,115681.05667564046,-0.002086369075460487,0.010739457243909678,4,0.2523976175248581,0.24982985513014191,0.24786504754420066,0.24990747980079925
2025-07-25,115738.40164056368,0.000495716123029761,0.010249064842988376,4,0.25333824655676795,0.25127604775951606,0.24545062384514,0.24993508183857602
2025-07-28,115355.20269529754,-0.0033109057999280017,0.013526036954683907,4,0.2541159952980274,0.25047730690221554,0.24467175532188296,0.25073494247787426
2025-07-29,115366.54433023081,0.0008482198309771,0.013429047592274368,0,0.0,0.0,0.0,1.0
2025-07-30,115240.83112149891,-0.0010896851375911,0.014504099296292261,0,0.0,0.0,0.0,1.0
2025-07-31,115240.83112149891,0.0,0.014504099296292261,0,0.0,0.0,0.0,1.0
2025-08-01,115815.29596266606,0.0049849071338394,0.009591493750504831,0,0.0,0.0,0.0,1.0
2025-08-04,115843.3242964874,0.0002420089124528,0.009351806065023283,0,0.0,0.0,0.0,1.0
2025-08-05,115801.27627184258,-0.0003629732218078,0.009711384831653791,0,0.0,0.0,0.0,1.0
2025-08-06,115843.32429648741,0.0003631050192065,0.009351806065023172,0,0.0,0.0,0.0,1.0
2025-08-07,115787.26762884477,-0.0004839007166194,0.009831181435985936,0,0.0,0.0,0.0,1.0
2025-08-08,115759.23929502345,-0.0002420674949439,0.010070869121467374,0,0.0,0.0,0.0,1.0
2025-08-11,115759.23929502345,0.0,0.010070869121467374,0,0.0,0.0,0.0,1.0
2025-08-12,115829.45021609718,0.001357543576312425,0.009470451940946978,4,0.2523189854352387,0.24840407681151422,0.2494345151497899,0.24984242260345724
2025-08-13,116294.33854249954,0.004013558948393746,0.005494903209686042,4,0.25217058092356354,0.2494597560853598,0.24919495294679364,0.24917471004428302
2025-08-14,115866.77365890252,-0.0036765752224539395,0.00915127600714949,4,0.2531246680926459,0.24852389192881172,0.2485291152074837,0.24982232477105862
2025-08-15,115599.32439200797,-0.0023082481581982515,0.01143840074935909,4,0.25311630839727123,0.24732413673398562,0.24925003905735266,0.2503095158113905
2025-08-18,115465.24358252312,-0.001159875372888563,0.012585009002913261,4,0.25335506209579745,0.2468948812477621,0.24914987586691076,0.25060018078952967
2025-08-19,115035.2270109177,-0.0031793009046054404,0.01626234770680557,3,0.7981976296233931,0.20180237037660692,0.0,0.0
2025-08-20,114842.15378571665,-0.001678383484936567,0.017913436735924715,3,0.7974151223952353,0.2025848776047647,0.0,0.0
2025-08-21,114359.56266242212,-0.0042022124053420744,0.022040373075192687,3,0.7975675930215604,0.20243240697843953,0.0,0.0
2025-08-22,115931.72968258557,0.013747578108569167,0.008595796717016824,3,0.798833753409065,0.2011662465909349,0.0,0.0
2025-08-25,115457.15026398128,-0.00409361112702858,0.01265421999495886,3,0.7985870223261841,0.2014129776738159,0.0,0.0
2025-08-26,115612.37610973822,0.0019441962898909802,0.011326787407151095,5,0.20044770336163392,0.5984907902244377,0.20106150641392842,0.0
2025-08-27,115632.34100414219,0.00017268821103544506,0.01115605519876961,5,0.20086972614946397,0.5976976638033509,0.20143261004718513,0.0
2025-08-28,116342.04265781656,0.0061375705750777495,0.005086955699813767,5,0.20035141922093638,0.5979594160170284,0.20168916476203533,0.0
2025-08-29,115934.93920935456,-0.003499194608946049,0.008568350060799035,5,0.1998559112789887,0.5957935811351257,0.2043505075858857,0.0
2025-09-02,115809.35455238026,-0.0010832339054193249,0.00964230243891906,5,0.1985900479497162,0.5920012368478735,0.20940871520241028,0.0
2025-09-03,116495.61465798003,0.00653111220299614,0.0037736661725593645,3,0.7991165172927,0.20088348270729994,0.0,0.0
2025-09-04,117452.05498361512,0.008210097250811748,0.0,3,0.7992332847040254,0.20076671529597456,0.0,0.0
2025-09-05,117539.71380410134,0.000746337052156744,0.0,3,0.7963242237019882,0.20367577629801184,0.0,0.0
2025-09-08,118088.6346325331,0.0046700881826769285,0.0,3,0.794569745282797,0.20543025471720308,0.0,0.0
2025-09-09,118167.69137516207,0.0006694695291802394,0.0,3,0.7958738855411135,0.2041261144588865,0.0,0.0
2025-09-10,118575.57074049213,0.00345583990829786,0.0,3,0.7995496047179651,0.20045039528203484,0.0,0.0
2025-09-11,119522.34927686618,0.007984600288756848,0.0,3,0.7998078717236297,0.2001921282763703,0.0,0.0
2025-09-12,119387.066252351,-0.0011318638341170598,0.0011318638341170084,3,0.8004462278245466,0.1995537721754534,0.0,0.0
2025-09-15,119951.4522398445,0.004727362897925243,0.0,3,0.8009214522676207,0.19907854773237937,0.0,0.0
2025-09-16,119869.50654879454,-0.0006831571399910676,0.0006831571399911196,3,0.8003655257795917,0.1996344742204083,0.0,0.0
2025-09-17,119689.29397712517,-0.0015030413265074002,0.0021855363801276395,3,0.8002088561330013,0.19979114386699873,0.0,0.0
2025-09-18,119890.02924184155,0.001677136342325993,0.0005120654802922564,3,0.8026016839253599,0.19739831607464006,0.0,0.0
2025-09-19,120321.50280710206,0.003598911168752486,0.0,3,0.8036844754494596,0.19631552455054044,0.0,0.0
2025-09-22,120694.08834533453,0.0030965831504763132,0.0,3,0.8049940154626214,0.19500598453737863,0.0,0.0
2025-09-23,120329.7283662104,-0.0030188717949598243,0.0030188717949598542,3,0.8030363178563452,0.1969636821436547,0.0,0.0
2025-09-24,120151.43934920999,-0.0004821527209267,0.004496069389677948,0,0.0,0.0,0.0,1.0
2025-09-25,120049.97641999126,-0.0008444587078464,0.005336731352577173,0,0.0,0.0,0.0,1.0
2025-09-26,120122.44831352326,0.0006036810309604,0.004736272005101627,0,0.0,0.0,0.0,1.0
2025-09-29,120165.94056273815,0.0003620659570755,0.0043759208908825675,0,0.0,0.0,0.0,1.0
2025-09-30,120223.88846000272,0.0004822322947184,0.0038957988065368987,0,0.0,0.0,0.0,1.0
2025-10-01,120363.46691197497,0.001160987668592,0.0027393341123185255,0,0.0,0.0,0.0,1.0
2025-10-02,120392.52629587942,0.0002414302665916,0.0024985652038919115,0,0.0,0.0,0.0,1.0
2025-10-03,120348.89735022906,-0.0003623891531533,0.002860048904116952,0,0.0,0.0,0.0,1.0
2025-10-06,120319.82657495498,-0.000241554147268,0.0031009121947108698,0,0.0,0.0,0.0,1.0
2025-10-07,120377.99090824237,0.0004834143710401,0.0026189968491889815,0,0.0,0.0,0.0,1.0
2025-10-08,120363.46691197497,-0.0001206532536207,0.0027393341123185255,0,0.0,0.0,0.0,1.0
2025-10-09,120348.89735022908,-0.0001210463782715,0.002860048904116841,0,0.0,0.0,0.0,1.0
2025-10-10,120552.42695125644,0.0016911629895126,0.0011737227234590586,0,0.0,0.0,0.0,1.0
2025-10-13,120784.99315344902,0.0019291706361632,0.0,0,0.0,0.0,0.0,1.0
2025-10-14,120697.80361036604,-0.0007218574162786,0.0007218574162786151,0,0.0,0.0,0.0,1.0
2025-10-15,120639.66205981791,-0.0004817117528984,0.0012032214419755993,0,0.0,0.0,0.0,1.0
2025-10-16,120799.52854108607,0.0013251569056027,0.0,0,0.0,0.0,0.0,1.0
2025-10-17,120784.99315344905,-0.0001203265262089,0.0001203265262088582,0,0.0,0.0,0.0,1.0
2025-10-20,120799.52854108608,0.0001203410064243,0.0,0,0.0,0.0,0.0,1.0
2025-10-21,120828.6220990994,0.000240841651989,0.0,0,0.0,0.0,0.0,1.0
2025-10-22,120828.6220990994,0.0,0.0,0,0.0,0.0,0.0,1.0
2025-10-23,120741.39838190758,-0.0007218795983645,0.0007218795983644499,0,0.0,0.0,0.0,1.0
2025-10-24,120814.07532009276,0.0006019222831534,0.00012039183062695358,0,0.0,0.0,0.0,1.0
2025-10-27,120784.99315344908,-0.0002407183646991,0.00036108121480149524,0,0.0,0.0,0.0,1.0
2025-10-28,120799.52854108611,0.0001203410064243,0.00024078366125401818,0,0.0,0.0,0.0,1.0
2025-10-29,120225.64768957616,-0.0037544422838738604,0.004990327614832091,1,0.602550409375584,0.39744959062441604,0.0,0.0
2025-10-30,119150.88973718778,-0.008939506445108996,0.013885222994065138,1,0.6012988151963476,0.39870118480365246,0.0,0.0
2025-10-31,119244.26785179209,0.0007836963266515618,0.013112408465668746,1,0.6027987976477658,0.39720120235223433,0.0,0.0
2025-11-03,119260.71773724927,0.00013795116321761155,0.012976266174451578,1,0.603846792820717,0.3961532071792831,0.0,0.0
2025-11-04,118512.3725990108,-0.006274866967404831,0.01916970879787816,1,0.6004568531369217,0.3995431468630783,0.0,0.0
2025-11-05,118559.00189054477,0.0005931165496057599,0.01878379616621939,3,0.8022964528570238,0.19770354714297628,0.0,0.0
2025-11-06,117749.21639010913,-0.006830232099821813,0.025485730578510224,3,0.7991466795867013,0.20085332041329873,0.0,0.0
2025-11-07,117791.80043000754,0.000361650303958905,0.025133297196761606,3,0.7996442998960323,0.20035570010396775,0.0,0.0
2025-11-10,119256.3331256046,0.012433231262708322,0.013012554030495171,3,0.8021489423890892,0.1978510576109108,0.0,0.0
2025-11-11,119583.34323706232,0.002742077530702808,0.01030615793181644,3,0.8017866421849705,0.19821335781502947,0.0,0.0
2025-11-12,119420.5346354818,-0.0003618273724339,0.011653591997951795,0,0.0,0.0,0.0,1.0
2025-11-13,119348.47377239296,-0.0006034210390098,0.012249981014369915,0,0.0,0.0,0.0,1.0
2025-11-14,119391.69903073642,0.0003621768840202,0.01189224079030271,0,0.0,0.0,0.0,1.0
2025-11-17,119377.28685811865,-0.0001207133555747,0.012011518593586401,0,0.0,0.0,0.0,1.0
2025-11-18,119449.35898071737,0.0006037339639355,0.011415036391384192,0,0.0,0.0,0.0,1.0
2025-11-19,119650.46703321449,0.0026863123628768403,0.009750628993506427,3,0.8009389687727585,0.1990610312272414,0.0,0.0
2025-11-20,118283.54782177946,-0.011424269752792305,0.021063504930417642,3,0.7978456051055091,0.20215439489449089,0.0,0.0
2025-11-21,119295.96103600957,0.008559205678844986,0.01268458612258938,3,0.7989547129449829,0.201045287055017,0.0,0.0
2025-11-24,120835.47111936264,0.012904964007024141,0.0,3,0.8003851217761091,0.19961487822389098,0.0,0.0
2025-11-25,121806.80068831652,0.008038447319780677,0.0,3,0.8014709056954389,0.19852909430456117,0.0,0.0
2025-11-26,121670.36228559112,-0.0001202416302095,0.0011201213885793093,0,0.0,0.0,0.0,1.0
2025-11-28,121670.36228559112,0.0,0.0011201213885793093,0,0.0,0.0,0.0,1.0
2025-12-01,121566.07637146287,-0.0008571184647537,0.001976279776608081,0,0.0,0.0,0.0,1.0
2025-12-02,121639.52037856066,0.0006041488652916,0.0013733248785008367,0,0.0,0.0,0.0,1.0
2025-12-03,121712.97582553494,0.000603878137185,0.0007702760621852711,0,0.0,0.0,0.0,1.0
2025-12-04,121624.8315771411,-0.0007241976280342,0.0014939158581223078,0,0.0,0.0,0.0,1.0
2025-12-05,121580.75373300594,-0.0003624082645262,0.0018557827151950423,0,0.0,0.0,0.0,1.0
2025-12-08,121551.37613016683,-0.000241630372712,0.0020969646744378734,0,0.0,0.0,0.0,1.0
2025-12-09,121492.6094846121,-0.0004834716596856,0.002579422511132079,0,0.0,0.0,0.0,1.0
2025-12-10,121698.28702411539,0.0016929222310377,0.0008908670418066311,0,0.0,0.0,0.0,1.0
2025-12-11,121712.97582553493,0.0001206985059423,0.0007702760621853821,0,0.0,0.0,0.0,1.0
2025-12-12,121727.66462695447,0.000120683939571,0.0006496850825640221,0,0.0,0.0,0.0,1.0
2025-12-15,121801.09719417576,0.0006032529043116,4.6824102665321554e-05,0,0.0,0.0,0.0,1.0
2025-12-16,121859.85239985399,0.000482386505801,0.0,0,0.0,0.0,0.0,1.0
2025-12-17,121874.52976139705,0.0001204446029927,0.0,0,0.0,0.0,0.0,1.0
2025-12-18,121962.67400979088,0.000723237649133,0.0,0,0.0,0.0,0.0,1.0
2025-12-19,121940.58360827906,-0.0001811242799583,0.00018112427995831126,0,0.0,0.0,0.0,1.0
2025-12-22,121881.63392470042,-0.0004834295673704,0.0006644662864964124,0,0.0,0.0,0.0,1.0
2025-12-23,121822.70712087477,-0.0004834756634626,0.0011476206966802849,0,0.0,0.0,0.0,1.0
2025-12-24,121896.39136537895,0.0006048481949352,0.0005434666380519371,0,0.0,0.0,0.0,1.0
2025-12-26,121984.77585117919,0.00072507877231,0.0,0,0.0,0.0,0.0,1.0
2025-12-29,122043.71409488133,0.0004831606509163,0.0,0,0.0,0.0,0.0,1.0
2025-12-30,122073.1832167324,0.0002414636597192,0.0,0,0.0,0.0,0.0,1.0
2025-12-31,122028.97953395579,-0.000362108053643,0.0003621080536430066,0,0.0,0.0,0.0,1.0
