date,wealth,return,drawdown,action,w_SPY,w_TLT,w_GLD,w_SHY
2021-01-05,100302.02365959309,0.0040242608567877,0.0,3,0.8022810932456224,0.19771890675437767,0.0,0.0
2021-01-06,100376.01247351407,0.0007376602307853809,0.0,3,0.8064825767883923,0.19351742321160773,0.0,0.0
2021-01-07,101407.53914217054,0.01027662529360449,0.0,3,0.8101395058926576,0.18986049410734232,0.0,0.0
2021-01-08,101813.4901467012,0.004003163945843633,0.0,3,0.8115068365762736,0.18849316342372643,0.0,0.0
2021-01-11,101224.8463151017,-0.005781589755457031,0.005781589755456951,3,0.8107240391009859,0.18927596089901405,0.0,0.0
2021-01-12,101224.7939439296,1.0206773882579994e-05,0.005782104138885247,3,0.8001608284876857,0.19983917151231448,0.0,0.0
2021-01-13,101670.71534944973,0.004405258713266852,0.001402317090257288,3,0.7987965595174823,0.2012034404825178,0.0,0.0
2021-01-14,101194.68866577826,-0.004682043221937939,0.0060777946029677565,3,0.7997438814187263,0.2002561185812737,0.0,0.0
2021-01-15,100684.89180129817,-0.005037782824391261,0.011084958818098123,3,0.7979312476349968,0.20206875236500324,0.0,0.0
2021-01-19,101381.37902169836,0.006917494848926294,0.004244144114696535,3,0.7986717300889185,0.20132826991108163,0.0,0.0
2021-01-20,102523.58111082319,0.011267732588735,0.0,3,0.8020337637085824,0.19796623629141752,0.0,0.0
2021-01-21,102456.10545985312,-0.0006581476206642746,0.0006581476206642956,3,0.8032936615317773,0.19670633846822264,0.0,0.0
2021-01-22,102230.03497828548,-0.0022065105886366954,0.002863205999607099,3,0.8022205468180359,0.1977794531819641,0.0,0.0
2021-01-25,102791.76569959531,0.00549477187823667,0.0,3,0.8009831923310617,0.1990168076689382,0.0,0.0
2021-01-26,102624.63775570836,-0.0016258884430040165,0.0016258884430040421,3,0.8010352427580403,0.19896475724195967,0.0,0.0
2021-01-27,100670.17630653598,-0.01904374304000688,0.02063968235801672,3,0.7955989000172984,0.20440109998270167,0.0,0.0
2021-01-28,101245.24551698825,0.005712408893585419,0.015045175769494157,3,0.797883358293267,0.2021166417067331,0.0,0.0
2021-01-29,99504.92906882262,-0.017189117763298987,0.03197568023472175,3,0.7955856106157194,0.20441438938428064,0.0,0.0
2021-02-01,100846.22847558721,0.013479728283981618,0.018926975431999615,3,0.7980706135027186,0.2019293864972814,0.0,0.0
2021-02-02,101852.97218678586,0.009982958474667842,0.009132964167120505,3,0.8013556084282808,0.19864439157171923,0.0,0.0
2021-02-03,101736.15447409857,-0.0011455708714899,0.010269414269832855,3,0.8015473157740401,0.19845268422595985,0.0,0.0
2021-02-04,102609.02813524778,0.00857977840484855,0.0017777451637671637,3,0.8037613265633333,0.19623867343666673,0.0,0.0
2021-02-05,102765.02158561036,0.0015202702257054402,0.00026017759110308347,3,0.8056998754013901,0.1943001245986099,0.0,0.0
2021-02-08,103450.65893352128,0.0066718941652703385,0.0,3,0.8061401354182887,0.19385986458171137,0.0,0.0
2021-02-09,103409.9848633756,-0.00039317362078686785,0.00039317362078683527,3,0.8059203367413511,0.19407966325864898,0.0,0.0
2021-02-10,103636.81767807875,0.0023999436694858603,0.0,1,0.5983027613116219,0.4016972386883781,0.0,0.0
2021-02-11,103509.05092650428,-0.0012328316754316611,0.0012328316754316448,1,0.6000086272730104,0.3999913727269896,0.0,0.0
2021-02-12,103301.647333242,-0.0020037242290005283,0.003234085649733709,1,0.6041832198319227,0.3958167801680774,0.0,0.0
2021-02-16,102625.01850733822,-0.006550029388408905,0.00976293168209219,1,0.6076401487090015,0.3923598512909985,0.0,0.0
2021-02-17,102895.0152313677,0.0026309054844183104,0.0071577115481804565,1,0.6061847171314518,0.39381528286854806,0.0,0.0
2021-02-18,102465.06672839519,-0.0041723574328085804,0.011306319278572396,1,0.599949530799257,0.4000504692007431,0.0,0.0
2021-02-19,101811.62975230563,-0.006377168306752154,0.01761138528435524,1,0.6027337851805173,0.3972662148194827,0.0,0.0
2021-02-22,101031.93804071551,-0.007658179261907646,0.025134693400704622,1,0.6027134340325976,0.3972865659674024,0.0,0.0
2021-02-23,100990.1295976524,-0.00041381412525476915,0.02553810643479626,1,0.6036951502178692,0.39630484978213076,0.0,0.0
2021-02-24,101399.42327826167,0.004052808747151012,0.02158879874878994,1,0.6078840503860141,0.3921159496139859,0.0,0.0
2021-02-25,99495.02761845624,-0.0183807422666513,0.0399644658376902,5,0.19883558867631654,0.6012531998103967,0.19991121151328675,0.0
2021-02-26,100889.71460872298,0.01401765518991652,0.02650701874973571,5,0.19507651781795987,0.6125434221908445,0.19238005999119556,0.0
2021-03-01,100516.98415321905,-0.0036944346304227118,0.03010352493214008,5,0.20054609874042512,0.6066946023759222,0.1927592988836527,0.0
2021-03-02,100469.57227762238,-0.00047168024385206147,0.030561005938011365,5,0.1990750724244692,0.6070240293989434,0.19390089817658737,0.0
2021-03-03,99328.44910809603,-0.011357898154210878,0.041571795299288006,5,0.19869497888606782,0.6073381537484182,0.19396686736551408,0.0
2021-03-04,98295.2469304184,-0.01000458553487876,0.051541246318972944,1,0.5985633839953375,0.4014366160046624,0.0,0.0
2021-03-05,99454.4737167558,0.011793314758728891,0.04035577370114085,1,0.6024698344339036,0.39753016556609644,0.0,0.0
2021-03-08,98848.75055105203,-0.006090456699100998,0.046200445307956306,1,0.6031436808270151,0.39685631917298486,0.0,0.0
2021-03-09,100243.61159690082,0.014111064005087123,0.03274131874367325,1,0.6032426990124092,0.39675730098759066,0.0,0.0
2021-03-10,100699.70451437497,0.004549845224134448,0.02834044145225656,1,0.6042484013030486,0.3957515986969514,0.0,0.0
2021-03-11,101021.33822418179,0.0031982506042917396,0.025236971884077697,1,0.6041513229040509,0.395848677095949,0.0,0.0
2021-03-12,100254.9183444669,-0.007586712799370096,0.03263221902583746,1,0.6095897656444778,0.3904102343555222,0.0,0.0
2021-03-15,100849.51193581166,0.00593081717249813,0.026894937578314404,1,0.6096095472175854,0.39039045278241447,0.0,0.0
2021-03-16,100613.73130557552,-0.002337945179012983,0.02917000386767632,1,0.6102673669565859,0.3897326330434141,0.0,0.0
2021-03-17,100529.68524594163,-0.0008353338907454584,0.029980971065597828,1,0.6128602542102514,0.38713974578974863,0.0,0.0
2021-03-18,99468.43181570266,-0.01014794688696926,0.04022109088030967,5,0.19911062967962562,0.6000128912257607,0.20087647909461367,0.0
2021-03-19,99885.26344784809,0.004190592176196648,0.036199048892874175,5,0.19791285274160486,0.6012121629366585,0.2008749843217367,0.0
2021-03-22,100686.56517775124,0.008022221719638553,0.028467223969494193,5,0.1979055589076203,0.603111084131787,0.19898335696059263,0.0
2021-03-23,100931.61883569487,0.0024338267723307966,0.026102681488994417,5,0.195871177413739,0.607077757345622,0.19705106524063895,0.0
2021-03-24,101229.72930064885,0.0029535884630887813,0.023226189604807268,5,0.19430155340347036,0.6085477224126936,0.19715072418383608,0.0
2021-03-25,101211.04748474735,0.0002212394936546201,0.023406451950950813,1,0.6032419035586973,0.3967580964413027,0.0,0.0
2021-03-26,102054.40638255574,0.008332676311204825,0.015268814027446953,1,0.6078976584317949,0.392102341568205,0.0,0.0
2021-03-29,101683.39826347891,-0.0036353953957273715,0.018848701246960586,1,0.6098075265433922,0.3901924734566078,0.0,0.0
2021-03-30,101726.78260565554,0.0004266610176049965,0.018430082235410317,1,0.607930354675273,0.3920696453247269,0.0,0.0
2021-03-31,101754.9241868861,0.00027663886058064885,0.018158541851779675,1,0.6102256903453879,0.3897743096546121,0.0,0.0
2021-04-01,102952.23608660865,0.01195866742992882,0.006605582907771024,3,0.7990833103060789,0.20091668969392107,0.0,0.0
2021-04-05,104042.7806383067,0.010592723316671236,0.0,3,0.8020567337128048,0.1979432662871951,0.0,0.0
2021-04-06,104133.38159051877,0.0008708047944913896,0.0,3,0.8008855045446802,0.19911449545531973,0.0,0.0
2021-04-07,104085.48362074925,-0.00045996748629429334,0.0004599674862942882,3,0.8021813238960046,0.19781867610399542,0.0,0.0
2021-04-08,104651.80623668485,0.005440937547055943,0.0,3,0.8016276138702184,0.19837238612978159,0.0,0.0
2021-04-09,105184.48207435544,0.0050916181653481,0.0,3,0.8017340220302547,0.19826597796974532,0.0,0.0
2021-04-12,105206.12443899862,0.000205756250507447,0.0,3,0.8018612307768913,0.19813876922310872,0.0,0.0
2021-04-13,105612.36551203555,0.0038613823596597156,0.0,3,0.8011444265701955,0.19885557342980462,0.0,0.0
2021-04-14,105256.66564009209,-0.003367975617428285,0.003367975617428298,3,0.8011063254823709,0.19889367451762902,0.0,0.0
2021-04-15,106512.80981144542,0.011934105680760532,0.0,3,0.8001628881470723,0.19983711185292777,0.0,0.0
2021-04-16,106632.15192845058,0.00112061156149136,0.0,3,0.8017754153398012,0.19822458466019877,0.0,0.0
2021-04-19,106151.41209942084,-0.004508394703994338,0.004508394703994334,3,0.801449573498981,0.19855042650101892,0.0,0.0
2021-04-20,105625.66994418527,-0.0049527570555836205,0.009438822775898359,3,0.7995416423894991,0.20045835761050088,0.0,0.0
2021-04-21,106467.27326206937,0.00796779152576106,0.0015462378222643736,3,0.8007270455743012,0.19927295442569884,0.0,0.0
2021-04-22,105781.26506701732,-0.006443371507819482,0.007979646345355529,3,0.7985594352689309,0.2014405647310691,0.0,0.0
2021-04-23,106648.90429369616,0.008203653652662601,0.0,3,0.8020937176027194,0.1979062823972807,0.0,0.0
2021-04-26,106797.3280209098,0.0013917041923366459,0.0,3,0.8026509075465124,0.1973490924534877,0.0,0.0
2021-04-27,106595.01646266395,-0.001894350373693182,0.0018943503736933431,3,0.8040011343471605,0.19599886565283953,0.0,0.0
2021-04-28,106583.9474041606,-0.00010384217640438756,0.0019979958366319606,3,0.8038536006546418,0.19614639934535824,0.0,0.0
2021-04-29,107068.18602026366,0.004543260292911103,0.0,3,0.8053176524844693,0.19468234751553082,0.0,0.0
2021-04-30,106554.36104927477,-0.00479375216850948,0.004799044329485969,3,0.7985717676725171,0.20142823232748286,0.0,0.0
2021-05-03,106750.73600989277,0.0018429556395837962,0.002964933115713775,3,0.7988218401264081,0.20117815987359192,0.0,0.0
2021-05-04,106370.38130488612,-0.003563017167126707,0.006517386175249773,3,0.796732277086051,0.20326772291394907,0.0,0.0
2021-05-05,106432.54927057632,0.0005844480853369245,0.0059367471637844504,3,0.7965159993851376,0.20348400061486224,0.0,0.0
2021-05-06,107145.19608394564,0.006695760068262729,0.0,3,0.7975366640099066,0.20246333599009328,0.0,0.0
2021-05-07,107663.09478395223,0.0048360909305733,0.0,3,0.8019441637077016,0.19805583629229845,0.0,0.0
2021-05-10,106592.17599619862,-0.009946944121405975,0.009946944121405954,3,0.8019801934152008,0.19801980658479926,0.0,0.0
2021-05-11,105709.78725591062,-0.008278175504358509,0.018142777076595396,3,0.8014573061442066,0.19854269385579337,0.0,0.0
2021-05-12,103689.3145221331,-0.019113393246040663,0.036909400289795835,3,0.7997153957485195,0.20028460425148045,0.0,0.0
2021-05-13,104717.57533784182,0.009916748128267603,0.02735867338776754,3,0.8013748938882205,0.19862510611177941,0.0,0.0
2021-05-14,106199.6507757524,0.014154466875117361,0.01359281015594549,3,0.8009473447619095,0.19905265523809054,0.0,0.0
2021-05-17,105938.49457640992,-0.0024591060086809227,0.016018490003497088,3,0.8008787360036477,0.19912126399635238,0.0,0.0
2021-05-18,105153.55521483098,-0.0074093875386609396,0.023309190341937902,3,0.799905562555624,0.2000944374443761,0.0,0.0
2021-05-19,104882.12802417057,-0.0025812459702944605,0.025830269558591357,3,0.7998729718387505,0.20012702816124953,0.0,0.0
2021-05-20,105957.35108528213,0.010251728119625703,0.015843346339737052,3,0.8002737921174861,0.199726207882514,0.0,0.0
2021-05-21,105955.8835098584,-1.3576835541539975e-05,0.015856977523446614,3,0.7993559914312505,0.20064400856874962,0.0,0.0
2021-05-24,106898.03797924602,0.008891950481446914,0.007106026500923623,3,0.8003877217801855,0.19961227821981453,0.0,0.0
2021-05-25,106905.87997833212,7.33596166436255e-05,0.007033188179660033,3,0.798553298978213,0.20144670102178683,0.0,0.0
2021-05-26,107038.23335941111,0.0012380364962695778,0.0058038590270419466,3,0.7991487410229073,0.20085125897709272,0.0,0.0
2021-05-27,106996.66966627748,-0.0003883069799373851,0.006189912328008695,3,0.7998788862040696,0.20012111379593045,0.0,0.0
2021-05-28,107115.81335252244,0.00111364830158688,0.005083277909928352,3,0.8005394969783367,0.19946050302166327,0.0,0.0
2021-06-01,107035.48242283628,-0.000749944636295469,0.005829410369220467,3,0.8004345874998,0.19956541250019993,0.0,0.0
2021-06-02,107219.66479727246,0.0017207599785329572,0.004118681406749425,3,0.8003161107816127,0.19968388921838737,0.0,0.0
2021-06-03,106820.84084311323,-0.0037196903656928387,0.007823051552894311,3,0.8003229030760497,0.19967709692395025,0.0,0.0
2021-06-04,107894.82855327713,0.010054102754548102,0.0,3,0.7996032901250307,0.20039670987496913,0.0,0.0
2021-06-07,107744.72793273539,-0.0013907791424232,0.0013911753005624306,3,0.8003369260735951,0.19966307392640495,0.0,0.0
2021-06-08,107914.25230163067,0.0015733889921845593,0.0,3,0.7992498603450635,0.20075013965493638,0.0,0.0
2021-06-09,107976.82429498578,0.0005798306713020819,0.0,3,0.7975948923955555,0.2024051076044445,0.0,0.0
2021-06-10,108508.28340344723,0.004921973876630643,0.0,3,0.7973780004960588,0.2026219995039413,0.0,0.0
2021-06-11,108615.75804768647,0.0009904740990106893,0.0,3,0.7979050702220196,0.2020949297779804,0.0,0.0
2021-06-14,108643.7146626094,0.00025948551903866,0.0,3,0.8015833417433255,0.19841665825667443,0.0,0.0
2021-06-15,108458.0349847274,-0.0017090696729085992,0.0017090696729086252,3,0.8014829127726691,0.1985170872273308,0.0,0.0
2021-06-16,107954.3673577596,-0.0046438940834465,0.00634502701781281,3,0.8007264113821781,0.19927358861782193,0.0,0.0
2021-06-17,108247.78140290955,0.0027179451126564747,0.0036443273403290455,3,0.7982911659237456,0.2017088340762543,0.0,0.0
2021-06-18,107492.65624187287,-0.0069758950368323846,0.010594799932155508,3,0.793054113431396,0.2069458865686039,0.0,0.0
2021-06-21,108363.02519949565,0.008104010735132922,0.0025835775588622933,3,0.8049295696895353,0.19507043031046453,0.0,0.0
2021-06-22,108880.98729031073,0.004779878467415586,0.0,3,0.8053832813217316,0.1946167186782684,0.0,0.0
2021-06-23,108720.70961460144,-0.0014720446580995124,0.0014720446580994695,3,0.8055984587629528,0.1944015412370472,0.0,0.0
2021-06-24,109272.78174583333,0.005077893008506979,0.0,3,0.8062700976848003,0.19372990231519965,0.0,0.0
2021-06-25,109365.91786128811,0.0008523267548126798,0.0,3,0.8084449184487049,0.19155508155129514,0.0,0.0
2021-06-28,109766.25671973155,0.00366902085407478,0.0,3,0.7986824331973378,0.2013175668026623,0.0,0.0
2021-06-29,109850.37377202747,0.0007663288774681484,0.0,3,0.7985001295797632,0.20149987042023682,0.0,0.0
2021-06-30,110022.80160781971,0.0015696608930078034,0.0,3,0.7979198731316568,0.20208012686834326,0.0,0.0
2021-07-01,110510.06681235624,0.0044287656505365355,0.0,3,0.7987997879208084,0.20120021207919164,0.0,0.0
2021-07-02,111318.98168498259,0.007319829730986129,0.0,3,0.7990565045245457,0.20094349547545431,0.0,0.0
2021-07-06,111680.88525161438,0.003802194045067525,0.0,4,0.24859942367482774,0.25197213898250104,0.25028871756433124,0.24913971977833993
2021-07-07,112137.9531929216,0.004092624626653515,0.0,4,0.2484610978381236,0.25316831853108346,0.2502174707577051,0.24815311287308783
2021-07-08,112016.77498128398,-0.0010806172949238623,0.0010806172949238135,4,0.2467032723427545,0.2544351006546165,0.25032488018553023,0.24853674681709884
2021-07-09,111994.39831943133,-0.00019976170405177683,0.00128016313302326,4,0.24938655998903936,0.2509071793960146,0.2512062809487191,0.24849997966622694
2021-07-12,112016.64191877017,0.00019861349918038094,0.0010818038915221262,4,0.2502301724949246,0.2505321872072364,0.25084468743320065,0.24839295286463844
2021-07-13,111720.37825627596,-0.002643215483164875,0.003723760999340242,4,0.24980808177982702,0.24874411377237796,0.2509888632421798,0.25045894120561524
2021-07-14,112398.84911114171,0.006072937323121225,0.0,4,0.24867061871982893,0.25005174876476005,0.2521569609556514,0.24912067155975973
2021-07-15,112621.61282202996,0.0019819038419864885,0.0,4,0.24733111670237015,0.2523098514797188,0.25170235949747377,0.24865667232043726
2021-07-16,112071.23460342675,-0.004886968005625538,0.004886968005625492,4,0.2465962722253982,0.25307077407404505,0.2504840350891475,0.2498489186114093
2021-07-19,112331.16720548531,0.0023193516425366037,0.0025789509603598715,4,0.24239238974147317,0.2580218649353545,0.2501994434798804,0.24938630184329208
2021-07-20,113339.1558842174,0.009536291138267481,0.0,3,0.8037990013595888,0.1962009986404111,0.0,0.0
2021-07-21,113795.06704959512,0.0040225389171193995,0.0,3,0.8070602827329206,0.1929397172670793,0.0,0.0
2021-07-22,114194.95668019394,0.0035141209629458727,0.0,3,0.8059184125215499,0.19408158747844995,0.0,0.0
2021-07-23,114993.52568906298,0.006993032197607946,0.0,3,0.8085554000487221,0.1914445999512778,0.0,0.0
2021-07-26,115156.53671139132,0.0014175669573703053,0.0,3,0.8093928745374369,0.19060712546256312,0.0,0.0
2021-07-27,114981.36534467535,-0.0015117800170477203,0.0015211586916250575,3,0.7975597137498446,0.2024402862501555,0.0,0.0
2021-07-28,114945.31761802857,-0.0003135092937775059,0.0018341910880154133,3,0.7974827026042371,0.2025172973957629,0.0,0.0
2021-07-29,115196.39408127035,0.002184312231631224,0.0,3,0.799044795730511,0.20095520426948896,0.0,0.0
2021-07-30,114858.26710174096,-0.002935221907127142,0.002935221907127139,3,0.7975052143276868,0.20249478567231313,0.0,0.0
2021-08-02,114873.50300274363,0.00013264958097585823,0.0028029616821072523,3,0.7957262414989504,0.20427375850104948,0.0,0.0
2021-08-03,115632.8809033448,0.00661485956167672,0.0,3,0.8012087032239708,0.19879129677602922,0.0,0.0
2021-08-04,115224.43627034852,-0.0035322533677743257,0.003532253367774296,3,0.8000937446419026,0.19990625535809733,0.0,0.0
2021-08-05,115690.83159316701,0.004047711908298641,0.0,3,0.8019146948457226,0.19808530515427727,0.0,0.0
2021-08-06,115461.40729352643,-0.0019830810832733516,0.001983081083273386,3,0.8048358410353786,0.1951641589646214,0.0,0.0
2021-08-09,115304.97593432479,-0.0013548367620703013,0.003335231094189983,3,0.8052718992970738,0.19472810070292623,0.0,0.0
2021-08-10,115312.63669116734,7.171136014510001e-05,0.0032690136010916637,3,0.8009378473445913,0.19906215265540872,0.0,0.0
2021-08-11,115528.03886761965,0.001867984139753966,0.0014071359268972294,3,0.8014309753232747,0.19856902467672527,0.0,0.0
2021-08-12,115767.93571510381,0.0020765248837908983,0.0,3,0.8021672136866107,0.1978327863133893,0.0,0.0
2021-08-13,116298.71778091839,0.0045848797642967475,0.0,3,0.7999593749942054,0.20004062500579464,0.0,0.0
2021-08-16,116574.14358392636,0.0023682617337777542,0.0,3,0.7999484043329279,0.20005159566707198,0.0,0.0
2021-08-17,116168.35289331635,-0.00308225085437614,0.003480966517398154,2,0.3986064795177171,0.4010750961413058,0.200318424340977,0.0
2021-08-18,115836.16960413616,-0.002859499002153014,0.0063305116992680155,2,0.3953743274038929,0.40357637762430515,0.20104929497180202,0.0
2021-08-19,116183.12027307905,0.0029951842341522012,0.0033542885139515866,2,0.39480405906897514,0.40533482550062094,0.19986111543040397,0.0
2021-08-20,116591.94189440135,0.0035187695111078086,0.0,2,0.39655012009569973,0.4041819849512549,0.19926789495304545,0.0
2021-08-23,117250.26516962906,0.005646387430650613,0.0,2,0.39779226020640923,0.40164569959714275,0.20056204019644808,0.0
2021-08-24,117119.47024326693,-0.0001156348720602,0.0011155192371881117,0,0.0,0.0,0.0,1.0
2021-08-25,117105.83028102822,-0.0001164619529988,0.001231851274637874,0,0.0,0.0,0.0,1.0
2021-08-26,117105.83028102822,0.0,0.001231851274637874,0,0.0,0.0,0.0,1.0
2021-08-27,117187.34841342957,0.0006961065235242,0.0005366022508218604,0,0.0,0.0,0.0,1.0
2021-08-30,117214.55686212236,0.000232179062511,0.0003045477761183246,0,0.0,0.0,0.0,1.0
2021-08-31,116939.33738830913,-0.0015991967895626,0.0026518300907046877,4,0.2500294488322899,0.248696016508947,0.2509031572017238,0.2503713774570393
2021-09-01,117002.95610437337,0.0005440317816490967,0.002109240988904304,4,0.2500263468248296,0.24897723194858604,0.25078150194392884,0.2502149192826556
2021-09-02,117142.30932458557,0.0011910230719973,0.0009207300715892153,4,0.2504972234539436,0.24976655512033302,0.24981895936826845,0.2499172620574547
2021-09-03,117182.06946065222,0.0003394173829754273,0.000581625200405167,4,0.2503514636633826,0.247411162878517,0.2524049088819544,0.24983246457614605
2021-09-07,116243.18256155777,-0.00801220616273304,0.008589171262123108,4,0.2514711474639761,0.24730547956117327,0.2494606120428131,0.25176276093203753
2021-09-08,116339.15295557132,0.0008288367822582251,0.007770662290098929,4,0.24948861634085986,0.2514930770226346,0.2491673801845277,0.2498509264519779
2021-09-09,116703.92094973201,0.003135384648193285,0.004659641657156488,4,0.2476442892579378,0.25374070226653095,0.24948733067498707,0.24912767780054412
2021-09-10,116057.57979234052,-0.005538298560421843,0.010172133730896427,4,0.24706003801479554,0.25290417388271913,0.24960766163499296,0.25042812646749235
2021-09-13,116412.74141851015,0.003060219132650433,0.007143043556509077,4,0.24693660313951393,0.253661784054017,0.2496797127096808,0.24972190009678819
2021-09-14,116806.10372128684,0.003379031349863317,0.003788148774756639,4,0.24477694862104238,0.25587227312372623,0.2504410390364707,0.24890973921876058
2021-09-15,116860.5153268071,0.0007654083476178,0.003324084958427065,2,0.403032508146571,0.39829241269341215,0.19867507916001684,0.0
2021-09-16,116046.87772132989,-0.006962468060335298,0.010263409183409511,2,0.4052150297436179,0.39924685983307745,0.19553811042330463,0.0
2021-09-17,115330.284631994,-0.006175031189177571,0.016375063500772225,2,0.40376092498233146,0.39979787022843527,0.19644120478923321,0.0
2021-09-20,115287.5209067522,-0.00037079354636348745,0.016739785279268338,2,0.3971758667664135,0.40490613546371973,0.19791799776986677,0.0
2021-09-21,115356.28088313964,0.0005964216755347804,0.016153347574517918,2,0.39656413633614374,0.40431670258877,0.19911916107508632,0.0
2021-09-22,115994.95074775179,0.005540839021373061,0.01070628215689895,2,0.4016763522165523,0.40016839628004813,0.1981552515033995,0.0
2021-09-23,115246.75466871867,-0.006450246965147505,0.01708747095805585,2,0.4091961006865022,0.39366503105748285,0.19713886825601504,0.0
2021-09-24,114851.84975461938,-0.003426603336766028,0.020455522309820173,2,0.41127942664289785,0.3911579163477023,0.19756265700939987,0.0
2021-09-27,114598.80762002236,-0.002203204694897361,0.022613659301927935,2,0.4110082437892418,0.3905806264828338,0.19841112972792438,0.0
2021-09-28,112731.50574892662,-0.01629425218181322,0.038539438816321936,2,0.40939651841391295,0.3908656203126209,0.19973786127346616,0.0
2021-09-29,112676.83755233593,-0.00018473492860267488,0.039005691037684476,4,0.2504670748797558,0.2504799042191014,0.2489197951744313,0.2501332257267115
2021-09-30,112838.75058544442,0.0014369682059390894,0.037624772769617065,4,0.24705077366589023,0.25008589255698316,0.2530309426960542,0.24983239108107255
2021-10-01,113485.28885263247,0.005729753864107812,0.03211059959267215,4,0.2485626009512346,0.2507539328834863,0.25215623970696016,0.24852722645831882
2021-10-04,113169.8259285798,-0.002779769318491331,0.03480110885161736,4,0.24604101341306966,0.2508125752255633,0.2540420850683897,0.2491043262929773
2021-10-05,113048.31279317306,-0.0010737237988102705,0.035837465871628726,4,0.24886829646466754,0.24865767307385653,0.25313092245341423,0.24934310800806167
2021-10-06,113517.4420890691,0.00445363358909998,0.03183637218354762,2,0.3998814967432841,0.4004729863709698,0.19964551688574608,0.0
2021-10-07,113315.03208953576,-0.0017830739999807651,0.033562679576034204,2,0.4040592179906265,0.39699300561783013,0.19894777639154332,0.0
2021-10-08,112926.2760860456,-0.003430754034318946,0.03687828831199502,2,0.4047108222475743,0.39557139441891576,0.19971778333351003,0.0
2021-10-11,112439.49100595884,-0.004310644935425405,0.041029964040681155,2,0.40352028886284164,0.3962759039383467,0.2002038071988116,0.0
2021-10-12,113191.35318655867,0.006686815938716547,0.03461750791947682,2,0.3998531722937488,0.4003750513663461,0.1997717763399051,0.0
2021-10-13,114027.82615706821,0.007692439386078376,0.0274834262242295,4,0.24898413613131018,0.25050462029639486,0.2525061611123513,0.24800508245994385
2021-10-14,114681.94650644592,0.00573649758504302,0.02190458724735056,4,0.25172814124617443,0.250001195247384,0.2516801469492228,0.24659051655721884
2021-10-15,114259.58632730557,-0.0036828828948819764,0.025506798112539752,4,0.25458287097562426,0.24946320582805223,0.2485957822252586,0.24735814097106493
2021-10-18,114389.19428006558,0.0011343289165142033,0.024401402294692343,4,0.25504726072163597,0.25034903067178543,0.2476983154907258,0.24690539311585286
2021-10-19,114320.12382666698,-0.0006038197386851533,0.02499048798502046,4,0.2571701732853027,0.24704456748664752,0.2486444730708305,0.24714078615721932
2021-10-20,114106.99982668487,-0.001511851881645999,0.026808172573398736,5,0.20108955771409062,0.5968521683545056,0.2020582739314038,0.0
2021-10-21,114065.04007475774,-0.0003677228565369786,0.027166037452138525,5,0.20168823836079225,0.5963608165558338,0.20195094508337386,0.0
2021-10-22,114931.25753923203,0.007594066191591953,0.01977827194712145,5,0.19996074302741318,0.5983843651880563,0.2016548917845306,0.0
2021-10-25,115109.7602538143,0.0015531259154747377,0.018255864178371217,5,0.2007213138632308,0.5965443923510878,0.20273429378568136,0.0
2021-10-26,115525.71364050619,0.0036135370777832508,0.014708295342683586,5,0.20017864273803068,0.5993117478146525,0.20050960944731688,0.0
2021-10-27,116745.03745094962,0.01055526187287118,0.004308968665857726,5,0.19703420508863154,0.6045354668919217,0.19843032801944663,0.0
2021-10-28,116722.60500467928,-0.0001921490348551927,0.004500289736542595,5,0.1989736122516192,0.6026051369477881,0.19842125080059278,0.0
2021-10-29,116787.67993617312,0.0005575178132053782,0.003945280915029881,5,0.19926625923458788,0.6041102593206011,0.19662348144481112,0.0
2021-11-01,116439.5997288894,-0.002980453139183487,0.00691397532932525,5,0.20020572538311862,0.6015534562018641,0.1982408184150174,0.0
2021-11-02,116795.16533146176,0.003053648444345668,0.0038814397349882235,5,0.2004032099560924,0.6023842091818099,0.19721258086209764,0.0
2021-11-03,116693.56395502666,-0.00047050202726738017,0.0047479740348305155,1,0.6039472490005648,0.3960527509994351,0.0,0.0
2021-11-04,117511.4761623155,0.007009060136376231,0.0,1,0.6025700468066955,0.3974299531933046,0.0,0.0
2021-11-05,118455.61809323443,0.008034465753921772,0.0,1,0.5998412875646618,0.4001587124353382,0.0,0.0
2021-11-08,118427.36122834506,-0.00023854389807944002,0.0002385438980794241,1,0.6004965689880429,0.39950343101195707,0.0,0.0
2021-11-09,118808.24800202086,0.003216205864296851,0.0,1,0.5965930209340243,0.40340697906597567,0.0,0.0
2021-11-10,117525.1986235575,-0.010406863439978901,0.010799329171502725,5,0.20047736597900034,0.5952247778304024,0.20429785619059723,0.0
2021-11-11,117563.44360530665,0.0003254194181083981,0.010477424064809338,5,0.2004769527008585,0.5941475300543567,0.20537551724478476,0.0
2021-11-12,117480.30423599658,-0.0007071872578791968,0.011177201821894522,5,0.2021329045654126,0.5919567219746541,0.20591037345993338,0.0
2021-11-15,116577.71538625215,-0.007682895065808516,0.01877422361897607,5,0.20376760269657537,0.5890489521168585,0.2071834451865661,0.0
2021-11-16,116322.35019533864,-0.0021905146285241092,0.020923613036023636,5,0.20502318894320193,0.5888405584114825,0.20613625264531554,0.0
2021-11-17,116718.4991212427,0.003745722915037425,0.01758925761402208,4,0.24846204210860978,0.25104097841354983,0.25134283536830354,0.24915414410953682
2021-11-18,116829.65092236878,0.000952306634877276,0.016653701345873184,4,0.24906872834091096,0.2517452274094293,0.25029787690661437,0.24888816734304556
2021-11-19,116857.77155126333,0.0002406977053559997,0.01641701214821678,4,0.24856352108553126,0.25434200924455147,0.24832424685629897,0.24877022281361827
2021-11-22,115742.91207737874,-0.009540310918863704,0.02580069966682763,4,0.25025126401698616,0.2537801211545435,0.24509498609981917,0.25087362872865104
2021-11-23,115111.15342475515,-0.005458292359200706,0.031118164264174908,4,0.25195834426555275,0.2514833413129191,0.24430782879457483,0.25225048562695335
2021-11-24,116218.97133873087,0.00997589068221712,0.021793745020513566,5,0.1985531830050161,0.6036116989164607,0.19783511807852316,0.0
2021-11-26,117439.84619540958,0.010504953215601527,0.011517734076745278,5,0.192106789247414,0.612431024317136,0.19546218643545005,0.0
2021-11-29,117106.77854943895,-0.002836070181975898,0.014321139156542095,5,0.19501638409194358,0.6092357290195792,0.1957478868884771,0.0
2021-11-30,117592.94044415122,0.004151441109850282,0.010229151412526227,5,0.1904312404747794,0.6159404974882172,0.1936282620370033,0.0
2021-12-01,117881.8029946883,0.0024564616672229423,0.007797817263636486,5,0.18785464937131016,0.6182212782277986,0.1939240724008912,0.0
2021-12-02,118974.87521143311,0.00968875048774252,0.0,1,0.6033440400255206,0.3966559599744795,0.0,0.0
2021-12-03,118913.37578438371,-0.000516911044790891,0.000516911044790902,1,0.5984035319179137,0.40159646808208627,0.0,0.0
2021-12-06,119100.2006580495,0.0015711005800100979,0.0,1,0.6045408496492486,0.3954591503507514,0.0,0.0
2021-12-07,120208.96788928428,0.00930953285644047,0.0,1,0.6113542305247476,0.38864576947525237,0.0,0.0
2021-12-08,119596.04150233121,-0.005098840774654987,0.005098840774654945,1,0.6161144790593198,0.3838855209406801,0.0,0.0
2021-12-09,119639.92232890814,0.0007833491291322599,0.004733802896471406,5,0.19849419980237143,0.6028836663484276,0.19862213384920083,0.0
2021-12-10,119789.75941037333,0.0012524003572425416,0.0034873311556675723,5,0.2001120859233272,0.6006771064724666,0.19921080760420637,0.0
2021-12-13,120701.01173135561,0.007607097012863505,0.0,5,0.1968420656140372,0.6049526235878978,0.19820531079806514,0.0
2021-12-14,120140.01098124089,-0.004647854579407636,0.00464785457940764,5,0.19640061182272683,0.6063286876644904,0.19727070051278273,0.0
2021-12-15,119909.52533858431,-0.0019184752920704984,0.0065574130773063954,5,0.1998527639251561,0.6016491278563512,0.19849810821849267,0.0
2021-12-16,120015.97925357688,0.0008894359035482801,0.005675449343402472,5,0.19806017354600264,0.59970019334933,0.20223963310466744,0.0
2021-12-17,120526.60286278084,0.004254630194910014,0.0014449660866385772,5,0.19512205463981783,0.6039262464471743,0.20095169891300788,0.0
2021-12-20,119628.68568489407,-0.007449950106940729,0.008884151268327534,5,0.1944962323451383,0.6039004142274179,0.2016033534274438,0.0
2021-12-21,119756.74793880859,0.001070497875834212,0.00782316385755466,5,0.1977386321234813,0.6009579586322976,0.201303409244221,0.0
2021-12-22,120553.10519575022,0.006649790267756201,0.0012253959886814325,5,0.1983964212296278,0.5997501952927026,0.20185338347766957,0.0
2021-12-23,120129.63621416054,-0.0035108704517137594,0.004733808847160237,5,0.20195347121095283,0.5968894888857113,0.20115703990333583,0.0
2021-12-27,120704.0034535781,0.00478122849214006,0.0,5,0.2038369639030162,0.5954892747000162,0.2006737613969676,0.0
2021-12-28,120294.6199725137,-0.003391631340727234,0.0033916313407272858,5,0.20436351425014385,0.5951476571606363,0.20048882858921985,0.0
2021-12-29,119536.81988488889,-0.006299534324959541,0.009669799967638282,5,0.20592216486468434,0.5923778369578396,0.2016999981774761,0.0
2021-12-30,120235.64151117366,0.005846078446437859,0.003880251930372558,5,0.2041593487797052,0.5938737232193461,0.20196692800094862,0.0
2021-12-31,120379.24415908662,0.0015387462828274749,0.002690542858558742,4,0.24898677171442066,0.25010534838610954,0.2513211774706942,0.2495867024287755
2022-01-03,119261.91678625288,-0.009281727764938755,0.011947297737144535,4,0.2527745787989461,0.24582167350723172,0.2497732442096582,0.251630503484164
2022-01-04,119366.9166819705,0.0008804142893812825,0.011077402019410543,4,0.25246769416483583,0.2445841276379677,0.2513918735764274,0.25155630462076917
2022-01-05,118500.89548350926,-0.007255119111173718,0.018252153259491033,4,0.24942941836014784,0.2450343922599734,0.2524674524920093,0.25306873688786946
2022-01-06,118157.38174934141,-0.002898828171434795,0.02109807157486787,4,0.24991952595936884,0.24638294612802286,0.25010120939467845,0.2535963185179299
2022-01-07,117955.33226508962,-0.001706311840366825,0.02277199686707665,4,0.24943724770746523,0.24862714201580835,0.25156703623354826,0.2503685740431781
2022-01-10,118063.79987150802,0.0009195650958334039,0.02187337210472462,4,0.2488979814509544,0.24901004161775372,0.25210002938434833,0.24999194754694343
2022-01-11,118896.75670394601,0.007055141655143439,0.014972550188255718,4,0.24940542869047377,0.24891257762169725,0.2533540803316253,0.2483279133562036
2022-01-12,118932.75941192714,0.00030280647663730994,0.01467427749678718,4,0.25000401523227933,0.24788385286520623,0.25394670287681775,0.24816542902569672
2022-01-13,118696.14962217805,-0.0019894416888922273,0.016634525566272984,4,0.24705081689452268,0.2505838289338616,0.253588548483803,0.24877680568781269
2022-01-14,118453.96519009357,-0.0012901190842034,0.01864095803872723,0,0.0,0.0,0.0,1.0
2022-01-18,118273.23082898761,-0.0015257772149368,0.02013829330462391,0,0.0,0.0,0.0,1.0
2022-01-19,118328.77489077619,0.0004696249641551,0.01967812578574013,0,0.0,0.0,0.0,1.0
2022-01-20,118301.02112694891,-0.0002345478845098,0.019908058207475765,0,0.0,0.0,0.0,1.0
2022-01-21,118398.3480600369,0.0008227057734653,0.019101730908436254,0,0.0,0.0,0.0,1.0
2022-01-24,118222.15686314707,-0.0004886106983516798,0.02056142728841248,2,0.4018950306718245,0.3969078225028108,0.20119714682536463,0.0
2022-01-25,117642.3447153452,-0.004904428773644006,0.025365014006435982,2,0.39894489816493706,0.39821990990977696,0.20283519192528598,0.0
2022-01-26,116572.28162927506,-0.009095900703605676,0.0342301970612936,2,0.40159693693820264,0.3970151951007545,0.20138786796104285,0.0
2022-01-27,116888.14754515098,0.002709614253587632,0.03161333343756634,2,0.3985339330059787,0.403212931795634,0.1982531351983873,0.0
2022-01-28,117992.4317192691,0.009447357985475477,0.022464637930189713,2,0.4046091761088138,0.3995790399922391,0.19581178389894702,0.0
2022-01-31,119523.27577979112,0.01337476596543728,0.00978200921265282,3,0.803660104962334,0.19633989503766608,0.0,0.0
2022-02-01,120094.42649185748,0.004778573113396259,0.005050180145475203,3,0.8052425449494697,0.1947574550505304,0.0,0.0
2022-02-02,121113.06328401716,0.008481965582547268,0.0,3,0.8062264238351432,0.19377357616485677,0.0,0.0
2022-02-03,118634.71591993644,-0.020463088760861926,0.02046308876086189,3,0.8037225915831167,0.19627740841688332,0.0,0.0
2022-02-04,118739.81030711439,0.0008858653756027688,0.01959535092707021,3,0.8067873058506904,0.1932126941493097,0.0,0.0
2022-02-07,118813.37125819239,0.00122704566144154,0.018987976717522725,5,0.1991138115321522,0.5996525948770293,0.2012335935908185,0.0
2022-02-08,118604.75470921276,-0.0017558339332555623,0.020710470916933787,5,0.20110523311790654,0.5966909919706966,0.2022037749113968,0.0
2022-02-09,119168.52894237221,0.004753386443415994,0.01605552934521115,5,0.2030832446780255,0.5949855109412248,0.20193124438074989,0.0
2022-02-10,117515.559135053,-0.013870858539493776,0.02970368390838074,5,0.20223997039923283,0.5937658550761973,0.2039941745245699,0.0
2022-02-11,118538.35726340169,0.008703512418923533,0.02125869787124146,5,0.19654150382897737,0.5973709232231234,0.2060875729478993,0.0
2022-02-14,118167.40803519155,-0.0021314917830334,0.024321532037529958,0,0.0,0.0,0.0,1.0
2022-02-15,118209.4499178445,0.0003557823883251,0.02397440282196084,0,0.0,0.0,0.0,1.0
2022-02-16,118363.73442092912,0.0013051790968645,0.022700514614519385,0,0.0,0.0,0.0,1.0
2022-02-17,118433.80013368327,0.000591952535943,0.022121999705769668,0,0.0,0.0,0.0,1.0
2022-02-18,118447.84273623947,0.0001185692136902,0.022006053480189802,0,0.0,0.0,0.0,1.0
2022-02-22,118309.76716146036,-0.00016587367881444045,0.023146108657023268,5,0.1978864413562412,0.6016625015170238,0.20045105712673505,0.0
2022-02-23,117020.34084123815,-0.010898730943004002,0.03379257638939681,5,0.19651796765219523,0.5999088069390938,0.20357322540871098,0.0
2022-02-24,117259.00999477852,0.0020395527121577443,0.031821945418064934,5,0.19906942783424622,0.5990821014206579,0.2018484707450959,0.0
2022-02-25,117746.57944600249,0.004158055327651925,0.027796207500094927,5,0.2026191772500919,0.5970376821731341,0.20034314057677383,0.0
2022-02-28,119470.90762412435,0.014644401444481899,0.013558864876878407,5,0.19918382371433968,0.6013179420101256,0.19949823427553476,0.0
2022-03-01,118884.01363162015,-0.004513435619250679,0.0184047004671144,1,0.5935408714705949,0.40645912852940513,0.0,0.0
2022-03-02,118530.33030259894,-0.002975028502294232,0.021324974460942836,1,0.606263356799986,0.393736643200014,0.0,0.0
2022-03-03,118647.91368322022,0.0009920109082722484,0.020354118159954582,1,0.6026471492965858,0.3973528507034142,0.0,0.0
2022-03-04,118880.90041377218,0.0019636816469779917,0.01843040552124775,1,0.5965794998024049,0.40342050019759523,0.0,0.0
2022-03-07,116424.25565291283,-0.02066475566982453,0.03871430136407994,1,0.5912100225375908,0.4087899774624093,0.0,0.0
2022-03-08,116136.64323789765,-0.0020799859420801594,0.04108904449431294,5,0.19889735817496487,0.5952025730544602,0.20590006877057504,0.0
2022-03-09,115368.09469237753,-0.006617623207395488,0.04743475588729307,5,0.20559046978743703,0.5932961017645509,0.2011134284480121,0.0
2022-03-10,114350.00466300113,-0.008824710437414037,0.05584086833933233,5,0.20648430422181252,0.5899783887086737,0.20353730706951373,0.0
2022-03-11,114112.00754394174,-0.002081303973364762,0.057805950491546354,5,0.2042839965468477,0.5931876098431406,0.2025283936100117,0.0
2022-03-14,112012.78685913123,-0.018396141913480497,0.07513868593634077,5,0.2065915190275692,0.5901945904568576,0.20321389051557315,0.0
2022-03-15,112479.04122138288,0.004356761265735839,0.07128894132903729,2,0.40702280680759634,0.39756962738297774,0.19540756580942603,0.0
2022-03-16,114070.4085517333,0.01414812317983983,0.05814942287248093,2,0.4102441190592231,0.3958680556138864,0.1938878253268903,0.0
2022-03-17,114427.4071905528,0.0031296340861054883,0.05520177520228442,2,0.41408067391979486,0.3916915140691121,0.19422781201109296,0.0
2022-03-18,115298.40740014298,0.007611814607838972,0.04801014627330891,2,0.41545368894409973,0.3934800934092953,0.19106621764660492,0.0
2022-03-21,114402.17910071458,-0.007773119504747647,0.055410077173633776,2,0.4185859873643615,0.3873796442687398,0.19403436836689872,0.0
2022-03-22,114183.33839573065,-0.0018943560092890203,0.05721698964905131,2,0.40544855904758964,0.3956247580535031,0.1989266828989073,0.0
2022-03-23,114887.37700993064,0.0061658611851054855,0.05140392047955156,2,0.39777446840293434,0.4018172670270522,0.20040826457001332,0.0
2022-03-24,115381.83319516975,0.004303833877209754,0.04732132053672311,2,0.40204028650134704,0.3969614743892844,0.2009982391093686,0.0
2022-03-25,114877.99977389461,-0.004366661608009767,0.05148134595110487,2,0.4057756155911275,0.3931713934039828,0.20105299100488971,0.0
2022-03-28,115175.28385743932,0.0025878243365120538,0.04902674629452153,2,0.40760705042480844,0.3955093850937336,0.19688356448145802,0.0
2022-03-29,116102.55119159384,0.008058591285811741,0.041370533917331254,2,0.4017111503077212,0.39979904037031105,0.1984898093219678,0.0
2022-03-30,116361.94075864536,0.0022341418374474953,0.03922881972054615,2,0.3983406764495326,0.4020199924820275,0.1996393310684398,0.0
2022-03-31,115771.13709259975,-0.0050772929893893705,0.044106936498586324,2,0.3942112518921137,0.4050528426509587,0.2007359054569276,0.0
2022-04-01,115931.05420601834,0.0013813210912033663,0.042786541249036913,2,0.3947831243851096,0.4060339638598992,0.1991829117549911,0.0
2022-04-04,116107.93394410823,0.0015257321629765,0.041326089888186646,2,0.3975585490538507,0.40259805303823604,0.1998433979079132,0.0
2022-04-05,114363.96241152807,-0.0146237052558754,0.05572562273205861,3,0.8016174554497827,0.1983825445502174,0.0,0.0
2022-04-06,113263.60155860543,-0.009621569852250371,0.06481102461263233,3,0.8013115432037934,0.19868845679620667,0.0,0.0
2022-04-07,113551.46281482697,0.0025415160056745873,0.06243422686335498,3,0.8033079629277613,0.19669203707223876,0.0,0.0
2022-04-08,113065.65014335448,-0.0042783479792306576,0.06644545949424985,3,0.804602328247983,0.195397671752017,0.0,0.0
2022-04-11,111161.0942829344,-0.016844690301654905,0.08217089660877308,3,0.8043996208203436,0.1956003791796565,0.0,0.0
2022-04-12,111060.69066611811,-0.0004990284224214801,0.08299990393542978,2,0.39871686423230995,0.3996471633626768,0.20163597240501327,0.0
2022-04-13,111765.35712704409,0.006344877352189543,0.07718165079395412,2,0.4007409963405498,0.3979348667224058,0.20132413693704448,0.0
2022-04-14,110241.77546658053,-0.013631967003261077,0.0897614800803348,2,0.40122043862865797,0.39534732742038,0.20343223395096205,0.0
2022-04-18,110112.8579741467,-0.0011694068957816212,0.09082591928233497,2,0.4018553053442168,0.39384348062582225,0.20430121402996096,0.0
2022-04-19,110162.33015122026,0.0004492861050358078,0.09041744000080976,2,0.40815903689964544,0.39071769567144543,0.20112326742890904,0.0
2022-04-20,110497.08004896656,0.00343188231215452,0.08765349457106464,3,0.7966726026195624,0.20332739738043776,0.0,0.0
2022-04-21,109014.49932373446,-0.013417374690580902,0.09989478948204678,3,0.7954321179643346,0.20456788203566545,0.0,0.0
2022-04-22,106494.79433596312,-0.02311348493459303,0.12069935770490214,3,0.791909948163497,0.20809005183650295,0.0,0.0
2022-04-25,107205.35368750054,0.006672244929604567,0.11483244845275065,3,0.7912218982215196,0.20877810177848036,0.0,0.0
2022-04-26,104974.11383878796,-0.020812765146193662,0.13325523281813478,3,0.7846379059848267,0.21536209401517326,0.0,0.0
2022-04-27,104939.36081934195,-0.00031570551197669997,0.13354217972958826,3,0.8025027796451636,0.19749722035483636,0.0,0.0
2022-04-28,107097.42592061595,0.020564877510443468,0.11572358078776135,3,0.8061942389812287,0.1938057610187713,0.0,0.0
2022-04-29,103637.37358437065,-0.03230752099317496,0.14429235976523025,3,0.802321943779934,0.19767805622006593,0.0,0.0
2022-05-02,103782.76933776797,0.0014029278084603484,0.14309186372083293,3,0.8060206027895387,0.19397939721046129,0.0,0.0
2022-05-03,104301.95935376751,0.0050026610323896156,0.13880504277913142,3,0.8056849503345443,0.1943150496654556,0.0,0.0
2022-05-04,106957.31620391396,0.02546418990678144,0.11688043136112536,3,0.8038917962774353,0.19610820372256466,0.0,0.0
2022-05-05,103326.58468587496,-0.03394561164116169,0.1468584652708509,3,0.8025626533119699,0.19743734668803012,0.0,0.0
2022-05-06,102531.01162937171,-0.0076995969519546995,0.15342731123123732,3,0.8039625763179884,0.19603742368201152,0.0,0.0
2022-05-09,100068.60844539957,-0.024016179542568197,0.17375875292054266,3,0.7973715133886264,0.20262848661137353,0.0,0.0
2022-05-10,100436.8668727238,0.003680059441669389,0.17071813601813113,3,0.7962835523939475,0.20371644760605231,0.0,0.0
2022-05-11,99547.19924392676,-0.00885429517229674,0.17806389711667348,3,0.7943243582152999,0.20567564178470019,0.0,0.0
2022-05-12,99426.4590165414,-0.0012128942682707341,0.17906081870474544,3,0.7944587019047364,0.20554129809526353,0.0,0.0
2022-05-13,101012.86923147082,0.01595561413552384,0.16596222989926546,3,0.8006771316745414,0.19932286832545876,0.0,0.0
2022-05-16,100663.87631976121,-0.003454935142074613,0.1688437763010041,3,0.8001930437836635,0.19980695621633648,0.0,0.0
2022-05-17,102077.77979823171,0.014045788123429812,0.15716953208545803,3,0.8053415283072196,0.19465847169278042,0.0,0.0
2022-05-18,99220.52038397866,-0.027985810700922844,0.18076120202408907,3,0.7898554566614047,0.2101445433385954,0.0,0.0
2022-05-19,98790.4930438301,-0.0043340564883591086,0.1843118292519721,3,0.7884351812161342,0.2115648187838658,0.0,0.0
2022-05-20,99061.70375616211,0.002745311861250553,0.1820725108417358,3,0.7866197049965534,0.21338029500344652,0.0,0.0
2022-05-23,100171.88000053566,0.011206916520497316,0.17290606575091916,3,0.7924566205321519,0.20754337946784807,0.0,0.0
2022-05-24,99976.13297609727,-0.0019541115174971776,0.17452229953388732,3,0.7879469369797991,0.21205306302020094,0.0,0.0
2022-05-25,100760.60286108454,0.00785871937765048,0.16804512965876295,3,0.8007748437771541,0.1992251562228458,0.0,0.0
2022-05-26,102281.97161726875,0.01509884531240527,0.1554835717645784,3,0.8046263102003274,0.19537368979967254,0.0,0.0
2022-05-27,104351.11267242793,0.02022977287631639,0.1383991962310579,3,0.8080328641062814,0.19196713589371864,0.0,0.0
2022-05-31,103454.10376602183,-0.0085960646075901,0.14580557240620728,3,0.8104659699771378,0.1895340300228622,0.0,0.0
2022-06-01,102753.4961784625,-0.00677215849401065,0.15159031245457322,3,0.8093918097881939,0.19060819021180617,0.0,0.0
2022-06-02,103767.90015385348,0.0102858115970271,0.1432146348200959,2,0.4034674777406961,0.3961319681876687,0.2004005540716352,0.0
2022-06-03,102781.30656061407,-0.00950769546050956,0.15136068914724787,2,0.40065516902931014,0.39907463878720395,0.20027019218348596,0.0
2022-06-06,102059.52870944998,-0.007022462306785662,0.15732022671976797,2,0.4047172221027325,0.3944844212553061,0.20079835664196158,0.0
2022-06-07,103024.143814903,0.009451494805537981,0.14935564321987793,2,0.40477360218967123,0.39501148320038443,0.2002149146099443,0.0
2022-06-08,102191.09266803268,-0.008085979810392885,0.15623393631462656,2,0.40363665184871333,0.39470305079165746,0.20166029735962918,0.0
2022-06-09,100275.07596792086,-0.01836026532672014,0.1720540026902797,3,0.7955807027359368,0.20441929726406316,0.0,0.0
2022-06-10,97834.76472340686,-0.024336169491356707,0.19220303681049944,3,0.7917813257803937,0.20821867421960635,0.0,0.0
2022-06-13,94254.39249169029,-0.036596114293715586,0.22176526680149877,3,0.7906537247299829,0.20934627527001706,0.0,0.0
2022-06-14,93780.95124743492,-0.005023015179871914,0.2256743516798585,3,0.7922507388602763,0.2077492611397237,0.0,0.0
2022-06-15,95203.62804876504,0.015170210820068123,0.21392766835145594,3,0.7915374187920606,0.20846258120793926,0.0,0.0
2022-06-16,92833.33063634922,-0.024888881282491237,0.23349861592841004,3,0.793266667286213,0.2067333327137871,0.0,0.0
2022-06-17,93053.93144457387,0.0023763103910253787,0.2316771707247054,3,0.7930922218849481,0.20690777811505195,0.0,0.0
2022-06-21,94585.36863477094,0.016457522712076428,0.21903248031170042,3,0.7998929457682591,0.2001070542317409,0.0,0.0
2022-06-22,94968.70128036011,0.004052768954883043,0.2158673993931357,3,0.7952199537803494,0.2047800462196506,0.0,0.0
2022-06-23,95868.76001863605,0.009477424942548643,0.20843584152587857,3,0.7954760251561225,0.2045239748438775,0.0,0.0
2022-06-24,95605.9995613984,-0.002146637291489299,0.21060538831226827,5,0.20680270509839802,0.5929671658800677,0.20023012902153425,0.0
2022-06-27,95025.60107594567,-0.0060707328840800935,0.21539759213995668,5,0.20727103646748,0.5915009037925757,0.20122805973994426,0.0
2022-06-28,94853.53589596757,-0.0018107244577235681,0.2168182909094577,5,0.20340421891082394,0.5953349214820111,0.20126085960716492,0.0
2022-06-29,95704.57542931159,0.008972143476837918,0.20979147224706218,5,0.20143129741081411,0.5992503933011453,0.19931830928804053,0.0
2022-06-30,95935.69464870909,0.0024149234073788735,0.2078831791766812,5,0.19931347653819606,0.6030567417517779,0.19762978171002613,0.0
2022-07-01,96886.18576381657,0.01051458818118892,0.20003521390080903,3,0.8000491106839676,0.1999508893160325,0.0,0.0
2022-07-05,97184.79040133109,0.003082014584023758,0.19756971076334584,3,0.7990972858778417,0.2009027141221584,0.0,0.0
2022-07-06,97119.22770429346,-0.0006746189065890835,0.19811104540768465,3,0.8023372122527095,0.1976627877472905,0.0,0.0
2022-07-07,98117.36358237211,0.010277428081674558,0.1898696893473728,3,0.8060697951959609,0.19393020480403916,0.0,0.0
2022-07-08,97841.53828032766,-0.0028111772674455178,0.19214710926034817,3,0.8076771880225061,0.19232281197749387,0.0,0.0
2022-07-11,97284.08261391503,-0.00568990228761406,0.19674988002096672,3,0.7953867953431428,0.20461320465685717,0.0,0.0
2022-07-12,96717.64335806626,-0.005822527597826696,0.20142682601250228,3,0.7929655759716909,0.20703442402830904,0.0,0.0
2022-07-13,96544.46426022697,-0.0017905636637375647,0.20285672212067984,3,0.7902159558597414,0.2097840441402587,0.0,0.0
2022-07-14,96193.96076617218,-0.0036304877420007984,0.20575074101963908,3,0.791169391394655,0.208830608605345,0.0,0.0
2022-07-15,97761.03993094606,0.016290826911505532,0.19281176381699838,3,0.7933603526949892,0.2066396473050109,0.0,0.0
2022-07-18,96910.9173989638,-0.008689341623190941,0.19983101103056022,3,0.8003489656539334,0.1996510343460666,0.0,0.0
2022-07-19,98902.22750594345,0.02054784084626723,0.18338926599509764,3,0.8054240703648233,0.19457592963517656,0.0,0.0
2022-07-20,99460.38334372912,0.00564351129252504,0.17878071409614382,3,0.8060082160332419,0.19399178396675812,0.0,0.0
2022-07-21,100610.0651407333,0.011559193302432358,0.16928808162669562,3,0.8049118554695095,0.19508814453049064,0.0,0.0
2022-07-22,100188.6681170388,-0.0041884181578160035,0.17276745050952458,3,0.8007979226835538,0.19920207731644618,0.0,0.0
2022-07-25,99510.12125853804,-0.00617560304383086,0.17837004068519813,5,0.20148729663085607,0.5978210207273421,0.20069168264180182,0.0
2022-07-26,99294.8589107834,-0.002163220635571067,0.1801474075679913,5,0.19953510764356405,0.5995766264144915,0.20088826594194445,0.0
2022-07-27,99678.0148762643,0.003858769423552492,0.17698378545249438,5,0.2039294230341484,0.593916333721795,0.20215424324405654,0.0
2022-07-28,100649.7861678172,0.009749103578750267,0.16896011512987974,5,0.20449352496345263,0.5928644946073124,0.20264198042923504,0.0
2022-07-29,100845.00789697283,0.0019396139484104396,0.16734821857750026,5,0.20707313711288558,0.5901086267573189,0.20281823612979566,0.0
2022-08-01,102355.81747384727,0.014991540563194619,0.1548738451622106,5,0.19646249166236016,0.6053748259866666,0.19816268235097326,0.0
2022-08-02,100791.57397636744,-0.015282409305944142,0.16778940897560035,5,0.1981952802576522,0.6017616443931492,0.20004307534919863,0.0
2022-08-03,102108.51516685174,0.01306598496807961,0.15691575790299894,5,0.19870267377694442,0.6033528368164932,0.1979444894065624,0.0
2022-08-04,102408.44389032554,0.0029373527073986473,0.15443932212191025,5,0.19798686178615021,0.6013839676707207,0.20062917054312907,0.0
2022-08-05,100677.15009167898,-0.016905771954709978,0.16873417811598723,5,0.20105113251438037,0.5971646682396571,0.20178419924596264,0.0
2022-08-08,101799.06563421211,0.011146562814437561,0.1594708046027422,5,0.1975656790567345,0.6029637289033973,0.19947059203986814,0.0
2022-08-09,101542.74491330927,-0.0025179083845803816,0.16158718011131756,5,0.19727786116487156,0.602136201794521,0.20058593704060737,0.0
2022-08-10,101512.99513556522,-0.000292977876159037,0.16183281651863302,5,0.2014805066095026,0.5983787815576427,0.20014071183285478,0.0
2022-08-11,100043.51462013167,-0.014475787198192057,0.17396594630321738,5,0.20443993561223744,0.593015374084359,0.20254469030340364,0.0
2022-08-12,101177.77421409101,0.011337662398868766,0.16460065107243416,5,0.20557024435122054,0.5923135799956261,0.20211617565315332,0.0
2022-08-15,101162.28478288966,0.0008477565136821,0.16472854339702203,0,0.0,0.0,0.0,1.0
2022-08-16,101076.59643987694,-0.0008470384313346,0.16543605042136156,0,0.0,0.0,0.0,1.0
2022-08-17,100990.87606782996,-0.0008480733925185,0.16614382190135435,0,0.0,0.0,0.0,1.0
2022-08-18,101137.82527705337,0.0014550741110981,0.16493049936422377,0,0.0,0.0,0.0,1.0
2022-08-19,101064.32931975216,-0.0007266910980129,0.1655373369365578,0,0.0,0.0,0.0,1.0
2022-08-22,100929.61520161926,-0.0013329541593916,0.1666496374141453,0,0.0,0.0,0.0,1.0
2022-08-23,100978.63030039468,0.0004856364376055,0.1662449321127818,0,0.0,0.0,0.0,1.0
2022-08-24,100868.40771713237,-0.0010915436556667,0.16715501216751405,0,0.0,0.0,0.0,1.0
2022-08-25,100929.6152016193,0.000606805300809,0.16664963741414507,0,0.0,0.0,0.0,1.0
2022-08-26,100905.13434309348,-0.0002425537685535,0.16685176968511573,0,0.0,0.0,0.0,1.0
2022-08-29,100831.69176751604,-0.000727837845473,0.1674581664980278,0,0.0,0.0,0.0,1.0
2022-08-30,100782.69802143014,-0.0004858963013222,0.16786269549562238,0,0.0,0.0,0.0,1.0
2022-08-31,100770.4415776501,-0.0001216125785542,0.1679638938589344,0,0.0,0.0,0.0,1.0
2022-09-01,100696.89223862509,-0.0007298701670204,0.16857117219069062,0,0.0,0.0,0.0,1.0
2022-09-02,100917.58296107914,0.0021916338980061,0.16674898458788423,0,0.0,0.0,0.0,1.0
2022-09-06,100012.93121933064,-0.00797223510391832,0.17421846572574495,3,0.8033862174315768,0.19661378256842318,0.0,0.0
2022-09-07,101767.3871978965,0.01754229135348809,0.1597323654571755,3,0.8037199426708403,0.19628005732915954,0.0,0.0
2022-09-08,102097.11068536722,0.0032399720239406995,0.15700992182863394,3,0.8063606472091134,0.19363935279088657,0.0,0.0
2022-09-09,103419.99145235487,0.012957083291655198,0.14608722917172867,3,0.808413042569739,0.19158695743026094,0.0,0.0
2022-09-12,104155.73238528748,0.007114107462207509,0.14001240195670517,3,0.8113295539273915,0.1886704460726085,0.0,0.0
2022-09-13,103696.62661310674,-0.0034112893933313,0.14380312245977844,0,0.0,0.0,0.0,1.0
2022-09-14,103607.88634313455,-0.0008557681466657,0.14453582847485202,0,0.0,0.0,0.0,1.0
2022-09-15,103493.764898658,-0.0011014744968216,0.14547810044273157,0,0.0,0.0,0.0,1.0
2022-09-16,103544.4610071069,0.0004898469825553,0.145059515468706,0,0.0,0.0,0.0,1.0
2022-09-19,103430.36164281698,-0.0011019359527315,0.14600160512605664,0,0.0,0.0,0.0,1.0
2022-09-20,103379.70969474128,-0.0004897203033149,0.14641982547902477,0,0.0,0.0,0.0,1.0
2022-09-21,103290.93630448918,-0.0008587119321018,0.14715280495989158,0,0.0,0.0,0.0,1.0
2022-09-22,103100.69341668616,-0.0018418158902366,0.14872359247566014,0,0.0,0.0,0.0,1.0
2022-09-23,102973.9641856572,-0.0012291792308009,0.1497699637554598,0,0.0,0.0,0.0,1.0
2022-09-26,102745.72129670408,-0.0022165106564373,0.15165450769121902,0,0.0,0.0,0.0,1.0
2022-09-27,102745.72129670408,0.0,0.15165450769121902,0,0.0,0.0,0.0,1.0
2022-09-28,103189.48888712485,0.0043190858443562,0.14799043068426465,0,0.0,0.0,0.0,1.0
2022-09-29,103050.01938842385,-0.0013515862924136,0.14914199513915705,0,0.0,0.0,0.0,1.0
2022-09-30,102961.27911845167,-0.000861137828977,0.14987470115423063,0,0.0,0.0,0.0,1.0
2022-10-03,103187.2477481843,0.0021946952453131,0.14800893520293334,0,0.0,0.0,0.0,1.0
2022-10-04,103225.3471101741,0.0003692254888199,0.14769435838556344,0,0.0,0.0,0.0,1.0
2022-10-05,103123.75617159683,-0.0009841665968809,0.14853316912837355,0,0.0,0.0,0.0,1.0
2022-10-06,102996.7950986085,-0.0012311525268442,0.1495814546687252,0,0.0,0.0,0.0,1.0
2022-10-07,102869.8892260867,-0.0012321341882561,0.15062928443275492,0,0.0,0.0,0.0,1.0
2022-10-10,102831.7788240036,-0.0003704718880307,0.15094395240538905,0,0.0,0.0,0.0,1.0
2022-10-11,102882.51909282572,0.0004934298463217,0.1505250028103059,0,0.0,0.0,0.0,1.0
2022-10-12,102984.1321115896,0.0009876606799663,0.1496860097569671,0,0.0,0.0,0.0,1.0
2022-10-13,102679.40345623101,-0.0029589864876309,0.15220207736433966,0,0.0,0.0,0.0,1.0
2022-10-14,102628.630067129,-0.0004944846521597,0.15262130042521593,0,0.0,0.0,0.0,1.0
2022-10-17,102742.9281530984,0.0011137056579109,0.15167756997310622,0,0.0,0.0,0.0,1.0
2022-10-18,102793.69050210711,0.0004940714647831,0.1512584380674945,0,0.0,0.0,0.0,1.0
2022-10-19,102603.25993271793,-0.0018525511484119,0.15283077522275745,0,0.0,0.0,0.0,1.0
2022-10-20,102488.98392693515,-0.0011137658380224,0.15377432336433816,0,0.0,0.0,0.0,1.0
2022-10-21,102755.64634058386,0.0026018641558474,0.15157255910854217,0,0.0,0.0,0.0,1.0
2022-10-24,102730.20996561297,-0.0002475423577851,0.15178258083767004,0,0.0,0.0,0.0,1.0
2022-10-25,104794.66493265615,0.02111700669419892,0.13473689715116377,5,0.19899164169888917,0.6046982513160521,0.19631010698505863,0.0
2022-10-26,105681.44587257823,0.008462080970362048,0.1274149707141904,5,0.1958352279348316,0.6082631596971143,0.19590161236805423,0.0
2022-10-27,106211.9343975022,0.005019694048883318,0.1230348608355396,5,0.19381658718041875,0.611562098243699,0.1946213145758822,0.0
2022-10-28,106044.13508647912,-0.0015798536386230162,0.1244203374015942,5,0.1987415789230401,0.6083195086712068,0.19293891240575314,0.0
2022-10-31,105265.09409836987,-0.007346384479197612,0.13085268224520819,5,0.19876622827403476,0.6084532712151924,0.1927805005107729,0.0
2022-11-01,105977.1464872313,0.00677288379498344,0.12497344536064836,5,0.19778527557041786,0.6015332309135621,0.20068149351602,0.0
2022-11-02,105026.12233234869,-0.008973860746450528,0.13282581181142827,5,0.19456760190659553,0.6043456414517759,0.20108675664162848,0.0
2022-11-03,104392.79279591696,-0.006030209650391473,0.13805505396961348,5,0.19373243178765887,0.6047308463300938,0.2015367218822473,0.0
2022-11-04,104269.07023332203,-0.001185163834411532,0.13907659994690247,5,0.19675403032591374,0.5952763401112,0.20796962956288628,0.0
2022-11-07,103760.15340451535,-0.004880803364486538,0.14327859777444674,5,0.19961034478887488,0.5922280866769455,0.2081615685341796,0.0
2022-11-08,105031.3932029827,0.0122599763458154,0.13278229156273602,5,0.19864373070044347,0.5992147052663646,0.20214156403319186,0.0
2022-11-09,104701.92790921827,-0.003136826844976826,0.13550260335100128,5,0.19516344031639335,0.6030763066732043,0.20176025301040226,0.0
2022-11-10,108897.33165933512,0.04006997611117988,0.10086221331909873,5,0.19795637381908296,0.6021506141393717,0.19989301204154541,0.0
2022-11-11,109009.52192467112,0.0010302388830514399,0.09993588661003916,5,0.19966660222478025,0.599326912413378,0.20100648536184182,0.0
2022-11-14,108712.11047709786,-0.002728307053568973,0.10239153787926536,5,0.198509676383808,0.5994929945408879,0.20199732907530418,0.0
2022-11-15,110029.19662657935,0.01211737964291942,0.09151668991680528,5,0.1992909274650627,0.6024085813105794,0.1983004912243579,0.0
2022-11-16,111261.30916309933,0.011198050829195503,0.08134344763301793,5,0.1955804667250272,0.6087653061871641,0.1956542270878087,0.0
2022-11-17,110321.79664470696,-0.008444197946791363,0.08910076540632161,5,0.19664251225037319,0.6074710590286775,0.1958864287209493,0.0
2022-11-18,109810.43680968102,-0.004635165947059287,0.09332293451971263,5,0.19845519567921674,0.6061028394951576,0.1954419648256257,0.0
2022-11-21,109891.76064843337,0.0007405838744936983,0.09265146410564473,5,0.19758726796812032,0.6082071041505738,0.194205627881306,0.0
2022-11-22,111358.04145498155,0.01375090117278492,0.08054475350986312,1,0.5998261677990498,0.40017383220095015,0.0,0.0
2022-11-23,112556.21130786541,0.010759616793082958,0.0706517673992395,1,0.5971806631539239,0.40281933684607607,0.0,0.0
2022-11-25,112387.47168172232,-0.0014991587241821288,0.07204500790994628,1,0.5979433277322145,0.4020566722677855,0.0,0.0
2022-11-28,111442.49160281429,-0.008408233273404274,0.07984746995065939,1,0.5933914543986151,0.40660854560138493,0.0,0.0
2022-11-29,110797.53955935362,-0.005787308181867479,0.08517267621638003,1,0.5958202968494571,0.40417970315054297,0.0,0.0
2022-11-30,113729.47082420382,0.026671686650005605,0.060964459651213554,3,0.8037629838990167,0.19623701610098337,0.0,0.0
2022-12-01,114375.1393403623,0.005677231340999648,0.055633337651232906,3,0.7986372610661969,0.20136273893380308,0.0,0.0
2022-12-02,114559.37645123327,0.0016108143074931394,0.054112138320001946,3,0.7964328833733051,0.20356711662669497,0.0,0.0
2022-12-05,112591.4322882949,-0.017178377046911608,0.0703609566520379,3,0.7957760267348283,0.2042239732651718,0.0,0.0
2022-12-06,111596.05054466566,-0.008840652644692566,0.07857957251922154,3,0.7913006273628302,0.2086993726371698,0.0,0.0
2022-12-07,112512.42527305902,0.008404442089494061,0.07101329763899322,1,0.5939872524382757,0.4060127475617245,0.0,0.0
2022-12-08,112910.76873026608,0.0035404397002403096,0.06772427623695909,1,0.5965284466143512,0.40347155338564883,0.0,0.0
2022-12-09,111222.505046949,-0.01495219368623907,0.08166384342764277,1,0.6010593790969887,0.39894062090301136,0.0,0.0
2022-12-12,112328.1938514987,0.009941232703605923,0.0725344499950219,1,0.6037231906676845,0.3962768093323154,0.0,0.0
2022-12-13,113271.36574401583,0.008396573114707416,0.06474691769303276,1,0.6032283042848728,0.3967716957151272,0.0,0.0
2022-12-14,112766.5770303886,-0.004260521384158881,0.06891483071529259,3,0.7982863554202075,0.20171364457979246,0.0,0.0
2022-12-15,110653.28456117654,-0.01874041515548144,0.08636375333279978,3,0.7936319563762557,0.20636804362374428,0.0,0.0
2022-12-16,109361.40889339469,-0.0116749870815412,0.0970304447098671,3,0.7935265935982155,0.2064734064017844,0.0,0.0
2022-12-19,108246.06603398644,-0.010198687733581433,0.10623954923720214,3,0.7949047260407992,0.2050952739592007,0.0,0.0
2022-12-20,107969.5819666459,-0.0025542181574870555,0.1085224084089842,3,0.798030726838098,0.20196927316190205,0.0,0.0
2022-12-21,109315.18476576747,0.01246478912385526,0.09741210566677672,3,0.8019657221114243,0.19803427788857578,0.0,0.0
2022-12-22,108060.33045728486,-0.011479231464241858,0.10777312102265046,3,0.7997046945341297,0.2002953054658703,0.0,0.0
2022-12-23,108240.12110012694,0.001663798750950055,0.10628863505584385,3,0.8029689186897281,0.19703108131027205,0.0,0.0
2022-12-27,107475.6761257726,-0.00706249186147147,0.11260046429726656,3,0.8054911084147003,0.19450889158529966,0.0,0.0
2022-12-28,106276.61454814434,-0.01115658557220961,0.12250081315407313,3,0.8044555101941657,0.19554448980583425,0.0,0.0
2022-12-29,107884.89592991756,0.01534056726286586,0.10922163964327103,1,0.6015717623615686,0.3984282376384314,0.0,0.0
2022-12-30,107235.76775869173,-0.00601685866803368,0.11458132714208025,1,0.6036190104815803,0.3963809895184197,0.0,0.0
2023-01-03,107774.46106743292,0.00502344805283057,0.11013347243397231,1,0.5980735262658115,0.4019264737341885,0.0,0.0
2023-01-04,108865.53349003772,0.010123663916279115,0.10112476277854743,1,0.5966504359615992,0.4033495640384008,0.0,0.0
2023-01-05,108307.76298550195,-0.0051234811115569556,0.10573013307809775,1,0.5928782952781244,0.4071217047218757,0.0,0.0
2023-01-06,110670.32189797157,0.02202506838957242,0.08622308034234716,3,0.800710064367161,0.1992899356328389,0.0,0.0
2023-01-09,110737.50243307128,0.0006070329781967183,0.08566838761740003,3,0.7997705343905508,0.20022946560944913,0.0,0.0
2023-01-10,110991.62571878037,0.0022948258731291193,0.0835701557766847,3,0.8035351792223,0.19646482077770006,0.0,0.0
2023-01-11,112474.03014810463,0.013356002488694339,0.07133031649652433,3,0.8029737741850956,0.19702622581490434,0.0,0.0
2023-01-12,113238.9881332382,0.006801196544004641,0.06501425145455852,3,0.8004530915893099,0.19954690841069006,0.0,0.0
2023-01-13,113378.1151390084,0.0012290676449712601,0.06386551487736591,3,0.8021177535690637,0.19788224643093635,0.0,0.0
2023-01-17,113066.51460139194,-0.002748330550692296,0.06643832188238519,3,0.8028549232973975,0.19714507670260253,0.0,0.0
2023-01-18,112173.46683111768,-0.0078984284022785,0.0738119919561081,3,0.7964703269631477,0.20352967303685235,0.0,0.0
2023-01-19,111380.14743611371,-0.007072255297220707,0.08036223000221865,3,0.7963037742890531,0.20369622571094692,0.0,0.0
2023-01-20,112664.61314887181,0.011532268023750342,0.0697567207538401,3,0.8018905277613478,0.19810947223865208,0.0,0.0
2023-01-23,113639.76803586319,0.008657285542222361,0.06170511293755865,3,0.8026501539180315,0.19734984608196846,0.0,0.0
2023-01-24,113864.36186700362,0.0019763665046337578,0.0598506983512993,3,0.8002070865897402,0.19979291341025984,0.0,0.0
2023-01-25,113953.67148306016,0.0007843509118404818,0.059113291389284894,3,0.7998795109507871,0.20012048904921279,0.0,0.0
2023-01-26,114849.36097476984,0.007860119643822331,0.05171780928832248,3,0.8023639564836559,0.19763604351634398,0.0,0.0
2023-01-27,115003.80820367197,0.0013447809164220822,0.050442577494870466,3,0.8031274675049557,0.1968725324950443,0.0,0.0
2023-01-30,114776.34387555876,-0.0009788640459904,0.05232069305024867,0,0.0,0.0,0.0,1.0
2023-01-31,114987.23013412497,0.0018373669298514,0.05057945843155465,0,0.0,0.0,0.0,1.0
2023-02-01,115187.26525878743,0.0017396290390605,0.04892781888716158,0,0.0,0.0,0.0,1.0
2023-02-02,115201.28788871456,0.0001217376755635,0.048812037570539646,0,0.0,0.0,0.0,1.0
2023-02-03,114778.7741407108,-0.0036676130601241,0.05230062696417881,0,0.0,0.0,0.0,1.0
2023-02-06,113933.61649965943,-0.00636973153234114,0.05927888032624118,3,0.8002081363154997,0.19979186368450033,0.0,0.0
2023-02-07,114943.2999530376,0.008862032860873713,0.050942178850774456,3,0.8035525135105781,0.1964474864894219,0.0,0.0
2023-02-08,114040.80646165815,-0.007851640693700049,0.05839383985998403,3,0.8010555478636168,0.1989444521363833,0.0,0.0
2023-02-09,113033.91100020816,-0.008829255883844766,0.06670752158966475,3,0.8011848391029072,0.19881516089709284,0.0,0.0
2023-02-10,112993.79237612696,-0.00035492555929631734,0.06703877094455146,3,0.8033397256299031,0.19666027437009692,0.0,0.0
2023-02-13,112908.57626172861,0.0002460797436436,0.06774237889639168,0,0.0,0.0,0.0,1.0
2023-02-14,112672.42403867877,-0.0020915348582771,0.06969222820782428,0,0.0,0.0,0.0,1.0
2023-02-15,112686.29489470826,0.0001231078158461,0.06957770004997432,0,0.0,0.0,0.0,1.0
2023-02-16,112700.18972801697,0.0001233054411957,0.06946297391778056,0,0.0,0.0,0.0,1.0
2023-02-17,112797.42958389866,0.000862818919084,0.06866008896676867,0,0.0,0.0,0.0,1.0
2023-02-21,112575.12423959906,-0.0019708369695982,0.07049560809469535,0,0.0,0.0,0.0,1.0
2023-02-22,112630.70357283385,0.0004937088331922,0.07003670356592073,0,0.0,0.0,0.0,1.0
2023-02-23,112700.18972801698,0.0006169379483471,0.06946297391778045,0,0.0,0.0,0.0,1.0
2023-02-24,112463.97756176908,-0.0020959340602528,0.07141331816507257,0,0.0,0.0,0.0,1.0
2023-02-27,112561.2773608488,0.0008651641280097,0.07060993827820139,0,0.0,0.0,0.0,1.0
2023-02-28,112218.3933001489,-0.00204824733764022,0.07344104543875452,3,0.7986790088214651,0.20132099117853497,0.0,0.0
2023-03-01,111631.91758566955,-0.005226199531396942,0.07828342741289407,3,0.7997954668355597,0.20020453316444023,0.0,0.0
2023-03-02,112128.10221253663,0.004444827586933438,0.07418655616372505,3,0.8024488831292013,0.1975511168707988,0.0,0.0
2023-03-03,114107.75020734944,0.017655235001306172,0.057841102245427156,3,0.8011733914956102,0.1988266085043899,0.0,0.0
2023-03-06,113995.19535385724,-0.0009863909619431972,0.05877043926688652,3,0.802520122700561,0.19747987729943897,0.0,0.0
2023-03-07,112736.7993685263,-0.011036534216572181,0.06916069735473562,3,0.7965278744611016,0.2034721255388984,0.0,0.0
2023-03-08,112905.91344482872,0.0015000787431406115,0.06776436510355777,3,0.7966329094493511,0.20336709055064894,0.0,0.0
2023-03-09,111302.81574628805,-0.014198527336869963,0.08100073825003928,3,0.7931973030311419,0.20680269696885809,0.0,0.0
2023-03-10,110822.70960944863,-0.004313512947721003,0.08496485346454374,3,0.7851386059016336,0.21486139409836627,0.0,0.0
2023-03-13,110752.81173757349,-0.0006307179469034385,0.08554198255351098,3,0.7845143488779586,0.21548565112204135,0.0,0.0
2023-03-14,111851.49420541931,0.00993577111606852,0.07647043867496717,3,0.8052235934835189,0.19477640651648118,0.0,0.0
2023-03-15,111708.88120866758,-0.0012750209352574873,0.07764795819998571,3,0.801208968111543,0.198791031888457,0.0,0.0
2023-03-16,113105.49981700955,0.012502305933340596,0.0661164307951605,3,0.8051994895145481,0.1948005104854518,0.0,0.0
2023-03-17,112371.34078809513,-0.006490922458255289,0.07217819662790781,3,0.8009838662977574,0.1990161337022426,0.0,0.0
2023-03-20,113040.0549236979,0.005950931357700847,0.06665679276386216,3,0.8039017161485643,0.19609828385143574,0.0,0.0
2023-03-21,113518.95908482636,0.0044413955093767395,0.06270260195947797,1,0.6051904596302918,0.3948095403697083,0.0,0.0
2023-03-22,112945.43305096398,-0.005052248879711868,0.06743806168868516,1,0.5978946947469068,0.40210530525309324,0.0,0.0
2023-03-23,113128.00391374911,0.00161645192597346,0.06593062014741236,1,0.5985436296699211,0.4014563703300788,0.0,0.0
2023-03-24,113764.4088351374,0.0056255294831638976,0.06067598531173091,1,0.5991009110970028,0.40089908890299725,0.0,0.0
2023-03-27,112820.47630694891,-0.008297256917639256,0.0684697979905079,1,0.6052430876306008,0.3947569123693993,0.0,0.0
2023-03-28,112750.11934010514,-0.00061837892616566,0.06905071771077598,1,0.5990235626383583,0.40097643736164157,0.0,0.0
2023-03-29,113640.97576082582,0.007901157231004381,0.061695141057318104,1,0.602966221469308,0.39703377853069194,0.0,0.0
2023-03-30,114249.77962077624,0.005357256534225167,0.05666840122065209,1,0.6032648038991596,0.39673519610084046,0.0,0.0
2023-03-31,115900.26634075996,0.014446301126024956,0.04304074888299114,1,0.6030557739867238,0.39694422601327617,0.0,0.0
2023-04-03,116382.97606095145,0.004164871535085812,0.039055136537776924,1,0.6028430374417492,0.39715696255825084,0.0,0.0
2023-04-04,116535.69919184118,0.0023145608709305,0.037794140186527936,0,0.0,0.0,0.0,1.0
2023-04-05,116691.54486591759,0.0013373213114709,0.03650736178417724,0,0.0,0.0,0.0,1.0
2023-04-06,116649.02047816101,-0.0003644170432866,0.036858474922624285,0,0.0,0.0,0.0,1.0
2023-04-10,116238.25972063823,-0.0035213391063123,0.04025002283979251,0,0.0,0.0,0.0,1.0
2023-04-11,116224.08086782301,-0.0001219809454245,0.04036709404937766,0,0.0,0.0,0.0,1.0
2023-04-12,116351.55666557986,0.0010968105473927,0.039314558556505896,0,0.0,0.0,0.0,1.0
2023-04-13,116422.4265882778,0.0006091016289677,0.03872940348919707,0,0.0,0.0,0.0,1.0
2023-04-14,116153.25962788153,-0.0023119854849629,0.04095184715545175,0,0.0,0.0,0.0,1.0
2023-04-17,115983.29595443545,-0.0014632708026498,0.04235519431584445,0,0.0,0.0,0.0,1.0
2023-04-18,115954.95041949411,-0.0002443932525635,0.04258923624470612,0,0.0,0.0,0.0,1.0
2023-04-19,115855.83232736775,-0.0008547982795714,0.04340762931840714,0,0.0,0.0,0.0,1.0
2023-04-20,116139.08077506635,0.0024448354649788,0.041068918365036566,0,0.0,0.0,0.0,1.0
2023-04-21,116068.29604719221,-0.0006094824188529,0.04165337000018465,0,0.0,0.0,0.0,1.0
2023-04-24,116195.78401563816,0.0010983875251697,0.04060073401700437,0,0.0,0.0,0.0,1.0
2023-04-25,116649.02047816107,0.0039006274312147,0.03685847492262373,0,0.0,0.0,0.0,1.0
2023-04-26,115561.7138453212,-0.00832951050613596,0.04583609140227696,5,0.20082565754358966,0.5985910591525097,0.20058328330390063,0.0
2023-04-27,115338.5607769254,-0.0019310294125136555,0.047678609974138086,5,0.20521999546664602,0.5937977669829644,0.20098223755038963,0.0
2023-04-28,116651.64590003659,0.01138461512148405,0.03683679747673696,5,0.20464182946738382,0.5965844983882337,0.19877367214438255,0.0
2023-05-01,114516.7263637087,-0.018301666640498048,0.05446428932971226,5,0.20824642240564106,0.590183601436851,0.20156997615750794,0.0
2023-05-02,116378.34129076629,0.016256270906182105,0.03909340466558653,5,0.20261216454213668,0.5952148152388199,0.20217302021904346,0.0
2023-05-03,116545.23390107015,0.002436488636595,0.03771541449855975,0,0.0,0.0,0.0,1.0
2023-05-04,116729.41465823856,0.0015803371017706,0.03619468046562979,0,0.0,0.0,0.0,1.0
2023-05-05,116446.05871321654,-0.0024274596583186,0.03853427899727235,0,0.0,0.0,0.0,1.0
2023-05-08,116261.96294947552,-0.001580953153549,0.04005431126092096,0,0.0,0.0,0.0,1.0
2023-05-09,116233.62371239785,-0.0002437532995205,0.04028830118991167,0,0.0,0.0,0.0,1.0
2023-05-10,116868.82357341835,0.006471325993109159,0.03504361623358343,5,0.19964253725480915,0.6019272578566881,0.1984302048885029,0.0
2023-05-11,117372.78658524255,0.004312210873822833,0.03088252082274101,5,0.1984386304774714,0.6056789289739353,0.19588244054859344,0.0
2023-05-12,116707.98797211821,-0.005663992757312046,0.03637159520578548,5,0.19930752975951935,0.60403111589677,0.19666135434371063,0.0
2023-05-15,116107.22088672803,-0.005147608966866129,0.041331977423031074,5,0.20102994695401524,0.6008678424953506,0.19810221055063415,0.0
2023-05-16,115454.14092150616,-0.005624800595813017,0.046724293887609014,5,0.2008160853707443,0.602451279778652,0.19673263485060363,0.0
2023-05-17,115452.12783483711,-1.4168925986899689e-05,0.04674091543622194,5,0.2024306400784661,0.5982589136926411,0.19931044622889277,0.0
2023-05-18,114867.02938043917,-0.005067888010127992,0.051571925721428435,5,0.20542177973878872,0.5968513531492633,0.19772686711194798,0.0
2023-05-19,114572.69923292515,-0.0025623553521107053,0.05400213547364807,5,0.20564982289538122,0.5941530693913707,0.20019710771324814,0.0
2023-05-22,114286.14551438908,-0.0025010645682136514,0.05636813721422074,5,0.20624916636319085,0.5935217010449196,0.20022913259188949,0.0
2023-05-23,114244.35312887756,-0.00036568199341586343,0.056713206394855,5,0.20400911342887856,0.5954479976993753,0.20054288887174615,0.0
2023-05-24,113990.49203487555,-0.0012233120810168,0.058809273384810345,0,0.0,0.0,0.0,1.0
2023-05-25,113739.19387016294,-0.0022045537327423,0.06088417891439235,0,0.0,0.0,0.0,1.0
2023-05-26,113711.27052198832,-0.0002455033065075,0.061114734953662264,0,0.0,0.0,0.0,1.0
2023-05-30,113934.66927624441,0.0019646140020297,0.05927018781565285,0,0.0,0.0,0.0,1.0
2023-05-31,114046.35070008387,0.0009802233556204,0.058348062482421414,0,0.0,0.0,0.0,1.0
2023-06-01,114597.0077779735,0.00583419630091352,0.053801425951576554,5,0.20072909969932948,0.5988605078019558,0.20041039249871465,0.0
2023-06-02,113838.88271364778,-0.006615574691047501,0.060061073290756495,5,0.2049879998321052,0.5962421734121379,0.19876982675575688,0.0
2023-06-05,113803.97543819003,-0.00030663754444567427,0.060349293855171515,5,0.20465797088678372,0.5953141892635258,0.20002783984969055,0.0
2023-06-06,114279.00672319789,0.004174118550593648,0.05642708041157385,5,0.2042510225654885,0.5963338813297266,0.1994150961047849,0.0
2023-06-07,112913.00889158927,-0.011953182572869979,0.06770577979023029,5,0.2060072053218392,0.5945892755722175,0.19940351910594337,0.0
2023-06-08,114139.69381129357,0.01087005471245368,0.05757735196880154,5,0.19904605416434543,0.6004907437244559,0.20046320211119875,0.0
2023-06-09,114025.03671734831,-0.0010045330429466492,0.058524046659170215,5,0.19960373292428543,0.600270179238678,0.20012608783703656,0.0
2023-06-12,114412.91681496814,0.003401709912019744,0.05532141857676243,5,0.20073169611333053,0.5999959663567831,0.19927233752988632,0.0
2023-06-13,113718.07597156572,-0.006073097887418927,0.06105854407389377,5,0.20328968064924544,0.5976975081645743,0.19901281118618008,0.0
2023-06-14,114302.10799515614,0.005135788823374612,0.056236339038745475,5,0.2024918154054747,0.5994025633347828,0.19810562125974246,0.0
2023-06-15,114427.00747976248,0.0020948085545831,0.05520507551341092,0,0.0,0.0,0.0,1.0
2023-06-16,114272.21653015609,-0.0013527483853301,0.05648314532197807,0,0.0,0.0,0.0,1.0
2023-06-20,114314.41583521437,0.0003692875340974,0.05613471630933453,0,0.0,0.0,0.0,1.0
2023-06-21,114314.41583521437,0.0,0.05613471630933453,0,0.0,0.0,0.0,1.0
2023-06-22,114187.805887161,-0.0011075588947231,0.057180102699706525,0,0.0,0.0,0.0,1.0
2023-06-23,114286.3070309326,0.0008626240166917,0.05636680361288049,0,0.0,0.0,0.0,1.0
2023-06-26,114370.69360817061,0.000738378721216,0.055670044940035135,0,0.0,0.0,0.0,1.0
2023-06-27,114201.89638793751,-0.0014758782596125,0.05706376099060895,0,0.0,0.0,0.0,1.0
2023-06-28,114328.4822702338,0.0011084394068754,0.056018573305120056,0,0.0,0.0,0.0,1.0
2023-06-29,114047.14153696674,-0.0024608105319028,0.0583415327418515,0,0.0,0.0,0.0,1.0
2023-06-30,114089.34084202502,0.0003700163326285,0.05799310372920796,0,0.0,0.0,0.0,1.0
2023-07-03,113956.72648757756,-0.0011623728690929,0.059088066987931565,0,0.0,0.0,0.0,1.0
2023-07-05,113928.42515723906,-0.000248351555988,0.05932174393054279,0,0.0,0.0,0.0,1.0
2023-07-06,113857.93655472086,-0.0006187095311896,0.05990375053335584,0,0.0,0.0,0.0,1.0
2023-07-07,113984.93155488769,0.0011153811847433,0.05885518486485297,0,0.0,0.0,0.0,1.0
2023-07-10,114154.2100902626,0.0014850957320915,0.057457494716615765,0,0.0,0.0,0.0,1.0
2023-07-11,114140.09552372899,-0.000123644730426,0.05757403513059656,0,0.0,0.0,0.0,1.0
2023-07-12,114478.67666023593,0.0029663645798907,0.054778456129238595,0,0.0,0.0,0.0,1.0
2023-07-13,114803.1311973307,0.0028341918911041,0.052099516894303144,0,0.0,0.0,0.0,1.0
2023-07-14,114506.88172754606,-0.0025804999105419,0.05454557400616,0,0.0,0.0,0.0,1.0
2023-07-17,114565.51067672491,0.00126295967083305,0.05406148956812251,4,0.2505515997717618,0.24980789146341317,0.2498635715691375,0.24977693719568755
2023-07-18,115236.65973287172,0.005858212058606573,0.048519981179610094,4,0.2509432813117248,0.24948032778796983,0.2512541778873104,0.24832221301299495
2023-07-19,115641.03922263467,0.0035091219296041988,0.04518112177998723,4,0.2506218626467771,0.2514162916296762,0.25041647991790034,0.2475453658056462
2023-07-20,114913.87359900992,-0.006288127714113573,0.05118514483008141,4,0.2505345064435866,0.24993529891937732,0.2507251153773057,0.24880507925973036
2023-07-21,114837.57577632446,-0.0006639565815325325,0.051815116697827346,4,0.25070096099663686,0.2501751455684574,0.2501228306318346,0.2490010628030711
2023-07-24,114609.93010224181,-0.0012322538934996,0.053694729581111544,0,0.0,0.0,0.0,1.0
2023-07-25,114595.76811112474,-0.0001235668768355,0.053811661567910174,0,0.0,0.0,0.0,1.0
2023-07-26,114708.91928376377,0.00098739398936,0.05287740088973969,0,0.0,0.0,0.0,1.0
2023-07-27,114539.144272706,-0.001480050654455,0.054279190312402026,0,0.0,0.0,0.0,1.0
2023-07-28,114694.78141869628,0.0013588118453173,0.05299413367383532,0,0.0,0.0,0.0,1.0
2023-07-31,114723.03302278163,0.0002463198738067,0.0527608673083475,0,0.0,0.0,0.0,1.0
2023-08-01,114626.63739159203,-0.0008402465368089,0.05355678170912159,0,0.0,0.0,0.0,1.0
2023-08-02,114683.33360815956,0.0004946164160242,0.053088655356520076,0,0.0,0.0,0.0,1.0
2023-08-03,114725.87989663481,0.0003709892896959,0.0527373613893658,0,0.0,0.0,0.0,1.0
2023-08-04,114952.77333012816,0.0019777005301486,0.05086395956679557,0,0.0,0.0,0.0,1.0
2023-08-07,114995.3075555786,0.0003700147827516,0.050512765200992904,0,0.0,0.0,0.0,1.0
2023-08-08,115052.01583517094,0.000493135596554,0.05004453924703989,0,0.0,0.0,0.0,1.0
2023-08-09,114981.13350143674,-0.0006160894550145,0.050629796789143144,0,0.0,0.0,0.0,1.0
2023-08-10,114924.4372848692,-0.000493091473714,0.05109792314174466,0,0.0,0.0,0.0,1.0
2023-08-11,114810.96041056052,-0.0009874042195864,0.05203487305640875,0,0.0,0.0,0.0,1.0
2023-08-14,114601.48725383912,-0.0008253302030159598,0.0537644400497741,5,0.2012701073349388,0.5991733103002939,0.19955658236476742,0.0
2023-08-15,113853.57334041923,-0.00652621472322858,0.05993977649276372,5,0.2002323189820886,0.5994333918937723,0.20033428912413914,0.0
2023-08-16,113020.56099995575,-0.007316523460996679,0.06681774917280414,5,0.20022792638807158,0.5991268960863892,0.20064517752553923,0.0
2023-08-17,112524.60758902709,-0.004388169785574355,0.07091271133031818,5,0.19957799701824,0.5992024063873799,0.20121959659438013,0.0
2023-08-18,112777.42258452212,0.002246752962857587,0.06882528171174629,5,0.19922645598097263,0.5999706675288815,0.20080287649014594,0.0
2023-08-21,112539.48976436559,-0.0011108666555699,0.07078983296414565,0,0.0,0.0,0.0,1.0
2023-08-22,112483.83359210442,-0.0004945479349311,0.07124937193337022,0,0.0,0.0,0.0,1.0
2023-08-23,112692.46141639892,0.0018547360774618,0.06952678463652961,0,0.0,0.0,0.0,1.0
2023-08-24,112622.95035941881,-0.0006168208246269,0.07010071989252342,0,0.0,0.0,0.0,1.0
2023-08-25,112553.39197576162,-0.0006176217496985,0.07067504591294671,0,0.0,0.0,0.0,1.0
2023-08-28,112622.95035941881,0.0006180034420657,0.07010071989252342,0,0.0,0.0,0.0,1.0
2023-08-29,112873.29664957065,0.0022228709987874,0.06803367375097913,0,0.0,0.0,0.0,1.0
2023-08-30,112873.29664957065,0.0,0.06803367375097913,0,0.0,0.0,0.0,1.0
2023-08-31,112984.478845731,0.0009850177097736,0.06711567041471123,0,0.0,0.0,0.0,1.0
2023-09-01,112923.16713555725,-0.0005426560426718,0.06762190573327442,0,0.0,0.0,0.0,1.0
2023-09-05,112783.73091317249,-0.0012347884488342,0.06877319543402105,0,0.0,0.0,0.0,1.0
2023-09-06,112658.26789219938,-0.0011124212681854,0.06980911193692452,0,0.0,0.0,0.0,1.0
2023-09-07,112867.36898326481,0.0018560652047794,0.06808261699578777,0,0.0,0.0,0.0,1.0
2023-09-08,112811.62998931872,-0.0004938450718591,0.06854283980276421,0,0.0,0.0,0.0,1.0
2023-09-11,112839.51723379568,0.0002472018574644,0.06831258186261491,0,0.0,0.0,0.0,1.0
2023-09-12,112783.73091317249,-0.0004943863815687,0.06877319543402105,0,0.0,0.0,0.0,1.0
2023-09-13,112881.31852133793,0.0008652631667289,0.06796743918015935,0,0.0,0.0,0.0,1.0
2023-09-14,112853.45494019952,-0.0002468396144145,0.06819750173809391,0,0.0,0.0,0.0,1.0
2023-09-15,112797.71594625345,-0.0004939059595084,0.06865772454507024,0,0.0,0.0,0.0,1.0
2023-09-18,112783.73091317252,-0.0001239833002256,0.06877319543402083,0,0.0,0.0,0.0,1.0
2023-09-19,112103.92466717794,-0.005032553016210879,0.07438618405441755,5,0.2005947093555425,0.5985841768909695,0.200821113753488,0.0
2023-09-20,112123.2148459569,0.0001720740717707027,0.0742269099162205,5,0.19871639537695943,0.6003513919211174,0.20093221270192324,0.0
2023-09-21,109863.42789203295,-0.02015449661364601,0.09288540052531868,5,0.19945176060187694,0.5969694382529045,0.20357880114521856,0.0
2023-09-22,110413.62033144361,0.0050079671640261645,0.0883426003971407,5,0.19801164258186685,0.5987755219885993,0.2032128354295339,0.0
2023-09-25,108763.02663977722,-0.014949185496423162,0.10197113597299068,5,0.20186201029669784,0.5929037351115919,0.2052342545917103,0.0
2023-09-26,107344.87427604168,-0.01244822740411604,0.11368046216194105,3,0.798182960788658,0.20181703921134198,0.0,0.0
2023-09-27,107266.93393375489,-0.0007260741867037957,0.11432399589953646,3,0.7990817313871961,0.20091826861280387,0.0,0.0
2023-09-28,107829.68909347903,0.005246306005834683,0.10967746856000038,3,0.7995199181497866,0.20048008185021332,0.0,0.0
2023-09-29,107622.90693154358,-0.001917673728579482,0.1113848166885052,3,0.7991120238315197,0.20088797616848034,0.0,0.0
2023-10-02,107226.77261917906,-0.003680762057621127,0.1146555977390642,3,0.801745184103174,0.19825481589682603,0.0,0.0
2023-10-03,105616.97617668124,-0.015011289454965802,0.12794728072393557,3,0.8013199094727387,0.19868009052726127,0.0,0.0
2023-10-04,106529.32088008056,0.00863823919625482,0.12041428074308447,3,0.8002425441247142,0.19975745587528587,0.0,0.0
2023-10-05,106391.12848568885,-0.001297224024804144,0.1215553004699792,3,0.8009801334222076,0.1990198665777924,0.0,0.0
2023-10-06,107146.31984987464,0.007098255041888841,0.11531987595251969,3,0.8047774744654023,0.19522252553459762,0.0,0.0
2023-10-09,108189.29086899717,0.009734081586599268,0.10670832744699887,3,0.8021217811382656,0.19787821886173443,0.0,0.0
2023-10-10,108609.62282782879,0.0038872831293345605,0.10323775253596779,3,0.8010499053374964,0.19895009466250357,0.0,0.0
2023-10-11,109417.31778925368,0.0074366795537562265,0.09656881906567161,3,0.7983938704591437,0.2016061295408563,0.0,0.0
2023-10-12,108286.32396399998,-0.010336515718947446,0.10590714966838655,3,0.8018144637996729,0.19818553620032703,0.0,0.0
2023-10-13,108237.84954226726,-0.00044765045075172605,0.10630739073585138,3,0.7981780305928057,0.2018219694071943,0.0,0.0
2023-10-16,108795.24975108424,0.0051497716480344785,0.10170507787460492,3,0.8024435979817437,0.1975564020182564,0.0,0.0
2023-10-17,108050.05729346174,-0.006250816600523919,0.10785794394384951,5,0.20124879001500764,0.5971199954885635,0.2016312144964289,0.0
2023-10-18,107507.94282673749,-0.005017252931683994,0.11233404629007582,5,0.19956843106658487,0.5948511370451983,0.2055804318882168,0.0
2023-10-19,106281.41131556805,-0.011408752496977372,0.12246120745594569,5,0.20009779905496244,0.5893968682994584,0.21050533264557925,0.0
2023-10-20,106436.89466657657,0.0014629402177100265,0.12117742066373238,5,0.1973502899296885,0.5918778555760366,0.2107718544942749,0.0
2023-10-23,107081.52820604929,0.006056485784295975,0.11585484420506409,5,0.1958222125502807,0.5953822899025512,0.2087954975471682,0.0
2023-10-24,108086.31140378687,0.00939222567921202,0.10755860290381558,5,0.19963291132666897,0.6022497179078593,0.19811737076547173,0.0
2023-10-25,106417.63797157927,-0.015438341918929935,0.12133641833479403,5,0.19985314259154635,0.5980760066836736,0.20207085072478,0.0
2023-10-26,107173.15408153344,0.00709953842572554,0.11509831247347624,5,0.1960680010087853,0.6029689340387152,0.20096306495249952,0.0
2023-10-27,107053.83837396327,-0.001113298461659533,0.11608347216091952,5,0.19539679608127944,0.6010763926761377,0.20352681124258293,0.0
2023-10-30,106891.20262083084,-0.0015191959074303196,0.11742631453252272,5,0.19803374240558896,0.599279528050046,0.20268672954436495,0.0
2023-10-31,107259.29058248452,0.004047978833037481,0.11438710512213479,3,0.8017787336632143,0.19822126633678563,0.0,0.0
2023-11-01,108637.42279364706,0.012848604570088086,0.10300821523367798,3,0.8000499924984373,0.1999500075015628,0.0,0.0
2023-11-02,110798.29379798297,0.019890668876050257,0.08516644865835366,3,0.7994802259995963,0.2005197740004036,0.0,0.0
2023-11-03,111757.05775600791,0.008653237564948823,0.07725017660620859,3,0.7998528712652716,0.20014712873472837,0.0,0.0
2023-11-06,111745.72039138542,-0.00010144652024794514,0.07734378636485129,3,0.8017742039478247,0.19822579605217527,0.0,0.0
2023-11-07,112573.12371772421,0.00760764940152218,0.07051212589897338,1,0.59716465178196,0.40283534821804,0.0,0.0
2023-11-08,113394.82595023699,0.007299275398745943,0.06372753792611496,1,0.5932715267463997,0.4067284732536003,0.0,0.0
2023-11-09,111809.32635757435,-0.013982115845024897,0.07681860795333872,1,0.5969920003276402,0.4030079996723598,0.0,0.0
2023-11-10,113103.25337335763,0.01157262151499963,0.0661349791134922,1,0.599371589846005,0.40062841015399503,0.0,0.0
2023-11-13,112935.66405108178,-0.0014817374149496804,0.0675187218554526,1,0.5996889476178501,0.40031105238215,0.0,0.0
2023-11-14,115177.41181314625,0.020054105246815758,0.04900917630125057,3,0.7994875508113397,0.20051244918866032,0.0,0.0
2023-11-15,115048.22148094319,-0.0011216637895340236,0.05007586827237265,3,0.802079685900515,0.197920314099485,0.0,0.0
2023-11-16,115444.0557040231,0.0034405940220943306,0.046807564983307404,3,0.8003072272659526,0.19969277273404734,0.0,0.0
2023-11-17,115667.00996350258,0.0019312753534153997,0.04496668792649783,3,0.7997580584870817,0.20024194151291816,0.0,0.0
2023-11-20,116520.56528559884,0.007379418923041146,0.03791909703124796,3,0.8000107386950067,0.1999892613049932,0.0,0.0
2023-11-21,116307.10847579142,-0.0018319131931571803,0.039681556042848176,3,0.7997214252764001,0.20027857472359983,0.0,0.0
2023-11-22,116748.55093469635,0.003795489929119844,0.03603667706006064,3,0.7997735401640647,0.2002264598359353,0.0,0.0
2023-11-24,116530.74144631563,-0.0018656290518119746,0.037835075040218547,3,0.8017614541528634,0.19823854584713668,0.0,0.0
2023-11-27,116748.35375115916,0.001867424013119925,0.036038305154766914,3,0.7988257603415552,0.20117423965844486,0.0,0.0
2023-11-28,116886.99087213552,0.0011874867312636544,0.03489361343269193,3,0.7986682483336888,0.2013317516663111,0.0,0.0
2023-11-29,117114.94842016089,0.00195157317815062,0.03301142548496572,3,0.797880243141656,0.20211975685834394,0.0,0.0
2023-11-30,117209.43307845775,0.0008067685600465101,0.03223128950512277,3,0.8003760646616654,0.1996239353383344,0.0,0.0
2023-12-01,118205.10761308488,0.008494832783302193,0.02401025613655694,3,0.7983294161737852,0.2016705838262148,0.0,0.0
2023-12-04,117614.86369801164,-0.004993387570063896,0.028883751192074425,3,0.7981238311962864,0.2018761688037137,0.0,0.0
2023-12-05,118106.51974492532,0.004180220351877113,0.02482427128476905,3,0.7946448204781524,0.20535517952184762,0.0,0.0
2023-12-06,118039.72707357568,-0.0005601768994480205,0.02537576151661136,3,0.7972228236572482,0.20277717634275186,0.0,0.0
2023-12-07,118620.44451842862,0.004919677969866528,0.020580924121646582,3,0.7993732040918834,0.20062679590811663,0.0,0.0
2023-12-08,118833.35995964307,0.0017949303939878028,0.018822935053901313,3,0.8013714466578631,0.19862855334213683,0.0,0.0
2023-12-11,119153.83579609235,0.002696850754351544,0.01617684694614907,3,0.8023247656621172,0.1976752343378828,0.0,0.0
2023-12-12,119660.38232011917,0.0042511977952070104,0.011994420127012795,3,0.8025772930817978,0.1974227069182021,0.0,0.0
2023-12-13,121541.6596550028,0.0157244239713013,0.0,3,0.7984764674817999,0.20152353251820007,0.0,0.0
2023-12-14,122490.2766024368,0.007804870775392088,0.0,3,0.7948354818233696,0.2051645181766305,0.0,0.0
2023-12-15,122357.8807778178,-0.0010808680353357105,0.0010808680353356914,3,0.7943853881507148,0.2056146118492852,0.0,0.0
2023-12-18,122704.18117306357,0.0028302255077022674,0.0,3,0.7965993199521887,0.2034006800478112,0.0,0.0
2023-12-19,123433.04112058764,0.005939976458472009,0.0,3,0.7967108476805081,0.20328915231949177,0.0,0.0
2023-12-20,122231.5418605471,-0.009730759362765259,0.009734016509134968,3,0.7966664112709956,0.20333358872900442,0.0,0.0
2023-12-21,122997.59293518904,0.00626721272579469,0.0035278089354794373,3,0.7992114772550457,0.20078852274495435,0.0,0.0
2023-12-22,123082.8185051724,0.0006929043727568119,0.0028373489969601984,3,0.8002631706428048,0.19973682935719506,0.0,0.0
2023-12-26,123568.62229845619,0.003946966759323748,0.0,3,0.8004827247555245,0.19951727524447546,0.0,0.0
2023-12-27,124184.33122989352,0.004982728786521656,0.0,3,0.7979540897283145,0.20204591027168559,0.0,0.0
2023-12-28,124041.22019525907,-0.00115036458701276,0.0011524081437417344,3,0.8012239222239459,0.19877607777605408,0.0,0.0
2023-12-29,123531.10792870373,-0.004112441539613702,0.005260110472234403,3,0.8022034576012284,0.19779654239877162,0.0,0.0
2024-01-02,122835.68217181422,-0.005629559780932944,0.01086005814680957,3,0.8022302757735262,0.19776972422647376,0.0,0.0
2024-01-03,122132.23789205417,-0.005726709595475079,0.01652457534308782,3,0.800261637107777,0.1997383628922231,0.0,0.0
2024-01-04,121446.75324908158,-0.005612642941812377,0.022044471743734362,3,0.8021862658717798,0.1978137341282203,0.0,0.0
2024-01-05,120714.05919481456,-0.005434133785846139,0.027944524085367073,5,0.2013681548359813,0.5975072159392725,0.2011246292247463,0.0
2024-01-08,121582.92407328871,0.007197710724580454,0.020947949961489187,5,0.2027833217457661,0.5990901510919742,0.19812652716225973,0.0
2024-01-09,121088.8078106889,-0.004064026806115919,0.024926843737428483,5,0.2033019113365012,0.5976995530664498,0.19899853559704903,0.0
2024-01-10,120835.80254178273,-0.0020894191088388693,0.026964180222639356,5,0.20487975784403087,0.5961613160001106,0.1989589261558586,0.0
2024-01-11,121276.81040353389,0.003649645655298808,0.02341294427053886,5,0.20404479517983207,0.5973285883324749,0.1986266164876931,0.0
2024-01-12,121224.0743232257,0.00016121068488744012,0.023837603966217924,3,0.8004250301212593,0.19957496987874057,0.0,0.0
2024-01-16,120441.74205519761,-0.006453604800826203,0.030137370291647536,3,0.8026666227393984,0.19733337726060166,0.0,0.0
2024-01-17,119866.76034181818,-0.004773940525668648,0.034767436803943674,3,0.8020337049576375,0.19796629504236257,0.0,0.0
2024-01-18,120501.11048608224,0.005292127212373999,0.02965930328998434,3,0.8049063721359417,0.19509362786405826,0.0,0.0
2024-01-19,121785.42960105746,0.010658151694988443,0.019317264948628177,3,0.8063462942798036,0.1936537057201964,0.0,0.0
2024-01-22,122135.61965630738,0.0028818321691116205,0.016497343531959086,3,0.7993878080941952,0.20061219190580476,0.0,0.0
2024-01-23,122226.2034946218,0.0007416660149540096,0.01576791303603975,3,0.8011249343588229,0.19887506564117718,0.0,0.0
2024-01-24,122190.87838537157,-0.0002890142067759968,0.01605237009193705,3,0.8022326312053094,0.19776736879469053,0.0,0.0
2024-01-25,122881.94045546305,0.005655594584662681,0.010487561204637452,3,0.8020597747199268,0.19794022528007305,0.0,0.0
2024-01-26,122710.13601232079,-0.0013981260590893868,0.011871024331110314,3,0.8021624149297167,0.1978375850702832,0.0,0.0
2024-01-29,122706.87594732172,0.0009744072049753,0.011897276153435943,0,0.0,0.0,0.0,1.0
2024-01-30,122632.18835050894,-0.0006086667616316,0.012498701438518944,0,0.0,0.0,0.0,1.0
2024-01-31,122856.10088928566,0.0018258871654213,0.010695635491638655,0,0.0,0.0,0.0,1.0
2024-02-01,123038.78186791074,0.0014869508091397,0.009224588566347447,0,0.0,0.0,0.0,1.0
2024-02-02,122649.47981257075,-0.0031640597332794,0.012359461150387885,0,0.0,0.0,0.0,1.0
2024-02-05,122409.95362195405,-0.0019529327884858,0.014288256741945116,0,0.0,0.0,0.0,1.0
2024-02-06,122604.57960768045,0.0015899522871112,0.012721022101319535,0,0.0,0.0,0.0,1.0
2024-02-07,122559.64183987475,-0.0003665260135429,0.013082885529343447,0,0.0,0.0,0.0,1.0
2024-02-08,122529.75428017783,-0.0002438613498558,0.013323556469074127,0,0.0,0.0,0.0,1.0
2024-02-09,122484.80399140033,-0.0003668520274245,0.013685520722795386,0,0.0,0.0,0.0,1.0
2024-02-12,122499.75403173469,0.0001220562865529,0.013565134840081372,0,0.0,0.0,0.0,1.0
2024-02-13,122110.5271022255,-0.0031773690697236,0.016699402469937508,0,0.0,0.0,0.0,1.0
2024-02-14,122290.17800567394,0.0014712155267173,0.015252755363420745,0,0.0,0.0,0.0,1.0
2024-02-15,122409.95362195409,0.0009794377458065,0.014288256741944783,0,0.0,0.0,0.0,1.0
2024-02-16,122260.2403620898,-0.0012230480891011,0.015493829605941145,0,0.0,0.0,0.0,1.0
2024-02-20,122335.09073153604,0.0006122216775017,0.014891093586791637,0,0.0,0.0,0.0,1.0
2024-02-21,122230.29019753388,-0.0008566678078668,0.01573500467415867,0,0.0,0.0,0.0,1.0
2024-02-22,122215.3025942841,-0.0001226177506864,0.015855693033964946,0,0.0,0.0,0.0,1.0
2024-02-23,122275.20292339599,0.0004901213501122,0.015373342897529452,0,0.0,0.0,0.0,1.0
2024-02-26,122185.4025136154,-0.0007344122735732,0.016096464799392862,0,0.0,0.0,0.0,1.0
2024-02-27,122185.4025136154,0.0,0.016096464799392862,0,0.0,0.0,0.0,1.0
2024-02-28,122305.14056698013,0.000979970200216,0.015132268655009162,0,0.0,0.0,0.0,1.0
2024-02-29,122379.99093642637,0.0006119969209736,0.014529532635859654,0,0.0,0.0,0.0,1.0
2024-03-01,122620.28090632314,0.0019634743233605,0.012594586676760056,0,0.0,0.0,0.0,1.0
2024-03-04,122500.12966088887,-0.0009798643792544,0.013562110069158528,0,0.0,0.0,0.0,1.0
2024-03-05,122590.21805302099,0.0007354146675722,0.012836669176254367,0,0.0,0.0,0.0,1.0
2024-03-06,122620.28090632317,0.0002452304415445,0.012594586676759834,0,0.0,0.0,0.0,1.0
2024-03-07,122770.41987922881,0.0012244220270571,0.011385585739051352,0,0.0,0.0,0.0,1.0
2024-03-08,122830.48298097415,0.0004892310525974,0.010901924868549573,0,0.0,0.0,0.0,1.0
2024-03-11,122725.36942267686,-0.000855761173825,0.011748356598352161,0,0.0,0.0,0.0,1.0
2024-03-12,122605.24321918619,-0.0009788212824762,0.012715678339355718,0,0.0,0.0,0.0,1.0
2024-03-13,122545.16759646907,-0.0004899922804258,0.013199440035554844,0,0.0,0.0,0.0,1.0
2024-03-14,122440.10412205901,-0.0008573448996049,0.01404546846256749,0,0.0,0.0,0.0,1.0
2024-03-15,122364.95324928948,-0.0006137766159903,0.014650624298454873,0,0.0,0.0,0.0,1.0
2024-03-18,122379.99093642647,0.0001228921087099,0.014529532635858877,0,0.0,0.0,0.0,1.0
2024-03-19,122485.11701569558,0.0008590136219548,0.013683000080358831,0,0.0,0.0,0.0,1.0
2024-03-20,122680.30644515317,0.0015935767072221,0.012111228283349651,0,0.0,0.0,0.0,1.0
2024-03-21,122680.30644515317,0.0,0.012111228283349651,0,0.0,0.0,0.0,1.0
2024-03-22,122770.4198792289,0.0007345387103023,0.011385585739050685,0,0.0,0.0,0.0,1.0
2024-03-25,122710.4068613708,-0.0004888231050863,0.011868843306762744,0,0.0,0.0,0.0,1.0
2024-03-26,122740.35702592673,0.0002440719195868,0.011627668238544997,0,0.0,0.0,0.0,1.0
2024-03-27,122875.53343752619,0.0011013200130329,0.010539154009248097,0,0.0,0.0,0.0,1.0
2024-03-28,122800.47021155927,-0.0006108883019017,0.01114360406525372,0,0.0,0.0,0.0,1.0
2024-04-01,122544.34121233005,-0.0020857330496208,0.013206094531583612,0,0.0,0.0,0.0,1.0
2024-04-02,122604.56708670885,0.0004914618968365,0.012721122927015438,0,0.0,0.0,0.0,1.0
2024-04-03,122695.00606605146,0.0007376477197513,0.011992858914583904,0,0.0,0.0,0.0,1.0
2024-04-04,122815.49537772447,0.0009820229489059,0.011022613228355072,0,0.0,0.0,0.0,1.0
2024-04-05,122619.65485773305,-0.0015945912963922,0.012599627961629833,0,0.0,0.0,0.0,1.0
2024-04-08,122499.11546217283,-0.0009830348625599,0.013570276950648164,0,0.0,0.0,0.0,1.0
2024-04-09,122619.65485773304,0.0009840021709988,0.012599627961629944,0,0.0,0.0,0.0,1.0
2024-04-10,122122.52219321419,-0.0040542657300384,0.016602811451812305,0,0.0,0.0,0.0,1.0
2024-04-11,122273.1870469356,0.0012337188179183,0.015389575834812486,0,0.0,0.0,0.0,1.0
2024-04-12,122348.475650395,0.0006157409099878,0.0147833109162534,0,0.0,0.0,0.0,1.0
2024-04-15,122303.2749421814,-0.0003694423487773,0.015147291683923148,0,0.0,0.0,0.0,1.0
2024-04-16,122227.94877580658,-0.0006158965605003,0.015753859079574495,0,0.0,0.0,0.0,1.0
2024-04-17,122318.33767126198,0.0007395108595105,0.01502599836993257,0,0.0,0.0,0.0,1.0
2024-04-18,122258.07423396778,-0.0004926770461528,0.015511272451592895,0,0.0,0.0,0.0,1.0
2024-04-19,122288.2372550444,0.0002467159839185,0.015268383346519143,0,0.0,0.0,0.0,1.0
2024-04-22,122348.47565039499,0.0004925935372259,0.014783310916253511,0,0.0,0.0,0.0,1.0
2024-04-23,122453.9397959028,0.0008619980342801,0.013934056066923328,0,0.0,0.0,0.0,1.0
2024-04-24,121754.96175503884,-0.00471280224411076,0.019562608670471993,5,0.20085165604636207,0.5985751000642332,0.20057324388940467,0.0
2024-04-25,121296.57577793319,-0.003764823794432951,0.023253782690301206,5,0.2008447862482846,0.5966233609916499,0.20253185276006552,0.0
2024-04-26,121986.23560422372,0.005685732032148534,0.017700265435263485,5,0.20160131700627887,0.5963589802896581,0.2020397027040631,0.0
2024-04-29,122633.34527497715,0.005304776129439209,0.012489385251389984,5,0.20124769942951995,0.5981869388978721,0.20056536167260802,0.0
2024-04-30,121125.45194576519,-0.012295948755461673,0.024631765165813446,5,0.2005253505099139,0.6004609125354051,0.1990137369546809,0.0
2024-05-01,121246.7127732044,0.0020031207677302,0.023655306813634258,0,0.0,0.0,0.0,1.0
2024-05-02,121426.21915169468,0.0014805051154338,0.022209823500945136,0,0.0,0.0,0.0,1.0
2024-05-03,121620.64618463453,0.0016011948185339,0.02064419093672143,0,0.0,0.0,0.0,1.0
2024-05-06,121605.75031532525,-0.0001224781299606,0.02076414060478149,0,0.0,0.0,0.0,1.0
2024-05-07,121620.64618463456,0.0001224931326906,0.020644190936721207,0,0.0,0.0,0.0,1.0
2024-05-08,121361.13177974084,-0.0011349371577096252,0.022733942536810825,3,0.8009863515486398,0.1990136484513602,0.0,0.0
2024-05-09,122039.05602461062,0.005586007932919858,0.017274926587248052,3,0.8011263799609089,0.19887362003909118,0.0,0.0
2024-05-10,122028.43440036841,-8.70346312746417e-05,0.01736045770165684,3,0.8022282841314712,0.19777171586852874,0.0,0.0
2024-05-13,122103.17539525768,0.0006124883536902895,0.016758602426123592,3,0.8018448604596043,0.1981551395403957,0.0,0.0
2024-05-14,122688.95423160549,0.004797408703349294,0.012041591587909295,3,0.8016777820757154,0.19832221792428473,0.0,0.0
2024-05-15,122792.1799054199,0.0018432039805957,0.01121036213414428,0,0.0,0.0,0.0,1.0
2024-05-16,122701.8365121642,-0.000735742238026,0.011937856435244476,0,0.0,0.0,0.0,1.0
2024-05-17,122626.55243055876,-0.000613553013919,0.012544084941367939,0,0.0,0.0,0.0,1.0
2024-05-20,122596.43380725822,-0.0002456125749568,0.012786616531321848,0,0.0,0.0,0.0,1.0
2024-05-21,122656.65857721337,0.0004912440605722,0.012301653820175451,0,0.0,0.0,0.0,1.0
2024-05-22,122566.2652773739,-0.0007369620278916,0.013029549996321332,0,0.0,0.0,0.0,1.0
2024-05-23,122506.05298406468,-0.0004912631805575,0.01351441223870642,0,0.0,0.0,0.0,1.0
2024-05-24,122551.21844236956,0.0003686794015864,0.013150715322536977,0,0.0,0.0,0.0,1.0
2024-05-28,122445.7658308798,-0.000860477870641,0.013999877293659813,0,0.0,0.0,0.0,1.0
2024-05-29,122400.57541928304,-0.0003690647144073,0.014363775147352098,0,0.0,0.0,0.0,1.0
2024-05-30,122536.1341774274,0.001107500987475,0.013272182055036663,0,0.0,0.0,0.0,1.0
2024-05-31,122701.83651216418,0.0013522732363733,0.011937856435244587,0,0.0,0.0,0.0,1.0
2024-06-03,122840.83882458814,0.0011328462260642,0.010818533964790378,0,0.0,0.0,0.0,1.0
2024-06-04,122961.7000938145,0.0009838850856347,0.009845293073372119,0,0.0,0.0,0.0,1.0
2024-06-05,123082.61126962464,0.000983323878231,0.008871650306908174,0,0.0,0.0,0.0,1.0
2024-06-06,122920.81689683953,-0.00031483335970686915,0.010174506884567669,3,0.8002370291150344,0.1997629708849656,0.0,0.0
2024-06-07,122350.75308480856,-0.004637650695971168,0.014764971771604518,3,0.802988125869802,0.1970118741301981,0.0,0.0
2024-06-10,122493.61710461871,0.0011676595052187864,0.013614552726019191,3,0.8045297586491774,0.19547024135082267,0.0,0.0
2024-06-11,122978.59547259574,0.003959213381402825,0.00970924226395109,3,0.8032870483199621,0.19671295168003797,0.0,0.0
2024-06-12,123971.71013635863,0.008075508261794847,0.001712141068274442,3,0.8033966022740866,0.19660339772591343,0.0,0.0
2024-06-13,124825.00426151449,0.00708781278420856,0.0,1,0.5969767766705782,0.4030232233294217,0.0,0.0
2024-06-14,125293.66790081846,0.0037545653779598232,0.0,1,0.5951055371579091,0.40489446284209085,0.0,0.0
2024-06-17,125383.40508388137,0.0007162148300578835,0.0,1,0.5994127095842109,0.40058729041578905,0.0,0.0
2024-06-18,126035.18975031964,0.005198332793739441,0.0,1,0.5978279409433549,0.402172059056645,0.0,0.0
2024-06-20,125492.91521556217,-0.004302564512591569,0.004302564512591589,1,0.5987801968399776,0.4012198031600225,0.0,0.0
2024-06-21,125413.51921980068,0.0003676945621777,0.004932515528008552,0,0.0,0.0,0.0,1.0
2024-06-24,125428.90600111542,0.0001226883784974,0.0048104323118430825,0,0.0,0.0,0.0,1.0
2024-06-25,125444.24204283803,0.000122268799207,0.004688751678418535,0,0.0,0.0,0.0,1.0
2024-06-26,125321.37612048462,-0.0009794464883566,0.005663605785408921,0,0.0,0.0,0.0,1.0
2024-06-27,125413.51921980068,0.00073525444875,0.004932515528008552,0,0.0,0.0,0.0,1.0
2024-06-28,125428.90600111542,0.0001226883784974,0.0048104323118430825,0,0.0,0.0,0.0,1.0
2024-07-01,125320.9828886456,-0.0008604325423111,0.005666725801650396,0,0.0,0.0,0.0,1.0
2024-07-02,125428.86794642133,0.0008608698662346,0.004810734248898663,0,0.0,0.0,0.0,1.0
2024-07-03,125613.83912954725,0.0014747098188347,0.003343118867096484,0,0.0,0.0,0.0,1.0
2024-07-05,125845.05945090367,0.0018407233069117,0.0015085493170011732,0,0.0,0.0,0.0,1.0
2024-07-08,125889.58046420132,0.00135513154113488,0.001155306596568595,3,0.7998391198264558,0.20016088017354414,0.0,0.0
2024-07-09,125876.11909075857,-0.00010693000479561752,0.0012621130644242529,3,0.8007025003368039,0.19929749966319607,0.0,0.0
2024-07-10,126952.25050583771,0.008549130866540643,0.0,3,0.8017713200479702,0.19822867995202975,0.0,0.0
2024-07-11,126319.0850990453,-0.004987429559299583,0.004987429559299539,3,0.7988422529558388,0.20115774704416123,0.0,0.0
2024-07-12,127064.21825818522,0.005898816940889622,0.0,3,0.7991667331650465,0.20083326683495342,0.0,0.0
2024-07-15,127051.50486526678,-9.922167859464001e-05,0.00010005486275155295,3,0.8022797446165553,0.19772025538344476,0.0,0.0
2024-07-16,128010.35544763588,0.007546943921569011,0.0,3,0.8009923115950636,0.1990076884049363,0.0,0.0
2024-07-17,126578.11158471779,-0.011188500007751078,0.011188500007751068,3,0.7986978161136721,0.20130218388632795,0.0,0.0
2024-07-18,125606.38705940847,-0.007676876461053463,0.018779483736460545,3,0.7986912052983866,0.20130879470161347,0.0,0.0
2024-07-19,124791.41740723017,-0.006488281935797116,0.02514591908716679,3,0.7985688130087442,0.20143118699125584,0.0,0.0
2024-07-22,124681.85602753807,0.0001221661177899,0.02600179812374137,0,0.0,0.0,0.0,1.0
2024-07-23,124742.7386042924,0.0004883034203539,0.025526191470346626,0,0.0,0.0,0.0,1.0
2024-07-24,124803.5961316426,0.0004878642879826,0.02505078049959053,0,0.0,0.0,0.0,1.0
2024-07-25,124818.81364465567,0.0001219316869445,0.024931903296571578,0,0.0,0.0,0.0,1.0
2024-07-26,124986.21881250145,0.0013411853786911,0.023624156222044834,0,0.0,0.0,0.0,1.0
2024-07-29,125038.64241615855,0.001170312806368475,0.0232146299499415,4,0.24985459985228956,0.2510503482015587,0.24935691036181018,0.24973814158434157
2024-07-30,125323.99436516187,0.002282110102040246,0.020985498189425078,4,0.2480226540958002,0.2514433403714152,0.2512734205756045,0.24926058495718015
2024-07-31,126786.51521800358,0.011669918918960725,0.009560478332809041,4,0.24914667447824415,0.2510851838289428,0.2528731553729961,0.2468949863198169
2024-08-01,126557.51364484253,-0.0018061981809918168,0.01134940839522669,4,0.2460629510382209,0.25370894804251726,0.2524585175921934,0.24776958332706853
2024-08-02,127092.88794395918,0.004230284585228733,0.007167135037383754,4,0.24046442666459794,0.2605128536540611,0.2509162308966977,0.24810648878464311
2024-08-05,124196.71125899708,-0.02224078268553772,0.02979168501878604,3,0.7943683732093464,0.2056316267906536,0.0,0.0
2024-08-06,124535.02789231781,0.0027240385827544873,0.027148800135467943,3,0.7995141826207712,0.20048581737922883,0.0,0.0
2024-08-07,123693.75765668624,-0.006755290056697905,0.03372069217255946,3,0.7995716279621319,0.2004283720378681,0.0,0.0
2024-08-08,125827.5940647493,0.017250962768756314,0.017051443809008693,3,0.8041826399769579,0.19581736002304218,0.0,0.0
2024-08-09,126516.78471914871,0.005477261641391429,0.01166757738672275,3,0.8033287962212282,0.19667120377877165,0.0,0.0
2024-08-12,126661.54445050954,0.00114752650059178,0.010536733472926718,3,0.7995028733216257,0.20049712667837433,0.0,0.0
2024-08-13,128503.05330742069,0.014538815746326879,0.0,3,0.8010055152483523,0.19899448475164772,0.0,0.0
2024-08-14,128988.12003256698,0.003774748635628446,0.0,3,0.8005107843908161,0.1994892156091838,0.0,0.0
2024-08-15,130550.30197830334,0.012111052904267046,0.0,3,0.8044885582859159,0.19551144171408422,0.0,0.0
2024-08-16,130875.14692173665,0.0024882741633742316,0.0,3,0.8042909200055944,0.1957090799944055,0.0,0.0
2024-08-19,131996.52925933784,0.00857266450482398,0.0,3,0.8007841996271624,0.1992158003728376,0.0,0.0
2024-08-20,132034.1873740436,0.00028529624920504493,0.0,3,0.7992540518424879,0.2007459481575122,0.0,0.0
2024-08-21,132412.9768534052,0.0028688742430664277,0.0,3,0.7997065772241313,0.2002934227758688,0.0,0.0
2024-08-22,131318.61647642634,-0.008264751710781637,0.00826475171078167,3,0.8000421305564386,0.19995786944356148,0.0,0.0
2024-08-23,132606.83156440323,0.00980984358914672,0.0,3,0.8006881713550248,0.19931182864497513,0.0,0.0
2024-08-26,132286.48405450874,-0.00241508276975408,0.0024157692791182406,3,0.8000251694323385,0.19997483056766158,0.0,0.0
2024-08-27,132385.98123526963,0.0007521341388125055,0.0016654521228518515,3,0.8005216500075448,0.1994783499924552,0.0,0.0
2024-08-28,131738.39168064768,-0.004891677718285706,0.006548982986097296,3,0.7997865942425051,0.20021340575749497,0.0,0.0
2024-08-29,131661.5520328513,-0.0005832745247312255,0.007128437655889885,3,0.8003249179846391,0.19967508201536094,0.0,0.0
2024-08-30,132387.11004430638,0.005510781243669558,0.0016569396727508234,3,0.803536763243202,0.19646323675679805,0.0,0.0
2024-09-03,130640.15975044043,-0.013192283208933401,0.01483084838662807,3,0.7940115127786757,0.20598848722132437,0.0,0.0
2024-09-04,130774.73061139783,0.0010300880006153083,0.01381603746497484,3,0.7915710072174338,0.2084289927825663,0.0,0.0
2024-09-05,130677.1188869091,-0.0007464112067551616,0.014552136226533174,3,0.7902356040760742,0.20976439592392584,0.0,0.0
2024-09-06,128936.38512513232,-0.013320876497768964,0.027679165514849613,3,0.7874249668999157,0.21257503310008433,0.0,0.0
2024-09-09,130191.50628939697,0.00973442184722779,0.018214184341122763,3,0.7885650437253613,0.2114349562746387,0.0,0.0
2024-09-10,130871.63985622405,0.005413686788471841,0.013085236165502168,1,0.5993686180287761,0.4006313819712241,0.0,0.0
2024-09-11,131634.69672839076,0.005830574699033483,0.007330955913386172,1,0.602007469242842,0.39799253075715796,0.0,0.0
2024-09-12,132057.45703720523,0.0032116176002347295,0.004142882540189352,1,0.6051347904495852,0.3948652095504147,0.0,0.0
2024-09-13,132615.42807925926,0.00422521419518806,0.0,1,0.6057359820050484,0.3942640179949516,0.0,0.0
2024-09-16,133213.1208947693,0.004506962908967021,0.0,1,0.6039087480820118,0.39609125191798816,0.0,0.0
2024-09-17,133101.72509809883,-0.0006402567043599801,0.0008362224075394442,3,0.8008396410044334,0.19916035899556656,0.0,0.0
2024-09-18,132456.9922686122,-0.004843910392682382,0.005676082213811329,3,0.8023510068997964,0.19764899310020356,0.0,0.0
2024-09-19,134183.79157860656,0.013036679154638893,0.0,3,0.8055410497505444,0.19445895024945575,0.0,0.0
2024-09-20,133897.0486250996,-0.0021369418029821316,0.002136941802982184,3,0.8058706879246623,0.19412931207533765,0.0,0.0
2024-09-23,134111.480611052,0.0016014690999859443,0.0005388949492622919,3,0.8065926603899571,0.19340733961004303,0.0,0.0
2024-09-24,134412.14116789156,0.0022484778701022602,0.0,3,0.8004891329473234,0.19951086705267657,0.0,0.0
2024-09-25,133951.93907008326,-0.003423813457695561,0.0034238134576956014,3,0.8014677580922291,0.19853224190777086,0.0,0.0
2024-09-26,134440.10034462652,0.003644301664702659,0.0,3,0.8017236073768782,0.19827639262312172,0.0,0.0
2024-09-27,134422.41689993537,-0.00013153400396033254,0.00013153400396026527,3,0.8006661902725702,0.1993338097274297,0.0,0.0
2024-09-30,134725.96130984093,0.0022581383143222963,0.0,3,0.8020636220020148,0.19793637799798525,0.0,0.0
2024-10-01,133954.66778566365,-0.005722854632552599,0.00572490644474577,3,0.7973965013924601,0.2026034986075399,0.0,0.0
2024-10-02,133771.0235444549,-0.001370943202237635,0.0070880011254096376,3,0.7988281221351248,0.20117187786487525,0.0,0.0
2024-10-03,133322.1773827329,-0.003355331743969397,0.010419550274201717,3,0.8000523379335593,0.19994766206644057,0.0,0.0
2024-10-04,133963.5392687461,0.004810616647611662,0.005659058088599789,3,0.8034573638231899,0.1965426361768101,0.0,0.0
2024-10-07,132792.09266079855,-0.008744518205043034,0.014354090557163635,3,0.803217645472975,0.19678235452702492,0.0,0.0
2024-10-08,133134.56942465674,0.0029834654901437,0.011812065541876748,2,0.40258188750248225,0.39948303009818603,0.1979350823993318,0.0
2024-10-09,133059.94470824086,-0.0005605209581431018,0.012365965589724692,2,0.4055977104031701,0.39743479405566173,0.19696749554116816,0.0
2024-10-10,132950.7852751087,-0.0008203778633120276,0.01317619868860831,2,0.40522037705192737,0.39620290830972976,0.19857671463834284,0.0
2024-10-11,133348.7678496624,0.002993457870370333,0.010222183213904001,2,0.4064302993955021,0.3934249620325747,0.2001447385719232,0.0
2024-10-14,133787.71494639604,0.0032917221794543953,0.006964109621657277,2,0.40840989917617876,0.39242708784228497,0.19916301298153635,0.0
2024-10-15,134620.46656443866,0.00643417599790694,0.0007830320479930153,5,0.197177363203192,0.6034120080136229,0.19941062878318502,0.0
2024-10-16,135212.44185235095,0.00439736470255765,0.0,5,0.19716733977273226,0.6033020661980365,0.1995305940292312,0.0
2024-10-17,134083.93554515345,-0.008346172081041294,0.00834617208104127,5,0.1988438610234,0.5987413046905163,0.20241483428608367,0.0
2024-10-18,134534.59096221757,0.003360994851708758,0.005013228670728287,5,0.19894010814215624,0.5971810152681372,0.2038788765897066,0.0
2024-10-21,133081.53469059314,-0.010800614631760406,0.015759697351555246,5,0.20078196140205098,0.5931541171601067,0.20606392143784238,0.0
2024-10-22,133431.52210311082,0.00263673601416194,0.013171271259081685,5,0.19936808306125345,0.5990060863021048,0.2016258306366418,0.0
2024-10-23,132647.79751564458,-0.005873608987691896,0.018967517349526952,5,0.19871352823745103,0.6009134315689163,0.2003730401936326,0.0
2024-10-24,133420.0714121821,0.0058219880842457035,0.013255957925278006,5,0.19799060741527785,0.6012635704115842,0.2007458221731378,0.0
2024-10-25,133015.85066136307,-0.0030296847134060677,0.016245481265596107,5,0.19852372738729435,0.59970622087752,0.2017700517351856,0.0
2024-10-28,132882.08799260372,-0.0010056145045441356,0.017234759078546436,5,0.1993378638358898,0.5986810086264611,0.20198112753764896,0.0
2024-10-29,133335.87773033176,0.0034169683852030602,0.013878634956303482,5,0.19964150720706464,0.5988680077236929,0.20149048506924258,0.0
2024-10-30,133637.54572641692,0.0022624667960358482,0.011647568111030626,5,0.19858827188989794,0.5992691991083388,0.20214252900176324,0.0
2024-10-31,132828.84342883702,-0.006051460262787759,0.01762854357823651,5,0.19588065060336307,0.60389741756803,0.20022193182860692,0.0
2024-11-01,131698.67516162156,-0.008508455227353837,0.02598700713183144,5,0.19839542084005274,0.6004928830929075,0.20111169606703977,0.0
2024-11-04,132907.6710911924,0.009180015881611174,0.017045552388405993,5,0.19616725822331155,0.604266300744298,0.19956644103239038,0.0
2024-11-05,133505.43956551963,0.004853607837091125,0.012624594774313214,4,0.25180083852767465,0.2501139738601837,0.2493533486067561,0.24873183900538565
2024-11-06,132374.77052413457,-0.008469085941851723,0.020986761938040166,4,0.26026617796605034,0.2453416184154381,0.24384142999922095,0.25055077361929057
2024-11-07,133623.59185462858,0.009433982967821858,0.011750767724891475,4,0.2598273926296474,0.24609355445445968,0.24544601417152753,0.24863303874436543
2024-11-08,133945.35346334768,0.0024079700616724937,0.009371093160102095,4,0.2603260599034893,0.24862045868724786,0.24319886992114909,0.24785461148811372
2024-11-11,133027.69253811523,-0.0068510097700668895,0.016157901479372905,4,0.26237160420760486,0.2491176410816875,0.23912888823811382,0.24938186647259386
2024-11-12,131472.5192872147,-0.01134369575264172,0.02765960376057819,5,0.2016663957702693,0.5977849119164341,0.20054869231329664,0.0
2024-11-13,130474.07057654033,-0.007594352919435343,0.03504389988744394,5,0.2033083543773558,0.5966455089018571,0.2000461367207871,0.0
2024-11-14,130686.17422499569,0.0016256383166257798,0.0334752302772392,5,0.2016732131865582,0.5991264265659346,0.1992003602475072,0.0
2024-11-15,130094.40987049772,-0.004528132819001671,0.03785178280739887,5,0.1999956606205015,0.6002524730217039,0.19975186635779452,0.0
2024-11-18,130833.99104605876,0.005684957380545781,0.032382011198890726,5,0.19967995275747819,0.5979194897330368,0.20240055750948502,0.0
2024-11-19,131335.11272859285,0.00423222445731648,0.02867583094159376,1,0.5996553449614657,0.4003446550385344,0.0,0.0
2024-11-20,131193.69080455264,-0.0010768020912462542,0.029721754838114012,1,0.600505213371536,0.39949478662846405,0.0,0.0
2024-11-21,131576.02444632933,0.0029142685096516436,0.026894103502638544,1,0.601974494831274,0.3980255051687261,0.0,0.0
2024-11-22,131850.51477008712,0.0020861728032354207,0.024864036446697657,1,0.6025832216732692,0.3974167783267308,0.0,0.0
2024-11-25,133476.54742723572,0.012332395212745135,0.012838274357997226,1,0.5972615814051268,0.40273841859487314,0.0,0.0
2024-11-26,133519.10968141299,0.00081928404353775,0.012523493753533788,4,0.2510996232559314,0.2488255027942618,0.2502795272914738,0.2497953466583328
2024-11-27,133742.29861423562,0.0016715879349046107,0.01087283993969057,4,0.24992103026180107,0.2501314276671241,0.2504172328665446,0.2495303092045303
2024-11-29,134624.6582562174,0.006597461320197899,0.0043471117604354514,4,0.24982533912101648,0.25105682563919574,0.25092152286352004,0.24819631237626757
2024-12-02,134468.3853262582,-0.001160804654833563,0.005502870267702464,4,0.2505639895866083,0.2519524912879109,0.24901391114031593,0.24846960798516476
2024-12-03,134263.1286990567,-0.001526430370257518,0.007020900889659898,4,0.2510634426109082,0.2501601882990394,0.24989657011931593,0.2488797989707365
2024-12-04,134970.72500882111,0.00527145070411695,0.001787681963423049,4,0.2502332594173734,0.2513614771546818,0.24944349088614426,0.24896177254180055
2024-12-05,134734.6118052116,-0.0017493660465562719,0.003533920699850479,4,0.2502592870208884,0.2523105726238926,0.24803207931335494,0.24939806104186418
2024-12-06,134894.13310337203,0.001183966732995288,0.0023541380114006083,4,0.25043716718047637,0.2523865375251124,0.24783056911297136,0.24934572618143974
2024-12-09,134725.7166048494,-0.0012485086982511862,0.0035997075478677587,4,0.2494589236158306,0.25037289976363436,0.25060186544825774,0.2495663111722772
2024-12-10,134902.88976135716,0.0013150656086498705,0.002289375790815229,4,0.2483567525530564,0.24886764851561474,0.2535674089437257,0.2492081899876032
2024-12-11,135157.61035770513,0.0018917516221299748,0.00040552107405689153,4,0.2514569651304433,0.2471688147587917,0.25190690778486935,0.2494673123258957
2024-12-12,134061.0147141174,-0.008113458359359197,0.008515689255067849,4,0.25220757351606893,0.24616361242968676,0.25024335378626866,0.2513854602679757
2024-12-13,133295.27892220992,-0.005711845412630906,0.014178894367091854,4,0.2536060912850188,0.24504975775511748,0.24863769674123526,0.2527064542186284
2024-12-16,133621.6047325379,0.0024481422970608745,0.011765464021056604,4,0.25406698521677196,0.2451834629242883,0.24862952848910788,0.25212002336983197
2024-12-17,133438.01066409415,-0.0013739849091862935,0.013123283360228388,4,0.25336832969048045,0.2461181459465371,0.24801590314183458,0.252497621221148
2024-12-18,129851.75086547901,-0.02634361738402012,0.03964643277965274,3,0.7971572363053266,0.2028427636946734,0.0,0.0
2024-12-19,129421.1514725627,-0.0033160846122313476,0.04283104646621361,3,0.7995638934858303,0.20043610651416974,0.0,0.0
2024-12-20,130811.76512102145,0.010744871550254723,0.032546389008601295,3,0.8005654919725165,0.19943450802748358,0.0,0.0
2024-12-23,131199.56784225145,0.0029645859519685054,0.02967828962427499,3,0.8029788608944928,0.19702113910550717,0.0,0.0
2024-12-24,132479.85905787206,0.009758349335113476,0.020209551406983772,3,0.804057773653967,0.19594222634603306,0.0,0.0
2024-12-26,132427.97628212534,-0.00018760815827943003,0.020593264436908787,1,0.6001525485911934,0.3998474514088067,0.0,0.0
2024-12-27,131157.23351465637,-0.009595727452345725,0.02999138453636374,1,0.5995884798900096,0.4004115201099904,0.0,0.0
2024-12-30,130681.87377629457,-0.0036243501454205533,0.03350703540287858,1,0.5949024214020558,0.40509757859794415,0.0,0.0
2024-12-31,130115.65905063401,-0.004332771709639094,0.03769462877745022,1,0.5953174604119228,0.40468253958807726,0.0,0.0
2025-01-02,130070.05674590167,-0.0003504751469966581,0.03803189289388509,1,0.5940628957201217,0.4059371042798782,0.0,0.0
2025-01-03,131260.89607102572,0.00936323403224522,0.029224720204670485,3,0.8024889181101362,0.19751108188986366,0.0,0.0
2025-01-06,131751.86326851055,0.0037403919383512574,0.025593640174173315,3,0.8041040836842306,0.19589591631576947,0.0,0.0
2025-01-07,130263.22023427062,-0.011298838569030946,0.036603300334482336,3,0.8040998489756341,0.19590015102436587,0.0,0.0
2025-01-08,130448.9322429493,0.001425667263135979,0.03522981719835583,3,0.8041282288238666,0.19587177117613344,0.0,0.0
2025-01-10,128678.11906024991,-0.01357476180335004,0.048326342624862684,3,0.8027483769944348,0.19725162300556517,0.0,0.0
2025-01-13,128828.34967122228,0.00117024309896418,0.04721527171367823,3,0.800303917654569,0.19969608234543113,0.0,0.0
2025-01-14,128928.04097773653,0.0007738305021267252,0.046477977828969674,3,0.8007853383582944,0.19921466164170556,0.0,0.0
2025-01-15,131248.72988411595,0.017999877208870082,0.029314698513937754,3,0.8009349166095745,0.19906508339042545,0.0,0.0
2025-01-16,131130.87559513393,-0.0008979461293536586,0.030186321623227652,3,0.8001130118163319,0.1998869881836682,0.0,0.0
2025-01-17,132229.4181719564,0.00837745170110997,0.022061754373550513,3,0.8014320254205611,0.19856797457943887,0.0,0.0
2025-01-21,133434.12441332272,0.009112172913981881,0.013152025173616244,3,0.800032913092168,0.199967086907832,0.0,0.0
2025-01-22,133894.69359136355,0.0034516596115563083,0.00974576187616194,3,0.8017628335681387,0.19823716643186126,0.0,0.0
2025-01-23,134274.36263632218,0.0028355794749965707,0.0069378172835095064,3,0.8038594127218964,0.19614058727810357,0.0,0.0
2025-01-24,134077.55134392114,-0.0014657399114536556,0.008393388159272264,3,0.8026892675627981,0.19731073243720196,0.0,0.0
2025-01-27,132867.60867527593,-0.009024200222314675,0.017341844766293968,3,0.798541135873705,0.20145886412629493,0.0,0.0
2025-01-28,133762.66819694563,0.0067379451804573205,0.010722191209211696,3,0.8014736503066968,0.19852634969330316,0.0,0.0
2025-01-29,133227.86888517757,-0.003998120843258344,0.014677443436311055,3,0.8010835815242136,0.19891641847578645,0.0,0.0
2025-01-30,133900.0564040577,0.005045397216849796,0.009706099751725206,3,0.8013399844813763,0.19866001551862375,0.0,0.0
2025-01-31,133154.36282150712,-0.005569031130953094,0.015221077311000752,3,0.8015391206531285,0.19846087934687145,0.0,0.0
2025-02-03,132651.28056610897,-0.003778188297686743,0.018941757512512924,3,0.799164431914838,0.20083556808516204,0.0,0.0
2025-02-04,133444.32750924636,0.005979274694272301,0.01307656543201352,3,0.8005798918228227,0.19942010817717729,0.0,0.0
2025-02-05,134316.8398357657,0.006538399516898885,0.00662366572421802,3,0.7986041878290822,0.20139581217091787,0.0,0.0
2025-02-06,134677.6185947387,0.002686027749120284,0.00395542932503401,3,0.7992330776308487,0.20076692236915133,0.0,0.0
2025-02-07,133517.80097952846,-0.008611806678140684,0.012533172610498355,3,0.7987963671426823,0.20120363285731768,0.0,0.0
2025-02-10,134160.86321382062,0.004816303366101174,0.007777232805828871,3,0.8003663652107289,0.19963363478927107,0.0,0.0
2025-02-11,133767.2346913945,-0.002384950328976275,0.010688418470650718,4,0.2507882270842193,0.24899264768998097,0.2496825799974236,0.2505365452283762
2025-02-12,133197.20506815505,-0.004261354617627632,0.01490422594687335,4,0.25105013018577604,0.24666499733851846,0.25101369471581453,0.25127117775989094
2025-02-13,134471.0947195819,0.009563936801639462,0.005482832220267131,4,0.2512972017279778,0.24838962218911373,0.25108801052429813,0.24922516555861038
2025-02-14,134189.2916315251,-0.00209564061811527,0.00756698279247936,4,0.2518125523050455,0.2502304930731099,0.24787333998425304,0.25008361463759154
2025-02-18,134415.2513814251,0.0016838880893750349,0.005895836655301023,4,0.25212729404242273,0.2468675957532855,0.2515547568801139,0.2494503533241779
2025-02-19,134412.58874046788,0.0007312894469504,0.005915528933028935,0,0.0,0.0,0.0,1.0
2025-02-20,134428.9767376136,0.0001219230824975,0.005794327090053564,0,0.0,0.0,0.0,1.0
2025-02-21,134658.1717627551,0.0017049525385355,0.004099253604199271,0,0.0,0.0,0.0,1.0
2025-02-24,134756.43393037983,0.0007297155927368,0.00337252930073606,0,0.0,0.0,0.0,1.0
2025-02-25,134936.57026848354,0.0013367550093881,0.0020402825367850097,0,0.0,0.0,0.0,1.0
2025-02-26,135015.33976083636,0.0015853373342620402,0.0014577215588623682,3,0.7991370198723694,0.20086298012763068,0.0,0.0
2025-02-27,133101.39767777655,-0.014175738004660328,0.015612795284620451,3,0.7976889294506033,0.2023110705493967,0.0,0.0
2025-02-28,135088.613440892,0.014930089373864235,0.0009158063397315397,3,0.7982199321814092,0.20178006781859079,0.0,0.0
2025-03-03,133326.63346565524,-0.013043142055845437,0.013947003403392277,3,0.7945992071328883,0.2054007928671116,0.0,0.0
2025-03-04,131735.3726677304,-0.011935055709141117,0.02571560084993829,3,0.7946781694345173,0.20532183056548264,0.0,0.0
2025-03-05,132656.99440100256,0.007001367183308639,0.018899499308938417,3,0.802976339496608,0.19702366050339212,0.0,0.0
2025-03-06,130679.67508108007,-0.014905503692819582,0.03352329644501617,3,0.8006566863506343,0.1993433136493657,0.0,0.0
2025-03-07,131182.5593135315,0.0038482207132778156,0.029804080775495456,3,0.8020578672558373,0.1979421327441628,0.0,0.0
2025-03-10,128650.94953229187,-0.019298371631772938,0.04852728218031954,3,0.7960572543216125,0.2039427456783875,0.0,0.0
2025-03-11,127612.28874153813,-0.008073479399334258,0.05620897756666521,3,0.7958651183661001,0.20413488163389998,0.0,0.0
2025-03-12,128001.04352577352,0.0030505216968273806,0.053333836944177926,3,0.8017992842505459,0.19820071574945405,0.0,0.0
2025-03-13,126855.94853003882,-0.008945981721657848,0.06180269513538739,3,0.7982520087570051,0.20174799124299492,0.0,0.0
2025-03-14,128812.11188998526,0.01542035184485825,0.047335362594477126,3,0.8023678330278925,0.1976321669721075,0.0,0.0
2025-03-17,129736.15387635001,0.00717356444830251,0.04050136142042993,3,0.8027961630989376,0.19720383690106227,0.0,0.0
2025-03-18,128635.85072920889,-0.008481083447177034,0.048638949441676016,3,0.8009118375370485,0.1990881624629515,0.0,0.0
2025-03-19,128694.38508316489,0.0014564956906286,0.048206042875134525,0,0.0,0.0,0.0,1.0
2025-03-20,128725.61136856551,0.0002426390660357,0.04797510047831921,0,0.0,0.0,0.0,1.0
2025-03-21,128803.61457949424,0.0006059649676504,0.047398206740878246,0,0.0,0.0,0.0,1.0
2025-03-24,128631.99501493649,-0.0013324126432169,0.048667465414167776,0,0.0,0.0,0.0,1.0
2025-03-25,128678.79694149371,0.0003638435876842,0.04832132917170329,0,0.0,0.0,0.0,1.0
2025-03-26,127153.36818853006,-0.010865411686759701,0.05960304801403726,3,0.7991321460532764,0.20086785394672357,0.0,0.0
2025-03-27,126809.03606381244,-0.002708006320423156,0.062149648903721766,3,0.7991739430074285,0.20082605699257147,0.0,0.0
2025-03-28,125120.49800998949,-0.013315597265270953,0.07463768647401281,3,0.7936479891513157,0.20635201084868432,0.0,0.0
2025-03-31,126042.01407265932,0.007365028730913878,0.0678223664483889,3,0.7931341341833495,0.20686586581665045,0.0,0.0
2025-04-01,126550.30404721966,0.004032702732497712,0.06406317115839211,3,0.7921796710091292,0.20782032899087077,0.0,0.0
2025-04-02,127173.39928774034,0.0049315550114111,0.059454902629368034,3,0.8011119111740121,0.198888088825988,0.0,0.0
2025-04-03,122268.86024453139,-0.038565761949258114,0.09572774095710568,3,0.7921837269682159,0.2078162730317841,0.0,0.0
2025-04-04,116875.0652207228,-0.04411421692343639,0.13561900355036982,3,0.7802260268208204,0.21977397317917957,0.0,0.0
2025-04-07,115938.043244162,-0.008017295860252054,0.14254900173488594,3,0.78513087605245,0.21486912394755003,0.0,0.0
2025-04-08,114042.02931434709,-0.016353682335503734,0.1565714829787742,3,0.785682363828895,0.214317636171105,0.0,0.0
2025-04-09,123755.79988928972,0.08519264826522052,0.0847306786720976,3,0.8146161917008563,0.1853838082991436,0.0,0.0
2025-04-10,118705.7600457155,-0.04080649026624936,0.12207960732386136,3,0.8120576983884462,0.1879423016115538,0.0,0.0
2025-04-11,120547.08232395235,0.015511650635383926,0.10846161290699019,3,0.8139218856933204,0.18607811430667964,0.0,0.0
2025-04-14,121658.99995749487,0.00922392821216865,0.1002381268260516,3,0.8143069504338316,0.18569304956616844,0.0,0.0
2025-04-15,121461.54883002768,-0.001622988250241861,0.1016984297742286,3,0.8133462037962665,0.18665379620373343,0.0,0.0
2025-04-16,120087.08989489709,-0.01110502341067096,0.11186361070211592,1,0.5932512915223144,0.4067487084776857,0.0,0.0
2025-04-17,119757.31255629649,-0.0027461514713133005,0.11430256775431313,1,0.5957336681809114,0.4042663318190886,0.0,0.0
2025-04-21,117212.88098719071,-0.021246565364513113,0.13312059614170246,1,0.5941778323055628,0.40582216769443724,0.0,0.0
2025-04-22,119290.40404537253,0.01772435794329509,0.11775571529404771,1,0.5990198379332514,0.40098016206674864,0.0,0.0
2025-04-23,120862.26998329029,0.01317680118947291,0.10613055775392877,1,0.6003905691434148,0.39960943085658523,0.0,0.0
2025-04-24,122437.91423715986,0.01344246534889512,0.09447745666142615,5,0.2015011341823614,0.5982790582395282,0.2002198075781104,0.0
2025-04-25,122889.99496597855,0.003692326283368547,0.09113397197447437,5,0.2022104157736139,0.6004690673978159,0.1973205168285702,0.0
2025-04-28,123709.7035622839,0.006670263079856769,0.08507159646319962,5,0.20094716536857138,0.6002481382178435,0.19880469641358506,0.0
2025-04-29,124249.3868034381,0.004362497246486981,0.0810802238220375,5,0.20133468767821897,0.6026518681397106,0.19601344418207023,0.0
2025-04-30,123471.10161793663,-0.00626389558551881,0.0868362413514846,5,0.20268417584657855,0.6015426934329257,0.19577313072049587,0.0
2025-05-01,123093.07580141914,-0.0020637179152451,0.08963203300600031,0,0.0,0.0,0.0,1.0
2025-05-02,122854.90191237128,-0.0019349089093532,0.09139351209612678,0,0.0,0.0,0.0,1.0
2025-05-05,122840.01456268261,-0.0001211783124395,0.09150361549700259,0,0.0,0.0,0.0,1.0
2025-05-06,122944.20230453246,0.0008481580063366,0.09073306701475847,0,0.0,0.0,0.0,1.0
2025-05-07,122988.87620658388,0.0003633672935692,0.09040266915018769,0,0.0,0.0,0.0,1.0
2025-05-08,122831.62387642823,-0.00027886872990981996,0.09156567107516855,1,0.604349257832079,0.39565074216792095,0.0,0.0
2025-05-09,122809.72436712077,-0.00017828885279164508,0.09172763478950907,1,0.6036868138182052,0.3963131861817949,0.0,0.0
2025-05-12,124806.92786429149,0.01626258431458073,0.0769567788696699,1,0.6136574550828735,0.3863425449171264,0.0,0.0
2025-05-13,125117.00355506982,0.0024844429398622457,0.07466353065574494,1,0.6161790367011879,0.38382096329881227,0.0,0.0
2025-05-14,124896.84555582897,-0.0017596169424242381,0.07629176838464602,1,0.6180541029876048,0.38194589701239523,0.0,0.0
2025-05-15,125699.74663641005,0.00644668417478252,0.07035369737888875,1,0.5990685655483469,0.4009314344516532,0.0,0.0
2025-05-16,126311.39891191343,0.0048659785868352045,0.06583005837700395,1,0.5999438414674443,0.4000561585325557,0.0,0.0
2025-05-19,126247.92443576438,-0.0005025237365418917,0.0662995009466335,1,0.6009021018876429,0.3990978981123571,0.0,0.0
2025-05-20,125629.81230933926,-0.004896018126140469,0.07087091551438518,1,0.601828276513988,0.39817172348601204,0.0,0.0
2025-05-21,123500.89014984731,-0.016945994906446955,0.08661593224751019,1,0.601886570181806,0.39811342981819403,0.0,0.0
2025-05-22,123644.80636360463,0.00136368866741748,0.08555156116016249,3,0.7992257863700353,0.20077421362996464,0.0,0.0
2025-05-23,123011.46173763278,-0.005122290572475487,0.09023563177744676,3,0.7978574166484281,0.20214258335157184,0.0,0.0
2025-05-27,125399.00730821273,0.019409130961082842,0.07257789601088838,3,0.7989386271590125,0.20106137284098746,0.0,0.0
2025-05-28,124710.55486269102,-0.005490094860397053,0.07766953133741761,3,0.7987012683665099,0.20129873163349016,0.0,0.0
2025-05-29,125336.08235449495,0.005015834405457196,0.07304327443949843,3,0.7978522013298066,0.20214779867019333,0.0,0.0
2025-05-30,125261.50719236628,-0.00059285501554216,0.07359481511953525,3,0.799579397653026,0.20042060234697404,0.0,0.0
2025-06-02,125592.02626807746,0.002638632434811673,0.0711503723509318,3,0.8019671844055821,0.19803281559441793,0.0,0.0
2025-06-03,126122.58594255648,0.004224469420905297,0.06722647550230909,3,0.8031475758282781,0.19685242417172194,0.0,0.0
2025-06-04,126498.4350908103,0.00298003046357612,0.0644467819836888,3,0.8005463515976597,0.1994536484023404,0.0,0.0
2025-06-05,126026.54358502006,-0.003730413782996475,0.06793678260290348,3,0.7996604879644198,0.20033951203558015,0.0,0.0
2025-06-06,126741.12330154888,0.0056704145519798,0.06265191601267406,3,0.8036581499109394,0.19634185008906055,0.0,0.0
2025-06-09,126859.15873477011,0.000931311244105036,0.06177895320241644,3,0.8036339963851056,0.19636600361489437,0.0,0.0
2025-06-10,127565.48165977998,0.005567772418281659,0.056555151935805514,3,0.8037156349776152,0.19628436502238478,0.0,0.0
2025-06-11,127348.8674537188,-0.0016980628555842024,0.058157180588595536,3,0.8027864754628619,0.19721352453713814,0.0,0.0
2025-06-12,128055.47428079337,0.005548591371111692,0.052931279647865814,3,0.8015296097133667,0.1984703902866333,0.0,0.0
2025-06-13,127273.60447894737,-0.00570647336364644,0.05871380817212535,2,0.39779795853413613,0.3984190463701365,0.2037829950957275,0.0
2025-06-16,126874.47402183512,-0.0031360034057828566,0.06166568487551394,2,0.40284607200838224,0.39564476086120265,0.20150916713041514,0.0
2025-06-17,127061.70979507004,0.0014757560547812407,0.06028093232855991,2,0.3988151294338854,0.3998693826661901,0.20131548789992443,0.0
2025-06-18,127004.40329591431,-0.0004510131277798154,0.06070475796450481,2,0.39893494767174364,0.400743426986424,0.20032162534183223,0.0
2025-06-20,126780.78262146184,-0.001760731664802505,0.06235860483975508,2,0.3987000630442018,0.4007090635068102,0.20059087344898796,0.0
2025-06-23,127813.37770904016,0.008549459603594801,0.054721769993551383,3,0.8010534147816725,0.1989465852183276,0.0,0.0
2025-06-24,129129.07017577496,0.010293855700534814,0.04499121229700809,3,0.8016507240071888,0.19834927599281107,0.0,0.0
2025-06-25,129219.31648087969,0.0006988844958139658,0.04432377146191646,3,0.801539772864517,0.19846022713548286,0.0,0.0
2025-06-26,130158.60528919152,0.007268950447132313,0.0373770083131707,3,0.8019813051700817,0.19801869482991824,0.0,0.0
2025-06-27,130513.11457955936,0.002723671551183172,0.03475513945619857,3,0.8037765833538165,0.19622341664618348,0.0,0.0
2025-06-30,131268.70348591264,0.00579316996503884,0.02916697836686355,3,0.7991951504082891,0.2008048495917108,0.0,0.0
2025-07-01,131300.10180984208,0.00023919123976726126,0.02893476361281211,3,0.7987453867439601,0.20125461325603988,0.0,0.0
2025-07-02,131607.63970423522,0.002342251758787785,0.026660284354986352,3,0.8004913594174252,0.19950864058257478,0.0,0.0
2025-07-03,132255.0711325847,0.004919406121137806,0.021872030999895875,3,0.8028508030575704,0.19714919694242955,0.0,0.0
2025-07-07,131214.97795939693,-0.007864297106196287,0.02956431995599318,3,0.8031844626618326,0.1968155373381673,0.0,0.0
2025-07-08,130744.15128776197,-0.003036703684244475,0.033046445307660766,4,0.2506241374177038,0.2504412571352843,0.24814268283200822,0.25079192261500366
2025-07-09,131456.11347796876,0.005445461102422893,0.027780937337734235,4,0.25076153200620566,0.2516906596732429,0.24790225681137068,0.24964555150918077
2025-07-10,131644.453317842,0.001432720281242872,0.02638801936884705,4,0.25110897537011784,0.25150405446095103,0.2480985791933794,0.24928839097555167
2025-07-11,131377.14542470707,-0.0020305290986286618,0.028364966826292082,4,0.2507353501722587,0.2485392812627138,0.25099035958547805,0.2497350089795494
2025-07-14,131254.94226911606,-0.0009301705802478126,0.029268753148888438,4,0.2514476637916092,0.24824876176979918,0.25030573718296445,0.24999783725562705
2025-07-15,130550.61594863365,-0.004820185500594981,0.03447778798942125,3,0.8004397771333853,0.19956022286661465,0.0,0.0
2025-07-16,130936.74388594192,0.002957687594979888,0.03162207492027991,3,0.8007474260101896,0.19925257398981044,0.0,0.0
2025-07-17,131572.25020165698,0.004853536882425069,0.026922016944779248,3,0.8017564350238628,0.1982435649761373,0.0,0.0
2025-07-18,131534.83045661496,-0.0002844045380745245,0.027198764739060466,3,0.8013971232998012,0.19860287670019883,0.0,0.0
2025-07-21,131967.61542056836,0.0032902689154727036,0.023997987073747784,3,0.8002835391872065,0.19971646081279346,0.0,0.0
2025-07-22,132142.27692559536,0.00132380184331344,0.02270623091111801,3,0.799056685121573,0.20094331487842698,0.0,0.0
2025-07-23,132893.27322004252,0.005683240155382087,0.017152035719027348,3,0.8013007355376142,0.1986992644623859,0.0,0.0
2025-07-24,132882.48337414014,-8.119181385884996e-05,0.01723183492799485,3,0.8016310757216012,0.19836892427839883,0.0,0.0
2025-07-25,133498.20297917514,0.004633564856711674,0.012678114896022108,3,0.8013045399033747,0.1986954600966254,0.0,0.0
2025-07-28,133299.48363769805,-0.001488554430265146,0.014147797262191397,3,0.8022976208479463,0.19770237915205358,0.0,0.0
2025-07-29,134078.5503249245,0.006249295606811801,0.008385999926431631,2,0.3964672554913574,0.40422817983380577,0.1993045646748368,0.0
2025-07-30,133270.71947295024,-0.00602505658076219,0.014360530383150882,2,0.39836822474793926,0.40458266539887355,0.19704910985318716,0.0
2025-07-31,133277.1206227476,4.8031179111842445e-05,0.014313188957246092,2,0.3968548188838118,0.4047961277377436,0.1983490533784447,0.0
2025-08-01,133713.79880749783,0.003276467729118118,0.011083617929847023,2,0.38907533303773223,0.40921010056389967,0.201714566398368,0.0
2025-08-04,134811.16506296935,0.008206828803445641,0.0029677504812744004,2,0.39177400337142376,0.40698832320008405,0.2012376734284922,0.0
2025-08-05,134292.19699740267,-0.0034427720483173607,0.006805918466831429,3,0.7986937010557917,0.20130629894420823,0.0,0.0
2025-08-06,134957.67851278774,0.004955474184385498,0.0018841708357091314,3,0.8008429461499763,0.19915705385002366,0.0,0.0
2025-08-07,134821.23800920363,-0.001010987333863898,0.002893253296723297,3,0.800981913491441,0.199018086508559,0.0,0.0
2025-08-08,135546.9915975045,0.005383080581497995,0.0,3,0.8029055088271443,0.1970944911728557,0.0,0.0
2025-08-11,135362.3937378383,-0.0013618735280700668,0.0013618735280701566,3,0.802410621649114,0.19758937835088594,0.0,0.0
2025-08-12,135325.25732759677,0.0007263783174116,0.0016358479616143118,0,0.0,0.0,0.0,1.0
2025-08-13,135505.28022127564,0.0013302978116129,0.00030772631496478464,0,0.0,0.0,0.0,1.0
2025-08-14,135357.9735105114,-0.0010870920345221,0.0013944838226611633,0,0.0,0.0,0.0,1.0
2025-08-15,135308.89278324347,-0.000362599453841,0.001756577637429535,0,0.0,0.0,0.0,1.0
2025-08-18,135308.89278324347,0.0,0.001756577637429535,0,0.0,0.0,0.0,1.0
2025-08-19,135374.3638664489,0.000483863860377,0.0012735637214893458,0,0.0,0.0,0.0,1.0
2025-08-20,135423.470405301,0.0003627462205513,0.0009112794813646019,0,0.0,0.0,0.0,1.0
2025-08-21,135308.89278324344,-0.0008460691615319,0.001756577637429757,0,0.0,0.0,0.0,1.0
2025-08-22,135603.49329897985,0.0021772443013656,0.0,0,0.0,0.0,0.0,1.0
2025-08-25,135538.04802735857,-0.0004826223132541,0.00048262231325402194,0,0.0,0.0,0.0,1.0
2025-08-26,135665.75903687495,0.0019441962898909802,0.0,5,0.20044770336163392,0.5984907902244377,0.20106150641392842,0.0
2025-08-27,135689.1869141018,0.00017268821103544506,0.0,5,0.20086972614946397,0.5976976638033509,0.20143261004718513,0.0
2025-08-28,136521.988875062,0.0061375705750777495,0.0,5,0.20035141922093638,0.5979594160170284,0.20168916476203533,0.0
2025-08-29,136044.27186758778,-0.003499194608946049,0.003499194608946099,5,0.1998559112789887,0.5957935811351257,0.2043505075858857,0.0
2025-09-02,135896.90409966273,-0.0010832339054193249,0.0045786380681233085,5,0.1985900479497162,0.5920012368478735,0.20940871520241028,0.0
2025-09-03,135859.52705176102,0.0007256859552908,0.004852418491406829,0,0.0,0.0,0.0,1.0
2025-09-04,135958.07272214902,0.0007253497235453,0.0041305884682726335,0,0.0,0.0,0.0,1.0
2025-09-05,136155.11243454498,0.0014492682078439,0.00268730659097538,0,0.0,0.0,0.0,1.0
2025-09-08,136237.20155879745,0.0006029088646373,0.002086017927303896,0,0.0,0.0,0.0,1.0
2025-09-09,136122.263877749,-0.0008436585582599,0.0029279165986865197,0,0.0,0.0,0.0,1.0
2025-09-10,136138.68170259948,0.0001206108713063,0.002807658865952356,0,0.0,0.0,0.0,1.0
2025-09-11,136187.94808424596,0.0003618837866676,0.002446791125506831,0,0.0,0.0,0.0,1.0
2025-09-12,136171.51735230046,-0.000120647474146,0.0025671434004838067,0,0.0,0.0,0.0,1.0
2025-09-15,136220.77082685195,0.0003617017384336,0.0022063702022808718,0,0.0,0.0,0.0,1.0
2025-09-16,136286.46794044395,0.0004822841127181,0.0017251501868580377,0,0.0,0.0,0.0,1.0
2025-09-17,136220.77082685198,-0.0004820516268768,0.0022063702022806497,0,0.0,0.0,0.0,1.0
2025-09-18,136171.5173523005,-0.0003615709575898,0.0025671434004835847,0,0.0,0.0,0.0,1.0
2025-09-19,136220.77082685198,0.0003617017384336,0.0022063702022806497,0,0.0,0.0,0.0,1.0
2025-09-22,136155.112434545,-0.0004819998588205,0.002687306590975158,0,0.0,0.0,0.0,1.0
2025-09-23,136204.3530020015,0.0003616505217911,0.0023266279350148134,0,0.0,0.0,0.0,1.0
2025-09-24,136138.68170259954,-0.0004821527209267,0.002807658865951912,0,0.0,0.0,0.0,1.0
2025-09-25,136023.71820736103,-0.0008444587078464,0.0036497466218204933,0,0.0,0.0,0.0,1.0
2025-09-26,136105.8331458035,0.0006036810309604,0.0030482688736634955,0,0.0,0.0,0.0,1.0
2025-09-29,136155.112434545,0.0003620659570755,0.002687306590975158,0,0.0,0.0,0.0,1.0
2025-09-30,136220.77082685198,0.0004822322947184,0.0022063702022806497,0,0.0,0.0,0.0,1.0
2025-10-01,136378.92146198807,0.001160987668592,0.0010479441022857028,0,0.0,0.0,0.0,1.0
2025-10-02,136411.8474613541,0.0002414302665916,0.0008067668411181339,0,0.0,0.0,0.0,1.0
2025-10-03,136362.4132874725,-0.0003623891531533,0.001168863630719108,0,0.0,0.0,0.0,1.0
2025-10-06,136329.47438101145,-0.000241554147268,0.0014101354341294892,0,0.0,0.0,0.0,1.0
2025-10-07,136395.37800812357,0.0004834143710401,0.0009274027428233245,0,0.0,0.0,0.0,1.0
2025-10-08,136378.92146198807,-0.0001206532536207,0.0010479441022857028,0,0.0,0.0,0.0,1.0
2025-10-09,136362.41328747253,-0.0001210463782715,0.001168863630718886,0,0.0,0.0,0.0,1.0
2025-10-10,136593.02435398495,0.0016911629895126,0.0,0,0.0,0.0,0.0,1.0
2025-10-13,136856.5356056734,0.0019291706361632,0.0,0,0.0,0.0,0.0,1.0
2025-10-14,136757.74470048022,-0.0007218574162786,0.0007218574162787261,0,0.0,0.0,0.0,1.0
2025-10-15,136691.86688755814,-0.0004817117528984,0.0012032214419757103,0,0.0,0.0,0.0,1.0
2025-10-16,136873.00505890392,0.0013251569056027,0.0,0,0.0,0.0,0.0,1.0
2025-10-17,136856.53560567342,-0.0001203265262089,0.0001203265262088582,0,0.0,0.0,0.0,1.0
2025-10-20,136873.00505890395,0.0001203410064243,0.0,0,0.0,0.0,0.0,1.0
2025-10-21,136905.96977955505,0.000240841651989,0.0,0,0.0,0.0,0.0,1.0
2025-10-22,136905.96977955505,0.0,0.0,0,0.0,0.0,0.0,1.0
2025-10-23,136807.14015307688,-0.0007218795983645,0.0007218795983644499,0,0.0,0.0,0.0,1.0
2025-10-24,136889.48741922952,0.0006019222831534,0.00012039183062695358,0,0.0,0.0,0.0,1.0
2025-10-27,136856.53560567347,-0.0002407183646991,0.00036108121480149524,0,0.0,0.0,0.0,1.0
2025-10-28,136873.005058904,0.0001203410064243,0.00024078366125390716,0,0.0,0.0,0.0,1.0
2025-10-29,136512.28398361657,-0.0016370806082212802,0.002875592617125333,3,0.8016966669210371,0.1983033330789629,0.0,0.0
2025-10-30,135151.1219811147,-0.009970985487761826,0.012817905612633185,3,0.8008649406325339,0.1991350593674662,0.0,0.0
2025-10-31,135425.92594659634,0.002033308798724079,0.010810659574172377,3,0.8018615234090617,0.1981384765909384,0.0,0.0
2025-11-03,135562.62061260152,0.00100936851677179,0.009812202996820174,3,0.80255633380836,0.1974436661916399,0.0,0.0
2025-11-04,134332.644651732,-0.00907312026952046,0.01879629596844168,3,0.800304452849415,0.19969554715058502,0.0,0.0
2025-11-05,134412.27864421357,0.0005931165496057599,0.018214626720491456,3,0.8022964528570238,0.19770354714297628,0.0,0.0
2025-11-06,133494.21158400766,-0.006830232099821813,0.02492044869220078,3,0.7991466795867013,0.20085332041329873,0.0,0.0
2025-11-07,133542.48980620378,0.000361650303958905,0.02456781087608606,3,0.7996442998960323,0.20035570010396775,0.0,0.0
2025-11-10,135202.85446536218,0.012433231262708322,0.012440036887618633,3,0.8021489423890892,0.1978510576109108,0.0,0.0
2025-11-11,135573.59117467853,0.002742077530702808,0.009732070902546464,3,0.8017866421849705,0.19821335781502947,0.0,0.0
2025-11-12,135389.01240147394,-0.0003618273724339,0.011080286568392106,0,0.0,0.0,0.0,1.0
2025-11-13,135307.31582294015,-0.0006034210390098,0.011677021529368226,0,0.0,0.0,0.0,1.0
2025-11-14,135356.32100497006,0.0003621768840202,0.011319073792619982,0,0.0,0.0,0.0,1.0
2025-11-17,135339.9816892633,-0.0001207133555747,0.011438420784815162,0,0.0,0.0,0.0,1.0
2025-11-18,135421.69103288752,0.0006037339639355,0.010841592584001192,0,0.0,0.0,0.0,1.0
2025-11-19,135649.69051971516,0.0026863123628768403,0.009176219721190648,3,0.8009389687727585,0.1990610312272414,0.0,0.0
2025-11-20,134099.99186333513,-0.011424269752792305,0.0204956578645773,3,0.7978456051055091,0.20215439489449089,0.0,0.0
2025-11-21,135247.78127522487,0.008559205678844986,0.012111878736918325,3,0.7989547129449829,0.201045287055017,0.0,0.0
2025-11-24,136993.14902461154,0.012904964007024141,0.0,3,0.8003851217761091,0.19961487822389098,0.0,0.0
2025-11-25,138094.36123621676,0.008038447319780677,0.0,3,0.8014709056954389,0.19852909430456117,0.0,0.0
2025-11-26,137939.6787885539,-0.0001202416302095,0.0011201213885791983,0,0.0,0.0,0.0,1.0
2025-11-28,137939.6787885539,0.0,0.0011201213885791983,0,0.0,0.0,0.0,1.0
2025-12-01,137821.44814284204,-0.0008571184647537,0.001976279776607859,0,0.0,0.0,0.0,1.0
2025-12-02,137904.7128143504,0.0006041488652916,0.0013733248785006147,0,0.0,0.0,0.0,1.0
2025-12-03,137987.99045543378,0.000603878137185,0.000770276062184938,0,0.0,0.0,0.0,1.0
2025-12-04,137888.05988004876,-0.0007241976280342,0.0014939158581218637,0,0.0,0.0,0.0,1.0
2025-12-05,137838.08810756876,-0.0003624082645262,0.0018557827151944872,0,0.0,0.0,0.0,1.0
2025-12-08,137804.78223896542,-0.000241630372712,0.0020969646744374293,0,0.0,0.0,0.0,1.0
2025-12-09,137738.15753218372,-0.0004834716596856,0.002579422511131635,0,0.0,0.0,0.0,1.0
2025-12-10,137971.33752113214,0.0016929222310377,0.000890867041806187,0,0.0,0.0,0.0,1.0
2025-12-11,137987.9904554338,0.0001206985059423,0.000770276062184716,0,0.0,0.0,0.0,1.0
2025-12-12,138004.6433897355,0.000120683939571,0.000649685082563245,0,0.0,0.0,0.0,1.0
2025-12-15,138087.89509166885,0.0006032529043116,4.68241026645444e-05,0,0.0,0.0,0.0,1.0
2025-12-16,138154.50682887554,0.000482386505801,0.0,0,0.0,0.0,0.0,1.0
2025-12-17,138171.1467936022,0.0001204446029927,0.0,0,0.0,0.0,0.0,1.0
2025-12-18,138998.89584242573,0.00699774956738362,0.0,3,0.8004397333698959,0.19956026663010412,0.0,0.0
2025-12-19,139903.77148731018,0.006509948438081513,0.0,3,0.8024704824113201,0.19752951758867981,0.0,0.0
2025-12-22,140543.21608838343,0.004570603024316828,0.0,3,0.803795956231829,0.19620404376817097,0.0,0.0
2025-12-23,141103.72100348742,0.00398813212550583,0.0,3,0.8042621235385876,0.19573787646141255,0.0,0.0
2025-12-24,141670.21192618358,0.004014712855674142,0.0,3,0.8038639727926448,0.19613602720735532,0.0,0.0
2025-12-26,141631.1610555304,0.00072507877231,0.00027564630646226274,0,0.0,0.0,0.0,1.0
2025-12-29,141699.591659496,0.0004831606509163,0.0,0,0.0,0.0,0.0,1.0
2025-12-30,141733.80696147884,0.0002414636597192,0.0,0,0.0,0.0,0.0,1.0
2025-12-31,141682.4840085046,-0.000362108053643,0.0003621080536430066,0,0.0,0.0,0.0,1.0
