date,wealth,return,drawdown,action,w_SPY,w_TLT,w_GLD,w_SHY
2021-01-05,100000.0,0.0,0.0,0,0.0,0.0,0.0,1.0
2021-01-06,99942.087188302,-0.00057912811698,0.0005791281169800211,0,0.0,0.0,0.0,1.0
2021-01-07,99965.27670160167,0.0002320295078086,0.00034723298398331437,0,0.0,0.0,0.0,1.0
2021-01-08,99953.71243072744,-0.0001156828776532,0.00046287569272562834,0,0.0,0.0,0.0,1.0
2021-01-11,99942.087188302,-0.0001163062595948,0.0005791281169800211,0,0.0,0.0,0.0,1.0
2021-01-12,100014.21645032646,0.0014728151945315,0.0,4,0.24968507114222765,0.2494341436351579,0.2512484475226254,0.24963233769998902
2021-01-13,100251.29050934546,0.0023704036029393014,0.0,4,0.2497653669723387,0.25164680818640073,0.2495746337942807,0.2490131910469799
2021-01-14,99917.17020026485,-0.0033328280103233545,0.0033328280103233077,4,0.2497230577173892,0.2501229277053937,0.2502792172257053,0.24987479735151183
2021-01-15,99526.99658541656,-0.0039049706278336555,0.007224784042669019,4,0.248873701305786,0.25209990694499024,0.24814283609835575,0.2508835556508679
2021-01-19,100020.39257181484,0.004957408575821263,0.0023031916732193514,4,0.249590514825923,0.25166598312187566,0.24901091948566154,0.2497325825665398
2021-01-20,101091.72312279063,0.011267732588735,0.0,3,0.8020337637085824,0.19796623629141752,0.0,0.0
2021-01-21,101025.18984574851,-0.0006581476206642746,0.0006581476206642956,3,0.8032936615317773,0.19670633846822264,0.0,0.0
2021-01-22,100802.27669463483,-0.0022065105886366954,0.00286320599960721,3,0.8022205468180359,0.1977794531819641,0.0,0.0
2021-01-25,101356.16220987875,0.00549477187823667,0.0,3,0.8009831923310617,0.1990168076689382,0.0,0.0
2021-01-26,101191.36839711446,-0.0016258884430040165,0.0016258884430040421,3,0.8010352427580403,0.19896475724195967,0.0,0.0
2021-01-27,99790.33074143516,-0.01364713483308476,0.015448803844814285,1,0.5934344694713177,0.4065655305286822,0.0,0.0
2021-01-28,100075.35554870134,0.00285623672302193,0.012636692562660756,1,0.5968334155956729,0.40316658440432696,0.0,0.0
2021-01-29,98636.8971681672,-0.014373752385362471,0.026828808258157588,1,0.5934147532278837,0.4065852467721163,0.0,0.0
2021-02-01,99657.67850204575,0.01034887920428204,0.016757577149734026,1,0.597112883209268,0.40288711679073197,0.0,0.0
2021-02-02,100240.24742518793,0.005845700320324371,0.011009836603521839,1,0.6020368641301488,0.3979631358698513,0.0,0.0
2021-02-03,99931.55452743101,-0.0030774998891904,0.014055461960939208,1,0.6023254714593992,0.39767452854060076,0.0,0.0
2021-02-04,100509.46981030868,0.005783111106502728,0.008353635152609784,1,0.6056686418615146,0.3943313581384854,0.0,0.0
2021-02-05,100417.19569112394,-0.0009180639332680823,0.00926402991473263,1,0.6086111663209477,0.3913888336790523,0.0,0.0
2021-02-08,101031.13858991057,0.006113921968853465,0.003206747501894869,1,0.6092814397485993,0.3907185602514007,0.0,0.0
2021-02-09,101019.37764763746,-0.00011640908374644098,0.0033227832911028043,1,0.6089467145657238,0.3910532854342762,0.0,0.0
2021-02-10,101099.27819333851,0.0009821836981326801,0.0025344686592246868,3,0.7988669049304232,0.2011330950695768,0.0,0.0
2021-02-11,101118.38410865195,0.00018898171831566835,0.0023459659091513707,3,0.8000057514739907,0.1999942485260093,0.0,0.0
2021-02-12,101266.83674984748,0.00146810733284695,0.0008813027060584622,3,0.8027791251450965,0.19722087485490356,0.0,0.0
2021-02-16,100892.34525645844,-0.00369806646882953,0.0045761100589017945,3,0.8050612088159997,0.1949387911840003,0.0,0.0
2021-02-17,101035.86948813085,0.0014225482746740407,0.003160071521696617,3,0.8041020033125013,0.19589799668749883,0.0,0.0
2021-02-18,100609.66742096301,-0.00421423962047374,0.007365065652051417,3,0.7999663524510339,0.20003364754896613,0.0,0.0
2021-02-19,100200.01949108684,-0.0040716557402198095,0.011406733380431966,3,0.8018183809013777,0.19818161909862236,0.0,0.0
2021-02-22,99430.98730523848,-0.007674970421705075,0.018994157460833994,3,0.8018048748477015,0.19819512515229848,0.0,0.0
2021-02-23,99470.96842733903,0.00040209921659334515,0.018599695780075365,3,0.8024558711346144,0.19754412886538555,0.0,0.0
2021-02-24,100221.67053015382,0.007546946759276445,0.011193119934590046,3,0.805221726627482,0.1947782733725181,0.0,0.0
2021-02-25,97961.88978412526,-0.022542721561095422,0.03348856499444941,3,0.7987288949513672,0.20127110504863277,0.0,0.0
2021-02-26,98210.52563906352,0.002538087571464438,0.031035474333583668,3,0.7926015307857127,0.20739846921428734,0.0,0.0
2021-03-01,99828.3985294423,0.01647351828993035,0.015073219497724222,3,0.7986575797248343,0.2013424202751657,0.0,0.0
2021-03-02,99207.67771882522,-0.006217878076387371,0.021197374133056224,3,0.7973834291692783,0.20261657083072168,0.0,0.0
2021-03-03,97941.84837300374,-0.012759388939725929,0.03368629753171759,3,0.7969907944732203,0.20300920552677962,0.0,0.0
2021-03-04,96845.60839977572,-0.01118978824901458,0.04450201854291802,3,0.7990411080306,0.20095889196939992,0.0,0.0
2021-03-05,98307.1083571956,0.015091029748988221,0.030082570079650983,3,0.8016431743155147,0.19835682568448543,0.0,0.0
2021-03-08,97763.12750444764,-0.0055334844228295006,0.035449593069546204,3,0.80209031115875,0.19790968884125013,0.0,0.0
2021-03-09,99150.82865122045,0.014194524890886686,0.021758258309856893,3,0.8021559733643567,0.1978440266356432,0.0,0.0
2021-03-10,99685.19953732062,0.005389474736312197,0.016486049157011906,3,0.8028222757354391,0.19717772426456087,0.0,0.0
2021-03-11,100349.69204629307,0.006668750500156322,0.009930034263743837,3,0.8027580074531094,0.1972419925468907,0.0,0.0
2021-03-12,100038.14979086917,-0.003104566133398767,0.01300377194906377,3,0.8063424912590051,0.1936575087409948,0.0,0.0
2021-03-15,100633.10348959551,0.005947268116914454,0.007133840750461751,3,0.8063554704836383,0.19364452951636177,0.0,0.0
2021-03-16,100452.42797733622,-0.0017953884556285106,0.008916421190762525,3,0.8067868421387945,0.1932131578612056,0.0,0.0
2021-03-17,100583.54703628477,0.0013052851144437772,0.007622774548173172,3,0.8084825958575913,0.19151740414240861,0.0,0.0
2021-03-18,99208.22391583458,-0.013665073568608601,0.021191985245025635,3,0.7992825167332861,0.2007174832667139,0.0,0.0
2021-03-19,99184.92136889849,-0.00023488523447266863,0.021421892795075004,3,0.7979910787992767,0.20200892120072333,0.0,0.0
2021-03-22,100041.45636553106,0.008635738021577508,0.01297114862760207,3,0.7974762988663664,0.2025237011336336,0.0,0.0
2021-03-23,99596.41354091016,-0.004448584024954781,0.0173620294079867,3,0.7947350085537203,0.20526499144627966,0.0,0.0
2021-03-24,99304.06016470841,-0.0029353805604823958,0.02024644580485435,3,0.7930226908183795,0.2069773091816205,0.0,0.0
2021-03-25,99593.67308616338,0.0029234234901538603,0.017389067278077985,3,0.8021554459159768,0.1978445540840231,0.0,0.0
2021-03-26,100812.12804218214,0.01223426065393337,0.005367549005753314,3,0.8052306805144724,0.19476931948552767,0.0,0.0
2021-03-29,100604.45577419648,-0.0020599928998499555,0.007416484792761802,3,0.8064853466874446,0.19351465331255535,0.0,0.0
2021-03-30,100491.21242823482,-0.0011256295269448662,0.008533766105437879,3,0.8052521933203045,0.19474780667969552,0.0,0.0
2021-03-31,100710.0206274723,0.002177386399768393,0.00637496101192625,3,0.8067595262119874,0.19324047378801248,0.0,0.0
2021-04-01,101913.68937810621,0.01195866742992882,0.0,3,0.7990833103060789,0.20091668969392107,0.0,0.0
2021-04-05,102993.23289186966,0.010592723316671236,0.0,3,0.8020567337128048,0.1979432662871951,0.0,0.0
2021-04-06,103082.91989287207,0.0008708047944913896,0.0,3,0.8008855045446802,0.19911449545531973,0.0,0.0
2021-04-07,103035.50510132908,-0.00045996748629429334,0.00045996748629417716,3,0.8021813238960046,0.19781867610399542,0.0,0.0
2021-04-08,103596.11484971477,0.005440937547055943,0.0,3,0.8016276138702184,0.19837238612978159,0.0,0.0
2021-04-09,104123.41723694913,0.0050916181653481,0.0,3,0.8017340220302547,0.19826597796974532,0.0,0.0
2021-04-12,104144.84128086982,0.000205756250507447,0.0,3,0.8018612307768913,0.19813876922310872,0.0,0.0
2021-04-13,104546.98433384135,0.0038613823596597156,0.0,3,0.8011444265701955,0.19885557342980462,0.0,0.0
2021-04-14,104194.8726397293,-0.003367975617428285,0.003367975617428298,3,0.8011063254823709,0.19889367451762902,0.0,0.0
2021-04-15,105438.34526120522,0.011934105680760532,0.0,3,0.8001628881470723,0.19983711185292777,0.0,0.0
2021-04-16,105556.48349602665,0.00112061156149136,0.0,3,0.8017754153398012,0.19822458466019877,0.0,0.0
2021-04-19,105080.5932048609,-0.004508394703994338,0.004508394703994334,3,0.801449573498981,0.19855042650101892,0.0,0.0
2021-04-20,104560.15455546061,-0.0049527570555836205,0.009438822775898359,3,0.7995416423894991,0.20045835761050088,0.0,0.0
2021-04-21,105393.26806885988,0.00796779152576106,0.0015462378222642625,3,0.8007270455743012,0.19927295442569884,0.0,0.0
2021-04-22,104714.180088269,-0.006443371507819482,0.007979646345355529,3,0.7985594352689309,0.2014405647310691,0.0,0.0
2021-04-23,105573.06686917994,0.008203653652662601,0.0,3,0.8020937176027194,0.1979062823972807,0.0,0.0
2021-04-26,105719.9933489396,0.0013917041923366459,0.0,3,0.8026509075465124,0.1973490924534877,0.0,0.0
2021-04-27,105519.7226400322,-0.001894350373693182,0.0018943503736932321,3,0.8040011343471605,0.19599886565283953,0.0,0.0
2021-04-28,105508.76524237967,-0.00010384217640438756,0.0019979958366319606,3,0.8038536006546418,0.19614639934535824,0.0,0.0
2021-04-29,105988.11902605946,0.004543260292911103,0.0,3,0.8053176524844693,0.19468234751553082,0.0,0.0
2021-04-30,105479.47734445459,-0.00479375216850948,0.0047990443294857466,3,0.7985717676725171,0.20142823232748286,0.0,0.0
2021-05-03,105673.8713420869,0.0018429556395837962,0.0029649331157135528,3,0.7988218401264081,0.20117815987359192,0.0,0.0
2021-05-04,105297.35352437831,-0.003563017167126707,0.006517386175249551,3,0.796732277086051,0.20326772291394907,0.0,0.0
2021-05-05,105358.89436103668,0.0005844480853369245,0.005936747163784117,3,0.7965159993851376,0.20348400061486224,0.0,0.0
2021-05-06,106064.35223873562,0.006695760068262729,0.0,3,0.7975366640099066,0.20246333599009328,0.0,0.0
2021-05-07,106577.02655498256,0.0048360909305733,0.0,3,0.8019441637077016,0.19805583629229845,0.0,0.0
2021-05-10,105516.91082721455,-0.009946944121405975,0.009946944121405843,3,0.8019801934152008,0.19801980658479926,0.0,0.0
2021-05-11,104643.42332070913,-0.008278175504358509,0.018142777076595284,3,0.8014573061442066,0.19854269385579337,0.0,0.0
2021-05-12,102643.33242016852,-0.019113393246040663,0.036909400289795724,3,0.7997153957485195,0.20028460425148045,0.0,0.0
2021-05-13,103661.22049482538,0.009916748128267603,0.02735867338776732,3,0.8013748938882205,0.19862510611177941,0.0,0.0
2021-05-14,105128.34526603553,0.014154466875117361,0.013592810155945378,3,0.8009473447619095,0.19905265523809054,0.0,0.0
2021-05-17,104869.82352050913,-0.0024591060086809227,0.016018490003496977,3,0.8008787360036477,0.19912126399635238,0.0,0.0
2021-05-18,104092.8023569347,-0.0074093875386609396,0.023309190341937902,3,0.799905562555624,0.2000944374443761,0.0,0.0
2021-05-19,103824.11323031421,-0.0025812459702944605,0.025830269558591357,3,0.7998729718387505,0.20012702816124953,0.0,0.0
2021-05-20,104888.48981141263,0.010251728119625703,0.01584334633973694,3,0.8002737921174861,0.199726207882514,0.0,0.0
2021-05-21,104887.03704038443,-1.3576835541539975e-05,0.015856977523446614,3,0.7993559914312505,0.20064400856874962,0.0,0.0
2021-05-24,105819.6873798932,0.008891950481446914,0.007106026500923623,3,0.8003877217801855,0.19961227821981453,0.0,0.0
2021-05-25,105827.45027159274,7.33596166436255e-05,0.007033188179660033,3,0.798553298978213,0.20144670102178683,0.0,0.0
2021-05-26,105958.46851733614,0.0012380364962695778,0.0058038590270419466,3,0.7991487410229073,0.20085125897709272,0.0,0.0
2021-05-27,105917.32410442737,-0.0003883069799373851,0.006189912328008584,3,0.7998788862040696,0.20012111379593045,0.0,0.0
2021-05-28,105942.59169127201,0.0004385260662989599,0.005952829462578801,1,0.6008097915676348,0.3991902084323652,0.0,0.0
2021-06-01,105877.03253979108,-0.0006188177052717027,0.006567963451582615,1,0.6006522355664802,0.3993477644335198,0.0,0.0
2021-06-02,106074.93697283747,0.0018691913467825698,0.004711048885249758,1,0.6004743536077811,0.399525646392219,0.0,0.0
2021-06-03,105679.47343180845,-0.0037281524959122568,0.008421637872502163,1,0.6004845501925091,0.3995154498074909,0.0,0.0
2021-06-04,106838.04063144671,0.010963029640622329,0.0,1,0.5994052301263989,0.4005947698736011,0.0,0.0
2021-06-07,106718.81724409093,-0.0001160424170598,0.0011159263746427506,0,0.0,0.0,0.0,1.0
2021-06-08,106743.55540160251,0.0002318068935771,0.0008843781604919165,0,0.0,0.0,0.0,1.0
2021-06-09,106718.81724409091,-0.0002317531715945,0.0011159263746428616,0,0.0,0.0,0.0,1.0
2021-06-10,106755.94074832684,0.0003478627780424,0.0007684517858491668,0,0.0,0.0,0.0,1.0
2021-06-11,106731.20259081526,-0.0002317262846281,0.001000000000000112,0,0.0,0.0,0.0,1.0
2021-06-14,106694.07908657932,-0.0003478224112049,0.0013474745887936956,0,0.0,0.0,0.0,1.0
2021-06-15,106681.72627579208,-0.0001157778472151,0.00146309642830178,0,0.0,0.0,0.0,1.0
2021-06-16,106582.75195512098,-0.0009277532725261,0.0023894923083285224,0,0.0,0.0,0.0,1.0
2021-06-17,106582.75195512098,0.0,0.0023894923083285224,0,0.0,0.0,0.0,1.0
2021-06-18,106496.18467179897,-0.0008122072449252,0.00319975879028922,0,0.0,0.0,0.0,1.0
2021-06-21,106520.91198399819,0.0002321896533235,0.002968312087849867,0,0.0,0.0,0.0,1.0
2021-06-22,106582.751955121,0.0005805430123626,0.0023894923083283004,0,0.0,0.0,0.0,1.0
2021-06-23,106508.55917321098,-0.0006961049564687,0.0030839339273576183,0,0.0,0.0,0.0,1.0
2021-06-24,106520.91198399822,0.0001159795126619,0.002968312087849645,0,0.0,0.0,0.0,1.0
2021-06-25,106508.55917321098,-0.0001159660629745,0.0030839339273576183,0,0.0,0.0,0.0,1.0
2021-06-28,106545.67183213455,0.0003484476666633,0.0027365608502755157,0,0.0,0.0,0.0,1.0
2021-06-29,106533.27564009785,-0.0001163462750156,0.0028525887366297464,0,0.0,0.0,0.0,1.0
2021-06-30,106558.04633354656,0.0002325160218707,0.002620735987344025,0,0.0,0.0,0.0,1.0
2021-07-01,106536.98473692774,-0.000197653742195,0.002817871731263799,0,0.0,0.0,0.0,1.0
2021-07-02,106586.5044332004,0.0004648122564661,0.0023543692561156515,0,0.0,0.0,0.0,1.0
2021-07-06,106623.59540149923,0.0003479893490838,0.002007199202456733,0,0.0,0.0,0.0,1.0
2021-07-07,106636.00243884831,0.00011636296171,0.0018910698043906882,0,0.0,0.0,0.0,1.0
2021-07-08,106685.4462179344,0.0004636687230885,0.0014282779112236854,0,0.0,0.0,0.0,1.0
2021-07-09,106648.35524963557,-0.0003476666182101,0.0017754479648826038,0,0.0,0.0,0.0,1.0
2021-07-12,106623.59540149925,-0.0002321634316663,0.002007199202456622,0,0.0,0.0,0.0,1.0
2021-07-13,106262.00993856584,-0.002643215483164875,0.005391625393692645,4,0.24980808177982702,0.24874411377237796,0.2509888632421798,0.25045894120561524
2021-07-14,106907.33246475163,0.006072937323121225,0.0,4,0.24867061871982893,0.25005174876476005,0.2521569609556514,0.24912067155975973
2021-07-15,107119.21251770006,0.0019819038419864885,0.0,4,0.24733111670237015,0.2523098514797188,0.25170235949747377,0.24865667232043726
2021-07-16,106595.72435333826,-0.004886968005625538,0.004886968005625492,4,0.2465962722253982,0.25307077407404505,0.2504840350891475,0.2498489186114093
2021-07-19,106842.95732170455,0.0023193516425366037,0.0025789509603597605,4,0.24239238974147317,0.2580218649353545,0.2501994434798804,0.24938630184329208
2021-07-20,107296.00341237316,0.00474225396003176,0.0,1,0.6057256919286603,0.3942743080713398,0.0,0.0
2021-07-21,107286.34779464909,-8.999046951416553e-05,8.999046951418954e-05,1,0.6106847205342485,0.38931527946575145,0.0,0.0
2021-07-22,107818.40527034983,0.004959228146335227,0.0,1,0.6089437850440687,0.3910562149559314,0.0,0.0
2021-07-23,108211.83549068017,0.003649007971726472,0.0,1,0.6129718240027142,0.3870281759972857,0.0,0.0
2021-07-26,108250.5653305574,0.0003579076142789853,0.0,1,0.6142567010616424,0.3857432989383575,0.0,0.0
2021-07-27,108415.07238919451,0.0015339663256605598,0.0,1,0.5963507022885517,0.40364929771144825,0.0,0.0
2021-07-28,108391.48471746665,-0.00021756819608247834,0.0002175681960824294,1,0.5962358981112081,0.40376410188879186,0.0,0.0
2021-07-29,108416.80160286141,0.00023356895111028986,0.0,1,0.5985689023340173,0.40143109766598273,0.0,0.0
2021-07-30,108306.35932838033,-0.0010186822784685546,0.0010186822784685745,1,0.5962694551288982,0.4037305448711018,0.0,0.0
2021-08-02,108560.85182954156,0.002349746614504965,0.0,1,0.593623427163883,0.4063765728361169,0.0,0.0
2021-08-03,108452.29097771201,0.0,0.001000000000000112,0,0.0,0.0,0.0,1.0
2021-08-04,108414.56211198712,-0.0003478844511698,0.00134753656671871,0,0.0,0.0,0.0,1.0
2021-08-05,108364.29734868706,-0.0004636347951868,0.0018105465970653656,0,0.0,0.0,0.0,1.0
2021-08-06,108326.66762450713,-0.0003472520479586,0.002157169929010272,0,0.0,0.0,0.0,1.0
2021-08-09,108288.91672732779,-0.0003484912626519,0.002504909436789937,0,0.0,0.0,0.0,1.0
2021-08-10,108251.24294023898,-0.0003479006737473,0.0028519386508565336,0,0.0,0.0,0.0,1.0
2021-08-11,108301.52973499348,0.0004645378047276,0.002388725679448922,0,0.0,0.0,0.0,1.0
2021-08-12,108301.52973499348,0.0,0.002388725679448922,0,0.0,0.0,0.0,1.0
2021-08-13,108314.05461684141,0.0001156482450301,0.002273353686351398,0,0.0,0.0,0.0,1.0
2021-08-16,108339.19250635506,0.000232083357996,0.002041797935912859,0,0.0,0.0,0.0,1.0
2021-08-17,108022.87833087386,-0.002171293719434275,0.0049555018185781785,4,0.24890160997478522,0.25044308680367466,0.2501694321999361,0.2504858710216041
2021-08-18,107840.51812667408,-0.0016881627949332633,0.006635298919711041,4,0.24659368669628753,0.2517092788380439,0.25078758745071666,0.250909447014952
2021-08-19,108002.31997626975,0.0015003808624657797,0.005144873532761052,4,0.24660553816579098,0.2531833462291082,0.24967756433587865,0.250533551269222
2021-08-20,108246.9834546833,0.0022653539152427647,0.00289117457691912,4,0.24800594071458648,0.25277897627047485,0.24924779611777176,0.24996728689716693
2021-08-23,108793.51328860153,0.00504891514272104,0.0,4,0.24893068020490655,0.25134208782798595,0.2510156686481515,0.24871156331895602
2021-08-24,108608.86704621988,-0.0016948636269251752,0.0016972173873256446,4,0.25082198007553713,0.24847684371377918,0.25030569874158987,0.2503954774690939
2021-08-25,108250.09813685165,-0.0033033114065681435,0.0049949223563388045,4,0.2521813560051426,0.24722950673954727,0.24939304240714702,0.2511960948481631
2021-08-26,108193.69778851913,-0.0005210189117909406,0.005513338819119196,4,0.2508233264682892,0.24804350539306336,0.24980612714908434,0.2513270409895631
2021-08-27,109044.06802209966,0.007859702098755398,0.0,4,0.2510924083307868,0.2477836846028548,0.25158323105896463,0.24954067600739382
2021-08-30,109105.8907926767,0.0005669521662059909,0.0,4,0.25205372759865696,0.24828943263768485,0.2501996559268025,0.24945718383685558
2021-08-31,108931.16353815624,-0.0015991967895626,0.001601446569484355,4,0.2500294488322899,0.248696016508947,0.2509031572017238,0.2503713774570393
2021-09-01,108990.42555313301,0.0005440317816490967,0.0010582860256656001,4,0.2500263468248296,0.24897723194858604,0.25078150194392884,0.2502149192826556
2021-09-02,109120.23566459361,0.0011910230719973,0.0,4,0.2504972234539436,0.24976655512033302,0.24981895936826845,0.2499172620574547
2021-09-03,109157.27296941254,0.0003394173829754273,0.0,4,0.2503514636633826,0.247411162878517,0.2524049088819544,0.24983246457614605
2021-09-07,108282.68239421988,-0.00801220616273304,0.008012206162733015,4,0.2514711474639761,0.24730547956117327,0.2494606120428131,0.25176276093203753
2021-09-08,108443.93485388863,0.0019914020153777,0.00653495727878628,1,0.5980779504030254,0.40192204959697464,0.0,0.0
2021-09-09,108693.74232633955,0.0023035633370136533,0.00424644762976889,1,0.5941493825107937,0.40585061748920626,0.0,0.0
2021-09-10,107795.62055727316,-0.008262865458895456,0.012474225263221284,1,0.5943760802475029,0.40562391975249706,0.0,0.0
2021-09-13,108224.77362004737,0.003981173451719226,0.008542713865950735,1,0.59353417091257,0.40646582908743,0.0,0.0
2021-09-14,108411.4190683236,0.0017246092741342123,0.0068328374353758825,1,0.589314940743137,0.4106850592568632,0.0,0.0
2021-09-15,108801.4870727334,0.0036087579198820995,0.003259387918007395,1,0.6028359997006916,0.3971640002993083,0.0,0.0
2021-09-16,108499.50058773048,-0.0027755731390054625,0.006025914387458031,1,0.6035557648067814,0.39644423519321864,0.0,0.0
2021-09-17,107654.96878031742,-0.007783739121731631,0.013762749363627758,1,0.6023649691755348,0.3976350308244651,0.0,0.0
2021-09-20,107104.57677373572,-0.005112555535683892,0.018804942078866516,1,0.5953649439707202,0.4046350560292799,0.0,0.0
2021-09-21,107007.05847092911,-0.0009104961313895933,0.019698316383242265,1,0.5953445632153127,0.4046554367846873,0.0,0.0
2021-09-22,107888.14768718104,0.008238629279591821,0.011626575561182517,1,0.6009023526178617,0.3990976473821382,0.0,0.0
2021-09-23,107702.85031792508,-0.0017174951394404137,0.013324102113608238,1,0.6092496469763723,0.3907503530236278,0.0,0.0
2021-09-24,107399.62313597742,-0.002815405358842174,0.016101994723958013,1,0.6119761739457547,0.3880238260542454,0.0,0.0
2021-09-27,107058.38945972436,-0.0031772334603169285,0.019228068387860175,1,0.6121702469177901,0.38782975308220985,0.0,0.0
2021-09-28,105090.94294374294,-0.018377322187548693,0.037252030167600925,1,0.6110636587109685,0.38893634128903154,0.0,0.0
2021-09-29,105268.82618898003,0.00170374260115186,0.03562242509962765,1,0.5999877070534709,0.40001229294652907,0.0,0.0
2021-09-30,104491.03786752197,-0.007388591187117141,0.04274781675058992,1,0.5970659212599035,0.4029340787400965,0.0,0.0
2021-10-01,105586.82871564102,0.010486936205077587,0.032709174172682154,1,0.5978915912034796,0.40210840879652043,0.0,0.0
2021-10-04,104664.57536671676,-0.008734549187077315,0.041158023469079374,1,0.5953814216322397,0.40461857836776033,0.0,0.0
2021-10-05,104904.03729717202,0.002287898552267972,0.03896429029912041,1,0.6002031867170833,0.39979681328291666,0.0,0.0
2021-10-06,105360.22206135103,0.00475069554197954,0.03478513895382407,5,0.19988163441488144,0.6005318753687671,0.1995864902163515,0.0
2021-10-07,104769.78676256372,-0.0056039678660083185,0.040194172018920504,5,0.20274593190158183,0.5976008958488659,0.1996531722495522,0.0
2021-10-08,104301.73106795545,-0.004467468237470133,0.044482074069564614,5,0.20328436250368584,0.5960810113198693,0.20063462617644473,0.0
2021-10-11,103950.97718768643,-0.0033628768830356497,0.04769536321400225,5,0.20249361527833531,0.5965747645227414,0.2009316201989233,0.0
2021-10-12,105053.91001892148,0.010610124705645306,0.0375912922599384,5,0.19987443100552996,0.6004059074104485,0.19971966158402166,0.0
2021-10-13,105497.28480264165,0.0048234703442709605,0.033529494345250654,3,0.7990241117138955,0.20097588828610435,0.0,0.0
2021-10-14,106993.94239554841,0.014186693010219485,0.01981847397809522,3,0.8010991659433955,0.19890083405660444,0.0,0.0
2021-10-15,107522.71687113655,0.004942097316437866,0.014974321488720355,3,0.8032305957354405,0.1967694042645595,0.0,0.0
2021-10-18,107877.6155737228,0.0033006857798392733,0.011723061238881671,3,0.8029582616358389,0.19704173836416092,0.0,0.0
2021-10-19,108252.63965377778,0.0034763845869274,0.008287430521356609,3,0.8063497093684087,0.19365029063159145,0.0,0.0
2021-10-20,108182.18005033146,0.000349468310385,0.008932917546907948,0,0.0,0.0,0.0,1.0
2021-10-21,108056.25841918495,-0.001163977570871,0.010086497402111871,0,0.0,0.0,0.0,1.0
2021-10-22,108031.10718668262,-0.0002327605348387,0.010316910198420626,0,0.0,0.0,0.0,1.0
2021-10-25,108081.47583914122,0.0004662421201659,0.009855478256339145,0,0.0,0.0,0.0,1.0
2021-10-26,108056.25841918495,-0.0002333186122829,0.010086497402111871,0,0.0,0.0,0.0,1.0
2021-10-27,108031.10718668262,-0.0002327605348387,0.010316910198420626,0,0.0,0.0,0.0,1.0
2021-10-28,108043.66074044915,0.0001162031390165,0.010201905916754073,0,0.0,0.0,0.0,1.0
2021-10-29,108056.25841918496,0.0001165980368442,0.01008649740211176,0,0.0,0.0,0.0,1.0
2021-11-01,108007.15835959378,-0.000454393482705,0.010536307646134002,0,0.0,0.0,0.0,1.0
2021-11-02,108120.47128076215,0.0010491241774097,0.009498237363816497,0,0.0,0.0,0.0,1.0
2021-11-03,108095.30901701751,-0.0002327243254361,0.009728751218369247,0,0.0,0.0,0.0,1.0
2021-11-04,108195.99116572311,0.0009314201478414,0.008806392625425818,0,0.0,0.0,0.0,1.0
2021-11-05,108246.37084942406,0.0004656335522059,0.00834485962510012,0,0.0,0.0,0.0,1.0
2021-11-08,108120.4712807622,-0.0011630835073168,0.009498237363816053,0,0.0,0.0,0.0,1.0
2021-11-09,108183.43761195663,0.0005823719638708,0.008921396907092038,0,0.0,0.0,0.0,1.0
2021-11-10,106763.21836876319,-0.012140020540362902,0.021932158394248336,1,0.6024872842312252,0.39751271576877484,0.0,0.0
2021-11-11,106720.99540730877,-0.00039548228406320786,0.02231896689821533,1,0.602920547273987,0.39707945272601286,0.0,0.0
2021-11-12,107020.48978588503,0.0028063304454124132,0.019575270849119475,1,0.6057708150752285,0.39422918492477155,0.0,0.0
2021-11-15,106512.87605343382,-0.00474314529364224,0.0242255677889619,1,0.6088660594483926,0.3911339405516075,0.0,0.0
2021-11-16,106663.5852482236,0.001414938741435875,0.022844906741923854,1,0.6104121592264113,0.38958784077358855,0.0,0.0
2021-11-17,107009.58592494609,0.003745722915037425,0.019675162140302516,4,0.24846204210860978,0.25104097841354983,0.25134283536830354,0.24915414410953682
2021-11-18,107111.49186361789,0.000952306634877276,0.018741592292873754,4,0.24906872834091096,0.2517452274094293,0.25029787690661437,0.24888816734304556
2021-11-19,107137.27335392672,0.0002406977053559997,0.018505405645777295,4,0.24856352108553126,0.25434200924455147,0.24832424685629897,0.24877022281361827
2021-11-22,106115.15045513098,-0.009540310918863704,0.0278691692411005,4,0.25025126401698616,0.2537801211545435,0.24509498609981917,0.25087362872865104
2021-11-23,105535.9429402063,-0.005458292359200706,0.033175343526775314,4,0.25195834426555275,0.2514833413129191,0.24430782879457483,0.25225048562695335
2021-11-24,105432.41226542059,-0.0002334242208008,0.03412379773389651,0,0.0,0.0,0.0,1.0
2021-11-26,105641.68253678067,0.0019848760629062,0.032206653180287814,0,0.0,0.0,0.0,1.0
2021-11-29,105690.89341193245,0.0004658282031304,0.031755827744537224,0,0.0,0.0,0.0,1.0
2021-11-30,105604.74741259836,-0.0008150749468863,0.03254501931181131,0,0.0,0.0,0.0,1.0
2021-12-01,105617.03395069523,0.0001163445621328,0.03243246118569987,0,0.0,0.0,0.0,1.0
2021-12-02,105481.54763068067,-0.0012828074690851,0.033673664051335095,0,0.0,0.0,0.0,1.0
2021-12-03,105543.1529152032,0.0005840384968396,0.033109292270631085,0,0.0,0.0,0.0,1.0
2021-12-06,105456.94219310477,-0.0008168291330817,0.033899076769210446,0,0.0,0.0,0.0,1.0
2021-12-07,105321.47744734497,-0.0012845502907883,0.03514008199107743,0,0.0,0.0,0.0,1.0
2021-12-08,105358.39099727251,0.0003504845433448,0.03480191350332229,0,0.0,0.0,0.0,1.0
2021-12-09,105321.47744734497,-0.000350361746968,0.03514008199107743,0,0.0,0.0,0.0,1.0
2021-12-10,105370.70989675153,0.0004674492857468,0.03468905891155838,0,0.0,0.0,0.0,1.0
2021-12-13,105432.31518127408,0.0005846528374242,0.03412468713085426,0,0.0,0.0,0.0,1.0
2021-12-14,105370.70989675155,-0.0005843112182126,0.03468905891155827,0,0.0,0.0,0.0,1.0
2021-12-15,105407.66659518864,0.0003507302785878,0.03435049513626631,0,0.0,0.0,0.0,1.0
2021-12-16,105491.42863936962,0.0007946485003094,0.03358314320540179,0,0.0,0.0,0.0,1.0
2021-12-17,105442.22855134522,-0.0004663894371228,0.03403386981926826,0,0.0,0.0,0.0,1.0
2021-12-20,105466.80162753895,0.0002330477696776,0.0338087535670456,0,0.0,0.0,0.0,1.0
2021-12-21,105405.2071301438,-0.0005840178752427,0.03437302652586538,0,0.0,0.0,0.0,1.0
2021-12-22,105392.88823066477,-0.0001168718302865,0.03448588111762929,0,0.0,0.0,0.0,1.0
2021-12-23,105380.55854405835,-0.000116987842476,0.034598834531277434,0,0.0,0.0,0.0,1.0
2021-12-27,105343.63420700343,-0.0003503904094367,0.034937101840916696,0,0.0,0.0,0.0,1.0
2021-12-28,105343.63420700343,0.0,0.034937101840916696,0,0.0,0.0,0.0,1.0
2021-12-29,105331.29373326962,-0.0001171449402397,0.03505015407644918,0,0.0,0.0,0.0,1.0
2021-12-30,105392.88823066479,0.0005847692097198,0.03448588111762918,0,0.0,0.0,0.0,1.0
2021-12-31,105380.55854405837,-0.000116987842476,0.03459883453127732,0,0.0,0.0,0.0,1.0
2022-01-03,105257.36954926806,-0.0011689916668909,0.03572738044891699,0,0.0,0.0,0.0,1.0
2022-01-04,105318.97483379062,0.0005852823872225,0.03516300866821276,0,0.0,0.0,0.0,1.0
2022-01-05,105183.48851377606,-0.0012864378923967,0.036404211533847985,0,0.0,0.0,0.0,1.0
2022-01-06,105097.22385604065,-0.0008201349751211,0.03719449014184861,0,0.0,0.0,0.0,1.0
2022-01-07,105072.57526995521,-0.0002345312766702,0.03742029814726067,0,0.0,0.0,0.0,1.0
2022-01-10,105010.99155968743,-0.0005861064136817,0.037984472284196436,0,0.0,0.0,0.0,1.0
2022-01-11,105047.93747099715,0.0003518289920032,0.0376460073307886,0,0.0,0.0,0.0,1.0
2022-01-12,105010.99155968745,-0.0003517052518989,0.03798447228419621,0,0.0,0.0,0.0,1.0
2022-01-13,105060.2671576036,0.0004692422877288,0.037533053917140236,0,0.0,0.0,0.0,1.0
2022-01-14,104924.72690195206,-0.0012901190842034,0.03877475089219662,0,0.0,0.0,0.0,1.0
2022-01-18,104764.63514436159,-0.0015257772149368,0.04024136647570742,0,0.0,0.0,0.0,1.0
2022-01-19,104813.83523238599,0.0004696249641551,0.03979063986184095,0,0.0,0.0,0.0,1.0
2022-01-20,104789.25136906486,-0.0002345478845098,0.04001585493594795,0,0.0,0.0,0.0,1.0
2022-01-21,104875.4620911633,0.0008227057734653,0.03922607043736859,0,0.0,0.0,0.0,1.0
2022-01-24,104937.05658855847,0.0005873108558189,0.03866179747854859,0,0.0,0.0,0.0,1.0
2022-01-25,104887.8241391519,-0.0004691617147182,0.03911282055806775,0,0.0,0.0,0.0,1.0
2022-01-26,104702.99749845685,-0.0017621362842825,0.04080603472206423,0,0.0,0.0,0.0,1.0
2022-01-27,104616.76520210363,-0.0008235895668077,0.041596016864412055,0,0.0,0.0,0.0,1.0
2022-01-28,104653.66796490378,0.0003527423422895,0.041257947198541145,0,0.0,0.0,0.0,1.0
2022-01-31,105065.76867747608,0.0046912754467223,0.037482653978383684,4,0.2533144044733568,0.24754606221573622,0.2503068758472091,0.2488326574636979
2022-02-01,105179.02957546302,0.0010779999938382982,0.03644506028530303,4,0.2547514338594601,0.246458616674584,0.2502455875798886,0.24854436188606735
2022-02-02,105628.71022258322,0.0042753831152013404,0.032325493765478,4,0.25613107434395693,0.24624067272061492,0.2500837721293698,0.24754448080605837
2022-02-03,104730.65669713105,-0.008501983253982461,0.040552646212789645,4,0.25225534383855835,0.24641350469154638,0.251869693395739,0.24946145807415632
2022-02-04,104462.77691885013,-0.0025577971792500563,0.04300671794794553,4,0.25409146193796545,0.24340341284673947,0.2529049759619648,0.2496001492533302
2022-02-07,104478.76710094305,0.0004557136015189399,0.04286023039234854,2,0.39853464888128,0.40007661030832986,0.20138874081039035,0.0
2022-02-08,104606.21563814787,0.0012198510830597733,0.041692662407753156,2,0.40132424766697794,0.39691750720033075,0.2017582451326914,0.0
2022-02-09,105370.50616545946,0.007306358638911318,0.034690925313003995,2,0.40424441186442667,0.3947799309582268,0.20097565717734647,0.0
2022-02-10,103863.7621782244,-0.014299485141212872,0.04849434808316866,2,0.40274089806647345,0.39414199089417035,0.20311711103935626,0.0
2022-02-11,104047.93609968106,0.0017732259798238113,0.046807113541240564,2,0.3941006295720071,0.3992782734499016,0.20662109697809125,0.0
2022-02-14,103692.57892746742,-0.003122858960731775,0.05006257387427049,4,0.24996321988724748,0.2476631320103683,0.25212502990840474,0.2502486181939795
2022-02-15,103579.90871017265,-0.0010865793720260127,0.05109475628621429,4,0.25427065946234456,0.24511785397651425,0.25000152670329984,0.2506099598578414
2022-02-16,104060.08225651401,0.004635778813871472,0.04669584146103434,4,0.25338097835518747,0.24543275357205327,0.2514071381325694,0.24977912994018991
2022-02-17,104059.79398393222,-2.7702513349928127e-06,0.046698482353152104,4,0.24796912293598883,0.24725910194416517,0.2548440954277741,0.24992767969207197
2022-02-18,104147.2111264716,0.0008400664578758385,0.04589764572393484,4,0.24615678152636605,0.24965228017405539,0.25444342938422393,0.24974750891535466
2022-02-22,103964.86452571324,-0.0017464187106346499,0.04756814000982135,4,0.2477496962102981,0.2510896332771401,0.25096054165115456,0.2502001288614072
2022-02-23,103250.38808996954,-0.006872287469455674,0.05411352554674209,4,0.24503888888926587,0.24934274330139702,0.2538361125840667,0.25178225522527026
2022-02-24,103500.63431458613,0.002423683138106301,0.05182099644804694,4,0.24812519439745118,0.24890371915672307,0.25158906411363674,0.25138202233218904
2022-02-25,103999.36966026486,0.0048186694601584906,0.04725203524086763,4,0.25238365447518524,0.2478912314409789,0.24954860963329184,0.25017650445054396
2022-02-28,104812.52591742433,0.007818857554769952,0.039802634618819055,4,0.24978486808118128,0.25135930555494773,0.25017915211031044,0.2486766742535608
2022-03-01,105252.62214337899,0.0042004345287314495,0.03577087187885042,4,0.24516269471853838,0.25183256966699336,0.25347614405176366,0.2495285915627045
2022-03-02,104456.84198265949,-0.0075606682713848265,0.043061088454180996,4,0.251574804710899,0.24507720450911488,0.25274933906570246,0.2505986517142837
2022-03-03,104743.93538068584,0.002748440337436196,0.04043099894922608,4,0.24963619084600408,0.24689485096008706,0.25355717410780804,0.2499117840861008
2022-03-04,105428.90395397661,0.006539458067918533,0.03415593770358005,4,0.24599933974478888,0.24952544477556868,0.25592252867859383,0.2485526868010486
2022-03-07,104830.55574196893,-0.00567537164446743,0.03963746170771443,4,0.24011018993727748,0.2490349505028398,0.2612087273497243,0.24964613221015855
2022-03-08,104615.40491439382,-0.0013029913555422,0.04160847858750949,0,0.0,0.0,0.0,1.0
2022-03-09,104553.3537644849,-0.0005931358766875,0.04217693498277231,0,0.0,0.0,0.0,1.0
2022-03-10,104466.54730017662,-0.0008302599695062,0.0429721771315259,0,0.0,0.0,0.0,1.0
2022-03-11,104429.34918301339,-0.0003560768315272,0.04331295256637635,0,0.0,0.0,0.0,1.0
2022-03-14,104156.37841138431,-0.0026139277297485,0.04581366336835435,0,0.0,0.0,0.0,1.0
2022-03-15,104127.60513631252,0.0004741048534263,0.046077258035838065,4,0.2553764922696682,0.24944532634511088,0.24520738339340756,0.24997079799181351
2022-03-16,105107.06918108101,0.009406382135518136,0.037104296197161935,4,0.25860676501381974,0.24954448456051906,0.24444325197560382,0.24740549845005758
2022-03-17,105367.93153065536,0.002481872547743916,0.034714511783553004,4,0.2611938886336032,0.24707124999586794,0.2450301146380001,0.24670474673252885
2022-03-18,105754.16502190588,0.0036655696438165552,0.031176190600330056,4,0.26309033519986347,0.24917532910257553,0.2419893075147492,0.24574502818281183
2022-03-21,105244.60336210983,-0.004818360200664425,0.03584433268499754,4,0.26428687378065757,0.24458380891984222,0.2450188882078103,0.2461104290916899
2022-03-22,105004.20193713614,-0.0022699617284791754,0.03804667265222128,4,0.2535007464508971,0.24735855941036133,0.24875196361447616,0.25038873052426536
2022-03-23,105609.45008344259,0.005764037392225336,0.032501937703813044,4,0.24880199608909248,0.25133070631905086,0.2507047596994661,0.2491625378923905
2022-03-24,105983.5690262648,0.0035424760050034886,0.02907459903324139,4,0.25166098464683845,0.2484818533511152,0.2516335624309376,0.24822359957110862
2022-03-25,105566.84466587855,-0.0039319713821202905,0.03289224992401629,4,0.25388830302727994,0.24600201203512367,0.2515922630315223,0.2485174219060741
2022-03-28,105470.8342396152,-0.0009094751914507962,0.03377181043017019,4,0.2559269499197481,0.2483311083215591,0.247237186376209,0.24850475538248376
2022-03-29,106020.00186591479,0.005212777629277674,0.028740834377356306,4,0.2517802606665813,0.25058180864926616,0.24881468135730014,0.2488232493268525
2022-03-30,106293.47414081945,0.0025794403894704135,0.026235529256905976,4,0.24958176264346815,0.2518870511439982,0.2501694609003196,0.24836172531221412
2022-03-31,105960.48712974711,-0.003132713590969837,0.029286054448806387,4,0.24651264734683995,0.2532922337401409,0.2510529023930285,0.24914221651999063
2022-04-01,105912.20417582487,-0.00045566942197156627,0.02972837911127546,4,0.2473239621946454,0.2543723946757827,0.24956845363357122,0.24873518949600057
2022-04-04,106093.35516696025,0.0017103882649316426,0.028068837917111122,4,0.24901679943965044,0.2521733688454439,0.25034985893075246,0.24845997278415335
2022-04-05,104944.8330807598,-0.010823083915175225,0.03859055630524166,4,0.24954296130227843,0.24702539746949745,0.251152028840746,0.2522796123874782
2022-04-06,104554.02242206939,-0.0037239628404541042,0.04217080934802253,4,0.24797108737727663,0.2459417593515839,0.2526815090116593,0.25340564425948015
2022-04-07,104610.10930609691,0.0005364392753930273,0.04165699215103891,4,0.24908706505633216,0.2439584542680852,0.25350189140734203,0.2534525892682406
2022-04-08,104398.29435412285,-0.0020248038490647538,0.043597448762055735,4,0.24892504367522286,0.24180578289312016,0.25560788230342013,0.2536612911282368
2022-04-11,103693.35403825791,-0.00675241219433867,0.05005547301173152,4,0.24633366833940717,0.2395971240402416,0.258621881884112,0.25544732573623924
2022-04-12,103824.58700198922,0.001279674239340075,0.04885323554132415,4,0.2487553574175644,0.2493357614923337,0.2515972254166955,0.25031165567340635
2022-04-13,104310.60713329323,0.004681166044943656,0.04440075960378209,4,0.2504322126531164,0.24867859808490275,0.25162411399894696,0.24926507526303404
2022-04-14,103331.8343587031,-0.009383252590404545,0.0533673886516185,4,0.24965644862727704,0.24600194864302077,0.25316840407283736,0.25117319865686477
2022-04-18,103297.15628606065,-0.00033559911964856244,0.05368507772261755,4,0.24984292487181164,0.244861784410099,0.2540377702585532,0.2512575204595361
2022-04-19,103068.4195032432,-0.0022143570166056666,0.05578055681068106,4,0.2544395352699758,0.24356689408016585,0.25075378012111893,0.25123979052873935
2022-04-20,103800.16319361079,0.00760540308297094,0.049076984337112384,1,0.5950295771443305,0.4049704228556696,0.0,0.0
2022-04-21,102565.57335363056,-0.011893910394701725,0.06038717747766631,1,0.5931870777280722,0.4068129222719278,0.0,0.0
2022-04-22,100633.55046144617,-0.01883695307316305,0.0780866201224617,1,0.587986410448018,0.4120135895519819,0.0,0.0
2022-04-25,101391.25851137206,0.007529378089627933,0.07114518571947692,1,0.5869757574902027,0.41302424250979725,0.0,0.0
2022-04-26,100089.23971399525,-0.01284152910707546,0.08307310185330741,1,0.5773910107502928,0.4226089892497073,0.0,0.0
2022-04-27,99587.72018646896,-0.0045129802098513,0.08766756921112451,4,0.25183949198534294,0.24791241054477792,0.24923553899069503,0.2510125584791841
2022-04-28,100373.93190050901,0.00789466525157845,0.08046501007188733,4,0.25617836601268934,0.24633687903488283,0.2486182353171126,0.24886651963531511
2022-04-29,99051.99280585755,-0.01317014357833244,0.09257541791454105,4,0.25000374622427257,0.24638615450809181,0.2519078091989816,0.2517022900686541
2022-05-02,98313.58179968962,-0.007454781930689792,0.09934007029253544,4,0.2533976275670872,0.24393380953245533,0.24909425746049219,0.25357430543996523
2022-05-03,98642.30323302864,0.0033436014365622337,0.09632862245771157,4,0.2537109310945428,0.24475995067716877,0.2489218779787219,0.2526072402495666
2022-05-04,99836.28521386815,0.012110552252203425,0.08539044171757815,4,0.25453069572289183,0.24836953312181514,0.24943484240075348,0.24766492875453944
2022-05-05,98117.1141938771,-0.017219901725192,0.1011399284281227,4,0.24978522077190957,0.24579728960759062,0.25283805817094007,0.25157943144955974
2022-05-06,97653.55244308159,-0.004724575876533914,0.1053866610386508,4,0.2494729789144447,0.24332495817726169,0.2544589367849937,0.25274312612329997
2022-05-09,96785.33578042052,-0.00889078421562928,0.1133404751917797,4,0.2436517301089789,0.24766764552403908,0.2530240819613846,0.2556565424055974
2022-05-10,96835.50786292572,0.000518385167553081,0.11288084404544962,4,0.24408818107921146,0.24978427346684318,0.25075725341671673,0.2553702920372287
2022-05-11,96610.09752805764,-0.0018225602009889783,0.11494584923233475,1,0.5915465110418962,0.40845348895810385,0.0,0.0
2022-05-12,96476.82982637332,-0.0013794386414486418,0.11616672712767817,1,0.5917452305300307,0.4082547694699693,0.0,0.0
2022-05-13,97259.53448214414,0.008112877021140004,0.10899629647767328,1,0.6010165579412883,0.3989834420587117,0.0,0.0
2022-05-16,96982.2081536668,-0.0028514050571387052,0.11153690894382617,1,0.6002896355659273,0.3997103644340727,0.0,0.0
2022-05-17,97711.34116631738,0.007518214181051481,0.10485725313330685,1,0.6080661494176351,0.3919338505823648,0.0,0.0
2022-05-18,97223.46839005596,-0.0044952481339155005,0.1093267013247996,4,0.24100547672268463,0.25648229898701563,0.25126235786856077,0.2512498664217388
2022-05-19,97534.01909116628,0.003194194840533856,0.10648171726957001,4,0.23876679289588076,0.2562780275365425,0.2541434360866381,0.25081174348093876
2022-05-20,97862.83517087995,0.0033712963207874233,0.10346940237044455,4,0.238068381693739,0.25831593688350696,0.25346632098969585,0.2501493604330583
2022-05-23,97986.38572709003,0.001262486990023905,0.10233754415477891,4,0.24221692289342345,0.25374521425713636,0.25432395234574345,0.24971391050369676
2022-05-24,98539.1529083027,0.005641265131997217,0.09727359224231624,4,0.23901952571629762,0.2573006895314628,0.2547995496568195,0.24888023509542007
2022-05-25,98722.20149290425,0.001869745739330025,0.09559666701670311,4,0.2517380353057725,0.2505201046249732,0.24802875056050913,0.24971310950874534
2022-05-26,99067.47922501796,0.003497467913927452,0.09243354537834503,4,0.2558731402455291,0.24851725028952584,0.246707319686115,0.24890228977883003
2022-05-27,99768.51335149768,0.007076329507561336,0.08601130609543295,4,0.26031254566868023,0.24737337328223602,0.24510144083891014,0.24721264021017364
2022-05-31,98820.1924744199,-0.00950521206762609,0.09469896245840836,4,0.261336038122046,0.24446219498581515,0.24500547904702,0.24919628784511896
2022-06-01,98692.05743958507,-0.0012966483026027866,0.09587281951208126,4,0.25955876646452974,0.24449976454473635,0.24688605145670975,0.24905541753402413
2022-06-02,99790.59859983095,0.0116327092834035,0.08580898106721913,1,0.6043954457903051,0.39560455420969476,0.0,0.0
2022-06-03,98715.88622208462,-0.010769675629024129,0.09565452180409229,1,0.6009482637221981,0.39905173627780194,0.0,0.0
2022-06-06,98169.96371273274,-0.005530239662982972,0.10065576903665052,1,0.6061301159679866,0.39386988403201345,0.0,0.0
2022-06-07,99158.3335961888,0.010067945897873966,0.09160121997574633,1,0.605844577634398,0.394155422365602,0.0,0.0
2022-06-08,98158.8944794612,-0.010079224614621891,0.10075717531925932,1,0.60535931370958,0.39464068629041993,0.0,0.0
2022-06-09,97512.35533383863,-0.0060897036467414,0.10668018097920962,4,0.24554958355219064,0.25236948629148714,0.2507310637517914,0.2513498664045307
2022-06-10,96889.90327301115,-0.006383314798380899,0.11238252259965209,4,0.23996148759064886,0.25241546463927306,0.25572632151532115,0.25189672625475684
2022-06-13,94461.12851357313,-0.025067366953544574,0.1346327556200262,4,0.2367862057006985,0.25078139088355084,0.2553735466064495,0.2570588568093012
2022-06-14,93854.55762513976,-0.006421380921213715,0.14018960833293104,4,0.23759840876765012,0.24921854381840491,0.2549669786747788,0.2582160687391662
2022-06-15,95015.75284996156,0.012372283820884634,0.1295517901350801,4,0.23804054930637983,0.25076538979693985,0.25513789876248016,0.2560561621342002
2022-06-16,94715.8871457713,-0.0031440359277322494,0.13229888793289968,4,0.2424883757211901,0.25277971267186705,0.25360814852919056,0.25112376307775225
2022-06-17,94639.2522721241,-0.000809102632689835,0.13300094718706112,4,0.24320793178254635,0.25379955266984744,0.2517264478403462,0.2512660677072602
2022-06-21,94713.81712723582,0.0007878850827912145,0.13231785156655562,4,0.2491340600781659,0.24930077523388314,0.2505883650873308,0.2509767996006201
2022-06-22,95484.24080084902,0.008134226842301567,0.12525992814418252,4,0.24667588011035232,0.2540896912364133,0.24955705319299648,0.2496773754602379
2022-06-23,95788.59287933543,0.0031874587464249065,0.12247173025129732,4,0.2483024641138343,0.255363104949008,0.24723938845371307,0.2490950424834447
2022-06-24,97037.30479074451,0.013539177731732617,0.11103216349188405,1,0.6108065062511261,0.38919349374887396,0.0,0.0
2022-06-27,96488.80940976186,-0.005652417718788229,0.11605698104239537,1,0.6119322122722836,0.3880677877277165,0.0,0.0
2022-06-28,95456.82992116232,-0.01069532824492632,0.12551104177995798,1,0.6059091239306303,0.3940908760693697,0.0,0.0
2022-06-29,95996.88188760825,0.005657551868126853,0.12056357514072402,1,0.602009774178908,0.3979902258210919,0.0,0.0
2022-06-30,95862.89611488035,-0.001395730466378864,0.12179103135214331,1,0.5979534306474857,0.4020465693525143,0.0,0.0
2022-07-01,96601.78861157804,0.00810898529051644,0.1150219679943153,5,0.20048955752897937,0.6012840680576579,0.1982263744133629,0.0
2022-07-05,96688.59672343587,0.0008986180598256696,0.11422671075220592,5,0.20068786836661764,0.6054642631196344,0.19384786851374805,0.0
2022-07-06,95474.25341660142,-0.012559322898313515,0.12535142350657025,5,0.20392679968762936,0.602869802478176,0.19320339783419455,0.0
2022-07-07,95269.56904853444,-0.002143869794654025,0.12722655617065148,5,0.20742578221345817,0.598848258540908,0.1937259592456339,0.0
2022-07-08,94629.34604927502,-0.006720120660284195,0.13309169902227647,5,0.20865734137364053,0.596221865287222,0.19512079333913732,0.0
2022-07-11,95289.99020641392,0.006990105605413081,0.12703947603092325,5,0.19634282347821774,0.6061101525718222,0.19754702394996002,0.0
2022-07-12,95397.63917328784,0.0011296985826185222,0.1260532937643134,5,0.19438581176753714,0.609023480434224,0.19659070779823878,0.0
2022-07-13,96056.24321557902,0.006903777158414121,0.12001976045613216,5,0.19203912742035023,0.6117833154544632,0.19617755712518659,0.0
2022-07-14,95267.28665225505,-0.00821348552590502,0.12724746541670817,5,0.19315930661367237,0.6118170292732914,0.19502366411303623,0.0
2022-07-15,95909.59453399564,0.006742166217928925,0.12136322276142886,5,0.19553135088987678,0.6111401344577677,0.19332851465235545,0.0
2022-07-18,95435.42180979607,-0.00458447055143405,0.1257071634930046,4,0.24907765796094172,0.2485346476521852,0.25138833102715713,0.2509993633597159
2022-07-19,95980.89625840013,0.005715639311483221,0.12071002098691697,4,0.2543537556229955,0.2457891204275803,0.2505564228122494,0.2493007011371747
2022-07-20,95969.37620953229,-0.00012002439357120391,0.1208155572334213,4,0.2560054457006385,0.24646375621870162,0.2482304772115015,0.24930032086915843
2022-07-21,97031.10710822346,0.011063226006315383,0.11108894104185818,4,0.255782628318265,0.24797825015329358,0.24897860737552424,0.24726051415291717
2022-07-22,97326.58409588512,0.0030451779482646275,0.10838204868715029,4,0.25264013113081557,0.2513814659563995,0.24884222692461838,0.2471361759881666
2022-07-25,96691.81343311748,-0.00617560304383086,0.1141972421735753,5,0.20148729663085607,0.5978210207273421,0.20069168264180182,0.0
2022-07-26,96482.64770700817,-0.002163220635571067,0.11611342897835109,5,0.19953510764356405,0.5995766264144915,0.20088826594194445,0.0
2022-07-27,96854.95199788337,0.003858769423552492,0.1127027145042041,5,0.2039294230341484,0.593916333721795,0.20215424324405654,0.0
2022-07-28,97799.20095702562,0.009749103578750267,0.10405236136276164,5,0.20449352496345263,0.5928644946073124,0.20264198042923504,0.0
2022-07-29,97988.89365134526,0.0019396139484104396,0.10231456882581547,5,0.20707313711288558,0.5901086267573189,0.20281823612979566,0.0
2022-08-01,99456.91435006968,0.014991540563194619,0.08886589372804365,5,0.19646249166236016,0.6053748259866666,0.19816268235097326,0.0
2022-08-02,97936.97307666569,-0.015282409305944142,0.10279021807269728,5,0.1981952802576522,0.6017616443931492,0.20004307534919863,0.0
2022-08-03,99216.61609470462,0.01306598496807961,0.09106728854882118,5,0.19870267377694442,0.6033528368164932,0.1979444894065624,0.0
2022-08-04,99508.05029060932,0.0029373527073986473,0.08839743258799693,5,0.19798686178615021,0.6013839676707207,0.20062917054312907,0.0
2022-08-05,97825.78988473846,-0.016905771954709978,0.1038087777059924,5,0.20105113251438037,0.5971646682396571,0.20178419924596264,0.0
2022-08-08,98388.85755307108,0.0061051044555410754,0.09865046206640693,4,0.24819456787323277,0.2524937915210743,0.2505876406829549,0.24872399992273797
2022-08-09,98247.04553458792,-0.0014413422618172866,0.0999496152481002,4,0.24756579901542822,0.25187541577679357,0.25171713380050964,0.24884165140726847
2022-08-10,98557.88439143621,0.003163849407958661,0.09710199137116993,4,0.25196847061894206,0.24944114772704973,0.2502929435592971,0.2482974380947111
2022-08-11,97910.8636814456,-0.0065648802628603285,0.10302940868739319,4,0.2536335444690261,0.24523680725296648,0.25128225344617255,0.24984739483183493
2022-08-12,98807.00341479565,0.009152607786870914,0.09481978866875129,4,0.25558804816534875,0.24547695329268668,0.25129356148244286,0.24764143705952166
2022-08-15,98589.83112901072,-0.0021910777262832246,0.09680932431651135,4,0.25158137953505916,0.25033209274844453,0.24732515092076654,0.2507613767957298
2022-08-16,98677.40840801182,0.0008882993103670318,0.09600702066217193,4,0.2518504364219369,0.2511497679044649,0.24667318835375746,0.2503266073198407
2022-08-17,98063.95462548382,-0.006216760172617128,0.10162692821244479,4,0.2516271007947175,0.2500832163814424,0.24661074323116045,0.2516789395926796
2022-08-18,98144.64441426539,0.0008228282154206616,0.10088772150100389,4,0.25215097870700043,0.2502478034997143,0.24576328604724954,0.25183793174603575
2022-08-19,97222.07663506885,-0.009400082752375343,0.10933945132257117,4,0.25112316614290686,0.24855469597128782,0.24627918978813587,0.25404294809766936
2022-08-22,96458.14110058035,-0.00750882804533466,0.1163379362948237,5,0.19731709299063158,0.6025072583536686,0.2001756486556998,0.0
2022-08-23,96227.24083001909,-0.002393787273180927,0.11845323529671392,5,0.19731206169659884,0.6006292012599213,0.20205873704347993,0.0
2022-08-24,95922.34385224083,-0.0031685100305104846,0.1212464250630404,5,0.19857288443867274,0.5981283693423013,0.20329874621902586,0.0
2022-08-25,97050.56536526367,0.011761821779092088,0.11091068212689181,5,0.1990352314893006,0.5994139661240341,0.20155080238666526,0.0
2022-08-26,96597.47796355157,-0.004668570450948213,0.11506145824456804,5,0.19319999464015158,0.6067647116164052,0.2000352937434432,0.0
2022-08-29,96001.52493401135,-0.006162688993201141,0.12052103975781459,5,0.19990957706496046,0.598725828051512,0.20136459488352754,0.0
2022-08-30,95772.4624906157,-0.0023860292172765895,0.1226195022529325,5,0.198187911198853,0.6016493971755872,0.20016269162555975,0.0
2022-08-31,94928.99965551651,-0.00880694526552286,0.13034654427362802,5,0.1984274144882214,0.6011914681552729,0.2003811173565056,0.0
2022-09-01,93776.05701251894,-0.012145315416589642,0.14090875979655193,5,0.20149732037694978,0.5974409870960171,0.20106169252703304,0.0
2022-09-02,94059.7517877133,0.0030252367633297234,0.13830980539363402,5,0.19877130701633713,0.5990084747722527,0.20222021821141017,0.0
2022-09-06,92480.89083670592,-0.01678354017302108,0.15277389842250444,5,0.20264648380866537,0.5951273373823712,0.20222617880896343,0.0
2022-09-07,93878.17843849401,0.015108933198484265,0.13997321584975797,5,0.20321663657248382,0.5955413714504051,0.201241991977111,0.0
2022-09-08,93316.00429195195,-0.005988336756133155,0.14512334585254394,5,0.20577716822534758,0.5929836652452256,0.20123916652942692,0.0
2022-09-09,93836.42253869558,0.005576945248485317,0.14035574555815522,5,0.2078150094014903,0.5910044978939774,0.20118049270453245,0.0
2022-09-12,93685.98043893323,-0.0016032378014018286,0.14173395972263436,5,0.21038579397020374,0.5870893976962247,0.20252480833357164,0.0
2022-09-13,92757.06342995692,-0.00990243619815568,0.15024385543280472,5,0.19321687404634702,0.6074111254249578,0.1993720005286952,0.0
2022-09-14,92947.93640331586,0.0020577729210139862,0.14849525024904908,5,0.19355582767293608,0.6082471227106566,0.19819704961640724,0.0
2022-09-15,92362.92524679111,-0.006293966054139174,0.15385459223891984,5,0.19257038602579843,0.6117028176165792,0.19572679635762238,0.0
2022-09-16,91856.5841648372,-0.005482081480215039,0.1584932303083758,5,0.19215465489178854,0.6099475479265254,0.19789779718168596,0.0
2022-09-19,92138.30805493289,0.003066997239851014,0.15591233136841576,5,0.19305274282530038,0.6095026235919893,0.19744463358271036,0.0
2022-09-20,91468.62261111448,-0.0069112448622575245,0.16204738243373562,4,0.24885020068969438,0.2492299854700976,0.25030326030314476,0.25161655353706325
2022-09-21,91540.01199910534,0.0007804795344340959,0.16139337756489958,4,0.24431862287917164,0.25320764843073335,0.25126930120448004,0.2512044274856149
2022-09-22,90704.3312138317,-0.009129131262095604,0.1690491274983723,4,0.2444984368356466,0.24901184825393488,0.25343781572727897,0.2530518991831396
2022-09-23,89999.64121956499,-0.0077690886955048685,0.17550485852844455,4,0.2422842320477705,0.2519866469442426,0.2510093272937715,0.2547197937142154
2022-09-26,89036.91190016351,-0.010697035080981913,0.18432451198086497,4,0.24248127229898805,0.2498436239173123,0.25077179550558604,0.25690330827811353
2022-09-27,88438.92928211427,-0.00670849675860835,0.18980268674450906,4,0.25104596560032316,0.24506121058777675,0.2522043726531223,0.2516884511587778
2022-09-28,90161.21594679057,0.019474304796051153,0.17402465732122996,4,0.2510956705635215,0.24842837820370664,0.25252902996540927,0.24794692126736248
2022-09-29,89537.7451095774,-0.006915066868453926,0.1797363320475478,4,0.24756244389797452,0.24886345045749503,0.2542381311005161,0.24933597454401435
2022-09-30,88889.54186733987,-0.007239441214922765,0.18567458265242653,4,0.24551163921786787,0.24744180455192852,0.2561086440622586,0.2509379121679449
2022-10-03,90417.56986566854,0.01719018870194116,0.1716761750634348,4,0.2477348586532565,0.24712535487581172,0.25790121967785345,0.2472385667930782
2022-10-04,91053.37983338464,0.007387410874021581,0.16585146040704846,5,0.2046852584881988,0.5939367788516552,0.20137796266014593,0.0
2022-10-05,90391.34030707144,-0.00727089458430458,0.1719164665060805,5,0.2057043128721431,0.592566255837624,0.20172943129023277,0.0
2022-10-06,89881.25198679909,-0.005643110485357437,0.17658943337669197,5,0.20473766197115542,0.5926165604127072,0.20264577761613745,0.0
2022-10-07,88651.19332550184,-0.013685375249088838,0.1878581159649968,5,0.20178827384006126,0.5950065854590307,0.20320514070090787,0.0
2022-10-10,87420.74377650437,-0.01387967271325507,0.19913037951212897,5,0.2030660662955779,0.5940011708056945,0.20293276289872747,0.0
2022-10-11,87505.64859259219,0.0009772251640259798,0.1983525585408079,5,0.19853938518043904,0.6020670855039892,0.19939352931557186,0.0
2022-10-12,87800.17901932563,0.0033658447365463727,0.19565433771940677,5,0.19722065696882635,0.6029916465912023,0.19978769643997135,0.0
2022-10-13,87629.24802798418,-0.0019468182553913486,0.19722025253837938,5,0.20282040093620643,0.5983881283156086,0.19879147074818504,0.0
2022-10-14,86574.56438014067,-0.012035749154285865,0.20688230820496845,5,0.2006128740825688,0.6006807983118353,0.19870632760559598,0.0
2022-10-17,86817.12663711178,0.0028017727690323947,0.20466017265345937,5,0.20519318049021773,0.5960857422780544,0.19872107723172766,0.0
2022-10-18,87180.16944218219,0.0041869106230162595,0.2013343035180868,5,0.20150620867145566,0.5988992816783596,0.19959450965018463,0.0
2022-10-19,85871.98514961734,-0.015005525923328752,0.21331870233071948,5,0.20312627776732772,0.5969535438796347,0.1999201783530375,0.0
2022-10-20,84822.31698405337,-0.012223639219881814,0.2229348106944572,5,0.2039155674411851,0.5940104910258288,0.20207394153298605,0.0
2022-10-21,84640.13609567126,-0.002147794293527168,0.22460378687374627,5,0.20932062069873134,0.5845602335264475,0.2061191457748213,0.0
2022-10-24,84391.43668135417,-0.0029383153878199644,0.22688214549843255,5,0.21250633478297626,0.5814376286500056,0.20605603656701804,0.0
2022-10-25,86171.93162960045,0.02111700669419892,0.2105708645382971,5,0.19899164169888917,0.6046982513160521,0.19631010698505863,0.0
2022-10-26,86901.12549242262,0.008462080970362048,0.20389065127365735,5,0.1958352279348316,0.6082631596971143,0.19590161236805423,0.0
2022-10-27,87337.3425548982,0.005019694048883318,0.1998944259135953,5,0.19381658718041875,0.611562098243699,0.1946213145758822,0.0
2022-10-28,87199.36233647518,-0.0015798536386230162,0.20115847561609834,5,0.1987415789230401,0.6083195086712068,0.19293891240575314,0.0
2022-10-31,86558.76229441057,-0.007346384479197612,0.2070270725921708,5,0.19876622827403476,0.6084532712151924,0.1927805005107729,0.0
2022-11-01,87144.27807242362,0.00677288379498344,0.2016631077175891,5,0.19778527557041786,0.6015332309135621,0.20068149351602,0.0
2022-11-02,86362.25745615172,-0.008973860746450528,0.20882727181768557,5,0.19456760190659553,0.6043456414517759,0.20108675664162848,0.0
2022-11-03,85841.47493781005,-0.006030209650391473,0.2135982092382971,5,0.19373243178765887,0.6047308463300938,0.2015367218822473,0.0
2022-11-04,85739.73872622121,-0.001185163834411532,0.21453022420002432,5,0.19675403032591374,0.5952763401112,0.20796962956288628,0.0
2022-11-07,85321.25992097608,-0.004880803364486538,0.21836394772445133,5,0.19961034478887488,0.5922280866769455,0.2081615685341796,0.0
2022-11-08,86366.5916567925,0.0122599763458154,0.20878756579972757,5,0.19864373070044347,0.5992147052663646,0.20214156403319186,0.0
2022-11-09,86095.67461357432,-0.003136826844976826,0.21126946220340648,5,0.19516344031639335,0.6030763066732043,0.20176025301040226,0.0
2022-11-10,89545.52623861615,0.04006997611117988,0.17966504839573894,5,0.19795637381908296,0.6021506141393717,0.19989301204154541,0.0
2022-11-11,89637.77952155047,0.0010302388830514399,0.17881990743147014,5,0.19966660222478025,0.599326912413378,0.20100648536184182,0.0
2022-11-14,89393.22013541557,-0.002728307053568973,0.18106033887027528,5,0.198509676383808,0.5994929945408879,0.20199732907530418,0.0
2022-11-15,90476.25101009176,0.01211737964291942,0.17113859160401967,5,0.1992909274650627,0.6024085813105794,0.1983004912243579,0.0
2022-11-16,91489.40866773782,0.011198050829195503,0.16185695942244283,5,0.1955804667250272,0.6087653061871641,0.1956542270878087,0.0
2022-11-17,90716.85399091255,-0.008444197946791363,0.1689344051648053,5,0.19664251225037319,0.6074710590286775,0.1958864287209493,0.0
2022-11-18,90296.36631846953,-0.004635165947059287,0.17278653210975792,5,0.19845519567921674,0.6061028394951576,0.1954419648256257,0.0
2022-11-21,90363.23835129036,0.0007405838744936983,0.1721739111546745,5,0.19758726796812032,0.6082071041505738,0.194205627881306,0.0
2022-11-22,90998.47101421411,0.007390623159402725,0.16635448524155416,4,0.25150551673385296,0.2516877351825969,0.24845717762054903,0.24834957046300113
2022-11-23,91702.5696665404,0.007737477833185881,0.15990417155037584,4,0.2511471857337502,0.2541113997405632,0.24808596358796686,0.24665545093771968
2022-11-25,91640.73831238196,-0.0006742597768336387,0.16047061437618515,4,0.2512603523829818,0.25342092586366594,0.2484664690439467,0.24685225270940553
2022-11-28,91164.38349438383,-0.005198068312963089,0.1648345454733977,4,0.24854299093545815,0.25546299154098684,0.2477907486631877,0.24820326886036737
2022-11-29,90955.61161047575,-0.0022900597350163534,0.16674712425288563,4,0.2486855378889614,0.2530468853107646,0.2495865083895036,0.24868106841077037
2022-11-30,92196.74289345987,0.013648549822941126,0.15537700434038193,4,0.2544029863983018,0.2484477834289222,0.2497862598549796,0.24736297031779655
2022-12-01,93383.73070906765,0.012874509211018697,0.14450289780292402,4,0.25098441151545076,0.2531257230095647,0.2511451595189093,0.24474470595607542
2022-12-02,93567.29582805808,0.001965707705149678,0.14282124055740197,4,0.2502029983138014,0.2558061275539821,0.24978627464247039,0.24420459948974602
2022-12-05,92345.30791450149,-0.013059989633580363,0.15401598626984758,4,0.24895343651719873,0.2555606515173541,0.2487488782943768,0.24673703367107042
2022-12-06,92406.0070267487,0.0006573058622903487,0.15345991601821884,4,0.24520362962696074,0.25868218425177214,0.2492659530916928,0.24684823302957445
2022-12-07,93167.37576574134,0.008248139562157676,0.14648494569987847,4,0.24753305610007695,0.2537973057679037,0.25019612288859533,0.24847351524342387
2022-12-08,93280.12228891508,0.001210150251062381,0.14545206424263157,4,0.2491706424024366,0.2527958223588406,0.25010404862623986,0.24792948661248276
2022-12-09,92564.37268235796,-0.0076731203711358385,0.1520091134166035,4,0.24922157960712177,0.24812343464367848,0.2529312291859728,0.249723756563227
2022-12-12,92762.78316805649,0.00214348652671569,0.15019145637643438,4,0.2522738992432868,0.24838443532222954,0.25030535586903796,0.24903630956544567
2022-12-13,93627.25682723835,0.009319186312205754,0.14227193222870205,4,0.25183669110221846,0.24846729736191103,0.25223027378760854,0.24746573774826203
2022-12-14,93668.97810696208,0.0007974234268745799,0.1418897196780512,5,0.19856297106822476,0.6020826030781427,0.19935442585363258,0.0
2022-12-15,93128.55687086655,-0.0057694793625102,0.14684056923112643,5,0.19482986253514814,0.6079390918850526,0.1972310455797992,0.0
2022-12-16,92441.87472265823,-0.007373486407187533,0.15313132869706458,5,0.19395982284396798,0.6056136590873912,0.2004265180686409,0.0
2022-12-19,91296.80015824684,-0.012386968220266057,0.16362146401523303,5,0.194727184806306,0.6029043331631176,0.20236848203057636,0.0
2022-12-20,90650.3163228518,-0.007081122605332158,0.16954396297300933,5,0.1963842480332667,0.5964219045982534,0.20719384736847996,0.0
2022-12-21,91027.44770904112,0.00416751141959416,0.16608902702664308,5,0.20214805958376175,0.5990118116397748,0.19884012877646334,0.0
2022-12-22,90535.67040152161,-0.005402516712227606,0.1705942449946416,5,0.2003465455856161,0.6021493607034006,0.1975040937109833,0.0
2022-12-23,89894.39852495703,-0.0070830853046161095,0.17646899670948413,5,0.20293643048194676,0.5975541529106958,0.19950941660735755,0.0
2022-12-27,88911.5016169781,-0.010933906050954255,0.18547340732951068,5,0.20437070132098667,0.5922138904503886,0.20341540822862467,0.0
2022-12-28,88293.951878082,-0.006945667632028537,0.1911308383196486,5,0.20324245416951287,0.5928423611324967,0.20391518469799047,0.0
2022-12-29,89311.36404385982,0.011530251021607459,0.1818102301906519,5,0.20127927096219872,0.5998936053698516,0.1988271236679496,0.0
2022-12-30,88751.0847678271,-0.006273325707550367,0.1869430011072516,5,0.20201638175078168,0.5969651942379826,0.20101842401123576,0.0
2023-01-03,89836.04087946696,0.012224708176560418,0.17700361656487762,5,0.19873644562693404,0.6010105092163767,0.2002530451566892,0.0
2023-01-04,90882.89890130577,0.011652984833151392,0.16741325219096959,5,0.19796384475415837,0.6022267235373733,0.19980943170846846,0.0
2023-01-05,90680.26251236802,-0.002229642665313918,0.16926962312645955,5,0.19614175300858533,0.6060957952009278,0.19776245179048682,0.0
2023-01-06,92435.8011443834,0.01936586922566192,0.15318696931641695,5,0.20069971513679982,0.5994294577938715,0.19987082706932863,0.0
2023-01-09,92761.77214164502,0.0035264582902513287,0.15020071848407002,5,0.19988103616481268,0.6005033394321,0.1996156244030872,0.0
2023-01-10,92037.97099138769,-0.0078027956295628875,0.15683152860388827,5,0.2028656781599949,0.5952093219897278,0.20192499985027734,0.0
2023-01-11,93151.6607613039,0.012100329439253066,0.14662891232720388,5,0.20297545383773263,0.5976507162013076,0.19937382996095976,0.0
2023-01-12,94531.06849437987,0.014808192594768949,0.1339920289061376,5,0.20074179571143358,0.6005209571018191,0.19873724718674732,0.0
2023-01-13,94299.59698487156,-0.00244736927193746,0.13611256108151693,5,0.20126848093250183,0.5958345985803392,0.20289692048715888,0.0
2023-01-17,93776.44404168779,-0.005547774963107183,0.1409052141860917,5,0.2020205564733489,0.5952860016781055,0.2026934418485455,0.0
2023-01-18,94775.4277146481,0.010652821006053772,0.13175343120558214,5,0.1967352736295908,0.6032837316511706,0.19998099471923864,0.0
2023-01-19,94582.54107228805,-0.0020351967488957943,0.13352048379963233,5,0.19570135326317564,0.6007299472389043,0.20356869949792003,0.0
2023-01-20,93942.06230688737,-0.006771638382089665,0.13938796974882928,5,0.20070619013778243,0.595020831797034,0.2042729780651835,0.0
2023-01-23,93937.28247269827,-4.590172095781944e-05,0.13943175825745613,5,0.20240902229521296,0.5972024927758198,0.20038848492896727,0.0
2023-01-24,94791.71133363094,0.009095737479748846,0.13160425544715693,5,0.20036925030790345,0.6003299438017086,0.19930080589038807,0.0
2023-01-25,95023.8156927842,0.0024485723054028094,0.12947792567691518,5,0.19995471831704145,0.6003159546328101,0.1997293270501485,0.0
2023-01-26,94795.3989237763,-0.0024037844338559633,0.1315704730885009,5,0.20263943378033494,0.5989629363948634,0.1983976298248016,0.0
2023-01-27,94670.04756132208,-0.001322335934838105,0.13271882865881046,5,0.2033739544300126,0.5982424519966442,0.1983835935733433,0.0
2023-01-30,94175.98034554912,-0.00521547714354926,0.13724502469076338,5,0.1985260262108196,0.6009414440176687,0.2005325297715117,0.0
2023-01-31,94971.98724700947,0.008452334645624775,0.1299527309222721,5,0.19975664071354793,0.6006685241094007,0.19957483517705124,0.0
2023-02-01,96098.13629771689,0.011857697025739446,0.1196359740074765,5,0.19951384145943463,0.6007655427694986,0.19972061577106698,0.0
2023-02-02,96053.67274452561,-0.00046268902711631496,0.12004330878217118,5,0.20251186055797793,0.6018215804445055,0.1956665589975165,0.0
2023-02-03,94513.2834288802,-0.01603675603058298,0.13415495955671053,5,0.20362480264673039,0.6024826316161701,0.1938925657370995,0.0
2023-02-06,94016.56814776732,-0.005249432244830819,0.13870541476322762,5,0.1998267332260699,0.5987005675155667,0.2014726992583635,0.0
2023-02-07,93827.96373825846,-0.0020060763036194138,0.14043323742110692,5,0.2028470848630543,0.5950894204381663,0.20206349469877943,0.0
2023-02-08,93932.43963069441,0.0011134835317048546,0.13947612398657439,5,0.2004058742215971,0.597256511735187,0.20233761404321593,0.0
2023-02-09,93087.38520638071,-0.008996406647545025,0.14721774670511278,5,0.20047202749630622,0.596969035709751,0.20255893679394282,0.0
2023-02-10,92545.08160304786,-0.005825747518103971,0.1521858408007285,5,0.2021173627155464,0.5937481452260975,0.20413449205835602,0.0
2023-02-13,93135.0688989949,0.0063814257471352205,0.14678091193160625,5,0.20106472312264842,0.6012122656479811,0.19772301122937044,0.0
2023-02-14,93011.45291109614,-0.0013272764959547032,0.1479133695730993,5,0.20123933432781735,0.6006256429585073,0.19813502271367536,0.0
2023-02-15,92367.64027310682,-0.006921864112849623,0.15381139744129024,5,0.20330001625607555,0.599172049080618,0.19752793466330643,0.0
2023-02-16,91310.01471602682,-0.011450174043126723,0.16350040421389767,5,0.20282317953374493,0.5975246559396206,0.1996521645266345,0.0
2023-02-17,91742.49123288339,0.004736353599345667,0.159538446342545,5,0.20136271071377715,0.5993327821571195,0.1993045071291034,0.0
2023-02-21,90235.76186277386,-0.016422122229906078,0.17334173520385376,5,0.19926013163696868,0.5981604859058403,0.202579382457191,0.0
2023-02-22,90602.77424258449,0.004067260831340655,0.1699795004225444,5,0.198179440570316,0.60119697599839,0.20062358343129397,0.0
2023-02-23,91220.92976451798,0.006822699714231864,0.1643165197972708,5,0.19788355005748295,0.6029580852324802,0.199158364710037,0.0
2023-02-24,90182.31059675032,-0.011385755116164641,0.17383140725748325,5,0.1980243717269026,0.6019729620410197,0.20000266623207774,0.0
2023-02-27,90464.39274969223,0.0031279100199953086,0.17124722623803856,5,0.19807922534776456,0.601760115520158,0.20016065913207756,0.0
2023-02-28,90726.3735223606,0.0028978809225747803,0.1688471958457275,5,0.19868501365632815,0.6009843269671428,0.2003306593765291,0.0
2023-03-01,90176.38628512957,-0.006062043658071327,0.17388568043103914,5,0.19913006773780467,0.5981540616855824,0.202715870576613,0.0
2023-03-02,89827.02250435442,-0.003874226892065626,0.17708623474383367,5,0.20145923939018942,0.5951556329461395,0.20338512766367106,0.0
2023-03-03,91608.28693500915,0.0198299395993937,0.16076790448329425,5,0.2007101075064099,0.5977209486733629,0.20156894382022722,0.0
2023-03-06,91103.36029087091,-0.005511800962902586,0.16539358475546195,5,0.20196235573804602,0.5963738493590862,0.20166379490286784,0.0
2023-03-07,90840.43830668708,-0.0028823589057241404,0.16780223767460833,5,0.19750351785363682,0.605424546222357,0.19707193592400618,0.0
2023-03-08,90915.29451588425,0.0008240405990165561,0.16711647293204146,5,0.19766298943200014,0.6055207600918517,0.19681625047614817,0.0
2023-03-09,90895.14080772981,-0.0002216756626238013,0.1673011029397926,5,0.19405913468711064,0.6071420405194452,0.19879882479344416,0.0
2023-03-10,92933.43469298314,0.022424673828988526,0.14862810177545904,5,0.18706411587057126,0.6143046298263137,0.19863125430311493,0.0
2023-03-13,93462.02394771439,0.005687826523118582,0.14378564611169964,5,0.18574102914556137,0.6122186547040814,0.20204031615035722,0.0
2023-03-14,92739.43602530332,-0.007717204316518499,0.15040534173760223,5,0.20488718396187725,0.5947245921207718,0.2003882239173509,0.0
2023-03-15,93830.66720443293,0.011766635919932425,0.14040847071430917,5,0.20123784682790802,0.5991587336355689,0.199603419536523,0.0
2023-03-16,93760.01150497963,-0.0007530128641135404,0.1410557541937444,5,0.20492291473196128,0.5949197273935656,0.2001573578744731,0.0
2023-03-17,94919.06545517076,0.012361922013304901,0.13043755241331045,5,0.2000538160058998,0.5964754897433638,0.20347069425073624,0.0
2023-03-20,94610.9101662172,-0.0032465057201716543,0.13326059187344708,5,0.20263527842929882,0.59315355919056,0.20421116238014117,0.0
2023-03-21,94013.80734372466,-0.006304338020536819,0.13873070674760535,5,0.2039116445401753,0.5986184616616971,0.1974698937981276,0.0
2023-03-22,94753.39314433587,0.007866778524426835,0.13195529196769917,5,0.1988711561576819,0.6018654529791725,0.19926339086314565,0.0
2023-03-23,95041.0703359021,0.0030360621611514186,0.12931985427545456,5,0.19880523378902673,0.6000436830580022,0.20115108315297117,0.0
2023-03-24,95191.14312921214,0.0015790309681871448,0.12794502336196978,5,0.19979427849037945,0.6016316154597731,0.19857410604984757,0.0
2023-03-27,93706.39532230722,-0.015597541515911154,0.14154693706423838,5,0.2033394900741978,0.596807330925724,0.1998531790000782,0.0
2023-03-28,93919.88106284931,0.0022815879894293404,0.1395911742026844,5,0.19909678951994608,0.5997243989886321,0.20117881149142194,0.0
2023-03-29,93984.77141985981,0.0006909118311923791,0.1389967075652787,5,0.20185119408419125,0.5981062080360007,0.20004259787980805,0.0
2023-03-30,94524.44722808286,0.005742162268099424,0.13405268694675077,5,0.20187386028580237,0.5974276845542466,0.200698455159951,0.0
2023-03-31,95540.51119038176,0.010749218769268981,0.1247444298360807,5,0.20254206257484259,0.5999288553292752,0.1975290820958823,0.0
2023-04-03,96019.77908122308,0.005016383991145916,0.12035381180574911,5,0.20229906725714913,0.599741809070674,0.19795912367217702,0.0
2023-04-04,96145.78068201515,0.0023145608709305,0.11919949934113327,0,0.0,0.0,0.0,1.0
2023-04-05,96274.35848352921,0.0013373213114709,0.11802158606044799,0,0.0,0.0,0.0,1.0
2023-04-06,96239.27446646633,-0.0003644170432866,0.11834299402629844,0,0.0,0.0,0.0,1.0
2023-04-10,95900.38334572445,-0.0035213391063123,0.12144760731978776,0,0.0,0.0,0.0,1.0
2023-04-11,95888.68532629736,-0.0001219809454245,0.12155477397125192,0,0.0,0.0,0.0,1.0
2023-04-12,95993.85704773887,0.0010968105473927,0.12059128598203672,0,0.0,0.0,0.0,1.0
2023-04-13,96052.32706243754,0.0006091016289677,0.12005563670179997,0,0.0,0.0,0.0,1.0
2023-04-14,95830.25547647227,-0.0023119854849629,0.12209005529732031,0,0.0,0.0,0.0,1.0
2023-04-17,95690.02986162307,-0.0014632708026498,0.12337467528675983,0,0.0,0.0,0.0,1.0
2023-04-18,95666.6438639873,-0.0002443932525635,0.1235889166011459,0,0.0,0.0,0.0,1.0
2023-04-19,95421.38728228504,-0.00156522348300076,0.1258357351138344,5,0.20027967744748315,0.6003639893809273,0.19935633317158968,0.0
2023-04-20,95881.78203120422,0.004824859101630876,0.12161801570407782,5,0.1982303164018412,0.60258925103648,0.19918043256167894,0.0
2023-04-21,95383.02334687338,-0.005201808662343323,0.12618719071883477,5,0.19942167103659886,0.6023361085441498,0.19824222041925132,0.0
2023-04-24,96016.17008198712,0.006637939466556899,0.12038687418572425,5,0.19831333883207486,0.6041531317492853,0.1975335294186399,0.0
2023-04-25,96663.37348246008,0.006740566718296689,0.11445778322488354,5,0.19385859913441875,0.6089324531443029,0.1972089477212782,0.0
2023-04-26,95857.35864846632,-0.00832951050613596,0.1218417606005332,5,0.20082565754358966,0.5985910591525097,0.20058328330390063,0.0
2023-04-27,95672.25526951026,-0.0019310294125136555,0.12353750998965485,5,0.20521999546664602,0.5937977669829644,0.20098223755038963,0.0
2023-04-28,96761.44707355801,0.01138461512148405,0.11355932187246953,5,0.20464182946738382,0.5965844983882337,0.19877367214438255,0.0
2023-05-01,94990.55132556555,-0.018301666640498048,0.12978266366013658,5,0.20824642240564106,0.590183601436851,0.20156997615750794,0.0
2023-05-02,96534.74346144155,0.016256270906182105,0.11563617489333955,5,0.20261216454213668,0.5952148152388199,0.20217302021904346,0.0
2023-05-03,96888.784443287,0.0036723007912737803,0.11239277230353084,5,0.19790050072538373,0.6011416617322786,0.20095783754233776,0.0
2023-05-04,96314.52801390055,-0.005926964949411594,0.11765358923093217,5,0.19767030918498452,0.5987519278906756,0.20357776292433996,0.0
2023-05-05,96168.38735797908,-0.0015173272291836213,0.11899239746556456,5,0.20163569625159444,0.5976675929930177,0.20069671075538775,0.0
2023-05-08,95391.6955314777,-0.008076373617561115,0.1261077440235444,5,0.2033315887590765,0.5940893604708889,0.20257905077003466,0.0
2023-05-09,95240.83933236376,-0.0015814395401344294,0.1274897517909629,5,0.202760579004611,0.5929017144517564,0.20433770654363256,0.0
2023-05-10,95856.49342994895,0.006471325993109159,0.1218496869483966,5,0.19964253725480915,0.6019272578566881,0.1984302048885029,0.0
2023-05-11,96269.84684324412,0.004312210873822833,0.11806291761960441,5,0.1984386304774714,0.6056789289739353,0.19588244054859344,0.0
2023-05-12,95724.57512797645,-0.005663992757312046,0.12305820286661184,5,0.19930752975951935,0.60403111589677,0.19666135434371063,0.0
2023-05-15,95231.82244669822,-0.005147608966866129,0.12757235632495545,5,0.20102994695401524,0.6008678424953506,0.19810221055063415,0.0
2023-05-16,94696.16243505967,-0.005624800595813017,0.13247958785490266,5,0.2008160853707443,0.602451279778652,0.19673263485060363,0.0
2023-05-17,94694.51128958592,-1.4168925986899689e-05,0.13249471415321357,5,0.2024306400784661,0.5982589136926411,0.19931044622889277,0.0
2023-05-18,94214.6101111965,-0.005067888010127992,0.13689113379007922,5,0.20542177973878872,0.5968513531492633,0.19772686711194798,0.0
2023-05-19,93973.19880073104,-0.0025623553521107053,0.1391027254128664,5,0.20564982289538122,0.5941530693913707,0.20019710771324814,0.0
2023-05-22,93738.16576284883,-0.0025010645682136514,0.14125588508320808,5,0.20624916636319085,0.5935217010449196,0.20022913259188949,0.0
2023-05-23,93703.88740353352,-0.00036568199341586343,0.1415699123429851,5,0.20400911342887856,0.5954479976993753,0.20054288887174615,0.0
2023-05-24,93138.24241681732,-0.00603199114737284,0.14675183903764244,5,0.19975594203821823,0.600653821425309,0.19959023653647281,0.0
2023-05-25,92981.46269403773,-0.0016833012810994771,0.14818811276008614,5,0.2018255508308081,0.6001705767629002,0.19800387240629164,0.0
2023-05-26,93748.8185814173,0.008252783567242935,0.14115829361469034,5,0.2027659264380053,0.6000662467529482,0.19716782680904668,0.0
2023-05-30,94432.53905315444,0.0072931102715001455,0.13489466634425895,5,0.20137451591651517,0.6016734718313433,0.19695201225214143,0.0
2023-05-31,94850.95331613914,0.004430827204054999,0.13106153409752408,5,0.19937446265115583,0.6042407205698274,0.19638481677901687,0.0
2023-06-01,95403.92781399943,0.00583419630091352,0.1259956829378378,5,0.20072909969932948,0.5988605078019558,0.20041039249871465,0.0
2023-06-02,94772.77600372661,-0.006615574691047501,0.1317777237776605,5,0.2049879998321052,0.5962421734121379,0.19876982675575688,0.0
2023-06-05,94743.71511241252,-0.00030663754444567427,0.13204395332447438,5,0.20465797088678372,0.5953141892635258,0.20002783984969055,0.0
2023-06-06,95139.18661121541,0.004174118550593648,0.12842100188894612,5,0.2042510225654885,0.5963338813297266,0.1994150961047849,0.0
2023-06-07,94001.97054381721,-0.011953182572869979,0.13883914478004655,5,0.2060072053218392,0.5945892755722175,0.19940351910594337,0.0
2023-06-08,95023.20627936743,0.01087005471245368,0.12948350857029645,5,0.19904605416434543,0.6004907437244559,0.20046320211119875,0.0
2023-06-09,94927.75232881306,-0.0010045330429466492,0.13035797115036762,5,0.19960373292428543,0.600270179238678,0.20012608783703656,0.0
2023-06-12,95250.66900483574,0.003401709912019744,0.12739970124092082,5,0.20073169611333053,0.5999959663567831,0.19927233752988632,0.0
2023-06-13,94672.20236812723,-0.006073097887418927,0.13269908827187582,5,0.20328968064924544,0.5976975081645743,0.19901281118618008,0.0
2023-06-14,95158.41880693371,0.005135788823374612,0.12824481394291998,5,0.2024918154054747,0.5994025633347828,0.19810562125974246,0.0
2023-06-15,96076.38245281282,0.00964920458533972,0.1198352630178402,5,0.20054443604479544,0.599974283304846,0.19948128065035853,0.0
2023-06-16,95757.39392213794,-0.003320155510971209,0.12275754681989393,5,0.20052714096972207,0.5996351308144015,0.19983772821587656,0.0
2023-06-20,95857.0404638301,0.001040614594975147,0.12184467551978295,5,0.1992793600664606,0.6031569676440981,0.1975636722894413,0.0
2023-06-21,95871.6988191634,0.0001529189224116688,0.12171038895385333,5,0.19822801549015942,0.6045242357430218,0.19724774876681872,0.0
2023-06-22,95053.20337814813,-0.008537404167200037,0.12920870233920723,5,0.2006566334229766,0.6023700792084625,0.1969732873685608,0.0
2023-06-23,95530.20209687366,0.0050212706685041205,0.12483887240713121,5,0.19749631781148033,0.6029542247929895,0.19954945739553007,0.0
2023-06-26,95547.59022968764,0.00018201712581262608,0.12467957809406371,5,0.19665359009037062,0.6034861933151955,0.19986021659443384,0.0
2023-06-27,95515.3716064924,-0.0003371997464070501,0.12497473591835528,5,0.1988766542785636,0.6021140883326,0.1990092573888364,0.0
2023-06-28,95726.35928834359,0.0022089395487087226,0.12304185800640599,5,0.1985383761338225,0.603349180808899,0.19811244305727857,0.0
2023-06-29,94738.54624222254,-0.010319133136000745,0.1320913058283376,5,0.20139916480681677,0.5986372714183733,0.19996356377480984,0.0
2023-06-30,95758.68173417679,0.01076931739812178,0.12274574905320546,5,0.200204078305735,0.6006083709495856,0.1991875507446794,0.0
2023-07-03,95476.1084525027,-0.002950889429101648,0.12533442934895878,5,0.20102765485297966,0.5989711491328255,0.20000119601419494,0.0
2023-07-05,94836.73632264137,-0.006696671452412573,0.1311917773063458,5,0.20208196952259483,0.5972792330538281,0.20063879742357701,0.0
2023-07-06,93828.84259652054,-0.010627671988752481,0.14042518611826493,5,0.20265326998897915,0.5951570709808938,0.20218965903012712,0.0
2023-07-07,93587.00608682304,-0.002577421856703853,0.1426406730310359,5,0.20266398921727632,0.5931033338801769,0.20423267690254684,0.0
2023-07-10,93697.85181635666,0.0015280412819689499,0.1416252049223311,4,0.2502503705585314,0.24994615194353875,0.24981419750478626,0.2499892799931437
2023-07-11,94052.38997273297,0.003783845088265061,0.13837724767008597,4,0.25089473570366555,0.25028395240217566,0.24980518022486484,0.24901613166929387
2023-07-12,94891.90582350844,0.008926044846056979,0.130686364342406,4,0.2506758651244188,0.2508310052966813,0.2509479248754105,0.2475452047034894
2023-07-13,95414.51181873798,0.005507382222900666,0.1258987218792602,4,0.2512815594853417,0.2520795480707836,0.24975179871957376,0.24688709372430087
2023-07-14,95121.2241547414,-0.0030738265952013214,0.12858555763484714,4,0.25189935233185023,0.2513678479903019,0.24972353442803055,0.24700926524981742
2023-07-17,95342.54746932711,0.00287642728538576,0.12655799402350887,3,0.8004752075524771,0.19952479244752286,0.0,0.0
2023-07-18,95996.00099954403,0.006853745232967904,0.12057164503877349,3,0.8009338596404181,0.1990661403595818,0.0,0.0
2023-07-19,96382.84794677696,0.004029823567700143,0.1170277039278469,3,0.7994931483455056,0.2005068516544944,0.0,0.0
2023-07-20,95636.96772564847,-0.007738723611283709,0.12386078248356991,3,0.8003828577846945,0.19961714221530547,0.0,0.0
2023-07-21,95642.6002920692,5.889528447711022e-05,0.12380918201511282,3,0.8003357217846828,0.19966427821531718,0.0,0.0
2023-07-24,95478.03774748175,-0.0011709074839815002,0.12531675489698169,4,0.2514111969585776,0.24938271069689294,0.249221446925703,0.24998464541882648
2023-07-25,95628.47748127588,0.0015756475242193445,0.12393856240735901,4,0.2517009216404931,0.2485237155305296,0.25021482667297906,0.24956053615599816
2023-07-26,95795.96999613522,0.0017514920165086927,0.12240414779344444,4,0.2512994968148498,0.2483342862966076,0.250996036040074,0.24937018084846865
2023-07-27,94760.4528456044,-0.01080961078605492,0.13189061738325336,4,0.25236131396499856,0.24616445154502672,0.24975211601390487,0.25172211847606984
2023-07-28,95335.69308365074,0.0060704673814042,0.12662078769258756,4,0.2532944179144641,0.24593584183184586,0.2502264933890295,0.2505432468646605
2023-07-31,95508.08312265617,0.001812313887386725,0.1250415064013286,4,0.2500228635111626,0.2501478015431948,0.2502201252144064,0.2496092097312361
2023-08-01,94780.52092553586,-0.007617807554423831,0.13170677182367185,4,0.25122115769930853,0.24793737816919223,0.24952752646137996,0.2513139376701193
2023-08-02,94096.9412045557,-0.007212238488509942,0.13796910966323772,4,0.24952609394172998,0.24706659326736974,0.2501424646359843,0.2532648481549161
2023-08-03,93494.26290441342,-0.006404866007622158,0.1434903020102758,4,0.250414893424125,0.24292231230432526,0.25167079800138525,0.2549919962701645
2023-08-04,93922.9879183297,0.0045855756342461414,0.13956271200867865,4,0.24814444558589435,0.246096506154257,0.2514290038382335,0.2543300444216152
2023-08-07,93456.51849704109,-0.0046142391028946,0.1438360820608906,5,0.20268090219658227,0.596849160838274,0.20046993696514373,0.0
2023-08-08,93903.12003802805,0.0047787093738261115,0.13974472352070333,5,0.20083974359666487,0.600908900995559,0.1982513554077762,0.0
2023-08-09,93980.2563756854,0.0008214459501038561,0.13903807030778392,5,0.19933333973513873,0.603520570709801,0.1971460895550601,0.0
2023-08-10,93033.44076021183,-0.010074622606781247,0.14771193682823913,5,0.20143427830500363,0.5996260613340065,0.1989396603609899,0.0
2023-08-11,92894.12695227802,-0.0014974594811868489,0.148988203669138,5,0.201618754591227,0.599143234198884,0.19923801120988893,0.0
2023-08-14,92817.3083749342,-0.0008253302030159598,0.1496919458500675,5,0.2012701073349388,0.5991733103002939,0.19955658236476742,0.0
2023-08-15,92211.56269044726,-0.00652621472322858,0.15524123879234064,5,0.2002323189820886,0.5994333918937723,0.20033428912413914,0.0
2023-08-16,91536.89462864744,-0.007316523460996679,0.16142193608759892,5,0.20022792638807158,0.5991268960863892,0.20064517752553923,0.0
2023-08-17,91135.2151933727,-0.004388169785574355,0.16510175901050483,5,0.19957799701824,0.5992024063873799,0.20121959659438013,0.0
2023-08-18,91339.97350812907,0.002246752962857587,0.1632259489138771,5,0.19922645598097263,0.5999706675288815,0.20080287649014594,0.0
2023-08-21,90778.20105442316,-0.006149548203163979,0.16837239897097345,5,0.20254683218721894,0.5956647260158543,0.2017884417969267,0.0
2023-08-22,91173.57922303352,0.004355430753395475,0.164750302542079,5,0.20112221909769795,0.597632985417061,0.201244795485241,0.0
2023-08-23,92914.39491844707,0.019093422790335646,0.148802526933015,5,0.19955216133080547,0.6009662484889322,0.19948159018026232,0.0
2023-08-24,92285.07323816468,-0.006773134354851748,0.15456780178060792,5,0.19812849036130833,0.6010747434977655,0.20079676614092606,0.0
2023-08-25,92571.18175046612,0.0031002685728281935,0.15194673490601118,5,0.1989085718753438,0.6011741469656741,0.19991728115898216,0.0
2023-08-28,92799.96187301294,0.00247257385225342,0.14985085877862814,5,0.20077185204531212,0.5991485887737708,0.20007955918091705,0.0
2023-08-29,93828.12750922992,0.011079375631898643,0.14043173709990053,5,0.20144212248917112,0.5987378044827523,0.19982007302807675,0.0
2023-08-30,93894.54861264187,0.0007079018325866245,0.1398232471513603,5,0.20212870658657886,0.597693002160466,0.2001782912529551,0.0
2023-08-31,94086.3169380761,0.0020423797575869432,0.13806643956339537,5,0.20142156840426503,0.5991405101079608,0.1994379214877743,0.0
2023-09-01,93252.89024626267,-0.008858107309715903,0.1457015395355884,5,0.2036007712093278,0.5950782809203692,0.20132094787030308,0.0
2023-09-05,92235.03988519359,-0.01091007904626306,0.15502616201268427,5,0.20133216700343964,0.5981120911445418,0.20055574185201858,0.0
2023-09-06,92161.99694279327,-0.0007919218389371176,0.15569531524831703,5,0.20013720182448141,0.6000581956037182,0.1998046025718003,0.0
2023-09-07,92278.41432138438,0.0012631820322142261,0.1546288047408244,5,0.19927106128536393,0.6009631954397967,0.19976574327483942,0.0
2023-09-08,92524.68846411332,0.0026688163698958454,0.15237266425627827,5,0.19903993082234028,0.6016588976708082,0.1993011715068515,0.0
2023-09-11,92278.83842136257,-0.002657129106099124,0.15462491952120827,5,0.20088274594872235,0.5989147917621079,0.2002024622891697,0.0
2023-09-12,92401.45051815778,0.0013297997007613602,0.15350165862012677,5,0.19863872208979136,0.6026568452559073,0.1987044326543014,0.0
2023-09-13,92368.63869700591,-0.00035510071506319297,0.1538022507864506,5,0.1989409723777422,0.602743182067342,0.19831584555491594,0.0
2023-09-14,92134.53464786704,-0.0025344538194049583,0.15594689990391686,5,0.20116615462154466,0.5999130553604656,0.1989207900179898,0.0
2023-09-15,91695.39850749502,-0.004766249073166478,0.1599698672099531,5,0.19969424745259895,0.5991123884357002,0.20119336411170088,0.0
2023-09-18,92127.97902718897,0.004717581544275419,0.15600695655886743,5,0.19887318251420866,0.599699149196791,0.20142766828900038,0.0
2023-09-19,91664.20922218669,-0.005032553016210879,0.16025559517346744,5,0.2005947093555425,0.5985841768909695,0.200821113753488,0.0
2023-09-20,91679.9822559032,0.0001720740717707027,0.1601110969344821,5,0.19871639537695943,0.6003513919211174,0.20093221270192324,0.0
2023-09-21,89832.21836398747,-0.02015449661364601,0.177038634987155,5,0.19945176060187694,0.5969694382529045,0.20357880114521856,0.0
2023-09-22,90282.09516382594,0.0050079671640261645,0.17291727149390856,5,0.19801164258186685,0.5987755219885993,0.2032128354295339,0.0
2023-09-25,88932.45137621618,-0.014949185496423162,0.18528148462323402,5,0.20186201029669784,0.5929037351115919,0.2052342545917103,0.0
2023-09-26,88342.90280932562,-0.00662212329345512,0.19068239425438394,5,0.1983754159082021,0.6019001816528999,0.19972440243889797,0.0
2023-09-27,87856.45851649286,-0.005506320002668228,0.19513875597541253,5,0.19955339816079037,0.6020999606835951,0.19834664115561446,0.0
2023-09-28,88032.56889840464,0.002004524025729046,0.19352539227438703,5,0.20030879432920815,0.6027305522349292,0.19696065343586264,0.0
2023-09-29,87817.60684441509,-0.0024418468832556202,0.19549467978168655,5,0.20031180178743027,0.604274213331912,0.1954139848806577,0.0
2023-10-02,86742.11356393933,-0.012246898077980987,0.20534737444159368,5,0.20271474806565026,0.6015254101306352,0.19575984180371445,0.0
2023-10-03,85339.83054641908,-0.016161943766456383,0.2181938204856717,5,0.20056427461936238,0.5967373744270866,0.2026983509535511,0.0
2023-10-04,86180.8677775224,0.009855154688242216,0.2104889996503344,5,0.20005325531772955,0.599250259040625,0.2006964856416454,0.0
2023-10-05,85885.23515433827,-0.00343037417477986,0.21319731779663864,5,0.20066625308673203,0.5983155274329751,0.20101821948029283,0.0
2023-10-06,85556.1491345877,-0.003831694925899515,0.21621210564172144,5,0.20382973168464896,0.593338997589857,0.20283127072549395,0.0
2023-10-09,87178.26698901581,0.01895968753661841,0.20135173206970436,5,0.20131773837843991,0.5959652975247884,0.2027169640967718,0.0
2023-10-10,87167.08288278461,-0.00012425587180481983,0.20145419071425408,5,0.20106593690334768,0.5992448697209056,0.1996891933757467,0.0
2023-10-11,88456.97533763206,0.014797930734724478,0.189637365139939,5,0.19894558626073286,0.6028400435318532,0.19821437020741386,0.0
2023-10-12,86849.61448781664,-0.018171103450918148,0.20436254841073975,5,0.20139224217400065,0.5973406263493752,0.20126713147662414,0.0
2023-10-13,88252.70081398853,0.016155354683453527,0.19150874318087607,5,0.19720324414923415,0.5983619530814722,0.20443480276929357,0.0
2023-10-16,87498.14381267845,-0.008549959313998417,0.19842131053240308,5,0.20099661578257216,0.5938087361911394,0.2051946480262885,0.0
2023-10-17,86950.67062494594,-0.006250816600523919,0.20343676367482377,5,0.20124879001500764,0.5971199954885635,0.2016312144964289,0.0
2023-10-18,86514.41711784105,-0.005017252931683994,0.2074333229075479,5,0.19956843106658487,0.5948511370451983,0.2055804318882168,0.0
2023-10-19,85527.39554552334,-0.011408752496977372,0.2164755199638474,5,0.20009779905496244,0.5893968682994584,0.21050533264557925,0.0
2023-10-20,85652.51701218287,0.0014629402177100265,0.21532927049044226,5,0.1973502899296885,0.5918778555760366,0.2107718544942749,0.0
2023-10-23,86171.27026385632,0.006056485784295975,0.21057692337181455,5,0.1958222125502807,0.5953822899025512,0.2087954975471682,0.0
2023-10-24,86979.84524349445,0.00939222567921202,0.20316949226216496,5,0.19963291132666897,0.6022497179078593,0.19811737076547173,0.0
2023-10-25,85637.02065256977,-0.015438341918929935,0.21547123409205626,5,0.19985314259154635,0.5980760066836736,0.20207085072478,0.0
2023-10-26,86245.00397135734,0.00709953842572554,0.2099014419724058,5,0.1960680010087853,0.6029689340387152,0.20096306495249952,0.0
2023-10-27,86148.9875411102,-0.001113298461659533,0.21078105748161746,5,0.19539679608127944,0.6010763926761377,0.20352681124258293,0.0
2023-10-30,86018.11035180847,-0.0015191959074303196,0.2119800356691579,5,0.19803374240558896,0.599279528050046,0.20268672954436495,0.0
2023-10-31,85780.10451252447,-0.0027642477816729395,0.21416042945153724,5,0.20181394299570224,0.5987260125335001,0.19946004447079768,0.0
2023-11-01,87024.3798878548,0.01450540754643934,0.20276150621461297,5,0.20104993085460698,0.6029613483081813,0.19598872083721172,0.0
2023-11-02,88612.58485898832,0.018250115349057353,0.18821181174232104,5,0.20123044129009215,0.6056537429784206,0.19311581573148742,0.0
2023-11-03,89201.34604521972,0.006644216362363198,0.18281811537912607,5,0.2017260317415677,0.6057346918853793,0.192539276373053,0.0
2023-11-06,88584.78711575177,-0.006911991318554673,0.18846646947130574,5,0.20359734892758458,0.6040340988756866,0.19236855219672888,0.0
2023-11-07,89345.06321597677,0.008590164997749481,0.1815015089190387,5,0.19886097510810777,0.6036643907509182,0.19747463414097413,0.0
2023-11-08,90100.93784820176,0.00846017233652624,0.1745768706273071,5,0.1973371029432075,0.6087967606746412,0.1938661363821514,0.0
2023-11-09,88770.14108969447,-0.014770065554138357,0.18676842435804386,5,0.1987334389701308,0.6037103436651186,0.19755621736475065,0.0
2023-11-10,89154.20487701158,0.0043264974303581965,0.18324998003574267,5,0.20096514249099554,0.6044756892623321,0.19455916824667252,0.0
2023-11-13,89111.27777324323,-0.0004814927554742527,0.183643239253389,5,0.20087033272445243,0.603392418221351,0.19573724905419645,0.0
2023-11-14,90827.58512951383,0.019264615839802438,0.16791998683436293,5,0.20002670200291847,0.6020032789408624,0.19797001905621928,0.0
2023-11-15,90051.257314653,-0.008547269133643004,0.17503199864761487,5,0.2021782192262938,0.5986713393707244,0.19915044140298185,0.0
2023-11-16,90945.87205610648,0.009934505837353894,0.16683634922254942,5,0.2004343002743434,0.6001487400211818,0.1994169597044749,0.0
2023-11-17,91222.37149265698,0.0030402637337945326,0.16430331199077486,5,0.20007530926304992,0.601133824668218,0.19879086606873203,0.0
2023-11-20,91668.20103079286,0.004887282920196547,0.16021902584100267,5,0.20063486884914764,0.6018642091522564,0.19750092199859606,0.0
2023-11-21,91445.43077089812,-0.0018319131931571803,0.16225984505382007,3,0.7997214252764001,0.20027857472359983,0.0,0.0
2023-11-22,91792.5109824531,0.003795489929119844,0.15908021073250256,3,0.7997735401640647,0.2002264598359353,0.0,0.0
2023-11-24,91621.26020722547,-0.0018656290518119746,0.16064905512160355,3,0.8017614541528634,0.19823854584713668,0.0,0.0
2023-11-27,91792.35594864875,0.001867424013119925,0.1590816310117027,3,0.7988257603415552,0.20117423965844486,0.0,0.0
2023-11-28,91901.35815336919,0.0011874867312636544,0.1580830516064533,3,0.7986682483336888,0.2013317516663111,0.0,0.0
2023-11-29,92080.58775033744,0.00195157317815062,0.15644111248418824,3,0.797880243141656,0.20211975685834394,0.0,0.0
2023-11-30,92154.87547352501,0.0008067685600465101,0.15576055569519265,3,0.8003760646616654,0.1996239353383344,0.0,0.0
2023-12-01,92937.71573083864,0.008494832783302193,0.14858888278675542,3,0.7983294161737852,0.2016705838262148,0.0,0.0
2023-12-04,92473.64169631814,-0.004993387570063896,0.15284030847646224,3,0.7981238311962864,0.2018761688037137,0.0,0.0
2023-12-05,92860.20189534928,0.004180220351877113,0.14929899429266558,3,0.7946448204781524,0.20535517952184762,0.0,0.0
2023-12-06,92807.68675088433,-0.0005601768994480205,0.1497800904490314,3,0.7972228236572482,0.20277717634275186,0.0,0.0
2023-12-07,93264.27068282693,0.004919677969866528,0.14559728229047153,3,0.7993732040918834,0.20062679590811663,0.0,0.0
2023-12-08,93431.67355694863,0.0017949303939878028,0.14406368888374899,3,0.8013714466578631,0.19862855334213683,0.0,0.0
2023-12-11,93683.64483626101,0.002696850754351544,0.1417553563974383,3,0.8023247656621172,0.1976752343378828,0.0,0.0
2023-12-12,94081.9125406359,0.0042511977952070104,0.13810678866080672,3,0.8025772930817978,0.1974227069182021,0.0,0.0
2023-12-13,96032.43759080171,0.02134764114126468,0.12023784601405907,5,0.19852007713096956,0.6012420230049735,0.2002378998640569,0.0
2023-12-14,97708.32333467965,0.017451246536289784,0.10488489977155313,5,0.1957412713683561,0.6063015234615929,0.1979572051700509,0.0
2023-12-15,97565.32476862636,-0.0014635249196066217,0.10619492302665356,5,0.1957053974699631,0.6078644940527838,0.19643010847725317,0.0
2023-12-18,97287.31126905595,-0.0028495113425770525,0.10874183073154209,5,0.19736866174432677,0.604744478385926,0.19788685986974702,0.0
2023-12-19,97852.27413577453,0.005807158809807452,0.10356615300206196,5,0.1974223606445902,0.604492700876782,0.19808493847862776,0.0
2023-12-20,96841.70737123404,-0.009730759362765259,0.11282404976926741,3,0.7966664112709956,0.20333358872900442,0.0,0.0
2023-12-21,97448.63495205872,0.00626721272579469,0.10726392936396234,3,0.7992114772550457,0.20078852274495435,0.0,0.0
2023-12-22,97516.15753733618,0.0006929043727568119,0.1066453486369009,3,0.8002631706428048,0.19973682935719506,0.0,0.0
2023-12-26,97901.05056963302,0.003946966759323748,0.10311930752368359,3,0.8004827247555245,0.19951727524447546,0.0,0.0
2023-12-27,98388.86495253704,0.004982728786521656,0.09865039427920641,3,0.7979540897283145,0.20204591027168559,0.0,0.0
2023-12-28,97794.59704550487,-0.00544529343583366,0.10409453822734893,5,0.20117099072466116,0.5989034434355434,0.19992556583979537,0.0
2023-12-29,97178.71207278196,-0.0062977402773727225,0.1097367181386728,5,0.2018598778107423,0.5972627343102422,0.20087738787901546,0.0
2024-01-02,96688.40958784036,-0.005045369242745156,0.11422842511892117,5,0.20174809953163822,0.5968311176356225,0.20142078283273945,0.0
2024-01-03,96607.41060551164,-0.000837732078477543,0.11497046438140279,5,0.20026827191859373,0.599822681744579,0.19990904633682727,0.0
2024-01-04,95684.02217960033,-0.009558153149160436,0.12342971222437571,5,0.20154962153926878,0.5964093619401605,0.2020410165205708,0.0
2024-01-05,95163.72070220413,-0.005434133785846139,0.12819624278383734,5,0.2013681548359813,0.5975072159392725,0.2011246292247463,0.0
2024-01-08,95848.68163529335,0.007197710724580454,0.12192125153079314,5,0.2027833217457661,0.5990901510919742,0.19812652716225973,0.0
2024-01-09,95459.15002379665,-0.004064026806115919,0.12548978710245262,5,0.2033019113365012,0.5976995530664498,0.19899853559704903,0.0
2024-01-10,95259.69585162342,-0.0020894191088388693,0.12731700545215552,5,0.20487975784403087,0.5961613160001106,0.1989589261558586,0.0
2024-01-11,95607.35998671337,0.003649645655298808,0.12413202175265092,5,0.20404479517983207,0.5973285883324749,0.1986266164876931,0.0
2024-01-12,95694.81323110129,0.0009187609812156802,0.12333085439101832,5,0.19995480612326902,0.5982717617381152,0.20177343213861584,0.0
2024-01-16,94432.99447327122,-0.013185863634874334,0.1348904941979201,5,0.20188273520663597,0.5955877693726027,0.20252949542076124,0.0
2024-01-17,94027.36515886516,-0.004295419378243594,0.13860650233344518,5,0.2016266014552662,0.5972108806702632,0.20116251787447054,0.0
2024-01-18,93829.69773372976,-0.0021022329489018515,0.14041735212620965,5,0.20384816502856265,0.5929058995021119,0.20324593546932532,0.0
2024-01-19,94303.09149244052,0.005045244417755396,0.1360805475704251,5,0.20535330911754676,0.5918166362213383,0.2028300546611149,0.0
2024-01-22,94607.69461143571,0.0032382536953905403,0.1332900498719296,5,0.1997759521833812,0.6016227605941397,0.19860128722247916,0.0
2024-01-23,94285.06356976097,-0.003410198747573693,0.13624570305836592,5,0.20104416904714176,0.5988979336616386,0.20005789729121973,0.0
2024-01-24,93819.48990105315,-0.004937936626232923,0.1405108670373001,5,0.20226272370244416,0.5983446464167981,0.19939262988075762,0.0
2024-01-25,94363.79338112034,0.005801603490290044,0.13552445188363726,5,0.20218978681274594,0.5987806876117693,0.19902952557548476,0.0
2024-01-26,94218.25209835755,-0.0015423424339774535,0.1368577692046331,5,0.20224486905428693,0.5985566375367236,0.19919849340898935,0.0
2024-01-29,95151.29565289179,0.00990526927031682,0.12831006982416493,5,0.19960670341475548,0.6009570690324935,0.19943622755275114,0.0
2024-01-30,95681.22165188889,0.005569298824161634,0.12345536812100322,5,0.19834766456288358,0.603046874103914,0.19860546133320245,0.0
2024-01-31,95924.09554089054,0.0025383652592280716,0.12123037767927869,5,0.194617164591826,0.6074272918986442,0.19795554350952976,0.0
2024-02-01,97508.8795867594,0.016521230009338864,0.10671202262369817,5,0.19395986787597652,0.6092764951275472,0.19676363699647642,0.0
2024-02-02,96214.31541983552,-0.013276372084370328,0.11857164618984051,5,0.19863895813025614,0.6038350420627268,0.1975259998070171,0.0
2024-02-05,95488.01459577221,-0.0069516006698675005,0.1252253560554839,3,0.8026669650328506,0.19733303496714935,0.0,0.0
2024-02-06,95894.70014105312,0.004259021899266865,0.12149967169000075,3,0.8015832988830501,0.19841670111694987,0.0,0.0
2024-02-07,96443.7320251597,0.005725362124277863,0.11646993918412896,3,0.8036676640429108,0.19633233595708932,0.0,0.0
2024-02-08,96367.85690302963,-0.0007867294279970142,0.1171650382834929,3,0.8046555786429945,0.19534442135700544,0.0,0.0
2024-02-09,96777.97442246965,0.004255750128932445,0.11340791328134181,3,0.8058763957439303,0.19412360425606973,0.0,0.0
2024-02-12,96728.35342540166,9.320259383517993e-05,0.11386249588237385,5,0.19989359084667885,0.6006473931499337,0.19945901600338753,0.0
2024-02-13,95200.47750655073,-0.015795533209704036,0.12785951025702813,5,0.20030433483844814,0.5998299420701316,0.19986572309142034,0.0
2024-02-14,95653.03809127775,0.004753763810647573,0.12371356035908743,5,0.20116836547704992,0.6000301093523256,0.1988015251706244,0.0
2024-02-15,96210.48520761136,0.005827803564395449,0.11860673512271658,5,0.2013827158752937,0.5996386630864903,0.19897862103821592,0.0
2024-02-16,95850.19403334598,-0.0037448223391442718,0.12190739631060044,5,0.20113306797405112,0.5984088580761331,0.20045807394981577,0.0
2024-02-20,95910.34992159574,0.0006291953404947199,0.12135630258488395,5,0.1987738435701195,0.6001398369904901,0.20108631943939023,0.0
2024-02-21,95519.47697218573,-0.004075399054737378,0.12493712627878051,5,0.19976803123102993,0.5983120245520844,0.20191994421688567,0.0
2024-02-22,96201.59615204054,0.00714115279393155,0.1186881685932405,5,0.20245655526891856,0.5969696648486306,0.20057377988245098,0.0
2024-02-23,97092.8597180471,0.00926454031592128,0.11052321960027411,5,0.20073647496831531,0.5994077717287867,0.1998557533028982,0.0
2024-02-26,96804.69194419356,-0.002967960514196,0.11316315156279466,5,0.20059662468779987,0.5993990337349318,0.2000043415772684,0.0
2024-02-27,96410.40486657555,-0.00407241767175422,0.11677525240493003,5,0.20119088294370407,0.5982047087303652,0.2006044083259306,0.0
2024-02-28,96785.90964885267,0.003894857435738189,0.11333521792933132,5,0.20014544290532832,0.5996670592344114,0.20018749786026016,0.0
2024-02-29,97364.94437000868,0.005982634489429462,0.108030626623553,5,0.19967041664108878,0.6003077241582885,0.20002185920062276,0.0
2024-03-01,98279.94887659993,0.009397679139157216,0.09964818465060599,5,0.19966853046429467,0.598424495681665,0.20190697385404038,0.0
2024-03-04,98343.29618989181,0.0006445598925923251,0.09906785398120899,5,0.19932592864397972,0.5956334138361392,0.20504065751988096,0.0
2024-03-05,99104.9782986515,0.007750214758514899,0.09209001285308616,5,0.19647842396510415,0.6038649295899283,0.1996566464449675,0.0
2024-03-06,99717.38777910099,0.006179401791542708,0.08647967225195108,5,0.19626125275834427,0.6036780963522348,0.200060650889421,0.0
2024-03-07,99968.60685040613,0.0025193105926687343,0.08417823081363729,5,0.19771134639720658,0.6015964951934867,0.20069215840930668,0.0
2024-03-08,99912.92463826624,-0.0005569969802941249,0.08468834077356169,5,0.19663414215964425,0.6008645467365292,0.2025013111038264,0.0
2024-03-11,99901.82218681266,-0.00011112127378687625,0.084790051371047,5,0.19648689765662672,0.6006176512569367,0.20289545108643667,0.0
2024-03-12,100533.80565673241,0.006933743179504021,0.07900039161931571,3,0.8030379197722989,0.19696208022770098,0.0,0.0
2024-03-13,100311.25281092062,-0.0022137115406899873,0.08103921908135892,3,0.8035579797817498,0.1964420202182502,0.0,0.0
2024-03-14,99849.29860244817,-0.004605208244614449,0.08527122484612282,3,0.8056798120992835,0.19432018790071648,0.0,0.0
2024-03-15,99290.63502585639,-0.005595067611001477,0.09038919418883729,3,0.8046495627346999,0.19535043726530021,0.0,0.0
2024-03-18,99707.03116703525,0.004193710122514842,0.08657455014495818,3,0.8060514237387192,0.19394857626128092,0.0,0.0
2024-03-19,99692.88818414739,0.0008590136219548,0.08670411533565159,0,0.0,0.0,0.0,1.0
2024-03-20,99851.75644863336,0.0015935767072221,0.08524870828704867,0,0.0,0.0,0.0,1.0
2024-03-21,99851.75644863336,0.0,0.08524870828704867,0,0.0,0.0,0.0,1.0
2024-03-22,99925.10142903657,0.0007345387103023,0.0845767880529863,0,0.0,0.0,0.0,1.0
2024-03-25,99876.25573067997,-0.0004888231050863,0.08502426806991825,0,0.0,0.0,0.0,1.0
2024-03-26,99900.6327201373,0.0002440719195868,0.08480094818665074,0,0.0,0.0,0.0,1.0
2024-03-27,100010.65528626666,0.0011013200130329,0.08379302115497977,0,0.0,0.0,0.0,1.0
2024-03-28,99949.55994688676,-0.0006108883019017,0.08435272128047688,0,0.0,0.0,0.0,1.0
2024-04-01,99741.09184641048,-0.0020857330496208,0.08626251707149757,0,0.0,0.0,0.0,1.0
2024-04-02,99790.11079260186,0.0004914618968365,0.0858134499149269,0,0.0,0.0,0.0,1.0
2024-04-03,99863.72074028176,0.0007376477197513,0.08513910229082922,0,0.0,0.0,0.0,1.0
2024-04-04,99961.78920581185,0.0009820229489059,0.08424068789422223,0,0.0,0.0,0.0,1.0
2024-04-05,99802.39100677246,-0.0015945912963922,0.08570094972289621,0,0.0,0.0,0.0,1.0
2024-04-08,99704.28177704597,-0.0009830348625599,0.08659973756412409,0,0.0,0.0,0.0,1.0
2024-04-09,99802.39100677245,0.0009840021709988,0.08570094972289632,0,0.0,0.0,0.0,1.0
2024-04-10,99397.7655931378,-0.0040542657300384,0.08940776102944148,0,0.0,0.0,0.0,1.0
2024-04-11,99520.39448700909,0.0012337188179183,0.08828434624877302,0,0.0,0.0,0.0,1.0
2024-04-12,99581.67326527287,0.0006157409099878,0.08772296562248216,0,0.0,0.0,0.0,1.0
2024-04-15,99544.88357800657,-0.0003694423487773,0.08805999939279818,0,0.0,0.0,0.0,1.0
2024-04-16,99483.57422659548,-0.0006158965605003,0.08862166010255479,0,0.0,0.0,0.0,1.0
2024-04-17,99557.14341007896,0.0007395108595105,0.087947685923078,0,0.0,0.0,0.0,1.0
2024-04-18,99508.09389074027,-0.0004926770461528,0.0883970331631142,0,0.0,0.0,0.0,1.0
2024-04-19,99532.64412803239,0.0002467159839185,0.08817212614020797,0,0.0,0.0,0.0,1.0
2024-04-22,99581.67326527287,0.0004925935372259,0.08772296562248216,0,0.0,0.0,0.0,1.0
2024-04-23,99667.51247187785,0.0008619980342801,0.08693658461212983,0,0.0,0.0,0.0,1.0
2024-04-24,99630.73297566065,-0.0003690219140121,0.08727352502129082,0,0.0,0.0,0.0,1.0
2024-04-25,99557.14341007895,-0.000738623147535,0.08794768592307811,0,0.0,0.0,0.0,1.0
2024-04-26,99581.67326527285,0.0002463897049844,0.08772296562248227,0,0.0,0.0,0.0,1.0
2024-04-29,99630.73297566065,0.0004926580241035,0.08727352502129082,0,0.0,0.0,0.0,1.0
2024-04-30,99508.09389074025,-0.0012309362910173,0.08839703316311442,0,0.0,0.0,0.0,1.0
2024-05-01,99707.42062017004,0.0020031207677302,0.08657098232831895,0,0.0,0.0,0.0,1.0
2024-05-02,99855.03796644491,0.0014805051154338,0.08521864599507034,0,0.0,0.0,0.0,1.0
2024-05-03,100014.9253358413,0.0016011948185339,0.08375390283094619,0,0.0,0.0,0.0,1.0
2024-05-06,100002.67569481801,-0.0001224781299606,0.08386612293951112,0,0.0,0.0,0.0,1.0
2024-05-07,100014.92533584131,0.0001224931326906,0.08375390283094608,0,0.0,0.0,0.0,1.0
2024-05-08,99990.3343343528,-0.0002458733174668,0.08397918329847298,0,0.0,0.0,0.0,1.0
2024-05-09,100076.4690813818,0.0008614307333045,0.08319009481461959,0,0.0,0.0,0.0,1.0
2024-05-10,99990.33433435278,-0.000860689309082,0.08397918329847309,0,0.0,0.0,0.0,1.0
2024-05-13,100014.92533584131,0.0002459337860227,0.08375390283094608,0,0.0,0.0,0.0,1.0
2024-05-14,100113.35048809003,0.0009841046415643,0.08285222079390675,0,0.0,0.0,0.0,1.0
2024-05-15,100297.87981422046,0.0018432039805957,0.08116173035647944,0,0.0,0.0,0.0,1.0
2024-05-16,100224.08642765669,-0.000735742238026,0.08183775848137087,0,0.0,0.0,0.0,1.0
2024-05-17,100162.59363736173,-0.000613553013919,0.08240109969192122,0,0.0,0.0,0.0,1.0
2024-05-20,100137.9924448241,-0.0002456125749568,0.08262647352060337,0,0.0,0.0,0.0,1.0
2024-05-21,100187.18463885025,0.0004912440605722,0.08217581922439421,0,0.0,0.0,0.0,1.0
2024-05-22,100113.35048809004,-0.0007369620278916,0.08285222079390664,0,0.0,0.0,0.0,1.0
2024-05-23,100064.168485113,-0.0004912631805575,0.08330278172896066,0,0.0,0.0,0.0,1.0
2024-05-24,100101.06008287033,0.0003686794015864,0.08296481434709257,0,0.0,0.0,0.0,1.0
2024-05-28,100014.92533584131,-0.000860477870641,0.08375390283094608,0,0.0,0.0,0.0,1.0
2024-05-29,99978.01335598576,-0.0003690647144073,0.08409205693512467,0,0.0,0.0,0.0,1.0
2024-05-30,100362.62755482241,0.00485183965153334,0.08056857024134823,5,0.19771399587926228,0.6028741663695746,0.19941183775116303,0.0
2024-05-31,100836.82381422221,0.004724829061901223,0.07622441390159906,5,0.19857656479811694,0.6041132401697251,0.1973101950321578,0.0
2024-06-03,102015.87375154825,0.011692652472853322,0.06542302701044411,5,0.19644152988080302,0.606789457756243,0.19676901236295385,0.0
2024-06-04,102581.18044634299,0.005541360123734274,0.06024419943975945,5,0.19557736525272895,0.6104946543593037,0.19392798038796735,0.0
2024-06-05,103514.79025108636,0.009101180164637599,0.05169131258809745,5,0.19611691880667076,0.6094276805354272,0.194455400657902,0.0
2024-06-06,103409.75764721233,-0.0006110264726590518,0.052653526108248916,1,0.600355649046525,0.399644350953475,0.0,0.0
2024-06-07,102576.11080416452,-0.008061587823190254,0.060290642906516756,1,0.6044989932523597,0.3955010067476404,0.0,0.0
2024-06-10,102497.2436412202,-0.000768864819752195,0.06101315237197791,1,0.6068333296413229,0.39316667035867714,0.0,0.0
2024-06-11,103063.81070408942,0.005527632185431621,0.05582277845133232,1,0.6049509148503696,0.39504908514963044,0.0,0.0
2024-06-12,103881.8168722811,0.007936890384737251,0.04832894734013471,1,0.6051166273462296,0.3948833726537702,0.0,0.0
2024-06-13,104628.11644513624,0.007592313695824199,0.04149202706397248,5,0.19889262357673318,0.6042321447381507,0.1968752316851161,0.0
2024-06-14,105439.7178187767,0.0077570102685165015,0.03405687087545284,5,0.1974817361607647,0.6046266657106188,0.19789159812861645,0.0
2024-06-17,104864.11647467437,-0.005459056188784809,0.03933000869251446,5,0.20014611403745725,0.6019090803781629,0.19794480558437974,0.0
2024-06-18,105579.73609417722,0.006824256414496822,0.03277415034211972,5,0.19929459190520518,0.6033144305116048,0.19739097758318988,0.0
2024-06-20,105358.518251485,-0.002095268001947858,0.03480074771556463,5,0.19917051210362594,0.6005545830916008,0.20027490480477325,0.0
2024-06-21,105291.86074771946,0.0003676945621777,0.035411403349882464,0,0.0,0.0,0.0,1.0
2024-06-24,105304.77883538358,0.0001226883784974,0.03529305953904227,0,0.0,0.0,0.0,1.0
2024-06-25,105317.65432424255,0.000122268799207,0.0351751059798453,0,0.0,0.0,0.0,1.0
2024-06-26,105214.50131755273,-0.0009794464883566,0.036120100334172345,0,0.0,0.0,0.0,1.0
2024-06-27,105291.86074771947,0.00073525444875,0.03541140334988224,0,0.0,0.0,0.0,1.0
2024-06-28,103931.50248864587,-0.01193181231792546,0.047873772755673505,5,0.20161866300840903,0.5959473372036087,0.20243399978798224,0.0
2024-07-01,102960.45376956981,-0.0093431605992816,0.0567696410076054,5,0.2039390341502973,0.591185524398338,0.20487544145136471,0.0
2024-07-02,103574.68505985617,0.005965701080349105,0.05114261063594627,5,0.20409391171036287,0.5922550810469477,0.2036510072426895,0.0
2024-07-03,104712.41899187387,0.010984671895069706,0.040719723538569785,5,0.2027772894814884,0.5935136228833346,0.20370908763517692,0.0
2024-07-05,105637.06475250654,0.008830335212716553,0.03224895713446796,5,0.2021614480616831,0.5931892033250669,0.20464934861325004,0.0
2024-07-08,105535.64324455036,-0.0009532896572666603,0.03317808906674513,5,0.20042181180167276,0.6018701300567068,0.1977080581416205,0.0
2024-07-09,105310.84660377924,-0.0021300542059540044,0.035237472144537096,5,0.20104493804308549,0.6004889974252638,0.19846606453165078,0.0
2024-07-10,105795.44659221044,0.0046016151617740714,0.03079800626884599,5,0.20210435070668809,0.5996155410111484,0.19828010828216347,0.0
2024-07-11,106599.37107376946,0.007598857110152803,0.023433178807607646,5,0.1988506772979674,0.6008748900618199,0.20027443264021272,0.0
2024-07-12,106993.58873700832,0.003698123725008297,0.01982171387710019,5,0.19936762213739584,0.6012209847083415,0.19941139315426257,0.0
2024-07-15,106383.31395755784,-0.005702630354722219,0.025412498282473717,5,0.2017002572781074,0.5965035510000729,0.2017961917218197,0.0
2024-07-16,107833.55393109332,0.01363221279339024,0.012126714073281697,5,0.2001676351740898,0.5967832318912419,0.2030491329346683,0.0
2024-07-17,107442.90256028304,-0.0036227255484866847,0.01570550786487579,5,0.19807866620670284,0.5990801619974688,0.20284117179582836,0.0
2024-07-18,106648.23753750563,-0.007396161159473081,0.022985508557088807,5,0.19802100914395973,0.5989304063235551,0.20304858453248525,0.0
2024-07-19,105743.70396614856,-0.008481467600802702,0.03127202531177664,5,0.19838867203825214,0.6004992688415423,0.20111205912020563,0.0
2024-07-22,105783.90533499884,0.00038178936594112023,0.03090373680697367,5,0.2019848324642313,0.5980283739044806,0.19998679363128816,0.0
2024-07-23,105736.02726662125,-0.00045260257905928536,0.031342352275051555,5,0.2017593345765379,0.597459709027362,0.2007809563961,0.0
2024-07-24,104495.36799774923,-0.0117335528953023,0.042708148022071346,5,0.19952815309732003,0.5980190066370923,0.20245284026558777,0.0
2024-07-25,104567.86392395844,0.0006937716723557337,0.04204400605299219,5,0.1983509394912984,0.6025017031158021,0.19914735739289952,0.0
2024-07-26,105511.14866963428,0.00902079004274002,0.03340248616141195,5,0.19877923565481753,0.6017746455272458,0.19944611881793656,0.0
2024-07-29,105834.09598257476,0.0030625686039172195,0.030443935584292148,5,0.199506603651564,0.6013841931849052,0.1991092031635309,0.0
2024-07-30,106182.64347927598,0.0032933384413150004,0.02725085932634186,5,0.19784420165596814,0.6017185057411438,0.200437292602888,0.0
2024-07-31,107563.11171190467,0.013000884018282257,0.01460426056955988,5,0.19847969472058372,0.6000719544773442,0.20144835080207216,0.0
2024-08-01,107742.86610382632,0.0016711527684612766,0.01295751375158083,5,0.19534257978679198,0.6042375768051361,0.20041984340807184,0.0
2024-08-02,109338.56573245987,0.01481025785127939,0.0,5,0.18890784518402062,0.6139734160575625,0.19711873875841682,0.0
2024-08-05,108294.14408695338,-0.009191551924455,0.009552179859959709,4,0.24497072326300987,0.2536542492855784,0.24911678609812452,0.25225824135328717
2024-08-06,107675.37991381447,-0.005713736216817835,0.015211337440762196,4,0.2486499627622225,0.24940541198301378,0.24854378762245685,0.25340083763230686
2024-08-07,107272.65680005273,-0.00374015967330763,0.018894604283196892,4,0.24791524764240114,0.2485793529966758,0.24930731948894852,0.2541980798719745
2024-08-08,108129.74039496902,0.007989767574357872,0.011055800205471145,4,0.2516358665856995,0.24509194122038735,0.2512113359302729,0.2520608562636403
2024-08-09,108584.38491296298,0.004204620452553246,0.006897665196581193,4,0.25168725403124736,0.24647260478618394,0.2507737170808799,0.25106642410168883
2024-08-12,109166.40519462358,0.00571562150166092,0.0015745637111935773,5,0.1989678560577921,0.5987593256575424,0.2022728182846654,0.0
2024-08-13,109943.09715975539,0.007114752599456841,0.0,5,0.20081128150181415,0.5986526194998574,0.2005360989983285,0.0
2024-08-14,110245.62939578593,0.002751716513779328,0.0,5,0.20089199907366476,0.6007532405379951,0.1983547603883401,0.0
2024-08-15,110159.38763862746,-0.0007822691714050131,0.0007822691714050034,5,0.20449531416546082,0.5963715448948048,0.1991331409397343,0.0
2024-08-16,110931.04455352614,0.007004912894305992,0.0,5,0.2035280947344107,0.5942968423397144,0.20217506292587498,0.0
2024-08-19,111413.56827686458,0.0043554907289685,0.0,5,0.2010366502116528,0.6001568541662339,0.19880649562211347,0.0
2024-08-20,111991.24490721305,0.005184975575981457,0.0,5,0.1996744453221296,0.6018186946682987,0.19850686000957168,0.0
2024-08-21,112079.43850288707,0.0007875043781064417,0.0,5,0.20020300239557748,0.6017108635870653,0.19808613401735736,0.0
2024-08-22,110968.04614149904,-0.009916112859178892,0.009916112859178927,5,0.2006210654328778,0.601704724448268,0.19767421011885428,0.0
2024-08-23,111895.18283229081,0.00835498797202876,0.0016439738908178292,5,0.20107275866154412,0.6006260212641863,0.19830122007426965,0.0
2024-08-26,111742.45219163796,-0.00136324737700626,0.0030066737998551973,5,0.19979563147811807,0.5992926084764841,0.20091176004539782,0.0
2024-08-27,111717.85928285471,-0.00022008563711369998,0.003226097711250153,5,0.2001140294853034,0.5983860610644616,0.20149990945023494,0.0
2024-08-28,111348.00987089594,-0.003310566585619526,0.006525984085584913,5,0.19961311860903186,0.5996382924888755,0.2007485889020927,0.0
2024-08-29,111247.37692872838,-0.000903769562511608,0.007423855662314516,5,0.19981155103530288,0.5982178529349204,0.20197059602977682,0.0
2024-08-30,110589.82071492722,-0.0059107570169715335,0.013290732072337108,5,0.20291836797777113,0.5953579404543646,0.20172369156786435,0.0
2024-09-03,111123.73493024384,0.004832542970508359,0.008527019633655764,5,0.194942105904193,0.6068803110990212,0.1981775829967857,0.0
2024-09-04,111962.07625642375,0.007544214804390418,0.0010471344970228724,5,0.19308642886498745,0.6101003122352703,0.19681325889974235,0.0
2024-09-05,112479.44098172049,0.004620892561083144,0.0,5,0.19173084013567437,0.6107288052362898,0.19754035462803574,0.0
2024-09-06,111945.11069467197,-0.004750470684997124,0.00475047068499701,5,0.1894037274773684,0.6135823271587747,0.19701394536385686,0.0
2024-09-09,112571.92916361528,0.005599337613349991,0.0,5,0.1904579235558538,0.612801133800428,0.19674094264371833,0.0
2024-09-10,113052.8552700744,0.00488468672558842,0.0,3,0.7995788571008225,0.20042114289917756,0.0,0.0
2024-09-11,113962.20760661429,0.00804360344873652,0.0,3,0.801336077716127,0.19866392228387295,0.0,0.0
2024-09-12,114625.66389615195,0.005821721985483366,0.0,3,0.8034086082255876,0.19659139177441246,0.0,0.0
2024-09-13,115167.40545423375,0.004726180330546312,0.0,3,0.8038057963538651,0.19619420364613493,0.0,0.0
2024-09-16,115511.14350457853,0.0029846817247383864,0.0,3,0.8025973716617569,0.1974026283382431,0.0,0.0
2024-09-17,115312.41403537072,-0.0007211566330591,0.0017204354764259744,0,0.0,0.0,0.0,1.0
2024-09-18,115270.81621016565,-0.000360740216507,0.0020805550626668,0,0.0,0.0,0.0,1.0
2024-09-19,115367.88913995738,0.000842129282877,0.0012401778761326199,0,0.0,0.0,0.0,1.0
2024-09-20,115409.4756275159,0.0003604684793017,0.0008801564418640107,0,0.0,0.0,0.0,1.0
2024-09-23,115409.4756275159,0.0,0.0008801564418640107,0,0.0,0.0,0.0,1.0
2024-09-24,115738.78394217521,0.0038572478630510203,0.0,2,0.3996031391693768,0.3983822664980518,0.20201459433257124,0.0
2024-09-25,115221.2165646427,-0.004471857746415336,0.004471857746415342,2,0.4005128648968434,0.3968454934239502,0.20264164167920642,0.0
2024-09-26,115630.44417010677,0.003551668847676867,0.0009360714565876949,2,0.40067770011939663,0.396370660677612,0.20295163920299125,0.0
2024-09-27,115615.38444185266,-0.00013024016609286437,0.0010661897085786354,2,0.4001487165912442,0.39848400796601907,0.20136727544273678,0.0
2024-09-30,115394.87093677165,-0.0019073024420198717,0.0029714586043636526,2,0.40252000626306644,0.3973418064395773,0.2001381872973562,0.0
2024-10-01,115084.83421724301,-0.0024871056782114994,0.005650221150231949,1,0.5961074199969622,0.4038925800030378,0.0,0.0
2024-10-02,114722.06163274864,-0.003152218856305499,0.008784629272885258,1,0.5982447543695643,0.40175524563043574,0.0,0.0
2024-10-03,114162.42032942703,-0.004878236106958626,0.01362001188413875,1,0.6000785120367862,0.3999214879632137,0.0,0.0
2024-10-04,114223.33501419141,0.0005335791286539173,0.013093700109558237,1,0.605208555574302,0.39479144442569813,0.0,0.0
2024-10-07,113258.58173275541,-0.008446201306555589,0.021429309389140894,1,0.6048459589317362,0.39515404106826374,0.0,0.0
2024-10-08,113977.14652463247,0.00634933893858616,0.015220804621749684,1,0.6018530957103021,0.39814690428969784,0.0,0.0
2024-10-09,114194.30886635481,0.0019053147788307973,0.013344490266910425,1,0.6048693548490659,0.39513064515093405,0.0,0.0
2024-10-10,113896.67579960922,-0.0026063739051472505,0.015916083440848494,1,0.6053887458795265,0.3946112541204735,0.0,0.0
2024-10-11,114128.04467373979,0.00203139268557448,0.013917022570758775,1,0.6077793167171568,0.39222068328284326,0.0,0.0
2024-10-14,114728.77848179432,0.005263682644978778,0.008726594715955494,1,0.6095415787650763,0.39045842123492364,0.0,0.0
2024-10-15,114910.53529247415,0.00208527296722545,0.00715618932124662,4,0.24754135503014102,0.25251280315787705,0.2503450520612447,0.24960078975073738
2024-10-16,115317.70413289077,0.003543355179577667,0.0036381910621665625,4,0.24773941690280243,0.2526816430287705,0.25070882974862646,0.24887011031980064
2024-10-17,115007.33644648544,-0.0026914140264850785,0.006319813210195924,4,0.24842932324914374,0.24934957569223964,0.25289078595874626,0.24933031509987041
2024-10-18,115471.77802921672,0.004038364830293853,0.0023069700913040947,4,0.24838188854658094,0.24853199917245683,0.2545480691400903,0.2485380431408719
2024-10-21,114875.74211506266,-0.005161745357408917,0.007456807456554415,4,0.2492605956994777,0.24545689189821762,0.25581788050628285,0.24946463189602175
2024-10-22,115137.80332874997,0.00263673601416194,0.005192560289258852,5,0.19936808306125345,0.5990060863021048,0.2016258306366418,0.0
2024-10-23,114461.52889229513,-0.005873608987691896,0.011035670208166537,5,0.19871352823745103,0.6009134315689163,0.2003730401936326,0.0
2024-10-24,115127.92254961061,0.0058219880842457035,0.005277931664374513,5,0.19799060741527785,0.6012635704115842,0.2007458221731378,0.0
2024-10-25,114779.12124257586,-0.0030296847134060677,0.008291625908898648,5,0.19852372738729435,0.59970622087752,0.2017700517351856,0.0
2024-10-28,114663.69769343549,-0.0010056145045441356,0.009288902234162566,5,0.1993378638358898,0.5986810086264611,0.20198112753764896,0.0
2024-10-29,115055.27198376517,0.0034169683852030602,0.005905643165833974,5,0.19964150720706464,0.5988680077236929,0.20149048506924258,0.0
2024-10-30,115315.58071633731,0.0022624667960358482,0.0036565376913700876,5,0.19858827188989794,0.5992691991083388,0.20214252900176324,0.0
2024-10-31,114617.7530619521,-0.006051460262787759,0.009685870561619181,5,0.19588065060336307,0.60389741756803,0.20022193182860692,0.0
2024-11-01,113642.53304176457,-0.008508455227353837,0.018111913992961526,5,0.19839542084005274,0.6004928830929075,0.20111169606703977,0.0
2024-11-04,114685.7732999145,0.009180015881611174,0.009098165769452216,5,0.19616725822331155,0.604266300744298,0.19956644103239038,0.0
2024-11-05,115201.58656463936,0.004853607837091125,0.004641463813929825,4,0.25180083852767465,0.2501139738601837,0.2493533486067561,0.24873183900538565
2024-11-06,114225.93442738577,-0.008469085941851723,0.01307124079984534,4,0.26026617796605034,0.2453416184154381,0.24384142999922095,0.25055077361929057
2024-11-07,115303.53994725726,0.009433982967821858,0.003760571695097581,4,0.2598273926296474,0.24609355445445968,0.24544601417152753,0.24863303874436543
2024-11-08,115581.18741945512,0.0024079700616724937,0.0013616569774815845,4,0.2603260599034893,0.24862045868724786,0.24319886992114909,0.24785461148811372
2024-11-11,114789.33957520849,-0.0068510097700668895,0.008203338022292339,4,0.26237160420760486,0.2491176410816875,0.23912888823811382,0.24938186647259386
2024-11-12,113992.8283138661,-0.006926609846199725,0.01508531167202698,4,0.2509617560871321,0.24796917814679495,0.24957084105007235,0.25149822471600064
2024-11-13,113493.77595627199,-0.0043779276729588555,0.019397196941561612,4,0.2521877250604774,0.24669698402757634,0.24814120541802726,0.252974085493919
2024-11-14,113356.39107628225,-0.0012105058522564008,0.02058422237340285,4,0.25086981160071087,0.24842620624181977,0.24779372558445786,0.25291025657301147
2024-11-15,112899.0287726175,-0.004034728869914124,0.024535899487042268,4,0.2486597854425008,0.24876981612137866,0.24835666972054588,0.2542137287155747
2024-11-18,113618.24977923995,0.006370480016005993,0.018321724928393124,4,0.24809814220044754,0.24763413075051496,0.2514784363927964,0.2527892906562411
2024-11-19,114003.38359780035,0.003943796377301641,0.014994112476954147,3,0.7997701639625202,0.2002298360374799,0.0,0.0
2024-11-20,113961.30064154005,-0.00036913778286415416,0.01535771536638253,3,0.8003366671737256,0.19966333282627435,0.0,0.0
2024-11-21,114433.29657510495,0.004141721188752882,0.01127960155277341,3,0.8013141675400033,0.19868583245999674,0.0,0.0
2024-11-22,114730.09859918074,0.002593668389872861,0.008715188708898425,3,0.8017184485043287,0.1982815514956712,0.0,0.0
2024-11-25,115631.03367813007,0.007852647996903106,0.0009309780211530505,3,0.7981702119988453,0.2018297880011547,0.0,0.0
2024-11-26,116024.03555371036,0.0034005937925919607,0.0,3,0.8014516928940131,0.1985483071059869,0.0,0.0
2024-11-27,115901.8969023197,-0.0010527012856238578,0.0010527012856238471,3,0.7998653257879279,0.20013467421207198,0.0,0.0
2024-11-29,116717.20839494867,0.007034496539052386,0.0,3,0.7992120744050553,0.20078792559494468,0.0,0.0
2024-12-02,116940.71630289115,0.0019149524822953058,0.0,3,0.7991143407131678,0.20088565928683225,0.0,0.0
2024-12-03,116781.34658753117,-0.0013628248603094818,0.001362824860309475,3,0.8005760486356668,0.19942395136433327,0.0,0.0
2024-12-04,117679.47677801069,0.008296257625588981,0.0,5,0.1995860639620318,0.6014577915077343,0.198956144530234,0.0
2024-12-05,117610.5881124147,-0.0005853923511739171,0.0005853923511739412,5,0.19937435040019783,0.603025651293314,0.1975999983064882,0.0
2024-12-06,117768.99677420978,0.0013468911629256246,0.0,5,0.19948360007142998,0.6031090634257595,0.19740733650281034,0.0
2024-12-09,117223.9758141106,-0.00462788148857312,0.00462788148857296,5,0.19937900671934028,0.6003284950574506,0.20029249822320905,0.0
2024-12-10,117129.30257417979,-0.0008076269318909571,0.005431770818736248,5,0.1989197920909684,0.5979869730779953,0.2030932348310364,0.0
2024-12-11,117561.50571789687,0.0042936270188403,0.0017618478716492358,3,0.802737852673514,0.19726214732648578,0.0,0.0
2024-12-12,116793.54373791938,-0.006532427220014729,0.008282765948669613,3,0.8038527429050342,0.1961472570949658,0.0,0.0
2024-12-13,116540.99810205966,-0.0021623253116320484,0.01042718122584052,3,0.8054348610261132,0.1945651389738869,0.0,0.0
2024-12-16,117009.71568020372,0.004021911479886036,0.0064472069458295644,3,0.8056338419479553,0.19436615805204474,0.0,0.0
2024-12-17,116676.65890349008,-0.002846402751921056,0.009275258350157856,3,0.8046047842952772,0.19539521570472285,0.0,0.0
2024-12-18,113602.45052650178,-0.02634361738402012,0.035378973769269906,3,0.7971572363053266,0.2028427636946734,0.0,0.0
2024-12-19,113225.73518839908,-0.0033160846122313476,0.03857773871098846,3,0.7995638934858303,0.20043610651416974,0.0,0.0
2024-12-20,114442.33116918158,0.010744871550254723,0.028247380007882628,3,0.8005654919725165,0.19943450802748358,0.0,0.0
2024-12-23,114781.60529647625,0.0029645859519685054,0.025366535841865434,3,0.8029788608944928,0.19702113910550717,0.0,0.0
2024-12-24,115901.68429820437,0.009758349335113476,0.015855722024918584,3,0.804057773653967,0.19594222634603306,0.0,0.0
2024-12-26,115894.20102368169,-6.0508181751840036e-05,0.015919263998847688,3,0.8001016861340652,0.19989831386593485,0.0,0.0
2024-12-27,114728.16455137692,-0.010061214987508317,0.02582031184882072,3,0.799725559145064,0.20027444085493595,0.0,0.0
2024-12-30,113865.80107869589,-0.007516580397264568,0.033142811796191274,3,0.7965871163993707,0.2034128836006293,0.0,0.0
2024-12-31,113411.8254947493,-0.003986935318997522,0.03699760886826764,3,0.7968660780131407,0.20313392198685934,0.0,0.0
2025-01-02,113253.08597871294,-0.0013996734056952518,0.03834549770475559,3,0.7960222502173656,0.20397774978263447,0.0,0.0
2025-01-03,114313.04641710136,0.00936323403224522,0.02934516257902975,3,0.8024889181101362,0.19751108188986366,0.0,0.0
2025-01-06,114740.62201436824,0.0037403919383512574,0.02571453305021887,3,0.8041040836842306,0.19589591631576947,0.0,0.0
2025-01-07,113444.1862489177,-0.011298838569030946,0.036722827261437385,3,0.8040998489756341,0.19590015102436587,0.0,0.0
2025-01-08,113605.91991144589,0.001425667263135979,0.03534951453093771,3,0.8041282288238666,0.19587177117613344,0.0,0.0
2025-01-10,112063.74660919755,-0.01357476180335004,0.04844441509466624,3,0.8027483769944348,0.19725162300556517,0.0,0.0
2025-01-13,112194.58008146076,0.00117024309896418,0.047333482032087426,3,0.800303917654569,0.19969608234543113,0.0,0.0
2025-01-14,112281.3996697011,0.0007738305021267252,0.04659627962212887,3,0.8007853383582944,0.19921466164170556,0.0,0.0
2025-01-15,114302.45107659578,0.017999877208870082,0.02943512972484741,3,0.8009349166095745,0.19906508339042545,0.0,0.0
2025-01-16,114199.81363307592,-0.0008979461293536586,0.03030664469339761,3,0.8001130118163319,0.1998869881836682,0.0,0.0
2025-01-17,115156.51705606276,0.00837745170110997,0.022183085444429373,3,0.8014320254205611,0.19856797457943887,0.0,0.0
2025-01-21,116205.6767419281,0.009112172913981881,0.01327446165886026,3,0.800032913092168,0.199967086907832,0.0,0.0
2025-01-22,116606.77918297178,0.0034516596115563083,0.009868620970477027,3,0.8017628335681387,0.19823716643186126,0.0,0.0
2025-01-23,116937.42697266847,0.0028355794749965707,0.0070610247545508376,3,0.8038594127218964,0.19614058727810357,0.0,0.0
2025-01-24,116766.02711881194,-0.0014657399114536556,0.008516415040205949,3,0.8026892675627981,0.19731073243720196,0.0,0.0
2025-01-27,115712.30711092756,-0.009024200222314675,0.017463761428021418,3,0.798541135873705,0.20145886412629493,0.0,0.0
2025-01-28,116491.80034698876,0.0067379451804573205,0.010844929159664063,3,0.8014736503066968,0.19852634969330316,0.0,0.0
2025-01-29,116026.05205195278,-0.003998120843258344,0.014799690665605492,3,0.8010835815242136,0.19891641847578645,0.0,0.0
2025-01-30,116611.44957205777,0.005045397216849796,0.009828963766850274,3,0.8013399844813763,0.19866001551862375,0.0,0.0
2025-01-31,115962.03677916541,-0.005569031130953094,0.01534325709260076,3,0.8015391206531285,0.19846087934687145,0.0,0.0
2025-02-03,115523.91036883046,-0.003778188297686743,0.019063475675891728,3,0.799164431914838,0.20083556808516204,0.0,0.0
2025-02-04,116214.56245742165,0.005979274694272301,0.013199011279414585,3,0.8005798918228227,0.19942010817717729,0.0,0.0
2025-02-05,116974.41969644987,0.006538399516898885,0.006746912171488484,3,0.7986041878290822,0.20139581217091787,0.0,0.0
2025-02-06,117288.61623369178,0.002686027749120284,0.0040790068156817405,3,0.7992330776308487,0.20076692236915133,0.0,0.0
2025-02-07,116278.5493451406,-0.008611806678140684,0.012655685875686884,3,0.7987963671426823,0.20120363285731768,0.0,0.0
2025-02-10,116838.58211375697,0.004816303366101174,0.007900336132068975,3,0.8003663652107289,0.19963363478927107,0.0,0.0
2025-02-11,116693.27650485231,-0.0002438879503472,0.009134154988344467,0,0.0,0.0,0.0,1.0
2025-02-12,116536.71929923347,-0.0013416129044276,0.010463513392568569,0,0.0,0.0,0.0,1.0
2025-02-13,116693.27650485233,0.0013434152476599,0.009134154988344245,0,0.0,0.0,0.0,1.0
2025-02-14,116849.83371047118,0.0013416129044276,0.007804796584120033,0,0.0,0.0,0.0,1.0
2025-02-18,116750.2105584341,-0.0008525741875159,0.008650716603529562,0,0.0,0.0,0.0,1.0
2025-02-19,116835.58875534472,0.0007312894469504,0.007925753334339869,0,0.0,0.0,0.0,1.0
2025-02-20,116849.8337104712,0.0001219230824975,0.007804796584119922,0,0.0,0.0,0.0,1.0
2025-02-21,117049.05713108332,0.0017049525385355,0.0061131508533333045,0,0.0,0.0,0.0,1.0
2025-02-24,117134.46965318701,0.0007297155927368,0.005387896122094893,0,0.0,0.0,0.0,1.0
2025-02-25,117291.04974226793,0.0013367550093881,0.004058343409838017,0,0.0,0.0,0.0,1.0
2025-02-26,117359.51862677673,0.0015853373342620402,0.0034769604789800512,3,0.7991370198723694,0.20086298012763068,0.0,0.0
2025-02-27,115695.86083837048,-0.014175738004660328,0.017603410002837827,3,0.7976889294506033,0.2023110705493967,0.0,0.0
2025-02-28,117423.21038087351,0.014930089373864235,0.002936141113600743,3,0.7982199321814092,0.20178006781859079,0.0,0.0
2025-03-03,115891.64276722235,-0.013043142055845437,0.0159409866638055,3,0.7945992071328883,0.2054007928671116,0.0,0.0
2025-03-04,114508.46955457167,-0.011935055709141117,0.027685785809055452,3,0.7946781694345173,0.20532183056548264,0.0,0.0
2025-03-05,115309.57173425281,0.007001367183308639,0.020883467697973668,3,0.802976339496608,0.19702366050339212,0.0,0.0
2025-03-06,113590.82448695046,-0.014905503692819582,0.03547769278590218,3,0.8006566863506343,0.1993433136493657,0.0,0.0
2025-03-07,114027.94705057943,0.0038482207132778156,0.03176599806486258,3,0.8020578672558373,0.1979421327441628,0.0,0.0
2025-03-10,111827.39335198922,-0.019298371631772938,0.050451337660725626,3,0.7960572543216125,0.2039427456783875,0.0,0.0
2025-03-11,110924.55719548068,-0.008073479399334258,0.05811749922478715,3,0.7958651183661001,0.20413488163389998,0.0,0.0
2025-03-12,111262.47490485014,0.0030505216968273806,0.05524817267344251,3,0.8017992842505459,0.19820071574945405,0.0,0.0
2025-03-13,110267.12283804493,-0.008945981721657848,0.06369990525220881,3,0.7982520087570051,0.20174799124299492,0.0,0.0
2025-03-14,111967.4806691278,0.01542035184485825,0.049261828358823645,3,0.8023678330278925,0.1976321669721075,0.0,0.0
2025-03-17,112770.68660782184,0.00717356444830251,0.04244164681109441,3,0.8027961630989376,0.19720383690106227,0.0,0.0
2025-03-18,111814.26900430546,-0.008481083447177034,0.05056277911003093,3,0.8009118375370485,0.1990881624629515,0.0,0.0
2025-03-19,112904.23713256938,0.009748944284001321,0.04130764271489262,3,0.8009047014844504,0.1990952985155497,0.0,0.0
2025-03-20,112657.54996333072,-0.0021849239276024576,0.04340231258553451,3,0.800337402548972,0.19966259745102805,0.0,0.0
2025-03-21,112554.16001669575,-0.0009177365091698042,0.04428021720786213,3,0.8013368434964749,0.1986631565035251,0.0,0.0
2025-03-24,113940.1125322958,0.012313649849942961,0.03251181844789619,3,0.8057655714920837,0.19423442850791636,0.0,0.0
2025-03-25,114158.36213571664,0.0019154764601358152,0.030658617610673455,3,0.8061584844776204,0.19384151552237966,0.0,0.0
2025-03-26,113347.94290800426,-0.00649685860995886,0.03754004863165894,5,0.1989045664184669,0.5999538413365345,0.20114159224499858,0.0
2025-03-27,113395.43688874428,0.0004190105221281155,0.03713676778490871,5,0.19829321976969064,0.597954112039985,0.20375266819032442,0.0
2025-03-28,114051.90166831862,0.0057891639874222975,0.03156259463615607,5,0.19318160955786243,0.602736943372763,0.2040814470693747,0.0
2025-03-31,115212.86033366514,0.010179213571754143,0.02170466345608202,5,0.1925187101204051,0.602554568341236,0.20492672153835897,0.0
2025-04-01,115830.35991767643,0.005359641121858878,0.016461351541018576,5,0.19203323894989746,0.6045357489910685,0.20343101205903402,0.0
2025-04-02,115978.01630534811,0.0012827411076109,0.015207571754180749,5,0.201007818666611,0.5988385942497751,0.20015358708361394,0.0
2025-04-03,115008.0194645857,-0.008363626760166342,0.023444008060266586,5,0.19271379958098897,0.6066632609683311,0.2006229394506799,0.0
2025-04-04,113930.37432347504,-0.009370173889852083,0.032594507517918814,5,0.18314789579204782,0.619068926500219,0.1977831777077332,0.0
2025-04-07,111282.12578367793,-0.023244446931053875,0.05508131314872855,5,0.18717238218227866,0.6146883330670931,0.19813928475062823,0.0
2025-04-08,109784.56937974105,-0.013457295081224313,0.06779736274544912,5,0.18675395016013835,0.6113106311647399,0.20193541867512174,0.0
2025-04-09,119064.34703926907,0.08519264826522052,0.0,3,0.8146161917008563,0.1853838082991436,0.0,0.0
2025-04-10,114205.74892075379,-0.04080649026624936,0.040806490266249384,3,0.8120576983884462,0.1879423016115538,0.0,0.0
2025-04-11,115977.26859856489,0.015511650635383926,0.025927815651531794,3,0.8139218856933204,0.18607811430667964,0.0,0.0
2025-04-14,117047.03459836145,0.00922392821216865,0.01694304374963118,3,0.8143069504338316,0.18569304956616844,0.0,0.0
2025-04-15,116857.06863648265,-0.001622988250241861,0.0185385336389442,3,0.8133462037962665,0.18665379620373343,0.0,0.0
2025-04-16,117417.22728270611,0.00541020122213412,0.013833862088201032,5,0.19450211178429966,0.6001009648482453,0.20539692336745502,0.0
2025-04-17,116721.57175488882,-0.005924646186222379,0.01967654753616177,5,0.19594048934840777,0.5983456400326925,0.20571387061889979,0.0
2025-04-21,115699.20840207502,-0.008758992339143052,0.02826319314617476,5,0.19296676972445417,0.5930814789137864,0.2139517513617595,0.0
2025-04-22,116311.6856118976,0.005293702681993508,0.023119107405541017,5,0.19694478886210132,0.5932512875177436,0.20980392362015501,0.0
2025-04-23,116751.73083212806,0.003783327684707128,0.019423246879926803,5,0.1992426959553178,0.5967559950347578,0.20400130900992422,0.0
2025-04-24,118320.68848873119,0.01344246534889512,0.006245854187505895,5,0.2015011341823614,0.5982790582395282,0.2002198075781104,0.0
2025-04-25,118757.56707670439,0.003692326283368547,0.0025765896357159424,5,0.2022104157736139,0.6004690673978159,0.1973205168285702,0.0
2025-04-28,119549.71129182975,0.006670263079856769,0.0,5,0.20094716536857138,0.6002481382178435,0.19880469641358506,0.0
2025-04-29,120071.24657815868,0.004362497246486981,0.0,5,0.20133468767821897,0.6026518681397106,0.19601344418207023,0.0
2025-04-30,119319.13282677002,-0.00626389558551881,0.006263895585518764,5,0.20268417584657855,0.6015426934329257,0.19577313072049587,0.0
2025-05-01,118629.03879032322,-0.005779396719960759,0.012011266884754734,5,0.20258821125781717,0.6004277976185108,0.19698399112367201,0.0
2025-05-02,118255.63791305598,-0.0031476346860334794,0.015121094490518683,5,0.20624466363070823,0.5958038990391399,0.1979514373301519,0.0
2025-05-05,118421.4014055761,0.0014017386016047689,0.013740551710759719,5,0.20477492642859602,0.591646635009176,0.20357843856222804,0.0
2025-05-06,119127.24473326528,0.005960437212457601,0.007862014194038647,5,0.20186019816990924,0.590096310710204,0.20804349111988674,0.0
2025-05-07,119153.94088199023,0.00022409776021187712,0.007639678293598351,5,0.20266368786601782,0.5924579425095293,0.20487836962445274,0.0
2025-05-08,118052.7033628613,-0.00923466856398696,0.01681121228289606,5,0.20327071223025378,0.5988407067716065,0.19788858099813966,0.0
2025-05-09,118297.34492432442,0.0020723079988366104,0.014773742293743508,5,0.20259186762930917,0.5984961410883447,0.19891199128234616,0.0
2025-05-12,117767.21468936796,-0.004481336713817105,0.01918887289381932,5,0.2102291155285063,0.5955961730163605,0.1941747114551331,0.0
2025-05-13,117743.4278557415,-0.00020198179679473124,0.019386978887588446,5,0.2116601685299981,0.5932987366049628,0.19504109486503912,0.0
2025-05-14,116828.55901270501,-0.007770020456321148,0.027006362121366756,5,0.21359028865850224,0.5939766486494772,0.19243306269202048,0.0
2025-05-15,117930.2638179337,0.00944381701410092,0.01783093639184752,5,0.19909662503487133,0.5996115474443519,0.20129182752077687,0.0
2025-05-16,117981.02047721412,0.0004303955374744643,0.017408215209825162,5,0.20027153683045137,0.6009552105964434,0.19877325257310513,0.0
2025-05-19,118103.56346096775,0.0010386669250526147,0.016387629622135136,5,0.2002825917286348,0.5985927243611585,0.20112468391020658,0.0
2025-05-20,117956.98934242058,-0.001241064318906945,0.017608355838646617,5,0.19985722577911247,0.5950181241939151,0.2051246500269725,0.0
2025-05-21,116538.79130428727,-0.01202300979398835,0.029419660197930964,5,0.19888062021075123,0.5919665330902796,0.2091528466989692,0.0
2025-05-22,116706.77929471877,0.00145064315131662,0.028020590935148304,5,0.19978909769312775,0.6022703421023925,0.19794056020447978,0.0
2025-05-23,117170.24266883591,0.003971177826326176,0.024160687858224228,5,0.19764054355504374,0.6008828527340221,0.2014766037109342,0.0
2025-05-27,118234.20275460563,0.009080463277496476,0.015299614819583418,5,0.19993410987877283,0.603786452327324,0.19627943779390317,0.0
2025-05-28,117736.73547851102,-0.004207473510242239,0.01944271560575528,5,0.19961726415253908,0.603720620124735,0.1966621157227258,0.0
2025-05-29,118624.53411459223,0.007540540617785728,0.012048783574714839,5,0.1989053877080789,0.6047478899246702,0.1963467223672508,0.0
2025-05-30,118548.79868004074,-0.00063370175312684,0.01267953770369934,5,0.19990301964320406,0.6012863821974938,0.1988105981593022,0.0
2025-06-02,118645.37209102581,0.0008146300262874289,0.01187523680954472,5,0.20086540551827176,0.5952055283625793,0.20392906611914896,0.0
2025-06-03,118442.63196625197,-0.0017087908377775125,0.0135637353514656,5,0.20235663716423175,0.5951742235954944,0.2024691392402738,0.0
2025-06-04,119735.04746226358,0.010911742457562656,0.0027999968808206654,5,0.2001186794121264,0.5983074030761512,0.20157391751172246,0.0
2025-06-05,119547.1157049387,-0.0015695634762588472,0.004365165584241715,5,0.19946460628735155,0.5996641198621552,0.2008712738504933,0.0
2025-06-06,118559.094263328,-0.00826383922570296,0.012593792085321298,5,0.20373745980684985,0.5973015734914977,0.19896096670165245,0.0
2025-06-09,118766.83814414697,0.0017522391016040095,0.010863620318646627,5,0.20356438040143957,0.5968855081429504,0.1995501114556101,0.0
2025-06-10,119275.93842905638,0.004286552482701492,0.00662363531459309,5,0.2038447837690723,0.5973985156531448,0.1987567005777829,0.0
2025-06-11,119550.63511789977,0.002303035234610888,0.004335854545492901,5,0.20279633471283254,0.5978303993056904,0.1993732659814772,0.0
2025-06-12,120797.61125849561,0.010430527109840012,0.0,5,0.20150054628284544,0.5987335950525031,0.19976585866465152,0.0
2025-06-13,120500.59370820674,-0.0021108056904110004,0.0024588031766065166,4,0.24772786481149753,0.24811464599066632,0.2538108865414119,0.2503466026564243
2025-06-16,120043.54434423782,-0.003792922091949858,0.006242399219668071,4,0.2510369968316967,0.24654943781287392,0.2511443435368698,0.2512692218185596
2025-06-17,120176.31783722137,0.0011060444250364301,0.005143259165487413,4,0.24861686137293088,0.2492740709679629,0.2509956170343166,0.2511134506247897
2025-06-18,120075.946062068,-0.0008352042811739828,0.005974167774587147,4,0.24878717967498318,0.2499149988114759,0.24985252601991104,0.2514452954936299
2025-06-20,119959.77776461997,-0.0009674568575790171,0.006935844882584252,4,0.2484432675318872,0.24969514252682096,0.24998968726632412,0.2518719026749678
2025-06-23,120029.77660989556,0.00133264438375,0.006356372784201536,0,0.0,0.0,0.0,1.0
2025-06-24,120131.44348808129,0.0008470138082166,0.005514742911503334,0,0.0,0.0,0.0,1.0
2025-06-25,120145.97720686514,0.0001209818042791,0.005394428290771747,0,0.0,0.0,0.0,1.0
2025-06-26,120291.19913920165,0.0012087123989716,0.004192236204160427,0,0.0,0.0,0.0,1.0
2025-06-27,120247.6210339505,-0.0003622717668706,0.004552989242214256,0,0.0,0.0,0.0,1.0
2025-06-30,120978.44621536351,0.006832793118581825,0.0,4,0.24949060225160913,0.2507468812045989,0.25127919804908583,0.24848331849470615
2025-07-01,121283.84587769488,0.002524413826473676,0.0,4,0.24878181037578326,0.2507356555080313,0.2528829837122011,0.24759955040398438
2025-07-02,121393.31025172952,0.0009025470229977923,0.0,4,0.24968425261450575,0.24891794385013505,0.2540515253360967,0.24734627819926255
2025-07-03,121178.56204564689,-0.0017690283396779593,0.0017690283396779583,4,0.2520980827967166,0.24762226996507022,0.25276530327155444,0.24751434396665878
2025-07-07,120680.20160260357,-0.004112612285790132,0.005874365297784512,4,0.25125276015059467,0.2462719302754104,0.25399916911756815,0.24847614045642683
2025-07-08,120313.09971057328,-0.003036703684244475,0.00889843549793834,4,0.2506241374177038,0.2504412571352843,0.24814268283200822,0.25079192261500366
2025-07-09,120968.26001515913,0.005445461102422893,0.0035014304798919316,4,0.25076153200620566,0.2516906596732429,0.24790225681137068,0.24964555150918077
2025-07-10,121141.57369466953,0.001432720281242872,0.002073726769110884,4,0.25110897537011784,0.25150405446095103,0.2480985791933794,0.24928839097555167
2025-07-11,120895.59220422883,-0.0020305290986286618,0.00410004510519224,4,0.2507353501722587,0.2485392812627138,0.25099035958547805,0.2497350089795494
2025-07-14,120783.13868107882,-0.0009301705802478126,0.00502640194410553,4,0.2514476637916092,0.24824876176979918,0.25030573718296445,0.24999783725562705
2025-07-15,120135.00503999172,-0.004820185500594981,0.010365523513021335,3,0.8004397771333853,0.19956022286661465,0.0,0.0
2025-07-16,120490.32685412136,0.002957687594979888,0.007438493898351273,3,0.8007474260101896,0.19925257398981044,0.0,0.0
2025-07-17,121075.13109948327,0.004853536882425069,0.0026210600204117362,3,0.8017564350238628,0.1982435649761373,0.0,0.0
2025-07-18,121040.69678275062,-0.0002844045380745245,0.002904719117121868,3,0.8013971232998012,0.19860287670019883,0.0,0.0
2025-07-21,121438.95322488206,0.0032902689154727036,0.0,3,0.8002835391872065,0.19971646081279346,0.0,0.0
2025-07-22,121599.67985672705,0.00132380184331344,0.0,3,0.799056685121573,0.20094331487842698,0.0,0.0
2025-07-23,122290.76004017041,0.005683240155382087,0.0,3,0.8013007355376142,0.1986992644623859,0.0,0.0
2025-07-24,122280.83103154457,-8.119181385884996e-05,8.119181385890517e-05,3,0.8016310757216012,0.19836892427839883,0.0,0.0
2025-07-25,122847.42719286184,0.004633564856711674,0.0,3,0.8013045399033747,0.1986954600966254,0.0,0.0
2025-07-28,122664.56211086722,-0.001488554430265146,0.0014885544302651876,3,0.8022976208479463,0.19770237915205358,0.0,0.0
2025-07-29,122819.69024406998,0.0012669537497840002,0.0002257837174588495,3,0.7968801828029579,0.20311981719704214,0.0,0.0
2025-07-30,122567.8891444232,-0.0020501688218427043,0.0022754896445635886,3,0.7975118046718267,0.2024881953281733,0.0,0.0
2025-07-31,122215.50260369202,-0.0028750314881898706,0.005143979028374268,3,0.7968110641687098,0.2031889358312902,0.0,0.0
2025-08-01,120972.37431883033,-0.010171608825214085,0.015263265311106666,3,0.7918047721560768,0.20819522784392322,0.0,0.0
2025-08-04,122497.14521100733,0.012604290035329667,0.0028513578986444355,3,0.7938343789894192,0.20616562101058075,0.0,0.0
2025-08-05,122074.66279272975,-0.0034427720483173607,0.006290440246004558,3,0.7986937010557917,0.20130629894420823,0.0,0.0
2025-08-06,122679.6006327667,0.004955474184385498,0.0013661381758663937,3,0.8008429461499763,0.19915705385002366,0.0,0.0
2025-08-07,122555.5731104035,-0.001010987333863898,0.00237574436133825,3,0.800981913491441,0.199018086508559,0.0,0.0
2025-08-08,123215.29963616848,0.005383080581497995,0.0,3,0.8029055088271443,0.1970944911728557,0.0,0.0
2025-08-11,123047.49598134076,-0.0013618735280700668,0.0013618735280700456,3,0.802410621649114,0.19758937835088594,0.0,0.0
2025-08-12,123146.4732993825,0.001357543576312425,0.0005585859628569612,4,0.2523189854352387,0.24840407681151422,0.2494345151497899,0.24984242260345724
2025-08-13,123640.72892925638,0.004013558948393746,0.0,4,0.25217058092356354,0.2494597560853598,0.24919495294679364,0.24917471004428302
2025-08-14,123186.15448878893,-0.0036765752224539395,0.003676575222453904,4,0.2531246680926459,0.24852389192881172,0.2485291152074837,0.24982232477105862
2025-08-15,122901.81027457466,-0.0023082481581982515,0.005976336932666526,4,0.25311630839727123,0.24732413673398562,0.24925003905735266,0.2503095158113905
2025-08-18,122759.25949155376,-0.001159875372888563,0.007129280499526769,4,0.25335506209579745,0.2468948812477621,0.24914987586691076,0.25060018078952967
2025-08-19,122617.27552554698,-0.0011526542565341003,0.008277639678871407,4,0.24893065572286252,0.2517411454001866,0.24891859721862816,0.2504096016583227
2025-08-20,122923.9409421672,0.0025009968237006104,0.0057973452057153985,4,0.24764985535414835,0.2516637280971515,0.2508109175830198,0.24987549896568023
2025-08-21,122515.66372549682,-0.0033213807948320466,0.009099470809520116,4,0.2474783009118664,0.2512520747676335,0.2507735444398206,0.2504960798806794
2025-08-22,123605.04549905281,0.008891775471231102,0.0002886057896341887,4,0.24906418507858416,0.25088227460930485,0.2512246003340265,0.2488289399780845
2025-08-25,123290.65520403863,-0.0025435069721048012,0.0028313786909008876,4,0.24860031771985816,0.25079961904094955,0.2512570078599215,0.2493430553792708
2025-08-26,123487.21959093622,0.0019441962898909802,0.0012415758112198638,5,0.20044770336163392,0.5984907902244377,0.20106150641392842,0.0
2025-08-27,123508.54437797313,0.00017268821103544506,0.0010691020056901035,5,0.20086972614946397,0.5976976638033509,0.20143261004718513,0.0
2025-08-28,124266.58678571806,0.0061375705750777495,0.0,5,0.20035141922093638,0.5979594160170284,0.20168916476203533,0.0
2025-08-29,123831.75381516534,-0.003499194608946049,0.003499194608946099,5,0.1998559112789887,0.5957935811351257,0.2043505075858857,0.0
2025-09-02,123697.61506086522,-0.0010832339054193249,0.0045786380681233085,5,0.1985900479497162,0.5920012368478735,0.20940871520241028,0.0
2025-09-03,124430.61921845004,0.00653111220299614,0.0,3,0.7991165172927,0.20088348270729994,0.0,0.0
2025-09-04,125452.20670321223,0.008210097250811748,0.0,3,0.7992332847040254,0.20076671529597456,0.0,0.0
2025-09-05,125545.83633334967,0.000746337052156744,0.0,3,0.7963242237019882,0.20367577629801184,0.0,0.0
2025-09-08,126132.14645999433,0.0046700881826769285,0.0,3,0.794569745282797,0.20543025471720308,0.0,0.0
2025-09-09,126216.5880886994,0.0006694695291802394,0.0,3,0.7958738855411135,0.2041261144588865,0.0,0.0
2025-09-10,126699.2552374558,0.00402077962832912,0.0,1,0.5993247872177622,0.40067521278223794,0.0,0.0
2025-09-11,127669.69195718308,0.007659371934811431,0.0,1,0.5997118767812163,0.40028812321878365,0.0,0.0
2025-09-12,127423.4535809099,-0.0019287144231205746,0.0019287144231205922,1,0.6006697152938182,0.39933028470618176,0.0,0.0
2025-09-15,127949.7367887959,0.004130191052715537,0.0,1,0.6013837722515297,0.3986162277484702,0.0,0.0
2025-09-16,127951.28204032285,1.2077019974633617e-05,0.0,1,0.6005485393009571,0.3994514606990429,0.0,0.0
2025-09-17,127761.7133137377,-0.0004820516268768,0.0014815695752499192,0,0.0,0.0,0.0,1.0
2025-09-18,127715.51838871153,-0.0003615709575898,0.0018426048403096251,0,0.0,0.0,0.0,1.0
2025-09-19,127761.71331373768,0.0003617017384336,0.0014815695752500302,0,0.0,0.0,0.0,1.0
2025-09-22,127700.1321859578,-0.0004819998588205,0.0019628553177443164,0,0.0,0.0,0.0,1.0
2025-09-23,127746.31500539565,0.0003616505217911,0.0016019146636030435,0,0.0,0.0,0.0,1.0
2025-09-24,127684.72177202745,-0.0004821527209267,0.0020832950170159847,0,0.0,0.0,0.0,1.0
2025-09-25,127576.8972968681,-0.0008444587078464,0.002925994468244264,0,0.0,0.0,0.0,1.0
2025-09-26,127653.913049755,0.0006036810309604,0.0023240798046411104,0,0.0,0.0,0.0,1.0
2025-09-29,127700.1321859578,0.0003620659570755,0.0019628553177443164,0,0.0,0.0,0.0,1.0
2025-09-30,127761.71331373768,0.0004822322947184,0.0014815695752500302,0,0.0,0.0,0.0,1.0
2025-10-01,127910.04308741313,0.001160987668592,0.0003223019906649638,0,0.0,0.0,0.0,1.0
2025-10-02,127940.92444321547,0.0002414302665916,8.09495375289071e-05,0,0.0,0.0,0.0,1.0
2025-10-03,127894.56003995283,-0.0003623891531533,0.00044330935544778516,0,0.0,0.0,0.0,1.0
2025-10-06,127863.66657856216,-0.000241554147268,0.0006847564195026079,0,0.0,0.0,0.0,1.0
2025-10-07,127925.47771252012,0.0004834143710401,0.00020167306955631847,0,0.0,0.0,0.0,1.0
2025-10-08,127910.04308741313,-0.0001206532536207,0.0003223019906649638,0,0.0,0.0,0.0,1.0
2025-10-09,127894.56003995285,-0.0001210463782715,0.00044330935544767414,0,0.0,0.0,0.0,1.0
2025-10-10,128110.85058645242,0.0016911629895126,0.0,0,0.0,0.0,0.0,1.0
2025-10-13,128357.9982775777,0.0019291706361632,0.0,0,0.0,0.0,0.0,1.0
2025-10-14,128265.34210458235,-0.0007218574162786,0.0007218574162786151,0,0.0,0.0,0.0,1.0
2025-10-15,128203.55518180104,-0.0004817117528984,0.0012032214419757103,0,0.0,0.0,0.0,1.0
2025-10-16,128373.44500827303,0.0013251569056027,0.0,0,0.0,0.0,0.0,1.0
2025-10-17,128357.99827757772,-0.0001203265262089,0.0001203265262088582,0,0.0,0.0,0.0,1.0
2025-10-20,128373.44500827305,0.0001203410064243,0.0,0,0.0,0.0,0.0,1.0
2025-10-21,128404.36268084036,0.000240841651989,0.0,0,0.0,0.0,0.0,1.0
2025-10-22,128404.36268084036,0.0,0.0,0,0.0,0.0,0.0,1.0
2025-10-23,128311.67019108008,-0.0007218795983645,0.0007218795983644499,0,0.0,0.0,0.0,1.0
2025-10-24,128388.90384455673,0.0006019222831534,0.00012039183062695358,0,0.0,0.0,0.0,1.0
2025-10-27,128357.99827757776,-0.0002407183646991,0.00036108121480149524,0,0.0,0.0,0.0,1.0
2025-10-28,128373.44500827309,0.0001203410064243,0.00024078366125390716,0,0.0,0.0,0.0,1.0
2025-10-29,127785.26545810659,-0.0038346611939836252,0.004821465640327149,4,0.25108288807422946,0.24842599770526916,0.2500118938039606,0.25047922041654086
2025-10-30,127879.05104162128,0.0007339311240500566,0.004091073139974144,4,0.24813933653251002,0.2467993740506498,0.2547356406879827,0.25032564872885743
2025-10-31,127723.72665250432,-0.0012146195006279817,0.005300723543387842,4,0.24925603991172826,0.2463627975026584,0.25366038672251756,0.2507207758630957
2025-11-03,127764.02685359267,0.000315526348506825,0.004986869712825137,4,0.24964505906712012,0.2456691630602005,0.2540350205989754,0.25065075727370395
2025-11-04,126898.96226433129,-0.006770799344424823,0.01172390396306755,4,0.24836752621997993,0.24789510475093396,0.2512864495243564,0.2524509195047297
2025-11-05,126712.16857674645,-0.000724980388714,0.013178634033642611,0,0.0,0.0,0.0,1.0
2025-11-06,126865.3860517937,0.0012091772776696,0.011985392060797184,0,0.0,0.0,0.0,1.0
2025-11-07,126926.69698204308,0.0004832754792891,0.011507908827600666,0,0.0,0.0,0.0,1.0
2025-11-10,126896.05348703364,-0.0002414267111495,0.011746557222169662,0,0.0,0.0,0.0,1.0
2025-11-11,127003.3057195667,0.0008451975422862,0.010911287841178008,0,0.0,0.0,0.0,1.0
2025-11-12,126957.35244716777,-0.0003618273724339,0.011269167211002462,0,0.0,0.0,0.0,1.0
2025-11-13,126880.74370964417,-0.0006034210390098,0.011865788197425009,0,0.0,0.0,0.0,1.0
2025-11-14,126926.69698204311,0.0003621768840202,0.011507908827600444,0,0.0,0.0,0.0,1.0
2025-11-17,126911.3752345384,-0.0001207133555747,0.011627233024884887,0,0.0,0.0,0.0,1.0
2025-11-18,126987.99594217725,0.0006037339639355,0.011030518816433132,0,0.0,0.0,0.0,1.0
2025-11-19,126972.67419467252,-0.0001206550854752,0.011149843013717686,0,0.0,0.0,0.0,1.0
2025-11-20,127079.93839732083,0.0008447817873304,0.010314480410696825,0,0.0,0.0,0.0,1.0
2025-11-21,127233.17981259855,0.0012058663012457,0.009121051993793095,0,0.0,0.0,0.0,1.0
2025-11-24,127248.50156010328,0.0001204225778785,0.00900172779650854,0,0.0,0.0,0.0,1.0
2025-11-25,127325.09832751166,0.0006019463213262,0.008405200032114979,0,0.0,0.0,0.0,1.0
2025-11-26,127309.78855012218,-0.0001202416302095,0.008524431007370437,0,0.0,0.0,0.0,1.0
2025-11-28,127309.78855012218,0.0,0.008524431007370437,0,0.0,0.0,0.0,1.0
2025-12-01,127200.66897961198,-0.0008571184647537,0.009374243024906193,0,0.0,0.0,0.0,1.0
2025-12-02,127277.51711944035,0.0006041488652916,0.008775757597900946,0,0.0,0.0,0.0,1.0
2025-12-03,127354.37722938399,0.000603878137185,0.008177178948866382,0,0.0,0.0,0.0,1.0
2025-12-04,127262.1474914747,-0.0007241976280342,0.008895454683301884,0,0.0,0.0,0.0,1.0
2025-12-05,127216.02663746243,-0.0003624082645262,0.009254639161534128,0,0.0,0.0,0.0,1.0
2025-12-08,127185.28738153109,-0.000241630372712,0.009494033332336116,0,0.0,0.0,0.0,1.0
2025-12-09,127123.79689955314,-0.0004834716596856,0.00997291489596952,0,0.0,0.0,0.0,1.0
2025-12-10,127339.00760141833,0.0016929222310377,0.00829687603426732,0,0.0,0.0,0.0,1.0
2025-12-11,127354.377229384,0.0001206985059423,0.00817717894886627,0,0.0,0.0,0.0,1.0
2025-12-12,127369.74685734967,0.000120683939571,0.008057481863465332,0,0.0,0.0,0.0,1.0
2025-12-15,127446.5830270628,0.0006032529043116,0.007459089658489182,0,0.0,0.0,0.0,1.0
2025-12-16,127508.06153892551,0.000482386505801,0.006980301316884985,0,0.0,0.0,0.0,1.0
2025-12-17,127523.41919677594,0.0001204446029927,0.006860697453513143,0,0.0,0.0,0.0,1.0
2025-12-18,127615.64893468523,0.000723237649133,0.006142421719077751,0,0.0,0.0,0.0,1.0
2025-12-19,127592.53464216052,-0.0001811242799583,0.006322433457325083,0,0.0,0.0,0.0,1.0
2025-12-22,127530.85263833878,-0.0004834295673704,0.006802806573424358,0,0.0,0.0,0.0,1.0
2025-12-23,127469.19457474751,-0.0004834756634626,0.007282993245465441,0,0.0,0.0,0.0,1.0
2025-12-24,127546.2940869959,0.0006048481949352,0.006682550155848399,0,0.0,0.0,0.0,1.0
2025-12-26,127638.7751973252,0.00072507877231,0.005962316758801212,0,0.0,0.0,0.0,1.0
2025-12-29,127700.44523103171,0.0004831606509163,0.0054820368647309214,0,0.0,0.0,0.0,1.0
2025-12-30,127731.28024788498,0.0002414636597192,0.005241896917695721,0,0.0,0.0,0.0,1.0
2025-12-31,127685.02772260508,-0.000362108053643,0.005602106838248577,0,0.0,0.0,0.0,1.0
