date,wealth,return,drawdown,action,w_SPY,w_TLT,w_GLD,w_SHY
2021-01-05,100000.0,0.0,0.0,0,0.0,0.0,0.0,1.0
2021-01-06,99942.087188302,-0.00057912811698,0.0005791281169800211,0,0.0,0.0,0.0,1.0
2021-01-07,99965.27670160167,0.0002320295078086,0.00034723298398331437,0,0.0,0.0,0.0,1.0
2021-01-08,99953.71243072744,-0.0001156828776532,0.00046287569272562834,0,0.0,0.0,0.0,1.0
2021-01-11,99942.087188302,-0.0001163062595948,0.0005791281169800211,0,0.0,0.0,0.0,1.0
2021-01-12,99928.0767000834,0.0008606746067271601,0.0007192329991659863,5,0.1998702256592172,0.5990080826307084,0.20112169171007446,0.0
2021-01-13,100569.41751771813,0.006418024231163856,0.0,5,0.1991304033206591,0.6018912591760276,0.19897833750331329,0.0
2021-01-14,99921.82479561455,-0.006439260941224977,0.0064392609412249335,5,0.19971916025070913,0.6001168839279138,0.20016395582137705,0.0
2021-01-15,99766.07587791406,-0.0015587076999351445,0.007987931715549013,5,0.19857214782759555,0.603438849423017,0.19798900274938755,0.0
2021-01-19,100283.30606410542,0.0051844294930904,0.002844915091233413,5,0.19909910460692268,0.6022641357328802,0.19863675966019717,0.0
2021-01-20,101352.33221427692,0.011267732588735,0.0,3,0.8020337637085824,0.19796623629141752,0.0,0.0
2021-01-21,101285.62741798132,-0.0006581476206642746,0.0006581476206642956,3,0.8032936615317773,0.19670633846822264,0.0,0.0
2021-01-22,101062.13960860683,-0.0022065105886366954,0.002863205999607099,3,0.8022205468180359,0.1977794531819641,0.0,0.0
2021-01-25,101617.45301128263,0.00549477187823667,0.0,3,0.8009831923310617,0.1990168076689382,0.0,0.0
2021-01-26,101452.23436882408,-0.0016258884430040165,0.0016258884430040421,3,0.8010352427580403,0.19896475724195967,0.0,0.0
2021-01-27,100047.58491250171,-0.01364713483308476,0.015448803844814063,1,0.5934344694713177,0.4065655305286822,0.0,0.0
2021-01-28,100333.34449857844,0.00285623672302193,0.012636692562660645,1,0.5968334155956729,0.40316658440432696,0.0,0.0
2021-01-29,98891.1778487606,-0.014373752385362471,0.026828808258157477,1,0.5934147532278837,0.4065852467721163,0.0,0.0
2021-02-01,99914.5907026866,0.01034887920428204,0.016757577149733915,1,0.597112883209268,0.40288711679073197,0.0,0.0
2021-02-02,100498.66145756237,0.005845700320324371,0.011009836603521728,1,0.6020368641301488,0.3979631358698513,0.0,0.0
2021-02-03,100189.17276591505,-0.0030774998891904,0.014055461960938986,1,0.6023254714593992,0.39767452854060076,0.0,0.0
2021-02-04,100768.57788368894,0.005783111106502728,0.008353635152609562,1,0.6056686418615146,0.3943313581384854,0.0,0.0
2021-02-05,100676.0658867272,-0.0009180639332680823,0.009264029914732408,1,0.6086111663209477,0.3913888336790523,0.0,0.0
2021-02-08,101291.5914976898,0.006113921968853465,0.0032067475018946467,1,0.6092814397485993,0.3907185602514007,0.0,0.0
2021-02-09,101279.80023633235,-0.00011640908374644098,0.0033227832911024713,1,0.6089467145657238,0.3910532854342762,0.0,0.0
2021-02-10,101707.82883878773,0.00463704213596292,0.0,5,0.19899015899346126,0.6012041252888481,0.19980571571769062,0.0
2021-02-11,101229.28023951818,-0.004705130418505675,0.004705130418505621,5,0.20025371380353493,0.6007395461778636,0.19900674001860147,0.0
2021-02-12,100512.97232451166,-0.007076094123278057,0.011747930596080036,5,0.202677107203699,0.5975066636948224,0.19981622910147848,0.0
2021-02-16,99292.59680082892,-0.012141472841363141,0.02374676625716865,5,0.20499050591975512,0.5956406940083018,0.1993688000719432,0.0
2021-02-17,99448.08825617246,0.0015659924340122422,0.02221796107944729,5,0.20471694234372742,0.5984858447498347,0.19679721290643779,0.0
2021-02-18,99096.93954110323,-0.003333150754973154,0.02567048503043845,2,0.39962957690270734,0.3997136214110541,0.20065680168623864,0.0
2021-02-19,98582.97319292341,-0.005186500718991711,0.030723845760363022,2,0.4010036571156738,0.3964566336945967,0.20253970918972947,0.0
2021-02-22,98280.4688072579,-0.00306852568823942,0.03369809453864536,2,0.3991440468929471,0.394651650591517,0.20620430251553593,0.0
2021-02-23,98169.62402524636,-0.0011278414048770335,0.03478792983723611,2,0.40007996994762707,0.39395785853268694,0.20596217151968607,0.0
2021-02-24,98334.38127168502,0.0016782915089528893,0.03316802261554319,2,0.40381101760820154,0.3907177870520245,0.20547119533977412,0.0
2021-02-25,96250.59545387172,-0.02098965795928724,0.053655981522976015,1,0.5980963670738298,0.4019036329261702,0.0,0.0
2021-02-26,97232.78960351643,0.010204551410961578,0.043998965333971185,1,0.5890039882466157,0.4109960117533844,0.0,0.0
2021-03-01,98093.22797172518,0.00884926136252322,0.03553906231536885,1,0.5979897428496974,0.4020102571503026,0.0,0.0
2021-03-02,97638.29664055456,-0.004637744527091697,0.04001198575070941,1,0.5960879389848427,0.40391206101515736,0.0,0.0
2021-03-03,96439.64620504639,-0.012276437389325585,0.051797218502143916,1,0.5955031068046515,0.4044968931953486,0.0,0.0
2021-03-04,95341.00605779001,-0.01118978824901458,0.06259914161661495,3,0.7990411080306,0.20095889196939992,0.0,0.0
2021-03-05,96779.80001650658,0.015091029748988221,0.04845279737602437,3,0.8016431743155147,0.19835682568448543,0.0,0.0
2021-03-08,96244.27050067068,-0.0055334844228295006,0.05371816899933113,3,0.80209031115875,0.19790968884125013,0.0,0.0
2021-03-09,97610.41219389769,0.014194524890886686,0.0402861479953982,3,0.8021559733643567,0.1978440266356432,0.0,0.0
2021-03-10,98136.48104441771,0.005389474736312197,0.035113794435930656,3,0.8028222757354391,0.19717772426456087,0.0,0.0
2021-03-11,98790.64993622516,0.006668750500156322,0.028681950405080814,3,0.8027580074531094,0.1972419925468907,0.0,0.0
2021-03-12,98483.9478301367,-0.003104566133398767,0.031697471526612175,3,0.8063424912590051,0.1936575087409948,0.0,0.0
2021-03-15,99069.65827309474,0.005947268116914454,0.02593871677149484,3,0.8063554704836383,0.19364452951636177,0.0,0.0
2021-03-16,98891.78975232816,-0.0017953884556285106,0.02768753515447797,3,0.8067868421387945,0.1932131578612056,0.0,0.0
2021-03-17,99020.87173343256,0.0013052851144437772,0.026418390167527117,3,0.8084825958575913,0.19151740414240861,0.0,0.0
2021-03-18,97734.95766498648,-0.0127804750622461,0.03906160635970768,1,0.5989247394517425,0.4010752605482575,0.0,0.0
2021-03-19,97869.59605806023,0.0013775868562327731,0.037737830258979366,1,0.5969941663027154,0.40300583369728465,0.0,0.0
2021-03-22,98778.13361969145,0.009283144083809692,0.028805011890874144,1,0.596226352746863,0.4037736472531372,0.0,0.0
2021-03-23,98674.6198190339,-0.0010479424632185033,0.02982276835897868,1,0.5921541482584654,0.40784585174153465,0.0,0.0
2021-03-24,98594.17833903246,-0.0008152195584739096,0.030613675813398467,1,0.5896245273284875,0.41037547267151253,0.0,0.0
2021-03-25,98861.60844205428,0.0029234234901538603,0.027984280357069236,3,0.8021554459159768,0.1978445540840231,0.0,0.0
2021-03-26,100071.10712840148,0.01223426065393337,0.01609238668323698,3,0.8052306805144724,0.19476931948552767,0.0,0.0
2021-03-29,99864.96135823685,-0.0020599928998499555,0.018119229380777813,3,0.8064853466874446,0.19351465331255535,0.0,0.0
2021-03-30,99752.55040902481,-0.0011256295269448662,0.01922446336812611,3,0.8052521933203045,0.19474780667969552,0.0,0.0
2021-03-31,99969.75025562764,0.002177386399768393,0.017088936053438197,3,0.8067595262119874,0.19324047378801248,0.0,0.0
2021-04-01,101164.57142279312,0.01195866742992882,0.005341352993147641,3,0.7990833103060789,0.20091668969392107,0.0,0.0
2021-04-05,102236.17973732438,0.010592723316671236,0.0,3,0.8020567337128048,0.1979432662871951,0.0,0.0
2021-04-06,102325.20749281012,0.0008708047944913896,0.0,3,0.8008855045446802,0.19911449545531973,0.0,0.0
2021-04-07,102278.14122433511,-0.00045996748629429334,0.0004599674862942882,3,0.8021813238960046,0.19781867610399542,0.0,0.0
2021-04-08,102834.63020316568,0.005440937547055943,0.0,3,0.8016276138702184,0.19837238612978159,0.0,0.0
2021-04-09,103113.39837440156,0.0029130544049443,0.0,1,0.6026066831027896,0.39739331689721036,0.0,0.0
2021-04-12,103118.17944565442,4.6367119387359236e-05,0.0,1,0.6027983566497384,0.39720164335026165,0.0,0.0
2021-04-13,103609.32565841962,0.004762944956995239,0.0,1,0.6017190990836282,0.3982809009163719,0.0,0.0
2021-04-14,103265.29693681088,-0.0033204416631659184,0.0033204416631659184,1,0.6016617863192454,0.3983382136807546,0.0,0.0
2021-04-15,104621.08032154941,0.013129128806632449,0.0,1,0.600244381979268,0.39975561802073206,0.0,0.0
2021-04-16,104717.39784590864,0.00112061156149136,0.0,3,0.8017754153398012,0.19822458466019877,0.0,0.0
2021-04-19,104245.29048404408,-0.004508394703994338,0.004508394703994334,3,0.801449573498981,0.19855042650101892,0.0,0.0
2021-04-20,103728.98888608786,-0.0049527570555836205,0.00943882277589847,3,0.7995416423894991,0.20045835761050088,0.0,0.0
2021-04-21,104555.47984471018,0.00796779152576106,0.0015462378222644846,3,0.8007270455743012,0.19927295442569884,0.0,0.0
2021-04-22,103881.79004489238,-0.006443371507819482,0.00797964634535564,3,0.7985594352689309,0.2014405647310691,0.0,0.0
2021-04-23,104733.84939513236,0.008203653652662601,0.0,3,0.8020937176027194,0.1979062823972807,0.0,0.0
2021-04-26,104879.60793241512,0.0013917041923366459,0.0,3,0.8026509075465124,0.1973490924534877,0.0,0.0
2021-04-27,104680.92920793555,-0.001894350373693182,0.0018943503736932321,3,0.8040011343471605,0.19599886565283953,0.0,0.0
2021-04-28,104670.05891241856,-0.00010384217640438756,0.0019979958366319606,3,0.8038536006546418,0.19614639934535824,0.0,0.0
2021-04-29,105145.60223493203,0.004543260292911103,0.0,3,0.8053176524844693,0.19468234751553082,0.0,0.0
2021-04-30,104641.0038287561,-0.00479375216850948,0.004799044329485858,3,0.7985717676725171,0.20142823232748286,0.0,0.0
2021-05-03,104833.85255689402,0.0018429556395837962,0.002964933115713664,3,0.7988218401264081,0.20117815987359192,0.0,0.0
2021-05-04,104460.32774053777,-0.003563017167126707,0.006517386175249773,3,0.796732277086051,0.20326772291394907,0.0,0.0
2021-05-05,104521.3793790794,0.0005844480853369245,0.005936747163784339,3,0.7965159993851376,0.20348400061486224,0.0,0.0
2021-05-06,105221.22945740557,0.006695760068262729,0.0,3,0.7975366640099066,0.20246333599009328,0.0,0.0
2021-05-07,105729.82844215512,0.0048360909305733,0.0,3,0.8019441637077016,0.19805583629229845,0.0,0.0
2021-05-10,104678.13974667517,-0.009946944121405975,0.009946944121405954,3,0.8019801934152008,0.19801980658479926,0.0,0.0
2021-05-11,103811.59573438243,-0.008278175504358509,0.018142777076595396,3,0.8014573061442066,0.19854269385579337,0.0,0.0
2021-05-12,101827.40388161218,-0.019113393246040663,0.036909400289795835,3,0.7997153957485195,0.20028460425148045,0.0,0.0
2021-05-13,102837.2005984615,0.009916748128267603,0.02735867338776765,3,0.8013748938882205,0.19862510611177941,0.0,0.0
2021-05-14,104292.6629563202,0.014154466875117361,0.013592810155945712,3,0.8009473447619095,0.19905265523809054,0.0,0.0
2021-05-17,104036.19624218298,-0.0024591060086809227,0.0160184900034972,3,0.8008787360036477,0.19912126399635238,0.0,0.0
2021-05-18,103265.35174617647,-0.0074093875386609396,0.023309190341938013,3,0.799905562555624,0.2000944374443761,0.0,0.0
2021-05-19,102998.79847311061,-0.0025812459702944605,0.02583026955859158,3,0.7998729718387505,0.20012702816124953,0.0,0.0
2021-05-20,104054.71415170506,0.010251728119625703,0.015843346339737163,3,0.8002737921174861,0.199726207882514,0.0,0.0
2021-05-21,104053.27292898997,-1.3576835541539975e-05,0.015856977523446836,3,0.7993559914312505,0.20064400856874962,0.0,0.0
2021-05-24,104978.50947930703,0.008891950481446914,0.0071060265009238455,3,0.8003877217801855,0.19961227821981453,0.0,0.0
2021-05-25,104986.21066251825,7.33596166436255e-05,0.007033188179660255,3,0.798553298978213,0.20144670102178683,0.0,0.0
2021-05-26,105116.1874229235,0.0012380364962695778,0.005803859027042169,3,0.7991487410229073,0.20085125897709272,0.0,0.0
2021-05-27,105075.37007364277,-0.0003883069799373851,0.006189912328008806,3,0.7998788862040696,0.20012111379593045,0.0,0.0
2021-05-28,105192.37434081458,0.00111364830158688,0.005083277909928574,3,0.8005394969783367,0.19946050302166327,0.0,0.0
2021-06-01,105113.4858838985,-0.000749944636295469,0.005829410369220689,3,0.8004345874998,0.19956541250019993,0.0,0.0
2021-06-02,105294.36096361159,0.0017207599785329572,0.004118681406749647,3,0.8003161107816127,0.19968388921838737,0.0,0.0
2021-06-03,104902.69854357345,-0.0037196903656928387,0.007823051552894533,3,0.8003229030760497,0.19967709692395025,0.0,0.0
2021-06-04,105957.40105395994,0.010054102754548102,0.0,3,0.7996032901250307,0.20039670987496913,0.0,0.0
2021-06-07,105809.9957347019,-0.0013907791424232,0.0013911753005623195,3,0.8003369260735951,0.19966307392640495,0.0,0.0
2021-06-08,105976.47601725397,0.0015733889921845593,0.0,3,0.7992498603450635,0.20075013965493638,0.0,0.0
2021-06-09,106037.92442848528,0.0005798306713020819,0.0,3,0.7975948923955555,0.2024051076044445,0.0,0.0
2021-06-10,106559.84032245442,0.004921973876630643,0.0,3,0.7973780004960588,0.2026219995039413,0.0,0.0
2021-06-11,106665.38508428853,0.0009904740990106893,0.0,3,0.7979050702220196,0.2020949297779804,0.0,0.0
2021-06-14,106692.83969262538,0.00025948551903866,0.0,3,0.8015833417433255,0.19841665825667443,0.0,0.0
2021-06-15,106510.4941959902,-0.0017090696729085992,0.0017090696729086252,3,0.8014829127726691,0.1985170872273308,0.0,0.0
2021-06-16,106015.8707421685,-0.0046438940834465,0.00634502701781281,3,0.8007264113821781,0.19927358861782193,0.0,0.0
2021-06-17,106304.01605991619,0.0027179451126564747,0.0036443273403291565,3,0.7982911659237456,0.2017088340762543,0.0,0.0
2021-06-18,105562.45040188848,-0.0069758950368323846,0.010594799932155508,3,0.793054113431396,0.2069458865686039,0.0,0.0
2021-06-21,105741.76855761712,0.0018921120161091392,0.008914104617968932,1,0.6074402007695503,0.39255979923044987,0.0,0.0
2021-06-22,106186.57076790748,0.004206494901283818,0.004745106852309999,1,0.6081296270695425,0.3918703729304574,0.0,0.0
2021-06-23,106001.54703538383,-0.0017424400391276172,0.006479278827268176,1,0.608456869941468,0.3915431300585321,0.0,0.0
2021-06-24,106449.73583831513,0.004228134545825953,0.0022785395440838574,1,0.6094794428177817,0.39052055718221823,0.0,0.0
2021-06-25,106248.54480831281,-0.0018900096690507306,0.004164242751364955,1,0.612802523001413,0.387197476998587,0.0,0.0
2021-06-28,106812.63442129952,0.00532202208249716,0.0,1,0.5980268994107998,0.40197310058920016,0.0,0.0
2021-06-29,106918.80703996345,0.0009940080519421307,0.0,1,0.5977544044974823,0.4022455955025177,0.0,0.0
2021-06-30,107164.1600967887,0.002294760516113457,0.0,1,0.596887901646737,0.403112098353263,0.0,0.0
2021-07-01,107520.6809089173,0.003326866107163025,0.0,1,0.5982023787895757,0.40179762121042434,0.0,0.0
2021-07-02,108273.01056444581,0.006997069300238457,0.0,1,0.5985864239151188,0.40141357608488115,0.0,0.0
2021-07-06,108662.14717232577,0.0035954501336965803,0.0,1,0.5967615263059737,0.40323847369402643,0.0,0.0
2021-07-07,109279.49282497184,0.005681331252059861,0.0,1,0.5954872773904382,0.4045127226095618,0.0,0.0
2021-07-08,108922.45815816756,-0.003267169874004883,0.0032671698740048827,1,0.5925713831782636,0.40742861682173637,0.0,0.0
2021-07-09,108987.36995952541,0.0005959450645485042,0.0026731718632178048,1,0.59854017505021,0.40145982494979005,0.0,0.0
2021-07-12,109164.3227872119,0.0016236085681507826,0.0010539034798083824,1,0.5997104723479655,0.40028952765203457,0.0,0.0
2021-07-13,108606.82098096596,-0.005106708376193619,0.006155517623816831,1,0.6010239384373031,0.3989760615626968,0.0,0.0
2021-07-14,109196.53219838967,0.005429780672128018,0.0007591600623095829,1,0.5986699818367449,0.4013300181632551,0.0,0.0
2021-07-15,109456.6488364921,0.0023820961423007886,0.0,1,0.5952074288664619,0.4047925711335381,0.0,0.0
2021-07-16,108862.08840070659,-0.0054319261744771525,0.005431926174477186,1,0.5937641762029998,0.40623582379700013,0.0,0.0
2021-07-19,108877.29156188286,0.000139655240861182,0.0052930295305742,1,0.584913887591249,0.41508611240875115,0.0,0.0
2021-07-20,109391.96500457206,0.00474225396003176,0.00059095388546615,1,0.6057256919286603,0.3942743080713398,0.0,0.0
2021-07-21,109382.12077028022,-8.999046951416553e-05,0.0006808911747627766,1,0.6106847205342485,0.38931527946575145,0.0,0.0
2021-07-22,109924.57166231005,0.004959228146335227,0.0,1,0.6089437850440687,0.3910562149559314,0.0,0.0
2021-07-23,110325.68730059442,0.003649007971726472,0.0,1,0.6129718240027142,0.3870281759972857,0.0,0.0
2021-07-26,110365.17370412986,0.0003579076142789853,0.0,1,0.6142567010616424,0.3857432989383575,0.0,0.0
2021-07-27,110532.89430721955,0.0015339663256605598,0.0,1,0.5963507022885517,0.40364929771144825,0.0,0.0
2021-07-28,110508.84586479736,-0.00021756819608247834,0.0002175681960824294,1,0.5962358981112081,0.40376410188879186,0.0,0.0
2021-07-29,110534.65730001441,0.00023356895111028986,0.0,1,0.5985689023340173,0.40143109766598273,0.0,0.0
2021-07-30,110422.0576034663,-0.0010186822784685546,0.0010186822784685745,1,0.5962694551288982,0.4037305448711018,0.0,0.0
2021-08-02,110681.52145948673,0.002349746614504965,0.0,1,0.593623427163883,0.4063765728361169,0.0,0.0
2021-08-03,110837.59761082633,0.0018044710951720798,0.0,5,0.2012639715496867,0.5992375130873497,0.19949851536296354,0.0
2021-08-04,110869.68249839926,0.00028947656990524213,0.0,5,0.20021600959506608,0.600296147929079,0.1994878424758548,0.0
2021-08-05,110583.54173043427,-0.002580874784854882,0.002580874784854914,5,0.2020052969760944,0.5987811095341743,0.19921359348973128,0.0
2021-08-06,108964.06036997201,-0.014644867899149157,0.017187946113715658,5,0.20534636280425508,0.5975317919477414,0.19712184524800352,0.0
2021-08-09,108331.41351601624,-0.005806013944485147,0.02289416660338739,5,0.20637748804327175,0.5988659926107499,0.19475651934597832,0.0
2021-08-10,108064.22287963585,-0.0024600570143618,0.02530411881358019,5,0.20074265930886845,0.5987021243799814,0.20055521631115025,0.0
2021-08-11,108377.16776953239,0.0028959157948610587,0.022481481616066223,5,0.2006603736263849,0.5966068581192964,0.2027327682543188,0.0
2021-08-12,108341.73490910868,-0.00032694026936611243,0.022801071783777105,5,0.20132759236744,0.5958238813092748,0.20284852632328523,0.0
2021-08-13,109715.95303579317,0.012684106709546051,0.010406176301828496,5,0.19916772744573422,0.5976548998556387,0.2031773726986271,0.0
2021-08-16,110037.49856305875,0.0029307089659121655,0.007505964810105126,5,0.19905330359226936,0.5973524910968531,0.20359420531087752,0.0
2021-08-17,109833.34219125943,-0.00185174699043038,0.009347373274517845,5,0.19905754138100668,0.6008709841618917,0.20007147445710166,0.0
2021-08-18,109832.84755436273,-4.503522216782843e-06,0.0093518347006315,5,0.19687975488347806,0.602892090833206,0.2002281542833159,0.0
2021-08-19,110289.56109145953,0.004158260003873141,0.005232462056956821,5,0.1963680763610924,0.604817641592258,0.19881428204664964,0.0
2021-08-20,110518.06309515331,0.002071837093487846,0.003171465772448867,5,0.197521331991924,0.603968275299817,0.19851039270825913,0.0
2021-08-23,110932.91803375703,0.0037537297251268847,0.0,5,0.19851364994405818,0.6013099935880472,0.20017635646789458,0.0
2021-08-24,110705.99607518851,-0.0016948636269251752,0.0020455781979832333,4,0.25082198007553713,0.24847684371377918,0.25030569874158987,0.2503954774690939
2021-08-25,110340.29969557785,-0.0033033114065681435,0.005342132422757051,4,0.2521813560051426,0.24722950673954727,0.24939304240714702,0.2511960948481631
2021-08-26,110282.81031270378,-0.0005210189117909406,0.0058603679825264265,4,0.2508233264682892,0.24804350539306336,0.24980612714908434,0.2513270409895631
2021-08-27,111149.60034837518,0.007859702098755398,0.0,4,0.2510924083307868,0.2477836846028548,0.25158323105896463,0.24954067600739382
2021-08-30,111212.61685506561,0.0005669521662059909,0.0,4,0.25205372759865696,0.24828943263768485,0.2501996559268025,0.24945718383685558
2021-08-31,111034.5157913197,-0.0015991967895626,0.001601446569484244,4,0.2500294488322899,0.248696016508947,0.2509031572017238,0.2503713774570393
2021-09-01,111094.92209677021,0.0005440317816490967,0.0010582860256654891,4,0.2500263468248296,0.24897723194858604,0.25078150194392884,0.2502149192826556
2021-09-02,111227.23871216922,0.0011910230719973,0.0,4,0.2504972234539436,0.24976655512033302,0.24981895936826845,0.2499172620574547
2021-09-03,111264.99117044848,0.0003394173829754273,0.0,4,0.2503514636633826,0.247411162878517,0.2524049088819544,0.24983246457614605
2021-09-07,110373.51312249618,-0.00801220616273304,0.008012206162733015,4,0.2514711474639761,0.24730547956117327,0.2494606120428131,0.25176276093203753
2021-09-08,110316.520378589,0.0002320483596103,0.008524431466556348,0,0.0,0.0,0.0,1.0
2021-09-09,110342.06834705833,0.000231587874433,0.00829481774708729,0,0.0,0.0,0.0,1.0
2021-09-10,110303.75760944148,-0.0003471997415923,0.008639137530101149,0,0.0,0.0,0.0,1.0
2021-09-13,110329.29436282368,0.0002315129958909,0.008409624606821708,0,0.0,0.0,0.0,1.0
2021-09-14,110342.06834705833,0.0001157805305329,0.00829481774708729,0,0.0,0.0,0.0,1.0
2021-09-15,110054.64414357491,-0.0016064534332757999,0.010878057995973078,5,0.201994991844487,0.5988579409415908,0.1991470672139222,0.0
2021-09-16,109221.12563238697,-0.007573678672755894,0.018369349752883957,5,0.20321392248058476,0.6006627183305782,0.1961233591888371,0.0
2021-09-17,108655.83178641189,-0.005175682293164883,0.023449958127795933,5,0.20228128840197865,0.6008874803354028,0.19683123126261853,0.0
2021-09-20,109251.8420869686,0.005485304292992853,0.01809328399079202,5,0.19782331967536496,0.6050207168412696,0.19715596348336542,0.0
2021-09-21,109318.21631213491,0.0006075341513554763,0.01749674212737118,5,0.1975164385302277,0.6041332623124088,0.19835029915736346,0.0
2021-09-22,109840.59672682817,0.004782683382573221,0.012801820488515303,5,0.20098971792743867,0.6007055131423891,0.19830476893017218,0.0
2021-09-23,108366.33447536865,-0.013421833961135303,0.02605183054065352,5,0.20619929817193275,0.5951189636169667,0.19868173821110063,0.0
2021-09-24,107745.19377254714,-0.005731860414294071,0.03163436549875165,5,0.20772963026848115,0.5926998829196176,0.1995704868119013,0.0
2021-09-27,107491.18738213013,-0.0023574730484333625,0.03391726138311746,5,0.2076247614800452,0.5919166632614462,0.20045857525850863,0.0
2021-09-28,105841.0129288311,-0.015351718531424098,0.048748291664431176,5,0.2066126178912484,0.591781552290794,0.20160582981795755,0.0
2021-09-29,105890.56628536539,0.00047640908163175996,0.048302928248562305,5,0.20024124714139302,0.6007545114914039,0.19900424136720302,0.0
2021-09-30,106001.42472157202,0.001046915132249658,0.047306582182828016,5,0.19758697106154754,0.6000432212657386,0.2023698076727138,0.0
2021-10-01,106833.98961205773,0.007854280191729178,0.039823861142475936,5,0.19837704841822767,0.6003778311096074,0.20124512047216486,0.0
2021-10-04,106497.91912479872,-0.0031457262663256934,0.0428443124427792,5,0.19643666489811862,0.6007386952487773,0.2028246398531041,0.0
2021-10-05,105997.23302965096,-0.004701369747525605,0.047344255235932775,5,0.19941813516272994,0.5977480879972052,0.20283377684006482,0.0
2021-10-06,106500.4918125847,0.00475069554197954,0.04282119027507025,5,0.19988163441488144,0.6005318753687671,0.1995864902163515,0.0
2021-10-07,105903.66647875289,-0.0056039678660083185,0.04818518956679285,5,0.20274593190158183,0.5976008958488659,0.1996531722495522,0.0
2021-10-08,105430.54521252743,-0.004467468237470133,0.05243739200035691,5,0.20328436250368584,0.5960810113198693,0.20063462617644473,0.0
2021-10-11,105075.99526926638,-0.0033628768830356497,0.05562392839002783,5,0.20249361527833531,0.5965747645227414,0.2009316201989233,0.0
2021-10-12,106190.86468264309,0.010610124705645306,0.04560398050121861,5,0.19987443100552996,0.6004059074104485,0.19971966158402166,0.0
2021-10-13,107264.8624503739,0.01011425333582948,0.03595136869194304,5,0.19870974450901416,0.5997696464224404,0.20152060906854558,0.0
2021-10-14,107915.29027615392,0.0060637548114223965,0.030105614165403694,5,0.20083433584794388,0.5983696192266331,0.2007960449254231,0.0
2021-10-15,107359.70634722374,-0.005148333730173445,0.03509895414670172,5,0.20341109385609438,0.5979614816174026,0.1986274245265031,0.0
2021-10-18,107672.51314820733,0.002913633164866558,0.03228758645868923,5,0.2034206030907444,0.5990201658117755,0.19755923109748005,0.0
2021-10-19,107020.08059212874,-0.006059416066387774,0.03815135860494434,5,0.20623963577118076,0.5943579805559848,0.19940238367283453,0.0
2021-10-20,106950.42323815166,0.000349468310385,0.03877740776240457,0,0.0,0.0,0.0,1.0
2021-10-21,106825.93534430729,-0.001163977570871,0.0398962493003836,0,0.0,0.0,0.0,1.0
2021-10-22,106801.0704824619,-0.0002327605348387,0.04011972356289717,0,0.0,0.0,0.0,1.0
2021-10-25,106850.86563999964,0.0004662421201659,0.03967218694770558,0,0.0,0.0,0.0,1.0
2021-10-26,106825.93534430729,-0.0002333186122829,0.0398962493003836,0,0.0,0.0,0.0,1.0
2021-10-27,107845.55755561418,0.01055526187287118,0.03073234068383668,5,0.19703420508863154,0.6045354668919217,0.19843032801944663,0.0
2021-10-28,107824.83513581645,-0.0001921490348551927,0.030918584529090576,5,0.1989736122516192,0.6026051369477881,0.19842125080059278,0.0
2021-10-29,107884.9494021106,0.0005575178132053782,0.030378304377519427,5,0.19926625923458788,0.6041102593206011,0.19662348144481112,0.0
2021-11-01,107563.40336599443,-0.002980453139183487,0.03326821640405775,5,0.20020572538311862,0.6015534562018641,0.1982408184150174,0.0
2021-11-02,107891.86418535153,0.003053648444345668,0.03031615739698046,5,0.2004032099560924,0.6023842091818099,0.19721258086209764,0.0
2021-11-03,107758.88836891491,-0.0002327243254361,0.03151128458872143,0,0.0,0.0,0.0,1.0
2021-11-04,107859.25716865071,0.0009314201478414,0.030609214686230235,0,0.0,0.0,0.0,1.0
2021-11-05,107909.48005770445,0.0004656335522059,0.030157833811388812,0,0.0,0.0,0.0,1.0
2021-11-08,107783.9723211662,-0.0011630835073168,0.03128584123958322,0,0.0,0.0,0.0,1.0
2021-11-09,107846.74268480069,0.0005823719638708,0.030721689272516395,0,0.0,0.0,0.0,1.0
2021-11-10,107633.38063237668,-0.0019783819808781,0.03263929201691562,0,0.0,0.0,0.0,1.0
2021-11-11,107558.12877562287,-0.0006991498019637,0.033315622064329475,0,0.0,0.0,0.0,1.0
2021-11-12,107645.96109768815,0.0008166032922394,0.03252622441875075,0,0.0,0.0,0.0,1.0
2021-11-15,107633.38063237669,-0.0001168689023088,0.03263929201691551,0,0.0,0.0,0.0,1.0
2021-11-16,107633.38063237669,0.0,0.03263929201691551,0,0.0,0.0,0.0,1.0
2021-11-17,108181.30447595453,0.00609674650923738,0.027714797458348817,5,0.19830515340680568,0.6010904439954513,0.20060440259774304,0.0
2021-11-18,108429.04278446434,0.0022900288521189574,0.025488236292040112,5,0.1985240508703541,0.6019721865387143,0.19950376259093158,0.0
2021-11-19,108914.29916375979,0.004475335821787597,0.021126968887164477,5,0.19728613333602518,0.6056176465030048,0.1970962201609702,0.0
2021-11-22,107598.90795976753,-0.012077304946107014,0.0329491169874343,5,0.19913577602612734,0.6058315217462926,0.19503270222758007,0.0
2021-11-23,106503.19818786738,-0.010183279669621143,0.04279686658390547,5,0.2014512523865375,0.6032144028749874,0.19533434473847514,0.0
2021-11-24,106371.85942405577,-0.0002334242208008,0.043977280678491715,0,0.0,0.0,0.0,1.0
2021-11-26,106582.99438159341,0.0019848760629062,0.04207969406731593,0,0.0,0.0,0.0,1.0
2021-11-29,106632.64374635046,0.0004658282031304,0.04163346777246102,0,0.0,0.0,0.0,1.0
2021-11-30,106545.73014991256,-0.0008150749468863,0.04241460832281396,0,0.0,0.0,0.0,1.0
2021-12-01,106558.12616623398,0.0001163445621328,0.04230319846971442,0,0.0,0.0,0.0,1.0
2021-12-02,106739.46169619053,0.0027044566972880798,0.040673435791903634,5,0.20251553546633466,0.5991282744259164,0.1983561901077489,0.0
2021-12-03,107492.53726840118,0.007055268597420189,0.03390512920877531,5,0.19934695682221243,0.6020296218298812,0.19862342134790642,0.0
2021-12-06,106804.93013984569,-0.006396789451890805,0.040085034687778465,5,0.20300648559407805,0.5975832329591471,0.1994102814467749,0.0
2021-12-07,106813.31856567763,7.853968745616896e-05,0.04000964326641854,5,0.2071893604195211,0.5927082691845665,0.20010237039591242,0.0
2021-12-08,105789.17006336851,-0.00958820974820099,0.049214232163030336,5,0.209749086565516,0.5881023420953736,0.20214857133911035,0.0
2021-12-09,105646.35347934988,-0.000350361746968,0.05049780377451629,0,0.0,0.0,0.0,1.0
2021-12-10,105695.73779182557,0.0004674492857468,0.05005395965107562,0,0.0,0.0,0.0,1.0
2021-12-13,105757.53310482921,0.0005846528374242,0.049498571003185665,0,0.0,0.0,0.0,1.0
2021-12-14,105695.73779182558,-0.0005843112182126,0.05005395965107551,0,0.0,0.0,0.0,1.0
2021-12-15,105732.80848738686,0.0003507302785878,0.04972078481170039,0,0.0,0.0,0.0,1.0
2021-12-16,105721.0241923951,0.0008894359035482801,0.04982669678695706,5,0.19806017354600264,0.59970019334933,0.20223963310466744,0.0
2021-12-17,106170.82805416087,0.004254630194910014,0.04578406076070951,5,0.19512205463981783,0.6039262464471743,0.20095169891300788,0.0
2021-12-20,105379.86068234479,-0.007449950106940729,0.052892921899289735,5,0.1944962323451383,0.6039004142274179,0.2016033534274438,0.0
2021-12-21,105492.66959936095,0.001070497875834212,0.05187904578399538,5,0.1977386321234813,0.6009579586322976,0.201303409244221,0.0
2021-12-22,106194.17372698241,0.006649790267756201,0.04557424028999402,5,0.1983964212296278,0.5997501952927026,0.20185338347766957,0.0
2021-12-23,105821.14361277754,-0.0035108704517137594,0.048926868194609674,5,0.20195347121095283,0.5968894888857113,0.20115703990333583,0.0
2021-12-27,106327.09867968979,0.00478122849214006,0.04437957023871297,5,0.2038369639030162,0.5954892747000162,0.2006737613969676,0.0
2021-12-28,105966.47635943916,-0.003391631340727234,0.04762068243813056,5,0.20436351425014385,0.5951476571606363,0.20048882858921985,0.0
2021-12-29,105298.93690431786,-0.006299534324959541,0.05362022863949312,5,0.20592216486468434,0.5923778369578396,0.2016999981774761,0.0
2021-12-30,105914.52274978701,0.005846078446437859,0.04808761825599761,5,0.2041593487797052,0.5938737232193461,0.20196692800094862,0.0
2021-12-31,106129.80155058212,0.0020387098927635,0.04615278863411476,5,0.19909003252822968,0.5999533421332061,0.20095662533856437,0.0
2022-01-03,104252.61366652792,-0.01768766036144453,0.0630241141454656,5,0.20384835537614304,0.5947236952983023,0.20142794932555472,0.0
2022-01-04,104142.3692139834,-0.0010574742317460129,0.06401494200052404,5,0.20399584379512872,0.5928775837413898,0.20312657246348154,0.0
2022-01-05,103335.68717308824,-0.007745954379409713,0.07126503955959718,5,0.20164058913143715,0.5942628524445804,0.20409655842398236,0.0
2022-01-06,103216.84582748984,-0.0011500513409209295,0.07233313244621187,5,0.20168307167634386,0.5964872395586103,0.2018296887650458,0.0
2022-01-07,102783.64568346765,-0.00419349268967902,0.0762265416800163,5,0.20004820466647105,0.5981955042650549,0.201756291068474,0.0
2022-01-10,102972.42130220395,0.001836630890848696,0.07452991081031968,5,0.1994329889955823,0.5985683363148768,0.20199867468954089,0.0
2022-01-11,103820.97464765921,0.008240588448094402,0.06690349268428619,5,0.1996046252281292,0.5976305571809416,0.2027648175909292,0.0
2022-01-12,103694.91159902807,-0.0012142348794063533,0.06803649100932119,5,0.2003875913825786,0.5960646052681315,0.20354780334928993,0.0
2022-01-13,103885.82898444321,0.001841145167791658,0.06632061089818464,5,0.19726335150444949,0.600253096302234,0.20248355219331657,0.0
2022-01-14,103648.0520899982,-0.0012901190842034,0.06845764332809579,0,0.0,0.0,0.0,1.0
2022-01-18,103489.90825374669,-0.0015257772149368,0.0698789694306543,0,0.0,0.0,0.0,1.0
2022-01-19,103538.50969820078,0.0004696249641551,0.06944216137501324,0,0.0,0.0,0.0,1.0
2022-01-20,103514.22495978577,-0.0002345478845098,0.06966042174747666,0,0.0,0.0,0.0,1.0
2022-01-21,103599.38671029598,0.0008227057734653,0.06889502600516506,0,0.0,0.0,0.0,1.0
2022-01-24,103660.23175476713,0.0005873108558189,0.06834817794603076,0,0.0,0.0,0.0,1.0
2022-01-25,103611.59834268897,-0.0004691617147182,0.06878527331238593,0,0.0,0.0,0.0,1.0
2022-01-26,103429.02058577682,-0.0017621362842825,0.07042620057074045,0,0.0,0.0,0.0,1.0
2022-01-27,103343.83752351723,-0.0008235895668077,0.0711917878535282,0,0.0,0.0,0.0,1.0
2022-01-28,103380.29127082646,0.0003527423422895,0.07086415786923783,0,0.0,0.0,0.0,1.0
2022-01-31,103380.29127082646,0.0,0.07086415786923783,0,0.0,0.0,0.0,1.0
2022-02-01,103371.83050632382,-8.184117493414966e-05,0.07094019943823127,0,0.0,0.0,0.0,1.0
2022-02-02,103396.1472123629,0.0002352353239754,0.07072165175505363,0,0.0,0.0,0.0,1.0
2022-02-03,103310.96415010332,-0.0008238514157073,0.07148723903784138,0,0.0,0.0,0.0,1.0
2022-02-04,103104.00575190395,-0.0020032568653475,0.07334728860080164,0,0.0,0.0,0.0,1.0
2022-02-07,103127.28855576424,0.00122704566144154,0.07313803316820444,5,0.1991138115321522,0.5996525948770293,0.2012335935908185,0.0
2022-02-08,102946.2141630734,-0.0017558339332555623,0.07476544886101177,5,0.20110523311790654,0.5966909919706966,0.2022037749113968,0.0
2022-02-09,103435.55730187714,0.004753386443415994,0.07036745148864765,5,0.2030832446780255,0.5949855109412248,0.20193124438074989,0.0
2022-02-10,102000.8173185891,-0.013870858539493776,0.0832622530627577,5,0.20223997039923283,0.5937658550761973,0.2039941745245699,0.0
2022-02-11,102888.5826988618,0.008703512418923533,0.0752834146973933,5,0.19654150382897737,0.5973709232231234,0.2060875729478993,0.0
2022-02-14,102531.64727700927,-0.003122858960731775,0.07849139070222433,4,0.24996321988724748,0.2476631320103683,0.25212502990840474,0.2502486181939795
2022-02-15,102420.23850409822,-0.0010865793720260127,0.07949268294823175,4,0.25427065946234456,0.24511785397651425,0.25000152670329984,0.2506099598578414
2022-02-16,102895.03607586719,0.004635778813871472,0.07522541462982946,4,0.25338097835518747,0.24543275357205327,0.2514071381325694,0.24977912994018991
2022-02-17,102894.75103075613,-2.7702513349928127e-06,0.07522797648785917,4,0.24796912293598883,0.24725910194416517,0.2548440954277741,0.24992767969207197
2022-02-18,102981.18945978855,0.0008400664578758385,0.07445110652972464,4,0.24615678152636605,0.24965228017405539,0.25444342938422393,0.24974750891535466
2022-02-22,102928.03435072573,-0.00016587367881444045,0.07492884088716856,5,0.1978864413562412,0.6016625015170238,0.20045105712673505,0.0
2022-02-23,101806.2493978449,-0.010898730943004002,0.08501094255347208,5,0.19651796765219523,0.5999088069390938,0.20357322540871098,0.0
2022-02-24,102013.88860991888,0.0020395527121577443,0.0831447741397624,5,0.19906942783424622,0.5990821014206579,0.2018484707450959,0.0
2022-02-25,102438.06800294784,0.004158055327651925,0.07933243938318879,5,0.2026191772500919,0.5970376821731341,0.20034314057677383,0.0
2022-02-28,103938.21219398016,0.014644401444481899,0.06584981402860424,5,0.19918382371433968,0.6013179420101256,0.19949823427553476,0.0
2022-03-01,104720.06090412228,0.0075235729842279,0.05882290734468254,5,0.19548325511621154,0.6024046666557722,0.20211207822801625,0.0
2022-03-02,102720.0202742919,-0.01909892538795924,0.0767983784141627,5,0.20295561795306272,0.5931412195014812,0.20390316254545607,0.0
2022-03-03,103361.495122258,0.006244886306030406,0.07103308924981622,5,0.2006918743928568,0.5954640260597219,0.20384409954742133,0.0
2022-03-04,104591.14111756154,0.011896557744729556,0.059981580753133534,5,0.1967210662148802,0.5986224791690553,0.20465645461606455,0.0
2022-03-07,103825.02744596564,-0.007324842844335971,0.06686706794489794,5,0.1923306780428698,0.5984385031609307,0.20923081879619954,0.0
2022-03-08,103608.11645186483,-0.0020799859420801594,0.06881656699054584,5,0.19889735817496487,0.5952025730544602,0.20590006877057504,0.0
2022-03-09,102922.47697595845,-0.006617623207395488,0.07497878808717129,5,0.20559046978743703,0.5932961017645509,0.2011134284480121,0.0
2022-03-10,102014.21591914419,-0.008824710437414037,0.08314183243076789,5,0.20648430422181252,0.5899783887086737,0.20353730706951373,0.0
2022-03-11,101801.89332621198,-0.002081303973364762,0.08505009297794164,5,0.2042839965468477,0.5931876098431406,0.2025283936100117,0.0
2022-03-14,99929.13124952199,-0.018396141913480497,0.10188164131124522,5,0.2065915190275692,0.5901945904568576,0.20321389051557315,0.0
2022-03-15,101138.03199605494,0.012495905345842941,0.09101658183641881,1,0.6056263129285431,0.394373687071457,0.0,0.0
2022-03-16,102887.44573394748,0.01729728869907991,0.07529363322976701,1,0.6085298121596948,0.3914701878403053,0.0,0.0
2022-03-17,103370.53063943714,0.00469527552213559,0.07095188206070768,1,0.6132635562648563,0.38673644373514376,0.0,0.0
2022-03-18,104553.10571770715,0.011440156792799137,0.06032342592342721,1,0.6129681006355587,0.3870318993644412,0.0,0.0
2022-03-21,103597.34121344815,-0.009141426241699184,0.06891341001640083,1,0.6184424001830651,0.3815575998169349,0.0,0.0
2022-03-22,103791.85239546206,0.0018960466156112792,0.06716523046802936,1,0.6058719811805393,0.39412801881946075,0.0,0.0
2022-03-23,103878.48599421115,0.0008346859290938658,0.06638660641173144,1,0.5975706256734019,0.4024293743265981,0.0,0.0
2022-03-24,104486.77446025788,0.0058557694620291955,0.06091958161221578,1,0.6030472205204888,0.39695277947951135,0.0,0.0
2022-03-25,104219.11018119588,-0.002561704870732759,0.06332522849400957,1,0.6075486828622237,0.39245131713777626,0.0,0.0
2022-03-28,105019.17844735915,0.007676790415618416,0.05613457258556087,1,0.6072087151727291,0.392791284827271,0.0,0.0
2022-03-29,105721.203727354,0.00709483186086712,0.04982508320700685,5,0.20104778789042035,0.6002724540177069,0.19867975809187266,0.0
2022-03-30,106253.9098502548,0.005038782232129963,0.045037358718854614,5,0.19880460573815317,0.6019226568821471,0.19927273737969975,0.0
2022-03-31,106092.31033028918,-0.0015208806922339857,0.046489742961783875,5,0.19604291740521815,0.6043034585803964,0.19965362401438555,0.0
2022-04-01,106260.47972662047,0.0015851233308779745,0.04497831160712118,5,0.1962873633843712,0.6056439443912367,0.1980686922243921,0.0
2022-04-04,106093.9403823019,-0.0015672745384458983,0.04647509278300288,5,0.19827965896124644,0.6023792332842306,0.19934110775452288,0.0
2022-04-05,104254.56566325988,-0.017334888928547797,0.06300657047147229,5,0.20095728167047058,0.5967896524106587,0.20225306591887077,0.0
2022-04-06,103590.86108785307,-0.006366191937824163,0.06897165048833098,5,0.20022246056568663,0.5957516829973047,0.20402585643700855,0.0
2022-04-07,103310.54263666722,-0.002706015262756784,0.07149102741216895,5,0.20177745210493203,0.5928687863884775,0.20535376150659052,0.0
2022-04-08,102724.35007208302,-0.005674082718215721,0.07675946412723778,5,0.20238626618010092,0.5897940458455265,0.20781968797437259,0.0
2022-04-11,101516.1128792062,-0.011761935627034805,0.08761855987844225,5,0.2012946172461243,0.5873692991552435,0.2113360835986322,0.0
2022-04-12,101511.36788918584,-3.411098009173993e-05,0.08766120572751335,5,0.19926574374209738,0.5991920311312732,0.2015422251266295,0.0
2022-04-13,101964.68552912737,0.004465683493068343,0.0835869894338448,5,0.20065202596677784,0.5977409694027181,0.20160700463050388,0.0
2022-04-14,100420.25921489736,-0.015146678540864232,0.09746760271555599,5,0.20120105740701621,0.5947675591395213,0.2040313834534625,0.0
2022-04-18,100195.25166445131,-0.0022406589288376144,0.09948986999009668,5,0.20173578856079646,0.5931412929750123,0.20512291846419123,0.0
2022-04-19,99765.75852442563,-0.004286561816961439,0.10334996232918403,5,0.20587488551410676,0.5912324872851371,0.20289262720075618,0.0
2022-04-20,101052.47346534542,0.012906241044801179,0.09178554366178271,5,0.19730520378877606,0.6042766392730518,0.19841815693817225,0.0
2022-04-21,100231.22658366582,-0.00812693498255865,0.09916654349866327,5,0.19594723809382084,0.6047205374131774,0.19933222449300175,0.0
2022-04-22,99116.59919238492,-0.011120560221324717,0.1091843162010705,5,0.1927136998796283,0.6076721812709454,0.19961411884942634,0.0
2022-04-25,99474.13510369843,0.003607225371196746,0.10597094326541101,5,0.1931342977026608,0.6115434189066243,0.19532228339071486,0.0
2022-04-26,99559.75954247218,0.0008607708796310573,0.10520138908782983,5,0.1873796689238768,0.617168417189822,0.19545191388630118,0.0
2022-04-27,99412.35694842254,-0.0004810249186265,0.1065261777073142,0,0.0,0.0,0.0,1.0
2022-04-28,99340.54561755504,-0.0007223581964239,0.10717158584613751,0,0.0,0.0,0.0,1.0
2022-04-29,99149.26843773994,-0.0019254693904288,0.10889069962849574,0,0.0,0.0,0.0,1.0
2022-05-02,99142.04964136776,-7.280735890358159e-05,0.10895557894315033,0,0.0,0.0,0.0,1.0
2022-05-03,99094.17542078941,-0.0004828851204057,0.10938585103569931,0,0.0,0.0,0.0,1.0
2022-05-04,101515.91079403793,0.02546418990678144,0.08762037612959306,3,0.8038917962774353,0.19610820372256466,0.0,0.0
2022-05-05,98069.8911108247,-0.03394561164116169,0.11859166051080716,3,0.8025626533119699,0.19743734668803012,0.0,0.0
2022-05-06,97314.79247614926,-0.0076995969519546995,0.12537814947496562,3,0.8039625763179884,0.19603742368201152,0.0,0.0
2022-05-09,94977.66294789429,-0.024016179542568197,0.1463832248690281,3,0.7973715133886264,0.20262848661137353,0.0,0.0
2022-05-10,95327.1863931734,0.003680059441669389,0.14324186439613995,3,0.7962835523939475,0.20371644760605231,0.0,0.0
2022-05-11,94482.78020529637,-0.00885429517229674,0.15083100972383312,3,0.7943243582152999,0.20567564178470019,0.0,0.0
2022-05-12,94368.18258273508,-0.0012128942682707341,0.15186096192493226,3,0.7944587019047364,0.20554129809526353,0.0,0.0
2022-05-13,95873.88489069587,0.01595561413552384,0.13832838270013204,3,0.8006771316745414,0.19932286832545876,0.0,0.0
2022-05-16,95542.64683657979,-0.003454935142074613,0.14130540225166965,3,0.8001930437836635,0.19980695621633648,0.0,0.0
2022-05-17,96884.61861079806,0.014045788123429812,0.12924435986896288,3,0.8053415283072196,0.19465847169278042,0.0,0.0
2022-05-18,94172.72098558329,-0.027985810700922844,0.15361768337968307,3,0.7898554566614047,0.2101445433385954,0.0,0.0
2022-05-19,93764.57109316929,-0.0043340564883591086,0.15728595215066388,3,0.7884351812161342,0.2115648187838658,0.0,0.0
2022-05-20,94021.98408235644,0.002745311861250553,0.15497243927946047,3,0.7866197049965534,0.21338029500344652,0.0,0.0
2022-05-23,95075.68060905894,0.011206916520497316,0.145502285948946,3,0.7924566205321519,0.20754337946784807,0.0,0.0
2022-05-24,94889.8921265469,-0.0019541115174971776,0.14717206977364816,3,0.7879469369797991,0.21205306302020094,0.0,0.0
2022-05-25,95634.45245856898,0.00785871937765048,0.1404802943626252,3,0.8007748437771541,0.1992251562228458,0.0,0.0
2022-05-26,97078.42226277749,0.01509884531240527,0.1275025392842425,3,0.8046263102003274,0.19537368979967254,0.0,0.0
2022-05-27,99042.29669634461,0.02022977287631639,0.10985211381879989,3,0.8080328641062814,0.19196713589371864,0.0,0.0
2022-05-31,98190.92271505872,-0.0085960646075901,0.11750388255872324,3,0.8104659699771378,0.1895340300228622,0.0,0.0
2022-06-01,97525.9582237592,-0.00677215849401065,0.12348028613638462,3,0.8093918097881939,0.19060819021180617,0.0,0.0
2022-06-02,98107.88870933131,0.006580330985898101,0.11825015508212833,5,0.20247637255291012,0.5963853474883963,0.20113827995869343,0.0
2022-06-03,97455.75850586373,-0.006647072035151692,0.12411120981828128,5,0.20048602162480383,0.59908539447259,0.20042858390260626,0.0
2022-06-06,96352.40193264597,-0.01132161495773891,0.13402768544651844,5,0.2033992832302685,0.5947697118888792,0.2018310048808524,0.0
2022-06-07,97286.08385832343,0.009690281787994626,0.12563616969789315,5,0.20337950857618728,0.5954235224381071,0.20119696898570544,0.0
2022-06-08,96539.60238386139,-0.0076730550234618555,0.13234521147832612,5,0.20272385293780443,0.5947110317383766,0.20256511532381893,0.0
2022-06-09,95918.62920400553,-0.0060897036467414,0.13792624081489957,4,0.24554958355219064,0.25236948629148714,0.2507310637517914,0.2513498664045307
2022-06-10,95306.35039876719,-0.006383314798380899,0.14342912899920168,4,0.23996148759064886,0.25241546463927306,0.25572632151532115,0.25189672625475684
2022-06-13,92917.27114031819,-0.025067366953544574,0.16490110534429603,4,0.2367862057006985,0.25078139088355084,0.2553735466064495,0.2570588568093012
2022-06-14,92320.61394816652,-0.006421380921213715,0.17026359345376474,4,0.23759840876765012,0.24921854381840491,0.2549669786747788,0.2582160687391662
2022-06-15,93462.83078645155,0.012372283820884634,0.15999785913545383,4,0.23804054930637983,0.25076538979693985,0.25513789876248016,0.2560561621342002
2022-06-16,92703.66868563392,-0.007813847314216497,0.1668208687167395,2,0.38980746973987285,0.40635110819286147,0.2038414220672657,0.0
2022-06-17,92747.56807760616,0.00047354535796320597,0.16642632060676843,2,0.39046294602293735,0.40746747159289837,0.2020695823841642,0.0
2022-06-21,92948.54840160163,0.002166960580867246,0.1646199993022749,2,0.3994267589708283,0.39969404676880554,0.20087919426036613,0.0
2022-06-22,93977.29770624136,0.011067943742325247,0.1553740604510888,2,0.39433811448529654,0.4061898946402639,0.19947199087443962,0.0
2022-06-23,94539.26054430366,0.005979772261795698,0.15032338968618109,2,0.39583659723114023,0.4070924663681661,0.1970709364006936,0.0
2022-06-24,94317.84453839292,-0.002146637291489299,0.1523133777640262,5,0.20680270509839802,0.5929671658800677,0.20023012902153425,0.0
2022-06-27,93745.26609799814,-0.0060707328840800935,0.1574594568170289,5,0.20727103646748,0.5915009037925757,0.20122805973994426,0.0
2022-06-28,93575.5192518787,-0.0018107244577235681,0.1589850655851941,5,0.20340421891082394,0.5953349214820111,0.20126085960716492,0.0
2022-06-29,94415.09223652616,0.008972143476837918,0.15143935892746097,5,0.20143129741081411,0.5992503933011453,0.19931830928804053,0.0
2022-06-30,94643.09745277799,0.0024149234073788735,0.14939014997275435,5,0.19931347653819606,0.6030567417517779,0.19762978171002613,0.0
2022-07-01,95154.22338679201,0.005755651007010825,0.14479637857496563,4,0.2511983454921635,0.25112124695912424,0.24836274716377438,0.24931766038493783
2022-07-05,94882.99854196889,-0.002850371062571016,0.14723402623008142,4,0.2523921800801237,0.25381777612022527,0.24378995370408912,0.2500000900955619
2022-07-06,94127.29745973018,-0.007964557337471244,0.1540259297236165,4,0.2552777149986294,0.25155958879042756,0.24185404765157117,0.251308648559372
2022-07-07,94274.28262966743,0.001561557315508151,0.15270489272544618,4,0.25869713529364957,0.24895704430914312,0.24161100010839515,0.25073482028881217
2022-07-08,93975.47829403663,-0.003169521181132532,0.15539041251462282,4,0.2593061889027505,0.2469823149768322,0.2424838204271523,0.25122767569326493
2022-07-11,93993.84963860491,0.00020602686822755067,0.15522529908249094,4,0.24709319284981113,0.25425883524296083,0.2486086530745494,0.2500393188326786
2022-07-12,93854.86315400769,-0.001478676372247867,0.1564744474726103,4,0.24526936854190662,0.25614833221801064,0.24805143093747628,0.25053086830260646
2022-07-13,94095.4890576323,0.002563808582084414,0.1543118094218331,4,0.24335732411668068,0.2584229449976356,0.24860165735513315,0.24961807353055054
2022-07-14,93504.3558980819,-0.0062822688470041636,0.15962464999578163,4,0.24430114071088768,0.25793493253171557,0.2466591149228082,0.25110481183458866
2022-07-15,94047.27955702141,0.005806399645501817,0.15474509486142873,4,0.2475312996925572,0.2578892695692129,0.24474263734044865,0.2498367933977812
2022-07-18,93615.38401062274,-0.00458447055143405,0.15862677895500887,4,0.24907765796094172,0.2485346476521852,0.25138833102715713,0.2509993633597159
2022-07-19,94150.45577963346,0.005715639311483221,0.1538177930971748,4,0.2543537556229955,0.2457891204275803,0.2505564228122494,0.2493007011371747
2022-07-20,94139.15542827405,-0.00012002439357120391,0.15391935560340908,4,0.2560054457006385,0.24646375621870162,0.2482304772115015,0.24930032086915843
2022-07-21,95180.63818082071,0.011063226006315383,0.1445589742148805,4,0.255782628318265,0.24797825015329358,0.24897860737552424,0.24726051415291717
2022-07-22,95470.48016131068,0.0030451779482646275,0.141954004067119,4,0.25264013113081557,0.2513814659563995,0.24884222692461838,0.2471361759881666
2022-07-25,95180.028192167,-0.0030383129045759,0.14456445652020677,4,0.2510665575974675,0.2483082362067429,0.2500751697097526,0.2505500364860371
2022-07-26,94875.68300012541,-0.00319757409009284,0.1472997750497823,4,0.24889200083650048,0.24929585569418652,0.2505798756185865,0.2512322678507265
2022-07-27,95635.55038476872,0.00800908473715348,0.14047042669276621,4,0.25332595051298684,0.24592563696259445,0.25112078020962564,0.24962763231479296
2022-07-28,96471.14213767336,0.008737250421447027,0.13296050156614136,4,0.25428150262478993,0.24573634555352797,0.25197916309388424,0.24800298872779772
2022-07-29,96829.7963754373,0.00371773599665807,0.12973707761228948,4,0.2570330208524645,0.24416075898157402,0.25175155330742244,0.24705466685853916
2022-08-01,97476.87375137118,0.0066914699868854295,0.12392143543115985,4,0.24760288159323093,0.25431920038949773,0.2497456423319172,0.24833227568535415
2022-08-02,96563.90637028562,-0.009365989551677768,0.1321267781133605,4,0.24829491022736214,0.25129147589291634,0.25060978934949685,0.24980382453022473
2022-08-03,97389.17732420484,0.008546370843311,0.12470961171413819,4,0.25004609853591764,0.25308504077789185,0.2490920044606776,0.24777685622551282
2022-08-04,97797.79638405144,0.004195733767072824,0.12103712627601293,4,0.24883311576652117,0.2519430584055155,0.2521540124911048,0.24706981333685846
2022-08-05,96793.63157363444,-0.01026776520069681,0.13006211068354068,4,0.25098961981160933,0.24849753587880094,0.25190477078815615,0.24860807352143355
2022-08-08,97384.28493604792,0.0061051044555410754,0.12475358231176692,4,0.24819456787323277,0.2524937915210743,0.2505876406829549,0.24872399992273797
2022-08-09,97243.92085053274,-0.0014413422618172866,0.12601511196308512,4,0.24756579901542822,0.25187541577679357,0.25171713380050964,0.24884165140726847
2022-08-10,97551.58597194328,0.003163849407958661,0.12324995539250472,4,0.25196847061894206,0.24944114772704973,0.2502929435592971,0.2482974380947111
2022-08-11,96911.17149058534,-0.0065648802628603285,0.12900571445581033,4,0.2536335444690261,0.24523680725296648,0.25128225344617255,0.24984739483183493
2022-08-12,97798.16143340485,0.009152607786870914,0.12103384537561868,4,0.25558804816534875,0.24547695329268668,0.25129356148244286,0.24764143705952166
2022-08-15,97807.42880027447,0.0008477565136821,0.12095055442513969,0,0.0,0.0,0.0,1.0
2022-08-16,97724.58214921062,-0.0008470384313346,0.12169514308858487,0,0.0,0.0,0.0,1.0
2022-08-17,97641.70453129489,-0.0008480733925185,0.12244001006825123,0,0.0,0.0,0.0,1.0
2022-08-18,97783.78044772187,0.0014550741110981,0.12116309524596591,0,0.0,0.0,0.0,1.0
2022-08-19,97712.72184494046,-0.0007266910980129,0.12180173820125595,0,0.0,0.0,0.0,1.0
2022-08-22,97582.47526593177,-0.0013329541593916,0.12297233622709103,0,0.0,0.0,0.0,1.0
2022-08-23,97629.86487159265,0.0004856364376055,0.12254641963677482,0,0.0,0.0,0.0,1.0
2022-08-24,97523.29761198847,-0.0010915436556667,0.12350419852556238,0,0.0,0.0,0.0,1.0
2022-08-25,97582.4752659318,0.000606805300809,0.1229723362270908,0,0.0,0.0,0.0,1.0
2022-08-26,97558.80626881127,-0.0002425537685535,0.12318506259206463,0,0.0,0.0,0.0,1.0
2022-08-29,97487.79927744965,-0.000727837845473,0.12382324168698622,0,0.0,0.0,0.0,1.0
2022-08-30,97440.4303163567,-0.0004858963013222,0.12424897273315505,0,0.0,0.0,0.0,1.0
2022-08-31,97428.58033437049,-0.0001216125785542,0.12435547507375244,0,0.0,0.0,0.0,1.0
2022-09-01,97357.47012016928,-0.0007298701670204,0.12499458188941093,0,0.0,0.0,0.0,1.0
2022-09-02,97570.84205190877,0.0021916338980061,0.12307689035414071,0,0.0,0.0,0.0,1.0
2022-09-06,96606.3438184343,-0.0091419636747759,0.13174536930091862,4,0.2513545723786004,0.24605736154757543,0.250833242911229,0.2517548231625951
2022-09-07,97700.45554128723,0.011325464556543513,0.12191198225488142,4,0.2530047550176378,0.24714971065362673,0.2505463220835753,0.2492992122451601
2022-09-08,97437.80099068653,-0.0026883656697967067,0.12427260393684725,4,0.2553449102837372,0.24527398918547344,0.24971379170092453,0.24966730882986493
2022-09-09,97985.23587177094,0.0056183008598145335,0.11935250395458252,4,0.25786302306701797,0.24444529923039834,0.24963071810986737,0.24806095959271623
2022-09-12,98180.9662308062,0.001997549501145229,0.11759336698817224,4,0.26011480662925285,0.24195335352580236,0.2503957152390922,0.24753612460585253
2022-09-13,96766.69005485768,-0.014394430520516777,0.13030424901019078,4,0.24262184869212816,0.25424144223797523,0.2503508225379786,0.2527858865319181
2022-09-14,96826.68455377332,0.0006199912271631669,0.12976504527427601,4,0.2433967044278872,0.2549571819931292,0.24923304704355945,0.25241306653542406
2022-09-15,96065.42282213441,-0.007862106764753882,0.1366069253987504,4,0.24254025652011657,0.2568109620602607,0.2465157201797302,0.2541330612398925
2022-09-16,95825.38720033842,-0.00249866824862078,0.13876425826033556,4,0.24129280347079535,0.2553081594479379,0.2485045928736669,0.25489444420759977
2022-09-19,96053.25701653198,0.0023779691671598656,0.13671626622082256,4,0.2425871904393661,0.25529729485446756,0.24810597470507756,0.2540095400010889
2022-09-20,95090.80675098977,-0.00972078620338078,0.14536633894736262,2,0.399289949865733,0.399899329506604,0.20081072062766303,0.0
2022-09-21,95154.19788636874,0.0006666378963949603,0.14479660776137016,2,0.3920634530956939,0.40632786737296606,0.20160867953133998,0.0
2022-09-22,93841.94613274033,-0.01379079202785647,0.1565905398852505,2,0.3942065926814367,0.40148359845537923,0.2043098088631841,0.0
2022-09-23,93044.77476539409,-0.008494829872972018,0.16375515976218047,2,0.3909225443394643,0.40657726807244815,0.20250018758808752,0.0
2022-09-26,91742.8137141141,-0.013992844354374456,0.17545660365377702,2,0.39254821943603657,0.4044669873938013,0.2029847931701621,0.0
2022-09-27,91100.29113479749,-0.00670849675860835,0.18123130935911724,4,0.25104596560032316,0.24506121058777675,0.2522043726531223,0.2516884511587778
2022-09-28,92874.40597136552,0.019474304796051153,0.16528635832011307,4,0.2510956705635215,0.24842837820370664,0.25252902996540927,0.24794692126736248
2022-09-29,92232.17324370559,-0.006915066868453926,0.17105845896834015,4,0.24756244389797452,0.24886345045749503,0.2542381311005161,0.24933597454401435
2022-09-30,91564.4638473832,-0.007239441214922765,0.17705953252524642,4,0.24551163921786787,0.24744180455192852,0.2561086440622586,0.2509379121679449
2022-10-03,93138.4742593118,0.01719018870194116,0.16291303059889162,4,0.2477348586532565,0.24712535487581172,0.25790121967785345,0.2472385667930782
2022-10-04,95342.61872794591,0.024230888326767543,0.14310316547017787,3,0.8052768372543823,0.19472316274561774,0.0,0.0
2022-10-05,94986.3307947788,-0.0037369220388603097,0.14630532213616199,3,0.8064152991445803,0.19358470085541962,0.0,0.0
2022-10-06,94093.94260400895,-0.009394911702589027,0.15432570825566283,3,0.8056656234939196,0.19433437650608046,0.0,0.0
2022-10-07,91801.84356330041,-0.02435968753434804,0.17492606975838598,3,0.802747118383505,0.19725288161649496,0.0,0.0
2022-10-10,90957.66688063697,-0.009195639759471196,0.1825131523958189,3,0.8040113655364909,0.19598863446350911,0.0,0.0
2022-10-11,90576.9875543398,-0.00418124167512446,0.18593452799916577,3,0.7982713770043399,0.20172862299566008,0.0,0.0
2022-10-12,90428.13213985293,-0.0016434131726623031,0.18727237391926155,3,0.7969478650672743,0.20305213493272561,0.0,0.0
2022-10-13,92154.39861292436,0.019089927351387075,0.17175746258091484,3,0.8026575991208659,0.19734240087913424,0.0,0.0
2022-10-14,90318.69726880042,-0.019919845083406506,0.18825592561779048,3,0.8003079282854848,0.1996920717145152,0.0,0.0
2022-10-17,92088.34568158118,0.019593378406622147,0.17235111679908655,3,0.8050990777615955,0.19490092223840447,0.0,0.0
2022-10-18,92422.38552386197,0.0041848066091864,0.16934891602805457,4,0.251883288595574,0.24954189021644319,0.24949365981213642,0.2490811613758463
2022-10-19,91485.9390982175,-0.01013224686137003,0.17776527786652285,4,0.25265834718739283,0.24750662067965604,0.24867044474642497,0.25116458738652614
2022-10-20,90843.47094376892,-0.007022589053371849,0.18353949442547957,4,0.25231157949799826,0.24499637621232082,0.250032873916208,0.2526591703734728
2022-10-21,91464.01556253164,0.006830921499540919,0.17796231680442443,4,0.2566897285160071,0.23894859975138436,0.25276376209031,0.25159790964229856
2022-10-24,91489.99212506278,0.00028400855102834354,0.1777288510731294,4,0.25975687994367785,0.23690654438485215,0.25187236515500233,0.25146421051646767
2022-10-25,93388.06598916555,0.02111700669419892,0.1606698117101093,5,0.19899164169888917,0.6046982513160521,0.19631010698505863,0.0
2022-10-26,94178.32336523138,0.008462080970362048,0.15356733169593106,5,0.1958352279348316,0.6082631596971143,0.19590161236805423,0.0
2022-10-27,94651.06973456165,0.005019694048883318,0.14931849866806457,5,0.19381658718041875,0.611562098243699,0.1946213145758822,0.0
2022-10-28,94501.53489764195,-0.0015798536386230162,0.15066245093325314,5,0.1987415789230401,0.6083195086712068,0.19293891240575314,0.0
2022-10-31,93807.29028840955,-0.007346384479197612,0.15690201112131685,5,0.19876622827403476,0.6084532712151924,0.1927805005107729,0.0
2022-11-01,94106.47416461624,0.0035490711292138,0.15421308019111646,4,0.24802580410212993,0.25144400134810174,0.25165770633924683,0.24887248821052146
2022-11-02,93241.27486134757,-0.009193834015662115,0.1619891047444575,4,0.24404496088437047,0.2526756886954927,0.2522218970583283,0.25105745336180857
2022-11-03,92746.81895151289,-0.005302972429001525,0.1664330534172005,4,0.24281975319573454,0.25265188951716355,0.2526014700572301,0.25192688722987183
2022-11-04,93422.52607880071,0.0072855019172255,0.16036009982973565,4,0.24453313868482332,0.24661043637595792,0.2584722975376562,0.25038412740156263
2022-11-07,93295.22607710648,-0.001362626413964221,0.16150421533592596,4,0.24720908018924792,0.2444832551547626,0.2577994138656169,0.2505082507903726
2022-11-08,94237.24440278305,0.010105567704246976,0.1530377757508683,4,0.2488342612013874,0.25020530971067134,0.2532158783311652,0.24774455075677607
2022-11-09,93749.53296674306,-0.005175357568345748,0.15742110810823895,4,0.24497558120699622,0.2523337507952767,0.25325611787517865,0.24943455012254848
2022-11-10,96771.9096708322,0.03223884544748943,0.1302573374352236,4,0.25036647942961054,0.25385783483491847,0.25281585392729594,0.24295983180817524
2022-11-11,97072.23099442707,0.003103393584113385,0.12755818363639038,4,0.25200758776959215,0.25214520572425914,0.25369871043858966,0.2421484960675591
2022-11-14,96837.73100754421,-0.0024157267684135363,0.12966576468606328,4,0.25046887735162315,0.2521360504235631,0.25486941071676983,0.24252566150804403
2022-11-15,97977.05601198593,0.01211737964291942,0.11942602087755139,5,0.1992909274650627,0.6024085813105794,0.1983004912243579,0.0
2022-11-16,99074.20806530309,0.011198050829195503,0.10956530870047132,5,0.1955804667250272,0.6087653061871641,0.1956542270878087,0.0
2022-11-17,98237.60584097807,-0.008444197946791363,0.11708431549249465,5,0.19664251225037319,0.6074710590286775,0.1958864287209493,0.0
2022-11-18,97782.25823566334,-0.004635165947059287,0.12117677620744827,5,0.19845519567921674,0.6061028394951576,0.1954419648256257,0.0
2022-11-21,97854.67419932423,0.0007405838744936983,0.12052593389937716,5,0.19758726796812032,0.6082071041505738,0.194205627881306,0.0
2022-11-22,99126.14314128147,0.01360404904747986,0.1090985394549785,3,0.7998840950760265,0.20011590492397344,0.0,0.0
2022-11-23,99971.786903999,0.008530986235510662,0.1014982713578726,3,0.7981160157808438,0.2018839842191561,0.0,0.0
2022-11-25,99885.50493047434,-0.0008630632321047786,0.1022737351638463,3,0.7986265311754412,0.20137346882455878,0.0,0.0
2022-11-28,98669.29659520811,-0.012176024300150136,0.11320447197937433,3,0.7955699058664937,0.20443009413350635,0.0,0.0
2022-11-29,98297.92084850764,-0.003763843054684485,0.11654223116843998,3,0.7972037917994502,0.20279620820054975,0.0,0.0
2022-11-30,99585.02178190733,0.013648549822941126,0.1049743433731859,4,0.2544029863983018,0.2484477834289222,0.2497862598549796,0.24736297031779655
2022-12-01,100867.130062118,0.012874509211018697,0.09345132731284589,4,0.25098441151545076,0.2531257230095647,0.2511451595189093,0.24474470595607542
2022-12-02,101065.40535687743,0.001965707705149678,0.0916693176018516,4,0.2502029983138014,0.2558061275539821,0.24978627464247039,0.24420459948974602
2022-12-05,99745.49221060301,-0.013059989633580363,0.10353210689783443,4,0.24895343651719873,0.2555606515173541,0.2487488782943768,0.24673703367107042
2022-12-06,99811.05550737007,0.0006573058622903487,0.10294285329634334,4,0.24520362962696074,0.25868218425177214,0.2492659530916928,0.24684823302957445
2022-12-07,100599.97789422533,0.008404442089494061,0.09585237156838722,1,0.5939872524382757,0.4060127475617245,0.0,0.0
2022-12-08,100956.14604980535,0.0035404397002403096,0.09265129140980977,1,0.5965284466143512,0.40347155338564883,0.0,0.0
2022-12-09,99446.63020025242,-0.01495219368623907,0.1062181450416092,1,0.6010593790969887,0.39894062090301136,0.0,0.0
2022-12-12,100435.25229266257,0.009941232703605923,0.09733285163520733,1,0.6037231906676845,0.3962768093323154,0.0,0.0
2022-12-13,101278.56423183199,0.008396573114707416,0.08975354092571797,1,0.6032283042848728,0.3967716957151272,0.0,0.0
2022-12-14,100827.22089522796,-0.004260521384158881,0.09381001306359471,3,0.7982863554202075,0.20171364457979246,0.0,0.0
2022-12-15,98937.67691667796,-0.01874041515548144,0.11079238962852322,3,0.7936319563762557,0.20636804362374428,0.0,0.0
2022-12-16,97782.58081679804,-0.0116749870815412,0.12117387699241833,3,0.7935265935982155,0.2064734064017844,0.0,0.0
2022-12-19,96785.32680926383,-0.010198687733581433,0.13013675019308668,3,0.7949047260407992,0.2050952739592007,0.0,0.0
2022-12-20,96538.1159701493,-0.0025542181574870555,0.13235857070027413,3,0.798030726838098,0.20196927316190205,0.0,0.0
2022-12-21,97741.25074853054,0.01246478912385526,0.12154533316953875,3,0.8019657221114243,0.19803427788857578,0.0,0.0
2022-12-22,96619.25630758365,-0.011479231464241858,0.1316293176209291,3,0.7997046945341297,0.2002953054658703,0.0,0.0
2022-12-23,96780.01130554592,0.001663798750950055,0.13018452356422516,3,0.8029689186897281,0.19703108131027205,0.0,0.0
2022-12-27,96096.50326334739,-0.00706249186147147,0.13632758828753477,3,0.8054911084147003,0.19450889158529966,0.0,0.0
2022-12-28,95024.39440149974,-0.01115658557220961,0.14596322345516155,3,0.8044555101941657,0.19554448980583425,0.0,0.0
2022-12-29,96608.06454923979,0.016670462336030478,0.13172990414168584,3,0.8010464709047287,0.19895352909527134,0.0,0.0
2022-12-30,96190.39873042889,-0.004323301794313765,0.13548369780505898,3,0.8024054192897019,0.19759458071029812,0.0,0.0
2023-01-03,96228.19785181058,0.00039296147932212685,0.13514397620005036,3,0.7987136190279119,0.20128638097208804,0.0,0.0
2023-01-04,97086.92129281923,0.008923823371721701,0.1274261538016901,3,0.7977607067609788,0.20223929323902118,0.0,0.0
2023-01-05,96285.02409215704,-0.008259580075091972,0.13463324735579596,3,0.7952238515864922,0.20477614841350775,0.0,0.0
2023-01-06,98299.17125894797,0.02111793891031144,0.11653099303839409,1,0.6010660427494544,0.39893395725054553,0.0,0.0
2023-01-09,98474.45856732003,0.0017832023009665327,0.11495558907234749,1,0.5996559002846399,0.40034409971536006,0.0,0.0
2023-01-10,98236.10835985195,-0.0024204266866331174,0.11709777418341227,1,0.6053263056397364,0.3946736943602635,0.0,0.0
2023-01-11,99618.31868198577,0.01407028785251351,0.10467508572054807,1,0.6044773043929216,0.39552269560707837,0.0,0.0
2023-01-12,100613.03901604345,0.009985315424095352,0.0957349840444166,1,0.600680022524573,0.39931997747542697,0.0,0.0
2023-01-13,100683.31811445627,0.0011991084065362501,0.0951033469259166,4,0.25066929863282145,0.24736020966507158,0.2526974343803592,0.24927305732174768
2023-01-17,100324.96025672284,-0.003559257525919526,0.09832410714855,4,0.2511038591355016,0.24663927757344267,0.2519402300346679,0.25031663325638775
2023-01-18,100509.55878948134,0.0018400060392360631,0.09666501806026961,4,0.2466855327106062,0.25215164515644045,0.25075532874289935,0.25040749339005397
2023-01-19,100564.19980696199,0.0005436400093556756,0.09617392902223665,4,0.2447566297050389,0.2504370984962875,0.2545960361119489,0.2502102356867246
2023-01-20,100507.5520864134,-0.000563299073202276,0.09668305341035444,4,0.24945672798790067,0.2465161466168205,0.25388987100748267,0.2501372543877961
2023-01-23,101321.8618672568,0.008657285542222361,0.089364401134582,3,0.8026501539180315,0.19734984608196846,0.0,0.0
2023-01-24,101522.11100123837,0.0019763665046337578,0.08756465143905734,3,0.8002070865897402,0.19979291341025984,0.0,0.0
2023-01-25,101601.73996157417,0.0007843509118404818,0.08684898194141799,3,0.7998795109507871,0.20012048904921279,0.0,0.0
2023-01-26,102400.34179369267,0.007860119643822331,0.07967150568659931,3,0.8023639564836559,0.19763604351634398,0.0,0.0
2023-01-27,102538.04781917192,0.0013447809164220822,0.07843386549060738,3,0.8031274675049557,0.1968725324950443,0.0,0.0
2023-01-30,101433.55531971582,-0.010768444414536041,0.0883605503160626,3,0.7985617407517297,0.20143825924827027,0.0,0.0
2023-01-31,102787.89686494916,0.013352007045050325,0.07618833396133684,3,0.7996267593221218,0.20037324067787818,0.0,0.0
2023-02-01,103909.00376543246,0.01090699328108928,0.06611232632686126,3,0.7994059247666875,0.2005940752333125,0.0,0.0
2023-02-02,105145.16438173228,0.011896568839119622,0.055002267329003374,3,0.8015076699866965,0.19849233001330344,0.0,0.0
2023-02-03,103937.25379407637,-0.011488027954101176,0.06585842769849004,3,0.8022040264475562,0.19779597355244385,0.0,0.0
2023-02-06,103274.97376992406,-0.00636973153234114,0.07181070448551419,3,0.8002081363154997,0.19979186368450033,0.0,0.0
2023-02-07,104190.199981179,0.008862032860873713,0.06358506044755363,3,0.8035525135105781,0.1964474864894219,0.0,0.0
2023-02-08,103372.13596712203,-0.007851640693700049,0.07093745409313224,3,0.8010555478636168,0.1989444521363833,0.0,0.0
2023-02-09,102459.43692740872,-0.008829255883844766,0.07914038504304022,3,0.8011848391029072,0.19881516089709284,0.0,0.0
2023-02-10,102423.07145445207,-0.00035492555929631734,0.07946722165691222,3,0.8033397256299031,0.19666027437009692,0.0,0.0
2023-02-13,103556.9754157078,0.011074163254322422,0.069276199761097,3,0.8005260546756784,0.19947394532432158,0.0,0.0
2023-02-14,103471.29536563209,-0.0008273711136479634,0.0700462537481994,3,0.8008203912929404,0.19917960870705964,0.0,0.0
2023-02-15,103548.17817390217,0.000743035138377239,0.06935526543766868,3,0.8028242984536268,0.1971757015463732,0.0,0.0
2023-02-16,102114.29051952162,-0.0138475411124321,0.08224240666058902,3,0.8028884007428548,0.1971115992571452,0.0,0.0
2023-02-17,102065.98055263427,-0.00047309702336041263,0.08267659504616431,3,0.8012614976681564,0.1987385023318437,0.0,0.0
2023-02-21,100031.05711189406,-0.019936096636885,0.10096557722585897,3,0.7998982789883057,0.20010172101169435,0.0,0.0
2023-02-22,100104.20747969567,0.0007312765646351881,0.10030813442168385,3,0.7982120519710657,0.20178794802893427,0.0,0.0
2023-02-23,100726.64958163204,0.006217941459279942,0.0947139030701275,3,0.7974993127484423,0.2025006872515576,0.0,0.0
2023-02-24,99603.36942317092,-0.011151767314078881,0.10480944297576,3,0.7978780005838484,0.2021219994161516,0.0,0.0
2023-02-27,99929.86198728264,0.0032779269014946042,0.10187507376692628,3,0.79797967914787,0.2020203208521299,0.0,0.0
2023-02-28,99724.97943665394,-0.00204824733764022,0.10371646653992206,3,0.7986790088214651,0.20132099117853497,0.0,0.0
2023-03-01,99203.79679585353,-0.005226199531396942,0.10840062312248988,3,0.7997954668355597,0.20020453316444023,0.0,0.0
2023-03-02,99644.7405685803,0.004444827586933438,0.10443761761565196,3,0.8024488831292013,0.1975511168707988,0.0,0.0
2023-03-03,101403.99187996276,0.017655235001306172,0.08862625329632667,3,0.8011733914956102,0.1988266085043899,0.0,0.0
2023-03-06,101303.96789886741,-0.0009863909619431972,0.08952522412302744,3,0.802520122700561,0.19747987729943897,0.0,0.0
2023-03-07,100185.67071005773,-0.011036534216572181,0.09957597932505269,3,0.7965278744611016,0.2034721255388984,0.0,0.0
2023-03-08,100335.95710505717,0.0015000787431406115,0.0982252723918251,3,0.7966329094493511,0.20336709055064894,0.0,0.0
2023-03-09,98911.33427523,-0.014198527336869963,0.11102914551346832,3,0.7931973030311419,0.20680269696885809,0.0,0.0
2023-03-10,98484.67895415743,-0.004313512947721003,0.11486373280444262,3,0.7851386059016336,0.21486139409836627,0.0,0.0
2023-03-13,98422.56289964601,-0.0006307179469034385,0.11542200413361792,3,0.7845143488779586,0.21548565112204135,0.0,0.0
2023-03-14,99398.9276763211,0.00993577111606852,0.10664687400145112,3,0.8052235934835189,0.19477640651648118,0.0,0.0
2023-03-15,99272.19196259165,-0.0012750209352574873,0.10778591793967685,3,0.801208968111543,0.198791031888457,0.0,0.0
2023-03-16,100513.32327718129,0.012502305933340596,0.09663118452772401,3,0.8051994895145481,0.1948005104854518,0.0,0.0
2023-03-17,99860.89908976755,-0.006490922458255289,0.10249488146016061,3,0.8009838662977574,0.1990161337022426,0.0,0.0
2023-03-20,100455.16444556905,0.005950931357700847,0.09715389010654485,3,0.8039017161485643,0.19609828385143574,0.0,0.0
2023-03-21,101337.3670514568,0.00878598927136452,0.08922504747053295,3,0.8034454037293883,0.1965545962706117,0.0,0.0
2023-03-22,100215.02689804746,-0.011075284330600683,0.09931213903098612,3,0.7985939964423747,0.20140600355762525,0.0,0.0
2023-03-23,100431.39686639438,0.0021590571298956947,0.09736750248295045,3,0.7990279066733816,0.20097209332661833,0.0,0.0
2023-03-24,101043.33648034559,0.00609311065109721,0.09186766279830272,3,0.7994001579719094,0.20059984202809067,0.0,0.0
2023-03-27,100718.2356265878,-0.003217439814262504,0.09478952393663476,3,0.8034801859869833,0.1965198140130166,0.0,0.0
2023-03-28,100573.7000476635,-0.0014315735539609802,0.09608854510586207,3,0.7993485116442629,0.20065148835573707,0.0,0.0
2023-03-29,101701.67056754569,0.011215362657907865,0.08595085032858718,3,0.8019726049934702,0.19802739500652966,0.0,0.0
2023-03-30,102271.8906192735,0.0056067913982699984,0.08082596741861348,3,0.8021706303640429,0.19782936963595704,0.0,0.0
2023-03-31,103731.31792006163,0.014270072567848922,0.06770928727119485,3,0.8020320081930018,0.19796799180699823,0.0,0.0
2023-04-03,104144.92631230947,0.003987304900209546,0.0639919599439116,3,0.8018908784293557,0.1981091215706442,0.0,0.0
2023-04-04,104281.59010757423,0.0023145608709305,0.06276368684716183,0,0.0,0.0,0.0,1.0
2023-04-05,104421.04810041917,0.0013373213114709,0.061510300751698055,0,0.0,0.0,0.0,1.0
2023-04-06,104382.99529081353,-0.0003644170432866,0.06185230239305306,0,0.0,0.0,0.0,1.0
2023-04-10,104015.42736746198,-0.0035213391063123,0.06515583856813323,0,0.0,0.0,0.0,1.0
2023-04-11,104002.73946729297,-0.0001219809454245,0.06526987174276921,0,0.0,0.0,0.0,1.0
2023-04-12,104116.81076889843,0.0010968105473927,0.06424464987913092,0,0.0,0.0,0.0,1.0
2023-04-13,104180.2284879407,0.0006091016289677,0.06367467977105701,0,0.0,0.0,0.0,1.0
2023-04-14,103939.36531185645,-0.0023119854849629,0.06583945032062954,0,0.0,0.0,0.0,1.0
2023-04-17,103787.27387334965,-0.0014632708026498,0.06720638017796277,0,0.0,0.0,0.0,1.0
2023-04-18,103761.90896391304,-0.0002443932525635,0.06743434864468156,0,0.0,0.0,0.0,1.0
2023-04-19,103673.21346264565,-0.0008547982795714,0.06823150415904744,0,0.0,0.0,0.0,1.0
2023-04-20,103926.67741168746,0.0024448354649788,0.06595348349526542,0,0.0,0.0,0.0,1.0
2023-04-21,103863.33592895523,-0.0006094824188529,0.0665227684254659,0,0.0,0.0,0.0,1.0
2023-04-24,103977.41812146212,0.0010983875251697,0.06549744867927432,0,0.0,0.0,0.0,1.0
2023-04-25,104382.99529081359,0.0039006274312147,0.061852302393052505,0,0.0,0.0,0.0,1.0
2023-04-26,104256.25787084199,-0.0012141577238564,0.06299136166621999,0,0.0,0.0,0.0,1.0
2023-04-27,104053.46928616626,-0.0019450974820807,0.06481393480933084,0,0.0,0.0,0.0,1.0
2023-04-28,104167.50791506741,0.0010959618135126,0.06378900659335274,0,0.0,0.0,0.0,1.0
2023-05-01,103940.08411135107,-0.0021832508837764,0.06583299007210885,0,0.0,0.0,0.0,1.0
2023-05-02,104283.15839738063,0.0033006927881837,0.06274959175948058,0,0.0,0.0,0.0,1.0
2023-05-03,104537.24312780409,0.002436488636595,0.060465991790158435,0,0.0,0.0,0.0,1.0
2023-05-04,104702.44721163578,0.0015803371017706,0.05898121133860912,0,0.0,0.0,0.0,1.0
2023-05-05,104448.28624490231,-0.0024274596583186,0.06126549648580448,0,0.0,0.0,0.0,1.0
2023-05-08,104283.15839738064,-0.001580953153549,0.06274959175948047,0,0.0,0.0,0.0,1.0
2023-05-09,104257.73903343685,-0.0002437532995205,0.06297804963896614,0,0.0,0.0,0.0,1.0
2023-05-10,104744.9479351127,0.00567879857071132,0.05859923383580412,3,0.7991994640079839,0.2008005359920161,0.0,0.0
2023-05-11,104821.30133474481,0.0007289458932132293,0.057913003613441094,3,0.797224442704231,0.20277555729576896,0.0,0.0
2023-05-12,104533.93150628278,-0.0027415212824379222,0.06049575516394279,3,0.7983687330953175,0.20163126690468253,0.0,0.0
2023-05-15,104603.53948646718,0.0006658888571527794,0.059870149756058755,3,0.8005899318477709,0.199410068152229,0.0,0.0
2023-05-16,103981.23613698105,-0.005949161496266915,0.06546313406262116,3,0.7999991969664838,0.2000008030335162,0.0,0.0
2023-05-17,104930.36635208853,0.009127899750294701,0.05693277599470481,3,0.8023869795049742,0.1976130204950258,0.0,0.0
2023-05-18,105587.81946262805,0.0062656134100728495,0.051023881349376965,3,0.80507238132651,0.19492761867349,0.0,0.0
2023-05-19,105318.58104560204,-0.002549900342636603,0.05344367587947807,3,0.8059560455959444,0.1940439544040557,0.0,0.0
2023-05-22,105280.27113794391,-0.0003637525997575997,0.05378798820319408,3,0.8065766861676952,0.19342331383230488,0.0,0.0
2023-05-23,104385.90474232547,-0.008495099660662862,0.061826153543524276,3,0.8043578853643941,0.19564211463560596,0.0,0.0
2023-05-24,104153.94999576233,-0.0012233120810168,0.06391085911104455,0,0.0,0.0,0.0,1.0
2023-05-25,103924.33701651932,-0.0022045537327423,0.0659745179207708,0,0.0,0.0,0.0,1.0
2023-05-26,103898.82324815517,-0.0002455033065075,0.0662038242649835,0,0.0,0.0,0.0,1.0
2023-05-30,104102.9443311029,0.0019646140020297,0.06436927522309277,0,0.0,0.0,0.0,1.0
2023-05-31,104204.9884685251,0.0009802233556204,0.06345214813443034,0,0.0,0.0,0.0,1.0
2023-06-01,104367.39951609311,0.001558572674446,0.061992470244201514,0,0.0,0.0,0.0,1.0
2023-06-02,104073.27486964899,-0.0028181659005384,0.06463593107900756,0,0.0,0.0,0.0,1.0
2023-06-05,104098.85425421984,0.0002457824509018,0.06440603500566255,0,0.0,0.0,0.0,1.0
2023-06-06,104047.68454904371,-0.0004915491677859,0.06486592544054104,0,0.0,0.0,0.0,1.0
2023-06-07,103970.9463953312,-0.000737528701817,0.06555561366057572,0,0.0,0.0,0.0,1.0
2023-06-08,104137.21786305889,0.0015992108708473,0.06406124003973945,0,0.0,0.0,0.0,1.0
2023-06-09,103945.35607472592,-0.0018423940284758,0.0657856080221092,0,0.0,0.0,0.0,1.0
2023-06-12,104034.94406891332,0.0008618758698848,0.06498043118036423,0,0.0,0.0,0.0,1.0
2023-06-13,103843.09321661478,-0.0018441001147793,0.06670470087454539,0,0.0,0.0,0.0,1.0
2023-06-14,103779.13928717046,-0.0006158708053016,0.06727949020200197,0,0.0,0.0,0.0,1.0
2023-06-15,103996.5367159365,0.0020948085545831,0.06532561929904201,0,0.0,0.0,0.0,1.0
2023-06-16,103855.85556881409,-0.0013527483853301,0.06658999855834458,0,0.0,0.0,0.0,1.0
2023-06-20,103894.20824161869,0.0003692875340974,0.06624530188061029,0,0.0,0.0,0.0,1.0
2023-06-21,103894.20824161869,0.0,0.06624530188061029,0,0.0,0.0,0.0,1.0
2023-06-22,103779.13928717047,-0.0011075588947231,0.06727949020200186,0,0.0,0.0,0.0,1.0
2023-06-23,103868.66166515119,0.0008626240166917,0.06647490308938908,0,0.0,0.0,0.0,1.0
2023-06-26,103945.35607472593,0.000738378721216,0.06578560802210909,0,0.0,0.0,0.0,1.0
2023-06-27,103791.94538350757,-0.0014758782596125,0.06716439473304636,0,0.0,0.0,0.0,1.0
2023-06-28,103906.99246588691,0.0011084394068754,0.06613040298803197,0,0.0,0.0,0.0,1.0
2023-06-29,103651.29704448851,-0.0024608105319028,0.06842847912778283,0,0.0,0.0,0.0,1.0
2023-06-30,103689.64971729311,0.0003700163326285,0.06808378245004842,0,0.0,0.0,0.0,1.0
2023-07-03,103569.12368165598,-0.0011623728690929,0.06916701657759616,0,0.0,0.0,0.0,1.0
2023-07-05,103543.40212863733,-0.000248351555988,0.06939819039739403,0,0.0,0.0,0.0,1.0
2023-07-06,103479.33883884855,-0.0006187095311896,0.0699739626067375,0,0.0,0.0,0.0,1.0
2023-07-07,103594.75774639907,0.0011153811847433,0.06893662906330766,0,0.0,0.0,0.0,1.0
2023-07-10,103748.60587899531,0.0014850957320915,0.06755391082482276,0,0.0,0.0,0.0,1.0
2023-07-11,103735.77791058933,-0.000123644730426,0.06766920287015565,0,0.0,0.0,0.0,1.0
2023-07-12,104043.49604785071,0.0029663645798907,0.06490356981680834,0,0.0,0.0,0.0,1.0
2023-07-13,104338.37528067165,0.0028341918911041,0.062253327096982836,0,0.0,0.0,0.0,1.0
2023-07-14,104069.13011259379,-0.0025804999105419,0.06467318230252006,0,0.0,0.0,0.0,1.0
2023-07-17,104122.41480298451,0.00126295967083305,0.06419428332602983,4,0.2505515997717618,0.24980789146341317,0.2498635715691375,0.24977693719568755
2023-07-18,104732.38598895459,0.005858212058606573,0.058712134992097376,4,0.2509432813117248,0.24948032778796983,0.2512541778873104,0.24832221301299495
2023-07-19,105099.9047013682,0.0035091219296041988,0.05540904110292788,4,0.2506218626467771,0.2514162916296762,0.25041647991790034,0.2475453658056462
2023-07-20,104439.02307786483,-0.006288127714113573,0.06134874969006965,4,0.2505345064435866,0.24993529891937732,0.2507251153773057,0.24880507925973036
2023-07-21,104369.68010112345,-0.0006639565815325325,0.06197197336547666,4,0.25070096099663686,0.2501751455684574,0.2501228306318346,0.2490010628030711
2023-07-24,104162.78522355578,-0.0012322538934996,0.06383145203339591,0,0.0,0.0,0.0,1.0
2023-07-25,104149.91415350322,-0.0001235668768355,0.06394713145705977,0,0.0,0.0,0.0,1.0
2023-07-26,104252.75115273077,0.00098739398936,0.06302287848093713,0,0.0,0.0,0.0,1.0
2023-07-27,104098.45180015844,-0.001480050654455,0.06440965208285077,0,0.0,0.0,0.0,1.0
2023-07-28,104239.90200954369,0.0013588118453173,0.06313836083573632,0,0.0,0.0,0.0,1.0
2023-07-31,104265.57836905231,0.0002463198738067,0.06290759319500305,0,0.0,0.0,0.0,1.0
2023-08-01,104177.96957791933,-0.0008402465368089,0.06369498184449085,0,0.0,0.0,0.0,1.0
2023-08-02,104229.49771186063,0.0004946164160242,0.0632318700121054,0,0.0,0.0,0.0,1.0
2023-08-03,104268.16573918212,0.0003709892896959,0.06288433906895141,0,0.0,0.0,0.0,1.0
2023-08-04,104474.37694584213,0.0019777005301486,0.06103100492951741,0,0.0,0.0,0.0,1.0
2023-08-07,104505.63453735384,0.00130048955797324,0.0607500756706113,1,0.6044509699820019,0.39554903001799796,0.0,0.0
2023-08-08,104710.98654542834,0.001964985036295906,0.05890446362396207,1,0.6006421251708015,0.39935787482919854,0.0,0.0
2023-08-09,104506.77159079563,-0.0019502724725463142,0.06073985634259238,1,0.5977925455314008,0.4022074544685993,0.0,0.0
2023-08-10,103837.22170108005,-0.006406760820602667,0.06675747143133026,1,0.6018631570461848,0.3981368429538152,0.0,0.0
2023-08-11,103705.63964183498,-0.001267195492035218,0.0679400721565081,1,0.6022754612813349,0.39772453871866514,0.0,0.0
2023-08-14,103957.52969226745,0.0024311754228142,0.06567619698982075,1,0.601848779149055,0.39815122085094506,0.0,0.0
2023-08-15,102976.42877726542,-0.009437516627282825,0.07449389341599544,1,0.6005052647312948,0.3994947352687051,0.0,0.0
2023-08-16,102200.77206265341,-0.0075323714739586,0.08146514921220327,1,0.6006226898974101,0.39937731010258987,0.0,0.0
2023-08-17,101559.0441892927,-0.006279090269174311,0.08723271245568243,1,0.5998122964250828,0.40018770357491723,0.0,0.0
2023-08-18,101731.90845426287,0.0017021060640149595,0.08567908572051874,1,0.5990813303067063,0.4009186696932938,0.0,0.0
2023-08-21,101586.49653283511,-0.00142844658194664,0.08698598306440108,1,0.6047676603351341,0.395232339664866,0.0,0.0
2023-08-22,101728.20242209057,0.0013949284018241693,0.08571239388091412,1,0.6022893738674058,0.3977106261325942,0.0,0.0
2023-08-23,103413.07043372543,0.016562447497538584,0.07056955340691651,1,0.5990754476153615,0.40092455238463853,0.0,0.0
2023-08-24,102281.08019759563,-0.010946297517152488,0.08074337559682421,1,0.5973111208148071,0.40268887918519297,0.0,0.0
2023-08-25,102846.29821722707,0.005526124856517919,0.07566344871519104,1,0.5982161830490144,0.40178381695098553,0.0,0.0
2023-08-28,103368.78420849783,0.0052831104104539,0.0709675782012541,3,0.8008421635364814,0.19915783646351856,0.0,0.0
2023-08-29,104779.20219775812,0.013644525279657276,0.058291371836399875,3,0.8014823561803065,0.19851764381969345,0.0,0.0
2023-08-30,105103.48369353326,0.0030949032725320416,0.05537687472132469,3,0.8023003466061348,0.19769965339386522,0.0,0.0
2023-08-31,105072.96242000675,-0.000290392596457546,0.05565118628334831,3,0.8013591131202075,0.19864088687979253,0.0,0.0
2023-09-01,104904.86819742902,-0.0015997856984920995,0.0571619420099202,3,0.8041402355831676,0.19585976441683237,0.0,0.0
2023-09-05,104247.52393519558,-0.006261984428616901,0.0630698583753333,3,0.8015618363251483,0.19843816367485162,0.0,0.0
2023-09-06,103736.65875691644,-0.004900501796059146,0.06766128621714695,3,0.8000941891131235,0.19990581088687648,0.0,0.0
2023-09-07,103539.3609266544,-0.001901910401070159,0.06943451091421093,3,0.7991578116936782,0.20084218830632192,0.0,0.0
2023-09-08,103743.59647445145,0.0019725401622068513,0.06759893311342557,3,0.7987855797688905,0.20121442023110944,0.0,0.0
2023-09-11,104138.1864527249,0.0038035116545301405,0.06405253478882611,3,0.800992440333157,0.1990075596668429,0.0,0.0
2023-09-12,103801.11725052077,-0.00323576007192604,0.06708196209258399,3,0.7981942523031873,0.20180574769681264,0.0,0.0
2023-09-13,103893.28302320099,0.000887907328182074,0.0662536173301328,3,0.7984160010889702,0.2015839989110299,0.0,0.0
2023-09-14,104457.33887619009,0.005429184992288127,0.06118413548273827,3,0.800951697211695,0.19904830278830493,0.0,0.0
2023-09-15,103322.60108283431,-0.010863169649580508,0.07138265148870682,3,0.7999920823532649,0.2000079176467351,0.0,0.0
2023-09-18,103488.91089985582,0.0016096170177537636,0.06988793320156172,3,0.7991749715293687,0.20082502847063124,0.0,0.0
2023-09-19,103164.36184847585,-0.00313525318754254,0.07280483498680335,3,0.8008516962170706,0.1991483037829294,0.0,0.0
2023-09-20,102469.02158746497,-0.006740120799003909,0.07905424240324466,3,0.798873761124642,0.201126238875358,0.0,0.0
2023-09-21,100586.87540067872,-0.01836795313966867,0.09597013092295847,3,0.8003707458333306,0.19962925416666946,0.0,0.0
2023-09-22,100567.465183808,-0.0001929696771412762,0.09614458127492032,3,0.7987251820312837,0.2012748179687162,0.0,0.0
2023-09-25,100407.13160653504,-0.0015942887392052442,0.09758558779086346,3,0.8033648433224557,0.1966351566775443,0.0,0.0
2023-09-26,99156.90715072231,-0.01244822740411604,0.10882204629107117,3,0.798182960788658,0.20181703921134198,0.0,0.0
2023-09-27,99084.9118800068,-0.0007260741867037957,0.10946910759901873,3,0.7990817313871961,0.20091826861280387,0.0,0.0
2023-09-28,99604.74164829048,0.005246306005834683,0.10479711002983405,3,0.7995199181497866,0.20048008185021332,0.0,0.0
2023-09-29,99413.73225198961,-0.001917673728579482,0.10651381709367824,3,0.7991120238315197,0.20088797616848034,0.0,0.0
2023-10-02,99047.81395830998,-0.003680762057621127,0.10980252713472849,3,0.801745184103174,0.19825481589682603,0.0,0.0
2023-10-03,97560.80829123134,-0.015011289454965802,0.12316706930955046,3,0.8013199094727387,0.19868009052726127,0.0,0.0
2023-10-04,98403.56188943094,0.00863823919625482,0.1155927767190933,3,0.8002425441247142,0.19975745587528587,0.0,0.0
2023-10-05,98275.91042482168,-0.001297224024804144,0.1167400510168436,3,0.8009801334222076,0.1990198665777924,0.0,0.0
2023-10-06,98973.49790149087,0.007098255041888841,0.11047044663067551,3,0.8047774744654023,0.19522252553459762,0.0,0.0
2023-10-09,99936.91400497509,0.009734081586599268,0.10181169338448737,3,0.8021217811382656,0.19787821886173443,0.0,0.0
2023-10-10,100325.18421624917,0.0038872831293345605,0.0983220943004477,3,0.8010499053374964,0.19895009466250357,0.0,0.0
2023-10-11,101071.27046243697,0.0074366795537562265,0.09161660465505816,3,0.7983938704591437,0.2016061295408563,0.0,0.0
2023-10-12,100026.545686568,-0.010336515718947446,0.10100612389987196,3,0.8018144637996729,0.19818553620032703,0.0,0.0
2023-10-13,99981.76875830427,-0.00044765045075172605,0.10140855891373124,3,0.7981780305928057,0.2018219694071943,0.0,0.0
2023-10-16,100496.65203637612,0.0051497716480344785,0.09678101818725882,3,0.8024435979817437,0.1975564020182564,0.0,0.0
2023-10-17,100271.20596706956,-0.0022408810803944725,0.09880722667327935,3,0.8017599316119535,0.1982400683880465,0.0,0.0
2023-10-18,99025.07998936079,-0.012427555504997311,0.11000684988449949,3,0.8010313253775313,0.1989686746224687,0.0,0.0
2023-10-19,97924.73673969338,-0.011111763300626722,0.11989624310776215,3,0.802914903098858,0.19708509690114198,0.0,0.0
2023-10-20,97068.18316008052,-0.008747060325418918,0.12759456376192646,3,0.8000467593132659,0.19995324068673417,0.0,0.0
2023-10-23,97166.7362545418,0.0010152976109458652,0.12670881260673772,3,0.7978499196012656,0.20215008039873453,0.0,0.0
2023-10-24,98008.67246043113,0.00866702912261914,0.11914186637295288,3,0.7991057618216277,0.2008942381783722,0.0,0.0
2023-10-25,96446.30280563228,-0.015941136795109858,0.13318374637818675,3,0.800396065627484,0.199603934372516,0.0,0.0
2023-10-26,95817.21226980924,-0.006522702452273787,0.13883773088135654,3,0.796003787479432,0.20399621252056796,0.0,0.0
2023-10-27,95388.44775933736,-0.004474817209923891,0.14269127462374587,3,0.7959574138952827,0.20404258610471723,0.0,0.0
2023-10-30,96208.51762002787,0.008597161186221716,0.13532085332533195,3,0.7986078360274939,0.2013921639725062,0.0,0.0
2023-10-31,96597.83318270124,0.004047978833037481,0.13182185909023625,3,0.8017787336632143,0.19822126633678563,0.0,0.0
2023-11-01,97838.98054359312,0.012848604570088086,0.1206669814612924,3,0.8000499924984373,0.1999500075015628,0.0,0.0
2023-11-02,99785.06330875606,0.019890668876050257,0.10317645955776111,3,0.7994802259995963,0.2005197740004036,0.0,0.0
2023-11-03,100648.52716700018,0.008653237564948823,0.09541603240847596,3,0.7998528712652716,0.20014712873472837,0.0,0.0
2023-11-06,100638.31672415101,-0.00010144652024794514,0.09550779930426023,3,0.8017742039478247,0.19822579605217527,0.0,0.0
2023-11-07,101164.16203946236,0.00522688394051044,0.0907817366876209,3,0.7981052910549475,0.20189470894505257,0.0,0.0
2023-11-08,101571.20453691114,0.004023583937659628,0.08712342068753043,3,0.7954890580373128,0.20451094196268724,0.0,0.0
2023-11-09,100463.28274101243,-0.010907833582854675,0.09708092649635636,3,0.7979896275520395,0.20201037244796047,0.0,0.0
2023-11-10,101827.93599390039,0.0135836020449973,0.0848160331230452,3,0.7995808403938762,0.20041915960612386,0.0,0.0
2023-11-13,101703.95782293806,-0.0012175261115943258,0.08593029349963044,3,0.7997925779793054,0.20020742202069464,0.0,0.0
2023-11-14,103743.51817844232,0.020054105246815758,0.06759963680295367,3,0.7994875508113397,0.20051244918866032,0.0,0.0
2023-11-15,103627.15283070269,-0.0011216637895340236,0.06864547652770026,3,0.802079685900515,0.197920314099485,0.0,0.0
2023-11-16,103983.69179325865,0.0034405940220943306,0.06544106372179104,3,0.8003072272659526,0.19969277273404734,0.0,0.0
2023-11-17,104184.51293437611,0.0019312753534153997,0.06363617308184288,3,0.7997580584870817,0.20024194151291816,0.0,0.0
2023-11-20,104953.33410061187,0.007379418923041146,0.05672635213863175,3,0.8000107386950067,0.1999892613049932,0.0,0.0
2023-11-21,104761.06757820996,-0.0018319131931571803,0.05845435768987817,3,0.7997214252764001,0.20027857472359983,0.0,0.0
2023-11-22,105158.6871551669,0.003795489929119844,0.05488073068668331,3,0.7997735401640647,0.2002264598359353,0.0,0.0
2023-11-24,104962.50005335982,-0.0018656290518119746,0.05664397265294152,3,0.8017614541528634,0.19823854584713668,0.0,0.0
2023-11-27,105158.50954643657,0.001867424013119925,0.054882326954552085,3,0.7988257603415552,0.20117423965844486,0.0,0.0
2023-11-28,105283.38388120242,0.0011874867312636544,0.05376001225832794,3,0.7986682483336888,0.2013317516663111,0.0,0.0
2023-11-29,105488.71162433534,0.00195157317815062,0.051914618294126136,3,0.797880243141656,0.20211975685834394,0.0,0.0
2023-11-30,105573.81660031367,0.0008067685600465101,0.05114973281592605,3,0.8003760646616654,0.1996239353383344,0.0,0.0
2023-12-01,106470.64851862834,0.008494832783302193,0.0430894084598058,3,0.7983294161737852,0.2016705838262148,0.0,0.0
2023-12-04,105938.99930573878,-0.004993387570063896,0.047867633913265206,3,0.7981238311962864,0.2018761688037137,0.0,0.0
2023-12-05,106381.84766669411,0.004180220351877113,0.04388751081886855,3,0.7946448204781524,0.20535517952184762,0.0,0.0
2023-12-06,106321.68563834787,-0.0005601768994480205,0.044428220234412175,3,0.7972228236572482,0.20277717634275186,0.0,0.0
2023-12-07,106844.75409290193,0.004919677969866528,0.03972711480087321,3,0.7993732040918834,0.20062679590811663,0.0,0.0
2023-12-08,107036.53298946143,0.0017949303939878028,0.03800349181270701,3,0.8013714466578631,0.19862855334213683,0.0,0.0
2023-12-11,107325.19454419722,0.002696850754351544,0.03540913080391861,3,0.8023247656621172,0.1976752343378828,0.0,0.0
2023-12-12,107781.45517461369,0.0042511977952070104,0.03130846422751532,3,0.8025772930817978,0.1974227069182021,0.0,0.0
2023-12-13,109475.97431962469,0.0157244239713013,0.016078883681239664,3,0.7984764674817999,0.20152353251820007,0.0,0.0
2023-12-14,110330.42015219951,0.007804870775392088,0.008399506515192057,3,0.7948354818233696,0.2051645181766305,0.0,0.0
2023-12-15,110211.16752773184,-0.0010808680353357105,0.009471295792422896,3,0.7943853881507148,0.2056146118492852,0.0,0.0
2023-12-18,110523.08998530246,0.0028302255077022674,0.006667876187663513,3,0.7965993199521887,0.2034006800478112,0.0,0.0
2023-12-19,111179.59453793275,0.005939976458472009,0.0007675067567741722,3,0.7967108476805081,0.20328915231949177,0.0,0.0
2023-12-20,110097.37052922157,-0.009730759362765259,0.010494052342467808,3,0.7966664112709956,0.20333358872900442,0.0,0.0
2023-12-21,110787.37417087886,0.00626721272579469,0.004292608075058935,3,0.7992114772550457,0.20078852274495435,0.0,0.0
2023-12-22,110864.1392268881,0.0006929043727568119,0.0036026780692078875,3,0.8002631706428048,0.19973682935719506,0.0,0.0
2023-12-26,111301.71629921766,0.003946966759323748,0.0,3,0.8004827247555245,0.19951727524447546,0.0,0.0
2023-12-27,111856.30256501104,0.004982728786521656,0.0,3,0.7979540897283145,0.20204591027168559,0.0,0.0
2023-12-28,111727.39845100629,-0.00115036458701276,0.0011524081437416234,3,0.8012239222239459,0.19877607777605408,0.0,0.0
2023-12-29,111267.9260565034,-0.004112441539613702,0.005260110472234403,3,0.8022034576012284,0.19779654239877162,0.0,0.0
2024-01-02,110641.53661506789,-0.005629559780932944,0.01086005814680957,3,0.8022302757735262,0.19776972422647376,0.0,0.0
2024-01-03,110007.92466567627,-0.005726709595475079,0.016524575343087933,3,0.800261637107777,0.1997383628922231,0.0,0.0
2024-01-04,109390.48946375803,-0.005612642941812377,0.022044471743734584,3,0.8021862658717798,0.1978137341282203,0.0,0.0
2024-01-05,109300.80561495826,-0.0008176660338090199,0.022846249084333192,3,0.8017511380427196,0.19824886195728042,0.0,0.0
2024-01-08,110765.62963013249,0.013401767781424089,0.009750661427814,3,0.8024428279357375,0.1975571720642624,0.0,0.0
2024-01-09,110491.27028117474,-0.002476935759530077,0.012203445425374548,3,0.8032149845100321,0.1967850154899679,0.0,0.0
2024-01-10,110891.91172398956,0.003626000875863467,0.00862169425331194,3,0.8048391910614648,0.19516080893853524,0.0,0.0
2024-01-11,110974.10100329758,0.0007411656813401689,0.007886918675867438,3,0.8038887584871334,0.19611124151286655,0.0,0.0
2024-01-12,110991.55959307724,0.00016121068488744012,0.007730838156671638,3,0.8004250301212593,0.19957496987874057,0.0,0.0
2024-01-16,110275.26393123617,-0.006453604800826203,0.014134551183255573,3,0.8026666227393984,0.19733337726060166,0.0,0.0
2024-01-17,109748.81637977605,-0.004773940525668648,0.018841014202218176,3,0.8020337049576375,0.19796629504236257,0.0,0.0
2024-01-18,110329.6210774653,0.005292127212373999,0.01364859603381241,3,0.8049063721359417,0.19509362786405826,0.0,0.0
2024-01-19,111505.53091535952,0.010658151694988443,0.0031359131457759926,3,0.8063462942798036,0.1936537057201964,0.0,0.0
2024-01-22,111826.16145515261,0.0028818321691116205,0.00026946277650208295,3,0.7993878080941952,0.20061219190580476,0.0,0.0
2024-01-23,111909.09911868666,0.0007416660149540096,0.0,3,0.8011249343588229,0.19887506564117718,0.0,0.0
2024-01-24,111876.75579917386,-0.0002890142067759968,0.00028901420677596157,3,0.8022326312053094,0.19776736879469053,0.0,0.0
2024-01-25,112509.48537342128,0.005655594584662681,0.0,3,0.8020597747199268,0.19794022528007305,0.0,0.0
2024-01-26,112352.18293002596,-0.0013981260590893868,0.0013981260590895106,3,0.8021624149297167,0.1978375850702832,0.0,0.0
2024-01-29,113061.25351471892,0.0068670962048393,0.0,4,0.2502612588097081,0.25115434504248013,0.2500475209788036,0.2485368751690081
2024-01-30,113318.73460142362,0.0022773592075128876,0.0,4,0.2494994997324581,0.25285549951853653,0.24982377965462885,0.24782122109437663
2024-01-31,113169.05020265278,-0.0013209148451694445,0.0013209148451694963,4,0.24575297013541506,0.2556764223725846,0.24996851061039743,0.24860209688160304
2024-02-01,114436.6834277584,0.01120123587531805,0.0,4,0.2462115235577807,0.25780400824844757,0.2497706117053553,0.24621385648841648
2024-02-02,113722.2760571377,-0.006242817855444795,0.006242817855444782,4,0.2503664734228814,0.2536931852533293,0.24896368993529736,0.2469766513884921
2024-02-05,112869.65314488187,-0.0069516006698675005,0.013693426233081674,3,0.8026669650328506,0.19733303496714935,0.0,0.0
2024-02-06,113350.36746938858,0.004259021899266865,0.009492724936017383,3,0.8015832988830501,0.19841670111694987,0.0,0.0
2024-02-07,113999.3393700708,0.005725362124277863,0.0038217120995444054,3,0.8036676640429108,0.19633233595708932,0.0,0.0
2024-02-08,113909.65273501613,-0.0007867294279970142,0.0046054348741675355,3,0.8046555786429945,0.19534442135700544,0.0,0.0
2024-02-09,114394.42375432982,0.004255750128932445,0.0003692843252945943,3,0.8058763957439303,0.19412360425606973,0.0,0.0
2024-02-12,114380.40682592364,-0.00011665586033435997,0.0004917706468685612,3,0.7997421804034478,0.20025781959655226,0.0,0.0
2024-02-13,112728.02108850238,-0.014446405492647255,0.01493107182134179,3,0.8002884818246527,0.19971151817534727,0.0,0.0
2024-02-14,113662.4520728022,0.008289252089027662,0.006765587150600605,3,0.8009223434270927,0.19907765657290738,0.0,0.0
2024-02-15,114407.57207515933,0.006555551008875407,0.00025438829339585745,3,0.8011960580367368,0.19880394196326326,0.0,0.0
2024-02-16,113819.45732614743,-0.005140522942183858,0.005393603546721248,3,0.8013254545672308,0.19867454543276925,0.0,0.0
2024-02-20,113337.63742157002,-0.004231874688252301,0.009603965907332368,3,0.7989768143423402,0.20102318565765984,0.0,0.0
2024-02-21,113257.70368170783,-0.0007052709204168513,0.010302463429874176,3,0.8002649466828567,0.19973505331714322,0.0,0.0
2024-02-22,115243.89182441117,0.01753689222134687,0.0,3,0.8027490972468676,0.19725090275313228,0.0,0.0
2024-02-23,115612.00666144458,0.0031942242769299432,0.0,3,0.8007450597241065,0.19925494027589358,0.0,0.0
2024-02-26,115204.23517460408,-0.0035270686723275577,0.003527068672327549,3,0.8006361666482447,0.1993638333517553,0.0,0.0
2024-02-27,115212.88533444895,7.572164750159995e-05,0.0034522480711229875,3,0.8014255132862174,0.19857448671378267,0.0,0.0
2024-02-28,115236.10553222615,0.00020154167400476664,0.0032514021689737937,3,0.800205041996418,0.19979495800358202,0.0,0.0
2024-02-29,115730.09883765213,0.004286792782040338,0.0,3,0.7996538527057372,0.20034614729426264,0.0,0.0
2024-03-01,116743.39001448458,0.008755640814356487,0.0,3,0.8001552462242663,0.19984475377573388,0.0,0.0
2024-03-04,116549.36711603373,-0.0016619604624020339,0.001661960462402079,3,0.8006277722860707,0.19937222771392935,0.0,0.0
2024-03-05,115949.41861215422,-0.00514696672187844,0.006800996632287726,3,0.7961022073534552,0.20389779264654484,0.0,0.0
2024-03-06,116555.89702468121,0.005230542936619926,0.0016060266005647472,3,0.7959728884723561,0.20402711152764388,0.0,0.0
2024-03-07,117454.536576556,0.007709944969017662,0.0,3,0.7977237179394026,0.20227628206059747,0.0,0.0
2024-03-08,116850.0172791235,-0.005146836512683182,0.005146836512683217,3,0.7970377394100893,0.20296226058991074,0.0,0.0
2024-03-11,116757.55567092728,-0.0007912845059779038,0.005934048406673775,3,0.7969830366633119,0.203016963336688,0.0,0.0
2024-03-12,117566.76788051771,0.006933743179504021,0.0,3,0.8030379197722989,0.19696208022770098,0.0,0.0
2024-03-13,117306.508969659,-0.0022137115406899873,0.0022137115406899444,3,0.8035579797817498,0.1964420202182502,0.0,0.0
2024-03-14,116766.288067405,-0.004605208244614449,0.006808725182665953,3,0.8056798120992835,0.19432018790071648,0.0,0.0
2024-03-15,116112.9727909822,-0.005595067611001477,0.012365697515925533,3,0.8046495627346999,0.19535043726530021,0.0,0.0
2024-03-18,116599.91694033104,0.004193710122514842,0.008223845544255148,3,0.8060514237387192,0.19394857626128092,0.0,0.0
2024-03-19,117183.0139388947,0.0050069171766734,0.0032641361886636133,3,0.800437993138988,0.19956200686101197,0.0,0.0
2024-03-20,118043.01278875663,0.007338937794434739,0.0,3,0.8019558673927224,0.19804413260727746,0.0,0.0
2024-03-21,118406.20575732032,0.0030767849784861046,0.0,3,0.8021382546310003,0.19786174536899967,0.0,0.0
2024-03-22,118450.12736754955,0.0003709401035891362,0.0,3,0.8003206312580424,0.19967936874195766,0.0,0.0
2024-03-25,118069.93561192058,-0.0032097201081873698,0.0032097201081873195,3,0.8006794838367965,0.19932051616320345,0.0,0.0
2024-03-26,118135.05927663315,0.0011028553666065,0.0026599219259489937,4,0.24926332553866962,0.2504189442538922,0.25053218955155443,0.24978554065588365
2024-03-27,118922.72243937636,0.006667480149976208,0.0,4,0.24969324597994874,0.2512275124857315,0.25067483849001015,0.24840440304430964
2024-03-28,119258.32130754644,0.0028219911324444354,0.0,4,0.24894302980768518,0.2503088710620922,0.25319403879294605,0.24755406033727656
2024-04-01,118896.87318296744,-0.0030308000365600386,0.0030308000365600885,4,0.24926541928109516,0.24638961969982684,0.2565562342849698,0.24778872673410815
2024-04-02,119012.10361111641,0.0009691628136565358,0.00206457456159459,4,0.24744076055998773,0.24479466506778877,0.2600941019323893,0.24767047243983417
2024-04-03,119320.0646682645,0.0025977651753087247,0.0,4,0.24962613352418583,0.24929803819782362,0.25153965273485834,0.24953617554313215
2024-04-04,119026.97788950364,-0.0024563075755591264,0.0024563075755590358,4,0.2471863551380596,0.25170439364343533,0.25071297515461993,0.25039627606388526
2024-04-05,119380.52593469826,0.0029703185904865737,0.0,4,0.24902898013216482,0.24746586772618878,0.25424852738653364,0.24925662475511268
2024-04-08,119553.71621114676,0.0014507414428985255,0.0,4,0.24880731048543725,0.24708031880063294,0.25546150203068685,0.24865086868324288
2024-04-09,120060.03886988132,0.0042351059823211076,0.0,4,0.2480446335556914,0.24832695650231987,0.255782521867419,0.24784588807456961
2024-04-10,118698.93012031759,-0.01133118379138655,0.011336900790436033,4,0.25033325072640356,0.24735448719017514,0.25047218228570556,0.2518400797977158
2024-04-11,119404.3951682765,0.005943314293092876,0.005460965261850248,4,0.2507323159923588,0.2447755893198215,0.2538310722817388,0.2506610224060809
2024-04-12,118764.53258412784,-0.00535878585747967,0.010790486975916447,4,0.24860367952473514,0.2474096791009393,0.2518199695273888,0.25216667184693675
2024-04-15,118487.80329842036,-0.0023300667268778804,0.013095411148124958,4,0.24606248845364692,0.24414231730942168,0.2571329635807344,0.25266223065619703
2024-04-16,118261.42349600313,-0.0019105747268102439,0.014980966113358418,4,0.2460838537747103,0.24298617548735224,0.25793999763181696,0.2529899731061205
2024-04-17,118217.29197186661,-0.0003622432168094002,0.01534854490603521,4,0.24861049793220477,0.25286610082041827,0.24824786291640566,0.2502755383309714
2024-04-18,118091.81215197073,-0.001061433719237414,0.016393687162168158,4,0.2483625666057354,0.25185897576656374,0.2493604221629312,0.25041803546476965
2024-04-19,118042.46050903502,-0.0004179091000161689,0.016804745191136505,4,0.2462977050535073,0.25287187267107564,0.25024588311940016,0.2505845391560169
2024-04-22,117544.84649555011,-0.004215551008840728,0.020949454939433454,4,0.24961814036795174,0.2535151305528477,0.2450974071797382,0.25176932189946233
2024-04-23,117857.74978588802,0.0026619907181533787,0.01834323147587924,4,0.2519096873101373,0.2529272902883863,0.2438456802735004,0.2513173421279761
2024-04-24,117581.7189760019,-0.00179496102615248,0.020642337926988108,3,0.8010581958853478,0.19894180411465218,0.0,0.0
2024-04-25,117059.84952551637,-0.0044383553415478835,0.024989075237735747,3,0.8015727217838211,0.19842727821617887,0.0,0.0
2024-04-26,118070.51957661356,0.008633789084761161,0.016571036558000518,3,0.8022403611471918,0.19775963885280815,0.0,0.0
2024-04-29,118601.78197662393,0.004499534701087194,0.012146063810938967,3,0.8014751717459039,0.19852482825409604,0.0,0.0
2024-04-30,116894.87087285078,-0.014391951582224704,0.02636320983088214,3,0.8002967013252663,0.19970329867473371,0.0,0.0
2024-05-01,116763.5061718792,-0.0011234886192495201,0.027457368238692936,3,0.7982991597376667,0.20170084026233334,0.0,0.0
2024-05-02,117736.41195128023,0.008332276164856604,0.019353874448761355,3,0.7991075762006139,0.20089242379938604,0.0,0.0
2024-05-03,119141.96317984594,0.011938118422933982,0.007646804870939383,3,0.7994686787880745,0.20053132121192552,0.0,0.0
2024-05-06,120218.67034246077,0.00903717828612186,0.0,3,0.8004904534326923,0.19950954656730757,0.0,0.0
2024-05-07,120471.12346553181,0.002099949386828977,0.0,3,0.7996944640150316,0.20030553598496825,0.0,0.0
2024-05-08,120334.35954459145,-0.0011349371577096252,0.0011352423469304096,3,0.8009863515486398,0.1990136484513602,0.0,0.0
2024-05-09,121006.54823161039,0.005586007932919858,0.0,3,0.8011263799609089,0.19887362003909118,0.0,0.0
2024-05-10,120996.01647130323,-8.70346312746417e-05,8.703463127468503e-05,3,0.8022282841314712,0.19777171586852874,0.0,0.0
2024-05-13,121070.12512223481,0.0006124883536902895,0.0,3,0.8018448604596043,0.1981551395403957,0.0,0.0
2024-05-14,121650.9479942118,0.004797408703349294,0.0,3,0.8016777820757154,0.19832221792428473,0.0,0.0
2024-05-15,121753.30033029219,0.0018432039805957,0.0,0,0.0,0.0,0.0,1.0
2024-05-16,121663.72128462013,-0.000735742238026,0.0007357422380259715,0,0.0,0.0,0.0,1.0
2024-05-17,121589.07414174135,-0.000613553013919,0.0013488438350773846,0,0.0,0.0,0.0,1.0
2024-05-20,121559.21033615478,-0.0002456125749568,0.0015941251170266124,0,0.0,0.0,0.0,1.0
2024-05-21,121618.92557624026,0.0004912440605722,0.0011036641609499798,0,0.0,0.0,0.0,1.0
2024-05-22,121529.29704621759,-0.0007369620278916,0.0018398128302634653,0,0.0,0.0,0.0,1.0
2024-05-23,121469.59417721975,-0.0004912631805575,0.002330172178518275,0,0.0,0.0,0.0,1.0
2024-05-24,121514.37751451196,0.0003686794015864,0.0019623518634163117,0,0.0,0.0,0.0,1.0
2024-05-28,121409.817081696,-0.000860477870641,0.0028211411737043557,0,0.0,0.0,0.0,1.0
2024-05-29,121365.0090022285,-0.0003690647144073,0.003189164704450187,0,0.0,0.0,0.0,1.0
2024-05-30,121499.42086954338,0.001107500987475,0.002085195720034516,0,0.0,0.0,0.0,1.0
2024-05-31,121663.72128462011,0.0013522732363733,0.0007357422380260825,0,0.0,0.0,0.0,1.0
2024-06-03,121801.54757212634,0.0011328462260642,0.0,0,0.0,0.0,0.0,1.0
2024-06-04,121921.38629818978,0.0009838850856347,0.0,0,0.0,0.0,0.0,1.0
2024-06-05,122041.27450860383,0.000983323878231,0.0,0,0.0,0.0,0.0,1.0
2024-06-06,122056.26826683538,0.0001228580928207,0.0,0,0.0,0.0,0.0,1.0
2024-06-07,121741.63439463847,-0.0025777772552333,0.0025777772552333378,0,0.0,0.0,0.0,1.0
2024-06-10,121756.59103960707,0.0001228556281749,0.0024552383215024065,0,0.0,0.0,0.0,1.0
2024-06-11,121891.42352390203,0.0011073937200747,0.0013505635169261954,0,0.0,0.0,0.0,1.0
2024-06-12,122056.26826683538,0.0013523900055283,0.0,0,0.0,0.0,0.0,1.0
2024-06-13,122251.01392861824,0.0015955400287768,0.0,0,0.0,0.0,0.0,1.0
2024-06-14,122265.97057358683,0.0001223437294133,0.0,0,0.0,0.0,0.0,1.0
2024-06-17,122146.10710534811,-0.0009803501961863,0.0009803501961862526,0,0.0,0.0,0.0,1.0
2024-06-18,122310.92710610616,0.0013493676111666,0.0,0,0.0,0.0,0.0,1.0
2024-06-20,122265.97057358686,-0.0003675594125805,0.0003675594125804871,0,0.0,0.0,0.0,1.0
2024-06-21,122310.92710610616,0.0003676945621777,0.0,0,0.0,0.0,0.0,1.0
2024-06-24,122325.93323542533,0.0001226883784974,0.0,0,0.0,0.0,0.0,1.0
2024-06-25,122340.88988039391,0.000122268799207,0.0,0,0.0,0.0,0.0,1.0
2024-06-26,122221.06352541814,-0.0009794464883566,0.0009794464883565723,0,0.0,0.0,0.0,1.0
2024-06-27,122310.92710610616,0.00073525444875,0.00024491218199440556,0,0.0,0.0,0.0,1.0
2024-06-28,122325.93323542533,0.0001226883784974,0.0001222538513754312,0,0.0,0.0,0.0,1.0
2024-07-01,122220.680021701,-0.0008604325423111,0.0009825812024943925,0,0.0,0.0,0.0,1.0
2024-07-02,122325.89612216239,0.0008608698662346,0.00012255721080811632,0,0.0,0.0,0.0,1.0
2024-07-03,122506.29132227151,0.0014747098188347,0.0,0,0.0,0.0,0.0,1.0
2024-07-05,122731.79150795174,0.0018407233069117,0.0,0,0.0,0.0,0.0,1.0
2024-07-08,122775.21112049444,0.00135513154113488,0.0,3,0.7998391198264558,0.20016088017354414,0.0,0.0
2024-07-09,122762.08276658054,-0.00010693000479561752,0.00010693000479555792,3,0.8007025003368039,0.19929749966319607,0.0,0.0
2024-07-10,123811.59187760112,0.008549130866540643,0.0,3,0.8017713200479702,0.19822867995202975,0.0,0.0
2024-07-11,123194.09028448684,-0.004987429559299583,0.004987429559299539,3,0.7988422529558388,0.20115774704416123,0.0,0.0
2024-07-12,123920.78967127446,0.005898816940889622,0.0,3,0.7991667331650465,0.20083326683495342,0.0,0.0
2024-07-15,123796.86888160318,0.0,0.0010000000000000009,0,0.0,0.0,0.0,1.0
2024-07-16,123842.15592252508,0.000365817337151,0.0006345484801861812,0,0.0,0.0,0.0,1.0
2024-07-17,123857.25989033187,0.0001219614411125,0.0005126644295206928,0,0.0,0.0,0.0,1.0
2024-07-18,123796.8688816032,-0.000487585538241,0.0009999999999998899,0,0.0,0.0,0.0,1.0
2024-07-19,123736.42814787761,-0.0004882250599034,0.0014877368348434894,0,0.0,0.0,0.0,1.0
2024-07-22,124560.39200125249,0.00766669076077954,0.0,3,0.8020983524732469,0.19790164752675304,0.0,0.0
2024-07-23,124369.0962224406,-0.0015357673152632118,0.0015357673152631701,3,0.8020720513984095,0.19792794860159055,0.0,0.0
2024-07-24,121842.39082547076,-0.020316183631749536,0.02182075001622019,3,0.8001511725196915,0.1998488274803085,0.0,0.0
2024-07-25,121533.97150142907,-0.00253129737484776,0.02429681258383476,3,0.7980021182864545,0.2019978817135454,0.0,0.0
2024-07-26,122811.71790098168,0.010513491690984372,0.014038765230067973,3,0.7985439008541861,0.20145609914581383,0.0,0.0
2024-07-29,123001.37498199537,0.00154574976000738,0.012516153764524529,3,0.7992350079270328,0.20076499207296708,0.0,0.0
2024-07-30,122598.38570566807,-0.0032762989550830764,0.015751446058107188,3,0.7977993773265075,0.20220062267349245,0.0,0.0
2024-07-31,124441.81231060097,0.01503630406160948,0.0009519855288374623,3,0.7987570390074081,0.20124296099259192,0.0,0.0
2024-08-01,123250.21475966914,-0.009575539995814834,0.010518409749145419,3,0.7950589729176878,0.20494102708231227,0.0,0.0
2024-08-02,122212.88730447694,-0.008416435275305022,0.018846317509597643,3,0.7868789857083347,0.2131210142916653,0.0,0.0
2024-08-05,122061.175664215,-0.000241613481933,0.020064294089668255,0,0.0,0.0,0.0,1.0
2024-08-06,121913.46383883075,-0.0012101458517047,0.021250159219112996,0,0.0,0.0,0.0,1.0
2024-08-07,121839.61398337744,-0.0006057563547776,0.021843043154903485,0,0.0,0.0,0.0,1.0
2024-08-08,121780.50744716407,-0.0004851175597244,0.022317564270835533,0,0.0,0.0,0.0,1.0
2024-08-09,121810.07888698716,0.000242825723451,0.022080157826074198,0,0.0,0.0,0.0,1.0
2024-08-12,121827.9093213686,0.00114752650059178,0.0219370109228334,3,0.7995028733216257,0.20049712667837433,0.0,0.0
2024-08-13,123599.1428477522,0.014538815746326879,0.007717133336338833,3,0.8010055152483523,0.19899448475164772,0.0,0.0
2024-08-14,124065.6985435816,0.003774748635628446,0.003971514939242637,3,0.8005107843908161,0.1994892156091838,0.0,0.0
2024-08-15,125568.26478224776,0.012111052904267046,0.0,3,0.8044885582859159,0.19551144171408422,0.0,0.0
2024-08-16,125880.71305124517,0.0024882741633742316,0.0,3,0.8042909200055944,0.1957090799944055,0.0,0.0
2024-08-19,126197.7711950344,0.0030747142069150247,0.0,4,0.2516166799667003,0.25038465199518434,0.24882542726207346,0.24917324077604203
2024-08-20,126558.89145414153,0.0028615422894357656,0.0,4,0.25049074614476796,0.2516596680296792,0.24902601531424787,0.24882357051130485
2024-08-21,126679.47371399957,0.0009527758853810052,0.0,4,0.25111234969579516,0.2515730316809205,0.24845718575673864,0.24885743286654569
2024-08-22,125694.65160371938,-0.007774125368594334,0.007774125368594342,4,0.25109349559528926,0.2510273821477377,0.24740526774037697,0.25047385451659604
2024-08-23,126668.25841591846,0.007745809386294396,8.853287555032896e-05,4,0.2518109530398377,0.2507288271201413,0.24834005137372478,0.2491201684662963
2024-08-26,126293.0736345664,-0.00241508276975408,0.00305021854057852,3,0.8000251694323385,0.19997483056766158,0.0,0.0
2024-08-27,126388.06296674254,0.0007521341388125055,0.0023003785752611083,3,0.8005216500075448,0.1994783499924552,0.0,0.0
2024-08-28,125769.81329527084,-0.004891677718285706,0.007180803582926498,3,0.7997865942425051,0.20021340575749497,0.0,0.0
2024-08-29,125696.4549671955,-0.0005832745247312255,0.00775988972786068,3,0.8003249179846391,0.19967508201536094,0.0,0.0
2024-08-30,126389.1406336245,0.005510781243669558,0.0022918715389562694,3,0.803536763243202,0.19646323675679805,0.0,0.0
2024-09-03,124721.33818444738,-0.013192283208933401,0.015457401835857087,3,0.7940115127786757,0.20598848722132437,0.0,0.0
2024-09-04,124849.81213833186,0.0010300880006153083,0.014443236319393593,3,0.7915710072174338,0.2084289927825663,0.0,0.0
2024-09-05,124756.62283939055,-0.0007464112067551616,0.015178866932698099,3,0.7902356040760742,0.20976439592392584,0.0,0.0
2024-09-06,123094.75527426829,-0.013320876497768964,0.02829754761868042,3,0.7874249668999157,0.21257503310008433,0.0,0.0
2024-09-09,124293.01154928928,0.00973442184722779,0.018838586037215,3,0.7885650437253613,0.2114349562746387,0.0,0.0
2024-09-10,124898.71574520248,0.00488468672558842,0.014057194244565974,3,0.7995788571008225,0.20042114289917756,0.0,0.0
2024-09-11,125903.35148591336,0.00804360344873652,0.006126661291934621,3,0.801336077716127,0.19866392228387295,0.0,0.0
2024-09-12,126636.32579530495,0.005821721985483366,0.00034060702519211894,3,0.8034086082255876,0.19659139177441246,0.0,0.0
2024-09-13,127234.83190741137,0.004726180330546312,0.0,3,0.8038057963538651,0.19619420364613493,0.0,0.0
2024-09-16,127614.58738495556,0.0029846817247383864,0.0,3,0.8025973716617569,0.1974026283382431,0.0,0.0
2024-09-17,127395.03472150902,-0.0007211566330591,0.0017204354764260854,0,0.0,0.0,0.0,1.0
2024-09-18,127349.07820910166,-0.000360740216507,0.0020805550626668,0,0.0,0.0,0.0,1.0
2024-09-19,127456.32259700894,0.000842129282877,0.001240177876132731,0,0.0,0.0,0.0,1.0
2024-09-20,127502.26658379288,0.0003604684793017,0.0008801564418640107,0,0.0,0.0,0.0,1.0
2024-09-23,127502.26658379288,0.0,0.0008801564418640107,0,0.0,0.0,0.0,1.0
2024-09-24,127624.86738603962,0.0009615578258459,0.0,0,0.0,0.0,0.0,1.0
2024-09-25,127517.585421262,-0.0008406039275489,0.0008406039275489219,0,0.0,0.0,0.0,1.0
2024-09-26,127395.03472150906,-0.0009610494062297,0.0018008454718732025,0,0.0,0.0,0.0,1.0
2024-09-27,127594.21718547794,0.0015635025682461,0.00024015853014736077,0,0.0,0.0,0.0,1.0
2024-09-30,127410.35355897817,-0.001441002817804,0.0016808152788326813,0,0.0,0.0,0.0,1.0
2024-10-01,127491.8577907129,0.0006396986544503,0.0010421918396545937,0,0.0,0.0,0.0,1.0
2024-10-02,127461.06980829335,-0.0002414897935685,0.0012834299545309014,0,0.0,0.0,0.0,1.0
2024-10-03,127291.9738918313,-0.0013266475537699,0.002608374849091044,0,0.0,0.0,0.0,1.0
2024-10-04,126861.54336788293,-0.0033814427633445,0.005980997542177957,0,0.0,0.0,0.0,1.0
2024-10-07,126692.39734892709,-0.0013333120066602,0.007306335013003373,0,0.0,0.0,0.0,1.0
2024-10-08,127566.0031173919,0.00790339030779658,0.00046122883301158435,3,0.8012334923240895,0.19876650767591064,0.0,0.0
2024-10-09,128129.81553967897,0.0044197702248948,0.0,3,0.8032331172367985,0.19676688276320153,0.0,0.0
2024-10-10,127850.95114221107,-0.0021764208142603936,0.0021764208142603936,3,0.8035764368286645,0.19642356317133552,0.0,0.0
2024-10-11,128364.74036656167,0.00401865781803291,0.0,3,0.8051528067152544,0.19484719328474567,0.0,0.0
2024-10-14,129228.69355206432,0.006730455598909067,0.0,3,0.8063108727687184,0.19368912723128165,0.0,0.0
2024-10-15,129426.12941298018,0.00208527296722545,0.0,4,0.24754135503014102,0.25251280315787705,0.2503450520612447,0.24960078975073738
2024-10-16,129884.73215900834,0.003543355179577667,0.0,4,0.24773941690280243,0.2526816430287705,0.25070882974862646,0.24887011031980064
2024-10-17,129535.15856904932,-0.0026914140264850785,0.002691414026485095,4,0.24842932324914374,0.24934957569223964,0.25289078595874626,0.24933031509987041
2024-10-18,130058.26879770112,0.004038364830293853,0.0,4,0.24838188854658094,0.24853199917245683,0.2545480691400903,0.2485380431408719
2024-10-21,129386.94113254195,-0.005161745357408917,0.005161745357408876,4,0.2492605956994777,0.24545689189821762,0.25581788050628285,0.24946463189602175
2024-10-22,129745.58017571105,0.0027776674268406003,0.0024042194693245644,4,0.24917507958028878,0.24955079223579762,0.251996867416794,0.24927726076711978
2024-10-23,128948.87693676753,-0.006140503883558623,0.008529960233894851,4,0.248423695795637,0.25041263646832435,0.25049835119040736,0.2506653165456313
2024-10-24,129489.27975611872,0.004190829979978727,0.0043748778669923105,4,0.24792198830883475,0.2509655412785108,0.2513720424801104,0.24974042793254397
2024-10-25,129351.00588048509,-0.001067840333146195,0.005438046529099627,4,0.2481013407957999,0.24982390340513919,0.25215837435027577,0.24991638144878517
2024-10-28,129348.12491704362,-2.227244714365425e-05,0.005460197857639404,4,0.24887381825781069,0.2491515755681513,0.25217393955669576,0.24980066661734232
2024-10-29,129813.53365753948,0.0036002914474705253,0.0018817345673139974,4,0.24950629951073827,0.2494827563547522,0.25181709965807836,0.2491938444764311
2024-10-30,129963.08805591933,0.0011520709294794654,0.0007318315295264943,4,0.24846526786399145,0.2499267801031832,0.2529122044174588,0.24869574761536656
2024-10-31,128881.38149225761,-0.008323182988667377,0.009048923350456817,4,0.24563902751693503,0.2524339419853729,0.2510830981541402,0.2508439323435519
2024-11-01,128412.94687836397,-0.0036346181928673593,0.012650652161888765,4,0.247575611668961,0.2497829708049576,0.25096522367681423,0.2516761938492671
2024-11-04,128911.9054131971,0.0038855781053428683,0.008814229153604414,4,0.24608614644160293,0.2526781936351633,0.25035032286998776,0.250885337053246
2024-11-05,130223.7157933892,0.010735882566105722,0.0,3,0.8010733103759659,0.1989266896240342,0.0,0.0
2024-11-06,132108.14978124812,0.014470743492289165,0.0,3,0.8092813968335295,0.19071860316647046,0.0,0.0
2024-11-07,133250.45920596118,0.00864677483262425,0.0,3,0.8085475679393425,0.1914524320606576,0.0,0.0
2024-11-08,134041.17688921152,0.005934070981535094,0.0,3,0.8072597113500702,0.19274028864992976,0.0,0.0
2024-11-11,134018.58708887716,-0.000168528812254548,0.00016852881225470906,3,0.8081650526472108,0.19183494735278916,0.0,0.0
2024-11-12,133282.57949306286,-0.00548371195081048,0.005659435508953092,3,0.8019124711339392,0.1980875288660608,0.0,0.0
2024-11-13,133084.05530100557,-0.0014894984236677599,0.007140504212351351,3,0.8034988253047849,0.19650117469521505,0.0,0.0
2024-11-14,132547.8945204663,-0.004028737923011167,0.011140474915252718,3,0.8015615270969411,0.19843847290305897,0.0,0.0
2024-11-15,131117.14657360918,-0.010794195954853156,0.02181441840084064,3,0.7999292070862578,0.20007079291374222,0.0,0.0
2024-11-18,131593.49540181225,0.0036330017900110057,0.01826066843192775,3,0.8002993557800651,0.1997006442199349,0.0,0.0
2024-11-19,132112.43380362185,0.003943796377301641,0.014389183461018251,3,0.7997701639625202,0.2002298360374799,0.0,0.0
2024-11-20,132063.66611271878,-0.00036913778286415416,0.014753009652602511,3,0.8003366671737256,0.19966333282627435,0.0,0.0
2024-11-21,132610.63699692223,0.004141721188752882,0.010672391316525642,3,0.8013141675400033,0.19868583245999674,0.0,0.0
2024-11-22,132954.58501426206,0.002593668389872861,0.00810640357065473,3,0.8017184485043287,0.1982815514956712,0.0,0.0
2024-11-25,133998.63056995338,0.007852647996903106,0.0003174123075128099,3,0.7981702119988453,0.2018297880011547,0.0,0.0
2024-11-26,134454.05945841054,0.0034005937925919607,0.0,3,0.8014516928940131,0.1985483071059869,0.0,0.0
2024-11-27,134312.51949716132,-0.0010527012856238578,0.0010527012856238471,3,0.7998653257879279,0.20013467421207198,0.0,0.0
2024-11-29,135257.3404507155,0.007034496539052386,0.0,3,0.7992120744050553,0.20078792559494468,0.0,0.0
2024-12-02,135516.35183056025,0.0019149524822953058,0.0,3,0.7991143407131678,0.20088565928683225,0.0,0.0
2024-12-03,135331.6667773071,-0.0013628248603094818,0.001362824860309475,3,0.8005760486356668,0.19942395136433327,0.0,0.0
2024-12-04,136294.70840235683,0.0071167389008856404,0.0,3,0.7992792636403319,0.20072073635966814,0.0,0.0
2024-12-05,136170.70524396084,-0.0009098163813514797,0.0009098163813515692,3,0.7986906837940574,0.20130931620594256,0.0,0.0
2024-12-06,136417.5849581518,0.0018130163440709297,0.0,3,0.7987565166276005,0.2012434833723994,0.0,0.0
2024-12-09,135603.4086549713,-0.005968265040245624,0.005968265040245724,3,0.7994142157635953,0.20058578423640472,0.0,0.0
2024-12-10,135138.41052539393,-0.003429103546803351,0.009376902788231223,3,0.7996709985290726,0.20032900147092741,0.0,0.0
2024-12-11,135718.59980447523,0.0042936270188403,0.0051238640083753895,3,0.802737852673514,0.19726214732648578,0.0,0.0
2024-12-12,134832.0279288502,-0.006532427220014729,0.011622819959670072,3,0.8038527429050342,0.1961472570949658,0.0,0.0
2024-12-13,134540.47722204096,-0.0021623253116320484,0.013760012953510814,3,0.8054348610261132,0.1945651389738869,0.0,0.0
2024-12-16,135081.58711188965,0.004021911479886036,0.009793443027685811,3,0.8056338419479553,0.19436615805204474,0.0,0.0
2024-12-17,134697.0905106005,-0.002846402751921056,0.012611969696422087,3,0.8046047842952772,0.19539521570472285,0.0,0.0
2024-12-18,131148.07798405777,-0.02634361738402012,0.03862776910843657,3,0.7971572363053266,0.2028427636946734,0.0,0.0
2024-12-19,130713.17986073112,-0.0033160846122313476,0.04181576076992266,3,0.7995638934858303,0.20043610651416974,0.0,0.0
2024-12-20,132117.67618826003,0.010744871550254723,0.03152019419791685,3,0.8005654919725165,0.19943450802748358,0.0,0.0
2024-12-23,132509.35039509446,0.0029645859519685054,0.028649052570870914,3,0.8029788608944928,0.19702113910550717,0.0,0.0
2024-12-24,133802.42292641875,0.009758349335113476,0.01917027069886401,3,0.804057773653967,0.19594222634603306,0.0,0.0
2024-12-26,133793.7838779992,-6.0508181751840036e-05,0.019233598666605123,3,0.8001016861340652,0.19989831386593485,0.0,0.0
2024-12-27,132447.65585441043,-0.010061214987508317,0.02910130028294522,3,0.799725559145064,0.20027444085493595,0.0,0.0
2024-12-30,131452.10240075152,-0.007516580397264568,0.03639913841696807,3,0.7965871163993707,0.2034128836006293,0.0,0.0
2024-12-31,130928.01137093348,-0.003986935318997522,0.040240952725429935,3,0.7968660780131407,0.20313392198685934,0.0,0.0
2025-01-02,130744.75491535703,-0.0013996734056952518,0.04158430193977558,3,0.7960222502173656,0.20397774978263447,0.0,0.0
2025-01-03,131968.42371466124,0.00936323403224522,0.032614279492306,3,0.8024889181101362,0.19751108188986366,0.0,0.0
2025-01-06,132462.0373428405,0.0037403919383512574,0.02899587774204282,3,0.8041040836842306,0.19589591631576947,0.0,0.0
2025-01-07,130965.37016637878,-0.011298838569030946,0.03996709656929909,3,0.8040998489756341,0.19590015102436587,0.0,0.0
2025-01-08,131152.08320722947,0.001425667263135979,0.038598409087344576,3,0.8041282288238666,0.19587177117613344,0.0,0.0
2025-01-10,129371.72491767819,-0.01357476180335004,0.05164920668134565,3,0.8027483769944348,0.19725162300556517,0.0,0.0
2025-01-13,129522.76530759741,0.00117024309896418,0.050542015185721656,3,0.800303917654569,0.19969608234543113,0.0,0.0
2025-01-14,129622.99397411224,0.0007738305021267252,0.04980729563658459,3,0.8007853383582944,0.19921466164170556,0.0,0.0
2025-01-15,131956.19194909238,0.017999877208870082,0.032703943633278776,3,0.8009349166095745,0.19906508339042545,0.0,0.0
2025-01-16,131837.70239728744,-0.0008979461293536586,0.03357252338303229,3,0.8001130118163319,0.1998869881836682,0.0,0.0
2025-01-17,132942.16638150602,0.00837745170110997,0.025476323875048168,3,0.8014320254205611,0.19856797457943887,0.0,0.0
2025-01-21,134153.36627782776,0.009112172913981881,0.016597703888531767,3,0.800032913092168,0.199967086907832,0.0,0.0
2025-01-22,134616.41803396327,0.0034516596115563083,0.013203333901132042,3,0.8017628335681387,0.19823716643186126,0.0,0.0
2025-01-23,134998.13358593793,0.0028355794749965707,0.010405193528747025,3,0.8038594127218964,0.19614058727810357,0.0,0.0
2025-01-24,134800.26143356928,-0.0014657399114536556,0.011855682132759227,3,0.8026892675627981,0.19731073243720196,0.0,0.0
2025-01-27,133583.7968843724,-0.009024200222314675,0.0207728943057357,3,0.798541135873705,0.20145886412629493,0.0,0.0
2025-01-28,134071.6574449368,0.0042029404529137756,0.017196665033577863,4,0.25109277695593635,0.2487843857341608,0.25110870949268743,0.24901412781721563
2025-01-29,133703.08371697323,-0.0027490801187040267,0.01989847014233015,4,0.25065623614399796,0.24896099189808696,0.25083391168040786,0.24954886027750722
2025-01-30,134535.99970423387,0.006229594442442228,0.013792835098899725,4,0.2504413805516249,0.2483474655471789,0.25305648216236665,0.24815467173882966
2025-01-31,134208.65251777406,-0.0024331568292461094,0.01619243179723029,4,0.24971615235455644,0.24731861942319117,0.2541750705767166,0.2487901576455358
2025-02-03,134412.240536948,0.0015169515180623917,0.014700043413163888,4,0.24765996043278882,0.24895466744580177,0.25514462988048997,0.2482407422409195
2025-02-04,135141.24307423385,0.005979274694272301,0.009356138978046658,3,0.8005798918228227,0.19942010817717729,0.0,0.0
2025-02-05,136024.8505126635,0.006538399516898885,0.0028789136357220135,3,0.7986041878290822,0.20139581217091787,0.0,0.0
2025-02-06,136390.21703571046,0.002686027749120284,0.00020061872851462326,3,0.7992330776308487,0.20076692236915133,0.0,0.0
2025-02-07,135215.6508538093,-0.008611806678140684,0.0088106977169492,3,0.7987963671426823,0.20120363285731768,0.0,0.0
2025-02-10,135866.89044816606,0.004816303366101174,0.004036829343919801,3,0.8003663652107289,0.19963363478927107,0.0,0.0
2025-02-11,135775.4567506486,-0.0006725991431316201,0.0047070779599286405,3,0.8011472017038886,0.19885279829611135,0.0,0.0
2025-02-12,135058.66090997038,-0.005279274014850872,0.009961502020419788,3,0.8028045431160227,0.19719545688397724,0.0,0.0
2025-02-13,136646.07374739303,0.011753506415118537,0.0,3,0.8018555389731453,0.19814446102685465,0.0,0.0
2025-02-14,136784.18780270332,0.001010742947255229,0.0,3,0.8010064944799871,0.1989935055200129,0.0,0.0
2025-02-18,136785.27378505157,7.939385141617622e-06,0.0,3,0.8033517894590836,0.19664821054091644,0.0,0.0
2025-02-19,137076.65108902185,0.00213353930221368,0.0,3,0.8001766455297309,0.1998233544702691,0.0,0.0
2025-02-20,136722.80702788546,-0.0025813591032844098,0.0025813591032843863,3,0.7989099880085182,0.2010900119914818,0.0,0.0
2025-02-21,135186.82568643015,-0.011234273014465274,0.01378663242483491,3,0.7941674013317075,0.20583259866829245,0.0,0.0
2025-02-24,134779.00656919912,-0.0030167075464659805,0.01676174973322453,3,0.7929456201411704,0.20705437985882952,0.0,0.0
2025-02-25,134728.80352257704,-0.0003724841716821293,0.017127990418441374,3,0.7892960747876656,0.2107039252123344,0.0,0.0
2025-02-26,134940.94971150716,0.0015853373342620402,0.0155803439940162,3,0.7991370198723694,0.20086298012763068,0.0,0.0
2025-02-27,133028.0621622968,-0.014175738004660328,0.029535219124194878,3,0.7976889294506033,0.2023110705493967,0.0,0.0
2025-02-28,135014.18301961184,0.014930089373864235,0.015046093211531497,3,0.7982199321814092,0.20178006781859079,0.0,0.0
2025-03-03,133253.17385093312,-0.013043142055845437,0.027892986936233544,3,0.7945992071328883,0.2054007928671116,0.0,0.0
2025-03-04,131662.78979760237,-0.011935055709141117,0.03949513829239637,3,0.7946781694345173,0.20532183056548264,0.0,0.0
2025-03-05,132583.9037405277,0.007001367183308639,0.03277543850685727,3,0.802976339496608,0.19702366050339212,0.0,0.0
2025-03-06,130607.67387371481,-0.014905503692819582,0.04719240777997913,3,0.8006566863506343,0.1993433136493657,0.0,0.0
2025-03-07,131110.28102962868,0.0038482207132778156,0.04352579386782962,3,0.8020578672558373,0.1979421327441628,0.0,0.0
2025-03-10,128580.06610157271,-0.019298371631772938,0.06198418855397325,3,0.7960572543216125,0.2039427456783875,0.0,0.0
2025-03-11,127541.97758673663,-0.008073479399334258,0.06955723988393259,3,0.7958651183661001,0.20413488163389998,0.0,0.0
2025-03-12,127930.51817688394,0.0030505216968273806,0.06672276306340552,3,0.8017992842505459,0.19820071574945405,0.0,0.0
2025-03-13,126786.05409963132,-0.008945981721657848,0.07507184416627954,3,0.7982520087570051,0.20174799124299492,0.0,0.0
2025-03-14,128741.13966286888,0.01542035184485825,0.060809126572107686,3,0.8023678330278925,0.1976321669721075,0.0,0.0
2025-03-17,129664.67252538838,0.00717356444830251,0.05407178031231519,3,0.8027961630989376,0.19720383690106227,0.0,0.0
2025-03-18,128564.97561754967,-0.008481083447177034,0.062094276478526056,3,0.8009118375370485,0.1990881624629515,0.0,0.0
2025-03-19,129272.58833989274,0.00610851326288902,0.056932108328652586,5,0.2009506594306856,0.5994470720737903,0.19960226849552404,0.0
2025-03-20,129215.43434846698,-0.0004421199587609941,0.05734905746602714,5,0.20045819719165833,0.600106967948751,0.19943483485959076,0.0
2025-03-21,128557.57150442046,-0.005091209477904981,0.06214829087901219,5,0.20155046236240534,0.5996077884992919,0.1988417491383028,0.0
2025-03-24,128117.39154893426,-0.0034239909041146313,0.06535948660045077,5,0.20586478337558983,0.5954986903918349,0.19863652623257536,0.0
2025-03-25,128284.29182335133,0.0013027136472204411,0.06414191764840016,5,0.20609121218362095,0.5946577553876964,0.1992510324286826,0.0
2025-03-26,126815.06883817265,-0.010865411686759701,0.0748601761811718,3,0.7991321460532764,0.20086785394672357,0.0,0.0
2025-03-27,126471.65283023399,-0.002708006320423156,0.07736546067134842,3,0.7991739430074285,0.20082605699257147,0.0,0.0
2025-03-28,124787.60723567342,-0.013315597265270953,0.08965089062007747,3,0.7936479891513157,0.20635201084868432,0.0,0.0
2025-03-31,125706.67154822616,0.007365028730913878,0.08294614327433247,3,0.7931341341833495,0.20686586581665045,0.0,0.0
2025-04-01,126213.6091860719,0.004032702732497712,0.07924793768046723,3,0.7921796710091292,0.20782032899087077,0.0,0.0
2025-04-02,126835.04664341247,0.0049315550114111,0.07471443432739078,3,0.8011119111740121,0.198888088825988,0.0,0.0
2025-04-03,121943.55642773958,-0.038565761949258114,0.11039877718820523,3,0.7921837269682159,0.2078162730317841,0.0,0.0
2025-04-04,116564.11192707096,-0.04411421692343639,0.14964283850667903,3,0.7802260268208204,0.21977397317917957,0.0,0.0
2025-04-07,115629.5829550641,-0.008017295860252054,0.1564604034572551,3,0.78513087605245,0.21486912394755003,0.0,0.0
2025-04-08,113738.61348683022,-0.016353682335503734,0.170255382056534,3,0.785682363828895,0.214317636171105,0.0,0.0
2025-04-09,123426.5399781922,0.08519264826522052,0.0995801327387612,3,0.8146161917008563,0.1853838082991436,0.0,0.0
2025-04-10,118389.93607597526,-0.04080649026624936,0.13632310728769448,3,0.8120576983884462,0.1879423016115538,0.0,0.0
2025-04-11,120226.35940313121,0.015511650635383926,0.12292605306608739,3,0.8139218856933204,0.18607811430667964,0.0,0.0
2025-04-14,121335.31871147608,0.00922392821216865,0.11483598594280553,3,0.8143069504338316,0.18569304956616844,0.0,0.0
2025-04-15,121138.392914868,-0.001622988250241861,0.11627259673715729,3,0.8133462037962665,0.18665379620373343,0.0,0.0
2025-04-16,121591.47537191444,0.004305977241838499,0.11296727483552871,4,0.24339495604248124,0.2503169873416244,0.2570284439365045,0.24925961267938987
2025-04-17,121238.63927764713,-0.0029018160458048133,0.11554128063056501,4,0.24445156526570247,0.24882814974809225,0.2566446467337297,0.25007563825247553
2025-04-21,120950.12741148514,-0.002379702278753527,0.1176460290605118,4,0.23920218623937387,0.24506185974720956,0.2652152323871864,0.2505207216262302
2025-04-22,121423.93153706344,0.003917351190266835,0.11418953868221537,4,0.24446805284349066,0.24546809615072002,0.2604301285791152,0.2496337224266742
2025-04-23,121393.15868013658,-0.0002534332115368653,0.11441403247224013,4,0.24831907720279037,0.24791523271279867,0.2542498060398967,0.2495158840445143
2025-04-24,123375.68337821955,0.01684368775503432,0.09995114121882409,1,0.6024814098434959,0.3975185901565042,0.0,0.0
2025-04-25,124274.02854116367,0.007281379428636341,0.09339754397372724,1,0.6024478740324889,0.39755212596751116,0.0,0.0
2025-04-28,124613.83050348319,0.002734295864618018,0.09091862462736211,1,0.6010342332967251,0.3989657667032748,0.0,0.0
2025-04-29,125502.48759171975,0.00713128779242303,0.08443570371284803,1,0.6005377739401715,0.39946222605982856,0.0,0.0
2025-04-30,125126.67300337774,-0.0029944791976123366,0.08717734195215654,1,0.6025805001471357,0.3974194998528642,0.0,0.0
2025-05-01,125684.36904359523,0.0046553901814778,0.08310884424823095,3,0.801936168690789,0.19806383130921096,0.0,0.0
2025-05-02,126911.07568235906,0.00976021639045925,0.07415978816159541,3,0.8059738285570077,0.19402617144299217,0.0,0.0
2025-05-05,126186.9771332819,-0.005705558361899697,0.07944222352403296,3,0.8059504225053798,0.19404957749462018,0.0,0.0
2025-05-06,125418.34732502062,-0.006091197568267526,0.08504952281355316,3,0.8041121199672157,0.19588788003278435,0.0,0.0
2025-05-07,125946.31658848037,0.004209665289971746,0.0811978875476983,3,0.8041087176530938,0.1958912823469061,0.0,0.0
2025-05-08,125885.49452677078,-0.00027886872990981996,0.08164159594899345,1,0.604349257832079,0.39565074216792095,0.0,0.0
2025-05-09,125863.05054636848,-0.00017828885279164508,0.08180532901530335,1,0.6036868138182052,0.3963131861817949,0.0,0.0
2025-05-12,127909.90901796914,0.01626258431458073,0.06687311076121594,1,0.6136574550828735,0.3863425449171264,0.0,0.0
2025-05-13,128227.69388836726,0.0024844429398622457,0.06455481024925103,1,0.6161790367011879,0.38382096329881227,0.0,0.0
2025-05-14,128002.06226571329,-0.0017596169424242381,0.0662008354538457,1,0.6180541029876048,0.38194589701239523,0.0,0.0
2025-05-15,128824.9252744016,0.00644668417478252,0.060197894747671676,1,0.5990685655483469,0.4009314344516532,0.0,0.0
2025-05-16,129451.78460223749,0.0048659785868352045,0.05562483782765115,1,0.5999438414674443,0.4000561585325557,0.0,0.0
2025-05-19,129386.73200773716,-0.0005025237365418917,0.05609940876284336,1,0.6009021018876429,0.3990978981123571,0.0,0.0
2025-05-20,128753.2522225452,-0.004896018126140469,0.060720763166815184,1,0.601828276513988,0.39817172348601204,0.0,0.0
2025-05-21,126571.40026619346,-0.016945994906446955,0.07663778432992174,1,0.601886570181806,0.39811342981819403,0.0,0.0
2025-05-22,126866.42357700094,0.00233277543781496,0.07448553368428934,1,0.5988398023560897,0.40116019764391025,0.0,0.0
2025-05-23,126432.25684133188,-0.0034222351622101976,0.07765286183404907,1,0.5967947094752862,0.4032052905247138,0.0,0.0
2025-05-27,128712.47096173078,0.018035066187740992,0.06101827014915262,1,0.5984100501505047,0.4015899498494952,0.0,0.0
2025-05-28,128043.75610141466,-0.0051954162274993835,0.06589667106574515,1,0.5980550599936542,0.40194494000634584,0.0,0.0
2025-05-29,128822.35981740423,0.00608076285557329,0.06021661023989433,1,0.5967869282836595,0.4032130717163406,0.0,0.0
2025-05-30,128813.26152797835,-6.741377708831996e-05,0.06028298397571008,1,0.5993694280046155,0.40063057199538454,0.0,0.0
2025-06-02,128767.86720981392,-0.0003524040741299007,0.060614144080686216,1,0.6029580503966371,0.39704194960336286,0.0,0.0
2025-06-03,129120.57456346657,0.002739094475160792,0.05804107747269338,1,0.6047400131810603,0.39525998681893987,0.0,0.0
2025-06-04,129928.11171501952,0.0062541322657763965,0.052149941782279496,1,0.6008200874666114,0.39917991253338847,0.0,0.0
2025-06-05,129586.86058303117,-0.0026264611059448233,0.05463943309445585,1,0.5994909479832379,0.4005090520167622,0.0,0.0
2025-06-06,130295.5411281561,0.0056704145519798,0.04946947497617149,3,0.8036581499109394,0.19634185008906055,0.0,0.0
2025-06-09,130416.88683066549,0.000931311244105036,0.04858423521035171,3,0.8036339963851056,0.19636600361489437,0.0,0.0
2025-06-10,131143.01837603943,0.005567772418281659,0.043286968756837574,3,0.8037156349776152,0.19628436502238478,0.0,0.0
2025-06-11,130920.32928776588,-0.0016980628555842024,0.04491152761864503,3,0.8027864754628619,0.19721352453713814,0.0,0.0
2025-06-12,131646.75269715508,0.005548591371111692,0.03961213196214153,3,0.8015296097133667,0.1984703902866333,0.0,0.0
2025-06-13,130229.96776232932,-0.010562618686072,0.04994784503632255,1,0.5996255183239665,0.40037448167603357,0.0,0.0
2025-06-16,130447.49207831126,0.0016703092208310477,0.04836096416161639,1,0.6043211588745881,0.39567884112541185,0.0,0.0
2025-06-17,130401.98133802693,-0.00034888168073786733,0.048692973587895594,1,0.5993662388931088,0.40063376110689114,0.0,0.0
2025-06-18,130480.78282952614,0.0006042967345329815,0.04811810185829635,1,0.5989139847896643,0.4010860152103357,0.0,0.0
2025-06-20,130200.63129592713,-0.002147071220173605,0.05016186008680079,1,0.5987931021529849,0.4012068978470152,0.0,0.0
2025-06-23,131287.35509597356,0.008549459603594801,0.042234005186547297,3,0.8010534147816725,0.1989465852183276,0.0,0.0
2025-06-24,132638.80818463638,0.010293855700534814,0.03237490024105849,3,0.8016507240071888,0.19834927599281107,0.0,0.0
2025-06-25,132731.50739121987,0.0006988844958139658,0.03169864206107653,3,0.801539772864517,0.19846022713548286,0.0,0.0
2025-06-26,133696.32614121985,0.007268950447132313,0.024660107472327386,3,0.8019813051700817,0.19801869482991824,0.0,0.0
2025-06-27,134060.47102122838,0.002723671551183172,0.022003601954315832,3,0.8037765833538165,0.19622341664618348,0.0,0.0
2025-06-30,134023.4555576531,0.0007246144135966,0.022273636736178437,0,0.0,0.0,0.0,1.0
2025-07-01,133883.90843120537,-0.0010412142103566,0.023291659319448987,0,0.0,0.0,0.0,1.0
2025-07-02,133867.67008009175,-0.000121286802155,0.02341012115072827,0,0.0,0.0,0.0,1.0
2025-07-03,133721.65328648096,-0.001090754724598,0.02447534117507766,0,0.0,0.0,0.0,1.0
2025-07-07,133689.1894208949,-0.0002427719429741,0.024712171191919707,0,0.0,0.0,0.0,1.0
2025-07-08,133183.2525556117,-0.003036703684244475,0.028403075961358715,4,0.2506241374177038,0.2504412571352843,0.24814268283200822,0.25079192261500366
2025-07-09,133908.49677689743,0.005445461102422893,0.02311228270427268,4,0.25076153200620566,0.2516906596732429,0.24790225681137068,0.24964555150918077
2025-07-10,134100.35019606046,0.001432720281242872,0.021712675859205888,4,0.25110897537011784,0.25150405446095103,0.2480985791933794,0.24928839097555167
2025-07-11,133828.05553285108,-0.0020305290986286618,0.023699116737693204,4,0.2507353501722587,0.2485392812627138,0.25099035958547805,0.2497350089795494
2025-07-14,133703.57261278265,-0.0009301705802478126,0.024607243096773757,4,0.2514476637916092,0.24824876176979918,0.25030573718296445,0.24999783725562705
2025-07-15,132986.10671240816,-0.004820185500594981,0.029841292037089295,3,0.8004397771333853,0.19956022286661465,0.0,0.0
2025-07-16,133379.43807053613,0.002957687594979888,0.026971865661385652,3,0.8007474260101896,0.19925257398981044,0.0,0.0
2025-07-17,134026.8000925686,0.004853536882425069,0.022249237723735993,3,0.8017564350238628,0.1982435649761373,0.0,0.0
2025-07-18,133988.68226239865,-0.0002844045380745245,0.02252731447763323,3,0.8013971232998012,0.19860287670019883,0.0,0.0
2025-07-21,134429.54105867178,0.0032902689154727036,0.019311166484735298,3,0.8002835391872065,0.19971646081279346,0.0,0.0
2025-07-22,134739.2292481255,0.00250450639381578,0.0170519327859735,1,0.5985866941728776,0.40141330582712237,0.0,0.0
2025-07-23,135125.33228947577,0.002865557740717346,0.014235238343245138,1,0.6019542808095455,0.39804571919045456,0.0,0.0
2025-07-24,135058.47822872992,-0.0004947559396385887,0.014722951314161237,1,0.6024516120384952,0.39754838796150477,0.0,0.0
2025-07-25,135739.7758154068,0.005044463669456483,0.009752757037716275,1,0.6019600059875889,0.39803999401241097,0.0,0.0
2025-07-28,135369.19505326144,-0.002730082320522775,0.012456213528674098,1,0.6034563580222319,0.39654364197776815,0.0,0.0
2025-07-29,135905.18024566796,0.004461663346549625,0.008546100550655411,4,0.24823302815272813,0.25309223840050143,0.249574081736364,0.24910065171040632
2025-07-30,135062.66163522177,-0.006199311968265021,0.014692432575494796,4,0.24946698286871946,0.2533586028903369,0.24679301138109025,0.25038140285985333
2025-07-31,135177.47806867943,0.000850097518200331,0.013854825057763032,4,0.24832009505957844,0.2532891327924506,0.24822203710890559,0.2501687350390653
2025-08-01,135963.75615990633,0.005816635303903241,0.008118778218419997,4,0.2428374798486279,0.25540439372933466,0.251796260485051,0.24996186593698655
2025-08-04,136768.0955569016,0.005915836835584913,0.0022509707500796283,4,0.24507873095757268,0.2545962236035961,0.251773079378889,0.24855196605994212
2025-08-05,136221.59994625833,-0.0034427720483173607,0.006237759209686389,3,0.7986937010557917,0.20130629894420823,0.0,0.0
2025-08-06,136896.6425681477,0.004955474184385498,0.0013131960800328857,3,0.8008429461499763,0.19915705385002366,0.0,0.0
2025-08-07,136758.24179646283,-0.001010987333863898,0.0023228557892929214,3,0.800981913491441,0.199018086508559,0.0,0.0
2025-08-08,137494.4224322372,0.005383080581497995,0.0,3,0.8029055088271443,0.1970944911728557,0.0,0.0
2025-08-11,137307.17241806944,-0.0013618735280700668,0.0013618735280700456,3,0.802410621649114,0.19758937835088594,0.0,0.0
2025-08-12,137417.61997789543,0.001357543576312425,0.0005585859628568501,4,0.2523189854352387,0.24840407681151422,0.2494345151497899,0.24984242260345724
2025-08-13,137969.1536962247,0.004013558948393746,0.0,4,0.25217058092356354,0.2494597560853598,0.24919495294679364,0.24917471004428302
2025-08-14,137461.89972428224,-0.0036765752224539395,0.003676575222453904,4,0.2531246680926459,0.24852389192881172,0.2485291152074837,0.24982232477105862
2025-08-15,137144.60354742123,-0.0023082481581982515,0.005976336932666415,4,0.25311630839727123,0.24732413673398562,0.24925003905735266,0.2503095158113905
2025-08-18,136985.532899242,-0.001159875372888563,0.007129280499526658,4,0.25335506209579745,0.2468948812477621,0.24914987586691076,0.25060018078952967
2025-08-19,136827.09475512852,-0.0011526542565341003,0.008277639678871407,4,0.24893065572286252,0.2517411454001866,0.24891859721862816,0.2504096016583227
2025-08-20,137169.2988845073,0.0025009968237006104,0.0057973452057152874,4,0.24764985535414835,0.2516637280971515,0.2508109175830198,0.24987549896568023
2025-08-21,136713.70740955172,-0.0033213807948320466,0.009099470809520116,4,0.2474783009118664,0.2512520747676335,0.2507735444398206,0.2504960798806794
2025-08-22,137929.33499967706,0.008891775471231102,0.0002886057896340777,4,0.24906418507858416,0.25088227460930485,0.2512246003340265,0.2488289399780845
2025-08-25,137578.51077444758,-0.0025435069721048012,0.0028313786909008876,4,0.24860031771985816,0.25079961904094955,0.2512570078599215,0.2493430553792708
2025-08-26,137981.26795949411,0.002929534266281,0.0,4,0.2503134644321679,0.24912616544433944,0.2510799644514856,0.24948040567200713
2025-08-27,138115.20056866467,0.0009706579099554284,0.0,4,0.25064050564487345,0.24859768160876275,0.25134285889366126,0.2494189538527026
2025-08-28,138708.73963989798,0.004297420333095175,0.0,4,0.25045183212505306,0.24916225011071594,0.2521240979017976,0.24826181986243348
2025-08-29,138622.4381245577,-0.0006221779216242876,0.0006221779216243339,4,0.24911319662623535,0.24754508148085513,0.25471554907300686,0.24862617281990276
2025-09-02,138928.4774166113,0.0022077182900117147,0.0,4,0.24672251109261487,0.24516171753988428,0.2601633092535378,0.24795246211396316
2025-09-03,139793.7828038967,0.0062386501694141,0.0,4,0.24979649360361272,0.25117733655747027,0.2503958658382695,0.24863030400064762
2025-09-04,140223.86083251942,0.0030765175674946532,0.0,4,0.25111159796025573,0.25231607171552506,0.2485248049706237,0.24804752535359556
2025-09-05,141176.8301621105,0.006796056847481114,0.0,4,0.24869419017625663,0.2544339641432811,0.25014162553642777,0.24673022014403448
2025-09-08,142164.856194978,0.006998499907760819,0.0,4,0.24757249073334933,0.2560322999170982,0.2512320080105764,0.24516320133897607
2025-09-09,141928.8896495889,-0.001659809264432247,0.0016598092644322104,4,0.2485574076550173,0.25500049073778125,0.2510784774847322,0.2453636241224692
2025-09-10,142340.83706223904,0.00345583990829786,0.0,3,0.7995496047179651,0.20045039528203484,0.0,0.0
2025-09-11,143477.37175094808,0.007984600288756848,0.0,3,0.7998078717236297,0.2001921282763703,0.0,0.0
2025-09-12,143314.974902849,-0.0011318638341170598,0.0011318638341171194,3,0.8004462278245466,0.1995537721754534,0.0,0.0
2025-09-15,143992.47679792182,0.004727362897925243,0.0,3,0.8009214522676207,0.19907854773237937,0.0,0.0
2025-09-16,143894.1073092923,-0.0006831571399910676,0.0006831571399911196,3,0.8003655257795917,0.1996344742204083,0.0,0.0
2025-09-17,143680.91817784513,-0.0004820516268768,0.0021637145704072047,0,0.0,0.0,0.0,1.0
2025-09-18,143628.9673306722,-0.0003615709575898,0.0025245031916477645,0,0.0,0.0,0.0,1.0
2025-09-19,143680.91817784513,0.0003617017384336,0.0021637145704072047,0,0.0,0.0,0.0,1.0
2025-09-22,143611.6639955682,-0.0004819998588205,0.0026446715191102976,0,0.0,0.0,0.0,1.0
2025-09-23,143663.6012287875,0.0003616505217911,0.002283977444153873,0,0.0,0.0,0.0,1.0
2025-09-24,143594.33343255692,-0.0004821527209267,0.002765028939141434,0,0.0,0.0,0.0,1.0
2025-09-25,143473.07394729237,-0.0008444587078464,0.0036071526942228482,0,0.0,0.0,0.0,1.0
2025-09-26,143559.68592048794,0.0006036810309604,0.0030056492329196827,0,0.0,0.0,0.0,1.0
2025-09-29,143611.6639955682,0.0003620659570755,0.0026446715191102976,0,0.0,0.0,0.0,1.0
2025-09-30,143680.91817784513,0.0004822322947184,0.0021637145704072047,0,0.0,0.0,0.0,1.0
2025-10-01,143847.7299520616,0.001160987668592,0.0010052389477496204,0,0.0,0.0,0.0,1.0
2025-10-02,143882.45914785253,0.0002414302665916,0.000764051376265229,0,0.0,0.0,0.0,1.0
2025-10-03,143830.3177053283,-0.0003623891531533,0.0011261636454873436,0,0.0,0.0,0.0,1.0
2025-10-06,143795.5748955837,-0.000241554147268,0.0013674457632564252,0,0.0,0.0,0.0,1.0
2025-10-07,143865.08774298022,0.0004834143710401,0.0008846924351497698,0,0.0,0.0,0.0,1.0
2025-10-08,143847.7299520616,-0.0001206532536207,0.0010052389477496204,0,0.0,0.0,0.0,1.0
2025-10-09,143830.31770532834,-0.0001210463782715,0.0011261636454871216,0,0.0,0.0,0.0,1.0
2025-10-10,144073.55821540146,0.0016911629895126,0.0,0,0.0,0.0,0.0,1.0
2025-10-13,144351.50069335816,0.0019291706361632,0.0,0,0.0,0.0,0.0,1.0
2025-10-14,144247.2994920317,-0.0007218574162786,0.0007218574162786151,0,0.0,0.0,0.0,1.0
2025-10-15,144551.4264640557,0.0031114835160946605,0.0,3,0.8010592157262852,0.19894078427371467,0.0,0.0
2025-10-16,143978.52156367162,-0.003963329275941497,0.003963329275941341,3,0.7987695336305888,0.20123046636941128,0.0,0.0
2025-10-17,144586.9201337898,0.004225620346081454,0.0,3,0.7999234155527701,0.2000765844472299,0.0,0.0
2025-10-20,145900.85077674914,0.009087479294417142,0.0,3,0.800964273000089,0.1990357269999111,0.0,0.0
2025-10-21,146041.8267217225,0.000966244845200107,0.0,3,0.8001790619665045,0.1998209380334956,0.0,0.0
2025-10-22,145895.78489500078,0.0,0.0010000000000000009,0,0.0,0.0,0.0,1.0
2025-10-23,145790.4657043977,-0.0007218795983645,0.0017211577187660199,0,0.0,0.0,0.0,1.0
2025-10-24,145878.2202343765,0.0006019222831534,0.0011202714387964496,0,0.0,0.0,0.0,1.0
2025-10-27,145843.10466775647,-0.0002407183646991,0.0013607201335866792,0,0.0,0.0,0.0,1.0
2025-10-28,145860.65557375224,0.0001203410064243,0.0012405428775926763,0,0.0,0.0,0.0,1.0
2025-10-29,145579.85483244862,-0.0019251301195589,0.003163284790693166,0,0.0,0.0,0.0,1.0
2025-10-30,145597.37822918734,0.0001203696538842,0.003043295900304166,0,0.0,0.0,0.0,1.0
2025-10-31,145650.0722110602,0.0003619157330561,0.0026824815839147087,0,0.0,0.0,0.0,1.0
2025-11-03,145655.34023378466,3.616903613212763e-05,0.002646409570555841,0,0.0,0.0,0.0,1.0
2025-11-04,145708.14425268568,0.0003625271741927,0.0022848417917465946,0,0.0,0.0,0.0,1.0
2025-11-05,145648.77159828984,0.0005931165496057599,0.0026913873392011567,3,0.8022964528570238,0.19770354714297628,0.0,0.0
2025-11-06,144653.95668321959,-0.006830232099821813,0.009503236638825685,3,0.7991466795867013,0.20085332041329873,0.0,0.0
2025-11-07,144706.27083062293,0.000361650303958905,0.009145023183285805,3,0.7996442998960323,0.20035570010396775,0.0,0.0
2025-11-10,146505.43736102415,0.012433231262708322,0.0,3,0.8021489423890892,0.1978510576109108,0.0,0.0
2025-11-11,146907.1666289376,0.002742077530702808,0.0,3,0.8017866421849705,0.19821335781502947,0.0,0.0
2025-11-12,147024.55275256184,0.00080083774713944,0.0,3,0.7998045985802127,0.20019540141978728,0.0,0.0
2025-11-13,144831.56125943136,-0.014915818154680838,0.014915818154680793,3,0.7984420605206174,0.20155793947938266,0.0,0.0
2025-11-14,144646.0784019475,-0.0012806798177890989,0.016177395585193377,3,0.7993351680033537,0.20066483199664636,0.0,0.0
2025-11-17,143640.74740735954,-0.006950281720008551,0.023015239848388824,3,0.7974305054064116,0.2025694945935884,0.0,0.0
2025-11-18,142669.07570017182,-0.006764596569746963,0.0296241476056055,3,0.7961195414404401,0.20388045855955989,0.0,0.0
2025-11-19,143051.7742933893,0.0026863123628768403,0.02702119057528185,3,0.8009389687727585,0.1990610312272414,0.0,0.0
2025-11-20,141417.51223524605,-0.011424269752792305,0.03813676295790058,3,0.7978456051055091,0.20215439489449089,0.0,0.0
2025-11-21,142627.9338090581,0.008559205678844986,0.029903977677137483,3,0.7989547129449829,0.201045287055017,0.0,0.0
2025-11-24,144468.54216126024,0.012904964007024141,0.017384923425703525,3,0.8003851217761091,0.19961487822389098,0.0,0.0
2025-11-25,145629.84492678905,0.008038447319780677,0.009486223897038681,3,0.8014709056954389,0.19852909430456117,0.0,0.0
2025-11-26,146563.03094433525,0.00640941146871,0.00313907983113082,3,0.8003928190206998,0.19960718097930022,0.0,0.0
2025-11-28,147064.55738194814,0.0034219163890201903,0.0,3,0.8020172745249787,0.19798272547502133,0.0,0.0
2025-12-01,146163.60736122646,-0.006126221278331423,0.006126221278331401,3,0.8032767395312189,0.19672326046878108,0.0,0.0
2025-12-02,146394.04256292726,0.0015765566125589257,0.00455932300043882,3,0.8034978705759919,0.19650212942400813,0.0,0.0
2025-12-03,146882.33673684343,0.0033354784482180666,0.0012390520758271961,3,0.8035997923001899,0.1964002076998101,0.0,0.0
2025-12-04,146629.1889320815,-0.0007241976280342,0.0029603900329017163,0,0.0,0.0,0.0,1.0
2025-12-05,146576.04930219176,-0.0003624082645262,0.0033217254276136643,0,0.0,0.0,0.0,1.0
2025-12-08,146540.63207676823,-0.000241630372712,0.0035625531705725244,0,0.0,0.0,0.0,1.0
2025-12-09,146469.7838341667,-0.0004834716596856,0.0040443024367640135,0,0.0,0.0,0.0,1.0
2025-12-10,146717.74578739487,0.0016929222310377,0.002358226895230353,0,0.0,0.0,0.0,1.0
2025-12-11,146735.45440010662,0.0001206985059423,0.002237813023751034,0,0.0,0.0,0.0,1.0
2025-12-12,146753.16301281838,0.000120683939571,0.002117399152271826,0,0.0,0.0,0.0,1.0
2025-12-15,146841.69228462278,0.0006032529043116,0.0015154235751483336,0,0.0,0.0,0.0,1.0
2025-12-16,146912.52673546987,0.000482386505801,0.0010337680892305023,0,0.0,0.0,0.0,1.0
2025-12-17,146930.2215564272,0.0001204446029927,0.0009134479980248411,0,0.0,0.0,0.0,1.0
2025-12-18,147036.48702445228,0.000723237649133,0.00019087098887438092,0,0.0,0.0,0.0,1.0
2025-12-19,147009.85514661236,-0.0001811242799583,0.0003719606974622591,0,0.0,0.0,0.0,1.0
2025-12-22,146938.78623593965,-0.0004834295673704,0.0008552104480336054,0,0.0,0.0,0.0,1.0
2025-12-23,146867.74490877584,-0.0004834756634626,0.001338272638057414,0,0.0,0.0,0.0,1.0
2025-12-24,146956.57759917813,0.0006048481949352,0.0007342338949116733,0,0.0,0.0,0.0,1.0
2025-12-26,147063.13269404662,0.00072507877231,9.687500012733885e-06,0,0.0,0.0,0.0,1.0
2025-12-29,147134.18781296487,0.0004831606509163,0.0,0,0.0,0.0,0.0,1.0
2025-12-30,147169.715372424,0.0002414636597192,0.0,0,0.0,0.0,0.0,1.0
2025-12-31,147116.4240332353,-0.000362108053643,0.0003621080536430066,0,0.0,0.0,0.0,1.0
