date,wealth,return,drawdown,action,w_SPY,w_TLT,w_GLD,w_SHY
2021-01-05,100402.42608567877,0.0040242608567877,0.0,3,0.8022810932456224,0.19771890675437767,0.0,0.0
2021-01-06,100476.48896247655,0.0007376602307853809,0.0,3,0.8064825767883923,0.19351742321160773,0.0,0.0
2021-01-07,101509.0481903609,0.01027662529360449,0.0,3,0.8101395058926576,0.18986049410734232,0.0,0.0
2021-01-08,101915.40555225345,0.004003163945843633,0.0,3,0.8115068365762736,0.18849316342372643,0.0,0.0
2021-01-11,101326.17248758928,-0.005781589755457031,0.005781589755457062,3,0.8107240391009859,0.18927596089901405,0.0,0.0
2021-01-12,101413.38135124621,0.0008606746067271601,0.004925891216219003,5,0.1998702256592172,0.5990080826307084,0.20112169171007446,0.0
2021-01-13,102064.25489012276,0.006418024231163856,0.0,5,0.1991304033206591,0.6018912591760276,0.19897833750331329,0.0
2021-01-14,101407.03652011356,-0.006439260941224977,0.0064392609412250446,5,0.19971916025070913,0.6001168839279138,0.20016395582137705,0.0
2021-01-15,101248.97259146205,-0.0015587076999351445,0.007987931715549124,5,0.19857214782759555,0.603438849423017,0.19798900274938755,0.0
2021-01-19,101773.89075111033,0.0051844294930904,0.002844915091233635,5,0.19909910460692268,0.6022641357328802,0.19863675966019717,0.0
2021-01-20,102708.74750132134,0.00918562455765034,0.0,2,0.40184424250033224,0.3967493432960829,0.20140641420358477,0.0
2021-01-21,102447.41439856008,-0.002544409401525446,0.0025444094015253382,2,0.4032366018090572,0.3949698561145215,0.20179354207642133,0.0
2021-01-22,102269.40962771418,-0.0017375233127250313,0.004277511743598139,2,0.4025087317665173,0.3969380100547575,0.20055325817872527,0.0
2021-01-25,102927.87275088216,0.0064385149534444425,0.0,2,0.4015110449747488,0.39904680737254056,0.19944214765271065,0.0
2021-01-26,102735.1396254292,-0.0018725066427772532,0.0018725066427772719,2,0.4016363485763764,0.39904101257219593,0.19932263885142762,0.0
2021-01-27,101333.09932286518,-0.01364713483308476,0.015494087125232259,1,0.5934344694713177,0.4065655305286822,0.0,0.0
2021-01-28,101622.53064240876,0.00285623672302193,0.012682105182847181,1,0.5968334155956729,0.40316658440432696,0.0,0.0
2021-01-29,100161.83355018088,-0.014373752385362471,0.02687356812858621,1,0.5934147532278837,0.4065852467721163,0.0,0.0
2021-02-01,101198.3962664711,0.01034887920428204,0.01680280023465497,1,0.597112883209268,0.40288711679073197,0.0,0.0
2021-02-02,101789.97176394232,0.005845700320324371,0.011055324049044746,1,0.6020368641301488,0.3979631358698513,0.0,0.0
2021-02-03,101233.30006801366,-0.0054688265089572795,0.016463690908777417,5,0.20125791625680486,0.5979460912694868,0.20079599247370836,0.0
2021-02-04,100865.44844840681,-0.0036337017499153733,0.02003756851622751,5,0.2042876633841424,0.5985230501207233,0.19718928649513442,0.0
2021-02-05,100637.40365183048,-0.002260881204458996,0.022253147158645126,5,0.2055564340268821,0.594856352289815,0.1995872136833029,0.0
2021-02-08,101251.93030778719,0.0061063444967515345,0.016282688044581328,5,0.20578436653795418,0.5938421027909435,0.2003735306711022,0.0
2021-02-09,101348.8039093302,0.0009567580711651156,0.015341508566623085,5,0.20545080462432788,0.5937136140120257,0.20083558136364643,0.0
2021-02-10,101818.76258348722,0.00463704213596292,0.010775605652312836,5,0.19899015899346126,0.6012041252888481,0.19980571571769062,0.0
2021-02-11,101339.69202648105,-0.004705130418505675,0.015430035440885947,5,0.20025371380353493,0.6007395461778636,0.19900674001860147,0.0
2021-02-12,100622.60282727766,-0.007076094123278057,0.022396945181058725,5,0.202677107203699,0.5975066636948224,0.19981622910147848,0.0
2021-02-16,99400.896227823,-0.012141472841363141,0.03426648612077654,5,0.20499050591975512,0.5956406940083018,0.1993688000719432,0.0
2021-02-17,99556.55727924981,0.0015659924340122422,0.032754154744769615,5,0.20471694234372742,0.5984858447498347,0.19679721290643779,0.0
2021-02-18,99228.88991160721,-0.0032912685673079935,0.03593762059211747,5,0.19980639213635784,0.5995452378742068,0.2006483699894355,0.0
2021-02-19,98485.67263394373,-0.007489928369908563,0.0431583787580061,5,0.20095871053958334,0.5960400545859463,0.2030012348744704,0.0
2021-02-22,98186.15466839794,-0.003041233892558765,0.04606835792633812,5,0.20002131094522224,0.593310168089639,0.20666852096513882,0.0
2021-02-23,97995.31884905636,-0.0019436123146494282,0.047922431213206274,5,0.2006541986538306,0.5927512323419005,0.20659456900426887,0.0
2021-02-24,97816.59125679808,-0.0018238380604034686,0.04965886651961593,5,0.20323601681685174,0.5899387828268277,0.2068252003563205,0.0
2021-02-25,96018.6497035045,-0.0183807422666513,0.06712684195951613,5,0.19883558867631654,0.6012531998103967,0.19991121151328675,0.0
2021-02-26,97364.60602684961,0.01401765518991652,0.054050147694176154,5,0.19507651781795987,0.6125434221908445,0.19238005999119556,0.0
2021-03-01,97004.89885456655,-0.0036944346304227118,0.05754489758717807,5,0.20054609874042512,0.6066946023759222,0.1927592988836527,0.0
2021-03-02,96959.14356021999,-0.00047168024385206147,0.05798943503970366,5,0.1990750724244692,0.6070240293989434,0.19390089817658737,0.0
2021-03-03,95857.8914825435,-0.011357898154210878,0.06868869509671338,5,0.19869497888606782,0.6073381537484182,0.19396686736551408,0.0
2021-03-04,94947.53233686715,-0.009496966098426481,0.07753332698646109,2,0.39883775222640666,0.4012308851569891,0.19993136261660432,0.0
2021-03-05,95730.3129025074,0.008244348708958418,0.06992819006174467,2,0.40285376765335684,0.39872500447589027,0.19842122787075298,0.0
2021-03-08,95044.5805469356,-0.007163168434121295,0.07659045109216056,2,0.4037400994788692,0.3984792053910436,0.1977806951300872,0.0
2021-03-09,96517.16123822481,0.01549357872711129,0.0622835325487906,2,0.4032566308872725,0.3978374195115425,0.19890594960118504,0.0
2021-03-10,96934.2366009543,0.004321256006484335,0.05823141963143785,2,0.4040208608563222,0.3969192998591425,0.19905983928453524,0.0
2021-03-11,97030.89925355405,0.0009971982654352004,0.057292289636653115,2,0.40365317790955957,0.39671909277549844,0.199627729314942,0.0
2021-03-12,96263.16285050042,-0.007912287827482996,0.06475126437823542,2,0.40742043861182897,0.39139709494181535,0.2011824664463558,0.0
2021-03-15,96803.72773015931,0.005615490532950744,0.05949938395739707,2,0.40756141692953585,0.3914999858958264,0.20093859717463786,0.0
2021-03-16,96619.63531586868,-0.0019017079053379859,0.06128794141390059,2,0.40782288536368416,0.39066947259722495,0.20150764203909083,0.0
2021-03-17,96610.66048920901,-9.28882274325911e-05,0.06137513671309225,2,0.40925153100517997,0.3877822046436453,0.2029662643511747,0.0
2021-03-18,95290.46870611211,-0.013665073568608601,0.07420151452323298,3,0.7992825167332861,0.2007174832667139,0.0,0.0
2021-03-19,95268.08638202706,-0.00023488523447266863,0.07441897091756855,3,0.7979910787992767,0.20200892120072333,0.0,0.0
2021-03-22,96090.79661783927,0.008635738021577508,0.06642589563267054,3,0.7974762988663664,0.2025237011336336,0.0,0.0
2021-03-23,95663.32863505997,-0.004448584024954781,0.07057897847947059,3,0.7947350085537203,0.20526499144627966,0.0,0.0
2021-03-24,95382.52035983358,-0.0029353805604823958,0.07330718287854554,3,0.7930226908183795,0.2069773091816205,0.0,0.0
2021-03-25,95661.3638604036,0.0029234234901538603,0.0705980673288158,3,0.8021554459159768,0.1978445540840231,0.0,0.0
2021-03-26,96831.70992038253,0.01223426065393337,0.05922752183224711,3,0.8052306805144724,0.19476931948552767,0.0,0.0
2021-03-29,96632.23728546622,-0.0020599928998499555,0.061165506457646845,3,0.8064853466874446,0.19351465331255535,0.0,0.0
2021-03-30,96523.46518592296,-0.0011256295269448662,0.062222286284492445,3,0.8052521933203045,0.19474780667969552,0.0,0.0
2021-03-31,96733.63406627731,0.002177386399768393,0.06018038184464236,3,0.8067595262119874,0.19324047378801248,0.0,0.0
2021-04-01,96732.49262280927,-1.1799861331263097e-05,0.06019147158581295,0,0.0,0.0,0.0,1.0
2021-04-05,96710.10655479357,-0.0002314224249652,0.060408964354461525,0,0.0,0.0,0.0,1.0
2021-04-06,96732.49262280927,0.0002314759937009,0.06019147158581295,0,0.0,0.0,0.0,1.0
2021-04-07,96743.73977698154,0.0001162706952682,0.06008219939479531,0,0.0,0.0,0.0,1.0
2021-04-08,96777.39267922932,0.0003478561230458,0.05975524323269499,0,0.0,0.0,0.0,1.0
2021-04-09,97270.14620978992,0.0050916181653481,0.05496787594926511,3,0.8017340220302547,0.19826597796974532,0.0,0.0
2021-04-12,97290.16015036035,0.000205756250507447,0.054773429682811514,3,0.8018612307768913,0.19813876922310872,0.0,0.0
2021-04-13,97665.83465853342,0.0038613823596597156,0.051123548478307024,3,0.8011444265701955,0.19885557342980462,0.0,0.0
2021-04-14,97336.8985087477,-0.003367975617428285,0.05431934123098392,3,0.8011063254823709,0.19889367451762902,0.0,0.0
2021-04-15,98498.52734218855,0.011934105680760532,0.04303348830898335,3,0.8001628881470723,0.19983711185292777,0.0,0.0
2021-04-16,98608.90593071809,0.00112061156149136,0.04196110057202229,3,0.8017754153398012,0.19822458466019877,0.0,0.0
2021-04-19,98164.33806145337,-0.004508394703994338,0.04628031807242383,3,0.801449573498981,0.19855042650101892,0.0,0.0
2021-04-20,97678.1539435128,-0.0049527570555836205,0.05100385995613965,3,0.7995416423894991,0.20045835761050088,0.0,0.0
2021-04-21,98456.43311075591,0.00796779152576106,0.043442456553518194,3,0.8007270455743012,0.19927295442569884,0.0,0.0
2021-04-22,97822.04173488854,-0.006443371507819482,0.049605912174551015,3,0.7985594352689309,0.2014405647310691,0.0,0.0
2021-04-23,98624.53988487787,0.008203653652662601,0.04180920824449286,3,0.8020937176027194,0.1979062823972807,0.0,0.0
2021-04-26,98761.79607050293,0.0013917041923366459,0.04047569010254837,3,0.8026509075465124,0.1973490924534877,0.0,0.0
2021-04-27,98574.70662521015,-0.001894350373693182,0.04229336533757033,3,0.8040011343471605,0.19599886565283953,0.0,0.0
2021-04-28,98564.47041313577,-0.00010384217640438756,0.042392815678870543,3,0.8038536006546418,0.19614639934535824,0.0,0.0
2021-04-29,99012.27445785559,0.004543260292911103,0.038042156982137865,3,0.8053176524844693,0.19468234751553082,0.0,0.0
2021-04-30,99023.74107366422,0.0001158100434659,0.03793075260252554,0,0.0,0.0,0.0,1.0
2021-05-03,99014.53959267293,-9.292196892907167e-05,0.038020149971239925,0,0.0,0.0,0.0,1.0
2021-05-04,99014.53959267293,0.0,0.038020149971239925,0,0.0,0.0,0.0,1.0
2021-05-05,99037.52316061943,0.000232123161316,0.037796852167328865,0,0.0,0.0,0.0,1.0
2021-05-06,99037.52316061943,0.0,0.037796852167328865,0,0.0,0.0,0.0,1.0
2021-05-07,99516.47762816295,0.0048360909305733,0.03314355025072624,3,0.8019441637077016,0.19805583629229845,0.0,0.0
2021-05-10,98526.59278603646,-0.009946944121405975,0.04276081732980319,3,0.8019801934152008,0.19801980658479926,0.0,0.0
2021-05-11,97710.9723591072,-0.008278175504358509,0.050685011283595705,3,0.8014573061442066,0.19854269385579337,0.0,0.0
2021-05-12,95843.38411995457,-0.019113393246040663,0.06882964197729302,3,0.7997153957485195,0.20028460425148045,0.0,0.0
2021-05-13,96793.83882003296,0.009916748128267603,0.05959546007227301,3,0.8013748938882205,0.19862510611177941,0.0,0.0
2021-05-14,98163.90400532658,0.014154466875117361,0.04628453516265596,3,0.8009473447619095,0.19905265523809054,0.0,0.0
2021-05-17,97922.5085591515,-0.0024591060086809227,0.04862982259280946,3,0.8008787360036477,0.19912126399635238,0.0,0.0
2021-05-18,97196.9627444789,-0.0074093875386609396,0.05567889292994399,3,0.799905562555624,0.2000944374443761,0.0,0.0
2021-05-19,96946.07347606985,-0.0025812459702944605,0.05811641798223255,3,0.7998729718387505,0.20012702816124953,0.0,0.0
2021-05-20,97939.93826361178,0.010251728119625703,0.0484604835790472,3,0.8002737921174861,0.199726207882514,0.0,0.0
2021-05-21,98042.38860637895,0.00104605276032976,0.04746512304133221,2,0.3992549276340808,0.400863244812335,0.19988182755358402,0.0
2021-05-24,98621.5158177633,0.0059069063862715555,0.04183858869347856,2,0.400956571061613,0.39998541926056275,0.1990580096778244,0.0
2021-05-25,99077.33004475773,0.004621853793412615,0.03741010673992995,2,0.3982264139356139,0.4018336531811367,0.19993993288324957,0.0
2021-05-26,99052.58863869807,-0.00024971813479919303,0.03765048289265138,2,0.3991164049072039,0.4012421132086857,0.19964148188411046,0.0
2021-05-27,98921.2801215948,-0.0013256444774222375,0.03892621621535475,2,0.39985600469662763,0.4001587260172529,0.19998526928611948,0.0
2021-05-28,98964.65968143978,0.0004385260662989599,0.03850476030952865,1,0.6008097915676348,0.3991902084323652,0.0,0.0
2021-06-01,98903.41859783272,-0.0006188177052717027,0.039099750587383575,1,0.6006522355664802,0.3993477644335198,0.0,0.0
2021-06-02,99088.28801204299,0.0018691913467825698,0.037303644156060356,1,0.6004743536077811,0.399525646392219,0.0,0.0
2021-06-03,98718.87176377521,-0.0037281524959122568,0.04089272297790569,1,0.6004845501925091,0.3995154498074909,0.0,0.0
2021-06-04,99801.12968101026,0.010963029640622329,0.030378001471375926,1,0.5994052301263989,0.4005947698736011,0.0,0.0
2021-06-07,99789.54851669678,-0.0001160424170598,0.030490518751719597,0,0.0,0.0,0.0,1.0
2021-06-08,99812.6804219499,0.0002318068935771,0.030265779770577872,0,0.0,0.0,0.0,1.0
2021-06-09,99789.54851669677,-0.0002317531715945,0.03049051875171971,0,0.0,0.0,0.0,1.0
2021-06-10,99824.26158626338,0.0003478627780424,0.0301532624902342,0,0.0,0.0,0.0,1.0
2021-06-11,99801.12968101025,-0.0002317262846281,0.030378001471376148,0,0.0,0.0,0.0,1.0
2021-06-14,99827.02662894619,0.00025948551903866,0.030126398603816495,3,0.8015833417433255,0.19841665825667443,0.0,0.0
2021-06-15,99656.41528519802,-0.0017090696729085992,0.03178398016251727,3,0.8014829127726691,0.1985170872273308,0.0,0.0
2021-06-16,99193.62144787761,-0.0046438940834465,0.03628027280853863,3,0.8007264113821781,0.19927358861782193,0.0,0.0
2021-06-17,99463.22426649857,0.0027179451126564747,0.03366093548604787,3,0.7982911659237456,0.2017088340762543,0.0,0.0
2021-06-18,98769.37925399056,-0.0069758950368323846,0.04040201537008803,3,0.793054113431396,0.2069458865686039,0.0,0.0
2021-06-21,99569.80736376731,0.008104010735132922,0.032625423001235276,3,0.8049295696895353,0.19507043031046453,0.0,0.0
2021-06-22,100045.7389419901,0.004779878467415586,0.02800149009071362,3,0.8053832813217316,0.1946167186782684,0.0,0.0
2021-06-23,99898.46714641493,-0.0014720446580995124,0.02943231530490631,3,0.8055984587629528,0.1944015412370472,0.0,0.0
2021-06-24,100405.74087429827,0.005077893008506979,0.024503876444510353,3,0.8062700976848003,0.19372990231519965,0.0,0.0
2021-06-25,100491.31937358221,0.0008523267548126798,0.02367243499918792,3,0.8084449184487049,0.19155508155129514,0.0,0.0
2021-06-28,100860.02412001738,0.00366902085407478,0.020090268802791966,3,0.7986824331973378,0.2013175668026623,0.0,0.0
2021-06-29,100937.31606908269,0.0007663288774681484,0.019339335678463354,3,0.7985001295797632,0.20149987042023682,0.0,0.0
2021-06-30,101095.7534267615,0.0015696608930078034,0.017800030984366777,3,0.7979198731316568,0.20208012686834326,0.0,0.0
2021-07-01,101543.48282695306,0.0044287656505365355,0.013450097499632219,3,0.7987997879208084,0.20120021207919164,0.0,0.0
2021-07-02,102286.76383153767,0.007319829730986129,0.006228720192208548,3,0.7990565045245457,0.20094349547545431,0.0,0.0
2021-07-06,102377.49412561717,0.0008870189131111401,0.0053472262717123575,3,0.797835175264016,0.202164824735984,0.0,0.0
2021-07-07,102849.50909513124,0.004610534508052158,0.0007613453349082366,3,0.7969801618503797,0.20301983814962035,0.0,0.0
2021-07-08,102263.44325546734,-0.005698285240445981,0.006455292212469543,3,0.7950167398436554,0.20498326015634463,0.0,0.0
2021-07-09,102836.51781100612,0.005603904360106219,0.0008875626925385349,3,0.7990255979864981,0.20097440201350206,0.0,0.0
2021-07-12,103104.06033144664,0.002601629519702359,0.0,3,0.7998069349839263,0.20019306501607367,0.0,0.0
2021-07-13,102665.06553286928,-0.00425778380760306,0.0042577838076029995,3,0.8006820436492784,0.19931795635072158,0.0,0.0
2021-07-14,103020.20251800136,0.003459180426066015,0.0008133318239428311,3,0.7991123373849961,0.20088766261500404,0.0,0.0
2021-07-15,102967.30706466739,-0.0005134473825630076,0.0013263616034095982,3,0.7967921410006072,0.2032078589993928,0.0,0.0
2021-07-16,102284.33519783788,-0.006632900153449457,0.007950464132776225,3,0.7958210682335372,0.20417893176646282,0.0,0.0
2021-07-19,101540.20168241122,-0.007275146423813259,0.015167769765886185,3,0.7898145425980828,0.21018545740191721,0.0,0.0
2021-07-20,101217.58114873829,-0.003177268986346799,0.018296846667763877,5,0.20351268019039795,0.596110087548812,0.20037723226079004,0.0
2021-07-21,100544.66783431706,-0.0066481860837237046,0.024823391910094972,5,0.20653343104240068,0.5924985180524506,0.2009680509051488,0.0
2021-07-22,101190.82100300163,0.0064265284534964435,0.01855639169102119,5,0.20564439400377824,0.5942803612502879,0.20007524474593377,0.0
2021-07-23,100939.20033142657,-0.0024865958105785195,0.020996845255761398,5,0.20827795458622497,0.5917767370106368,0.19994530840313823,0.0
2021-07-26,100765.91754959272,-0.0017167045237617606,0.022677504400287818,5,0.20914828144159156,0.5910378602302312,0.1998138583281773,0.0
2021-07-27,100613.58164904176,-0.0015117800170477203,0.024155001019346756,3,0.7975597137498446,0.2024402862501555,0.0,0.0
2021-07-28,100582.03835611454,-0.0003135092937775059,0.024460937495813462,3,0.7974827026042371,0.2025172973957629,0.0,0.0
2021-07-29,100801.7409327782,0.002184312231631224,0.022330055589151687,3,0.799044795730511,0.20095520426948896,0.0,0.0
2021-07-30,100505.86545451575,-0.002935221907127142,0.025199733827926174,3,0.7975052143276868,0.20249478567231313,0.0,0.0
2021-08-02,100519.19751545391,0.00013264958097585823,0.025070426981083194,3,0.7957262414989504,0.20427375850104948,0.0,0.0
2021-08-03,101031.2409283853,0.005093986279115339,0.020104149113021164,1,0.6018157982875114,0.39818420171248864,0.0,0.0
2021-08-04,100814.89499431488,-0.0021413765888887606,0.022202475147659828,1,0.6001406334423937,0.39985936655760645,0.0,0.0
2021-08-05,100992.53517077882,0.001762042964722265,0.02047955389807099,1,0.602878932615384,0.39712106738461617,0.0,0.0
2021-08-06,100423.3396719554,-0.0056360155516534454,0.026000146365463994,1,0.6072978757619186,0.3927021242380814,0.0,0.0
2021-08-09,100232.28612524235,-0.0019024815081549597,0.027853163075949317,1,0.6079603063625069,0.39203969363749314,0.0,0.0
2021-08-10,100239.47391881085,7.171136014510001e-05,0.027783449104012647,3,0.8009378473445913,0.19906215265540872,0.0,0.0
2021-08-11,100426.71966626847,0.001867984139753966,0.025967364006532545,3,0.8014309753232747,0.19856902467672527,0.0,0.0
2021-08-12,100635.25824865297,0.0020765248837908983,0.023944761000267656,3,0.8021672136866107,0.1978327863133893,0.0,0.0
2021-08-13,101096.658807772,0.0045848797642967475,0.019469665086142007,3,0.7999593749942054,0.20004062500579464,0.0,0.0
2021-08-16,101336.08215623922,0.0023682617337777542,0.017147512615157234,3,0.7999484043329279,0.20005159566707198,0.0,0.0
2021-08-17,100796.4867475935,-0.00532481024689474,0.02238101561117023,3,0.7990103270883826,0.20098967291161748,0.0,0.0
2021-08-18,99983.06162435257,-0.008069974951387403,0.030270376327188764,3,0.7966945105269853,0.20330548947301466,0.0,0.0
2021-08-19,100256.12716920047,0.0027311180555146114,0.02762193024300863,3,0.7957549023012916,0.20424509769870836,0.0,0.0
2021-08-20,100904.53451532038,0.006467508414978068,0.021333066894315245,3,0.7969325031792723,0.20306749682072764,0.0,0.0
2021-08-23,101598.28359463956,0.006875301319722786,0.014604436837564738,3,0.798453066684998,0.20154693331500198,0.0,0.0
2021-08-24,101569.2828480271,-0.0002854452416556799,0.014885713312217996,3,0.8014987712894134,0.19850122871058665,0.0,0.0
2021-08-25,101572.63855006226,3.3038552021524525e-05,0.014853166562610154,3,0.8031541572993218,0.1968458427006782,0.0,0.0
2021-08-26,101146.43144917439,-0.004196081808761951,0.01898692326935625,3,0.8017771848795292,0.19822281512047077,0.0,0.0
2021-08-27,102007.92980522328,0.008517338117675391,0.010631303196980357,3,0.8021139415952112,0.19788605840478876,0.0,0.0
2021-08-30,102420.42502196695,0.004043756377874789,0.006630537219213584,3,0.8023966777237794,0.19760332227622057,0.0,0.0
2021-08-31,102159.5981195294,-0.0025466297604371203,0.009160281456240371,3,0.8008542072873972,0.19914579271260285,0.0,0.0
2021-09-01,102237.17802376334,0.000759399074212855,0.008407838691284919,3,0.800671926650857,0.19932807334914307,0.0,0.0
2021-09-02,102577.97603093203,0.003333405848599154,0.005102459581353247,3,0.8004669719371985,0.19953302806280154,0.0,0.0
2021-09-03,102371.91453646283,-0.0020088278443616144,0.007101037462833082,3,0.8018835750913621,0.19811642490863787,0.0,0.0
2021-09-07,101907.2988417609,-0.004538507429559202,0.0116073167811096,3,0.80265924092727,0.19734075907272997,0.0,0.0
2021-09-08,101946.68645844102,0.0003865043733646,0.011225298686443952,3,0.7987165779346307,0.20128342206536934,0.0,0.0
2021-09-09,101846.46788518164,-0.0009830488536793824,0.012197312523117287,3,0.7960804786570974,0.20391952134290256,0.0,0.0
2021-09-10,101024.09903374739,-0.008074593734181948,0.02017341791402627,3,0.7962330660531436,0.20376693394685644,0.0,0.0
2021-09-13,101354.79864095297,0.0032734724720991744,0.016965982570136928,3,0.7956660953695285,0.2043339046304715,0.0,0.0
2021-09-14,101170.68155441043,-0.0018165601334257358,0.01875172297600125,3,0.7928126292602116,0.20718737073978843,0.0,0.0
2021-09-15,101775.74492565564,0.0059806197007757,0.012883250199079321,3,0.8018862087276387,0.19811379127236142,0.0,0.0
2021-09-16,101553.99145912654,-0.002178843954334039,0.015034023561604881,3,0.8023635064768949,0.197636493523105,0.0,0.0
2021-09-17,100663.82645897106,-0.008765435876676149,0.023667679668783248,3,0.8015735449625793,0.19842645503742073,0.0,0.0
2021-09-20,99566.12051170054,-0.010904671378828697,0.03431426277852445,3,0.7968979809537441,0.20310201904625597,0.0,0.0
2021-09-21,99473.76990551167,-0.0009275304261555157,0.03520996568190182,3,0.7968842879765715,0.20311571202342843,0.0,0.0
2021-09-22,99949.52145184067,0.004782683382573221,0.03059568041709637,5,0.20098971792743867,0.6007055131423891,0.19830476893017218,0.0
2021-09-23,98608.01557041914,-0.013421833961135303,0.043606864235745446,5,0.20619929817193275,0.5951189636169667,0.19868173821110063,0.0
2021-09-24,98042.80818943896,-0.005731860414294071,0.049088776191135164,5,0.20772963026848115,0.5926998829196176,0.1995704868119013,0.0
2021-09-27,97811.67491153964,-0.0023574730484333625,0.051330523772717296,5,0.2076247614800452,0.5919166632614462,0.20045857525850863,0.0
2021-09-28,96310.09760921053,-0.015351718531424098,0.0658942305511121,5,0.2066126178912484,0.591781552290794,0.20160582981795755,0.0
2021-09-29,96355.9806143644,0.00047640908163175996,0.06544921407934201,5,0.20024124714139302,0.6007545114914039,0.19900424136720302,0.0
2021-09-30,96456.85714855233,0.001046915132249658,0.06447081871970584,5,0.19758697106154754,0.6000432212657386,0.2023698076727138,0.0
2021-10-01,97214.45633101066,0.007854280191729178,0.05712291040239137,5,0.19837704841822767,0.6003778311096074,0.20124512047216486,0.0
2021-10-04,96908.64626226363,-0.0031457262663256934,0.06008894362905526,5,0.19643666489811862,0.6007386952487773,0.2028246398531041,0.0
2021-10-05,96453.04288445257,-0.004701369747525605,0.06450781303484232,5,0.19941813516272994,0.5977480879972052,0.20283377684006482,0.0
2021-10-06,96882.5596634627,0.00445311797497856,0.060341955961615956,3,0.7997634040274744,0.20023659597252558,0.0,0.0
2021-10-07,97349.59034198844,0.004820585667307346,0.05581225386235433,3,0.802807910791107,0.19719208920889286,0.0,0.0
2021-10-08,97072.70249339209,-0.002844263110133756,0.058497772237734,3,0.8036296112826942,0.19637038871730583,0.0,0.0
2021-10-11,96459.56642176783,-0.006316256330310756,0.06444454164383917,3,0.8028828251740292,0.19711717482597083,0.0,0.0
2021-10-12,96594.0529343587,0.0013942267996813794,0.06314016515121079,3,0.7997912262138557,0.20020877378614432,0.0,0.0
2021-10-13,97571.02965647132,0.01011425333582948,0.05366452744138683,5,0.19870974450901416,0.5997696464224404,0.20152060906854558,0.0
2021-10-14,98162.6764570062,0.0060637548114223965,0.04792618116643976,5,0.20083433584794388,0.5983696192266331,0.2007960449254231,0.0
2021-10-15,97657.3022387585,-0.005148333730173445,0.05282777492155555,5,0.20341109385609438,0.5979614816174026,0.1986274245265031,0.0
2021-10-18,97941.83979335273,0.002913633164866558,0.05006806251372664,5,0.2034206030907444,0.5990201658117755,0.19755923109748005,0.0
2021-10-19,97348.3694357373,-0.006059416066387774,0.05582409535770594,5,0.20623963577118076,0.5943579805559848,0.19940238367283453,0.0
2021-10-20,97382.38960592276,0.000349468310385,0.05549413579960427,0,0.0,0.0,0.0,1.0
2021-10-21,97269.03868862364,-0.001163977570871,0.05659351944108959,0,0.0,0.0,0.0,1.0
2021-10-22,97246.39829515523,-0.0002327605348387,0.056813107238074756,0,0.0,0.0,0.0,1.0
2021-10-25,97291.73866207487,0.0004662421201659,0.05637335378148067,0,0.0,0.0,0.0,1.0
2021-10-26,97269.03868862364,-0.0002333186122829,0.05659351944108959,0,0.0,0.0,0.0,1.0
2021-10-27,98295.73886410451,0.01055526187287118,0.046635616986226425,5,0.19703420508863154,0.6045354668919217,0.19843032801944663,0.0
2021-10-28,98276.8514327514,-0.0001921490348551927,0.04681880503228786,5,0.1989736122516192,0.6026051369477881,0.19842125080059278,0.0
2021-10-29,98331.6425280509,0.0005575178132053782,0.04628738953688094,5,0.19926625923458788,0.6041102593206011,0.19662348144481112,0.0
2021-11-01,98038.5696753971,-0.002980453139183487,0.04912988528061468,5,0.20020572538311862,0.6015534562018641,0.1982408184150174,0.0
2021-11-02,98337.94500117225,0.003053648444345668,0.04622626223402704,5,0.2004032099560924,0.6023842091818099,0.19721258086209764,0.0
2021-11-03,98315.05936925708,-0.0002327243254361,0.04644822858376718,0,0.0,0.0,0.0,1.0
2021-11-04,98406.63199638984,0.0009314201478414,0.045560071251860235,0,0.0,0.0,0.0,1.0
2021-11-05,98452.45342600695,0.0004656335522059,0.04511565199746992,0,0.0,0.0,0.0,1.0
2021-11-08,98337.9450011723,-0.0011630835073168,0.046226262234026594,0,0.0,0.0,0.0,1.0
2021-11-09,98395.21426332566,0.0005823719638708,0.04567081114927529,0,0.0,0.0,0.0,1.0
2021-11-10,97402.1658030111,-0.010092446749055902,0.05530232766882093,3,0.8016547596062542,0.19834524039374582,0.0,0.0
2021-11-11,97398.72564988832,-3.531906189572999e-05,0.05533569350438272,3,0.8019423043562474,0.19805769564375272,0.0,0.0
2021-11-12,97903.48834447382,0.00518243633289335,0.050440030880012254,3,0.8038287973157607,0.1961712026842392,0.0,0.0
2021-11-15,97689.2465702341,-0.0021882956150234855,0.05251794879663951,3,0.805867356026151,0.194132643973849,0.0,0.0
2021-11-16,97952.58897519115,0.0026957153852928306,0.049963806853921766,3,0.8068817281102436,0.19311827188975642,0.0,0.0
2021-11-17,98549.7810800964,0.00609674650923738,0.044171677009709254,5,0.19830515340680568,0.6010904439954513,0.20060440259774304,0.0
2021-11-18,98775.46292213985,0.0022900288521189574,0.041982802572388844,5,0.1985240508703541,0.6019721865387143,0.19950376259093158,0.0
2021-11-19,99217.51628966894,0.004475335821787597,0.037695353890852656,5,0.19728613333602518,0.6056176465030048,0.1970962201609702,0.0
2021-11-22,98019.23608944326,-0.012077304946107014,0.049317400552968405,5,0.19913577602612734,0.6058315217462926,0.19503270222758007,0.0
2021-11-23,97021.07879534183,-0.010183279669621143,0.058998467340180105,5,0.2014512523865375,0.6032144028749874,0.19533434473847514,0.0
2021-11-24,96998.43172562278,-0.0002334242208008,0.05921811988971348,0,0.0,0.0,0.0,1.0
2021-11-26,97190.96159089441,0.0019848760629062,0.05735078445546671,0,0.0,0.0,0.0,1.0
2021-11-29,97236.23588189282,0.0004658282031304,0.05691167186520729,0,0.0,0.0,0.0,1.0
2021-11-30,97156.98106209596,-0.0008150749468863,0.05768035953417083,0,0.0,0.0,0.0,1.0
2021-12-01,97168.28474851578,0.0001163445621328,0.05757072576821165,0,0.0,0.0,0.0,1.0
2021-12-02,97704.47453696637,0.005518156359745421,0.052370253674999034,2,0.40389768932204395,0.3983011724522865,0.19780113822566947,0.0
2021-12-03,97988.01781779913,0.0029020501074952065,0.04962018466781104,2,0.3992247163549586,0.4018874242236684,0.19888785942137294,0.0
2021-12-06,97862.4736503859,-0.0012812195838747436,0.05083782989933383,2,0.404471097189015,0.39687590142653034,0.19865300138445469,0.0
2021-12-07,98436.41757646584,0.005864800925943829,0.04527118272525654,2,0.41043040604308956,0.3913738541624431,0.19819573979446736,0.0
2021-12-08,97888.02011063145,-0.005571083135043969,0.050590056337716405,2,0.41382260743620997,0.3867637735325439,0.19941361903124616,0.0
2021-12-09,97964.70060593759,0.0007833491291322599,0.04984633688515905,5,0.19849419980237143,0.6028836663484276,0.19862213384920083,0.0
2021-12-10,98087.39163197362,0.0012524003572425416,0.04865636409803875,5,0.2001120859233272,0.6006771064724666,0.19921080760420637,0.0
2021-12-13,98833.55193585677,0.007607097012863505,0.04141940076716233,5,0.1968420656140372,0.6049526235878978,0.19820531079806514,0.0
2021-12-14,98374.18795889258,-0.004647854579407636,0.04587474399503799,5,0.19640061182272683,0.6063286876644904,0.19727070051278273,0.0
2021-12-15,98185.45950991595,-0.0019184752920704984,0.047705209724223874,5,0.1998527639251561,0.6016491278563512,0.19849810821849267,0.0
2021-12-16,98272.78918281045,0.0008894359035482801,0.046858204546990634,5,0.19806017354600264,0.59970019334933,0.20223963310466744,0.0
2021-12-17,98690.90355900566,0.004254630194910014,0.042802938684025515,5,0.19512205463981783,0.6039262464471743,0.20095169891300788,0.0
2021-12-20,97955.66125148218,-0.007449950106940729,0.04993400903333978,5,0.1944962323451383,0.6039004142274179,0.2016033534274438,0.0
2021-12-21,98060.52257877783,0.001070497875834212,0.04891696540810753,5,0.1977386321234813,0.6009579586322976,0.201303409244221,0.0
2021-12-22,98712.60448747328,0.006649790267756201,0.042592462700850375,5,0.1983964212296278,0.5997501952927026,0.20185338347766957,0.0
2021-12-23,98366.0373211665,-0.0035108704517137594,0.04595379653380194,5,0.20195347121095283,0.5968894888857113,0.20115703990333583,0.0
2021-12-27,98836.34782146537,0.00478122849214006,0.04139228364297132,5,0.2038369639030162,0.5954892747000162,0.2006737613969676,0.0
2021-12-28,98501.13136659107,-0.003391631340727234,0.04464352761723078,5,0.20436351425014385,0.5951476571606363,0.20048882858921985,0.0
2021-12-29,97880.62010849988,-0.006299534324959541,0.05066182850757839,5,0.20592216486468434,0.5923778369578396,0.2016999981774761,0.0
2021-12-30,98452.83789204014,0.005846078446437859,0.045111923084835914,5,0.2041593487797052,0.5938737232193461,0.20196692800094862,0.0
2021-12-31,98653.55466662128,0.0020387098927635,0.0431651833159471,5,0.19909003252822968,0.5999533421332061,0.20095662533856437,0.0
2022-01-03,96908.60409822888,-0.01768766036144453,0.060089352575459665,5,0.20384835537614304,0.5947236952983023,0.20142794932555472,0.0
2022-01-04,96806.12574656053,-0.0010574742317460129,0.061083283865254745,5,0.20399584379512872,0.5928775837413898,0.20312657246348154,0.0
2022-01-05,96056.26991288028,-0.007745954379409713,0.06835608991449971,5,0.20164058913143715,0.5942628524445804,0.20409655842398236,0.0
2022-01-06,95945.80027086311,-0.0011500513409209295,0.06942752824255427,5,0.20168307167634386,0.5964872395586103,0.2018296887650458,0.0
2022-01-07,95543.45225882184,-0.00419349268967902,0.07332987710008565,5,0.20004820466647105,0.5981955042650549,0.201756291068474,0.0
2022-01-10,95718.9303146587,0.001836630890848696,0.07162792612674129,5,0.1994329889955823,0.5985683363148768,0.20199867468954089,0.0
2022-01-11,96507.71062607365,0.008240588448094402,0.06397759393924773,5,0.1996046252281292,0.5976305571809416,0.2027648175909292,0.0
2022-01-12,96390.52759769982,-0.0012142348794063533,0.0651141449925925,5,0.2003875913825786,0.5960646052681315,0.20354780334928993,0.0
2022-01-13,96567.99655180723,0.001841145167791658,0.06339288441820867,5,0.19726335150444949,0.600253096302234,0.20248355219331657,0.0
2022-01-14,95644.82747576061,-0.00955978283707428,0.0723466450468292,5,0.20201300232515057,0.5966380807363584,0.20134891693849113,0.0
2022-01-18,94467.67251979074,-0.01230756526031901,0.08376379925186916,5,0.20090810615829946,0.5955703999112484,0.20352149393045202,0.0
2022-01-19,94965.45566974719,0.005269349150654401,0.07893583080565825,5,0.19777980224915911,0.5965504211246696,0.20566977662617117,0.0
2022-01-20,95058.1482203319,0.0009760659803189003,0.0780368114044171,5,0.1954000269789394,0.5996441916403271,0.20495578138073348,0.0
2022-01-21,95308.6340433198,0.00263507997659815,0.07560736466698814,5,0.19106076166167962,0.6051890107464334,0.20375022759188696,0.0
2022-01-24,95024.51935013714,-0.002980996381225399,0.0783629757677472,5,0.20144985150845707,0.5968500414554275,0.20170010703611535,0.0
2022-01-25,94760.49663156543,-0.0027784693927139785,0.08092371603076853,5,0.199544782894457,0.5975464719517041,0.2029087451538389,0.0
2022-01-26,93717.42708968362,-0.01100743008911526,0.09104038397312375,5,0.2012595280690709,0.5968901910314373,0.20185028089949175,0.0
2022-01-27,94407.48648316634,0.007363191830078353,0.08434753995452349,5,0.19880186964925436,0.6034077256843781,0.19779040466636763,0.0
2022-01-28,94837.83031161956,0.004558365490749032,0.08017366137913284,5,0.2028146807797879,0.60087981361445,0.19630550560576202,0.0
2022-01-31,95437.31287286492,0.00632113323634218,0.07435931653841354,2,0.40464661025393267,0.3954322106773141,0.1999211790687533,0.0
2022-02-01,95588.86983097046,0.0015880262503559675,0.07288937483467905,2,0.4067349112665768,0.39349463932486406,0.19977044940855918,0.0
2022-02-02,96163.20053228951,0.006008342836719735,0.06731897635112027,2,0.40823319867388036,0.3924694327926497,0.1992973685334701,0.0
2022-02-03,94918.60721939395,-0.012942511334963965,0.0793902110716016,2,0.4038646357135105,0.3945117625370562,0.20162360174943325,0.0
2022-02-04,94576.33948385785,-0.0036059076883100494,0.08270984498743206,2,0.40723220755624084,0.39010247878577137,0.2026653136579879,0.0
2022-02-07,94619.43920814252,0.0004557136015189399,0.08229182338725338,2,0.39853464888128,0.40007661030832986,0.20138874081039035,0.0
2022-02-08,94734.86083353907,0.0012198510830597733,0.08117235607407958,2,0.40132424766697794,0.39691750720033075,0.2017582451326914,0.0
2022-02-09,95427.02770239626,0.007306358638911318,0.07445907178021094,2,0.40424441186442667,0.3947799309582268,0.20097565717734647,0.0
2022-02-10,94062.47033769573,-0.014299485141212872,0.0876938305308742,2,0.40274089806647345,0.39414199089417035,0.20311711103935626,0.0
2022-02-11,94229.26435382494,0.0017732259798238113,0.08607610552961797,2,0.3941006295720071,0.3992782734499016,0.20662109697809125,0.0
2022-02-14,93934.99965127444,-0.003122858960731775,0.08893016095289163,4,0.24996321988724748,0.2476631320103683,0.25212502990840474,0.2502486181939795
2022-02-15,93832.93181834208,-0.0010865793720260127,0.08992011064647543,4,0.25427065946234456,0.24511785397651425,0.25000152670329984,0.2506099598578414
2022-02-16,94267.92053570901,0.004635778813871472,0.08570118157647977,4,0.25338097835518747,0.24543275357205327,0.2514071381325694,0.24977912994018991
2022-02-17,94267.6593898763,-2.7702513349928127e-06,0.08570371441400215,4,0.24796912293598883,0.24725910194416517,0.2548440954277741,0.24992767969207197
2022-02-18,94346.85048859219,0.0008400664578758385,0.08493564477192095,4,0.24615678152636605,0.24965228017405539,0.25444342938422393,0.24974750891535466
2022-02-22,94331.20082941708,-0.00016587367881444045,0.08508742986287465,5,0.1978864413562412,0.6016625015170238,0.20045105712673505,0.0
2022-02-23,93303.11045204679,-0.010898730943004002,0.09505881580117137,5,0.19651796765219523,0.5999088069390938,0.20357322540871098,0.0
2022-02-24,93493.40706402202,0.0020395527121577443,0.09321314055459551,5,0.19906942783424622,0.5990821014206579,0.2018484707450959,0.0
2022-02-25,93882.1578233649,0.004158055327651925,0.08944267062263367,5,0.2026191772500919,0.5970376821731341,0.20034314057677383,0.0
2022-02-28,95257.00583100447,0.014644401444481899,0.07610810355301623,5,0.19918382371433968,0.6013179420101256,0.19949823427553476,0.0
2022-03-01,95657.1266474006,0.0042004345287314495,0.07222735613036513,4,0.24516269471853838,0.25183256966699336,0.25347614405176366,0.2495285915627045
2022-03-02,94933.89484502576,-0.0075606682713848265,0.07924193732192897,4,0.251574804710899,0.24507720450911488,0.25274933906570246,0.2505986517142837
2022-03-03,95194.81499100776,0.002748440337436196,0.07671128872144495,4,0.24963619084600408,0.24689485096008706,0.25355717410780804,0.2499117840861008
2022-03-04,95817.33749192473,0.006539458067918533,0.07067348090945624,4,0.24599933974478888,0.24952544477556868,0.25592252867859383,0.2485526868010486
2022-03-07,95273.5384916747,-0.00567537164446743,0.07594775428435419,4,0.24011018993727748,0.2490349505028398,0.2612087273497243,0.24964613221015855
2022-03-08,95075.37087095978,-0.0020799859420801594,0.07786976996519035,5,0.19889735817496487,0.5952025730544602,0.20590006877057504,0.0
2022-03-09,94446.19789023239,-0.006617623207395488,0.08397208037570958,5,0.20559046978743703,0.5932961017645509,0.2011134284480121,0.0
2022-03-10,93612.73754193638,-0.008824710437414037,0.09205576151898076,5,0.20648430422181252,0.5899783887086737,0.20353730706951373,0.0
2022-03-11,93417.90097933279,-0.002081303973364762,0.09394546947012505,5,0.2042839965468477,0.5931876098431406,0.2025283936100117,0.0
2022-03-14,91699.37201565751,-0.018396141913480497,0.11061337719510456,5,0.2065915190275692,0.5901945904568576,0.20321389051557315,0.0
2022-03-15,91742.84713298628,0.0004741048534263,0.11019171468066036,4,0.2553764922696682,0.24944532634511088,0.24520738339340756,0.24997079799181351
2022-03-16,92605.81541131958,0.009406382135518136,0.10182183792159649,4,0.25860676501381974,0.24954448456051906,0.24444325197560382,0.24740549845005758
2022-03-17,92835.65124235039,0.002481872547743916,0.09959267419815088,4,0.2611938886336032,0.24707124999586794,0.2450301146380001,0.24670474673252885
2022-03-18,93175.94678740829,0.0036655696438165552,0.09629216843762156,4,0.26309033519986347,0.24917532910257553,0.2419893075147492,0.24574502818281183
2022-03-21,92726.99151374862,-0.004818360200664425,0.10064655828625035,4,0.26428687378065757,0.24458380891984222,0.2450188882078103,0.2461104290916899
2022-03-22,92516.5047918154,-0.0022699617284791754,0.10268805617931664,4,0.2535007464508971,0.24735855941036133,0.24875196361447616,0.25038873052426536
2022-03-23,93049.77338483343,0.005764037392225336,0.09751591658264369,4,0.24880199608909248,0.25133070631905086,0.2507047596994661,0.2491625378923905
2022-03-24,93379.39997432023,0.0035424760050034886,0.09431888837224,4,0.25166098464683845,0.2484818533511152,0.2516335624309376,0.24822359957110862
2022-03-25,93012.23484594164,-0.0039319713821202905,0.0978800005844872,4,0.25388830302727994,0.24600201203512367,0.2515922630315223,0.2485174219060741
2022-03-28,92927.64252584786,-0.0009094751914507962,0.09870045634366731,4,0.2559269499197481,0.2483311083215591,0.247237186376209,0.24850475538248376
2022-03-29,93412.0536619481,0.005212777629277674,0.0940021822452175,4,0.2517802606665813,0.25058180864926616,0.24881468135730014,0.2488232493268525
2022-03-30,93653.0044860271,0.0025794403894704135,0.09166521488132873,4,0.24958176264346815,0.2518870511439982,0.2501694609003196,0.24836172531221412
2022-03-31,93359.61644603858,-0.003132713590969837,0.09451076760782062,4,0.24651264734683995,0.2532922337401409,0.2510529023930285,0.24914221651999063
2022-04-01,93317.07532357711,-0.00045566942197156627,0.09492337136294626,4,0.2473239621946454,0.2543723946757827,0.24956845363357122,0.24873518949600057
2022-04-04,93476.6837541283,0.0017103882649316426,0.09337533891846161,4,0.24901679943965044,0.2521733688454439,0.25034985893075246,0.24845997278415335
2022-04-05,92042.50501089099,-0.015342636106022201,0.10728535117818139,2,0.4011013714098275,0.39705478039130926,0.2018438481988632,0.0
2022-04-06,91421.05554108146,-0.006751766151258121,0.11331275172682875,2,0.3997898390007894,0.3965180675485107,0.2036920934506999,0.0
2022-04-07,91402.68255224025,-0.0002009710862828551,0.11349095022630729,2,0.40188526251927537,0.39361059320825476,0.2045041442724699,0.0
2022-04-08,91031.92165020175,-0.004056345959284045,0.11708693762822553,2,0.40244309077850504,0.39093321105364387,0.206623698167851,0.0
2022-04-11,89935.86175972225,-0.012040390564215714,0.12771755573342936,2,0.400385173823378,0.3894357470626237,0.21017907911399827,0.0
2022-04-12,89932.79395933222,-3.411098009173993e-05,0.12774731014252017,5,0.19926574374209738,0.5991920311312732,0.2015422251266295,0.0
2022-04-13,90334.40535280193,0.004465683493068343,0.12385210570363914,5,0.20065202596677784,0.5977409694027181,0.20160700463050388,0.0
2022-04-14,88966.13915374292,-0.015146678540864232,0.1371228362128012,5,0.20120105740701621,0.5947675591395213,0.2040313834534625,0.0
2022-04-18,88766.79637968387,-0.0022406589288376144,0.13905624963433105,5,0.20173578856079646,0.5931412929750123,0.20512291846419123,0.0
2022-04-19,88386.29201970874,-0.004286561816961439,0.1427467382412,5,0.20587488551410676,0.5912324872851371,0.20289262720075618,0.0
2022-04-20,89527.02680957128,0.012906241044801179,0.13168282100849893,5,0.19730520378877606,0.6042766392730518,0.19841815693817225,0.0
2022-04-21,88799.4464835081,-0.00812693498255865,0.1387395782664017,5,0.19594723809382084,0.6047205374131774,0.19933222449300175,0.0
2022-04-22,87811.94689126796,-0.011120560221324717,0.14831727665253358,5,0.1927136998796283,0.6076721812709454,0.19961411884942634,0.0
2022-04-25,88128.70437398832,0.003607225371196746,0.14524506512466462,5,0.1931342977026608,0.6115434189066243,0.19532228339071486,0.0
2022-04-26,88204.56299637308,0.0008607708796310573,0.1445093169675029,5,0.1873796689238768,0.617168417189822,0.19545191388630118,0.0
2022-04-27,87806.49754915187,-0.0045129802098513,0.1483701294897407,4,0.25183949198534294,0.24791241054477792,0.24923553899069503,0.2510125584791841
2022-04-28,88499.70045421598,0.00789466525157845,0.14164679674381686,4,0.25617836601268934,0.24633687903488283,0.2486182353171126,0.24886651963531511
2022-04-29,87334.14669259454,-0.01317014357833244,0.1529514316716225,4,0.25000374622427257,0.24638615450809181,0.2519078091989816,0.2517022900686541
2022-05-02,86683.08967389837,-0.007454781930689792,0.1592659940332135,4,0.2533976275670872,0.24393380953245533,0.24909425746049219,0.25357430543996523
2022-05-03,86972.92337705767,0.0033436014365622337,0.15645491460309635,4,0.2537109310945428,0.24475995067716877,0.2489218779787219,0.2526072402495666
2022-05-04,88026.2135101424,0.012110552252203425,0.14623911776930776,4,0.25453069572289183,0.24836953312181514,0.24943484240075348,0.24766492875453944
2022-05-05,86510.41076425699,-0.017219901725192,0.1609407962581335,4,0.24978522077190957,0.24579728960759062,0.25283805817094007,0.25157943144955974
2022-05-06,86101.68576449114,-0.004724575876533914,0.16490499513111612,4,0.2494729789144447,0.24332495817726169,0.2544589367849937,0.25274312612329997
2022-05-09,85336.17425575713,-0.00889078421562928,0.17232964461895517,4,0.2436517301089789,0.24766764552403908,0.2530240819613846,0.2556565424055974
2022-05-10,85380.41126274703,0.000518385167553081,0.1719005925831023,4,0.24408818107921146,0.24978427346684318,0.25075725341671673,0.2553702920372287
2022-05-11,86235.90646268292,0.01001980650225736,0.16360319675615098,5,0.1948702319540495,0.6054966277796392,0.19963314026631127,0.0
2022-05-12,85856.98401219114,-0.004394021771612595,0.16727834251931162,5,0.19552593852935923,0.607034527336902,0.19743953413373877,0.0
2022-05-13,85350.50037328809,-0.0058991547948055705,0.17219069647777718,5,0.2013885472554391,0.6016109310313302,0.1970005217132308,0.0
2022-05-16,85388.01177362543,0.0004394983060824374,0.17182687569111987,5,0.20048331234241729,0.6007244485190106,0.19879223913857194,0.0
2022-05-17,85013.74746195081,-0.0043831013733736015,0.1754568424496693,5,0.20550805934857622,0.5960783098434603,0.19841363080796345,0.0
2022-05-18,84376.87619865527,-0.0074913914785439215,0.1816338180338335,2,0.38677282231028143,0.41161049118391363,0.20161668650580503,0.0
2022-05-19,84510.22109058136,0.0015803487629968535,0.1803405140504848,2,0.383797533306038,0.41194536985699404,0.20425709683696802,0.0
2022-05-20,84931.55933049213,0.004985648297608473,0.17625398012974192,2,0.3820601887917749,0.4145541499945954,0.20338566121362978,0.0
2022-05-23,85039.68971614509,0.0012731473024317885,0.175205230106655,2,0.3887137693991007,0.4072145642122348,0.20407166638866453,0.0
2022-05-24,85601.20106428748,0.0066029327013853055,0.16975916574859473,2,0.3832160737498696,0.4125259629726483,0.20425796327748189,0.0
2022-05-25,85761.25354525897,0.001869745739330025,0.16820682648613539,4,0.2517380353057725,0.2505201046249732,0.24802875056050913,0.24971310950874534
2022-05-26,86061.2007777917,0.003497467913927452,0.1652976565507468,4,0.2558731402455291,0.24851725028952584,0.246707319686115,0.24890228977883003
2022-05-27,86670.19819231174,0.007076329507561336,0.15939102772776625,4,0.26031254566868023,0.24737337328223602,0.24510144083891014,0.24721264021017364
2022-05-31,85846.37957855064,-0.00950521206762609,0.16738119427516307,4,0.261336038122046,0.24446219498581515,0.24500547904702,0.24919628784511896
2022-06-01,85735.06701618551,-0.0012966483026027866,0.16846080803632146,4,0.25955876646452974,0.24449976454473635,0.24688605145670975,0.24905541753402413
2022-06-02,86299.23213425017,0.006580330985898101,0.1629890049254541,5,0.20247637255291012,0.5963853474883963,0.20113827995869343,0.0
2022-06-03,85725.59492167553,-0.006647072035151692,0.16855267730392864,5,0.20048602162480383,0.59908539447259,0.20042858390260626,0.0
2022-06-06,84755.04274394922,-0.01132161495773891,0.1779660037491364,5,0.2033992832302685,0.5947697118888792,0.2018310048808524,0.0
2022-06-07,85576.34299109162,0.009690281787994626,0.1700002626861542,5,0.20337950857618728,0.5954235224381071,0.20119696898570544,0.0
2022-06-08,84919.71100261433,-0.0076730550234618555,0.17636889634002217,5,0.20272385293780443,0.5947110317383766,0.20256511532381893,0.0
2022-06-09,84402.57512884149,-0.0060897036467414,0.18138456567554995,4,0.24554958355219064,0.25236948629148714,0.2507310637517914,0.2513498664045307
2022-06-10,83863.80692200009,-0.006383314798380899,0.1866100456916564,4,0.23996148759064886,0.25241546463927306,0.25572632151532115,0.25189672625475684
2022-06-13,81761.5620997651,-0.025067366953544574,0.20699959015263047,4,0.2367862057006985,0.25078139088355084,0.2553735466064495,0.2570588568093012
2022-06-14,81236.53996480904,-0.006421380921213715,0.212091747854939,4,0.23759840876765012,0.24921854381840491,0.2549669786747788,0.2582160687391662
2022-06-15,82241.62149388029,0.012372283820884634,0.20234352333458328,4,0.23804054930637983,0.25076538979693985,0.25513789876248016,0.2560561621342002
2022-06-16,81983.05088114856,-0.0031440359277322494,0.20485138395520774,4,0.2424883757211901,0.25277971267186705,0.25360814852919056,0.25112376307775225
2022-06-17,81916.71817884468,-0.000809102632689835,0.20549474079382934,4,0.24320793178254635,0.25379955266984744,0.2517264478403462,0.2512660677072602
2022-06-21,81981.25913912899,0.0007878850827912145,0.20486876195190173,4,0.2491340600781659,0.24930077523388314,0.2505883650873308,0.2509767996006201
2022-06-22,82648.11329778416,0.008134226842301567,0.1984009840922185,4,0.24667588011035232,0.2540896912364133,0.24955705319299648,0.2496773754602379
2022-06-23,82911.5507493907,0.0031874587464249065,0.19584592029783754,4,0.2483024641138343,0.255363104949008,0.24723938845371307,0.2490950424834447
2022-06-24,82733.56972265686,-0.002146637291489299,0.19757214743342943,5,0.20680270509839802,0.5929671658800677,0.20023012902153425,0.0
2022-06-27,82231.31632032419,-0.0060707328840800935,0.2024434725851072,5,0.20727103646748,0.5915009037925757,0.20122805973994426,0.0
2022-06-28,82082.41806467217,-0.0018107244577235681,0.20388762769571445,5,0.20340421891082394,0.5953349214820111,0.20126085960716492,0.0
2022-06-29,82818.8732964742,0.008972143476837918,0.19674479326771466,5,0.20143129741081411,0.5992503933011453,0.19931830928804053,0.0
2022-06-30,83018.8745321706,0.0024149234073788735,0.19480499346687796,5,0.19931347653819606,0.6030567417517779,0.19762978171002613,0.0
2022-07-01,83697.22334318985,0.00817101911874732,0.18822572967417583,2,0.40095444238925865,0.4008313802756797,0.19821417733506166,0.0
2022-07-05,83672.32594835138,-0.0002974697826757825,0.18846720798995142,2,0.40183123360228473,0.4041009117485358,0.1940678546491795,0.0
2022-07-06,82960.90090116032,-0.008502513096506969,0.1953672761822618,2,0.40664578054083383,0.40072297472877266,0.19263124473039334,0.0
2022-07-07,83182.48541478056,0.0026709511494364575,0.19321814148370664,2,0.41163680609525344,0.39613845146759846,0.19222474243714813,0.0
2022-07-08,82796.22966407136,-0.0046434745100867305,0.1969644124789275,2,0.413216926350052,0.39357823848863993,0.19320483516130807,0.0
2022-07-11,83374.98405315325,0.006990105605413081,0.19135110891725027,5,0.19634282347821774,0.6061101525718222,0.19754702394996002,0.0
2022-07-12,83469.17265446395,0.0011296985826185222,0.1904375794111579,5,0.19438581176753714,0.609023480434224,0.19659070779823878,0.0
2022-07-13,84045.42522206757,0.006903777158414121,0.18484854086358626,5,0.19203912742035023,0.6117833154544632,0.19617755712518659,0.0
2022-07-14,83355.11933848758,-0.00821348552590502,0.19154377557462354,5,0.19315930661367237,0.6118170292732914,0.19502366411303623,0.0
2022-07-15,83917.11340818297,0.006742166217928925,0.18609302932962846,5,0.19553135088987678,0.6111401344577677,0.19332851465235545,0.0
2022-07-18,83866.31474413576,-0.0006053433201416,0.18658572247754035,0,0.0,0.0,0.0,1.0
2022-07-19,83774.84699074746,-0.0010906375660759,0.18747286264538876,0,0.0,0.0,0.0,1.0
2022-07-20,83764.664195859,-0.000121549549229,0.18757162495267066,0,0.0,0.0,0.0,1.0
2022-07-21,83998.4161067436,0.0027905789765723,0.18530447940929273,0,0.0,0.0,0.0,1.0
2022-07-22,84211.83790797286,0.002540783637611,0.18323451436094096,0,0.0,0.0,0.0,1.0
2022-07-25,83691.77902546179,-0.00617560304383086,0.18827853378014958,5,0.20148729663085607,0.5978210207273421,0.20069168264180182,0.0
2022-07-26,83510.73524204626,-0.002163220635571067,0.19003446640621235,5,0.19953510764356405,0.5995766264144915,0.20088826594194445,0.0
2022-07-27,83832.98391373665,0.003858769423552492,0.18690899617104928,5,0.2039294230341484,0.593916333721795,0.20215424324405654,0.0
2022-07-28,84650.28035722737,0.009749103578750267,0.17898208775577085,5,0.20449352496345263,0.5928644946073124,0.20264198042923504,0.0
2022-07-29,84814.46922174511,0.0019396139484104396,0.17738962996128704,5,0.20707313711288558,0.5901086267573189,0.20281823612979566,0.0
2022-08-01,84812.42812927229,-2.4065380489379784e-05,0.17740942639283652,0,0.0,0.0,0.0,1.0
2022-08-02,84515.94384972546,-0.0034957645487395,0.1802850093581797,0,0.0,0.0,0.0,1.0
2022-08-03,84546.60480215575,0.0003627830564705,0.17998763064844003,0,0.0,0.0,0.0,1.0
2022-08-04,84659.06988871546,0.0013302141088087,0.1788968386253308,0,0.0,0.0,0.0,1.0
2022-08-05,84311.48699280733,-0.0041056781791369,0.18226802395780717,0,0.0,0.0,0.0,1.0
2022-08-08,84393.26438773406,0.0009699436914651,0.18147486998633566,0,0.0,0.0,0.0,1.0
2022-08-09,84311.48699280735,-0.0009690038123303,0.18226802395780706,0,0.0,0.0,0.0,1.0
2022-08-10,84393.26438773407,0.0009699436914651,0.18147486998633544,0,0.0,0.0,0.0,1.0
2022-08-11,84362.58560916866,-0.0003635216481788,0.18177242159067375,0,0.0,0.0,0.0,1.0
2022-08-12,84383.05001230237,0.0002425767653508,0.18157393859138238,0,0.0,0.0,0.0,1.0
2022-08-15,84646.60706141988,0.0031233411103188603,0.17901771482802853,3,0.800795307664261,0.199204692335739,0.0,0.0
2022-08-16,84849.48240345776,0.002396733301910959,0.17705003924487783,3,0.8004453809064817,0.19955461909351835,0.0,0.0
2022-08-17,84190.682112133,-0.007764340720337968,0.18343970313596936,3,0.8009829028869795,0.1990170971130205,0.0,0.0
2022-08-18,84411.50607477147,0.0026229026431257288,0.18129794497505314,3,0.8012094674405748,0.19879053255942533,0.0,0.0
2022-08-19,83232.48197400727,-0.013967575696609634,0.19273322790158398,3,0.8016398232038132,0.19836017679618675,0.0,0.0
2022-08-22,83121.53689096353,-0.0013329541593916,0.1938092775031912,0,0.0,0.0,0.0,1.0
2022-08-23,83161.90373802755,0.0004856364376055,0.19341776191268722,0,0.0,0.0,0.0,1.0
2022-08-24,83071.12888960914,-0.0010915436556667,0.19429818163744494,0,0.0,0.0,0.0,1.0
2022-08-25,83121.53689096354,0.000606805300809,0.1938092775031911,0,0.0,0.0,0.0,1.0
2022-08-26,83101.37544894268,-0.0002425537685535,0.1940048221011056,0,0.0,0.0,0.0,1.0
2022-08-29,82524.29803434642,-0.0069442582806685405,0.1996018607894089,3,0.8002676513234408,0.19973234867655917,0.0,0.0
2022-08-30,81840.27846785008,-0.008288705057650437,0.20623612489401766,3,0.7980977473661875,0.2019022526338125,0.0,0.0
2022-08-31,81185.28742756437,-0.008003284599563197,0.21258884309134296,3,0.7984148652552926,0.20158513474470735,0.0,0.0
2022-09-01,81089.0651119878,-0.0011852186353643475,0.21352209746820505,3,0.8018706515576649,0.19812934844233504,0.0,0.0
2022-09-02,80494.31599432557,-0.007334516890049945,0.2192905329279755,3,0.7992776634829343,0.20072233651706578,0.0,0.0
2022-09-06,79852.59638268972,-0.00797223510391832,0.22551453234732843,3,0.8033862174315768,0.19661378256842318,0.0,0.0
2022-09-07,81253.39389376735,0.01754229135348809,0.21192828262472274,3,0.8037199426708403,0.19628005732915954,0.0,0.0
2022-09-08,81516.6526168334,0.0032399720239406995,0.20937495230756797,3,0.8063606472091134,0.19363935279088657,0.0,0.0
2022-09-09,82572.87067444663,0.012957083291655198,0.19913075771214817,3,0.808413042569739,0.19158695743026094,0.0,0.0
2022-09-12,83160.3029498876,0.007114107462207509,0.19343328785933578,3,0.8113295539273915,0.1886704460726085,0.0,0.0
2022-09-13,82876.61909048843,-0.0034112893933313,0.19618472032947532,0,0.0,0.0,0.0,1.0
2022-09-14,82805.69591976744,-0.0008557681466657,0.19687259984162053,0,0.0,0.0,0.0,1.0
2022-09-15,82714.48755752026,-0.0011014744968216,0.1977572241905936,0,0.0,0.0,0.0,1.0
2022-09-16,82755.00499966393,0.0004898469825553,0.19736424798758645,0,0.0,0.0,0.0,1.0
2022-09-19,82663.81428438633,-0.0011019359527315,0.19824870117967652,0,0.0,0.0,0.0,1.0
2022-09-20,82092.50442261876,-0.0069112448622575245,0.20378980072445685,4,0.24885020068969438,0.2492299854700976,0.25030326030314476,0.25161655353706325
2022-09-21,82156.57594225106,0.0007804795344340959,0.20316837495881446,4,0.24431862287917164,0.25320764843073335,0.25126930120448004,0.2512044274856149
2022-09-22,81406.55777642992,-0.009129131262095604,0.21044275545760438,4,0.2444984368356466,0.24901184825393488,0.25343781572727897,0.2530518991831396
2022-09-23,80774.1030086691,-0.0077690886955048685,0.21657689572063266,4,0.2422842320477705,0.2519866469442426,0.2510093272937715,0.2547197937142154
2022-09-26,79910.05959515052,-0.010697035080981913,0.2249572001503608,4,0.24248127229898805,0.2498436239173123,0.25077179550558604,0.25690330827811353
2022-09-27,79373.98321937626,-0.00670849675860835,0.2301565722609349,4,0.25104596560032316,0.24506121058777675,0.2522043726531223,0.2516884511587778
2022-09-28,80919.73636146703,0.019474304796051153,0.21516440670390757,4,0.2510956705635215,0.24842837820370664,0.25252902996540927,0.24794692126736248
2022-09-29,80360.17097354983,-0.006915066868453926,0.22059159731229272,4,0.24756244389797452,0.24886345045749503,0.2542381311005161,0.24933597454401435
2022-09-30,79778.40823976567,-0.007239441214922765,0.22623407862596723,4,0.24551163921786787,0.24744180455192852,0.2561086440622586,0.2509379121679449
2022-10-03,81149.81413174774,0.01719018870194116,0.21293289642641622,4,0.2477348586532565,0.24712535487581172,0.25790121967785345,0.2472385667930782
2022-10-04,82019.9734508697,0.0107228750728775,0.2044932742008252,4,0.25501222649388283,0.2466569755116619,0.2508917496260564,0.24743904836839897
2022-10-05,81643.89089089981,-0.004585255812051225,0.2081408760388217,4,0.25559038984768445,0.24542386144047204,0.2506515457421148,0.24833420296972883
2022-10-06,81269.23485733541,-0.004588904686880322,0.21177464208411612,4,0.25411989802550566,0.24518475407408566,0.25152345615027694,0.2491718917501318
2022-10-07,80250.68958275559,-0.012532974825809975,0.22165345065194098,4,0.2501668320117737,0.24588629404767207,0.2519233914352484,0.252023482505306
2022-10-10,79475.82135187698,-0.009655595919578347,0.22916885041784407,4,0.2506771905990354,0.24442380982448414,0.25051263272075774,0.2543863668557226
2022-10-11,79406.83806685123,-0.00086797825869995,0.22983791509681006,4,0.24863256123716823,0.2513245778571133,0.2497022132046646,0.2503406477010538
2022-10-12,79565.33412030496,0.001996000058840217,0.22830067153002687,4,0.24731875847947,0.25205464055758936,0.25053787875180394,0.25008872221113676
2022-10-13,79695.9137013331,0.0016411617254155691,0.2270341881286132,4,0.2534298775146129,0.24923434619203116,0.24839561429773677,0.24894016199561914
2022-10-14,78815.31240497256,-0.011049516285874665,0.23557508645531045,4,0.2504215270597452,0.2499397632988813,0.2480416185800061,0.2515970910613674
2022-10-17,79304.89150369955,0.006211725663300089,0.2308266886021788,4,0.25527101299133076,0.24718724553041763,0.24721937915519532,0.2503223623230564
2022-10-18,79636.76713780503,0.0041848066091864,0.22760784704503156,4,0.251883288595574,0.24954189021644319,0.24949365981213642,0.2490811613758463
2022-10-19,78829.86775392335,-0.01013224686137003,0.2354339150125564,4,0.25265834718739283,0.24750662067965604,0.24867044474642497,0.25116458738652614
2022-10-20,78276.27798755589,-0.007022589053371849,0.24080314843156858,4,0.25231157949799826,0.24499637621232082,0.250032873916208,0.2526591703734728
2022-10-21,78810.97709776514,0.006830921499540919,0.235617134335806,4,0.2566897285160071,0.23894859975138436,0.25276376209031,0.25159790964229856
2022-10-24,78833.3600891758,0.00028400855102834354,0.23540004306569784,4,0.25975687994367785,0.23690654438485215,0.25187236515500233,0.25146421051646767
2022-10-25,80498.08468190512,0.02111700669419892,0.21925398065673185,5,0.19899164169888917,0.6046982513160521,0.19631010698505863,0.0
2022-10-26,81179.26599244245,0.008462080970362048,0.2126472446237614,5,0.1958352279348316,0.6082631596971143,0.19590161236805423,0.0
2022-10-27,81586.76107083744,0.005019694048883318,0.20869497468322729,5,0.19381658718041875,0.611562098243699,0.1946213145758822,0.0
2022-10-28,81457.86592949621,-0.0015798536386230162,0.20994512080673466,5,0.1987415789230401,0.6083195086712068,0.19293891240575314,0.0
2022-10-31,80859.4451275232,-0.007346384479197612,0.21574916770895447,5,0.19876622827403476,0.6084532712151924,0.1927805005107729,0.0
2022-11-01,81146.42104974955,0.0035490711292138,0.2129658057220083,4,0.24802580410212993,0.25144400134810174,0.25165770633924683,0.24887248821052146
2022-11-02,80400.37432365313,-0.009193834015662115,0.2202016674688505,4,0.24404496088437047,0.2526756886954927,0.2522218970583283,0.25105745336180857
2022-11-03,79974.01335533339,-0.005302972429001525,0.2243369165264446,4,0.24281975319573454,0.25265188951716355,0.2526014700572301,0.25192688722987183
2022-11-04,80556.66418296189,0.0072855019172255,0.21868582164467698,4,0.24453313868482332,0.24661043637595792,0.2584722975376562,0.25038412740156263
2022-11-07,80446.89554452534,-0.001362626413964221,0.2197504609817087,4,0.24720908018924792,0.2444832551547626,0.2577994138656169,0.2505082507903726
2022-11-08,81259.85709404702,0.010105567704246976,0.21186559643895186,4,0.2488342612013874,0.25020530971067134,0.2532158783311652,0.24774455075677607
2022-11-09,80839.30827763265,-0.005175357568345748,0.21594447378929527,4,0.24497558120699622,0.2523337507952767,0.25325611787517865,0.24943455012254848
2022-11-10,83445.47424327719,0.03223884544748943,0.1906674288575384,4,0.25036647942961054,0.25385783483491847,0.25281585392729594,0.24295983180817524
2022-11-11,83704.43839266707,0.003103393584113385,0.188155751348841,4,0.25200758776959215,0.25214520572425914,0.25369871043858966,0.2421484960675591
2022-11-14,83502.23134020688,-0.0024157267684135363,0.1901169452320901,4,0.25046887735162315,0.2521360504235631,0.25486941071676983,0.24252566150804403
2022-11-15,84514.05957838705,0.01211737964291942,0.18030328479110014,5,0.1992909274650627,0.6024085813105794,0.1983004912243579,0.0
2022-11-16,85460.45231332749,0.011198050829195503,0.17112427930966623,5,0.1955804667250272,0.6087653061871641,0.1956542270878087,0.0
2022-11-17,84738.80733737143,-0.008444197946791363,0.17812346996846473,5,0.19664251225037319,0.6074710590286775,0.1958864287209493,0.0
2022-11-18,84346.02890320682,-0.004635165947059287,0.18193300407315416,5,0.19845519567921674,0.6061028394951576,0.1954419648256257,0.0
2022-11-21,84408.49421209011,0.0007405838744936983,0.1813271568477154,5,0.19758726796812032,0.6082071041505738,0.194205627881306,0.0
2022-11-22,85361.82118296518,0.01129420658162298,0.17208089663438886,2,0.40085553356341797,0.4011459577037904,0.1979985087327916,0.0
2022-11-23,86280.02519585646,0.01075661226724749,0.16317529185083768,2,0.39908876569931695,0.40379908927229036,0.19711214502839283,0.0
2022-11-25,86168.8189442319,-0.0012888991556519243,0.1642538745105998,2,0.39951431757692796,0.4029497184729462,0.1975359639501259,0.0
2022-11-28,85582.81460591101,-0.006800654175150558,0.16993749488827514,2,0.3958312691008285,0.40685210944541195,0.19731662145375958,0.0
2022-11-29,85199.74944873394,-0.004475958858574564,0.17365282051120057,2,0.39692792627936,0.40388908937157475,0.19918298434906526,0.0
2022-11-30,86741.75499197877,0.018098709834501223,0.15869700268707443,2,0.4052655653009258,0.39577888933050775,0.19895554536856644,0.0
2022-12-01,88129.86737973556,0.0160028164969126,0.14523378520277308,2,0.39858869526163326,0.4019893150428944,0.19942198969547228,0.0
2022-12-02,88474.12750721618,0.0039062821460659845,0.14189482719885038,2,0.3965796493566237,0.4054607860510122,0.197959564592364,0.0
2022-12-05,87039.94956438332,-0.016210139429924164,0.15580483169549608,2,0.3958625825674415,0.40636876087182955,0.19776865656072887,0.0
2022-12-06,87045.95518526409,6.899844164465675e-05,0.15574658354443927,2,0.3901293539073349,0.4115743048462024,0.19829634124646275,0.0
2022-12-07,87228.04121324101,0.0020918378986063,0.15398054225186952,0,0.0,0.0,0.0,1.0
2022-12-08,87142.38478332433,-0.0009819827285503,0.15481131874739573,0,0.0,0.0,0.0,1.0
2022-12-09,87099.5426495441,-0.0004916337082896,0.15522684199296444,0,0.0,0.0,0.0,1.0
2022-12-12,87045.9551852641,-0.0006152439226417,0.15574658354443904,0,0.0,0.0,0.0,1.0
2022-12-13,87303.07294244764,0.0029538162529931,0.15325281408126767,0,0.0,0.0,0.0,1.0
2022-12-14,87186.47916265031,-0.00133550602364464,0.15438365004856636,2,0.39797411649596376,0.4022456800959204,0.1997802034081159,0.0
2022-12-15,86189.58702277394,-0.011434022218245948,0.16405244618202308,2,0.3927294957339435,0.4084856566412241,0.19878484762483248,0.0
2022-12-16,85545.88662493973,-0.007468424203774488,0.17029565712604333,2,0.39101310554013,0.4069620778934542,0.20202481656641574,0.0
2022-12-19,84628.48966699651,-0.01072403354664356,0.17919343433281942,2,0.3919001897937178,0.4044604298215225,0.2036393803847596,0.0
2022-12-20,84352.05258724242,-0.003266477764661099,0.18187458072865903,2,0.3937225067643746,0.3985803846613819,0.20769710857424356,0.0
2022-12-21,84913.44012365463,0.006655291948368201,0.17642971721302714,2,0.40329696879184995,0.3983543026206744,0.1983487285874755,0.0
2022-12-22,84214.81490537304,-0.008227498700608668,0.18320564064451683,2,0.40084136559195416,0.401581455321421,0.19757717908662484,0.0
2022-12-23,83963.0847061459,-0.0029891438876876795,0.18564715651128194,2,0.40435583398755215,0.396880453777412,0.1987637122350359,0.0
2022-12-27,83310.97901671259,-0.007766576129444824,0.19197188986646707,2,0.40591377837259823,0.39207801692979766,0.20200820469760408,0.0
2022-12-28,82622.42014831431,-0.008264923501380837,0.1986501803836861,2,0.4042098802111672,0.39301621431515843,0.20277390547367433,0.0
2022-12-29,83684.95654212528,0.01286014609477208,0.18834470463040098,2,0.40202997870307833,0.39940395954674723,0.19856606175017447,0.0
2022-12-30,83302.26012809809,-0.004573061035582188,0.1920564538359798,2,0.4028130521569834,0.3967753668266687,0.20041158101634796,0.0
2023-01-03,83931.51676612403,0.0075538963415673855,0.18595333203841835,2,0.39811002286329683,0.40131593513277947,0.20057404200392379,0.0
2023-01-04,84809.38517175672,0.010459341609170317,0.17743893985240144,2,0.39703079845935746,0.4026030732977797,0.20036612824286268,0.0
2023-01-05,84356.2369803135,-0.005343137325256016,0.18183399655517818,2,0.39460781658315,0.40645797357587177,0.19893420984097823,0.0
2023-01-06,86066.39086336755,0.0202729987049229,0.1652473182269295,2,0.4010425441689767,0.39926433484576135,0.1996931209852619,0.0
2023-01-09,86268.36451931867,0.002346719246909823,0.16328838804220303,2,0.39987673444236493,0.4004503862251433,0.19967287933249184,0.0
2023-01-10,86001.8653671525,-0.0030891874866423377,0.1658731470837913,2,0.4039287954599386,0.3950433059261718,0.20102789861388956,0.0
2023-01-11,86981.50864077496,0.01139095378269137,0.15637164665332115,2,0.404430834793358,0.3969418854974377,0.1986272797092042,0.0
2023-01-12,87988.98646129332,0.01158266666400478,0.14660018064820324,2,0.40125562071265225,0.40011997923148007,0.1986244000558677,0.0
2023-01-13,87773.64491955902,-0.00244736927193746,0.14868876514276186,5,0.20126848093250183,0.5958345985803392,0.20289692048715888,0.0
2023-01-17,87286.69648985364,-0.005547774963107183,0.15341164829731468,5,0.2020205564733489,0.5952860016781055,0.2026934418485455,0.0
2023-01-18,88216.54604376979,0.010652821006053772,0.1443930941208158,5,0.1967352736295908,0.6032837316511706,0.19998099471923864,0.0
2023-01-19,88037.0080160627,-0.0020351967488957943,0.1461344225139939,5,0.19570135326317564,0.6007299472389043,0.20356869949792003,0.0
2023-01-20,87440.85323353679,-0.006771638382089665,0.15191649143164332,5,0.20070619013778243,0.595020831797034,0.2042729780651835,0.0
2023-01-23,87729.01190721676,0.0032954696005806205,0.14912165801040245,2,0.40346984015253057,0.3968090479476805,0.19972111189978894,0.0
2023-01-24,88255.01794931269,0.005995804929984138,0.14401995745268437,2,0.40063462846002795,0.40011622478471703,0.199249146755255,0.0
2023-01-25,88434.86457878118,0.0020378062760326447,0.14227563594982273,2,0.39996967202425104,0.40027091717953,0.19975941079621898,0.0
2023-01-26,88498.96841966831,0.0007248706852490143,0.1416538967022989,2,0.4040726615111395,0.39812018707401764,0.1978071514148427,0.0
2023-01-27,88467.83096691087,-0.0003518397255184936,0.14195589695968291,2,0.405143619629866,0.3972552485026221,0.1976011318675118,0.0
2023-01-30,88031.08573764864,-0.004936768817420075,0.14619186233154347,4,0.2480880260543974,0.250322135702087,0.25059545300059843,0.2509943852429172
2023-01-31,88649.17895003001,0.007021306248833867,0.1401970139192269,4,0.24998059435148123,0.25056400983504523,0.2497530782303276,0.24970231758314607
2023-02-01,89469.12101443688,0.00924929112844989,0.13224444578785532,4,0.25032203895575633,0.2512521679370952,0.25058147041631507,0.2478443226908334
2023-02-02,89361.69135655627,-0.0012007456501475602,0.1332863994949669,4,0.25427128711643615,0.25187981163579287,0.24567641453128045,0.24817248671649056
2023-02-03,88154.27733019342,-0.013511539542657275,0.14499703458034963,4,0.2550142213301303,0.25151100974190427,0.24282582981273926,0.2506489391152261
2023-02-06,87714.30646671484,-0.00499091906602108,0.14926428518196722,2,0.3995496325374403,0.3990300127997649,0.20142035466279481,0.0
2023-02-07,87908.01666834447,0.002208421971655669,0.14738550173729092,2,0.40388317987542144,0.3949553224605134,0.20116149766406505,0.0
2023-02-08,87728.7303985159,-0.0020394757682336965,0.1491243883461424,2,0.4002832263555761,0.3976459678936125,0.2020708057508114,0.0
2023-02-09,86953.55083363155,-0.008836096924724743,0.15664280772160044,2,0.40035059571687226,0.39739028607591187,0.2022591182072159,0.0
2023-02-10,86681.67984535822,-0.0031266231875166236,0.159279667874337,2,0.402543513608242,0.3941760393837192,0.20328044700803882,0.0
2023-02-13,87013.75053208582,0.003830921220262675,0.15605893451369046,4,0.2519694781836974,0.2511415868155615,0.24778172516112526,0.24910720983961587
2023-02-14,86924.28169275947,-0.0010282149519961602,0.15692668733582704,4,0.2521127993000239,0.2508214289276322,0.2482237152223256,0.2488420565500184
2023-02-15,86579.78860693307,-0.003963139862852414,0.16026790478855357,4,0.2539378543159253,0.24947114665247253,0.24672806633067498,0.24986293270092716
2023-02-16,85956.2165935984,-0.007202281541315058,0.1663158917575448,4,0.2522582696616172,0.2477207587646622,0.2483143675859098,0.2517066039878108
2023-02-17,86150.05118862925,0.002255038701241478,0.16443590182884804,4,0.2510618604683212,0.24908551471562076,0.24849566328434866,0.2513569615317094
2023-02-21,85176.42238424558,-0.011301546440777648,0.1738790682885759,4,0.2477851774397709,0.24794272846590834,0.25191275251813294,0.2523593415761878
2023-02-22,85230.75641733425,0.000637899920749846,0.17335208581170736,4,0.24728590730196834,0.25005543671117725,0.25033567918149946,0.25232297680535504
2023-02-23,85553.0867251823,0.003781854360997682,0.17022582379242457,4,0.24766470534502577,0.25154766775901616,0.24926022248226432,0.2515274044136938
2023-02-24,84848.42842614143,-0.008236503509270203,0.17706026170666012,4,0.24705395761813784,0.25033922399620573,0.2495220653696007,0.2530847530160557
2023-02-27,85080.30458051186,0.002732827922349585,0.17481130901144104,4,0.2472197601941907,0.25034930878816136,0.2498175670066645,0.25261336401098355
2023-02-28,85189.96516676615,0.001288906836840375,0.17374771766594244,4,0.24875535148552508,0.2508125210198204,0.25081571412695375,0.2496164133677007
2023-03-01,84963.54481617846,-0.0026578288903447178,0.17594375485264324,4,0.24846158778027425,0.24877928547235803,0.2529357200744009,0.24982340667296682
2023-03-02,84935.58855649884,-0.00032903829212988005,0.17621490091216552,4,0.2504763376588909,0.24665436662464243,0.25287081429318214,0.2499984814232847
2023-03-03,86027.76541230192,0.01285888370664032,0.16562194412373177,4,0.2512624407766828,0.24942245698351648,0.2523375899613371,0.24697751227846357
2023-03-06,85756.37013715388,-0.003154740493924569,0.1682541903638468,4,0.2522322677347386,0.2482718918777865,0.2518593929173571,0.24763644747011782
2023-03-07,85139.29557514432,-0.0071956702577619745,0.17423915894826392,4,0.2479519829969537,0.2533561906850192,0.24741016178566336,0.25128166453236384
2023-03-08,85174.33021969331,0.0004114979377302467,0.17389936006511264,4,0.24825451977004706,0.25350094781587945,0.2471910593141486,0.251053473099925
2023-03-09,85113.65537947665,-0.0007123606380015426,0.17448784164403008,4,0.243847943140078,0.254304507082758,0.24980367248729116,0.25204387728987293
2023-03-10,86135.96038589731,0.012011057472067793,0.16457256766612594,4,0.23747700096208937,0.2599522637632532,0.25216142791319096,0.25040930736146644
2023-03-13,86871.26497612694,0.008536557634411948,0.15744089324063903,4,0.23513131111380106,0.25833777927454415,0.25576473142641476,0.2507661781852401
2023-03-14,86773.72271204248,-0.0011228369255504194,0.1583869497176672,2,0.40706912765059233,0.39386556742368467,0.199065304925723,0.0
2023-03-15,87347.57189339984,0.0066131677127841,0.15282122146688226,2,0.4018655536638608,0.3988336190572605,0.19930082727887874,0.0
2023-03-16,87726.09220493391,0.004333495520585576,0.14914997602497393,2,0.4071519740062071,0.39400627255432724,0.19884175343946567,0.0
2023-03-17,88335.2169141193,0.006943483903995566,0.14324211257878905,2,0.3996166419225141,0.39716235187652466,0.2032210062009612,0.0
2023-03-20,88372.82822120751,0.00042577930300183005,0.14287732280264154,2,0.4032874210645553,0.39350069582394376,0.20321188311150098,0.0
2023-03-21,87815.69604027018,-0.006304338020536819,0.14828091388476117,5,0.2039116445401753,0.5986184616616971,0.1974698937981276,0.0
2023-03-22,88506.52267198738,0.007866778524426835,0.14158062846926533,5,0.1988711561576819,0.6018654529791725,0.19926339086314565,0.0
2023-03-23,88775.23397648688,0.0030360621611514186,0.13897441389696152,5,0.19880523378902673,0.6000436830580022,0.20115108315297117,0.0
2023-03-24,88915.41282014381,0.0015790309681871448,0.13761482783210333,5,0.19979427849037945,0.6016316154597731,0.19857410604984757,0.0
2023-03-27,87528.55097727723,-0.015597541515911154,0.1510659163576984,5,0.2033394900741978,0.596807330925724,0.1998531790000782,0.0
2023-03-28,87728.25506791915,0.0022815879894293404,0.14912899854864292,5,0.19909678951994608,0.5997243989886321,0.20117881149142194,0.0
2023-03-29,87788.86755727544,0.0006909118311923791,0.14854112170692158,5,0.20185119408419125,0.5981062080360007,0.20004259787980805,0.0
2023-03-30,88292.965480122,0.005742162268099424,0.14365190666314887,5,0.20187386028580237,0.5974276845542466,0.200698455159951,0.0
2023-03-31,89242.04588185536,0.010749218769268981,0.13444683366522459,5,0.20254206257484259,0.5999288553292752,0.1975290820958823,0.0
2023-04-03,89689.71825215421,0.005016383991145916,0.13010488661813713,5,0.20229906725714913,0.599741809070674,0.19795912367217702,0.0
2023-04-04,89897.31056454543,0.0023145608709305,0.12809146142688976,0,0.0,0.0,0.0,1.0
2023-04-05,90017.53215380732,0.0013373213114709,0.1269254395566024,0,0.0,0.0,0.0,1.0
2023-04-06,89984.72823089587,-0.0003644170432866,0.12724360280648805,0,0.0,0.0,0.0,1.0
2023-04-10,89667.86148840553,-0.0035213391063123,0.1303168740382098,0,0.0,0.0,0.0,1.0
2023-04-11,89656.92371788698,-0.0001219809454245,0.13042295880813437,0,0.0,0.0,0.0,1.0
2023-04-12,89616.11930508126,-0.00045511725267445986,0.13081871832211034,5,0.19927543355275168,0.5996560289135241,0.20106853753372425,0.0
2023-04-13,89674.57223525758,0.0006522591095172367,0.13025178691331396,5,0.20179077643074464,0.5945559442269633,0.20365327934229197,0.0
2023-04-14,88819.25296183291,-0.009538035723000387,0.13854747643975063,5,0.20323630314374533,0.5947907557137349,0.20197294114251985,0.0
2023-04-17,88175.71943199137,-0.007245428309536396,0.14478906894127563,5,0.2054541853248233,0.5920049160186049,0.20254089865657182,0.0
2023-04-18,88442.83896970008,0.003029400150397773,0.14219829281810448,5,0.20496726889165498,0.592319913899711,0.20271281720863407,0.0
2023-04-19,88304.40616124145,-0.00156522348300076,0.1435409441939437,5,0.20027967744748315,0.6003639893809273,0.19935633317158968,0.0
2023-04-20,88730.46247902262,0.004824859101630876,0.13940864992336377,5,0.1982303164018412,0.60258925103648,0.19918043256167894,0.0
2023-04-21,88268.90359068551,-0.005201808662343323,0.14388528146293011,5,0.19942167103659886,0.6023361085441498,0.19824222041925132,0.0
2023-04-24,88854.82722949985,0.006637939466556899,0.13820244378485247,5,0.19831333883207486,0.6041531317492853,0.1975335294186399,0.0
2023-04-25,89453.75912068301,0.006740566718296689,0.13239343985951935,5,0.19385859913441875,0.6089324531443029,0.1972089477212782,0.0
2023-04-26,88708.65309427393,-0.00832951050613596,0.13962017781740188,5,0.20082565754358966,0.5985910591525097,0.20058328330390063,0.0
2023-04-27,88537.35407600441,-0.0019310294125136555,0.14128159655996975,5,0.20521999546664602,0.5937977669829644,0.20098223755038963,0.0
2023-04-28,89545.31777603428,0.01138461512148405,0.1315054180390698,5,0.20464182946738382,0.5965844983882337,0.19877367214438255,0.0
2023-05-01,87906.48922087984,-0.018301666640498048,0.14740031635719741,5,0.20824642240564106,0.590183601436851,0.20156997615750794,0.0
2023-05-02,89335.52092406584,0.016256270906182105,0.13354022492537476,5,0.20261216454213668,0.5952148152388199,0.20217302021904346,0.0
2023-05-03,89550.6827750916,0.0024084692046362753,0.1314533832400515,4,0.24768751585916904,0.2507914908892108,0.25151400522407946,0.2500069880275405
2023-05-04,89365.4964935692,-0.0020679494090233967,0.13324949370288952,4,0.24644271707113852,0.24882855459233763,0.2538077531076654,0.2509209752288585
2023-05-05,89289.90999105932,-0.0008458130427922523,0.1339826025859625,4,0.25121755590330036,0.248210997598641,0.25004767554098917,0.25052377095706946
2023-05-08,88977.30206189782,-0.003501044285886293,0.1370145678466571,4,0.2521673228445933,0.24559214577312496,0.2512340419353472,0.25100648944693443
2023-05-09,88953.69671111651,-0.00026529631978361993,0.1372435147058343,4,0.2511281251167732,0.24477850783378693,0.2530814687296631,0.2510118983197769
2023-05-10,89529.3450808263,0.006471325993109159,0.13166033623682682,5,0.19964253725480915,0.6019272578566881,0.1984302048885029,0.0
2023-05-11,89915.41449621008,0.004312210873822833,0.12791587249657554,5,0.1984386304774714,0.6056789289739353,0.19588244054859344,0.0
2023-05-12,89406.13423973284,-0.005663992757312046,0.13285535067852172,5,0.19930752975951935,0.60403111589677,0.19666135434371063,0.0
2023-05-15,88945.90642142756,-0.005147608966866129,0.13731907225093887,5,0.20102994695401524,0.6008678424953506,0.19810221055063415,0.0
2023-05-16,88445.60343399318,-0.005624800595813017,0.1421714804473384,5,0.2008160853707443,0.602451279778652,0.19673263485060363,0.0
2023-05-17,88444.35025478425,-1.4168925986899689e-05,0.1421836349561414,5,0.2024306400784661,0.5982589136926411,0.19931044622889277,0.0
2023-05-18,87996.12419256447,-0.005067888010127992,0.14653095222743873,5,0.20542177973878872,0.5968513531492633,0.19772686711194798,0.0
2023-05-19,87770.64685277466,-0.0025623553521107053,0.1487178432098596,5,0.20564982289538122,0.5941530693913707,0.20019710771324814,0.0
2023-05-22,87551.12679780199,-0.0025010645682136514,0.15084695484975985,5,0.20624916636319085,0.5935217010449196,0.20022913259188949,0.0
2023-05-23,87519.11092722876,-0.00036568199341586343,0.15115747482802566,5,0.20400911342887856,0.5954479976993753,0.20054288887174615,0.0
2023-05-24,86991.19642488977,-0.00603199114737284,0.15627768542537668,5,0.19975594203821823,0.600653821425309,0.19959023653647281,0.0
2023-05-25,86844.76403250337,-0.0016833012810994771,0.15769792427839235,5,0.2018255508308081,0.6001705767629002,0.19800387240629164,0.0
2023-05-26,87561.47507401192,0.008252783567242935,0.15074658754922232,5,0.2027659264380053,0.6000662467529482,0.19716782680904668,0.0
2023-05-30,88200.0705672619,0.0072931102715001455,0.14455288876377104,5,0.20137451591651517,0.6016734718313433,0.19695201225214143,0.0
2023-05-31,88590.86983933089,0.004430827204054999,0.1407625504316753,5,0.19937446265115583,0.6042407205698274,0.19638481677901687,0.0
2023-06-01,89107.72636444222,0.00583419630091352,0.13574959048179747,5,0.20072909969932948,0.5988605078019558,0.20041039249871465,0.0
2023-06-02,88518.22754512883,-0.006615574691047501,0.14146710361773351,5,0.2049879998321052,0.5962421734121379,0.19876982675575688,0.0
2023-06-05,88491.08453319571,-0.00030663754444567427,0.14173036203690603,5,0.20465797088678372,0.5953141892635258,0.20002783984969055,0.0
2023-06-06,88860.45681070788,0.004174118550593648,0.13814784281967285,5,0.2042510225654885,0.5963338813297266,0.1994150961047849,0.0
2023-06-07,87798.29154694086,-0.011953182572869979,0.14844971900527115,5,0.2060072053218392,0.5945892755722175,0.19940351910594337,0.0
2023-06-08,88512.87703977767,0.008138945305726675,0.14151899784317878,4,0.24948160246203874,0.25088229561905745,0.2512578363200324,0.24837826559887136
2023-06-09,88421.83951305562,-0.0010285229648692607,0.142401965268801,4,0.25018659738601107,0.25079616741266486,0.2508413256134568,0.24817590958786728
2023-06-12,88687.2198939493,0.003001299026972749,0.1398280571216285,4,0.251700847058328,0.25078167505464394,0.24987093280598513,0.2476465450810429
2023-06-13,88410.86285579951,-0.00311608638178366,0.14250842719882406,4,0.2541522237956137,0.24907995062674673,0.24880529284737196,0.24796253273026758
2023-06-14,88612.54488403854,0.0022811905881744343,0.14055232549351127,4,0.2538757450646111,0.25050193107894114,0.24837651881432524,0.24724580504212268
2023-06-15,89467.58545845223,0.00964920458533972,0.13225933905180354,5,0.20054443604479544,0.599974283304846,0.19948128065035853,0.0
2023-06-16,89170.53916153907,-0.003320155510971209,0.13514037298934445,5,0.20052714096972207,0.5996351308144015,0.19983772821587656,0.0
2023-06-20,89263.33132603236,0.001040614594975147,0.13424038743887245,5,0.1992793600664606,0.6031569676440981,0.1975636722894413,0.0
2023-06-21,89276.98137846962,0.0001529189224116688,0.13410799641185212,5,0.19822801549015942,0.6045242357430218,0.19724774876681872,0.0
2023-06-22,88514.78770561403,-0.008537404167200037,0.14150046641163072,5,0.2006566334229766,0.6023700792084625,0.1969732873685608,0.0
2023-06-23,88959.2444128491,0.0050212706685041205,0.13718970788469886,5,0.19749631781148033,0.6029542247929895,0.19954945739553007,0.0
2023-06-26,88975.4365188316,0.00018201712581262608,0.13703266163520644,5,0.19665359009037062,0.6034861933151955,0.19986021659443384,0.0
2023-06-27,88945.434024201,-0.0003371997464070501,0.13732365400286062,5,0.1988766542785636,0.6021140883326,0.1990092573888364,0.0
2023-06-28,89141.90911109412,0.0022089395487087226,0.13541805410445196,5,0.1985383761338225,0.603349180808899,0.19811244305727857,0.0
2023-06-29,88222.04188297947,-0.010319133136000745,0.14433979031113064,5,0.20139916480681677,0.5986372714183733,0.19996356377480984,0.0
2023-06-30,89172.13305352766,0.01076931739812178,0.13512491392804782,5,0.200204078305735,0.6006083709495856,0.1991875507446794,0.0
2023-07-03,88908.99594872957,-0.002950889429101648,0.1376770646770309,5,0.20102765485297966,0.5989711491328255,0.20000119601419494,0.0
2023-07-05,88313.60161369704,-0.006696671452412573,0.14345175806076882,5,0.20208196952259483,0.5972792330538281,0.20063879742357701,0.0
2023-07-06,87375.03362360131,-0.010627671988752481,0.15255487181864158,5,0.20265326998897915,0.5951570709808938,0.20218965903012712,0.0
2023-07-07,87149.83130220961,-0.002577421856703853,0.15473909541437336,5,0.20266398921727632,0.5931033338801769,0.20423267690254684,0.0
2023-07-10,87276.22834979565,0.00145034185032126,0.1535131781500123,5,0.20021582936802904,0.5999173067799914,0.1998668638519794,0.0
2023-07-11,87722.029921358,0.0051079380948452985,0.1491893758659002,5,0.20046692521172355,0.5999367132257668,0.19959636156250954,0.0
2023-07-12,88686.43017684057,0.010993820552797642,0.13983571653975602,5,0.19988239049754927,0.6000182856620789,0.20009932384037185,0.0
2023-07-13,89399.2127208392,0.008037109426744862,0.13292248206860846,5,0.19986252696490558,0.6014916762310664,0.19864579680402802,0.0
2023-07-14,89014.8538884019,-0.004299353660277873,0.1366503549690714,5,0.200600501962242,0.6005317125737691,0.19886778546398887,0.0
2023-07-17,89115.78546616096,0.0011338734306702,0.1356714257451922,5,0.2004671247237419,0.5996162440861219,0.1999166311901361,0.0
2023-07-18,89695.19133778792,0.006501719853515561,0.13005180349399903,5,0.2006521411555721,0.5984471273968858,0.20090073144754209,0.0
2023-07-19,90344.52058291958,0.00723928713955595,0.12375399870295334,5,0.1996530030435205,0.6008576080452637,0.19948938891121584,0.0
2023-07-20,89474.49257724656,-0.009630113703182348,0.1321923473274027,5,0.20025690319412434,0.5993338363363822,0.20040926046949353,0.0
2023-07-21,89435.36246011693,-0.00043733265205002424,0.13257186794961529,5,0.20034452039455217,0.5997729648218889,0.19988251478355895,0.0
2023-07-24,89330.64192487978,-0.0011709074839815002,0.13358754604124923,4,0.2514111969585776,0.24938271069689294,0.249221446925703,0.24998464541882648
2023-07-25,89471.39552966562,0.0015756475242193445,0.1322223854032165,4,0.2517009216404931,0.2485237155305296,0.25021482667297906,0.24956053615599816
2023-07-26,89628.10396464172,0.0017514920165086927,0.1307024798391453,4,0.2512994968148498,0.2483342862966076,0.250996036040074,0.24937018084846865
2023-07-27,88659.25904529188,-0.01080961078605492,0.14009924768936677,4,0.25236131396499856,0.24616445154502672,0.24975211601390487,0.25172211847606984
2023-07-28,89197.4621853858,0.0060704673814042,0.1348792482212201,4,0.2532944179144641,0.24593584183184586,0.2502264933890295,0.2505432468646605
2023-07-31,89408.18438757153,0.00236242373967736,0.13283546641953037,5,0.1999085181061568,0.6000252410329721,0.2000662408608712,0.0
2023-08-01,88292.52513763116,-0.012478267594654879,0.14365617751814153,5,0.20185526808414736,0.5976502902473567,0.2004944416684959,0.0
2023-08-02,87395.67308677586,-0.010157734751127415,0.15235469092267884,5,0.20108990311375918,0.5973234684752119,0.20158662841102887,0.0
2023-08-03,86135.01653242133,-0.014424702160057916,0.16458172204348942,5,0.20344831514245318,0.592083016385747,0.20446866847179979,0.0
2023-08-04,87022.82804674948,0.01030720780083649,0.1559708922519747,5,0.20046196713477168,0.596422655508527,0.2031153773567012,0.0
2023-08-07,86621.2839107317,-0.0046142391028946,0.1598654443649269,5,0.20268090219658227,0.596849160838274,0.20046993696514373,0.0
2023-08-08,87035.22185212876,0.0047787093738261115,0.15585068548863834,5,0.20083974359666487,0.600908900995559,0.1982513554077762,0.0
2023-08-09,87106.71658263558,0.0008214459501038561,0.15515726245295003,5,0.19933333973513873,0.603520570709801,0.1971460895550601,0.0
2023-08-10,86229.14928654967,-0.010074622606781247,0.1636687341958165,5,0.20143427830500363,0.5996260613340065,0.1989396603609899,0.0
2023-08-11,86100.02462939585,-0.0014974594811868489,0.16492110637920798,5,0.201618754591227,0.599143234198884,0.19923801120988893,0.0
2023-08-14,86028.96367858879,-0.0008253302030159598,0.16561032221201444,5,0.2012701073349388,0.5991733103002939,0.19955658236476742,0.0
2023-08-15,85467.52018920549,-0.00652621472322858,0.17105572841210426,5,0.2002323189820886,0.5994333918937723,0.20033428912413914,0.0
2023-08-16,84842.19507258796,-0.007316523460996679,0.1771207186230359,5,0.20022792638807158,0.5991268960863892,0.20064517752553923,0.0
2023-08-17,84469.89311562863,-0.004388169785574355,0.18073165262274948,5,0.19957799701824,0.5992024063873799,0.20121959659438013,0.0
2023-08-18,84659.67609825842,0.002246752962857587,0.17889095903590424,5,0.19922645598097263,0.5999706675288815,0.20080287649014594,0.0
2023-08-21,84549.67218145108,-0.0012993661430935998,0.179957880323521,4,0.25195395628952794,0.24698828532831943,0.25101057219814177,0.25004718618401084
2023-08-22,84676.7797286411,0.0015033476051477942,0.1787250719667851,4,0.2508943065231749,0.24851010843768162,0.2510472171159811,0.24954836792316237
2023-08-23,85690.0649656636,0.01196650652362706,0.16889728018278438,4,0.2506888683171767,0.2516560878549142,0.2506002127909848,0.24705483103692422
2023-08-24,85232.27119073628,-0.005342437015431689,0.17333739411676186,4,0.2485423574404948,0.2513394775185911,0.25188957697140724,0.24822858806950684
2023-08-25,85410.74697288721,0.002093993034064858,0.1716063683785205,4,0.24977149311593497,0.2516334730987494,0.2510381395028597,0.24755689428245597
2023-08-28,85643.08085284597,0.0027201949191770504,0.1693529762307051,4,0.25090283946705944,0.24958359559966792,0.25003768708812785,0.24947587784514483
2023-08-29,86432.36053421952,0.009215918828629084,0.16169780068440498,4,0.252205294333353,0.2498730029617575,0.25017449036493,0.24774721233995967
2023-08-30,86553.81522602828,0.0014051992917706493,0.1605198190276368,4,0.2528886829010963,0.24926328484473093,0.25044846561004597,0.24739956664412696
2023-08-31,86603.23561984304,0.0005709788030221478,0.1600404936387444,4,0.25237455050088586,0.2502344016139738,0.2498891066486315,0.24750194123650882
2023-09-01,86305.59339073837,-0.003436848831043625,0.16292730748630613,4,0.25371725963126474,0.24718575442914448,0.25087625600153857,0.24822072993805222
2023-09-05,85363.99254471078,-0.01091007904626306,0.17205983672909875,5,0.20133216700343964,0.5981120911445418,0.20055574185201858,0.0
2023-09-06,85296.39093475575,-0.0007919218389371176,0.17271550062572627,5,0.20013720182448141,0.6000581956037182,0.1998046025718003,0.0
2023-09-07,85404.13580319725,0.0012631820322142261,0.1716704897105874,5,0.19927106128536393,0.6009631954397967,0.19976574327483942,0.0
2023-09-08,85632.06375888562,0.0026688163698958454,0.16945983035385936,5,0.19903993082234028,0.6016588976708082,0.1993011715068515,0.0
2023-09-11,85404.52830985654,-0.002657129106099124,0.1716666828124106,5,0.20088274594872235,0.5989147917621079,0.2002024622891697,0.0
2023-09-12,85289.81049121651,-0.0013432287597657747,0.17277932394672912,4,0.24896300402085095,0.2517791378742644,0.24904536207956285,0.2502124960253218
2023-09-13,85279.41667199801,-0.00012186472403498241,0.17288013296613236,4,0.24928366556731607,0.25175646830584847,0.24850034826482145,0.25045951786201404
2023-09-14,85313.24777894722,0.00039670893950089327,0.17255200712084118,4,0.25133336690632263,0.2498401853241913,0.2485280488506814,0.2502983989188047
2023-09-15,85054.4778146221,-0.003033174460730912,0.17506180124042536,4,0.24906068471582352,0.24907300967853682,0.2509303981720083,0.2509359074336313
2023-09-18,85310.702856575,0.0030124815122764786,0.17257669016789134,4,0.24845830127803192,0.2497407812080952,0.2516496978666509,0.2501512196472219
2023-09-19,84971.91097054306,-0.00397127059897184,0.17586261203113152,2,0.40076194582451824,0.39863091810230133,0.2006071360731804,0.0
2023-09-20,84777.06131468121,-0.0022931066706197044,0.17775244697298997,2,0.3979902697592659,0.40079566990900967,0.20121406033172443,0.0
2023-09-21,83223.36950707709,-0.018326794813481626,0.19282160916320346,2,0.3987193336644517,0.3977958645572037,0.2034848017783445,0.0
2023-09-22,83469.42288473957,0.002956541883846174,0.19043515244295883,2,0.39665007084451054,0.39981546896254144,0.20353446019294816,0.0
2023-09-25,82699.89152272552,-0.009219320505865686,0.1978987902428695,2,0.4020244894316711,0.39360521747838717,0.20437029308994176,0.0
2023-09-26,82161.61933054109,-0.0065087412120307,0.20311945944303544,4,0.24794097041940408,0.250763120775164,0.24962701114159827,0.2516688976638336
2023-09-27,81794.13937989803,-0.004472647370357436,0.20668362509724658,4,0.24915431022557866,0.25058589459197245,0.2476476021864992,0.2526121929959497
2023-09-28,81909.44414769618,0.001409694736961661,0.20556529117880074,4,0.2502460232407704,0.2509973401943492,0.24606318670273764,0.25269344986214276
2023-09-29,81657.49062696213,-0.0030760008611429844,0.20800897302725652,4,0.2504089670137436,0.2518002437587478,0.24428622606037304,0.2535045631671356
2023-10-02,81074.96476320704,-0.007133771308455357,0.21365885589202882,4,0.25210783830869443,0.2493639827768772,0.24345831280516086,0.25506986610926746
2023-10-03,79896.39228143694,-0.01453682385446998,0.2250897585934487,2,0.4004670511651145,0.3971688662073716,0.20236408262751393,0.0
2023-10-04,80575.14904720461,0.00849546201506481,0.21850653807249465,2,0.39998524751961156,0.3993790933450398,0.20063565913534864,0.0
2023-10-05,80372.96584659613,-0.0025092500975710044,0.2204675006180873,2,0.40084037682894014,0.39838789995774876,0.20077172321331108,0.0
2023-10-06,80450.62691833307,0.0009662586283699255,0.2197142706144648,2,0.4052079287291483,0.39318056343809027,0.20161150783276147,0.0
2023-10-09,81699.92809095613,0.015528793503265751,0.20759737464929173,2,0.4015662507149194,0.39625511394886714,0.20217863533621333,0.0
2023-10-10,81797.41468366676,0.0011932273991980202,0.2066518581255269,2,0.4016027032110715,0.3989708770361676,0.19942641975276082,0.0
2023-10-11,82732.72804883277,0.011434510109923648,0.19758031077657412,2,0.3986889870266899,0.40269920167995,0.1986118112933601,0.0
2023-10-12,81577.72525992051,-0.013960651560172435,0.20878261246284424,2,0.4018687460133362,0.397321707235776,0.20080954675088786,0.0
2023-10-13,82521.02512549638,0.011563203834997381,0.19963360453295798,2,0.39529619734518984,0.39980783228588274,0.20489597036892734,0.0
2023-10-16,82250.98497025666,-0.0032723800368336057,0.2022527075476369,2,0.40076673691199494,0.3946646707235973,0.20456859236440772,0.0
2023-10-17,82015.7863051724,-0.0028595239943850475,0.2045338850718602,4,0.25070542409766283,0.24795382487349982,0.25118182890880675,0.25015892212003055
2023-10-18,81860.99698751364,-0.0018873112681356723,0.20603517723398412,4,0.2478325062741253,0.24623708831105603,0.2552984628053465,0.25063194260947214
2023-10-19,81554.5412728487,-0.003743610827408909,0.20900747254107277,4,0.2465780302412463,0.24210214455469034,0.2594031045027528,0.25191672070131055
2023-10-20,81510.37352676199,-0.0005415731042975585,0.20943585281964494,4,0.24368005527540504,0.2436088449873273,0.2602524535026692,0.25245864623459846
2023-10-23,81655.56118307557,0.001781216917941268,0.20802768658596948,4,0.24282514103105632,0.24609701938326398,0.25891238526131144,0.2521654543243684
2023-10-24,82330.42316342577,0.00826473997082858,0.20148224135150694,2,0.3997122991500769,0.40194878657978916,0.19833891427013403,0.0
2023-10-25,81190.1486316392,-0.01384997778431346,0.21254169456916838,2,0.399508738620128,0.3985202799929428,0.2019709813869292,0.0
2023-10-26,81323.92279241388,0.0016476649326215129,0.2112442271334084,2,0.3940755012139321,0.40396747331739974,0.20195702546866817,0.0
2023-10-27,81230.09037810129,-0.0011538107249463275,0.21215430200350527,2,0.39274238043452553,0.40271587186862307,0.20454174769685138,0.0
2023-10-30,81370.44796711192,0.001727901426150251,0.21079298229835075,2,0.39675231909937714,0.40021048880258203,0.2030371920980409,0.0
2023-10-31,81327.17269268923,-0.0005318303573821197,0.21121270654862345,2,0.402726340596578,0.3982591299497616,0.19901452945366047,0.0
2023-11-01,82327.73979507966,0.012302986434451345,0.2015082671776237,2,0.40207460549263274,0.4019489838797634,0.19597641062760385,0.0
2023-11-02,83770.13186063353,0.017520122247301977,0.18751859440511565,2,0.4027243205475032,0.40403345631061144,0.19324222314188536,0.0
2023-11-03,84366.26073878567,0.007116246147778672,0.1817367767324093,2,0.4035269307305146,0.40389806402815004,0.1925750052413353,0.0
2023-11-06,83987.43824391406,-0.004490213167613444,0.1854109530320993,2,0.40627949263951335,0.40178432008212717,0.19193618727835945,0.0
2023-11-07,84708.90419616758,0.008590164997749481,0.1784134987132855,5,0.19886097510810777,0.6036643907509182,0.19747463414097413,0.0
2023-11-08,85425.55612410545,0.00846017233652624,0.17146273532303613,5,0.1973371029432075,0.6087967606746412,0.1938661363821514,0.0
2023-11-09,84163.81506015369,-0.014770065554138357,0.18370028503636138,5,0.1987334389701308,0.6037103436651186,0.19755621736475065,0.0
2023-11-10,84527.9495897406,0.0043264974303581965,0.18016856641716894,5,0.20096514249099554,0.6044756892623321,0.19455916824667252,0.0
2023-11-13,84487.24999437804,-0.0004814927554742527,0.18056330931314923,5,0.20087033272445243,0.603392418221351,0.19573724905419645,0.0
2023-11-14,86059.65981678668,0.01861120846652328,0.1653126022376583,2,0.4003100258078651,0.40159296353297197,0.19809701065916294,0.0
2023-11-15,85602.60442592767,-0.005310913287736048,0.1697455546295401,2,0.40329934807013834,0.3980708403382246,0.1986298115916371,0.0
2023-11-16,86260.18712689019,0.007681807175989835,0.1633677000731958,2,0.40071443758315567,0.3999452929541174,0.19934026946272695,0.0
2023-11-17,86462.99229530549,0.002351086580846061,0.16140070509973548,2,0.4002717536847497,0.4008772014988556,0.19885104481639482,0.0
2023-11-20,86913.03407502841,0.0052050220305336235,0.15703577729498963,2,0.40126433435366543,0.40123740311952516,0.19749826252680944,0.0
2023-11-21,87009.60715999732,0.0011111461703839799,0.15609912082716038,2,0.39868520498458554,0.3993795944136517,0.20193520060176273,0.0
2023-11-22,87191.46678605268,0.00209010972456122,0.1543352753930355,2,0.3993897217739878,0.3999551676553846,0.20065511057062765,0.0
2023-11-24,86893.25780165143,-0.0034201624928846827,0.15722758616569177,2,0.4010069872461482,0.3966019649084363,0.20239104784541556,0.0
2023-11-27,87524.6504232821,0.007266301639557946,0.15110374759327339,2,0.3973971783845901,0.40031796255418006,0.20228485906122992,0.0
2023-11-28,87864.1990608078,0.003879462938538941,0.14781048604339686,2,0.3962533803588488,0.39955707435617055,0.2041895452849807,0.0
2023-11-29,88307.29708256191,0.00504298709247264,0.14351290532417305,2,0.39771302078146453,0.4029961125154738,0.19929086670306154,0.0
2023-11-30,87961.14347674508,-0.00391987544917371,0.14687022805912697,2,0.4008502421525648,0.3999085247690159,0.19924123307841934,0.0
2023-12-01,89134.95682578352,0.013344680419585062,0.13548548389614257,2,0.3979116689343038,0.40207501795362066,0.2000133131120756,0.0
2023-12-04,88420.83053020778,-0.008011742205378654,0.14241175133197437,2,0.39901962599510155,0.4037095509484726,0.1972708230564258,0.0
2023-12-05,89114.91510369792,0.007849785727278616,0.13567986733769832,2,0.39583381357193675,0.40917160347422155,0.19499458295384167,0.0
2023-12-06,89511.71427893724,0.00445266849861888,0.13183133631027089,2,0.3966220922279416,0.4035303834789065,0.1998475242931518,0.0
2023-12-07,89604.89989468461,0.0010410438063667904,0.13092753470005492,2,0.3992328138879395,0.4007980245608137,0.1999691615512467,0.0
2023-12-08,89225.78139555862,-0.004231001871232369,0.13460458192697544,2,0.40265281203882053,0.39920736326688794,0.19813982469429142,0.0
2023-12-11,89094.93944515855,-0.001466414172603553,0.13587361003294374,2,0.4048126209029431,0.3989478232490268,0.19623955584803013,0.0
2023-12-12,89355.64919272323,0.002926201523770623,0.13334500207389177,2,0.405475012085068,0.39896456161196786,0.19556042630296408,0.0
2023-12-13,91090.33539920664,0.019413279654451783,0.11652038623522398,2,0.39779354760931923,0.40158859624252635,0.20061785614815458,0.0
2023-12-14,92265.34557755027,0.01289939457566063,0.10512403409771998,2,0.3939880056237947,0.4067878759299787,0.19922411844622656,0.0
2023-12-15,92078.68053902038,-0.002023132708834839,0.10693448693468699,2,0.3941366838751165,0.40806521609972585,0.19779810002515763,0.0
2023-12-18,92066.23406114413,-0.0001351722005939064,0.10705520456536266,2,0.3964073205575349,0.40486862872126284,0.19872405072120225,0.0
2023-12-19,92613.6753908906,0.005946168378983526,0.10174560445857139,2,0.3964603791295938,0.4046441422815399,0.19889547858886622,0.0
2023-12-20,92250.43728504394,-0.0039220785085308,0.10526862871851772,2,0.3960103045699705,0.40429567639691827,0.19969401903311126,0.0
2023-12-21,92491.07520863228,0.0026085288121160863,0.1029346961574259,2,0.3987251402496883,0.4006921030062283,0.20058275674408352,0.0
2023-12-22,92478.8879301968,-0.0001317670749094928,0.10305289982851606,2,0.3995791214758177,0.39892210327163286,0.20149877525254944,0.0
2023-12-26,92881.82322456625,0.00435705168377006,0.0991448549554611,2,0.39952555168306814,0.3983208981140551,0.2021535502028768,0.0
2023-12-27,93689.69333675592,0.008697827886479274,0.09130937195321442,2,0.39679666521788926,0.4018834890313763,0.20131984575073456,0.0
2023-12-28,93322.69669811182,-0.0039171506018809005,0.09486884999379142,2,0.40172472755711686,0.39865642287768954,0.1996188495651937,0.0
2023-12-29,92849.39974309024,-0.005071616785278302,0.09945932832704107,2,0.4026036177298827,0.39707434711054607,0.20032203515957117,0.0
2024-01-02,92383.89690952397,-0.0050135255031727305,0.10397421195111778,2,0.40236780135494576,0.39677469930863085,0.20085749933642333,0.0
2024-01-03,92078.49871715561,-0.0033057513547783096,0.10693625041387667,2,0.40040545989704207,0.39975091817213726,0.1998436219308206,0.0
2024-01-04,91418.94625494158,-0.007162936748567533,0.11333320956460058,2,0.4019951630045453,0.39651720643206373,0.20148763056339095,0.0
2024-01-05,91122.10884136974,-0.00324700104006922,0.11621221755533928,2,0.40185260250306915,0.39746408749873186,0.200683309998199,0.0
2024-01-08,91859.25565116097,0.008089659240376962,0.1090626755545534,2,0.4043186715734474,0.39816445776857917,0.19751687065797344,0.0
2024-01-09,91575.5110705089,-0.003088905724749133,0.11181469695642576,2,0.4049561665918605,0.3968516875424003,0.19819214586573924,0.0
2024-01-10,91574.4443151223,-1.164891545933919e-05,0.1118250433519331,2,0.40725112601759345,0.39500789761443467,0.19774097636797192,0.0
2024-01-11,91796.84616648286,0.0024286453827145264,0.10966798134442712,2,0.4060854507488278,0.39626339373889513,0.197651155512277,0.0
2024-01-12,91929.96392009167,0.0014501342820361402,0.10837688036178028,2,0.39969741866503566,0.39863621095707247,0.20166637037789198,0.0
2024-01-16,90973.7114976358,-0.010401966689414493,0.1176515143517689,2,0.40241597698614984,0.3957314359542445,0.20185258705960563,0.0
2024-01-17,90510.97251965188,-0.005086513129630318,0.12213959150892795,2,0.4022249919865383,0.397125412285384,0.20064959572807764,0.0
2024-01-18,90650.11807518874,0.0015373335592724364,0.12079002724259791,2,0.40517900750385233,0.39282999983473615,0.20199099266141163,0.0
2024-01-19,91276.62899313879,0.0069113083496525635,0.11471353601678191,2,0.4074142640304484,0.39138163120464625,0.20120410476490533,0.0
2024-01-22,91502.15606575242,0.0024708085202248204,0.1125261626787325,2,0.3998577827810048,0.4013888900584298,0.1987533271605653,0.0
2024-01-23,91388.74207393458,-0.0012394679720590263,0.11362615807613252,2,0.4015215805487656,0.39870251074831264,0.19977590870292183,0.0
2024-01-24,91064.87421526219,-0.003543848523600192,0.1167673327071923,2,0.4033901026410328,0.39777688462896926,0.19883301272999795,0.0
2024-01-25,91573.25929564252,0.005582669330642218,0.11183653678367544,2,0.4033324321739895,0.398153429475539,0.19851413835047135,0.0
2024-01-26,91443.85597945614,-0.001413112487004549,0.11309161166404758,2,0.4033901007780249,0.39795294266523307,0.19865695655674206,0.0
2024-01-29,92283.84954348757,0.00918589395683546,0.10494456525936569,2,0.3994979770671685,0.40092363178110985,0.19957839115172177,0.0
2024-01-30,92616.19736351918,0.003601364937371951,0.10172114399968657,2,0.3977565276864313,0.403106722068618,0.19913675024495067,0.0
2024-01-31,92368.04426334682,-0.0026793704258700262,0.10412796580063832,2,0.3923173944139553,0.40815908667562967,0.19952351891041495,0.0
2024-02-01,93773.53801311525,0.015216233719978755,0.09049616754506795,2,0.3914949842876776,0.4099279136089679,0.19857710210335436,0.0
2024-02-02,93134.88215213238,-0.0068106192270739226,0.0966904518334829,2,0.3983292622228215,0.4036220102930156,0.1980487274841629,0.0
2024-02-05,92144.23284443088,-0.0106367161777616,0.10629869911799217,2,0.40282834316512933,0.39613609624165846,0.20103556059321223,0.0
2024-02-06,92705.54406727245,0.0060916587562158024,0.1008545757630328,2,0.401551714349878,0.3975859606864538,0.20086232496366813,0.0
2024-02-07,92832.70574101807,0.001371672805817819,0.09962124243613146,2,0.4043462497439477,0.39511976056550246,0.20053398969054967,0.0
2024-02-08,92619.2110868862,-0.002299778428601185,0.10169191408034761,2,0.4054572551675143,0.39372777619597427,0.20081496863651144,0.0
2024-02-09,92690.47406125849,0.000769418930867755,0.10100073883328942,2,0.4074870262053778,0.3926301881149061,0.1998827856797161,0.0
2024-02-12,92699.1130538648,9.320259383517993e-05,0.10091694977029286,5,0.19989359084667885,0.6006473931499337,0.19945901600338753,0.0
2024-02-13,91234.88113511237,-0.015795533209704036,0.11511844594847809,5,0.20030433483844814,0.5998299420701316,0.19986572309142034,0.0
2024-02-14,91668.5902113212,0.004753763810647573,0.1109119280401184,5,0.20116836547704992,0.6000301093523256,0.1988015251706244,0.0
2024-02-15,92202.81674809786,0.005827803564395449,0.10573049740528906,5,0.2013827158752937,0.5996386630864903,0.19897862103821592,0.0
2024-02-16,91857.53358020756,-0.0037448223391442718,0.10907937781582111,5,0.20113306797405112,0.5984088580761331,0.20045807394981577,0.0
2024-02-20,91915.32991232556,0.0006291953404947199,0.10851881471159219,5,0.1987738435701195,0.6001398369904901,0.20108631943939023,0.0
2024-02-21,91540.738263685,-0.004075399054737378,0.11215195629143271,5,0.19976803123102993,0.5983120245520844,0.20191994421688567,0.0
2024-02-22,92194.44466249527,0.00714115279393155,0.10581169775351662,5,0.20245655526891856,0.5969696648486306,0.20057377988245098,0.0
2024-02-23,93048.58381197492,0.00926454031592128,0.09752745417732889,5,0.20073647496831531,0.5994077717287867,0.1998557533028982,0.0
2024-02-26,92772.41928931912,-0.002967960514196,0.10020595705847657,5,0.20059662468779987,0.5993990337349318,0.2000043415772684,0.0
2024-02-27,92627.29262527656,-0.0015643298423637752,0.10161353173183107,4,0.2508568599178916,0.24862583669225588,0.25012560818876944,0.2503916952010831
2024-02-28,92807.42447834686,0.0019446952184928089,0.09986644386263144,4,0.2500390674874105,0.24971872140803444,0.25009160618907544,0.2501506049154795
2024-02-29,93188.1568383248,0.004102391183873181,0.09617374389762523,4,0.24991272565532943,0.2504536260305024,0.2503526003720849,0.24928104794208325
2024-03-01,94039.02425870288,0.009130639013005492,0.08792123262267815,4,0.24997649713254552,0.2497339947711711,0.252778932931001,0.24751057516528238
2024-03-04,94281.03772920839,0.0025735429776442406,0.08557395871583573,4,0.2490674368480141,0.24809096788435708,0.25620826836494304,0.2466333269026857
2024-03-05,94540.3839696467,0.002750778382215175,0.08305857532933669,4,0.24682251339870911,0.252864846712452,0.2508150986647609,0.24949754122407802
2024-03-06,94999.49836955532,0.004856278138832313,0.07860565273411868,4,0.24687433514228935,0.25311946293074333,0.25165354588494854,0.24835265604201887
2024-03-07,95374.53083368305,0.003947730993997721,0.07496823571172295,4,0.2483445390698107,0.25188775965119314,0.25208872673879523,0.2476789745402009
2024-03-08,95404.54732124922,0.0003147222566001744,0.07467710762743918,4,0.24677622707691835,0.2513620544214169,0.2541395354005187,0.24772218310114597
2024-03-11,95396.05264204854,-8.903851482124492e-05,0.07475949700350615,4,0.24658598903796042,0.25125322067304706,0.254628558311734,0.24753223197725852
2024-03-12,95168.93486588512,-0.00238078798727265,0.07696229847837832,4,0.2532924037845111,0.24850133487802475,0.24785493322351176,0.25035132811395244
2024-03-13,95170.10579784801,1.2303720374072672e-05,0.07695094168060401,4,0.2528922489743936,0.24729348988387642,0.24958868195150458,0.2502255791902254
2024-03-14,94641.51653497205,-0.005554152309116341,0.08207769673929632,4,0.2538019809018165,0.2448558242506267,0.24993479026470794,0.25140740458284877
2024-03-15,94378.93003957032,-0.002774538120431511,0.08462450716128755,4,0.2527605062008108,0.24545778781964991,0.24982955854512887,0.2519521474344104
2024-03-18,94491.62084593995,0.0011940250469293914,0.08353152589549284,4,0.2539594827733048,0.24442649022799692,0.24993143195595283,0.25168259504274537
2024-03-19,94733.99758310712,0.00256506063709438,0.08118072868742943,5,0.20059688679069393,0.6001441856756697,0.19925892753363642,0.0
2024-03-20,95116.25912070759,0.004035104052957651,0.07747319732182056,5,0.20163860658554503,0.5975392596782696,0.20082213373618524,0.0
2024-03-21,95282.17272239,0.0017443242955113938,0.07586401140664856,5,0.20195273352763227,0.5977830396262493,0.2002642268461184,0.0
2024-03-22,95637.19612856512,0.0037260213115575657,0.07242066101837252,5,0.20082159123994248,0.6012579509116964,0.1979204578483612,0.0
2024-03-25,95357.02364376908,-0.002929534701324869,0.0751380368801512,5,0.2008551789289115,0.6000087487640461,0.19913607230704233,0.0
2024-03-26,95542.55619236828,0.00194566211810796,0.07333856799402994,5,0.19924292214203765,0.6004999183700107,0.20025715948795167,0.0
2024-03-27,96410.08843613828,0.009080061057014997,0.06492442561223466,5,0.19910938331678701,0.6009984958174799,0.19989212086573296,0.0
2024-03-28,96606.0678159603,0.002032768385559923,0.06302363354650997,5,0.19866750064345068,0.5992725063385699,0.20205999301797933,0.0
2024-04-01,95692.75232657442,-0.009454017848296865,0.07188182483839367,5,0.20021471388357312,0.5937144512988356,0.20607083481759125,0.0
2024-04-02,95549.1711063001,-0.0015004398638710295,0.07327441034678928,5,0.19924068229311653,0.5913300942751949,0.20942922343168863,0.0
2024-04-03,95797.38541552966,0.0025977651753087247,0.07086699488292081,4,0.24962613352418583,0.24929803819782362,0.25153965273485834,0.24953617554313215
2024-04-04,95562.07757201474,-0.0024563075755591264,0.07314923132209183,4,0.2471863551380596,0.25170439364343533,0.25071297515461993,0.25039627606388526
2024-04-05,95845.92738757242,0.0029703185904865737,0.07039618925328106,4,0.24902898013216482,0.24746586772618878,0.25424852738653364,0.24925662475511268
2024-04-08,95984.97504656661,0.0014507414428985255,0.06904757447955434,4,0.24880731048543725,0.24708031880063294,0.25546150203068685,0.24865086868324288
2024-04-09,96391.48158859927,0.0042351059823211076,0.06510489229297634,4,0.2480446335556914,0.24832695650231987,0.255782521867419,0.24784588807456961
2024-04-10,95299.2519947948,-0.01133118379138655,0.07569836058407275,4,0.25033325072640356,0.24735448719017514,0.25047218228570556,0.2518400797977158
2024-04-11,95865.64540129653,0.005943314293092876,0.07020494543940292,4,0.2507323159923588,0.2447755893198215,0.2538310722817388,0.2506610224060809
2024-04-12,95351.92193650191,-0.00535878585747967,0.07518751802813661,4,0.24860367952473514,0.2474096791009393,0.2518199695273888,0.25216667184693675
2024-04-15,95129.7455958538,-0.0023300667268778804,0.07734239282098065,4,0.24606248845364692,0.24414231730942168,0.2571329635807344,0.25266223065619703
2024-04-16,94947.99310815048,-0.0019105747268102439,0.07910519912675618,4,0.2460838537747103,0.24298617548735224,0.25793999763181696,0.2529899731061205
2024-04-17,94913.59884169739,-0.0003622432168094002,0.07943878702176754,4,0.24861049793220477,0.25286610082041827,0.24824786291640566,0.2502755383309714
2024-04-18,94812.85434747263,-0.001061433719237414,0.08041590173384472,4,0.2483625666057354,0.25185897576656374,0.2493604221629312,0.25041803546476965
2024-04-19,94773.23119284232,-0.0004179091000161689,0.08080020429674029,4,0.2462977050535073,0.25287187267107564,0.25024588311940016,0.2505845391560169
2024-04-22,94373.70980247624,-0.004215551008840728,0.08467513792284331,4,0.24961814036795174,0.2535151305528477,0.2450974071797382,0.25176932189946233
2024-04-23,94624.93174200812,0.0026619907181533787,0.082238551635899,4,0.2519096873101373,0.2529272902883863,0.2438456802735004,0.2513173421279761
2024-04-24,94393.57031985746,-0.002445036608126275,0.08448251197467627,4,0.25049381894619954,0.24883931038567625,0.2501465949012994,0.25052027576682473
2024-04-25,94262.35789864772,-0.001390056767268445,0.08575513325445838,4,0.2498895790867298,0.24743810603943728,0.2519886146076175,0.25068370026621545
2024-04-26,94690.5652156978,0.004542718075336976,0.08160197657300927,4,0.2511162556300784,0.24760988067197098,0.251662312454429,0.24961155124352163
2024-04-29,94934.64119441356,0.002577616662861596,0.07923469852468468,4,0.2513576619049401,0.24904445412240261,0.2505054244697145,0.24909245950294273
2024-04-30,93851.44525415254,-0.011409912405344025,0.08974054996039826,4,0.25023097680913614,0.2497671247007931,0.24834466899058827,0.25165722949948244
2024-05-01,94375.67083885404,0.00558569538574376,0.08465611795048245,5,0.198243243558437,0.6010653271669296,0.20069142927463332,0.0
2024-05-02,94735.60028698498,0.0038137948576336643,0.08116518416015561,5,0.19933725804769878,0.6013509987697465,0.19931174318255457,0.0
2024-05-03,95531.1007322106,0.00839705921338753,0.07344967380422651,5,0.20012763854212065,0.6023779667572801,0.19749439470059935,0.0
2024-05-06,96151.16778716426,0.006490734956480853,0.06743568121304877,5,0.2008903894744036,0.600824911905907,0.19828469861968942,0.0
2024-05-07,96437.06083556532,0.002973370526647176,0.06466282195336481,5,0.20051586087271495,0.6026967367103073,0.1967874024169778,0.0
2024-05-08,96150.25602792,-0.0029740102524936827,0.06744452431041403,2,0.40123190899871425,0.3987614816684643,0.20000660933282136,0.0
2024-05-09,96863.01689382289,0.007412989786484983,0.060531500093796375,2,0.40057427578298815,0.3977582479477824,0.20166747626922937,0.0
2024-05-10,96854.66627449513,-8.621060540484395e-05,0.0606124922419321,2,0.40112491255009014,0.39555405263992854,0.2033210348099813,0.0
2024-05-13,96737.06887064266,-0.0012141635336308106,0.06175306229780031,2,0.40166645123708883,0.397045740982663,0.20128780778024813,0.0
2024-05-14,97296.91942501391,0.005787342545181821,0.05632310587734979,2,0.40118750411781456,0.3969894009742611,0.20182309490792433,0.0
2024-05-15,98287.21366972862,0.010178063710207349,0.04671830232711882,4,0.25054571171545353,0.2508585389640641,0.25065846975290773,0.2479372795675747
2024-05-16,98098.60925752077,-0.0019189109668080238,0.04854756503124069,4,0.2505109167613122,0.251095277994993,0.25016261004230345,0.24823119520139136
2024-05-17,98357.87706721375,0.0026429305334222525,0.04603294233976263,4,0.25020975008632934,0.2487458473670623,0.25361943733846104,0.24742496520814727
2024-05-20,98408.34683039505,0.0005131237546619234,0.04554343918131232,4,0.2503695050557975,0.2478837724546615,0.25450939131187356,0.24723733117766744
2024-05-21,98569.7432547513,0.001640068444950212,0.04397806509383784,4,0.25057263094658555,0.2487543446428069,0.25371926043810034,0.2469537639725072
2024-05-22,98057.44397538128,-0.00519732792694815,0.04894682459490063,4,0.2505824807437109,0.2516079726960173,0.24668862931098412,0.25112091724928765
2024-05-23,97224.68721351666,-0.008492539965386865,0.057023681696236506,4,0.25088284774084413,0.2521303909459778,0.24383934598257345,0.2531474153306048
2024-05-24,97489.77079915123,0.0027265048953297806,0.054452652148201164,4,0.2518561007181498,0.25218996179412734,0.24340177662244622,0.2525521608652767
2024-05-28,97382.75455331727,-0.0010977176882939817,0.05549059619705765,4,0.25230904966337503,0.24884781449978408,0.24623099370047044,0.25261214213637045
2024-05-29,96685.25602974843,-0.007162443974481675,0.06225559188516727,4,0.25234972304213565,0.24760974595318574,0.24569991871040847,0.2543406122942702
2024-05-30,97154.35738867222,0.00485183965153334,0.05770580638287215,5,0.19771399587926228,0.6028741663695746,0.19941183775116303,0.0
2024-05-31,97613.39511995256,0.004724829061901223,0.053253627392009006,5,0.19857656479811694,0.6041132401697251,0.1973101950321578,0.0
2024-06-03,98754.75462578548,0.011692652472853322,0.04218365107716926,5,0.19644152988080302,0.606789457756243,0.19676901236295385,0.0
2024-06-04,99301.99028509797,0.005541360123734274,0.03687604575538761,5,0.19557736525272895,0.6104946543593037,0.19392798038796735,0.0
2024-06-05,100205.75558938975,0.009101180164637599,0.028110481126929154,5,0.19611691880667076,0.6094276805354272,0.194455400657902,0.0
2024-06-06,100293.0320868596,0.0008709728992761854,0.027263991694900125,2,0.39964446440345697,0.39905259368091184,0.20130294191563125,0.0
2024-06-07,98789.6523485645,-0.014989872247486621,0.04184518018992367,2,0.40523299064328705,0.39769310839828653,0.19707390095842636,0.0
2024-06-10,98829.92338512573,0.00040764427856401737,0.04145459385964945,2,0.4063194340815788,0.3948808952887431,0.19879967062967824,0.0
2024-06-11,99386.36796687367,0.005630324932860264,0.03605767176017871,2,0.40501765554473385,0.3967310000646184,0.1982513443906477,0.0
2024-06-12,100065.69047039998,0.006835167814490612,0.02946896418316869,2,0.405571910117905,0.39699852016135817,0.19742956972073686,0.0
2024-06-13,100825.42058264051,0.007592313695824199,0.022100388107714086,5,0.19889262357673318,0.6042321447381507,0.1968752316851161,0.0
2024-06-14,101607.52440542754,0.0077570102685165015,0.01451481077668737,5,0.1974817361607647,0.6046266657106188,0.19789159812861645,0.0
2024-06-17,101052.84322049498,-0.005459056188784809,0.01989462979787271,5,0.20014611403745725,0.6019090803781629,0.19794480558437974,0.0
2024-06-18,101742.45373404559,0.006824256414496822,0.013206139438387998,5,0.19929459190520518,0.6033144305116048,0.19739097758318988,0.0
2024-06-20,101529.27602629698,-0.002095268001947858,0.015273737038941304,5,0.19917051210362594,0.6005545830916008,0.20027490480477325,0.0
2024-06-21,101160.2282022755,-0.0036348907277335,0.018853109401534174,2,0.4009210611419617,0.4014592605437131,0.19761967831432525,0.0
2024-06-24,101271.74513022821,0.001102379165552527,0.017771513510991932,2,0.3991777259897547,0.4026389758387113,0.19818329817153402,0.0
2024-06-25,101396.98805529559,0.001236701558823945,0.016556790010629707,2,0.4002200005053038,0.4028237100929556,0.19695628940174065,0.0
2024-06-26,100679.84182233691,-0.007072658140176678,0.02351234763516241,2,0.4035738314532837,0.39989744441373454,0.1965287241329819,0.0
2024-06-27,101128.13070557141,0.00445261807249936,0.01916442106667038,2,0.4024182354156122,0.39970607380700446,0.19787569077738323,0.0
2024-06-28,99921.48882992989,-0.01193181231792546,0.030867567109246763,5,0.20161866300840903,0.5959473372036087,0.20243399978798224,0.0
2024-07-01,98987.90631247254,-0.0093431605992816,0.0399223270717175,5,0.2039390341502973,0.591185524398338,0.20487544145136471,0.0
2024-07-02,99578.43857210234,0.005965701080349105,0.03419479066111031,5,0.20409391171036287,0.5922550810469477,0.2036510072426895,0.0
2024-07-03,100672.27504764024,0.010984671895069706,0.023585737321973443,5,0.2027772894814884,0.5935136228833346,0.20370908763517692,0.0
2024-07-05,101561.24498293771,0.008830335212716553,0.014963672076048873,5,0.2021614480616831,0.5931892033250669,0.20464934861325004,0.0
2024-07-08,101464.42769851635,-0.0009532896572666603,0.015902697019490764,5,0.20042181180167276,0.6018701300567068,0.1977080581416205,0.0
2024-07-09,101248.3029675424,-0.0021300542059540044,0.01799887761877239,5,0.20104493804308549,0.6004889974252638,0.19846606453165078,0.0
2024-07-10,101714.20869358174,0.0046016151617740714,0.013480086365143862,5,0.20210435070668809,0.5996155410111484,0.19828010828216347,0.0
2024-07-11,102487.12043151652,0.007598857110152803,0.005983662505112397,5,0.1988506772979674,0.6008748900618199,0.20027443264021272,0.0
2024-07-12,102866.13048309209,0.003698123725008297,0.0023076671043767982,5,0.19936762213739584,0.6012209847083415,0.19941139315426257,0.0
2024-07-15,102572.6295135101,-0.00285323233413768,0.005154315128115927,2,0.40224777690018254,0.3965326743436061,0.2012195487562113,0.0
2024-07-16,103802.36344354253,0.011988909086809359,0.0,2,0.39983951285064845,0.39736280128286683,0.2027976858664846,0.0
2024-07-17,103131.43954674009,-0.006463474188305528,0.006463474188305507,2,0.39679805060839407,0.40003271594241724,0.20316923344918864,0.0
2024-07-18,102367.86933763916,-0.0074038548521847035,0.013819474415759148,2,0.39668562470001817,0.3999358172673675,0.2033785580326144,0.0
2024-07-19,101483.85194692388,-0.008635692004094885,0.022335825695141143,2,0.3974839715682443,0.4010458054395035,0.20147022299225217,0.0
2024-07-22,102261.8972570137,0.00766669076077954,0.014840376802852773,3,0.8020983524732469,0.19790164752675304,0.0,0.0
2024-07-23,102104.84677760958,-0.0015357673152632118,0.016353352752475847,3,0.8020720513984095,0.19792794860159055,0.0,0.0
2024-07-24,100030.465960784,-0.020316183631749536,0.036337298666711426,3,0.8001511725196915,0.1998488274803085,0.0,0.0
2024-07-25,99777.25910489267,-0.00253129737484776,0.03877661553283507,3,0.7980021182864545,0.2019978817135454,0.0,0.0
2024-07-26,100826.26648944116,0.010513491690984372,0.02867080146705958,3,0.7985439008541861,0.20145609914581383,0.0,0.0
2024-07-29,100982.11866666964,0.00154574976000738,0.02716936959153926,3,0.7992350079270328,0.20076499207296708,0.0,0.0
2024-07-30,100651.27105679996,-0.0032762989550830764,0.0303566535694193,3,0.7977993773265075,0.20220062267349245,0.0,0.0
2024-07-31,102164.69417259748,0.01503630406160948,0.015776801381172545,3,0.7987570390074081,0.20124296099259192,0.0,0.0
2024-08-01,101186.41205738758,-0.009575539995814834,0.0252012699843559,3,0.7950589729176878,0.20494102708231227,0.0,0.0
2024-08-02,100334.78316956625,-0.008416435275305022,0.03340560040198204,3,0.7868789857083347,0.2131210142916653,0.0,0.0
2024-08-05,99814.1979620148,-0.0051884819113192406,0.03842075795987887,5,0.19518797901053642,0.6063205385444866,0.19849148244497694,0.0
2024-08-06,98481.57549987413,-0.013351031109299845,0.05125883233441353,5,0.19965309857054103,0.6007790560212747,0.1995678454081843,0.0
2024-08-07,97920.278399851,-0.005699513814376878,0.05666619572579157,5,0.19945543119576806,0.59996917305183,0.200575395752402,0.0
2024-08-08,98318.48821874606,0.004066673679878606,0.05282996497260983,5,0.20323979222214927,0.5938632980047399,0.20289690977311078,0.0
2024-08-09,99031.3763734044,0.007250804681539156,0.045962220048419655,5,0.20266652186658982,0.5954025650565471,0.2019309130768631,0.0
2024-08-12,99206.62704371824,0.00176964793110666,0.04427390906493078,1,0.5992547730726723,0.4007452269273277,0.0,0.0
2024-08-13,100460.04210881446,0.012634388472293088,0.03219889435895107,1,0.6015101709974854,0.3984898290025146,0.0,0.0
2024-08-14,100901.6923576659,0.004396277759599765,0.027944171882505198,1,0.6007666660875624,0.39923333391243765,0.0,0.0
2024-08-15,101615.61235146747,0.0070754015826707236,0.021066486537798634,1,0.606770826490557,0.3932291735094429,0.0,0.0
2024-08-16,101893.76823599086,0.0027373341368185644,0.018386818413722694,1,0.6064710886631449,0.39352891133685497,0.0,0.0
2024-08-19,101869.05992623622,-0.0002424908822434,0.018624850660147296,0,0.0,0.0,0.0,1.0
2024-08-20,102017.19839484313,0.0014542047282479,0.017197730277792256,0,0.0,0.0,0.0,1.0
2024-08-21,102128.29465153097,0.0010889953697597,0.016127463156675348,0,0.0,0.0,0.0,1.0
2024-08-22,101992.54071687078,-0.0013292490109955,0.01743527475321993,0,0.0,0.0,0.0,1.0
2024-08-23,102227.06713241086,0.0022994467427879,0.015175919496172918,0,0.0,0.0,0.0,1.0
2024-08-26,101976.97182491685,-0.00244646857734916,0.017585260663342206,1,0.6000377553363581,0.3999622446636419,0.0,0.0
2024-08-27,101990.33561178051,0.00013104710430710307,0.017456518056523596,1,0.6007829855668506,0.3992170144331492,0.0,0.0
2024-08-28,101584.74493313127,-0.003976755995716047,0.02136385373939409,1,0.5996799767322674,0.4003200232677327,0.0,0.0
2024-08-29,101457.1943792603,-0.0012556073646189712,0.022592636491921114,1,0.6004875750043183,0.3995124249956818,0.0,0.0
2024-08-30,101606.560644356,0.0014722096940444913,0.021153687896334095,1,0.6053287028151159,0.39467129718488414,0.0,0.0
2024-09-03,101347.02560617309,-0.0025543137818761406,0.023653968521679003,2,0.3927716059416593,0.40758315278466023,0.19964524127368052,0.0
2024-09-04,101810.30837239102,0.004571251730842362,0.01919084503538282,2,0.39018408350457645,0.4109583336586685,0.198857582836755,0.0
2024-09-05,102119.0218858161,0.0030322421998358116,0.01621679412571364,2,0.38805839819422183,0.4120332471002202,0.199908354705558,0.0
2024-09-06,101296.72935141985,-0.008052295441251725,0.024138507149555233,2,0.3846244047999325,0.4153363127579776,0.2000392824420899,0.0
2024-09-09,101999.88993864821,0.006941592208657919,0.017364474614055214,2,0.3862496147957319,0.4142545808503995,0.19949580435386863,0.0
2024-09-10,102498.127447043,0.00488468672558842,0.01256460790711078,3,0.7995788571008225,0.20042114289917756,0.0,0.0
2024-09-11,103322.58173846509,0.00804360344873652,0.004622069181867916,3,0.801336077716127,0.19866392228387295,0.0,0.0
2024-09-12,103924.09708416882,0.005821721985483366,0.0,3,0.8034086082255876,0.19659139177441246,0.0,0.0
2024-09-13,104415.26110767781,0.004726180330546312,0.0,3,0.8038057963538651,0.19619420364613493,0.0,0.0
2024-09-16,104726.90742928968,0.0029846817247383864,0.0,3,0.8025973716617569,0.1974026283382431,0.0,0.0
2024-09-17,104447.30702871027,-0.002669804804158775,0.002669804804158793,4,0.2507716670436585,0.24945705820301783,0.24928280860126925,0.25048846615205433
2024-09-18,103836.45505563934,-0.00584842242895766,0.008502613086818878,4,0.2514987932670917,0.24781415030424403,0.24881590263506823,0.25187115379359604
2024-09-19,104620.35715969172,0.007549392009119753,0.0010174106369932323,4,0.25387387105550485,0.24514230020435185,0.2507893828231574,0.2501944459169858
2024-09-20,104819.18998420867,0.0019005175466325016,0.0,4,0.252954279900826,0.24374054586906868,0.25349530913360785,0.24980986509649747
2024-09-23,104882.75004926336,0.0006063781361435023,0.0,4,0.253432684764688,0.243075563354974,0.25383327422619284,0.2496584776541451
2024-09-24,105054.30539272117,0.00163568693018852,0.0,1,0.6007341482911318,0.39926585170886814,0.0,0.0
2024-09-25,104566.46971212966,-0.004643652430691415,0.004643652430691425,1,0.6022056839013376,0.3977943160986625,0.0,0.0
2024-09-26,104913.91633805697,0.003322734590579748,0.0013363474646698181,1,0.602590993384456,0.39740900661554407,0.0,0.0
2024-09-27,105039.06993874827,0.0011929170605740772,0.00014502455578513374,1,0.6010001182451633,0.39899988175483664,0.0,0.0
2024-09-30,105092.21393542239,0.0005059450422124116,0.0,1,0.6031034384077473,0.39689656159225273,0.0,0.0
2024-10-01,105338.98321311963,0.002348121411248175,0.0,4,0.24717994059234064,0.2512151516198544,0.25203101293039565,0.2495738948574093
2024-10-02,105126.01487769521,-0.002021742843231627,0.002021742843231644,4,0.24778519962667603,0.2496026994281983,0.2525930013107085,0.2500190996344172
2024-10-03,104777.96730324588,-0.0033107654166692306,0.0053258147436140435,4,0.24815383753696058,0.24807266872808575,0.253256678920681,0.2505168148142727
2024-10-04,104552.78540982706,-0.0021491340137101784,0.007463502867708027,4,0.25094815614583804,0.2455488710336429,0.253295536965918,0.2502074358546012
2024-10-07,103997.53864463784,-0.005310683622753481,0.012734550188013616,4,0.2500072269150193,0.24499965128201348,0.2537852047557782,0.2512079170471891
2024-10-08,104146.19419491879,0.0014294141209332798,0.011323339012942801,5,0.20160331371195456,0.6001544416649163,0.19824224462312912,0.0
2024-10-09,103823.85565643193,-0.0030950582590043214,0.014383350878015677,5,0.2036299623759456,0.598595332897719,0.1977747047263353,0.0
2024-10-10,103694.17414216892,-0.0012490531529877771,0.015614438461238667,5,0.20352784150041217,0.5969960591157404,0.19947609938384755,0.0
2024-10-11,103796.26073831339,0.0009844969304108875,0.01464531389756285,5,0.20454523962137947,0.5940000284305258,0.2014547319480947,0.0
2024-10-14,103981.88047202678,0.001788308484265718,0.012883195752394827,5,0.2058499802870966,0.5933825927780214,0.20076742693488211,0.0
2024-10-15,104650.91819157712,0.00643417599790694,0.00653191250337426,5,0.197177363203192,0.6034120080136229,0.19941062878318502,0.0
2024-10-16,105111.106445323,0.00439736470255765,0.002163271002299183,5,0.19716733977273226,0.6033020661980365,0.1995305940292312,0.0
2024-10-17,104233.8310633017,-0.008346172081041294,0.010491388051297346,5,0.1988438610234,0.5987413046905163,0.20241483428608367,0.0
2024-10-18,104584.16043287933,0.003360994851708758,0.007165654700816315,5,0.19894010814215624,0.5971810152681372,0.2038788765897066,0.0
2024-10-21,103454.5872194576,-0.010800614631760406,0.01788887585756893,5,0.20078196140205098,0.5931541171601067,0.20606392143784238,0.0
2024-10-22,103727.36965540939,0.00263673601416194,0.0152993080866336,5,0.19936808306125345,0.5990060863021048,0.2016258306366418,0.0
2024-10-23,103118.11564473175,-0.005873608987691896,0.02108305492084228,5,0.19871352823745103,0.6009134315689163,0.2003730401936326,0.0
2024-10-24,103718.46808528523,0.0058219880842457035,0.015383812131125385,5,0.19799060741527785,0.6012635704115842,0.2007458221731378,0.0
2024-10-25,103404.23382802935,-0.0030296847134060677,0.018366888744083876,5,0.19852372738729435,0.59970622087752,0.2017700517351856,0.0
2024-10-28,103300.2490306606,-0.0010056145045441356,0.019354033238903612,5,0.1993378638358898,0.5986810086264611,0.20198112753764896,0.0
2024-10-29,103653.22271578197,0.0034169683852030602,0.01600319697340402,5,0.19964150720706464,0.5988680077236929,0.20149048506924258,0.0
2024-10-30,103887.73469047854,0.0022624667960358482,0.013776936879150936,5,0.19858827188989794,0.5992691991083388,0.20214252900176324,0.0
2024-10-31,103259.06219220806,-0.006051460262787759,0.019745026555871736,5,0.19588065060336307,0.60389741756803,0.20022193182860692,0.0
2024-11-01,102380.48708472711,-0.008508455227353837,0.02808548210881201,5,0.19839542084005274,0.6004928830929075,0.20111169606703977,0.0
2024-11-04,103320.34158213198,0.009180015881611174,0.019163291399002524,5,0.19616725822331155,0.604266300744298,0.19956644103239038,0.0
2024-11-05,103946.08098314008,0.00605630402906382,0.013223046088848722,5,0.2011998573341312,0.5995559365749777,0.19924420609089116,0.0
2024-11-06,102129.91064543847,-0.01747223484063996,0.03046424476291576,5,0.2098696596426772,0.5935050303741118,0.19662530998321098,0.0
2024-11-07,103377.8439545131,0.012219077654997934,0.018617412080376705,5,0.20893936087175177,0.5936860174207669,0.19737462170748138,0.0
2024-11-08,104112.7815423106,0.007109236947530716,0.011640530726675147,5,0.20836314491121305,0.5969821924153309,0.19465466267345613,0.0
2024-11-11,103355.40174113832,-0.007274609226192656,0.01883045964064567,5,0.2100899920768353,0.5984312601104408,0.19147874781272384,0.0
2024-11-12,103254.60733592439,-0.0009752214544759,0.019787317226882428,0,0.0,0.0,0.0,1.0
2024-11-13,103405.83987548345,0.0014646565752465,0.01835164227591879,0,0.0,0.0,0.0,1.0
2024-11-14,103254.60733592439,-0.0014625144937768,0.019787317226882428,0,0.0,0.0,0.0,1.0
2024-11-15,103368.01894942552,0.0010983685515568,0.01871068244228724,0,0.0,0.0,0.0,1.0
2024-11-18,103443.63010273779,0.0007314753061995,0.017992893538256394,0,0.0,0.0,0.0,1.0
2024-11-19,103881.4267640122,0.00423222445731648,0.013836819045030424,1,0.5996553449614657,0.4003446550385344,0.0,0.0
2024-11-20,103769.56702643106,-0.0010768020912462542,0.014898721620592803,1,0.600505213371536,0.39949478662846405,0.0,0.0
2024-11-21,104071.97940787638,0.0029142685096516436,0.012027871986194039,1,0.601974494831274,0.3980255051687261,0.0,0.0
2024-11-22,104289.09154089598,0.0020861728032354207,0.009966791402376884,1,0.6025832216732692,0.3974167783267308,0.0,0.0
2024-11-25,105575.22583415647,0.012332395212745135,0.0,1,0.5972615814051268,0.40273841859487314,0.0,0.0
2024-11-26,105672.69210328751,0.0009231926179740604,0.0,2,0.40171768946753933,0.39807947446113273,0.2002028360713278,0.0
2024-11-27,105882.55547701822,0.001985975463988156,0.0,2,0.3997066833510067,0.40004317863905514,0.2002501380099383,0.0
2024-11-29,106765.52246218444,0.00833911668629736,0.0,2,0.398863511782435,0.4008296655724465,0.20030682264511868,0.0
2024-12-02,106757.45270251264,-7.558394775473217e-05,7.558394775475374e-05,2,0.39960865100568826,0.4018230845030637,0.19856826449124815,0.0
2024-12-03,106449.7357101601,-0.0028823935431471007,0.00295775962821887,2,0.40094970120489215,0.39950719909192184,0.19954309970318596,0.0
2024-12-04,106566.47370763907,0.0010966490118569,0.0018643542405355484,0,0.0,0.0,0.0,1.0
2024-12-05,106566.47370763907,0.0,0.0018643542405355484,0,0.0,0.0,0.0,1.0
2024-12-06,106670.2559816817,0.0009738735873661,0.000892296298521722,0,0.0,0.0,0.0,1.0
2024-12-09,106631.32581757952,-0.0003649580076836,0.0012569286555259573,0,0.0,0.0,0.0,1.0
2024-12-10,106618.33859724662,-0.0001217955439766,0.0013785711111932164,0,0.0,0.0,0.0,1.0
2024-12-11,106592.42715037387,-0.0002430299253736,0.0016212660025325398,0,0.0,0.0,0.0,1.0
2024-12-12,106540.53076386981,-0.0004868674810345,0.0021073441418723027,0,0.0,0.0,0.0,1.0
2024-12-13,106488.64487633128,-0.0004870060921091,0.0025933239445461442,0,0.0,0.0,0.0,1.0
2024-12-16,106501.62159769867,0.0001218601418251,0.0024717798255446954,0,0.0,0.0,0.0,1.0
2024-12-17,106514.57732113505,0.0001216481330708,0.0023504323798749782,0,0.0,0.0,0.0,1.0
2024-12-18,104303.32436921334,-0.02076009695137708,0.023061734127168165,2,0.3963059658112488,0.4033723522170995,0.20032168197165184,0.0
2024-12-19,103683.28035129761,-0.005944623737215587,0.028869264532270122,2,0.3985535322379091,0.399640448449799,0.20180601931229186,0.0
2024-12-20,104633.8769128371,0.009168272438127893,0.01996567337646238,2,0.3996762231677218,0.39826463537088747,0.20205914146139076,0.0
2024-12-23,104402.5131275345,-0.002211174737368541,0.022132700521246385,2,0.40296054180304713,0.3954861021978529,0.2015533559990999,0.0
2024-12-24,105086.64910496774,0.0065528688624336565,0.01572486434289999,2,0.40478697210593245,0.3945729429360126,0.200640084958055,0.0
2024-12-26,105207.42618443481,0.0011493094555372202,0.01459362762263916,2,0.39956741011534025,0.39931350198130433,0.20111908790335548,0.0
2024-12-27,104275.11343249796,-0.008861662961913416,0.02332596677516896,2,0.39889621393238267,0.39958065759390166,0.20152312847371567,0.0
2024-12-30,104068.27065025253,-0.0019836255788812183,0.025263322369702856,2,0.39512800296767076,0.4035923997280225,0.20127959730430675,0.0
2024-12-31,103824.41741989928,-0.0023432044063916844,0.027547329647797825,2,0.3946151376674829,0.4023748672532066,0.20300999507931058,0.0
2025-01-02,104124.96568571647,0.0028947744016868775,0.02473229855081016,2,0.39250929338568324,0.40231620365747883,0.20517450295683792,0.0
2025-01-03,104348.77663317071,0.0021494455818575004,0.02263601369880175,2,0.40413274348936523,0.3978656581660031,0.19800159834463166,0.0
2025-01-06,104380.76120880121,0.0003065160576146215,0.022336435942866273,2,0.4063362482033936,0.3959667077396625,0.19769704405694397,0.0
2025-01-07,103551.45283727696,-0.007945030884238513,0.03010400315369488,2,0.4049604278988108,0.39463660681111645,0.20040296529007273,0.0
2025-01-08,103775.36199644077,0.0021622985774584257,0.028006798419431322,2,0.40467704714415703,0.39428940379017874,0.20103354906566423,0.0
2025-01-10,103062.49906414302,-0.006869288804043965,0.034683700436655474,2,0.40125500598439945,0.39438610372963373,0.20435889028596668,0.0
2025-01-13,102906.82660055012,-0.0015104666101295801,0.03614177847535982,2,0.40122627278378575,0.4004644387786916,0.19830928843752274,0.0
2025-01-14,103003.22477519792,0.0009367519904385575,0.03523888236784589,2,0.40140228289613206,0.39943398630798793,0.19916373079587985,0.0
2025-01-15,104618.05871055629,0.01567750853318152,0.02011383171368608,2,0.40239524708022784,0.40004670419423605,0.197558048725536,0.0
2025-01-16,104814.99665036422,0.001882446895261244,0.018269248038486174,2,0.40086674759243146,0.40058364583940775,0.1985496065681608,0.0
2025-01-17,105198.74736767495,0.003661219573290723,0.014674916193703202,2,0.4034143794761006,0.3998102082669046,0.19677541225699488,0.0
2025-01-21,106286.18288809645,0.01033696263151182,0.004489647622506365,2,0.3995315331384079,0.3994493501559392,0.20101911670565292,0.0
2025-01-22,106412.6096202976,0.0011894935801228877,0.00330549444940742,2,0.4013001296784513,0.3968884426440991,0.20181142767744956,0.0
2025-01-23,106287.11828146555,-0.0011792901168369908,0.0044808864293089945,2,0.4039668022551342,0.3942693689031492,0.20176382884171662,0.0
2025-01-24,106483.34887443075,0.001846231190928973,0.0026429279906687864,2,0.4020452475281836,0.3953103422127212,0.20264441025909533,0.0
2025-01-27,106150.35829011368,-0.0031271610804591856,0.005761824209577049,2,0.39760153775807083,0.4012334522201874,0.20116501002174175,0.0
2025-01-28,106176.13982094232,0.0002428774734624,0.0055203461534211185,0,0.0,0.0,0.0,1.0
2025-01-29,106111.62874783944,-0.0006075854067748,0.006124577478432758,0,0.0,0.0,0.0,1.0
2025-01-30,106176.13982094234,0.000607954791234,0.005520346153421007,0,0.0,0.0,0.0,1.0
2025-01-31,106189.03579054133,0.0001214582637938,0.005399558381286473,0,0.0,0.0,0.0,1.0
2025-02-03,106115.26126873537,-0.0006947470730545,0.006090554126959691,0,0.0,0.0,0.0,1.0
2025-02-04,106739.01361227392,0.005878064437488501,0.00024829035908957575,2,0.40033022261059187,0.39888034718346804,0.20078943020594,0.0
2025-02-05,107748.29519256498,0.009455601528764809,0.0,2,0.39818822137565457,0.40166801758873943,0.2001437610356059,0.0
2025-02-06,107821.00092041212,0.0006747738116616299,0.0,2,0.39930273695107427,0.4012185372951922,0.1994787257537335,0.0
2025-02-07,107186.03031758199,-0.005889118051304685,0.005889118051304654,2,0.39799153327479825,0.4009900176576036,0.20101844906759805,0.0
2025-02-10,107710.70922587637,0.004895030693270484,0.0010229147716515063,2,0.398742526136457,0.39782991038969145,0.20342756347385146,0.0
2025-02-11,107684.43988177282,-0.0002438879503472,0.0012665532454118056,0,0.0,0.0,0.0,1.0
2025-02-12,107539.96904762137,-0.0013416129044276,0.002606466925661244,0,0.0,0.0,0.0,1.0
2025-02-13,107684.43988177282,0.0013434152476599,0.0012665532454118056,0,0.0,0.0,0.0,1.0
2025-02-14,107828.91071592427,0.0013416129044276,0.0,0,0.0,0.0,0.0,1.0
2025-02-18,107736.97856997991,-0.0008525741875159,0.000852574187515942,0,0.0,0.0,0.0,1.0
2025-02-19,107942.99982358197,0.00191226128982476,0.0,1,0.6002650268143488,0.39973497318565115,0.0,0.0
2025-02-20,107834.86516651456,-0.001001775541203603,0.00100177554120362,1,0.5983672067180984,0.4016327932819016,0.0,0.0
2025-02-21,107254.64729962959,-0.005380614757472212,0.006377000130415089,1,0.5913144263293424,0.4086855736706577,0.0,0.0
2025-02-24,107093.21737122987,-0.0015051089389978474,0.007872510989512471,1,0.5895109226319096,0.4104890773680903,0.0,0.0
2025-02-25,107537.42801535924,0.0041478877470787585,0.0037572775343058806,1,0.5841561020548445,0.4158438979451556,0.0,0.0
2025-02-26,107846.06676820866,0.00287005890456436,0.0008980022375858487,2,0.399056644735932,0.40121133126428904,0.19973202399977893,0.0
2025-02-27,106524.98522110857,-0.012249696133466529,0.013136698116514745,2,0.39755680540338667,0.40331582869403704,0.1991273659025762,0.0
2025-02-28,107579.96794738971,0.009903617673275246,0.003363181278874805,2,0.3998014784143168,0.40425935848507283,0.19593916310061038,0.0
2025-03-03,107307.21092553045,-0.002535388577106224,0.005890042884583724,2,0.39379538977449385,0.40717828339623285,0.1990263268292733,0.0
2025-03-04,106454.69757583454,-0.00794460448969786,0.013787853313136145,2,0.39225035969860705,0.40538454428965376,0.20236509601173916,0.0
2025-03-05,107200.02600195103,0.007001367183308639,0.006883019953542346,3,0.802976339496608,0.19702366050339212,0.0,0.0
2025-03-06,105602.1556185086,-0.014905503692819582,0.021685928767026685,3,0.8006566863506343,0.1993433136493657,0.0,0.0
2025-03-07,106008.53602112652,0.0038482207132778156,0.017921160294016802,3,0.8020578672558373,0.1979421327441628,0.0,0.0
2025-03-10,103962.74389685063,-0.019298371631772938,0.03687368271436331,3,0.7960572543216125,0.2039427456783875,0.0,0.0
2025-03-11,103123.40282570115,-0.008073479399334258,0.04464946319592544,3,0.7958651183661001,0.20413488163389998,0.0,0.0
2025-03-12,103437.98300347161,0.0030505216968273806,0.0417351456553291,3,0.8017992842505459,0.19820071574945405,0.0,0.0
2025-03-13,102512.6286981974,-0.008945981721657848,0.050307765526803605,3,0.7982520087570051,0.20174799124299492,0.0,0.0
2025-03-14,104093.40950126492,0.01542035184485825,0.03566317712689726,3,0.8023678330278925,0.1976321669721075,0.0,0.0
2025-03-17,104840.13028296578,0.00717356444830251,0.02874544477814589,3,0.8027961630989376,0.19720383690106227,0.0,0.0
2025-03-18,103950.97238942304,-0.008481083447177034,0.03698273570943322,3,0.8009118375370485,0.1990881624629515,0.0,0.0
2025-03-19,104704.66007618772,0.007250414973908901,0.03000046091628794,2,0.4014456905520189,0.39917832646053936,0.19937598298744175,0.0
2025-03-20,104583.89108251034,-0.0011534252017962499,0.031119282830397776,2,0.4007470622352402,0.3999023367490855,0.19935060101567428,0.0
2025-03-21,104182.34247156317,-0.00383948815435047,0.03483928886694898,2,0.40242436906495654,0.399067613382414,0.19850801755262945,0.0
2025-03-24,104414.77954678156,0.0022310601749219497,0.03268595724194068,2,0.40871925952267046,0.3940965193961236,0.19718422108120584,0.0
2025-03-25,104603.3948710147,0.0018064044673736155,0.03093859683374922,2,0.4089630831764363,0.3933421299261964,0.19769478689736736,0.0
2025-03-26,103811.55877702874,-0.007569889055344361,0.038274284143534065,2,0.39823925008779,0.4004016803356271,0.20135906957658292,0.0
2025-03-27,103860.79900650732,0.0004743231876938346,0.03781811533630197,2,0.3969932852360306,0.3990450230469447,0.20396169171702475,0.0
2025-03-28,103760.8367260615,-0.0009624640037629962,0.038744180765363456,2,0.3893733495771231,0.40495521820471986,0.20567143221815706,0.0
2025-03-31,104753.43759516814,0.009566238095469463,0.02954857872790939,2,0.38827282495210774,0.40507848871992586,0.2066486863279664,0.0
2025-04-01,105193.18779801771,0.0041979548637728886,0.025474667463924905,2,0.3877417569205773,0.4068805218598142,0.20537772121960846,0.0
2025-04-02,105475.0513025547,0.002679484389029,0.022863442048681182,2,0.40145562523642286,0.3986696037746011,0.19987477098897616,0.0
2025-04-03,103454.18877921219,-0.01915962588674811,0.041585012939293176,2,0.38912714274649973,0.40832422978731125,0.20254862746618896,0.0
2025-04-04,101067.16998749963,-0.02307319616421566,0.06369870994246907,2,0.374998921443009,0.4225186039448222,0.20248247461216876,0.0
2025-04-07,99272.2205798034,-0.017759965060051022,0.08032738813957152,2,0.3810992643877215,0.4171863192427811,0.20171441636949733,0.0
2025-04-08,98006.82204084915,-0.012746753639272197,0.09205022835174248,2,0.3799736304966264,0.4145952819840802,0.20543108751929332,0.0
2025-04-09,106356.28275856728,0.08519264826522052,0.014699582813225143,3,0.8146161917008563,0.1853838082991436,0.0,0.0
2025-04-10,102016.25614142533,-0.04080649026624936,0.05490623469648881,3,0.8120576983884462,0.1879423016115538,0.0,0.0
2025-04-11,103598.69666582096,0.015511650635383926,0.040246270391421146,3,0.8139218856933204,0.18607811430667964,0.0,0.0
2025-04-14,104554.28360674073,0.00922392821216865,0.031393570888150424,3,0.8143069504338316,0.18569304956616844,0.0,0.0
2025-04-15,104384.59323293454,-0.001622988250241861,0.03296560774170776,3,0.8133462037962665,0.18665379620373343,0.0,0.0
2025-04-16,104834.07091579413,0.004305977241838499,0.028801579656568266,4,0.24339495604248124,0.2503169873416244,0.2570284439365045,0.24925961267938987
2025-04-17,104529.86172666363,-0.0029018160458048133,0.03161981881638132,4,0.24445156526570247,0.24882814974809225,0.2566446467337297,0.25007563825247553
2025-04-21,104281.1117765149,-0.002379702278753527,0.03392427534024367,4,0.23920218623937387,0.24506185974720956,0.2652152323871864,0.2505207216262302
2025-04-22,104689.61751385497,0.003917351190266835,0.030139817450359874,4,0.24446805284349066,0.24546809615072002,0.2604301285791152,0.2496337224266742
2025-04-23,104663.08568787387,-0.0002534332115368653,0.030385612231165204,4,0.24831907720279037,0.24791523271279867,0.2542498060398967,0.2495158840445143
2025-04-24,105902.05394080361,0.011837681306517075,0.01890762611854402,4,0.25227589608627815,0.2496783060129685,0.25067169758596564,0.24737410031478754
2025-04-25,106024.20699212156,0.0011534530896466489,0.017775982088661713,4,0.2538059147554646,0.2512277460258473,0.24766832154563673,0.24729801767305132
2025-04-28,106614.23513043787,0.005565032317196778,0.012309873686258355,4,0.2524975555101323,0.2514113387657968,0.24980546392029482,0.2462856418037761
2025-04-29,106765.0084423718,0.0014141949407550382,0.010913087306591684,4,0.25372931308169644,0.2531612846480406,0.24702328804155949,0.2460861142287035
2025-04-30,106394.50296310357,-0.0034702894204165,0.01434550515558397,4,0.2547139315594168,0.2519869542605076,0.246028796334151,0.24727031784592468
2025-05-01,106038.30280316282,-0.00334791883058346,0.017645396399322943,2,0.40418793562912947,0.39930864437931973,0.19650341999155083,0.0
2025-05-02,106252.61849560734,0.0020211158305913236,0.01565994395873116,2,0.40936043645842657,0.39418966428954116,0.19644989925203232,0.0
2025-05-05,106392.68880304879,0.0013182762874427054,0.014362311804071992,2,0.4064771371368143,0.3914718053124171,0.20205105755076852,0.0
2025-05-06,106772.11589447696,0.003566289147279132,0.010847242813509572,2,0.40164732262951375,0.39137747384753735,0.20697520352294885,0.0
2025-05-07,106797.77290229143,0.00024029689399279294,0.010609552478273332,2,0.4032395196366376,0.3929374466931197,0.20382303367024265,0.0
2025-05-08,106105.376906255,-0.006483243772039175,0.01702401193528358,4,0.2533847231458173,0.24882595403429247,0.24667569055956393,0.2511136322603263
2025-05-09,106313.40954095824,0.001960622927592391,0.015096766675811057,4,0.25256666695898344,0.2487105024029244,0.24797904893339592,0.2507437817046961
2025-05-12,106163.06651598008,-0.0014141492181213243,0.01648956681314151,4,0.2612828389802616,0.24674517383930486,0.24132965474180898,0.2506423324386245
2025-05-13,106342.58039020502,0.0016909258569498167,0.01482652359108605,4,0.2625643099636869,0.24532890696268952,0.24194835921876812,0.2501584238548555
2025-05-14,105644.4588632084,-0.006564835312769304,0.021294025218218993,4,0.2646371884463636,0.24531126280544668,0.23842350227991965,0.25162804646827
2025-05-15,105849.89886621313,0.0019446358589496,0.01939079848429004,0,0.0,0.0,0.0,1.0
2025-05-16,105824.2418742998,-0.0002423903299686,0.019628488672215783,0,0.0,0.0,0.0,1.0
2025-05-19,105862.76315311108,0.0003640118571039,0.01927162181772557,0,0.0,0.0,0.0,1.0
2025-05-20,105875.60698804258,0.0001213253324299,0.01915263462121919,0,0.0,0.0,0.0,1.0
2025-05-21,105811.39803936829,-0.0006064564870126,0.019747475868722275,0,0.0,0.0,0.0,1.0
2025-05-22,105862.35219326812,0.00048155638091914004,0.019275429010814804,2,0.39996523494777303,0.40190247559797154,0.19813228945425534,0.0
2025-05-23,106103.3779954908,0.0022767848742170737,0.01704253014181356,2,0.3963328517253482,0.40165445526044397,0.2020126930142078,0.0
2025-05-27,107209.16198850129,0.01042176049340764,0.006798382815745629,2,0.400399967289264,0.4030595811592573,0.19654045155147876,0.0
2025-05-28,106726.55727734316,-0.004501524890287753,0.011269304616574605,2,0.3998835162809759,0.4031346778408388,0.19698180587818534,0.0
2025-05-29,107417.77867143825,0.0064765641441882574,0.00486572684659603,2,0.3988786702514845,0.4042475285193863,0.1968738012291292,0.0
2025-05-30,107284.17954214319,-0.0012437338674048,0.0061034090447321665,4,0.25003139845467365,0.25068901790632486,0.2486650375472225,0.25061454609177897
2025-06-02,107871.90473598953,0.00547820933482072,0.000658635462314594,4,0.2500698442837205,0.2470028017192177,0.25388398603412676,0.2490433679629351
2025-06-03,107729.74578534764,-0.0013178496383263474,0.001975617118135209,4,0.2518277530053183,0.2468931247246335,0.25196775901359714,0.24931136325645092
2025-06-04,108378.06320802051,0.006017998259873788,0.0,4,0.25025413134407326,0.2494001723933648,0.25207394820266443,0.24827174805989738
2025-06-05,108098.41665946382,-0.0025802873780825424,0.0025802873780825797,4,0.24968895752266523,0.25021901001060415,0.2514498180781254,0.2486422143886052
2025-06-06,107702.2118776561,-0.0036652228039182606,0.006236052853861973,2,0.4055942055207174,0.3963631387607549,0.1980426557185276,0.0
2025-06-09,107887.23855816548,0.0017179468952742342,0.004528819166226827,2,0.4052635174886647,0.3961006015082956,0.19863588100303953,0.0
2025-06-10,108361.5021130456,0.004395918935532291,0.0001528085526231182,2,0.4057775658770288,0.3963978720444817,0.19782456207848947,0.0
2025-06-11,108482.16090088853,0.001113483898710187,0.0,2,0.40417017835949726,0.39715579583536537,0.19867402580513743,0.0
2025-06-12,109439.26389002403,0.008822676292463784,0.0,2,0.4022277368316826,0.39838975351960476,0.1993825096487126,0.0
2025-06-13,108814.75164569853,-0.00570647336364644,0.0057064733636463805,2,0.39779795853413613,0.3984190463701365,0.2037829950957275,0.0
2025-06-16,108473.5082139382,-0.0031360034057828566,0.008824581249525898,2,0.40284607200838224,0.39564476086120265,0.20150916713041514,0.0
2025-06-17,108633.58865046829,0.0014757560547812407,0.007361848123954573,2,0.3988151294338854,0.3998693826661901,0.20131548789992443,0.0
2025-06-18,108584.59347586909,-0.0004510131277798154,0.007809540961585815,2,0.39893494767174364,0.400743426986424,0.20032162534183223,0.0
2025-06-20,108393.40514382641,-0.001760731664802505,0.009556522120329647,2,0.3987000630442018,0.4007090635068102,0.20059087344898796,0.0
2025-06-23,109028.43558334454,0.005858570811346921,0.0037539388705348786,2,0.4015982027870971,0.39895762055311274,0.19944417665979014,0.0
2025-06-24,109486.14341502241,0.004198059242333941,0.0,2,0.4043373009033403,0.4001743327326965,0.1954883663639631,0.0
2025-06-25,109631.10535698695,0.001324020898380163,0.0,2,0.40402894246449694,0.40014820676586094,0.195822850769642,0.0
2025-06-26,110174.45915973015,0.004956201079738179,0.0,2,0.40518182543426495,0.400176790775846,0.19464138378988902,0.0
2025-06-27,109726.8676636815,-0.004062570394829116,0.004062570394829268,2,0.4088559052267537,0.39925075848718233,0.19189333628606392,0.0
2025-06-30,110631.64400674491,0.00824571376480558,0.0,2,0.39862555961103163,0.40063278912646677,0.20074165126250174,0.0
2025-07-01,110925.43307459724,0.0026555608975168633,0.0,2,0.397441089866393,0.40056245286965214,0.20199645726395496,0.0
2025-07-02,110966.83968974421,0.0003732833309664066,0.0,2,0.3990938208078874,0.39786895744750783,0.2030372217446048,0.0
2025-07-03,110854.64532816125,-0.0010110620604916961,0.0010110620604917298,2,0.4026463393819444,0.3954976548999829,0.20185600571807277,0.0
2025-07-07,110120.3708365529,-0.006623759333085964,0.007628124361818145,2,0.40231063901673664,0.39433524066203607,0.20335412032122732,0.0
2025-07-08,110133.73586388577,0.0001213674384796,0.007507682729252729,0,0.0,0.0,0.0,1.0
2025-07-09,110227.30162881344,0.0008495649783759,0.006664496015192256,0,0.0,0.0,0.0,1.0
2025-07-10,110227.30162881344,0.0,0.006664496015192256,0,0.0,0.0,0.0,1.0
2025-07-11,110200.56100055014,-0.0002425953268216,0.006905474566424874,0,0.0,0.0,0.0,1.0
2025-07-14,110213.92602788302,0.0001212791224611,0.006785032933859236,0,0.0,0.0,0.0,1.0
2025-07-15,109682.67445967978,-0.004820185500594981,0.011572513317085309,3,0.8004397771333853,0.19956022286661465,0.0,0.0
2025-07-16,110007.0815453134,0.002957687594979888,0.008649053601186063,3,0.8007474260101896,0.19925257398981044,0.0,0.0
2025-07-17,110541.00497292151,0.004853536882425069,0.0038374952194124567,3,0.8017564350238628,0.1982435649761373,0.0,0.0
2025-07-18,110509.56660946389,-0.0002844045380745245,0.004120808356431804,3,0.8013971232998012,0.19860287670019883,0.0,0.0
2025-07-21,110873.17280134138,0.0032902689154727036,0.0008440980086007466,3,0.8002835391872065,0.19971646081279346,0.0,0.0
2025-07-22,111358.00603876887,0.00437286338234596,0.0,2,0.3983154598282193,0.4006665877679491,0.20101795240383152,0.0
2025-07-23,111210.23594047222,-0.0013269822579725697,0.0013269822579725643,2,0.4022379211883125,0.3989731971249143,0.19878888168677328,0.0
2025-07-24,111012.42289770761,-0.0017787305376322973,0.0031033524517397604,2,0.40308805890675115,0.39898725015280967,0.19792469094043916,0.0
2025-07-25,111276.69121442758,0.002380529222062615,0.0007302108508747684,2,0.40382951122061267,0.40054229839881167,0.19562819038057586,0.0
2025-07-28,110835.70470685924,-0.003962972863010329,0.0046902899080987215,2,0.40533445157919457,0.399530465239593,0.19513508318121242,0.0
2025-07-29,110929.71774957192,0.0008482198309771,0.003846048474034691,0,0.0,0.0,0.0,1.0
2025-07-30,110808.83928482304,-0.0010896851375911,0.00493154262976514,0,0.0,0.0,0.0,1.0
2025-07-31,110808.83928482304,0.0,0.00493154262976514,0,0.0,0.0,0.0,1.0
2025-08-01,111361.21105826643,0.0049849071338394,0.0,0,0.0,0.0,0.0,1.0
2025-08-04,111388.16146384408,0.0002420089124528,0.0,0,0.0,0.0,0.0,1.0
2025-08-05,111347.7305440063,-0.0003629732218078,0.000362973221807783,0,0.0,0.0,0.0,1.0
2025-08-06,111388.1614638441,0.0003631050192065,0.0,0,0.0,0.0,0.0,1.0
2025-08-07,111334.26065268883,-0.0004839007166194,0.00048390071661941203,0,0.0,0.0,0.0,1.0
2025-08-08,111307.31024711119,-0.0002420674949439,0.0007258510749290625,0,0.0,0.0,0.0,1.0
2025-08-11,111307.31024711119,0.0,0.0007258510749290625,0,0.0,0.0,0.0,1.0
2025-08-12,111388.16146384411,0.0007263783174116,0.0,0,0.0,0.0,0.0,1.0
2025-08-13,111536.34089127906,0.0013302978116129,0.0,0,0.0,0.0,0.0,1.0
2025-08-14,111415.09062353641,-0.0010870920345221,0.0010870920345220636,0,0.0,0.0,0.0,1.0
2025-08-15,111374.69157252667,-0.000362599453841,0.0014492973093850336,0,0.0,0.0,0.0,1.0
2025-08-18,111374.69157252667,0.0,0.0014492973093850336,0,0.0,0.0,0.0,1.0
2025-08-19,111519.77533571834,0.0013026636585313997,0.00014852159778910856,5,0.1986561975852331,0.6026972279777668,0.1986465744370001,0.0
2025-08-20,111832.52409925428,0.002804424261028656,0.0,5,0.19757426993987165,0.6023295746896729,0.2000961553704554,0.0
2025-08-21,111332.69045209454,-0.004469483731907241,0.004469483731907253,5,0.19766510049742925,0.6020378323207228,0.20029706718184795,0.0
2025-08-22,112405.84901259693,0.009639204407479571,0.0,5,0.19878450515869367,0.6007067069345535,0.2005087879067528,0.0
2025-08-25,112059.14492539655,-0.003084395431785101,0.0030843954317850697,5,0.1985219327752307,0.6008346115720634,0.2006434556527059,0.0
2025-08-26,112153.84255389338,0.0008450682767557,0.002241933679761665,0,0.0,0.0,0.0,1.0
2025-08-27,112235.05310606121,0.0007240995967552,0.0015194574662797944,0,0.0,0.0,0.0,1.0
2025-08-28,112194.44249489963,-0.0003618353628184,0.001880743035654664,0,0.0,0.0,0.0,1.0
2025-08-29,112289.1934741731,0.0008445247123338,0.0010378066572920286,0,0.0,0.0,0.0,1.0
2025-09-02,112232.15082381321,-0.0005079976852181,0.001545277139130441,0,0.0,0.0,0.0,1.0
2025-09-03,112313.59611939813,0.0007256859552908,0.0008207125697564654,0,0.0,0.0,0.0,1.0
2025-09-04,112395.06275529372,0.0007253497235453,9.595814984675322e-05,0,0.0,0.0,0.0,1.0
2025-09-05,112557.9533464636,0.0014492682078439,0.0,0,0.0,0.0,0.0,1.0
2025-09-08,112625.81553432162,0.0006029088646373,0.0,0,0.0,0.0,0.0,1.0
2025-09-09,112530.7978011651,-0.0008436585582599,0.0008436585582598521,0,0.0,0.0,0.0,1.0
2025-09-10,112544.3702387367,0.0001206108713063,0.0007231494413473261,0,0.0,0.0,0.0,1.0
2025-09-11,112585.09822160682,0.0003618837866676,0.00036152735073768927,0,0.0,0.0,0.0,1.0
2025-09-12,112571.51511387991,-0.000120647474146,0.00048213120752194083,0,0.0,0.0,0.0,1.0
2025-09-15,112612.23242659471,0.0003617017384336,0.00012060385678425156,0,0.0,0.0,0.0,1.0
2025-09-16,112666.54351719178,0.0004822841127181,0.0,0,0.0,0.0,0.0,1.0
2025-09-17,112467.83138319073,-0.00176371909351,0.00176371909351003,1,0.6003133660100183,0.3996866339899818,0.0,0.0
2025-09-18,112319.40790608464,-0.0013196971550060433,0.0030810886734460308,1,0.6039152587201346,0.3960847412798654,0.0,0.0
2025-09-19,112570.56743801659,0.0022361187315191205,0.0008518596220229435,1,0.6055522847452296,0.3944477152547704,0.0,0.0
2025-09-22,112733.45613858054,0.0014469919115727887,0.0,1,0.6075380798027991,0.3924619201972009,0.0,0.0
2025-09-23,112669.89571125054,-0.0005638115738406417,0.0005638115738407778,1,0.6045718286908807,0.3954281713091192,0.0,0.0
2025-09-24,112150.72815104191,-0.004607864034410301,0.0051690776411777994,2,0.40057312078406543,0.40032204113881614,0.19910483807711846,0.0
2025-09-25,112036.47775456346,-0.001018721843023553,0.006182533631899911,2,0.39913169385888997,0.40073027382191934,0.20013803231919075,0.0
2025-09-26,112381.73119437601,0.003081616333645431,0.0031199694948779166,2,0.40018515315878933,0.3991399666625477,0.20067488017866306,0.0
2025-09-29,113248.48389495164,0.007712576513672837,0.0,2,0.3982383710114054,0.3993375241682851,0.20242410482030948,0.0
2025-09-30,113482.95878277032,0.00207044615304673,0.0,2,0.398912542209828,0.39735646434012906,0.20373099345004292,0.0
2025-10-01,113771.89828947694,0.0025461048055658,0.0,5,0.20017185592063172,0.6000217975380652,0.1998063465413031,0.0
2025-10-02,113917.7365943887,0.0012818482165138155,0.0,5,0.2001458437849411,0.6009986028792718,0.19885555333578725,0.0
2025-10-03,113969.3907867624,0.00045343415273080783,0.0,5,0.20005217005815576,0.5995857333140587,0.20036209662778556,0.0
2025-10-06,113938.68143117637,-0.00026945266070149546,0.00026945266070144136,5,0.20082372403423934,0.5949831872655017,0.20419308870025896,0.0
2025-10-07,114363.8063053075,0.003731172493758589,0.0,5,0.1993354124800005,0.5961809360609666,0.20448365145903302,0.0
2025-10-08,114350.00793998032,-0.0001206532536207,0.0001206532536206506,0,0.0,0.0,0.0,1.0
2025-10-09,114336.16628566387,-0.0001210463782715,0.0002416850272527471,0,0.0,0.0,0.0,1.0
2025-10-10,114529.52737844895,0.0016911629895126,0.0,0,0.0,0.0,0.0,1.0
2025-10-13,114750.47437964112,0.0019291706361632,0.0,0,0.0,0.0,0.0,1.0
2025-10-14,114667.64089868868,-0.0007218574162786,0.0007218574162786151,0,0.0,0.0,0.0,1.0
2025-10-15,114612.40414839066,-0.0004817117528984,0.0012032214419755993,0,0.0,0.0,0.0,1.0
2025-10-16,114764.28356721564,0.0013251569056027,0.0,0,0.0,0.0,0.0,1.0
2025-10-17,114750.47437964115,-0.0001203265262089,0.0001203265262088582,0,0.0,0.0,0.0,1.0
2025-10-20,114764.28356721567,0.0001203410064243,0.0,0,0.0,0.0,0.0,1.0
2025-10-21,114791.92358685932,0.000240841651989,0.0,0,0.0,0.0,0.0,1.0
2025-10-22,114791.92358685932,0.0,0.0,0,0.0,0.0,0.0,1.0
2025-10-23,114709.05763916497,-0.0007218795983645,0.0007218795983643389,0,0.0,0.0,0.0,1.0
2025-10-24,114778.10357703752,0.0006019222831534,0.00012039183062695358,0,0.0,0.0,0.0,1.0
2025-10-27,114750.4743796412,-0.0002407183646991,0.0003610812148013842,0,0.0,0.0,0.0,1.0
2025-10-28,114764.28356721571,0.0001203410064243,0.00024078366125379613,0,0.0,0.0,0.0,1.0
2025-10-29,113992.45774081223,-0.00672531385560776,0.006964478171168298,5,0.20145087658500777,0.5979575357135002,0.20059158770149219,0.0
2025-10-30,113792.41793604405,-0.0017548512307982156,0.008707107778875955,5,0.19958554291712852,0.5955233186704311,0.20489113841244036,0.0
2025-10-31,113538.26320797646,-0.0022334943986376714,0.010921154901061159,5,0.20068846438444143,0.5950769120351881,0.20423462358037048,0.0
2025-11-03,113453.63267467194,-0.0007453921780492169,0.01165840653567185,5,0.20121508858123086,0.5940314932515199,0.20475341816724915,0.0
2025-11-04,112926.30349303906,-0.004647970886441361,0.01625218948795304,5,0.19975844744723828,0.5981354568586934,0.20210609569406826,0.0
2025-11-05,112668.92727107114,-0.00227915210191748,0.01849430037803823,1,0.6034545959314062,0.39654540406859373,0.0,0.0
2025-11-06,112341.21274440644,-0.0029086504558283885,0.021349157378641848,1,0.5987213832173036,0.4012786167826963,0.0,0.0
2025-11-07,112312.01110412535,-0.0002599370219326553,0.021603544964184707,1,0.5994666869684243,0.40053331303157574,0.0,0.0
2025-11-10,113352.57187574531,0.00926491086207381,0.012538789020508867,1,0.6032320955675972,0.3967679044324028,0.0,0.0
2025-11-11,113715.00739877147,0.003197417729731417,0.009381463037101079,1,0.6026859618433764,0.3973140381566236,0.0,0.0
2025-11-12,113833.8720048261,0.0010452851279145802,0.008345984212977275,1,0.5997069694435525,0.4002930305564475,0.0,0.0
2025-11-13,112326.88690165205,-0.013238459490424438,0.021473955729490513,1,0.5976676328894285,0.4023323671105715,0.0,0.0
2025-11-14,112058.03616299803,-0.0023934673707230476,0.023816025887854808,1,0.5990035800698451,0.400996419930155,0.0,0.0
2025-11-17,111543.91791806012,-0.004587964081309463,0.028294722897831304,1,0.596158097793304,0.4038419022066961,0.0,0.0
2025-11-18,110970.33814935677,-0.005142187753568876,0.033291413873824394,1,0.5942074095446782,0.4057925904553219,0.0,0.0
2025-11-19,111137.8421534567,0.0015094484426503801,0.031832217103999416,1,0.6014101082186173,0.3985898917813828,0.0,0.0
2025-11-20,110293.50044587342,-0.007597247627117329,0.039187627495257504,1,0.596777086942559,0.4032229130574409,0.0,0.0
2025-11-21,111083.72137988331,0.007164709895101183,0.03230368558263719,1,0.5984341154160809,0.401565884583919,0.0,0.0
2025-11-24,112316.33323925009,0.011096242042085404,0.02156589305462797,1,0.6005779608958219,0.399422039104178,0.0,0.0
2025-11-25,113065.44369790838,0.00666964845676159,0.015040081523196802,1,0.6022104226973267,0.39778957730267317,0.0,0.0
2025-11-26,113051.84852463778,-0.0001202416302095,0.015158514709485482,0,0.0,0.0,0.0,1.0
2025-11-28,113051.84852463778,0.0,0.015158514709485482,0,0.0,0.0,0.0,1.0
2025-12-01,112954.94969779278,-0.0008571184647537,0.01600264053138345,0,0.0,0.0,0.0,1.0
2025-12-02,113023.19130248178,0.0006041488652916,0.015408159643210517,0,0.0,0.0,0.0,1.0
2025-12-03,113091.44353670423,0.000603878137185,0.0148135861567682,0,0.0,0.0,0.0,1.0
2025-12-04,112897.23681009232,-0.0017172539366241003,0.016505401404249165,1,0.601471509197869,0.398528490802131,0.0,0.0
2025-12-05,112817.96837423285,-0.0007021291051861514,0.017195941586716668,1,0.6030374053276747,0.3969625946723253,0.0,0.0
2025-12-08,112466.28071328679,-0.0031173018448573293,0.020259638491141763,1,0.6031058177417382,0.39689418225826184,0.0,0.0
2025-12-09,112453.4433716876,-0.00011414391511648507,0.02037146989180194,1,0.6026540011928803,0.39734599880711974,0.0,0.0
2025-12-10,113075.6114213959,0.005532672286893604,0.014951506271821957,1,0.6033130654853754,0.39668693451462467,0.0,0.0
2025-12-11,113172.02787324044,0.0008526723900279398,0.014111582618381302,1,0.6008838105839788,0.39911618941602134,0.0,0.0
2025-12-12,112005.49639008606,-0.010307595481641217,0.02427372161478647,1,0.6006139480578275,0.39938605194217247,0.0,0.0
2025-12-15,111934.60325031559,-0.0006329434005949752,0.024891301123477483,1,0.6000863560685824,0.3999136439314176,0.0,0.0
2025-12-16,111996.91475543633,0.0005566777681911218,0.02434847978924315,1,0.598113792380974,0.4018862076190261,0.0,0.0
2025-12-17,111218.84205947613,-0.006947269017715807,0.031126593367690747,1,0.5956706754822818,0.4043293245177181,0.0,0.0
2025-12-18,111299.27971334652,0.000723237649133,0.030425867642770443,0,0.0,0.0,0.0,1.0
2025-12-19,111279.12071144856,-0.0001811242799583,0.030601481059359892,0,0.0,0.0,0.0,1.0
2025-12-22,111225.32509426567,-0.0004834295673704,0.031070116965980832,0,0.0,0.0,0.0,1.0
2025-12-23,111171.55035642188,-0.0004834756634626,0.03153857098402946,0,0.0,0.0,0.0,1.0
2025-12-24,111238.79226798311,0.0006048481949352,0.03095279883682478,0,0.0,0.0,0.0,1.0
2025-12-26,111085.44104840264,-0.00137857681168486,0.03228870483777635,1,0.6007673581498914,0.39923264185010865,0.0,0.0
2025-12-29,111014.42182552496,-0.0006393207085231853,0.03290738270864546,1,0.5990093905548136,0.4009906094451863,0.0,0.0
2025-12-30,110827.06759696294,-0.0016876566619108177,0.034539503006902006,1,0.5992893201806581,0.4007106798193419,0.0,0.0
2025-12-31,109981.16721262022,-0.007632615413221469,0.04190849167710797,1,0.5994243964810045,0.40057560351899546,0.0,0.0
