date,wealth,return,drawdown,action,w_SPY,w_TLT,w_GLD,w_SHY
2021-01-05,100000.0,0.0,0.0,0,0.0,0.0,0.0,1.0
2021-01-06,99942.087188302,-0.00057912811698,0.0005791281169800211,0,0.0,0.0,0.0,1.0
2021-01-07,99965.27670160167,0.0002320295078086,0.00034723298398331437,0,0.0,0.0,0.0,1.0
2021-01-08,99953.71243072744,-0.0001156828776532,0.00046287569272562834,0,0.0,0.0,0.0,1.0
2021-01-11,99942.087188302,-0.0001163062595948,0.0005791281169800211,0,0.0,0.0,0.0,1.0
2021-01-12,99928.0767000834,0.0008606746067271601,0.0007192329991659863,5,0.1998702256592172,0.5990080826307084,0.20112169171007446,0.0
2021-01-13,100569.41751771813,0.006418024231163856,0.0,5,0.1991304033206591,0.6018912591760276,0.19897833750331329,0.0
2021-01-14,99921.82479561455,-0.006439260941224977,0.0064392609412249335,5,0.19971916025070913,0.6001168839279138,0.20016395582137705,0.0
2021-01-15,99766.07587791406,-0.0015587076999351445,0.007987931715549013,5,0.19857214782759555,0.603438849423017,0.19798900274938755,0.0
2021-01-19,100283.30606410542,0.0051844294930904,0.002844915091233413,5,0.19909910460692268,0.6022641357328802,0.19863675966019717,0.0
2021-01-20,101184.00082817882,0.00918562455765034,0.0,2,0.40184424250033224,0.3967493432960829,0.20140641420358477,0.0
2021-01-21,100926.54730518765,-0.002544409401525446,0.0025444094015253382,2,0.4032366018090572,0.3949698561145215,0.20179354207642133,0.0
2021-01-22,100751.18507637204,-0.0017375233127250313,0.004277511743598139,2,0.4025087317665173,0.3969380100547575,0.20055325817872527,0.0
2021-01-25,101399.87308806351,0.0064385149534444425,0.0,2,0.4015110449747488,0.39904680737254056,0.19944214765271065,0.0
2021-01-26,101210.00115212933,-0.0018725066427772532,0.0018725066427773829,2,0.4016363485763764,0.39904101257219593,0.19932263885142762,0.0
2021-01-27,101108.79115097721,0.0,0.002870634136134531,0,0.0,0.0,0.0,1.0
2021-01-28,101097.12812680556,-0.0001153512374036,0.0029856542423384314,0,0.0,0.0,0.0,1.0
2021-01-29,101132.25078461942,0.0003474149905604,0.002639276512818367,0,0.0,0.0,0.0,1.0
2021-02-01,101143.90353299885,0.000115222871923,0.0025243577459150845,0,0.0,0.0,0.0,1.0
2021-02-02,101108.82197835388,-0.000346847940603,0.002870330118232567,0,0.0,0.0,0.0,1.0
2021-02-03,100650.45922911516,-0.0035368974912567803,0.0073906784705489725,2,0.40173544032953473,0.39785786771728926,0.200406691953176,0.0
2021-02-04,100568.72443533604,-0.0008120657809724196,0.008196742534437251,2,0.4066316356780789,0.3971171546858966,0.19625120963602444,0.0
2021-02-05,100590.11205174378,0.00021266667672113402,0.007985819031710917,2,0.4081452507663201,0.3937082553908512,0.1981464938428286,0.0
2021-02-08,101261.21967857749,0.006671705728774724,0.0013673923375190356,2,0.40836835074360384,0.3928162347780102,0.198815414478386,0.0
2021-02-09,101328.86323701033,0.0006680105043921083,0.0007002952655721373,2,0.40782406015653333,0.39284456617134456,0.1993313736721221,0.0
2021-02-10,101388.60902171406,0.0009821836981326801,0.00011108560599148998,3,0.7988669049304232,0.2011330950695768,0.0,0.0
2021-02-11,101407.76961526461,0.00018898171831566835,0.0,3,0.8000057514739907,0.1999942485260093,0.0,0.0
2021-02-12,101556.64710544443,0.00146810733284695,0.0,3,0.8027791251450965,0.19722087485490356,0.0,0.0
2021-02-16,101181.08387409704,-0.00369806646882953,0.0036980664688294196,3,0.8050612088159997,0.1949387911840003,0.0,0.0
2021-02-17,101325.01885039179,0.0014225482746740407,0.002280778872230216,3,0.8041020033125013,0.19589799668749883,0.0,0.0
2021-02-18,100946.47812221103,-0.003333150754973154,0.00600816392254333,2,0.39962957690270734,0.3997136214110541,0.20065680168623864,0.0
2021-02-19,100422.9191408505,-0.005186500718991711,0.011163503295031019,2,0.4010036571156738,0.3964566336945967,0.20253970918972947,0.0
2021-02-22,100114.76883377881,-0.00306852568823942,0.014197773486638865,2,0.3991440468929471,0.394651650591517,0.20620430251553593,0.0
2021-02-23,100001.8552522484,-0.0011278414048770335,0.015309602054720428,2,0.40007996994762707,0.39395785853268694,0.20596217151968607,0.0
2021-02-24,100169.68751679777,0.0016782915089528893,0.013657004520901572,2,0.40381101760820154,0.3907177870520245,0.20547119533977412,0.0
2021-02-25,98172.01314994357,-0.01993380586845948,0.033327547255342704,2,0.3983013476765691,0.40147065116057384,0.20022800116285708,0.0
2021-02-26,98798.11908049723,0.006377641758220535,0.02716245665419681,2,0.3937378704728759,0.4121144279235339,0.19414770160359016,0.0
2021-03-01,99170.11977611514,0.0037652609086092355,0.023499469481809476,2,0.40176935376624917,0.4051459155126604,0.19308473072109042,0.0
2021-03-02,98966.38095782563,-0.00205443755386674,0.025505628843076833,2,0.3994548725986799,0.4060088209853442,0.19453630641597594,0.0
2021-03-03,97794.74131788552,-0.011838764119700395,0.037042437839179376,2,0.39888620880613174,0.40641660057740026,0.19469719061646804,0.0
2021-03-04,96865.3664246308,-0.009496966098426481,0.046193733394356284,2,0.39883775222640666,0.4012308851569891,0.19993136261660432,0.0
2021-03-05,97663.9582832565,0.008244348708958418,0.03833022193166946,2,0.40285376765335684,0.39872500447589027,0.19842122787075298,0.0
2021-03-08,96964.37490013054,-0.007163168434121295,0.04521882452997694,2,0.4037400994788692,0.3984792053910436,0.1977806951300872,0.0
2021-03-09,98466.70007637085,0.01549357872711129,0.030425847220668323,2,0.4032566308872725,0.3978374195115425,0.19890594960118504,0.0
2021-03-10,98892.19989551455,0.004321256006484335,0.0262360690892387,2,0.4040208608563222,0.3969192998591425,0.19905983928453524,0.0
2021-03-11,99512.26691159078,0.006668750500156322,0.0201304419958942,3,0.8027580074531094,0.1972419925468907,0.0,0.0
2021-03-12,99203.32449787932,-0.003104566133398767,0.02317251184082214,3,0.8063424912590051,0.1936575087409948,0.0,0.0
2021-03-15,99793.31326675747,0.005947268116914454,0.017363056864767468,3,0.8063554704836383,0.19364452951636177,0.0,0.0
2021-03-16,99614.14550416941,-0.0017953884556285106,0.01912727188854657,3,0.8067868421387945,0.1932131578612056,0.0,0.0
2021-03-17,99744.17036548404,0.0013052851144437772,0.017846953317378844,3,0.8084825958575913,0.19151740414240861,0.0,0.0
2021-03-18,98380.32441178858,-0.013665073568608601,0.03127636431673375,3,0.7992825167332861,0.2007174832667139,0.0,0.0
2021-03-19,98357.21632622162,-0.00023488523447266863,0.031503903195040484,3,0.7979910787992767,0.20200892120072333,0.0,0.0
2021-03-22,99206.6034789465,0.008635738021577508,0.023140224628112382,3,0.7974762988663664,0.2025237011336336,0.0,0.0
2021-03-23,98765.27456754005,-0.004448584024954781,0.02748586741945258,3,0.7947350085537203,0.20526499144627966,0.0,0.0
2021-03-24,98475.3609005238,-0.0029353805604823958,0.030340566499023836,3,0.7930226908183795,0.2069773091816205,0.0,0.0
2021-03-25,98276.14577994043,-0.0016306127490514398,0.032302182269742574,2,0.40290722865839657,0.39749403384091564,0.19959873750068774,0.0
2021-03-26,98833.30007679698,0.005669272969904028,0.0268160391886495,2,0.40709211292155817,0.3938700087830666,0.19903787829537525,0.0
2021-03-29,98248.52938097177,-0.005916737530476279,0.03257411325363957,2,0.40930827758327076,0.3928510282787953,0.19784069413793387,0.0
2021-03-30,98011.85337982544,-0.002408952099716312,0.034904595874837185,2,0.40920816417059525,0.3958630258133257,0.194928810016079,0.0
2021-03-31,98247.73243964433,0.002406638092076315,0.03258196051278173,2,0.40988038981810887,0.3927092430963339,0.1974103670855573,0.0
2021-04-01,99383.857674359,0.01195866742992882,0.021394851966995976,3,0.7990833103060789,0.20091668969392107,0.0,0.0
2021-04-05,100436.60338084691,0.010592723316671236,0.011028758397612304,3,0.8020567337128048,0.1979432662871951,0.0,0.0
2021-04-06,100524.06405661338,0.0008708047944913896,0.01016755749881082,3,0.8008855045446802,0.19911449545531973,0.0,0.0
2021-04-07,100477.82625555717,-0.00045996748629429334,0.010622848239240645,3,0.8021813238960046,0.19781867610399542,0.0,0.0
2021-04-08,101024.51983307759,0.005440937547055943,0.005239708946026322,3,0.8016276138702184,0.19837238612978159,0.0,0.0
2021-04-09,101538.73284728633,0.0050916181653481,0.00017639670734204138,3,0.8017340220302547,0.19826597796974532,0.0,0.0
2021-04-12,101559.62507623826,0.000205756250507447,0.0,3,0.8018612307768913,0.19813876922310872,0.0,0.0
2021-04-13,101951.78562096131,0.0038613823596597156,0.0,3,0.8011444265701955,0.19885557342980462,0.0,0.0
2021-04-14,101608.41449283663,-0.003367975617428285,0.003367975617428298,3,0.8011063254823709,0.19889367451762902,0.0,0.0
2021-04-15,102821.02004944866,0.011934105680760532,0.0,3,0.8001628881470723,0.19983711185292777,0.0,0.0
2021-04-16,102936.22570618663,0.00112061156149136,0.0,3,0.8017754153398012,0.19822458466019877,0.0,0.0
2021-04-19,102472.1485713637,-0.004508394703994338,0.004508394703994334,3,0.801449573498981,0.19855042650101892,0.0,0.0
2021-04-20,101964.62891452605,-0.0049527570555836205,0.009438822775898359,3,0.7995416423894991,0.20045835761050088,0.0,0.0
2021-04-21,102777.06182071858,0.00796779152576106,0.0015462378222643736,3,0.8007270455743012,0.19927295442569884,0.0,0.0
2021-04-22,102114.83102892556,-0.006443371507819482,0.007979646345355529,3,0.7985594352689309,0.2014405647310691,0.0,0.0
2021-04-23,102952.39742568068,0.008203653652662601,0.0,3,0.8020937176027194,0.1979062823972807,0.0,0.0
2021-04-26,103095.6767087891,0.0013917041923366459,0.0,3,0.8026509075465124,0.1973490924534877,0.0,0.0
2021-04-27,102900.37737508965,-0.001894350373693182,0.0018943503736932321,3,0.8040011343471605,0.19599886565283953,0.0,0.0
2021-04-28,102889.69197595019,-0.00010384217640438756,0.0019979958366319606,3,0.8038536006546418,0.19614639934535824,0.0,0.0
2021-04-29,103357.14662805438,0.004543260292911103,0.0,3,0.8053176524844693,0.19468234751553082,0.0,0.0
2021-04-30,102861.13109961718,-0.00479375216850948,0.004799044329485858,3,0.7985717676725171,0.20142823232748286,0.0,0.0
2021-05-03,103050.69960127119,0.0018429556395837962,0.002964933115713664,3,0.7988218401264081,0.20117815987359192,0.0,0.0
2021-05-04,102683.52818950744,-0.003563017167126707,0.006517386175249662,3,0.796732277086051,0.20326772291394907,0.0,0.0
2021-05-05,102743.54138095345,0.0005844480853369245,0.005936747163784228,3,0.7965159993851376,0.20348400061486224,0.0,0.0
2021-05-06,103431.48748260393,0.006695760068262729,0.0,3,0.7975366640099066,0.20246333599009328,0.0,0.0
2021-05-07,103676.9905945612,0.0029227189117731495,0.0,4,0.25108565925915655,0.24804210804731747,0.25151409938545105,0.24935813330807505
2021-05-10,103228.81873429824,-0.004322770729482026,0.004322770729482062,4,0.24967859611878093,0.24659615146484543,0.2533715812747137,0.25035367114165996
2021-05-11,102856.28932603894,-0.0036087733331343504,0.00791594416288266,4,0.24834649743888207,0.24608862996524808,0.25433357617787455,0.2512312964179952
2021-05-12,101784.76454413241,-0.010417688494574731,0.018251166817028097,4,0.2456291948889847,0.24606626983792768,0.2544579372964436,0.25384659797664394
2021-05-13,102236.26130660131,0.004435799055890466,0.013896326269673409,4,0.24748201970361328,0.24535903382690305,0.2543747248297217,0.2527842216397619
2021-05-14,103626.0741594468,0.014154466875117361,0.0004911064144744737,3,0.8009473447619095,0.19905265523809054,0.0,0.0
2021-05-17,103371.2466578253,-0.0024591060086809227,0.002949004740420591,3,0.8008787360036477,0.19912126399635238,0.0,0.0
2021-05-18,102605.32903098296,-0.0074093875386609396,0.01033654196010636,3,0.799905562555624,0.2000944374443761,0.0,0.0
2021-05-19,102340.47943889101,-0.0025812459702944605,0.012891106773119443,3,0.7998729718387505,0.20012702816124953,0.0,0.0
2021-05-20,103389.64620973066,0.010251728119625703,0.0027715347752927944,3,0.8002737921174861,0.199726207882514,0.0,0.0
2021-05-21,103388.21419862153,-1.3576835541539975e-05,0.0027853470117488177,3,0.7993559914312505,0.20064400856874962,0.0,0.0
2021-05-24,104307.5370796409,0.008891950481446914,0.0,3,0.8003877217801855,0.19961227821981453,0.0,0.0
2021-05-25,104315.1890405741,7.33596166436255e-05,0.0,3,0.798553298978213,0.20144670102178683,0.0,0.0
2021-05-26,104444.3350517216,0.0012380364962695778,0.0,3,0.7991487410229073,0.20085125897709272,0.0,0.0
2021-05-27,104403.7785874061,-0.0003883069799373851,0.0003883069799374139,3,0.7998788862040696,0.20012111379593045,0.0,0.0
2021-05-28,104299.37480881868,0.0,0.001387918672957511,0,0.0,0.0,0.0,1.0
2021-06-01,104277.60811030693,-0.0002086944293929,0.001596323451454884,0,0.0,0.0,0.0,1.0
2021-06-02,104289.7101403461,0.0001160558844652,0.0014804528297196473,0,0.0,0.0,0.0,1.0
2021-06-03,104253.43584190123,-0.0003478224112049,0.0018277603062515357,0,0.0,0.0,0.0,1.0
2021-06-04,104289.71014034611,0.000347943433729,0.0014804528297194253,0,0.0,0.0,0.0,1.0
2021-06-07,104277.60811030696,-0.0001160424170598,0.001596323451454551,0,0.0,0.0,0.0,1.0
2021-06-08,104301.78037871266,0.0002318068935771,0.0013648865966578994,0,0.0,0.0,0.0,1.0
2021-06-09,104277.60811030694,-0.0002317531715945,0.001596323451454773,0,0.0,0.0,0.0,1.0
2021-06-10,104313.88240875182,0.0003478627780424,0.0012490159749227736,0,0.0,0.0,0.0,1.0
2021-06-11,104289.7101403461,-0.0002317262846281,0.0014804528297196473,0,0.0,0.0,0.0,1.0
2021-06-14,104253.43584190123,-0.0003478224112049,0.0018277603062515357,0,0.0,0.0,0.0,1.0
2021-06-15,104241.36560353468,-0.0001157778472151,0.0019433265393131727,0,0.0,0.0,0.0,1.0
2021-06-16,104144.65533546341,-0.0009277532725261,0.0028692768842828453,0,0.0,0.0,0.0,1.0
2021-06-17,104144.65533546341,0.0,0.0028692768842828453,0,0.0,0.0,0.0,1.0
2021-06-18,104060.06829187971,-0.0008122072449252,0.0036791536817348813,0,0.0,0.0,0.0,1.0
2021-06-21,104084.22996306123,0.0002321896533235,0.0034478182898292076,0,0.0,0.0,0.0,1.0
2021-06-22,104144.65533546342,0.0005805430123626,0.0028692768842826233,0,0.0,0.0,0.0,1.0
2021-06-23,104072.15972469469,-0.0006961049564687,0.0035633845228906225,0,0.0,0.0,0.0,1.0
2021-06-24,104084.22996306124,0.0001159795126619,0.0034478182898290965,0,0.0,0.0,0.0,1.0
2021-06-25,104072.15972469469,-0.0001159660629745,0.0035633845228906225,0,0.0,0.0,0.0,1.0
2021-06-28,104108.42342591537,0.0003484476666633,0.003216178509249712,0,0.0,0.0,0.0,1.0
2021-06-29,104096.31079865203,-0.0001163462750156,0.0033321505938759266,0,0.0,0.0,0.0,1.0
2021-06-30,104120.51485873036,0.0002325160218707,0.003100409350405564,0,0.0,0.0,0.0,1.0
2021-07-01,104099.93504932926,-0.000197653742195,0.0032974502850900977,0,0.0,0.0,0.0,1.0
2021-07-02,104148.32197503751,0.0004648122564661,0.0028341707239315506,0,0.0,0.0,0.0,1.0
2021-07-06,104184.56448180978,0.0003479893490838,0.002487167636073151,0,0.0,0.0,0.0,1.0
2021-07-07,104196.68770629735,0.00011636296171,0.0023710940885555143,0,0.0,0.0,0.0,1.0
2021-07-08,104245.0004514362,0.0004636687230885,0.0019085247676352557,0,0.0,0.0,0.0,1.0
2021-07-09,104208.75794466394,-0.0003476666182101,0.0022555278554935443,0,0.0,0.0,0.0,1.0
2021-07-12,104184.56448180982,-0.0002321634316663,0.002487167636072707,0,0.0,0.0,0.0,1.0
2021-07-13,104099.93504932932,-0.0008123029827061,0.0032974502850895426,0,0.0,0.0,0.0,1.0
2021-07-14,104172.51543789168,0.0006972183846989,0.002602530943351944,0,0.0,0.0,0.0,1.0
2021-07-15,104184.56448180982,0.0001156643272699,0.002487167636072707,0,0.0,0.0,0.0,1.0
2021-07-16,104172.51543789168,-0.0001156509505806,0.002602530943351944,0,0.0,0.0,0.0,1.0
2021-07-19,104220.7963913579,0.0004634711302042,0.002140266011105396,0,0.0,0.0,0.0,1.0
2021-07-20,104269.15152539355,0.0004639681878275,0.0016772908386204488,0,0.0,0.0,0.0,1.0
2021-07-21,104232.87722694867,-0.0003478909909039,0.0020245983151524483,0,0.0,0.0,0.0,1.0
2021-07-22,104245.00045143622,0.0001163090265767,0.0019085247676350336,0,0.0,0.0,0.0,1.0
2021-07-23,104257.08128702699,0.0001158888727368,0.0017928570716820857,0,0.0,0.0,0.0,1.0
2021-07-26,104232.87722694867,-0.0002321574686298,0.0020245983151524483,0,0.0,0.0,0.0,1.0
2021-07-27,104257.081287027,0.0002322113782355,0.0017928570716819747,0,0.0,0.0,0.0,1.0
2021-07-28,104269.15152539355,0.0001157737989356,0.0016772908386204488,0,0.0,0.0,0.0,1.0
2021-07-29,104269.15152539355,0.0,0.0016772908386204488,0,0.0,0.0,0.0,1.0
2021-07-30,104293.33439102347,0.0002319273272692,0.0014457525209323752,0,0.0,0.0,0.0,1.0
2021-08-02,104332.0354538107,0.0003710789669657,0.0010752100423185862,0,0.0,0.0,0.0,1.0
2021-08-03,104332.0354538107,0.0,0.0010752100423185862,0,0.0,0.0,0.0,1.0
2021-08-04,104295.73996091742,-0.0003478844511698,0.0014227204446329855,0,0.0,0.0,0.0,1.0
2021-08-05,104247.38482688178,-0.0004636347951868,0.0018856956171178219,0,0.0,0.0,0.0,1.0
2021-08-06,104211.18470900632,-0.0003472520479586,0.0022322928534115327,0,0.0,0.0,0.0,1.0
2021-08-09,104174.86802166463,-0.0003484912626519,0.002580006181508332,0,0.0,0.0,0.0,1.0
2021-08-10,103936.68509299391,-0.0012876637657368002,0.0048604834190030255,2,0.4010140130576751,0.39866620337096276,0.2003197835713622,0.0
2021-08-11,104301.82621491821,0.0035131110983345733,0.0013644477389110898,2,0.40060309848155196,0.39702666354201605,0.20237023797643194,0.0
2021-08-12,104364.33513082773,0.0005993079716621774,0.0007659574916557554,2,0.4015630809575909,0.3961385697693984,0.2022983492730107,0.0
2021-08-13,105396.11992887087,0.009886373508246154,0.0,2,0.3983556007325345,0.39845675086024074,0.2031876484072248,0.0
2021-08-16,105703.5654088141,0.0029170474221510037,0.0,2,0.3981321646577687,0.39826055977992336,0.20360727556230793,0.0
2021-08-17,105573.36002349612,-0.0002320295078086,0.0012317974783008223,0,0.0,0.0,0.0,1.0
2021-08-18,105573.36002349612,0.0,0.0012317974783008223,0,0.0,0.0,0.0,1.0
2021-08-19,105573.36002349612,0.0,0.0012317974783008223,0,0.0,0.0,0.0,1.0
2021-08-20,105573.36002349612,0.0,0.0012317974783008223,0,0.0,0.0,0.0,1.0
2021-08-23,105573.36002349612,0.0,0.0012317974783008223,0,0.0,0.0,0.0,1.0
2021-08-24,105561.15206151683,-0.0001156348720602,0.0013472899116172554,0,0.0,0.0,0.0,1.0
2021-08-25,105548.85820358695,-0.0001164619529988,0.0014635949566016437,0,0.0,0.0,0.0,1.0
2021-08-26,105548.85820358695,0.0,0.0014635949566016437,0,0.0,0.0,0.0,1.0
2021-08-27,105622.331452333,0.0006961065235242,0.0007685072510744684,0,0.0,0.0,0.0,1.0
2021-08-30,105646.85474622984,0.000232179062511,0.0005365066198564916,0,0.0,0.0,0.0,1.0
2021-08-31,105634.59309928144,-0.0001160625839535,0.000652506935465369,0,0.0,0.0,0.0,1.0
2021-09-01,105626.01424121509,-8.12125821159082e-05,0.0007336665258080854,0,0.0,0.0,0.0,1.0
2021-09-02,105626.01424121509,0.0,0.0007336665258080854,0,0.0,0.0,0.0,1.0
2021-09-03,105626.01424121509,0.0,0.0007336665258080854,0,0.0,0.0,0.0,1.0
2021-09-07,105589.28298533898,-0.0003477481957449,0.0010811595903422733,0,0.0,0.0,0.0,1.0
2021-09-08,105613.78480524816,0.0002320483596103,0.0008493621120414518,0,0.0,0.0,0.0,1.0
2021-09-09,105638.24367718204,0.000231587874433,0.000617970939574608,0,0.0,0.0,0.0,1.0
2021-09-10,105601.56610627506,-0.0003471997415923,0.0009649561218162406,0,0.0,0.0,0.0,1.0
2021-09-13,105626.0142412151,0.0002315129958909,0.0007336665258079744,0,0.0,0.0,0.0,1.0
2021-09-14,105638.24367718204,0.0001157805305329,0.000617970939574608,0,0.0,0.0,0.0,1.0
2021-09-15,105638.24367718204,0.0,0.000617970939574608,0,0.0,0.0,0.0,1.0
2021-09-16,105601.56610627506,-0.0003471997415923,0.0009649561218162406,0,0.0,0.0,0.0,1.0
2021-09-17,105577.06428636589,-0.000232021368741,0.001196753600117173,0,0.0,0.0,0.0,1.0
2021-09-20,105601.56610627506,0.0002320752151501,0.0009649561218162406,0,0.0,0.0,0.0,1.0
2021-09-21,105626.0142412151,0.0002315129958909,0.0007336665258079744,0,0.0,0.0,0.0,1.0
2021-09-22,105564.770428436,-0.0005798175119933,0.0013130586451016724,0,0.0,0.0,0.0,1.0
2021-09-23,105503.51587866306,-0.0005802556053912,0.001892552340853726,0,0.0,0.0,0.0,1.0
2021-09-24,105466.8060967746,-0.0003479484222183,0.0022398422524710915,0,0.0,0.0,0.0,1.0
2021-09-27,105454.52297583855,-0.0001164643302536,0.002356045720996902,0,0.0,0.0,0.0,1.0
2021-09-28,105466.80609677461,0.0001164778957738,0.0022398422524709805,0,0.0,0.0,0.0,1.0
2021-09-29,105411.5343895688,0.00047640908163175996,0.0027627357517776563,5,0.20024124714139302,0.6007545114914039,0.19900424136720302,0.0
2021-09-30,105521.89132003489,0.001046915132249658,0.001718712969392966,5,0.19758697106154754,0.6000432212657386,0.2023698076727138,0.0
2021-10-01,106350.68982082364,0.007854280191729178,0.0,5,0.19837704841822767,0.6003778311096074,0.20124512047216486,0.0
2021-10-04,106016.13966241242,-0.0031457262663256934,0.003145726266325699,5,0.19643666489811862,0.6007386952487773,0.2028246398531041,0.0
2021-10-05,105517.71859065411,-0.004701369747525605,0.007832306791548671,5,0.19941813516272994,0.5977480879972052,0.20283377684006482,0.0
2021-10-06,106018.70071177254,0.00475069554197954,0.003121645093326797,5,0.19988163441488144,0.6005318753687671,0.1995864902163515,0.0
2021-10-07,105424.57531978781,-0.0056039678660083185,0.008708119360543165,5,0.20274593190158183,0.5976008958488659,0.1996531722495522,0.0
2021-10-08,104953.59437809789,-0.004467468237470133,0.013136684351361838,5,0.20328436250368584,0.5960810113198693,0.20063462617644473,0.0
2021-10-11,104600.64836177228,-0.0033628768830356497,0.016455384182272548,5,0.20249361527833531,0.5965747645227414,0.2009316201989233,0.0
2021-10-12,105710.47428518205,0.010610124705645306,0.006019853154880406,5,0.19987443100552996,0.6004059074104485,0.19971966158402166,0.0
2021-10-13,106779.61345969907,0.01011425333582948,0.0,5,0.19870974450901416,0.5997696464224404,0.20152060906854558,0.0
2021-10-14,107427.09885457715,0.0060637548114223965,0.0,5,0.20083433584794388,0.5983696192266331,0.2007960449254231,0.0
2021-10-15,106874.02829800946,-0.005148333730173445,0.005148333730173427,5,0.20341109385609438,0.5979614816174026,0.1986274245265031,0.0
2021-10-18,107185.42001132142,0.002913633164866558,0.0022497009212070207,5,0.2034206030907444,0.5990201658117755,0.19755923109748005,0.0
2021-10-19,106535.93895522229,-0.006059416066387774,0.008295485113688272,5,0.20623963577118076,0.5943579805559848,0.19940238367283453,0.0
2021-10-20,106374.20865499094,-0.001511851881645999,0.009800973970371274,5,0.20108955771409062,0.5968521683545056,0.2020582739314038,0.0
2021-10-21,106335.09242712246,-0.0003677228565369786,0.010165092784763075,5,0.20168823836079225,0.5963608165558338,0.20195094508337386,0.0
2021-10-22,107142.60815750307,0.007594066191591953,0.00264822098062234,5,0.19996074302741318,0.5983843651880563,0.2016548917845306,0.0
2021-10-25,107309.01411888404,0.0015531259154747377,0.001099208085782566,5,0.2007213138632308,0.5965443923510878,0.20273429378568136,0.0
2021-10-26,107696.77922018299,0.0036135370777832508,0.0,5,0.20017864273803068,0.5993117478146525,0.20050960944731688,0.0
2021-10-27,108833.4720227903,0.01055526187287118,0.0,5,0.19703420508863154,0.6045354668919217,0.19843032801944663,0.0
2021-10-28,108812.55977618118,-0.0001921490348551927,0.00019214903485520463,5,0.1989736122516192,0.6026051369477881,0.19842125080059278,0.0
2021-10-29,108873.22471655687,0.0005575178132053782,0.0,5,0.19926625923458788,0.6041102593206011,0.19662348144481112,0.0
2021-11-01,108548.73317217738,-0.002980453139183487,0.002980453139183492,5,0.20020572538311862,0.6015534562018641,0.1982408184150174,0.0
2021-11-02,108880.2028423643,0.003053648444345668,0.0,5,0.2004032099560924,0.6023842091818099,0.19721258086209764,0.0
2021-11-03,108746.00890683387,-0.0002327243254361,0.001232491601110608,0,0.0,0.0,0.0,1.0
2021-11-04,108847.29713052703,0.0009314201478414,0.0003022194207785711,0,0.0,0.0,0.0,1.0
2021-11-05,108897.98008413793,0.0004656335522059,0.0,0,0.0,0.0,0.0,1.0
2021-11-08,108771.32263952197,-0.0011630835073168,0.0011630835073167534,0,0.0,0.0,0.0,1.0
2021-11-09,108834.66800830039,0.0005823719638708,0.0005813888906720521,0,0.0,0.0,0.0,1.0
2021-11-10,108619.35146221792,-0.0019783819808781,0.0025586206622448815,0,0.0,0.0,0.0,1.0
2021-11-11,108543.41026415369,-0.0006991498019637,0.003255981605079339,0,0.0,0.0,0.0,1.0
2021-11-12,108632.04717032629,0.0008166032922394,0.002442037158138066,0,0.0,0.0,0.0,1.0
2021-11-15,108619.35146221794,-0.0001168689023088,0.0025586206622447705,0,0.0,0.0,0.0,1.0
2021-11-16,108619.35146221794,0.0,0.0025586206622447705,0,0.0,0.0,0.0,1.0
2021-11-17,108657.32761007354,0.0003496259860178,0.0022098892364987854,0,0.0,0.0,0.0,1.0
2021-11-18,108644.69848784688,-0.0001162289051686,0.0023258612886608576,0,0.0,0.0,0.0,1.0
2021-11-19,108619.35146221796,-0.000233302001678,0.0025586206622445484,0,0.0,0.0,0.0,1.0
2021-11-22,108492.72731054283,-0.001165760520299,0.0037213984435889857,0,0.0,0.0,0.0,1.0
2021-11-23,108492.72731054283,0.0,0.0037213984435889857,0,0.0,0.0,0.0,1.0
2021-11-24,108467.40248020782,-0.0002334242208008,0.003953953999857762,0,0.0,0.0,0.0,1.0
2021-11-26,108682.6968309964,0.0019848760629062,0.001976926045599736,0,0.0,0.0,0.0,1.0
2021-11-29,108733.32429637255,0.0004658282031304,0.0015120187503768756,0,0.0,0.0,0.0,1.0
2021-11-30,108644.69848784692,-0.0008150749468863,0.0023258612886604135,0,0.0,0.0,0.0,1.0
2021-12-01,108657.33870772054,0.0001163445621328,0.0022097873278408287,0,0.0,0.0,0.0,1.0
2021-12-02,108842.24657732304,0.0027044566972880798,0.0005117955977864685,5,0.20251553546633466,0.5991282744259164,0.1983561901077489,0.0
2021-12-03,109610.15786167268,0.007055268597420189,0.0,5,0.19934695682221243,0.6020296218298812,0.19862342134790642,0.0
2021-12-06,108909.00476004304,-0.006396789451890805,0.006396789451890816,5,0.20300648559407805,0.5975832329591471,0.1994102814467749,0.0
2021-12-07,108917.55843923804,7.853968745616896e-05,0.006318752166279085,5,0.2071893604195211,0.5927082691845665,0.20010237039591242,0.0
2021-12-08,107873.23404366069,-0.00958820974820099,0.015846376393362838,5,0.209749086565516,0.5881023420953736,0.20214857133911035,0.0
2021-12-09,107956.45200338906,0.0007833491291322599,0.0150871588048489,5,0.19849419980237143,0.6028836663484276,0.19862213384920083,0.0
2021-12-10,108091.65670244473,0.0012524003572425416,0.01385365361068347,5,0.2001120859233272,0.6006771064724666,0.19921080760420637,0.0
2021-12-13,108913.92042126135,0.007607097012863505,0.00635194268481909,5,0.1968420656140372,0.6049526235878978,0.19820531079806514,0.0
2021-12-14,108407.70435747015,-0.004647854579407636,0.010970274358330978,5,0.19640061182272683,0.6063286876644904,0.19727070051278273,0.0
2021-12-15,108199.72685519027,-0.0019184752920704984,0.0128677034500978,5,0.1998527639251561,0.6016491278563512,0.19849810821849267,0.0
2021-12-16,108295.78498311913,0.0008894359035482801,0.011991341899281638,5,0.19806017354600264,0.59970019334933,0.20223963310466744,0.0
2021-12-17,108756.54349988978,0.004254630194910014,0.007787730429693829,5,0.19512205463981783,0.6039262464471743,0.20095169891300788,0.0
2021-12-20,107946.31267701228,-0.007449950106940729,0.015179662333486998,5,0.1944962323451383,0.6039004142274179,0.2016033534274438,0.0
2021-12-21,108061.86897543716,0.001070497875834212,0.014125414253936652,5,0.1977386321234813,0.6009579586322976,0.201303409244221,0.0
2021-12-22,108780.45774006557,0.006649790267756201,0.0075695550284142765,5,0.1983964212296278,0.5997501952927026,0.20185338347766957,0.0
2021-12-23,108398.34274119227,-0.0035108704517137594,0.011055682649501408,5,0.20195347121095283,0.5968894888857113,0.20115703990333583,0.0
2021-12-27,108916.61998600722,0.00478122849214006,0.0063273139022451685,5,0.2038369639030162,0.5954892747000162,0.2006737613969676,0.0
2021-12-28,108547.2149641366,-0.003391631340727234,0.009697485326839006,5,0.20436351425014385,0.5951476571606363,0.20048882858921985,0.0
2021-12-29,107863.41805759126,-0.006299534324959541,0.015935930010116284,5,0.20592216486468434,0.5923778369578396,0.2016999981774761,0.0
2021-12-30,108493.99606105685,0.005846078446437859,0.010183014260634615,5,0.2041593487797052,0.5938737232193461,0.20196692800094862,0.0
2021-12-31,108714.51782482548,0.0020387098927635,0.008171140835117607,5,0.19909003252822968,0.5999533421332061,0.20095662533856437,0.0
2022-01-03,106791.61235718176,-0.01768766036144453,0.025714272832705,5,0.20384835537614304,0.5947236952983023,0.20142794932555472,0.0
2022-01-04,106678.68297894743,-0.0010574742317460129,0.026744554883542326,5,0.20399584379512872,0.5928775837413898,0.20312657246348154,0.0
2022-01-05,105852.35476733699,-0.007745954379409713,0.034283347160926514,5,0.20164058913143715,0.5942628524445804,0.20409655842398236,0.0
2022-01-06,105730.61912479717,-0.0011500513409209295,0.03539397089247387,5,0.20168307167634386,0.5964872395586103,0.2018296887650458,0.0
2022-01-07,105286.86869757554,-0.00419349268967902,0.03944241344450117,5,0.20004820466647105,0.5981955042650549,0.201756291068474,0.0
2022-01-10,105480.24181302624,0.001836630890848696,0.037678223708594305,5,0.1994329889955823,0.5985683363148768,0.20199867468954089,0.0
2022-01-11,106349.46107521288,0.008240588448094402,0.029748125995537555,5,0.1996046252281292,0.5976305571809416,0.2027648175909292,0.0
2022-01-12,106220.3278501693,-0.0012142348794063533,0.030926239662762978,5,0.2003875913825786,0.5960646052681315,0.20354780334928993,0.0
2022-01-13,106415.8948935119,0.001841145167791658,0.029142034191684263,5,0.19726335150444949,0.600253096302234,0.20248355219331657,0.0
2022-01-14,105398.293609046,-0.00955978283707428,0.03842585700808887,5,0.20201300232515057,0.5966380807363584,0.20134891693849113,0.0
2022-01-18,104101.0972321264,-0.01230756526031901,0.05026049352559714,5,0.20090810615829946,0.5955703999112484,0.20352149393045202,0.0
2022-01-19,104649.64226040868,0.005269349150654401,0.0452559844638134,5,0.19777980224915911,0.5965504211246696,0.20566977662617117,0.0
2022-01-20,104751.7872160716,0.0009760659803189003,0.044324091310335545,5,0.1954000269789394,0.5996441916403271,0.20495578138073348,0.0
2022-01-21,105027.81655307754,0.00263507997659815,0.04180580885923013,5,0.19106076166167962,0.6051890107464334,0.20375022759188696,0.0
2022-01-24,104713.79294208465,-0.002980996381225399,0.04467072226797819,5,0.20144985150845707,0.5968500414554275,0.20170010703611535,0.0
2022-01-25,104422.84887340007,-0.0027784693927139785,0.04732507542612019,5,0.199544782894457,0.5975464719517041,0.2029087451538389,0.0
2022-01-26,103273.42166471986,-0.01100743008911526,0.05781157805602044,5,0.2012595280690709,0.5968901910314373,0.20185028089949175,0.0
2022-01-27,104033.84367938575,0.007363191830078353,0.05087406396516825,5,0.19880186964925436,0.6034077256843781,0.19779040466636763,0.0
2022-01-28,104508.06796228385,0.004558365490749032,0.04654760105197209,5,0.2028146807797879,0.60087981361445,0.19630550560576202,0.0
2022-01-31,104683.75752098096,0.0016848107243245605,0.044944742684421723,5,0.2032597634661795,0.5958937174247453,0.2008465191090753,0.0
2022-02-01,104637.96484157082,-0.00043743824729409753,0.04536252038225075,5,0.20472274806178475,0.5941754814651443,0.20110177047307085,0.0
2022-02-02,105132.96056617059,0.004730555734232967,0.04084655457893127,5,0.2057382037755112,0.5933811096342843,0.20088068659020453,0.0
2022-02-03,104107.55512662497,-0.009753415427697684,0.05020157659103053,5,0.20288107835463182,0.5945480098724093,0.20257091177295888,0.0
2022-02-04,103326.90277997262,-0.007498517717593611,0.05732365689710517,5,0.20537511377571152,0.5902087763066992,0.2044161099175893,0.0
2022-02-07,103452.67666952214,0.00122704566144154,0.056176191260678854,5,0.1991138115321522,0.5996525948770293,0.2012335935908185,0.0
2022-02-08,103271.03094933969,-0.0017558339332555623,0.05783338913107783,5,0.20110523311790654,0.5966909919706966,0.2022037749113968,0.0
2022-02-09,103761.91806785188,0.004753386443415994,0.05335490713553426,5,0.2030832446780255,0.5949855109412248,0.20193124438074989,0.0
2022-02-10,102322.65118054616,-0.013870858539493776,0.06648568730576321,5,0.20223997039923283,0.5937658550761973,0.2039941745245699,0.0
2022-02-11,103213.21764583324,0.008703512418923533,0.058360833891985986,5,0.19654150382897737,0.5973709232231234,0.2060875729478993,0.0
2022-02-14,102485.10108464894,-0.007048444845055819,0.0650036175115769,5,0.20076114989701452,0.596741414900068,0.20249743520291746,0.0
2022-02-15,101925.47271091116,-0.005460582736563401,0.07010924261654239,5,0.20511889161148655,0.593206105197064,0.20167500319144951,0.0
2022-02-16,102518.63038392107,0.005819523395219097,0.06469772159895126,5,0.20416063137042703,0.5932691505123033,0.20257021811726963,0.0
2022-02-17,102807.8019438132,0.0028206732650368923,0.062059539467537284,5,0.19923751476102905,0.5960010874351839,0.2047613978037872,0.0
2022-02-18,103304.76557446597,0.004833909696117818,0.05752561998098815,5,0.1969952322257875,0.5993778672717694,0.203626900502443,0.0
2022-02-22,103287.25541900379,-0.00016587367881444045,0.057685369367393324,5,0.1978864413562412,0.6016625015170238,0.20045105712673505,0.0
2022-02-23,102161.55541235075,-0.010898730943004002,0.06795540299031422,5,0.19651796765219523,0.5999088069390938,0.20357322540871098,0.0
2022-02-24,102369.91928977026,0.0020395527121577443,0.06605444890463119,5,0.19906942783424622,0.5990821014206579,0.2018484707450959,0.0
2022-02-25,102795.57907806439,0.004158055327651925,0.06217105163016223,5,0.2026191772500919,0.5970376821731341,0.20034314057677383,0.0
2022-02-28,104300.95880480156,0.014644401444481899,0.04843710802397794,5,0.19918382371433968,0.6013179420101256,0.19949823427553476,0.0
2022-03-01,105085.53618386913,0.0075235729842279,0.041279218697172104,5,0.19548325511621154,0.6024046666557722,0.20211207822801625,0.0
2022-03-02,103078.51536893973,-0.01909892538795924,0.059589755367160824,5,0.20295561795306272,0.5931412195014812,0.20390316254545607,0.0
2022-03-03,103722.22897801317,0.006244886306030406,0.05371700030840243,5,0.2006918743928568,0.5954640260597219,0.20384409954742133,0.0
2022-03-04,104956.16646446218,0.011896557744729556,0.04245948995971527,5,0.1967210662148802,0.5986224791690553,0.20465645461606455,0.0
2022-03-07,104187.37903956602,-0.007324842844335971,0.04947332371284574,5,0.1923306780428698,0.5984385031609307,0.20923081879619954,0.0
2022-03-08,103969.71102139968,-0.0020799859420801594,0.0514591617265181,5,0.19889735817496487,0.5952025730544602,0.20590006877057504,0.0
2022-03-09,103281.67864887827,-0.006617623207395488,0.057736247591039014,5,0.20559046978743703,0.5932961017645509,0.2011134284480121,0.0
2022-03-10,102370.24774131186,-0.008824710437414037,0.06605145236171939,5,0.20648430422181252,0.5899783887086737,0.20353730706951373,0.0
2022-03-11,102157.18413793352,-0.002081303973364762,0.06799528318483727,5,0.2042839965468477,0.5931876098431406,0.2025283936100117,0.0
2022-03-14,100277.88608105054,-0.018396141913480497,0.08514057421940224,5,0.2065915190275692,0.5901945904568576,0.20321389051557315,0.0
2022-03-15,101491.00591736162,0.012495905345842941,0.07407298833158671,1,0.6056263129285431,0.394373687071457,0.0,0.0
2022-03-16,103246.52514707425,0.01729728869907991,0.058056961496481874,1,0.6085298121596948,0.3914701878403053,0.0,0.0
2022-03-17,103731.29602934288,0.00469527552213559,0.05363427940455012,1,0.6132635562648563,0.38673644373514376,0.0,0.0
2022-03-18,104917.99832023881,0.011440156792799137,0.042807707177607957,1,0.6129681006355587,0.3870318993644412,0.0,0.0
2022-03-21,103958.89817716762,-0.009141426241699184,0.05155780992156689,1,0.6184424001830651,0.3815575998169349,0.0,0.0
2022-03-22,104154.08820741792,0.0018960466156112792,0.04977704403218064,1,0.6058719811805393,0.39412801881946075,0.0,0.0
2022-03-23,104241.02415930227,0.0008346859290938658,0.0489839063013322,1,0.5975706256734019,0.4024293743265981,0.0,0.0
2022-03-24,104851.43556526495,0.0058557694620291955,0.04341497530195326,1,0.6030472205204888,0.39695277947951135,0.0,0.0
2022-03-25,104582.8371320741,-0.002561704870732759,0.04586546381899226,1,0.6075486828622237,0.39245131713777626,0.0,0.0
2022-03-28,105385.69765380777,0.007676790415618416,0.03854077295642755,1,0.6072087151727291,0.392791284827271,0.0,0.0
2022-03-29,106485.51732286824,0.010443421857621659,0.028506851917389886,1,0.6011445582057503,0.39885544179424975,0.0,0.0
2022-03-30,106421.59996649019,-0.000600244596495182,0.029089985430058696,1,0.5977913745509731,0.402208625449027,0.0,0.0
2022-03-31,105546.38823209952,-0.008224004663209909,0.037074753917438974,1,0.593471344701128,0.40652865529887205,0.0,0.0
2022-04-01,105887.25035628266,0.0032295006005660905,0.03396498625691513,1,0.5932373821025148,0.40676261789748536,0.0,0.0
2022-04-04,106126.06580742121,0.0022553749420728287,0.03178621509375401,1,0.5969730765893951,0.40302692341060486,0.0,0.0
2022-04-05,104244.98335821994,-0.017334888928547797,0.048947785571329616,5,0.20095728167047058,0.5967896524106587,0.20225306591887077,0.0
2022-04-06,103581.33978560622,-0.006366191937824163,0.055002366511275214,5,0.20022246056568663,0.5957516829973047,0.20402585643700855,0.0
2022-04-07,103301.04709920957,-0.002706015262756784,0.05755954453076484,5,0.20177745210493203,0.5928687863884775,0.20535376150659052,0.0
2022-04-08,102714.90841309035,-0.005674082718215721,0.06290702963209016,5,0.20238626618010092,0.5897940458455265,0.20781968797437259,0.0
2022-04-11,101506.7822723988,-0.011761935627034805,0.0739290568261044,5,0.2012946172461243,0.5873692991552435,0.2113360835986322,0.0
2022-04-12,101435.96762432813,-0.0004990284224214801,0.07457511600029187,2,0.39871686423230995,0.3996471633626768,0.20163597240501327,0.0
2022-04-13,102079.56639800515,0.006344877352189543,0.06870340861264967,2,0.4007409963405498,0.3979348667224058,0.20132413693704448,0.0
2022-04-14,100688.02111716034,-0.013631967003261077,0.0813988130166915,2,0.40122043862865797,0.39534732742038,0.20343223395096205,0.0
2022-04-18,100570.27585094333,-0.0011694068957816212,0.08247303157922292,2,0.4018553053442168,0.39384348062582225,0.20430121402996096,0.0
2022-04-19,100615.46067846278,0.0004492861050358078,0.08206079946131584,2,0.40815903689964544,0.39071769567144543,0.20112326742890904,0.0
2022-04-20,100921.20053643036,0.00343188231215452,0.07927146073640112,3,0.7966726026195624,0.20332739738043776,0.0,0.0
2022-04-21,99567.10297460982,-0.013417374690580902,0.09162522053601208,3,0.7954321179643346,0.20456788203566545,0.0,0.0
2022-04-22,97265.7602400251,-0.02311348493459303,0.11262092731611717,3,0.791909948163497,0.20809005183650295,0.0,0.0
2022-04-25,97914.74121561075,0.006672244929604567,0.10670011679776492,3,0.7912218982215196,0.20877810177848036,0.0,0.0
2022-04-26,95876.86470233991,-0.020812765146193662,0.1252921574719753,3,0.7846379059848267,0.21536209401517326,0.0,0.0
2022-04-27,95311.24207349724,-0.00551695351682222,0.13045246961710044,2,0.40334997561359814,0.39706030201714454,0.1995897223692574,0.0
2022-04-28,96441.36395634079,0.011857172965725108,0.12014209414743127,2,0.40869242048396953,0.3929918709148386,0.19831570860119177,0.0
2022-04-29,94490.93092929682,-0.020224029887496466,0.1379363667321437,2,0.4017132396633432,0.39590038881597,0.20238637152068675,0.0
2022-05-02,93716.4105675107,-0.008196769300174109,0.1450025034561102,2,0.4074712355280684,0.3922531229340059,0.2002756415379257,0.0
2022-05-03,94189.01595417566,0.005042930942436137,0.14069081012508344,2,0.40728523192886373,0.39291611460485537,0.1997986534662809,0.0
2022-05-04,96549.53162045719,0.02546418990678144,0.1191552543670078,3,0.8038917962774353,0.19610820372256466,0.0,0.0
2022-05-05,93272.09871593308,-0.03394561164116169,0.1490560680184233,3,0.8025626533119699,0.19743734668803012,0.0,0.0
2022-05-06,92553.94114895747,-0.0076995969519546995,0.15560799332339292,3,0.8039625763179884,0.19603742368201152,0.0,0.0
2022-05-09,90331.14908095181,-0.024016179542568197,0.17588706336004778,3,0.7973715133886264,0.20262848661137353,0.0,0.0
2022-05-10,90663.57307900403,0.003680059441669389,0.172854278766564,3,0.7962835523939475,0.20371644760605231,0.0,0.0
2022-05-11,89860.47707859134,-0.00885429517229674,0.1801811179581121,3,0.7943243582152999,0.20567564178470019,0.0,0.0
2022-05-12,89751.48582099864,-0.0012128942682707341,0.18117547158116087,3,0.7944587019047364,0.20554129809526353,0.0,0.0
2022-05-13,91183.52589684844,0.01595561413552384,0.16811062336100757,3,0.8006771316745414,0.19932286832545876,0.0,0.0
2022-05-16,90868.49272884915,-0.003454935142074613,0.1709847472026762,3,0.8001930437836635,0.19980695621633648,0.0,0.0
2022-05-17,92144.81232481397,0.014045788123429812,0.15934057461079343,3,0.8053415283072196,0.19465847169278042,0.0,0.0
2022-05-18,89565.58663034784,-0.027985810700922844,0.18287147489214417,3,0.7898554566614047,0.2101445433385954,0.0,0.0
2022-05-19,89177.40431847889,-0.0043340564883591086,0.18641295607821118,3,0.7884351812161342,0.2115648187838658,0.0,0.0
2022-05-20,89422.22410430995,0.002745311861250553,0.18417940591637294,3,0.7866197049965534,0.21338029500344652,0.0,0.0
2022-05-23,90424.37150492416,0.011206916520497316,0.17503657262277517,3,0.7924566205321519,0.20754337946784807,0.0,0.0
2022-05-24,90247.67219910395,-0.0019541115174971776,0.17664864315772688,3,0.7879469369797991,0.21205306302020094,0.0,0.0
2022-05-25,90955.80702011494,0.00785871937765048,0.17018815779007823,3,0.8007748437771541,0.1992251562228458,0.0,0.0
2022-05-26,92329.13468057664,0.01509884531240527,0.15765895714614864,3,0.8046263102003274,0.19537368979967254,0.0,0.0
2022-05-27,94196.93210503152,0.02022977287631639,0.14061858916481584,3,0.8080328641062814,0.19196713589371864,0.0,0.0
2022-05-31,93387.20919081989,-0.0085960646075901,0.14800588729491693,3,0.8104659699771378,0.1895340300228622,0.0,0.0
2022-06-01,92754.77620886633,-0.00677215849401065,0.1537757264621198,3,0.8093918097881939,0.19060819021180617,0.0,0.0
2022-06-02,94176.58208313033,0.0153381898945325,0.1408042473400999,3,0.8029196030627107,0.19708039693728932,0.0,0.0
2022-06-03,92895.68460290132,-0.01360101897835219,0.15249018507814682,3,0.8006316766514215,0.19936832334857849,0.0,0.0
2022-06-06,92780.55888992776,-0.0012393009800796893,0.15354050482240666,3,0.8040659732390925,0.19593402676090754,0.0,0.0
2022-06-07,93692.48259728744,0.009828823174492286,0.1452208041199361,3,0.8038774997990961,0.19612250020090394,0.0,0.0
2022-06-08,92710.81070452342,-0.01047759505939742,0.15417683439956475,3,0.8035569899522069,0.19644301004779302,0.0,0.0
2022-06-09,91008.2919046017,-0.01836026532672014,0.16970932548556683,3,0.7955807027359368,0.20441929726406316,0.0,0.0
2022-06-10,88793.49868769245,-0.024336169491356707,0.18991542006764295,3,0.7917813257803937,0.20821867421960635,0.0,0.0
2022-06-13,85544.00166117877,-0.036596114293715586,0.2195613679424241,3,0.7906537247299829,0.20934627527001706,0.0,0.0
2022-06-14,85114.31284228768,-0.005023015179871914,0.22348152303820779,3,0.7922507388602763,0.2077492611397237,0.0,0.0
2022-06-15,86405.51491191042,0.015170210820068123,0.21170157403701917,3,0.7915374187920606,0.20846258120793926,0.0,0.0
2022-06-16,84254.26529451924,-0.024888881282491237,0.2313279449807235,3,0.793266667286213,0.2067333327137871,0.0,0.0
2022-06-17,84454.47958062682,0.0023763103910253787,0.2295013415890903,3,0.7930922218849481,0.20690777811505195,0.0,0.0
2022-06-21,85844.3910964616,0.016457522712076428,0.21682084241866828,3,0.7998929457682591,0.2001070542317409,0.0,0.0
2022-06-22,86192.29857964817,0.004052768954883043,0.21364679824271127,3,0.7952199537803494,0.2047800462196506,0.0,0.0
2022-06-23,87009.17962006252,0.009477424942548643,0.20619419479472367,3,0.7954760251561225,0.2045239748438775,0.0,0.0
2022-06-24,88980.97286915671,0.02266652561499856,0.18820504773426072,3,0.8071400384423667,0.1928599615576332,0.0,0.0
2022-06-27,88560.2746561581,-0.004727956993875991,0.19204317935641868,3,0.8078764882401542,0.1921235117598457,0.0,0.0
2022-06-28,87177.67189977129,-0.01561199715961668,0.20465699894539924,3,0.8039201122627679,0.19607988773723206,0.0,0.0
2022-06-29,87387.39719951981,0.002405722648680515,0.2027436242742926,3,0.8013376092088975,0.1986623907911026,0.0,0.0
2022-06-30,86970.93903191102,-0.0047656547849564655,0.20654307293610696,3,0.798633289541876,0.20136671045812404,0.0,0.0
2022-07-01,87885.28252566396,0.01051458818118892,0.19820129593669022,3,0.8000491106839676,0.1999508893160325,0.0,0.0
2022-07-05,88156.14624812911,0.003082014584023758,0.19573014063731564,3,0.7990972858778417,0.2009027141221584,0.0,0.0
2022-07-06,88096.6744451381,-0.0006746189065890835,0.1962727162904414,3,0.8023372122527095,0.1976627877472905,0.0,0.0
2022-07-07,89002.08168098271,0.010277428081674558,0.18801246693483675,3,0.8060697951959609,0.19393020480403916,0.0,0.0
2022-07-08,88751.8810522058,-0.0028111772674455178,0.19029510782923864,3,0.8076771880225061,0.19232281197749387,0.0,0.0
2022-07-11,88246.2140331982,-0.00568990228761406,0.19490843043430006,3,0.7953867953431428,0.20461320465685717,0.0,0.0
2022-07-12,87732.39801658619,-0.005822527597826696,0.19959609831687386,3,0.7929655759716909,0.20703442402830904,0.0,0.0
2022-07-13,87575.30757256513,-0.0017905636637375647,0.2010292724595415,3,0.7902159558597414,0.2097840441402587,0.0,0.0
2022-07-14,87257.36649192098,-0.0036304877420007984,0.20392992589209458,3,0.791169391394655,0.208830608605345,0.0,0.0
2022-07-15,88678.86114619469,0.016290826911505532,0.1909612861053731,3,0.7933603526949892,0.2066396473050109,0.0,0.0
2022-07-18,87907.7165468312,-0.008689341623190941,0.1979966249316949,3,0.8003489656539334,0.1996510343460666,0.0,0.0
2022-07-19,89714.03031559425,0.02054784084626723,0.18151718722262233,3,0.8054240703648233,0.19457592963517656,0.0,0.0
2022-07-20,90220.33245877824,0.00564351129252504,0.17689807022597548,3,0.8060082160332419,0.19399178396675812,0.0,0.0
2022-07-21,91263.20672147897,0.011559193302432358,0.16738367591211245,3,0.8049118554695095,0.19508814453049064,0.0,0.0
2022-07-22,90880.95824930622,-0.0041884181578160035,0.17087102124241615,3,0.8007979226835538,0.19920207731644618,0.0,0.0
2022-07-25,90791.36831031683,-0.0009849972553520401,0.17168837193998976,3,0.8017616973452887,0.1982383026547113,0.0,0.0
2022-07-26,89943.94908416015,-0.009333698146945709,0.17941958264790714,3,0.7997404664905302,0.20025953350946982,0.0,0.0
2022-07-27,91710.57317252435,0.01964138895781842,0.1633022434995257,3,0.8047014870021996,0.1952985129978005,0.0,0.0
2022-07-28,92778.77111217684,0.01164748951729939,0.15355681515153863,3,0.805413199327896,0.19458680067210407,0.0,0.0
2022-07-29,93819.10385414246,0.011213047225078812,0.14406560774648658,3,0.8080938987893356,0.19190610121066445,0.0,0.0
2022-08-01,94047.99716814196,0.0024478440498450797,0.1419773586419798,3,0.7956833595238795,0.20431664047612036,0.0,0.0
2022-08-02,93147.71300199773,-0.009572603279734537,0.15019086899273004,3,0.7980736776450039,0.20192632235499605,0.0,0.0
2022-08-03,94607.96348491916,0.015676718578051613,0.1368686504008706,3,0.7980601507338833,0.20193984926611688,0.0,0.0
2022-08-04,94550.5407629597,-0.0006069544237532782,0.1373925317917899,3,0.7980052890733718,0.2019947109266283,0.0,0.0
2022-08-05,93968.39647592422,-0.006156964120331439,0.14270357502347786,3,0.8015918061170775,0.19840819388292258,0.0,0.0
2022-08-08,94184.34221838867,0.0022996632274185406,0.14073344974789004,3,0.7972380502057127,0.20276194979428727,0.0,0.0
2022-08-09,93811.93791052976,-0.003953993828352198,0.14413098438449634,3,0.7972243891493,0.20277561085069987,0.0,0.0
2022-08-10,95258.56303470921,0.015420480126517776,0.13093307323829506,3,0.8016080761503246,0.19839192384967533,0.0,0.0
2022-08-11,94818.05212965992,-0.004624370670894825,0.13495196084545646,3,0.8053322308992213,0.19466776910077868,0.0,0.0
2022-08-12,96297.94204559021,0.0156076810553608,0.12145056695276724,3,0.8063800993406273,0.19361990065937273,0.0,0.0
2022-08-15,96598.09705743285,0.0031233411103188603,0.11871218013079554,3,0.800795307664261,0.199204692335739,0.0,0.0
2022-08-16,96829.61693355163,0.002396733301910959,0.11659996826434649,3,0.8004453809064817,0.19955461909351835,0.0,0.0
2022-08-17,96077.79879585974,-0.007764340720337968,0.12345898710309944,3,0.8009829028869795,0.1990170971130205,0.0,0.0
2022-08-18,96329.80150826709,0.0026229026431257288,0.12115990536356414,3,0.8012094674405748,0.19879053255942533,0.0,0.0
2022-08-19,94984.30771386098,-0.013967575696609634,0.1334351709106142,3,0.8016398232038132,0.19836017679618675,0.0,0.0
2022-08-22,93338.03890637573,-0.01733039687261996,0.14845447970098036,3,0.7971569375737539,0.2028430624262461,0.0,0.0
2022-08-23,93053.8406917599,-0.0030448273602672023,0.15104728879969986,3,0.7976571641333348,0.20234283586666527,0.0,0.0
2022-08-24,93153.6447630273,0.0010725411280765173,0.15013675210114552,3,0.7993533140247512,0.20064668597524887,0.0,0.0
2022-08-25,94465.36191180797,0.014081221965254643,0.13816963906736957,3,0.799381955078832,0.2006180449211681,0.0,0.0
2022-08-26,92052.11321265386,-0.025546387059916204,0.16018629104774174,3,0.7925707490766947,0.20742925092330533,0.0,0.0
2022-08-29,91412.20043400394,-0.0069442582806685405,0.1660243702106008,3,0.8002676513234408,0.19973234867655917,0.0,0.0
2022-08-30,90654.51166593566,-0.008288705057650437,0.17293694823119332,3,0.7980977473661875,0.2019022526338125,0.0,0.0
2022-08-31,89928.97780883875,-0.008003284599563197,0.17955616921628237,3,0.7984148652552926,0.20158513474470735,0.0,0.0
2022-09-01,89822.39230848046,-0.0011852186353643475,0.1805285745337969,3,0.8018706515576649,0.19812934844233504,0.0,0.0
2022-09-02,89163.5884549892,-0.007334516890049945,0.18653900154479208,3,0.7992776634829343,0.20072233651706578,0.0,0.0
2022-09-06,88452.6914724618,-0.00797223510391832,0.19302468678050322,3,0.8033862174315768,0.19661378256842318,0.0,0.0
2022-09-07,90004.35435727192,0.01754229135348809,0.17886849072093447,3,0.8037199426708403,0.19628005732915954,0.0,0.0
2022-09-08,90295.96594742233,0.0032399720239406995,0.176208047602894,3,0.8063606472091134,0.19363935279088657,0.0,0.0
2022-09-09,91465.93829910355,0.012957083291655198,0.16553410666068935,3,0.808413042569739,0.19158695743026094,0.0,0.0
2022-09-12,92116.63681329502,0.007114107462207509,0.15959762662192656,3,0.8113295539273915,0.1886704460726085,0.0,0.0
2022-09-13,88954.15380095365,-0.03432034971542034,0.1884497245847121,3,0.7924100139101825,0.20758998608981755,0.0,0.0
2022-09-14,89286.57820003344,0.0037370306486600915,0.18541693633255651,3,0.7924720790997988,0.2075279209002012,0.0,0.0
2022-09-15,88471.24714234298,-0.009131619490040708,0.1928553989129992,3,0.790695334088747,0.20930466591125296,0.0,0.0
2022-09-16,87783.2043269449,-0.007777021773990324,0.19913258005041146,3,0.7908132123928389,0.20918678760716106,0.0,0.0
2022-09-19,88364.4484175705,0.0066213587790755766,0.19382974952845267,3,0.7917038989541655,0.2082961010458345,0.0,0.0
2022-09-20,87376.08045928493,-0.011176927929343399,0.20284686963453702,3,0.7997558891944534,0.20024411080554652,0.0,0.0
2022-09-21,86450.23127293732,-0.010596140058937938,0.21129361585231032,3,0.7942207853243988,0.20577921467560123,0.0,0.0
2022-09-22,85418.99329917226,-0.011928689589149572,0.22070184948578864,3,0.797057283888852,0.202942716111148,0.0,0.0
2022-09-23,84349.06522087725,-0.012525646076718343,0.2304630623073709,3,0.7936436147207153,0.2063563852792847,0.0,0.0
2022-09-26,83354.19437161459,-0.011794687311086231,0.23953950986178618,3,0.7951713130273473,0.2048286869726527,0.0,0.0
2022-09-27,82744.61012574127,-0.00730838682702822,0.2451008944794657,3,0.8038325578491827,0.19616744215081727,0.0,0.0
2022-09-28,84596.799272123,0.02238440840517701,0.22820292459679126,3,0.8017032367890112,0.1982967632109888,0.0,0.0
2022-09-29,83093.24859255599,-0.017773139084500476,0.24192018136294324,3,0.7991600402402814,0.2008399597597185,0.0,0.0
2022-09-30,81850.94212042022,-0.01495075103186011,0.25325404399366347,3,0.798744085494668,0.20125591450533206,0.0,0.0
2022-10-03,83838.75020607703,0.024285708070804077,0.23511878970304,3,0.8003938428958609,0.19960615710413904,0.0,0.0
2022-10-04,85870.20378039319,0.024230888326767543,0.2165853470555088,3,0.8052768372543823,0.19472316274561774,0.0,0.0
2022-10-05,85549.31352340481,-0.0037369220388603097,0.2195129065376632,3,0.8064152991445803,0.19358470085541962,0.0,0.0
2022-10-06,84745.58527663532,-0.009394911702589027,0.22684551386575225,3,0.8056656234939196,0.19433437650608046,0.0,0.0
2022-10-07,82681.20929938104,-0.02435968753434804,0.24567931556376188,3,0.802747118383505,0.19725288161649496,0.0,0.0
2022-10-10,81920.90268378648,-0.009195639759471196,0.2526157768409554,3,0.8040113655364909,0.19598863446350911,0.0,0.0
2022-10-11,81578.0443507529,-0.00418124167512446,0.2557437563979803,3,0.7982713770043399,0.20172862299566008,0.0,0.0
2022-10-12,81443.97791806684,-0.0016434131726623031,0.25696687691255204,3,0.7969478650672743,0.20305213493272561,0.0,0.0
2022-10-13,82998.73753973072,0.019089927351387075,0.24278242857313825,3,0.8026575991208659,0.19734240087913424,0.0,0.0
2022-10-14,81345.41554582097,-0.019919845083406506,0.2578660852903947,3,0.8003079282854848,0.1996920717145152,0.0,0.0
2022-10-17,82939.24705425417,0.019593378406622147,0.24332517467110149,3,0.8050990777615955,0.19490092223840447,0.0,0.0
2022-10-18,83757.30828563562,0.00986852844289556,0.23586180405527002,3,0.8014900611632956,0.19850993883670442,0.0,0.0
2022-10-19,82978.89685480522,-0.009293653852578496,0.24296343994391412,3,0.8032757731057764,0.1967242268942237,0.0,0.0
2022-10-20,82140.9331884318,-0.010098515383250673,0.2506083852913237,3,0.8046658933359421,0.19533410666405795,0.0,0.0
2022-10-21,83457.99668916852,0.016034192084418676,0.23859249619463208,3,0.8112134145185836,0.1887865854814164,0.0,0.0
2022-10-24,84156.20744129445,0.008366013801246056,0.23222255050942409,3,0.8143269695202483,0.18567303047975178,0.0,0.0
2022-10-25,85720.07894619343,0.01859755422729144,0.2179549722538341,3,0.7979353521337564,0.2020646478662435,0.0,0.0
2022-10-26,85454.29662134462,-0.003100584228528909,0.22037976873286325,3,0.7943866207310663,0.20561337926893375,0.0,0.0
2022-10-27,85275.7757491617,-0.0020890801193293273,0.22200845785863044,3,0.7917988057383378,0.20820119426166214,0.0,0.0
2022-10-28,86760.10785514934,0.017406257438851266,0.2084665367908689,3,0.7967674201984525,0.20323257980154752,0.0,0.0
2022-10-31,86135.09416079722,-0.007203929430281615,0.21416868800153388,3,0.7967518996621,0.20324810033790003,0.0,0.0
2022-11-01,86666.72772824664,0.00677288379498344,0.20931846629014528,5,0.19778527557041786,0.6015332309135621,0.20068149351602,0.0
2022-11-02,85888.99258226281,-0.008973860746450528,0.2164139322684474,5,0.19456760190659553,0.6043456414517759,0.20108675664162848,0.0
2022-11-03,85371.06395033085,-0.006030209650391473,0.2211391205359946,5,0.19373243178765887,0.6047308463300938,0.2015367218822473,0.0
2022-11-04,85269.88525283168,-0.001185163834411532,0.22206219828237328,5,0.19675403032591374,0.5952763401112,0.20796962956288628,0.0
2022-11-07,84853.69971000028,-0.004880803364486538,0.22585915972235793,5,0.19961034478887488,0.5922280866769455,0.2081615685341796,0.0
2022-11-08,85354.26182028944,0.006503413686633441,0.22129241043511705,3,0.7991193885912831,0.20088061140871694,0.0,0.0
2022-11-09,84005.3922917346,-0.015803188965476892,0.23359847362186192,3,0.7952228831901006,0.2047771168098994,0.0,0.0
2022-11-10,88338.33101970587,0.05157929282591544,0.1940680248705755,3,0.7977750087827422,0.20222499121725776,0.0,0.0
2022-11-11,88954.96530638923,0.006980370577137284,0.188442321024208,3,0.7999126356933847,0.20008736430661522,0.0,0.0
2022-11-14,88306.0130285202,-0.007295290101388153,0.19436286972634575,3,0.7989364225177218,0.20106357748227827,0.0,0.0
2022-11-15,88902.08112058372,0.007302973648056125,0.18892479625129643,4,0.2503042984203241,0.2522032474923062,0.24906033588016716,0.24843211820720235
2022-11-16,89174.52936854634,0.003064587966091292,0.18643918494229317,4,0.24763588745572573,0.2569311400302264,0.2477292797724653,0.2477036927415826
2022-11-17,88677.45662866818,-0.0055741560218818195,0.19097409985871416,4,0.24826201520693233,0.25564493924950293,0.2473074565078422,0.24878558903572254
2022-11-18,88445.86662700004,-0.002611599503106022,0.19308695149752308,4,0.25004220259172044,0.25455164403864233,0.2462457039564966,0.2491604494131406
2022-11-21,88333.16685833706,-0.0012742231260874555,0.19411513876466668,4,0.24945088674196356,0.2559507047414299,0.24518161814499048,0.24941679037161596
2022-11-22,89485.56225744479,0.01360404904747986,0.18360155661508126,3,0.7998840950760265,0.20011590492397344,0.0,0.0
2022-11-23,90248.96235733999,0.008530986235510662,0.17663687273187212,3,0.7981160157808438,0.2018839842191561,0.0,0.0
2022-11-25,90171.07179619375,-0.0008630632321047786,0.1773474871736882,3,0.7986265311754412,0.20137346882455878,0.0,0.0
2022-11-28,89073.14663483271,-0.012176024300150136,0.1873641241604409,3,0.7955699058664937,0.20443009413350635,0.0,0.0
2022-11-29,88737.8892905123,-0.003763843054684485,0.19042275805770703,3,0.7972037917994502,0.20279620820054975,0.0,0.0
2022-11-30,91104.42372000271,0.026671686650005605,0.16883229166610714,3,0.8037629838990167,0.19623701610098337,0.0,0.0
2022-12-01,91621.64460964962,0.005677231340999648,0.16411356030272706,3,0.7986372610661969,0.20136273893380308,0.0,0.0
2022-12-02,91769.2300656629,0.0016108143074931394,0.16276710246622328,3,0.7964328833733051,0.20356711662669497,0.0,0.0
2022-12-05,90192.78363029016,-0.017178377046911608,0.17714940485613684,3,0.7957760267348283,0.2042239732651718,0.0,0.0
2022-12-06,89395.42055915685,-0.008840652644692566,0.18442394114628224,3,0.7913006273628302,0.2086993726371698,0.0,0.0
2022-12-07,89694.26758176043,0.0033517076308226808,0.18169748742672165,3,0.795971315405959,0.2040286845940411,0.0,0.0
2022-12-08,90203.39923921868,0.00567630096309277,0.17705255608650072,3,0.7976789162711698,0.20232108372883023,0.0,0.0
2022-12-09,89191.12932348815,-0.011222081698340533,0.18628773953553845,3,0.8007056297901175,0.19929437020988242,0.0,0.0
2022-12-12,90277.58129386316,0.012181166205829128,0.1763757752470999,3,0.802474449738312,0.19752555026168805,0.0,0.0
2022-12-13,90998.17616325709,0.0079819913102049,0.169801613842248,3,0.8021464284198611,0.197853571580139,0.0,0.0
2022-12-14,90610.2819988922,-0.004260521384158881,0.17334046618889287,3,0.7982863554202075,0.20171364457979246,0.0,0.0
2022-12-15,88912.20769687771,-0.01874041515548144,0.18883240904474974,3,0.7936319563762557,0.20636804362374428,0.0,0.0
2022-12-16,87874.15882062535,-0.0116749870815412,0.19830278019011727,3,0.7935265935982155,0.2064734064017844,0.0,0.0
2022-12-19,86977.95771496266,-0.010198687733581433,0.20647903979183857,3,0.7949047260407992,0.2050952739592007,0.0,0.0
2022-12-20,86755.79703606597,-0.0025542181574870555,0.20850586543674876,3,0.798030726838098,0.20196927316190205,0.0,0.0
2022-12-21,87837.01677597212,0.01246478912385526,0.19864163605327634,3,0.8019657221114243,0.19803427788857578,0.0,0.0
2022-12-22,86828.71532927224,-0.011479231464241858,0.20784061419882705,3,0.7997046945341297,0.2002953054658703,0.0,0.0
2022-12-23,86973.18083738367,0.001663798750950055,0.20652262040217773,3,0.8029689186897281,0.19703108131027205,0.0,0.0
2022-12-27,86358.93345555336,-0.00706249186147147,0.21212654793784913,3,0.8054911084147003,0.19450889158529966,0.0,0.0
2022-12-28,85395.46262453172,-0.01115658557220961,0.22091652552585272,3,0.8044555101941657,0.19554448980583425,0.0,0.0
2022-12-29,86818.6576447442,0.016670462336030478,0.2079323728891186,3,0.8010464709047287,0.19895352909527134,0.0,0.0
2022-12-30,86443.31438636877,-0.004323301794313765,0.21135672028262487,3,0.8024054192897019,0.19759458071029812,0.0,0.0
2023-01-03,86477.28327906755,0.00039296147932212685,0.2110468138527697,3,0.7987136190279119,0.20128638097208804,0.0,0.0
2023-01-04,87248.99128071629,0.008923823371721701,0.2040063349710347,3,0.7977607067609788,0.20223929323902118,0.0,0.0
2023-01-05,86528.3512507622,-0.008259580075091972,0.21058090838660737,3,0.7952238515864922,0.20477614841350775,0.0,0.0
2023-01-06,88433.72173010012,0.02202506838957242,0.19319775233146808,3,0.800710064367161,0.1992899356328389,0.0,0.0
2023-01-09,88487.40391557496,0.0006070329781967183,0.19270799676025008,3,0.7997705343905508,0.20022946560944913,0.0,0.0
2023-01-10,88690.46709952645,0.0022948258731291193,0.1908554021840453,3,0.8035351792223,0.19646482077770006,0.0,0.0
2023-01-11,89875.01719883118,0.013356002488694339,0.18004846492190185,3,0.8029737741850956,0.19702622581490434,0.0,0.0
2023-01-12,90486.27485519623,0.006801196544004641,0.1744718133752774,3,0.8004530915893099,0.19954690841069006,0.0,0.0
2023-01-13,90597.44755897463,0.0012290676449712601,0.1734575578906835,3,0.8021177535690637,0.19788224643093635,0.0,0.0
2023-01-17,90348.45582603355,-0.002748330550692296,0.17572916973577646,3,0.8028549232973975,0.19714507670260253,0.0,0.0
2023-01-18,89634.8450164352,-0.0078984284022785,0.18223961387270515,3,0.7964703269631477,0.20352967303685235,0.0,0.0
2023-01-19,89000.92450895216,-0.007072255297220707,0.1880230240953511,3,0.7963037742890531,0.20369622571094692,0.0,0.0
2023-01-20,90027.30702475097,0.011532268023750342,0.17865908798010433,3,0.8018905277613478,0.19810947223865208,0.0,0.0
2023-01-23,90806.52745567595,0.008657285542222361,0.17155007138778855,3,0.8026501539180315,0.19734984608196846,0.0,0.0
2023-01-24,90985.99443494146,0.0019763665046337578,0.16991275069811318,3,0.8002070865897402,0.19979291341025984,0.0,0.0
2023-01-25,91057.35938264123,0.0007843509118404818,0.169261671007216,3,0.7998795109507871,0.20012048904921279,0.0,0.0
2023-01-26,91773.08112183932,0.007860119643822331,0.16273196834862358,3,0.8023639564836559,0.19763604351634398,0.0,0.0
2023-01-27,91896.49580997322,0.0013447809164220822,0.1616060262777287,3,0.8031274675049557,0.1968725324950443,0.0,0.0
2023-01-30,90906.62919453492,-0.010768444414536041,0.17063681899574934,3,0.7985617407517297,0.20143825924827027,0.0,0.0
2023-01-31,92120.41514798213,0.013352007045050325,0.1595631559600753,3,0.7996267593221218,0.20037324067787818,0.0,0.0
2023-02-01,93125.17189705232,0.01090699328108928,0.15039651694895195,3,0.7994059247666875,0.2005940752333125,0.0,0.0
2023-02-02,94233.04191518047,0.011896568839119622,0.1402891506268792,3,0.8015076699866965,0.19849233001330344,0.0,0.0
2023-02-03,93150.49009545888,-0.011488027954101176,0.1501655328969218,3,0.8022040264475562,0.19779597355244385,0.0,0.0
2023-02-06,92556.94248304605,-0.00636973153234114,0.15558061142606583,3,0.8002081363154997,0.19979186368450033,0.0,0.0
2023-02-07,93377.1851488328,0.008862032860873713,0.14809733905616473,3,0.8035525135105781,0.1964474864894219,0.0,0.0
2023-02-08,92644.02104205506,-0.007851640693700049,0.15478617265590267,3,0.8010555478636168,0.1989444521363833,0.0,0.0
2023-02-09,91826.04327416646,-0.008829255883844766,0.16224878181408753,3,0.8011848391029072,0.19881516089709284,0.0,0.0
2023-02-10,91793.45186439941,-0.00035492555929631734,0.16254612113375333,3,0.8033397256299031,0.19666027437009692,0.0,0.0
2023-02-13,92809.67757612946,0.011074163254322422,0.15327484800035884,3,0.8005260546756784,0.19947394532432158,0.0,0.0
2023-02-14,92732.88952983599,-0.0008273711136479634,0.15397540393232256,3,0.8008203912929404,0.19917960870705964,0.0,0.0
2023-02-15,92801.79332523991,0.000743035138377239,0.1533467779295129,3,0.8028242984536268,0.1971757015463732,0.0,0.0
2023-02-16,91516.71667686122,-0.0138475411124321,0.165070843230107,3,0.8028884007428548,0.1971115992571452,0.0,0.0
2023-02-17,91473.42039061368,-0.00047309702336041263,0.16546584572889167,3,0.8012614976681564,0.1987385023318437,0.0,0.0
2023-02-21,89649.68434898957,-0.019936096636885,0.18210423105012852,3,0.7998982789883057,0.20010172101169435,0.0,0.0
2023-02-22,89715.24306218093,0.0007312765646351881,0.18150612304198122,3,0.7982120519710657,0.20178794802893427,0.0,0.0
2023-02-23,90273.08719154666,0.006217941459279942,0.17641677603027706,3,0.7974993127484423,0.2025006872515576,0.0,0.0
2023-02-24,89266.38272846298,-0.011151767314078881,0.1856011845077663,3,0.7978780005838484,0.2021219994161516,0.0,0.0
2023-02-27,89558.99140580773,0.0032779269014946042,0.18293164472191892,3,0.79797967914787,0.2020203208521299,0.0,0.0
2023-02-28,89375.37187280678,-0.00204824733764022,0.1846068501643987,3,0.7986790088214651,0.20132099117853497,0.0,0.0
2023-03-01,88908.27834620669,-0.005226199531396942,0.18886825746197378,3,0.7997954668355597,0.20020453316444023,0.0,0.0
2023-03-02,89303.46031450668,0.004444827586933438,0.1852629167161033,3,0.8024488831292013,0.1975511168707988,0.0,0.0
2023-03-03,90880.13389278912,0.017655235001306172,0.17087854204644726,3,0.8011733914956102,0.1988266085043899,0.0,0.0
2023-03-06,90790.49055009708,-0.0009863909619431972,0.17169637995892584,3,0.802520122700561,0.19747987729943897,0.0,0.0
2023-03-07,89788.25191661941,-0.011036534216572181,0.18084004559201883,3,0.7965278744611016,0.2034721255388984,0.0,0.0
2023-03-08,89922.94136470328,0.0015000787431406115,0.1796112411571794,3,0.7966329094493511,0.20336709055064894,0.0,0.0
2023-03-09,88646.16802352478,-0.014198527336869963,0.19125955337647016,3,0.7931973030311419,0.20680269696885809,0.0,0.0
2023-03-10,88263.79162998946,-0.004313512947721003,0.19474806576432635,3,0.7851386059016336,0.21486139409836627,0.0,0.0
2023-03-13,88208.12207254668,-0.0006307179469034385,0.19525595261102735,3,0.7845143488779586,0.21548565112204135,0.0,0.0
2023-03-14,89083.15825196524,0.00993577111606852,0.18727278575414863,3,0.8052235934835189,0.19477640651648118,0.0,0.0
2023-03-15,88969.57536021514,-0.0012750209352574873,0.18830902996696552,3,0.801208968111543,0.198791031888457,0.0,0.0
2023-03-16,90081.90021012796,0.012502305933340596,0.1781610211362824,3,0.8051994895145481,0.1948005104854518,0.0,0.0
2023-03-17,89497.18558097172,-0.006490922458255289,0.18349551422125854,3,0.8009838662977574,0.1990161337022426,0.0,0.0
2023-03-20,90029.77718907151,0.005950931357700847,0.17863655207313434,3,0.8039017161485643,0.19609828385143574,0.0,0.0
2023-03-21,89600.40424371495,-0.0037730055724244,0.18255382537820908,0,0.0,0.0,0.0,1.0
2023-03-22,90016.31734572847,0.0046418663567882,0.178759349481747,0,0.0,0.0,0.0,1.0
2023-03-23,90279.03402913867,0.0029185451166722,0.17636252159156418,0,0.0,0.0,0.0,1.0
2023-03-24,90322.81385960578,0.0004849390662839,0.17596310760182832,0,0.0,0.0,0.0,1.0
2023-03-27,89939.74741188245,-0.0042410818635341,0.17945791552106116,0,0.0,0.0,0.0,1.0
2023-03-28,89841.21687416379,-0.0010955171718177,0.1803568334648069,0,0.0,0.0,0.0,1.0
2023-03-29,89808.36079472172,-0.0003657127606372,0.18065658742997792,0,0.0,0.0,0.0,1.0
2023-03-30,89819.33167150617,0.0001221587465505,0.1805564974657039,0,0.0,0.0,0.0,1.0
2023-03-31,89928.77653509802,0.0012185000885123,0.17955800548533496,0,0.0,0.0,0.0,1.0
2023-04-03,90038.47587779054,0.0012198469379787,0.1785571918305371,0,0.0,0.0,0.0,1.0
2023-04-04,90246.87541093549,0.0023145608709305,0.17665591244904078,0,0.0,0.0,0.0,1.0
2023-04-05,90367.5644807162,0.0013373213114709,0.17555483685408524,0,0.0,0.0,0.0,1.0
2023-04-06,90334.63300005913,-0.0003644170432866,0.17585527872279083,0,0.0,0.0,0.0,1.0
2023-04-10,90016.53412422165,-0.0035213391063123,0.17875737175908513,0,0.0,0.0,0.0,1.0
2023-04-11,90005.55382228535,-0.0001219809454245,0.1788575477113007,0,0.0,0.0,0.0,1.0
2023-04-12,90104.27286304155,0.0010968105473927,0.1779569100087186,0,0.0,0.0,0.0,1.0
2023-04-13,90159.15552241939,0.0006091016289677,0.1774562022235232,0,0.0,0.0,0.0,1.0
2023-04-14,89950.70886351504,-0.0023119854849629,0.1793579115447287,0,0.0,0.0,0.0,1.0
2023-04-17,89819.0866175574,-0.0014632708026498,0.18055873315219084,0,0.0,0.0,0.0,1.0
2023-04-18,89797.13543883666,-0.0002443932525635,0.18075899906868054,0,0.0,0.0,0.0,1.0
2023-04-19,89720.37700195311,-0.0008547982795714,0.18145928486683094,0,0.0,0.0,0.0,1.0
2023-04-20,89939.72856157876,0.0024448354649788,0.17945808749694425,0,0.0,0.0,0.0,1.0
2023-04-21,89884.91187826407,-0.0006094824188529,0.17995819336654673,0,0.0,0.0,0.0,1.0
2023-04-24,89983.64034417215,0.0010983875251697,0.17905746967602276,0,0.0,0.0,0.0,1.0
2023-04-25,90334.63300005918,0.0039006274312147,0.17585527872279028,0,0.0,0.0,0.0,1.0
2023-04-26,89746.13859161943,-0.005520124644478741,0.18122425564902034,3,0.801033316226666,0.198966683773334,0.0,0.0
2023-04-27,91000.12964500561,0.013972646322894727,0.16978379175543934,3,0.8057222744836504,0.19427772551634967,0.0,0.0
2023-04-28,91911.12741645114,0.010010950259075094,0.1614725385904252,3,0.8045450491719275,0.1954549508280724,0.0,0.0
2023-05-01,91318.45250565685,-0.006448347740408746,0.1668796552514762,3,0.8089489393894557,0.19105106061054444,0.0,0.0
2023-05-02,90922.94577835235,-0.004331071283539359,0.1704879588523489,3,0.8033362431523883,0.19666375684761173,0.0,0.0
2023-05-03,90524.8936223148,-0.00437458485939412,0.1741194850156439,3,0.7979999219394782,0.20200007806052186,0.0,0.0
2023-05-04,89832.56574060144,-0.007647928144515439,0.18043575985019966,3,0.798454016759127,0.20154598324087308,0.0,0.0
2023-05-05,91100.22897957097,0.014111399674701609,0.16887056129835265,3,0.8019194658758045,0.19808053412419555,0.0,0.0
2023-05-08,90866.78549569973,-0.0025624906379057835,0.17100032270391363,3,0.8041938159791636,0.19580618402083635,0.0,0.0
2023-05-09,90482.68448912092,-0.004227078183556842,0.1745045691539876,3,0.8040660613040814,0.19593393869591863,0.0,0.0
2023-05-10,90996.14743105356,0.00567879857071132,0.16982012245717115,3,0.7991994640079839,0.2008005359920161,0.0,0.0
2023-05-11,91062.47869902164,0.0007289458932132293,0.16921496624480814,3,0.797224442704231,0.20277555729576896,0.0,0.0
2023-05-12,90812.82897563673,-0.0027415212824379222,0.17149258109597887,3,0.7983687330953175,0.20163126690468253,0.0,0.0
2023-05-15,90873.30022653812,0.0006658888571527794,0.17094088723766232,3,0.8005899318477709,0.199410068152229,0.0,0.0
2023-05-16,90332.68028779169,-0.005949161496266915,0.17587309378943727,3,0.7999991969664838,0.2000008030335162,0.0,0.0
2023-05-17,91157.22786443176,0.009127899750294701,0.16835054667586924,3,0.8023869795049742,0.1976130204950258,0.0,0.0
2023-05-18,91728.38381376422,0.0062656134100728495,0.16313975270864167,3,0.80507238132651,0.19492761867349,0.0,0.0
2023-05-19,91494.485576448,-0.002549900342636603,0.16527366293994883,3,0.8059560455959444,0.1940439544040557,0.0,0.0
2023-05-22,91461.20421945608,-0.0003637525997575997,0.16557729681514066,3,0.8065766861676952,0.19342331383230488,0.0,0.0
2023-05-23,90684.23217452755,-0.008495099660662862,0.1726658008378158,3,0.8043578853643941,0.19564211463560596,0.0,0.0
2023-05-24,90068.48289847252,-0.00678570851255388,0.17828343051801487,3,0.7996301207742667,0.2003698792257334,0.0,0.0
2023-05-25,90647.31142683091,0.006426538004541261,0.1730026377552777,3,0.8014046168649347,0.19859538313506522,0.0,0.0
2023-05-26,91733.52144872594,0.011982815648887674,0.16309288082138285,3,0.8021710080150107,0.1978289919849892,0.0,0.0
2023-05-30,91942.86445466375,0.002282077507019289,0.16118299390924096,3,0.8006494207590588,0.19935057924094116,0.0,0.0
2023-05-31,91694.42601023937,-0.00270209597991025,0.16344955796927907,3,0.7983669335856077,0.2016330664143923,0.0,0.0
2023-06-01,92463.18441601229,0.00838556320156982,0.15643598896463373,3,0.8008848997371949,0.19911510026280507,0.0,0.0
2023-06-02,93332.31038155998,0.009399697523257542,0.14850674241939543,3,0.8049008441572717,0.1950991558427282,0.0,0.0
2023-06-05,93154.44880866571,-0.0019056805962172246,0.1501294165981767,3,0.8048924130101538,0.1951075869898462,0.0,0.0
2023-06-06,93424.83447367427,0.002902552357578861,0.1476626227326867,3,0.8043104223930293,0.19568957760697064,0.0,0.0
2023-06-07,92893.62891357532,-0.005685913848192555,0.1525089396294229,3,0.8061127663657384,0.19388723363426164,0.0,0.0
2023-06-08,93597.60529311508,0.008138945305726675,0.14608639272981738,4,0.24948160246203874,0.25088229561905745,0.2512578363200324,0.24837826559887136
2023-06-09,93501.33800661434,-0.0010285229648692607,0.14696466248490914,4,0.25018659738601107,0.25079616741266486,0.2508413256134568,0.24817590958786728
2023-06-12,93781.96348139425,0.003001299026972749,0.1444044483564516,4,0.251700847058328,0.25078167505464394,0.24987093280598513,0.2476465450810429
2023-06-13,93489.73078213295,-0.00311608638178366,0.14707055800324276,4,0.2541522237956137,0.24907995062674673,0.24880529284737196,0.24796253273026758
2023-06-14,93702.9986760841,0.0022811905881744343,0.14512486338778297,4,0.2538757450646111,0.25050193107894114,0.24837651881432524,0.24724580504212268
2023-06-15,94760.59793500972,0.01183930731670532,0.13547612936935105,3,0.8004414490423319,0.19955855095766817,0.0,0.0
2023-06-16,94428.80426901866,-0.0035013884802480035,0.13850316329087664,3,0.8005179820256414,0.19948201797435866,0.0,0.0
2023-06-20,94166.95713475473,-0.0027729582757178954,0.14089205807373406,3,0.7985790293013292,0.20142097069867076,0.0,0.0
2023-06-21,93827.56500702126,-0.0036041530708888344,0.14398841460085254,3,0.7973612255366741,0.20263877446332595,0.0,0.0
2023-06-22,93868.12279530468,0.0004322587747044266,0.14361839608181526,3,0.799893648970807,0.20010635102919305,0.0,0.0
2023-06-23,93487.56599193675,-0.00405405849755678,0.14709030790816435,3,0.7971838310011639,0.20281616899883606,0.0,0.0
2023-06-26,93203.24615202035,-0.003041258341680638,0.14968422662393888,3,0.7963485872026628,0.20365141279733723,0.0,0.0
2023-06-27,93967.43724173683,0.008199189634125458,0.14271232634914055,3,0.7985320047600063,0.2014679952399938,0.0,0.0
2023-06-28,94086.01068507365,0.0012618567326870642,0.14163055212629472,3,0.7979277842330277,0.20207221576697232,0.0,0.0
2023-06-29,94038.77433695416,-0.0005020549577515178,0.14206150076318202,3,0.8014751403480184,0.19852485965198166,0.0,0.0
2023-06-30,95148.23471628732,0.01179939598706846,0.13193962519090807,3,0.8000010293423586,0.19999897065764127,0.0,0.0
2023-07-03,95127.94677934174,-0.00021322452283085907,0.13212471695011507,3,0.8010923684308227,0.19890763156917735,0.0,0.0
2023-07-05,94834.81281366212,-0.003081470541559914,0.1347990490685813,3,0.802373499833095,0.197626500166905,0.0,0.0
2023-07-06,93973.8905195902,-0.009078125094879642,0.14265345153334552,3,0.8033836153523304,0.19661638464766962,0.0,0.0
2023-07-07,93672.06877149288,-0.0032117617609373466,0.1454070443935822,3,0.8039373972419732,0.19606260275802675,0.0,0.0
2023-07-10,93885.95588640589,0.0022873070434152403,0.14345570047541234,3,0.8001945524219757,0.19980544757802424,0.0,0.0
2023-07-11,94460.82947356538,0.006123105226249521,0.1382109895984791,3,0.8003896970259315,0.19961030297406848,0.0,0.0
2023-07-12,95279.02771052814,0.008661772731857502,0.13074636904756887,3,0.7999009902470202,0.20009900975297987,0.0,0.0
2023-07-13,96084.35339363191,0.0084522869560599,0.12339918792116189,3,0.7994922145002382,0.20050778549976173,0.0,0.0
2023-07-14,95923.0643674155,-0.0016786190521119262,0.12487066674541425,3,0.8003377404346682,0.19966225956533176,0.0,0.0
2023-07-17,96122.57614632953,0.0022807092198266197,0.12305047249694123,1,0.6007132349970372,0.3992867650029627,0.0,0.0
2023-07-18,96725.85659033935,0.006276157674877704,0.11754659898942244,1,0.6014024265475664,0.39859757345243346,0.0,0.0
2023-07-19,97290.74363192209,0.005840083112163044,0.11239299778490974,1,0.5992402038981474,0.4007597961018525,0.0,0.0
2023-07-20,96430.5421539902,-0.008841555175960625,0.1202408240695636,1,0.6005745616462906,0.3994254383537094,0.0,0.0
2023-07-21,96441.90620093238,0.00011784696724023366,0.12013714711877843,1,0.6005037940953403,0.39949620590465984,0.0,0.0
2023-07-24,96280.81716036667,-0.0011709074839815002,0.12160680142553526,4,0.2514111969585776,0.24938271069689294,0.249221446925703,0.24998464541882648
2023-07-25,96432.5217915552,0.0015756475242193445,0.1202227633569104,4,0.2517009216404931,0.2485237155305296,0.25021482667297906,0.24956053615599816
2023-07-26,96601.42258360492,0.0017514920165086927,0.11868184055062403,4,0.2512994968148498,0.2483342862966076,0.250996036040074,0.24937018084846865
2023-07-27,95557.19880409693,-0.01080961078605492,0.12820854683295402,4,0.25236131396499856,0.24616445154502672,0.24975211601390487,0.25172211847606984
2023-07-28,96137.27566249557,0.0060704673814042,0.12291636525311644,4,0.2532944179144641,0.24593584183184586,0.2502264933890295,0.2505432468646605
2023-07-31,96311.11515707808,0.001812313887386725,0.12133038546826935,4,0.2500228635111626,0.2501478015431948,0.2502201252144064,0.2496092097312361
2023-08-01,95577.43561645951,-0.007617807554423831,0.12802392149569175,4,0.25122115769930853,0.24793737816919223,0.24952752646137996,0.2513139376701193
2023-08-02,94888.1083566734,-0.007212238488509942,0.13431282093014052,4,0.24952609394172998,0.24706659326736974,0.2501424646359843,0.2532648481549161
2023-08-03,94280.36273693218,-0.006404866007622158,0.13985743131659933,4,0.250414893424125,0.24292231230432526,0.25167079800138525,0.2549919962701645
2023-08-04,94712.69247108654,0.0045855756342461414,0.13591318251166684,4,0.24814444558589435,0.246096506154257,0.2514290038382335,0.2543300444216152
2023-08-07,95135.09517728633,0.0050144549096286205,0.1320595003854823,3,0.8029563478085412,0.1970436521914588,0.0,0.0
2023-08-08,95020.59659439325,-0.0012035367461367226,0.13310409867022865,3,0.8004278545004142,0.1995721454995858,0.0,0.0
2023-08-09,94610.2004114396,-0.004319023429262162,0.13684824237880333,3,0.7985256515567177,0.20147434844328235,0.0,0.0
2023-08-10,94323.52148400001,-0.003030105910281071,0.1394636836210409,3,0.8012401791570107,0.19875982084298927,0.0,0.0
2023-08-11,94236.31222142647,-0.0009245759827609715,0.14025931483145837,3,0.8015141031183717,0.1984858968816283,0.0,0.0
2023-08-14,94610.81205495776,0.003975570302384501,0.1368426622069462,3,0.8012306234735216,0.19876937652647853,0.0,0.0
2023-08-15,93613.15620047016,-0.010544839779073811,0.14594451803810593,3,0.8003367013847511,0.19966329861524898,0.0,0.0
2023-08-16,92917.11475717153,-0.007435295118221198,0.15229467259382712,3,0.8004149112973791,0.19958508870262087,0.0,0.0
2023-08-17,92271.35663657438,-0.006949829665770116,0.15818608022606584,3,0.7998748447066419,0.2001251552933581,0.0,0.0
2023-08-18,92372.10176604899,0.001091835355487539,0.1572669580257151,3,0.7993870843152506,0.20061291568474923,0.0,0.0
2023-08-21,92606.57115920454,0.0025389284072403805,0.15512783700144428,3,0.8031658620941455,0.19683413790585463,0.0,0.0
2023-08-22,92544.98714533362,-0.0006650069546906216,0.15568968286566276,3,0.80152334299357,0.19847665700642997,0.0,0.0
2023-08-23,93826.27260885922,0.01384500125883046,0.14400020546209436,3,0.799383156490126,0.200616843509874,0.0,0.0
2023-08-24,92662.67698203106,-0.012401597063105478,0.15461597000005445,3,0.7982033881496979,0.20179661185030204,0.0,0.0
2023-08-25,93245.17444089834,0.006286214448350369,0.14930170469626403,3,0.7988090182882048,0.20119098171179514,0.0,0.0
2023-08-28,93737.68735270732,0.0052831104104539,0.14480839019497005,3,0.8008421635364814,0.19915783646351856,0.0,0.0
2023-08-29,95016.69359744794,0.013644525279657276,0.13313970665603447,3,0.8014823561803065,0.19851764381969345,0.0,0.0
2023-08-30,95310.76107340786,0.0030949032725320416,0.1304568578973362,3,0.8023003466061348,0.19769965339386522,0.0,0.0
2023-08-31,95283.08353402941,-0.000290392596457546,0.1307093667881032,3,0.8013591131202075,0.19864088687979253,0.0,0.0
2023-09-01,95130.65101968344,-0.0015997856984920995,0.13210004551094867,3,0.8041402355831676,0.19585976441683237,0.0,0.0
2023-09-05,94534.55296737349,-0.006261984428616901,0.13753839232057774,3,0.8015618363251483,0.19843816367485162,0.0,0.0
2023-09-06,94071.28622076722,-0.004900501796059146,0.1417648869780428,3,0.8000941891131235,0.19990581088687648,0.0,0.0
2023-09-07,93892.37106306189,-0.001901910401070159,0.14339717326606294,3,0.7991578116936782,0.20084218830632192,0.0,0.0
2023-09-08,94077.5775359086,0.0019725401622068513,0.14170748978727044,3,0.7987855797688905,0.20121442023110944,0.0,0.0
2023-09-11,94435.40269849639,0.0038035116545301405,0.13844296422168045,3,0.800992440333157,0.1990075596668429,0.0,0.0
2023-09-12,94129.7389748261,-0.00323576007192604,0.1412316083549735,3,0.7981942523031873,0.20180574769681264,0.0,0.0
2023-09-13,94213.31745986172,0.000887907328182074,0.1404691016068207,3,0.7984160010889702,0.2015839989110299,0.0,0.0
2023-09-14,94724.81898908847,0.005429184992288127,0.13580254935285663,3,0.800951697211695,0.19904830278830493,0.0,0.0
2023-09-15,93695.80721038418,-0.010863169649580508,0.14519047286997167,3,0.7999920823532649,0.2000079176467351,0.0,0.0
2023-09-18,93846.62157616219,0.0016096170177537636,0.14381455690816514,3,0.7991749715293687,0.20082502847063124,0.0,0.0
2023-09-19,93552.31147334128,-0.00313525318754254,0.1464996192104412,3,0.8008516962170706,0.1991483037829294,0.0,0.0
2023-09-20,92921.75759298493,-0.006740120799003909,0.15225231487895863,3,0.798873761124642,0.201126238875358,0.0,0.0
2023-09-21,91214.97510386133,-0.01836795313966867,0.16782370463352447,3,0.8003707458333306,0.19962925416666946,0.0,0.0
2023-09-22,91197.37337956509,-0.0001929696771412762,0.1679842894245659,3,0.7987251820312837,0.2012748179687162,0.0,0.0
2023-09-25,91051.97843414095,-0.0015942887392052442,0.16931076270277823,3,0.8033648433224557,0.1966351566775443,0.0,0.0
2023-09-26,89918.24013919014,-0.01244822740411604,0.1796541315754112,3,0.798182960788658,0.20181703921134198,0.0,0.0
2023-09-27,89852.95282611124,-0.0007260741867037957,0.1802497635346434,3,0.7990817313871961,0.20091826861280387,0.0,0.0
2023-09-28,90324.34891216486,0.005246306005834683,0.1759491029457907,3,0.7995199181497866,0.20048008185021332,0.0,0.0
2023-09-29,90151.13628120496,-0.001917673728579482,0.17752936370208383,3,0.7991120238315197,0.20088797616848034,0.0,0.0
2023-10-02,89819.31139932967,-0.003680762057621127,0.18055668241367673,3,0.801745184103174,0.19825481589682603,0.0,0.0
2023-10-03,88470.85331907237,-0.015011289454965802,0.19285899185801714,3,0.8013199094727387,0.19868009052726127,0.0,0.0
2023-10-04,89235.08571193927,0.00863823919625482,0.18588671476458063,3,0.8002425441247142,0.19975745587528587,0.0,0.0
2023-10-05,89119.3278148983,-0.001297224024804144,0.18694280207710023,3,0.8009801334222076,0.1990198665777924,0.0,0.0
2023-10-06,89751.91953289014,0.007098255041888841,0.18117151472259996,3,0.8047774744654023,0.19522252553459762,0.0,0.0
2023-10-09,90625.57204017718,0.009734081586599268,0.17320097144147828,3,0.8021217811382656,0.19787821886173443,0.0,0.0
2023-10-10,90977.6662623494,0.0038872831293345605,0.16998873063240505,3,0.8010499053374964,0.19895009466250357,0.0,0.0
2023-10-11,91654.23801289107,0.0074366795537562265,0.16381620279611186,3,0.7983938704591437,0.2016061295408563,0.0,0.0
2023-10-12,90706.85254096267,-0.010336515718947446,0.17245942975983897,3,0.8018144637996729,0.19818553620032703,0.0,0.0
2023-10-13,90666.24757753644,-0.00044765045075172605,0.17282987866912236,3,0.7981780305928057,0.2018219694071943,0.0,0.0
2023-10-16,91133.15804874491,0.0051497716480344785,0.16857014143019133,3,0.8024435979817437,0.1975564020182564,0.0,0.0
2023-10-17,90928.7172853039,-0.0022408810803944725,0.17043530399750584,3,0.8017599316119535,0.1982400683880465,0.0,0.0
2023-10-18,89798.69560424257,-0.012427555504997311,0.18074476530206296,3,0.8010313253775313,0.1989686746224687,0.0,0.0
2023-10-19,88800.87375398321,-0.011111763300626722,0.18984813555282576,3,0.802914903098858,0.19708509690114198,0.0,0.0
2023-10-20,88024.1271543072,-0.008747060325418918,0.19693458278389586,3,0.8000467593132659,0.19995324068673417,0.0,0.0
2023-10-23,88113.49784031257,0.0010152976109458652,0.19611923238436313,3,0.7978499196012656,0.20215008039873453,0.0,0.0
2023-10-24,88876.98899910759,0.00866702912261914,0.1891537177487712,3,0.7991057618216277,0.2008942381783722,0.0,0.0
2023-10-25,87460.18875953533,-0.015941136795109858,0.20207952925394435,3,0.800396065627484,0.199603934372516,0.0,0.0
2023-10-26,86889.71197183718,-0.006522702452273787,0.20728412706519916,3,0.796003787479432,0.20399621252056796,0.0,0.0
2023-10-27,86500.89639334027,-0.004474817209923891,0.2108313856959877,3,0.7959574138952827,0.20404258610471723,0.0,0.0
2023-10-30,87244.55854238648,0.008597161186221716,0.20404677591570886,3,0.7986078360274939,0.2013921639725062,0.0,0.0
2023-10-31,87597.60071827019,0.004047978833037481,0.20082588669548485,3,0.8017787336632143,0.19822126633678563,0.0,0.0
2023-11-01,88723.10765118772,0.012848604570088086,0.1905576145309843,3,0.8000499924984373,0.1999500075015628,0.0,0.0
2023-11-02,90487.86960713165,0.019890668876050257,0.17445726406737982,3,0.7994802259995963,0.2005197740004036,0.0,0.0
2023-11-03,91270.88263958828,0.008653237564948823,0.16731364665333703,3,0.7998528712652716,0.20014712873472837,0.0,0.0
2023-11-06,91261.62352614454,-0.00010144652024794514,0.167398119786342,3,0.8017742039478247,0.19822579605217527,0.0,0.0
2023-11-07,91738.47467748554,0.00522688394051044,0.16304769131653918,3,0.7981052910549475,0.20189470894505257,0.0,0.0
2023-11-08,92107.59213066328,0.004023583937659628,0.15968014345073311,3,0.7954890580373128,0.20451094196268724,0.0,0.0
2023-11-09,91102.89784398455,-0.010907833582854675,0.16884621260234078,3,0.7979896275520395,0.20201037244796047,0.0,0.0
2023-11-10,92340.40335344328,0.0135836020449973,0.15755615031613868,3,0.7995808403938762,0.20041915960612386,0.0,0.0
2023-11-13,92227.97650120531,-0.0012175261115943258,0.15858184770068084,3,0.7997925779793054,0.20020742202069464,0.0,0.0
2023-11-14,94077.50653491078,0.020054105246815758,0.14170813754655853,3,0.7994875508113397,0.20051244918866032,0.0,0.0
2023-11-15,93971.98320242092,-0.0011216637895340236,0.14267085244952427,3,0.802079685900515,0.197920314099485,0.0,0.0
2023-11-16,94295.3026460715,0.0034405940220943306,0.1397211309094949,3,0.8003072272659526,0.19969277273404734,0.0,0.0
2023-11-17,94477.4128400147,0.0019312753534153997,0.13805969553255637,3,0.7997580584870817,0.20024194151291816,0.0,0.0
2023-11-20,95174.60124812627,0.007379418923041146,0.13169907693923755,3,0.8000107386950067,0.1999892613049932,0.0,0.0
2023-11-21,95000.24862026765,-0.0018319131931571803,0.13328973816316037,3,0.7997214252764001,0.20027857472359983,0.0,0.0
2023-11-22,95360.82110716977,0.003795489929119844,0.13000014809289373,3,0.7997735401640647,0.2002264598359353,0.0,0.0
2023-11-24,95182.9131889076,-0.0018656290518119746,0.13162324509168366,3,0.8017614541528634,0.19823854584713668,0.0,0.0
2023-11-27,95360.66004663528,0.001867424013119925,0.13000161748713257,3,0.7988257603415552,0.20117423965844486,0.0,0.0
2023-11-28,95473.8995651252,0.0011874867312636544,0.12896850595167775,3,0.7986682483336888,0.2013317516663111,0.0,0.0
2023-11-29,95660.0964710674,0.00195157317815062,0.12726978651203258,3,0.797880243141656,0.20211975685834394,0.0,0.0
2023-11-30,95737.27202935128,0.0008067685600465101,0.12656569521438776,3,0.8003760646616654,0.1996239353383344,0.0,0.0
2023-12-01,96550.54414637013,0.008494832783302193,0.11914601684803428,3,0.7983294161737852,0.2016705838262148,0.0,0.0
2023-12-04,96068.42985934674,-0.004993387570063896,0.12354446217854653,3,0.7981238311962864,0.2018761688037137,0.0,0.0
2023-12-05,96470.01706501766,0.004180220351877113,0.1198806849018299,3,0.7946448204781524,0.20535517952184762,0.0,0.0
2023-12-06,96415.460465104,-0.0005601768994480205,0.12037841796761484,3,0.7972228236572482,0.20277717634275186,0.0,0.0
2023-12-07,96889.79348190871,0.004919677969866528,0.11605096304867102,3,0.7993732040918834,0.20062679590811663,0.0,0.0
2023-12-08,97063.70391709657,0.0017949303939878028,0.11446433605551087,3,0.8013714466578631,0.19862855334213683,0.0,0.0
2023-12-11,97325.47024022554,0.002696850754351544,0.1120761785321972,3,0.8023247656621172,0.1976752343378828,0.0,0.0
2023-12-12,97739.22006472827,0.0042511977952070104,0.10830143874006137,3,0.8025772930817978,0.1974227069182021,0.0,0.0
2023-12-13,99275.85713601115,0.0157244239713013,0.09428232681412019,3,0.7984764674817999,0.20152353251820007,0.0,0.0
2023-12-14,100050.69237207402,0.007804870775392088,0.08721331741591543,3,0.7948354818233696,0.2051645181766305,0.0,0.0
2023-12-15,99942.55077677584,-0.0010808680353357105,0.08819991936420069,3,0.7943853881507148,0.2056146118492852,0.0,0.0
2023-12-18,100225.41073328909,0.0028302255077022674,0.08561931951806034,3,0.7965993199521887,0.2034006800478112,0.0,0.0
2023-12-19,100820.74731358551,0.005939976458472009,0.08018791980191609,3,0.7967108476805081,0.20328915231949177,0.0,0.0
2023-12-20,100483.93113645657,-0.0027955602306235,0.08326077530819131,4,0.24722683818255334,0.25239934570648614,0.2493355367766682,0.25103827933429224
2023-12-21,100760.79876663614,0.002755342342285461,0.08073484490556404,4,0.24888524902374456,0.2501130321908037,0.250408536220507,0.2505931825649446
2023-12-22,100817.69950897482,0.0005647111082403584,0.08021572566106405,4,0.24924468991645668,0.24883486295160748,0.25137699673033054,0.25054345040160536
2023-12-26,101175.9411428968,0.003553360527633222,0.07694740052669025,4,0.2494108545100925,0.24865882832610878,0.2523958204222419,0.24953449674155692
2023-12-27,101814.06292357956,0.006307050603873392,0.0711256610717752,4,0.24829580040092986,0.2514788840832856,0.25195207832617017,0.24827323718961433
2023-12-28,101640.83300245153,-0.00115036458701276,0.07270607957045716,3,0.8012239222239459,0.19877607777605408,0.0,0.0
2023-12-29,101222.84101869131,-0.004112441539613702,0.07651952160826292,3,0.8022034576012284,0.19779654239877162,0.0,0.0
2024-01-02,100653.00098398072,-0.005629559780932944,0.08171831016789366,3,0.8022302757735262,0.19776972422647376,0.0,0.0
2024-01-03,100076.5904774324,-0.005726709595475079,0.08697704273240425,3,0.800261637107777,0.1997383628922231,0.0,0.0
2024-01-04,99514.89630824859,-0.005612642941812377,0.09210151458922489,3,0.8021862658717798,0.1978137341282203,0.0,0.0
2024-01-05,99433.30896955411,-0.0008176660338090199,0.09284585562737424,3,0.8017511380427196,0.19824886195728042,0.0,0.0
2024-01-08,100765.89108610267,0.013401767781424089,0.08068838644253595,3,0.8024428279357375,0.1975571720642624,0.0,0.0
2024-01-09,100516.30044713058,-0.002476935759530077,0.08296546225230772,3,0.8032149845100321,0.1967850154899679,0.0,0.0
2024-01-10,100880.77264059042,0.003626000875863467,0.07964029421523766,3,0.8048391910614648,0.19516080893853524,0.0,0.0
2024-01-11,100955.54200717871,0.0007411656813401689,0.07895815518682159,3,0.8038887584871334,0.19611124151286655,0.0,0.0
2024-01-12,100971.42446423808,0.00016121068488744012,0.07881325568691022,3,0.8004250301212593,0.19957496987874057,0.0,0.0
2024-01-16,100319.7947945694,-0.006453604800826203,0.0847582308824667,3,0.8026666227393984,0.19733337726060166,0.0,0.0
2024-01-17,99840.87406067285,-0.004773940525668648,0.08912754065484152,3,0.8020337049576375,0.19796629504236257,0.0,0.0
2024-01-18,100369.24466719654,0.005292127212373999,0.08430708772573892,3,0.8049063721359417,0.19509362786405826,0.0,0.0
2024-01-19,101438.99530237092,0.010658151694988443,0.07454749376069425,3,0.8063462942798036,0.1936537057201964,0.0,0.0
2024-01-22,101730.67984530679,0.0028818321691116205,0.07188638507673473,3,0.7993878080941952,0.20061219190580476,0.0,0.0
2024-01-23,101806.13003322622,0.0007416660149540096,0.0711980347505301,3,0.8011249343588229,0.19887506564117718,0.0,0.0
2024-01-24,101776.70661530974,-0.0002890142067759968,0.07146647171376852,3,0.8022326312053094,0.19776736879469053,0.0,0.0
2024-01-25,102352.31440608807,0.005655594584662681,0.06621506251951537,3,0.8020597747199268,0.19794022528007305,0.0,0.0
2024-01-26,102209.21296810881,-0.0013981260590893868,0.06752061157419198,3,0.8021624149297167,0.1978375850702832,0.0,0.0
2024-01-29,102854.26982869017,0.0068670962048393,0.06163560170680893,4,0.2502612588097081,0.25115434504248013,0.2500475209788036,0.2485368751690081
2024-01-30,103088.50594711656,0.0022773592075128876,0.059498608904353545,4,0.2494994997324581,0.25285549951853653,0.24982377965462885,0.24782122109437663
2024-01-31,102952.33480924467,-0.0013209148451694445,0.06074093115375434,4,0.24575297013541506,0.2556764223725846,0.24996851061039743,0.24860209688160304
2024-02-01,104105.52819535772,0.01120123587531805,0.050220068775576054,4,0.2462115235577807,0.25780400824844757,0.2497706117053553,0.24621385648841648
2024-02-02,103455.61634508923,-0.006242817855444795,0.05614937188896707,4,0.2503664734228814,0.2536931852533293,0.24896368993529736,0.2469766513884921
2024-02-05,102645.61502457148,-0.0078254293122568,0.06353920998718388,4,0.2510543407536806,0.2468835378098468,0.2505824179908128,0.25147970344565984
2024-02-06,103143.54354250652,0.004850947776150577,0.05899648760041909,4,0.25056770832772174,0.2480930835864346,0.2506756198862671,0.2506635881995766
2024-02-07,103218.92165607658,0.0007308078720311683,0.05830879482594853,4,0.2524730740121078,0.24671207069701176,0.25042612787009394,0.2503887274207865
2024-02-08,103052.74324907525,-0.001609960696499354,0.05982488065451774,4,0.25299186325651296,0.24567305787760318,0.2506037439836137,0.2507313348822703
2024-02-09,103042.68751213461,-9.757854690328575e-05,0.05991662157649813,4,0.2544788358623134,0.24520062424152775,0.24965672690179572,0.250663812994363
2024-02-12,102978.04148096255,0.0001220562865529,0.06050640296567966,0,0.0,0.0,0.0,1.0
2024-02-13,102650.84223710024,-0.0031773690697236,0.06349152086209975,0,0.0,0.0,0.0,1.0
2024-02-14,102801.86375003007,0.0014712155267173,0.06211371504668972,0,0.0,0.0,0.0,1.0
2024-02-15,102902.55177572611,0.0009794377458065,0.06119511381793208,0,0.0,0.0,0.0,1.0
2024-02-16,102776.69700641317,-0.0012230480891011,0.06234331734001597,0,0.0,0.0,0.0,1.0
2024-02-20,102839.61912826252,0.0006122216775017,0.06176926359283719,0,0.0,0.0,0.0,1.0
2024-02-21,102751.51973718207,-0.0008566678078668,0.06257301566106821,0,0.0,0.0,0.0,1.0
2024-02-22,102738.92057695228,-0.0001226177506864,0.06268796084932071,0,0.0,0.0,0.0,1.0
2024-02-23,102789.27511541454,0.0004901213501122,0.062228564207215675,0,0.0,0.0,0.0,1.0
2024-02-26,102713.78541017808,-0.0007344122735732,0.0629172750594682,0,0.0,0.0,0.0,1.0
2024-02-27,102476.19234006097,-0.0015643298423637752,0.06508489414470808,4,0.2508568599178916,0.24862583669225588,0.25012560818876944,0.2503916952010831
2024-02-28,102675.47730131402,0.0019446952184928089,0.0632667692086547,4,0.2500390674874105,0.24971872140803444,0.25009160618907544,0.2501506049154795
2024-02-29,103096.6922741949,0.004102391183873181,0.059423923061015294,4,0.24991272565532943,0.2504536260305024,0.2503526003720849,0.24928104794208325
2024-03-01,104038.03095478548,0.009130639013005492,0.050835862438216584,4,0.24997649713254552,0.2497339947711711,0.252778932931001,0.24751057516528238
2024-03-04,104305.77729875712,0.0025735429776442406,0.048393147737362474,4,0.2490674368480141,0.24809096788435708,0.25620826836494304,0.2466333269026857
2024-03-05,104592.05003654395,0.002750778382215175,0.04578141226164045,4,0.24682251339870911,0.252864846712452,0.2508150986647609,0.24949754122407802
2024-03-06,105099.97812263208,0.004856278138832313,0.041147461394339224,4,0.24687433514228935,0.25311946293074333,0.25165354588494854,0.24835265604201887
2024-03-07,105514.88456373528,0.003947730993997721,0.037362169509012166,4,0.2483445390698107,0.25188775965119314,0.25208872673879523,0.2476789745402009
2024-03-08,105548.0924463101,0.0003147222566001744,0.03705920595871126,4,0.24677622707691835,0.2513620544214169,0.2541395354005187,0.24772218310114597
2024-03-11,105538.69460091647,-8.903851482124492e-05,0.03714494477687347,4,0.24658598903796042,0.25125322067304706,0.254628558311734,0.24753223197725852
2024-03-12,106211.6612361776,0.006933743179504021,0.031005307279859506,3,0.8030379197722989,0.19696208022770098,0.0,0.0
2024-03-13,105976.53925594322,-0.0022137115406899873,0.033150382014001445,3,0.8035579797817498,0.1964420202182502,0.0,0.0
2024-03-14,105488.49522362604,-0.004605208244614449,0.03760292584605296,3,0.8056798120992835,0.19432018790071648,0.0,0.0
2024-03-15,104898.27996066705,-0.005595067611001477,0.042987602544574344,3,0.8046495627346999,0.19535043726530021,0.0,0.0
2024-03-18,105338.1929391725,0.004193710122514842,0.03897416996599323,3,0.8060514237387192,0.19394857626128092,0.0,0.0
2024-03-19,105323.25120193753,0.0008590136219548,0.03911048705125664,0,0.0,0.0,0.0,1.0
2024-03-20,105491.09188178185,0.0015935767072221,0.03757923590520751,0,0.0,0.0,0.0,1.0
2024-03-21,105491.09188178185,0.0,0.03757923590520751,0,0.0,0.0,0.0,1.0
2024-03-22,105568.57917236107,0.0007345387103023,0.03687230059838109,0,0.0,0.0,0.0,1.0
2024-03-25,105516.9748116905,-0.0004888231050863,0.03734309967099725,0,0.0,0.0,0.0,1.0
2024-03-26,105554.11976504944,0.0011028553666065,0.037004217271011774,4,0.24926332553866962,0.2504189442538922,0.25053218955155443,0.24978554065588365
2024-03-27,106257.89976333112,0.006667480149976208,0.030583462005155382,4,0.24969324597994874,0.2512275124857315,0.25067483849001015,0.24840440304430964
2024-03-28,106557.75861421542,0.0028219911324444354,0.027847777131288942,4,0.24894302980768518,0.2503088710620922,0.25319403879294605,0.24755406033727656
2024-04-01,106234.80335551169,-0.0030308000365600386,0.03079417612390145,4,0.24926541928109516,0.24638961969982684,0.2565562342849698,0.24778872673410815
2024-04-02,106337.76217643997,0.0009691628136565358,0.029854857880621366,4,0.24744076055998773,0.24479466506778877,0.2600941019323893,0.24767047243983417
2024-04-03,106367.77447025692,0.0008352562900276199,0.029581048460012527,3,0.8002103507934007,0.19978964920659914,0.0,0.0
2024-04-04,105481.26300868373,-0.008334398890907365,0.03766890709344284,3,0.797086193441333,0.20291380655866698,0.0,0.0
2024-04-05,106061.69347665903,0.005502687884269201,0.032373499447850285,3,0.8010055550319177,0.19899444496808233,0.0,0.0
2024-04-08,106106.89934942675,0.00042622243041662083,0.03196107532904946,3,0.801112116811705,0.198887883188295,0.0,0.0
2024-04-09,106401.53331651627,0.0027767654025894783,0.029273058334663316,3,0.799817930384838,0.20018206961516208,0.0,0.0
2024-04-10,105085.40234856738,-0.01236929388199298,0.041280439709023176,3,0.8019084125114442,0.19809158748855574,0.0,0.0
2024-04-11,105626.7709790142,0.00515170155271527,0.036341402661653754,3,0.8038193177861472,0.19618068221385282,0.0,0.0
2024-04-12,104565.58651973488,-0.010046548327129638,0.04602284533066736,3,0.8007691911523002,0.1992308088476998,0.0,0.0
2024-04-15,103193.54911498526,-0.013121309318058058,0.05854027465944478,3,0.8012505263599343,0.19874947364006568,0.0,0.0
2024-04-16,102906.61731448272,-0.0027805207104837043,0.06115802292384054,3,0.8020191469366255,0.19798085306337454,0.0,0.0
2024-04-17,102647.60103495257,-0.00251498907724814,0.06352109113378712,3,0.7972705361803492,0.20272946381965082,0.0,0.0
2024-04-18,102374.32600980447,-0.0026622641191103376,0.06601424533116518,3,0.7977538692929438,0.2022461307070562,0.0,0.0
2024-04-19,101736.06780749059,-0.0062345534001636334,0.07183722939364012,3,0.7957519646425992,0.20424803535740077,0.0,0.0
2024-04-22,102446.63780853606,0.006984445304000194,0.06535452728913071,3,0.7975098859455437,0.20249011405445624,0.0,0.0
2024-04-23,103423.16046287704,0.009532012716376591,0.056445474757947034,3,0.7993541929918216,0.20064580700817825,0.0,0.0
2024-04-24,103113.61001963443,-0.002445036608126275,0.059269578374632426,4,0.25049381894619954,0.24883931038567625,0.2501465949012994,0.25052027576682473
2024-04-25,102970.27624822916,-0.001390056767268445,0.06057724706338807,4,0.2498895790867298,0.24743810603943728,0.2519886146076175,0.25068370026621545
2024-04-26,103438.04118336443,0.004542718075336976,0.05630971434324017,4,0.2511162556300784,0.24760988067197098,0.251662312454429,0.24961155124352163
2024-04-29,103704.66480189243,0.002577616662861596,0.05387724253835069,4,0.2513576619049401,0.24904445412240261,0.2505054244697145,0.24909245950294273
2024-04-30,102521.40366047727,-0.011409912405344025,0.06467242032569065,4,0.25023097680913614,0.2497671247007931,0.24834466899058827,0.25165722949948244
2024-05-01,102910.51594749992,0.0037973202645984502,0.061122454751207034,4,0.24824554457453613,0.2508900795963191,0.2513112288592952,0.24955314696984965
2024-05-02,103218.43673881478,0.0029921217329428236,0.05831321884349627,4,0.24981998955641543,0.2512149538320798,0.24978801297859807,0.24917704363290663
2024-05-03,103821.07212560956,0.0058384471402108335,0.052815230349078646,4,0.25144853810014367,0.2522840926724803,0.2481400229983059,0.24812734622907
2024-05-06,104460.52071067871,0.006159140644353029,0.046981386136609515,4,0.2524900738663657,0.25171658167218974,0.2492150985024321,0.24657824595901237
2024-05-07,104533.36464411269,0.0006973345809345581,0.046316813300888326,4,0.25259255112564827,0.253075086127306,0.24789576141035255,0.2464366013366932
2024-05-08,104293.61610312315,-0.002287857470863339,0.048504097268603275,4,0.25059748206384713,0.24905452684344284,0.24983632443397313,0.2505116666587369
2024-05-09,105004.56122276268,0.0068167654570206355,0.042017972866367215,4,0.2503349014427142,0.2485750529122307,0.2520601588675577,0.2490298867774975
2024-05-10,105083.75638664988,0.0007542068931576357,0.04129545621798192,4,0.2504685001434588,0.24698997043226,0.2539134969838739,0.2486280324404074
2024-05-13,104861.06511412177,-0.0021191788358682277,0.04332712259701543,4,0.25103411103399603,0.2481462524949198,0.25160232193885873,0.24921731453222545
2024-05-14,105377.69179765394,0.004926773182877121,0.038613812319840624,4,0.25094949474018513,0.24832351099959343,0.25248744377228005,0.24823955048794133
2024-05-15,105492.55958131462,0.0018432039805957,0.03756584572713084,0,0.0,0.0,0.0,1.0
2024-05-16,105414.94424943317,-0.000735742238026,0.038273949185748224,0,0.0,0.0,0.0,1.0
2024-05-17,105350.26659267684,-0.000613553013919,0.03886401910278969,0,0.0,0.0,0.0,1.0
2024-05-20,105324.39124242663,-0.0002456125749568,0.03910008618594141,0,0.0,0.0,0.0,1.0
2024-05-21,105376.13122405786,0.0004912440605722,0.03862804981047596,0,0.0,0.0,0.0,1.0
2024-05-22,104749.8355717275,-0.00519732792694815,0.044341896634058964,4,0.2505824807437109,0.2516079726960173,0.24668862931098412,0.25112091724928765
2024-05-23,103860.2434067669,-0.008492539965386865,0.05245786127014007,4,0.25088284774084413,0.2521303909459778,0.24383934598257345,0.2531474153306048
2024-05-24,104143.41886884559,0.0027265048953297806,0.04987438299036184,4,0.2518561007181498,0.25218996179412734,0.24340177662244622,0.2525521608652767
2024-05-28,104029.09879583384,-0.0010977176882939817,0.050917352686254636,4,0.25230904966337503,0.24884781449978408,0.24623099370047044,0.25261214213637045
2024-05-29,103283.99620399287,-0.007162443974481675,0.05771510397479207,4,0.25234972304213565,0.24760974595318574,0.24569991871040847,0.2543406122942702
2024-05-30,103321.28335657422,0.001107500987475,0.05737492425688295,0,0.0,0.0,0.0,1.0
2024-05-31,103461.00196280506,0.0013522732363733,0.05610023759502114,0,0.0,0.0,0.0,1.0
2024-06-03,103578.20736842345,0.0011328462260642,0.05503094431139777,0,0.0,0.0,0.0,1.0
2024-06-04,103680.11642185002,0.0009838850856347,0.05410120335111945,0,0.0,0.0,0.0,1.0
2024-06-05,103782.0675560254,0.000983323878231,0.053171078477984524,0,0.0,0.0,0.0,1.0
2024-06-06,103794.81802291433,0.0001228580928207,0.05305475288245887,0,0.0,0.0,0.0,1.0
2024-06-07,103527.25810180377,-0.0025777772552333,0.055495766802429736,0,0.0,0.0,0.0,1.0
2024-06-10,103539.9770081311,0.0001228556281749,0.05537972914154643,0,0.0,0.0,0.0,1.0
2024-06-11,103654.63652844659,0.0011073937200747,0.05433366258574246,0,0.0,0.0,0.0,1.0
2024-06-12,103794.81802291433,0.0013523900055283,0.05305475288245887,0,0.0,0.0,0.0,1.0
2024-06-13,103980.36702184015,0.00253955652188825,0.05136194445534226,4,0.24986879253668862,0.25303227054962063,0.24733434320937514,0.24976459370431567
2024-06-14,104554.04264950422,0.005517153325142414,0.046128162852837384,4,0.24864894589753386,0.25376149716126717,0.2491650024618071,0.24842455447939182
2024-06-17,104336.80546557913,-0.002077750208601065,0.048110070261448534,4,0.25114978430264373,0.25176496087001565,0.24838751162084427,0.2486977432064964
2024-06-18,104783.26146587216,0.004278988591809149,0.044036944111439325,4,0.2507150786589791,0.25299235578147106,0.24832030813400957,0.24797225742554047
2024-06-20,104850.62882606825,0.0006429210090776914,0.043422335378906385,4,0.24987334767516525,0.2511459193997651,0.2512588856168468,0.2477218473082228
2024-06-21,104418.7561388598,-0.004116537828037251,0.047362414433928635,4,0.2506968511299611,0.25103338843961204,0.24714406837896052,0.25112569205146634
2024-06-24,104545.01668115686,0.0012091749314572576,0.04621050894669809,4,0.24958011494640023,0.25174421148515097,0.24782249668598832,0.2508531768824605
2024-06-25,104564.77822635153,0.00018902426745909218,0.0460302195868415,4,0.25049389466219224,0.2521235317476871,0.24654613936417727,0.25083643422594365
2024-06-26,103957.25948029518,-0.0058099749873830485,0.05157276014976109,4,0.2522722167287311,0.2499741234537534,0.24569847212026524,0.25205518769725027
2024-06-27,104410.65547048842,0.004361369205574084,0.0474363187921506,4,0.25157271272266685,0.24987719847114445,0.24740491324567163,0.251145175560517
2024-06-28,103827.62979406209,-0.005581264490055727,0.05275540315258098,4,0.250413859684879,0.24672562657200972,0.25142652203899574,0.2514339917041155
2024-07-01,103484.55037405281,-0.00330431717154449,0.05588539973959661,4,0.2517611159295175,0.2432712762485243,0.2529171032963476,0.2520505045256105
2024-07-02,103877.12264822067,0.003793535100156383,0.05230386786493879,4,0.25249752499625433,0.24423877693949733,0.2519495797833857,0.2513141182808626
2024-07-03,104660.90330316818,0.007545267282785296,0.04515324724511782,4,0.2517250253068055,0.24559330110761776,0.25288174711928185,0.24979992646629487
2024-07-05,105430.70394887895,0.007355188245231376,0.03813016963325766,4,0.25132802859940306,0.24581850213869832,0.25442099784241073,0.24843247141948785
2024-07-08,105187.335428064,-0.00230259102398975,0.040350479553092566,4,0.25086608168966157,0.2511183785438547,0.24746930196170483,0.2505462378047788
2024-07-09,105133.92836525512,-0.0005077328234576077,0.04083772511363892,4,0.25123758475453306,0.2501354620071105,0.2480148726648537,0.2506120805735028
2024-07-10,105583.0196647672,0.00427161151965957,0.0367405564910116,4,0.2526444808614229,0.24985369611539274,0.24786391211733666,0.2496379109058479
2024-07-11,106134.72153256756,0.005225289725109682,0.03170724681822912,4,0.24916411070616323,0.2509696549898673,0.25094810630795916,0.24891812799601032
2024-07-12,106437.45849477171,0.0028523838177805785,0.028945304238179204,4,0.25002252846796585,0.25132598288065433,0.2500774207327845,0.24857406791859535
2024-07-15,106290.43589824908,-0.0013798810629363748,0.030286626971316455,4,0.25103394106693006,0.24746727196204377,0.25115334002959944,0.25034544694142685
2024-07-16,107361.39803921923,0.010075809097211539,0.020515980145666468,4,0.25000361249816344,0.24845502407915782,0.253602520228294,0.24793884319438472
2024-07-17,106867.54885153465,-0.004599876647509482,0.025021485815203137,4,0.2476374093880014,0.24965612934473136,0.253591480913585,0.24911498035368215
2024-07-18,106274.30159475442,-0.005551238548611313,0.030433824127213516,4,0.2471060381962523,0.24913066968951597,0.2533798383418133,0.2503834537724184
2024-07-19,105448.10518408543,-0.007774188098826023,0.03797141395270798,4,0.2473883671504389,0.24960520186202606,0.25078439917384576,0.25222203181368924
2024-07-22,105654.52198670004,0.001960532588400225,0.03608822350173624,4,0.252083217793212,0.24878587001853197,0.24958960452463505,0.24954130766362095
2024-07-23,105681.47645262507,0.0002551189046921506,0.03584231138509608,4,0.2516236294828167,0.24837344084680993,0.250403447679158,0.24959948199121537
2024-07-24,104715.26718475955,-0.00914265489372346,0.04465727239523232,4,0.2481903467520105,0.2479558938050538,0.2518283252085117,0.252025434234424
2024-07-25,104383.29512767638,-0.0031702354967727718,0.0476859338218687,4,0.24768240990852566,0.25078290391840163,0.24867690333350645,0.25285778283956634
2024-07-26,105185.96688570369,0.0076896572104332,0.04036296509628501,4,0.24854511551300312,0.25081115454985226,0.2493789579023507,0.25126477203479375
2024-07-29,105375.67754652278,0.00210485040481684,0.03863218882043562,2,0.3993945468507424,0.4013059600101807,0.1992994931390769,0.0
2024-07-30,105535.00095761735,0.001511956219918248,0.03717864277869343,2,0.39677104611633723,0.40224324492398045,0.2009857089596824,0.0
2024-07-31,107034.0103626444,0.014203907627091993,0.02350281715933078,2,0.3975733580440851,0.4006667152954756,0.20175992666043926,0.0
2024-08-01,106726.92149863804,-0.0028690774359094212,0.02630446319284807,2,0.3930710797289509,0.40528510985986743,0.20164381041118176,0.0
2024-08-02,107252.75313787731,0.004926888472520766,0.021507173876808006,2,0.3838614936025017,0.41586547537769475,0.20027303101980354,0.0
2024-08-05,106235.08282237258,-0.009191551924455,0.03079162648008793,4,0.24497072326300987,0.2536542492855784,0.24911678609812452,0.25225824135328717
2024-08-06,105628.08358215375,-0.005713736216817835,0.03632942746551171,4,0.2486499627622225,0.24940541198301378,0.24854378762245685,0.25340083763230686
2024-08-07,105233.017683571,-0.00374015967330763,0.039933709279258545,4,0.24791524764240114,0.2485793529966758,0.24930731948894852,0.2541980798719745
2024-08-08,106073.80503601102,0.007989767574357872,0.03226300276042404,4,0.2516358665856995,0.24509194122038735,0.2512113359302729,0.2520608562636403
2024-08-09,106519.80512614557,0.004204620452553246,0.028194035989138055,4,0.25168725403124736,0.24647260478618394,0.2507737170808799,0.25106642410168883
2024-08-12,106583.56623589266,0.00114752650059178,0.027612327952301174,3,0.7995028733216257,0.20049712667837433,0.0,0.0
2024-08-13,108133.16506698274,0.014538815746326879,0.013474962754399966,3,0.8010055152483523,0.19899448475164772,0.0,0.0
2024-08-14,108541.34058428553,0.003774748635628446,0.009751078716043748,3,0.8005107843908161,0.1994892156091838,0.0,0.0
2024-08-15,109855.89050240186,0.012111052904267046,0.0,3,0.8044885582859159,0.19551144171408422,0.0,0.0
2024-08-16,110129.24207643345,0.0024882741633742316,0.0,3,0.8042909200055944,0.1957090799944055,0.0,0.0
2024-08-19,110406.62669098878,0.0030747142069150247,0.0,4,0.2516166799667003,0.25038465199518434,0.24882542726207346,0.24917324077604203
2024-08-20,110722.559922299,0.0028615422894357656,0.0,4,0.25049074614476796,0.2516596680296792,0.24902601531424787,0.24882357051130485
2024-08-21,110828.05370736061,0.0009527758853810052,0.0,4,0.25111234969579516,0.2515730316809205,0.24845718575673864,0.24885743286654569
2024-08-22,109966.46252348229,-0.007774125368594334,0.007774125368594231,4,0.25109349559528926,0.2510273821477377,0.24740526774037697,0.25047385451659604
2024-08-23,110818.24178107426,0.007745809386294396,8.853287555021794e-05,4,0.2518109530398377,0.2507288271201413,0.24834005137372478,0.2491201684662963
2024-08-26,110756.50932310123,-0.000554522063208975,0.0006455439923929163,4,0.2495424525551093,0.24950319852839156,0.25093648433641136,0.2500178645800877
2024-08-27,110838.54288446312,0.0007406658250901455,0.0,4,0.24970017539609793,0.2488866052797989,0.25142946179951203,0.2499837575245911
2024-08-28,110444.91164836816,-0.0035513930971222446,0.0035513930971222685,4,0.24913534177146673,0.24946772366378808,0.25055251205318124,0.25084442251156386
2024-08-29,110497.19851255677,0.00047342030889642396,0.003079654089842787,4,0.24903971827340296,0.24853418932173527,0.25173069361680744,0.2506953987880542
2024-08-30,110268.83855634257,-0.002066658334222436,0.005139947831273917,4,0.25193773898477984,0.24639322518294474,0.25045446235226065,0.25121457348001486
2024-09-03,110062.21154270669,-0.0018702477081575756,0.007004164089072118,4,0.24531401298022573,0.2545648853435423,0.24938551854752267,0.2507355831287093
2024-09-04,110444.93114086853,0.0034773024528346,0.0035512172332046177,4,0.24396358915336122,0.25695274182212363,0.24867241740601437,0.25041125161850075
2024-09-05,110778.77306807078,0.003022700306421891,0.0005392511922017729,4,0.2426368072299892,0.25762728500200066,0.24998879112045477,0.24974711664755536
2024-09-06,110168.63786837793,-0.005507690533076568,0.006043971696591988,4,0.2398743334051019,0.2590280801697331,0.24951245387349197,0.2515851325516729
2024-09-09,110706.73021680758,0.004884260701058424,0.001189231328969531,4,0.24138108714059547,0.25888238395143137,0.24934401117987326,0.25039251772809984
2024-09-10,111181.92020728714,0.004301646345166,0.0,4,0.25001345221272303,0.2506718700108126,0.25002550308968746,0.24928917468677686
2024-09-11,111377.37985139778,0.0017580164449960628,0.0,4,0.2521350734702168,0.25003313358203827,0.2491897438705928,0.2486420490771522
2024-09-12,111974.7273581645,0.005363274908816459,0.0,4,0.2529024527395255,0.2475375277695085,0.2522146345807287,0.24734538491023736
2024-09-13,112518.22525606334,0.0048537550456397216,0.0,4,0.25299535834619374,0.2470060458984216,0.2534921882055538,0.24650640754983089
2024-09-16,112829.20351768364,0.0027638034719493967,0.0,4,0.2526706538317241,0.2485821804626842,0.2527723456111333,0.24597482009445834
2024-09-17,112527.35907839617,-0.002669804804158775,0.0026752332718554817,4,0.2507716670436585,0.24945705820301783,0.24928280860126925,0.25048846615205433
2024-09-18,111869.2515476907,-0.00584842242895766,0.008508009806543426,4,0.2514987932670917,0.24781415030424403,0.24881590263506823,0.25187115379359604
2024-09-19,112713.79638139106,0.007549392009119753,0.0010228480986705923,4,0.25387387105550485,0.24514230020435185,0.2507893828231574,0.2501944459169858
2024-09-20,112928.01092916145,0.0019005175466325016,0.0,4,0.252954279900826,0.24374054586906868,0.25349530913360785,0.24980986509649747
2024-09-23,112996.48800594706,0.0006063781361435023,0.0,4,0.253432684764688,0.243075563354974,0.25383327422619284,0.2496584776541451
2024-09-24,113492.5432262195,0.004397303555159425,0.0,4,0.24961767252368497,0.24885503738699066,0.25238246605334586,0.2491448240359785
2024-09-25,113131.95387985403,-0.0031772073839840143,0.003177207383983971,4,0.24986100967058295,0.2475731102811584,0.25283704784020816,0.2497288322080505
2024-09-26,113428.22300688592,0.0026187926299453953,0.000566735201319557,4,0.25019641881501037,0.24750696081994758,0.25345944286938554,0.24883717749565648
2024-09-27,113349.05301889352,-0.0006979743303180571,0.0012643139650149182,4,0.25000806059589525,0.2489679708552729,0.2516236584726793,0.2494003100761526
2024-09-30,113059.1671378375,-0.002557461869643595,0.0038185423999016477,4,0.2516535411787928,0.24841615595014213,0.2502508336222567,0.24967946924880832
2024-10-01,113324.42797633576,0.002348121411248175,0.0014812889473155844,4,0.24717994059234064,0.2512151516198544,0.25203101293039565,0.2495738948574093
2024-10-02,113095.31512511129,-0.002021742843231627,0.00350003700521917,4,0.24778519962667603,0.2496026994281983,0.2525930013107085,0.2500190996344172
2024-10-03,112720.88306700776,-0.0033107654166692306,0.006799214620414551,4,0.24815383753696058,0.24807266872808575,0.253256678920681,0.2505168148142727
2024-10-04,112478.630783153,-0.0021491340137101784,0.008933736210717469,4,0.25094815614583804,0.2455488710336429,0.253295536965918,0.2502074358546012
2024-10-07,111881.29236074317,-0.005310683622753481,0.014196975586886706,4,0.2500072269150193,0.24499965128201348,0.2537852047557782,0.2512079170471891
2024-10-08,112180.86150599927,0.0029834654901437,0.011557426443477459,2,0.40258188750248225,0.39948303009818603,0.1979350823993318,0.0
2024-10-09,112117.98178202262,-0.0005605209581431018,0.01211146922187678,2,0.4055977104031701,0.39743479405566173,0.19696749554116816,0.0
2024-10-10,112026.00267168942,-0.0008203778633120276,0.012921911103947026,2,0.40522037705192737,0.39620290830972976,0.19857671463834284,0.0
2024-10-11,112361.34779107312,0.002993457870370333,0.009967134430071023,2,0.4064302993955021,0.3934249620325747,0.2001447385719232,0.0
2024-10-14,112731.21013171038,0.0032917221794543953,0.006708221288085681,2,0.40840989917617876,0.39242708784228497,0.19916301298153635,0.0
2024-10-15,112932.30103980315,0.00208527296722545,0.004936378818295117,4,0.24754135503014102,0.25251280315787705,0.2503450520612447,0.24960078975073738
2024-10-16,113332.46029363415,0.003543355179577667,0.0014105149821715957,4,0.24773941690280243,0.2526816430287705,0.25070882974862646,0.24887011031980064
2024-10-17,113027.4357203438,-0.0026914140264850785,0.00409813272884918,4,0.24842932324914374,0.24934957569223964,0.25289078595874626,0.24933031509987041
2024-10-18,113483.88174161514,0.004038364830293853,7.631765363724785e-05,4,0.24838188854658094,0.24853199917245683,0.2545480691400903,0.2485380431408719
2024-10-21,112898.10684189462,-0.005161745357408917,0.005237669078751783,4,0.2492605956994777,0.24545689189821762,0.25581788050628285,0.24946463189602175
2024-10-22,113211.04158367743,0.0027776674268406003,0.0024803536385730185,4,0.24917507958028878,0.24955079223579762,0.251996867416794,0.24927726076711978
2024-10-23,112515.86874317114,-0.006140503883558623,0.008605626900981433,4,0.248423695795637,0.25041263646832435,0.25049835119040736,0.2506653165456313
2024-10-24,112987.40361912338,0.004190829979978727,0.0044508616402159085,4,0.24792198830883475,0.2509655412785108,0.2513720424801104,0.24974042793254397
2024-10-25,112866.7511124014,-0.001067840333146195,0.005513949163785448,4,0.2481013407957999,0.24982390340513919,0.25215837435027577,0.24991638144878517
2024-10-28,112864.23729365297,-2.227244714365425e-05,0.005536098801787848,4,0.24887381825781069,0.2491515755681513,0.25217393955669576,0.24980066661734232
2024-10-29,113217.82498646663,0.00343587071977042,0.0024205840484627927,2,0.3992754928760362,0.3992378176540934,0.20148668946987036,0.0
2024-10-30,113339.28936650362,0.00107283795684558,0.0013503429860620697,2,0.39764103933738904,0.3999800271999286,0.20237893346268232,0.0
2024-10-31,112174.04350405929,-0.010281040837271301,0.01161750089194935,2,0.3938956201284598,0.4047916372447979,0.2013127426267423,0.0
2024-11-01,111627.73585630125,-0.00487017879263901,0.0164311003781209,2,0.39749395821884803,0.40103797418335674,0.20146806759779526,0.0
2024-11-04,112259.08137380485,0.005655812264402907,0.010868219332754281,2,0.3944070632575018,0.40497226577727863,0.20062067096521952,0.0
2024-11-05,113090.55197733414,0.0074123456667128,0.0035420058222158657,2,0.4018580588404224,0.39916593055058786,0.19897601060898965,0.0
2024-11-06,112300.46527008979,-0.006986319311649537,0.010503579550187658,2,0.4147479727944829,0.39096489476705515,0.19428713243846202,0.0
2024-11-07,113561.40514131403,0.011228269341463516,0.0,2,0.4133140721487594,0.391467304858484,0.1952186229927566,0.0
2024-11-08,114179.27168446442,0.005440814530090828,0.0,2,0.41285818811032116,0.3942939563516141,0.19284785553806458,0.0
2024-11-11,113488.33930855607,-0.006051294299877423,0.0060512942998773855,2,0.41576748319718093,0.3947645743347926,0.1894679424680264,0.0
2024-11-12,112667.25219853503,-0.006926609846199725,0.0132425042095895,4,0.2509617560871321,0.24796917814679495,0.24957084105007235,0.25149822471600064
2024-11-13,112174.00311729882,-0.0043779276729588555,0.01756245715690996,4,0.2521877250604774,0.24669698402757634,0.24814120541802726,0.252974085493919
2024-11-14,112038.21583005431,-0.0012105058522564008,0.018751703551997956,4,0.25086981160071087,0.24842620624181977,0.24779372558445786,0.25291025657301147
2024-11-15,111586.17200611113,-0.004034728869914124,0.02271077438223068,4,0.2486597854425008,0.24876981612137866,0.24835666972054588,0.2542137287155747
2024-11-18,112297.02948493867,0.006370480016005993,0.0164849729005746,4,0.24809814220044754,0.24763413075051496,0.2514784363927964,0.2527892906562411
2024-11-19,112677.68473937671,0.003943796377301641,0.013151134377852425,3,0.7997701639625202,0.2002298360374799,0.0,0.0
2024-11-20,112636.09114865375,-0.00036913778286415416,0.013515417580130085,3,0.8003366671737256,0.19966333282627435,0.0,0.0
2024-11-21,113102.59843398244,0.004141721188752882,0.009429673482743706,3,0.8013141675400033,0.19868583245999674,0.0,0.0
2024-11-22,113395.94906835313,0.002593668389872861,0.006860462538909928,3,0.8017184485043287,0.1982815514956712,0.0,0.0
2024-11-25,114286.40754066165,0.007852647996903106,0.0,3,0.7981702119988453,0.2018297880011547,0.0,0.0
2024-11-26,114674.83935769304,0.0034005937925919607,0.0,3,0.8014516928940131,0.1985483071059869,0.0,0.0
2024-11-27,114554.12100687249,-0.0010527012856238578,0.0010527012856238471,3,0.7998653257879279,0.20013467421207198,0.0,0.0
2024-11-29,115359.95157462951,0.007034496539052386,0.0,3,0.7992120744050553,0.20078792559494468,0.0,0.0
2024-12-02,115580.8604002548,0.0019149524822953058,0.0,3,0.7991143407131678,0.20088565928683225,0.0,0.0
2024-12-03,115423.34393032537,-0.0013628248603094818,0.001362824860309475,3,0.8005760486356668,0.19942395136433327,0.0,0.0
2024-12-04,115967.90807218384,0.00527145070411695,0.0,4,0.2502332594173734,0.2513614771546818,0.24944349088614426,0.24896177254180055
2024-12-05,115765.03775131221,-0.0017493660465562719,0.0017493660465561778,4,0.2502592870208884,0.2523105726238926,0.24803207931335494,0.24939806104186418
2024-12-06,115902.09970485371,0.001183966732995288,0.0005674705047638007,4,0.25043716718047637,0.2523865375251124,0.24783056911297136,0.24934572618143974
2024-12-09,115757.39492522662,-0.0012485086982511862,0.001815270711153838,4,0.2494589236158306,0.25037289976363436,0.25060186544825774,0.2495663111722772
2024-12-10,115909.62349423967,0.0013150656086498705,0.0005025923025867574,4,0.2483567525530564,0.24886764851561474,0.2535674089437257,0.2492081899876032
2024-12-11,116343.0808865239,0.0042936270188403,0.0,3,0.802737852673514,0.19726214732648578,0.0,0.0
2024-12-12,115583.0781780804,-0.006532427220014729,0.0065324272200146805,3,0.8038527429050342,0.1961472570949658,0.0,0.0
2024-12-13,115333.14996253958,-0.0021623253116320484,0.008680627298922494,3,0.8054348610261132,0.1945651389738869,0.0,0.0
2024-12-16,115797.00968238534,0.004021911479886036,0.004693628533622651,3,0.8056338419479553,0.19436615805204474,0.0,0.0
2024-12-17,115467.40475536117,-0.002846402751921056,0.007526671328369039,3,0.8046047842952772,0.19539521570472285,0.0,0.0
2024-12-18,112425.05792863513,-0.02634361738402012,0.0336764586946966,3,0.7971572363053266,0.2028427636946734,0.0,0.0
2024-12-19,112052.24692400877,-0.0033160846122313476,0.03688086932045598,3,0.7995638934858303,0.20043610651416974,0.0,0.0
2024-12-20,113256.23392412467,0.010744871550254723,0.02653227797371127,3,0.8005654919725165,0.19943450802748358,0.0,0.0
2024-12-23,113591.99176418898,0.0029645859519685054,0.023646349240297404,3,0.8029788608944928,0.19702113910550717,0.0,0.0
2024-12-24,114700.46210149526,0.009758349335113476,0.014118749241570971,3,0.804057773653967,0.19594222634603306,0.0,0.0
2024-12-26,114693.05638473642,-6.0508181751840036e-05,0.014182403364380813,3,0.8001016861340652,0.19989831386593485,0.0,0.0
2024-12-27,113539.10488687518,-0.010061214987508317,0.02410092614260051,3,0.799725559145064,0.20027444085493595,0.0,0.0
2024-12-30,112685.67907675954,-0.007516580397264568,0.03143634999086564,3,0.7965871163993707,0.2034128836006293,0.0,0.0
2024-12-31,112236.40856290319,-0.003986935318997522,0.035297950615784224,3,0.7968660780131407,0.20313392198685934,0.0,0.0
2025-01-02,112079.31424668695,-0.0013996734056952518,0.03664821841872701,3,0.7960222502173656,0.20397774978263447,0.0,0.0
2025-01-03,113128.28909833486,0.00936323403224522,0.02763199808439487,3,0.8024889181101362,0.19751108188986366,0.0,0.0
2025-01-06,113551.43323887774,0.0037403919383512574,0.02399496064891915,3,0.8041040836842306,0.19589591631576947,0.0,0.0
2025-01-07,112268.43392542956,-0.011298838569030946,0.03502268403110764,3,0.8040998489756341,0.19590015102436587,0.0,0.0
2025-01-08,112428.49135636061,0.001425667263135979,0.03364694746206187,3,0.8041282288238666,0.19587177117613344,0.0,0.0
2025-01-10,110902.30136628801,-0.01357476180335004,0.04676495996820462,3,0.8027483769944348,0.19725162300556517,0.0,0.0
2025-01-13,111031.7788610958,0.00117024309896418,0.045652066156031346,3,0.800303917654569,0.19969608234543113,0.0,0.0
2025-01-14,111117.69863828391,0.0007738305021267252,0.0449135626151812,3,0.8007853383582944,0.19921466164170556,0.0,0.0
2025-01-15,113117.80356950525,0.017999877208870082,0.027722124018397243,3,0.8009349166095745,0.19906508339042545,0.0,0.0
2025-01-16,113016.22987562903,-0.0008979461293536586,0.02859517717379123,3,0.8001130118163319,0.1998869881836682,0.0,0.0
2025-01-17,113963.01788285364,0.00837745170110997,0.020457280188339366,3,0.8014320254205611,0.19856797457943887,0.0,0.0
2025-01-21,115001.30392257495,0.009112172913981881,0.01153293306077785,3,0.800032913092168,0.199967086907832,0.0,0.0
2025-01-22,115398.24927860082,0.0034516596115563083,0.008121081208470105,3,0.8017628335681387,0.19823716643186126,0.0,0.0
2025-01-23,115725.47018570577,0.0028355794749965707,0.005308529704663001,3,0.8038594127218964,0.19614058727810357,0.0,0.0
2025-01-24,115555.84674528285,-0.0014657399114536556,0.0067664886922573775,3,0.8026892675627981,0.19731073243720196,0.0,0.0
2025-01-27,114513.04764739431,-0.009024200222314675,0.015729626765811022,3,0.798541135873705,0.20145886412629493,0.0,0.0
2025-01-28,115284.46210027812,0.0067379451804573205,0.009099112540077114,3,0.8014736503066968,0.19852634969330316,0.0,0.0
2025-01-29,114823.54088945118,-0.003998120843258344,0.013060854031833768,3,0.8010835815242136,0.19891641847578645,0.0,0.0
2025-01-30,115402.87126308365,0.005045397216849796,0.008081354011565844,3,0.8013399844813763,0.19866001551862375,0.0,0.0
2025-01-31,114760.18908041817,-0.005569031130953094,0.013605379830448183,3,0.8015391206531285,0.19846087934687145,0.0,0.0
2025-02-03,114326.60347699422,-0.003778188297686743,0.017332164441274056,3,0.799164431914838,0.20083556808516204,0.0,0.0
2025-02-04,115010.09754519905,0.005979274694272301,0.011457349514621962,3,0.8005798918228227,0.19942010817717729,0.0,0.0
2025-02-05,115762.07951142707,0.006538399516898885,0.004993862726254461,3,0.7986041878290822,0.20139581217091787,0.0,0.0
2025-02-06,116073.01966929063,0.002686027749120284,0.0023212486309922564,3,0.7992330776308487,0.20076692236915133,0.0,0.0
2025-02-07,115073.42126335068,-0.008611806678140684,0.010913065164670832,3,0.7987963671426823,0.20120363285731768,0.0,0.0
2025-02-10,115627.64976953015,0.004816303366101174,0.006149322431056703,3,0.8003663652107289,0.19963363478927107,0.0,0.0
2025-02-11,115549.83637791718,-0.0006725991431316201,0.006818149412601615,3,0.8011472017038886,0.19885279829611135,0.0,0.0
2025-02-12,114939.81712930698,-0.005279274014850872,0.012061428548429176,3,0.8028045431160227,0.19719545688397724,0.0,0.0
2025-02-13,116290.76300728884,0.011753506415118537,0.00044968621112995155,3,0.8018555389731453,0.19814446102685465,0.0,0.0
2025-02-14,116408.30307582939,0.001010742947255229,0.0,3,0.8010064944799871,0.1989935055200129,0.0,0.0
2025-02-18,116409.22728618118,7.939385141617622e-06,0.0,3,0.8033517894590836,0.19664821054091644,0.0,0.0
2025-02-19,116657.19993605292,0.00213353930221368,0.0,3,0.8001766455297309,0.1998233544702691,0.0,0.0
2025-02-20,116356.06581103432,-0.0025813591032844098,0.0025813591032843863,3,0.7989099880085182,0.2010900119914818,0.0,0.0
2025-02-21,115048.89000082407,-0.011234273014465274,0.01378663242483491,3,0.7941674013317075,0.20583259866829245,0.0,0.0
2025-02-24,114701.82114614606,-0.0030167075464659805,0.01676174973322453,3,0.7929456201411704,0.20705437985882952,0.0,0.0
2025-02-25,114659.096533306,-0.0003724841716821293,0.017127990418441374,3,0.7892960747876656,0.2107039252123344,0.0,0.0
2025-02-26,114839.6406316705,0.0015853373342620402,0.015580343994016088,3,0.7991370198723694,0.20086298012763068,0.0,0.0
2025-02-27,113211.70397352659,-0.014175738004660328,0.029535219124194878,3,0.7976889294506033,0.2023110705493967,0.0,0.0
2025-02-28,114901.9648320188,0.014930089373864235,0.015046093211531497,3,0.7982199321814092,0.20178006781859079,0.0,0.0
2025-03-03,113403.28218221902,-0.013043142055845437,0.027892986936233433,3,0.7945992071328883,0.2054007928671116,0.0,0.0
2025-03-04,112049.80769177478,-0.011935055709141117,0.03949513829239626,3,0.7946781694345173,0.20532183056548264,0.0,0.0
2025-03-05,112833.70905316669,0.007001367183308639,0.032775438506857046,3,0.802976339496608,0.19702366050339212,0.0,0.0
2025-03-06,111151.86578620019,-0.014905503692819582,0.047192407779978796,3,0.8006566863506343,0.1993433136493657,0.0,0.0
2025-03-07,111579.6026984381,0.0038482207132778156,0.04352579386782951,3,0.8020578672558373,0.1979421327441628,0.0,0.0
2025-03-10,109426.29805903806,-0.019298371631772938,0.06198418855397325,3,0.7960572543216125,0.2039427456783875,0.0,0.0
2025-03-11,108542.847095913,-0.008073479399334258,0.06955723988393248,3,0.7958651183661001,0.20413488163389998,0.0,0.0
2025-03-12,108873.50922507934,0.0030505216968273806,0.06672276306340541,3,0.8017992842505459,0.19820071574945405,0.0,0.0
2025-03-13,107899.52880157903,-0.008945981721657848,0.07507184416627954,3,0.7982520087570051,0.20174799124299492,0.0,0.0
2025-03-14,109563.3774995938,0.01542035184485825,0.060809126572107686,3,0.8023678330278925,0.1976321669721075,0.0,0.0
2025-03-17,110349.33744926083,0.00717356444830251,0.05407178031231519,3,0.8027961630989376,0.19720383690106227,0.0,0.0
2025-03-18,109413.45551001295,-0.008481083447177034,0.062094276478526056,3,0.8009118375370485,0.1990881624629515,0.0,0.0
2025-03-19,110480.02045177853,0.009748944284001321,0.05295154939138336,3,0.8009047014844504,0.1990952985155497,0.0,0.0
2025-03-20,110238.63001157143,-0.0021849239276024576,0.055020778211716914,3,0.800337402548972,0.19966259745102805,0.0,0.0
2025-03-21,110137.45999608895,-0.0009177365091698042,0.05588802014395888,3,0.8013368434964749,0.1986631565035251,0.0,0.0
2025-03-24,111493.65411384289,0.012313649849942961,0.04426255580487526,3,0.8057655714920837,0.19423442850791636,0.0,0.0
2025-03-25,111707.21758375248,0.0019154764601358152,0.04243186322844905,3,0.8061584844776204,0.19384151552237966,0.0,0.0
2025-03-26,111098.58271729224,-0.0048950468521192,0.047649156861365616,4,0.2482304893424193,0.24957837536438002,0.2510222704743985,0.25116886481880213
2025-03-27,111331.90153507594,0.002100106158666586,0.045649118990478965,4,0.24705239138352086,0.248329205756784,0.2538542870283598,0.25076411583133523
2025-03-28,111420.69685618905,0.0007975730216476203,0.044887954474600034,4,0.24188430334994604,0.25156398338446795,0.2555320807400089,0.2510196325255773
2025-03-31,112307.60985528141,0.007960038162722075,0.03728522614254237,4,0.24158499864395222,0.2520415539258209,0.2571553783733082,0.24921806905691848
2025-04-01,112582.57100696475,0.002448286024764204,0.03492822501587323,4,0.24167565052254075,0.253604655805909,0.256019855961775,0.2486998377097752
2025-04-02,112923.50570146448,0.0035348117299929998,0.03200569049004354,1,0.6016701881370834,0.39832981186291655,0.0,0.0
2025-04-03,109781.86079853453,-0.027821000449946287,0.05893626061046542,1,0.5883890335571739,0.4116109664428262,0.0,0.0
2025-04-04,106492.27830955107,-0.029964717896523215,0.08713497008392002,1,0.5710544996653254,0.4289455003346747,0.0,0.0
2025-04-07,105006.4448321713,-0.013952499664442845,0.09987171910750581,1,0.5781032951026274,0.42189670489737263,0.0,0.0
2025-04-08,103219.29864105613,-0.017019395275894904,0.11519135811902681,1,0.5789011527662458,0.42109884723375435,0.0,0.0
2025-04-09,111988.05813809477,0.08519264826522052,0.040024463132302124,3,0.8146161917008563,0.1853838082991436,0.0,0.0
2025-04-10,107418.21853374643,-0.04080649026624936,0.07919769553333134,3,0.8120576983884462,0.1879423016115538,0.0,0.0
2025-04-11,109084.45241151722,0.015511650635383926,0.06491453188218799,3,0.8139218856933204,0.18607811430667964,0.0,0.0
2025-04-14,110090.6395696248,0.00922392821216865,0.056289370652027215,3,0.8143069504338316,0.18569304956616844,0.0,0.0
2025-04-15,109911.96375514168,-0.001622988250241861,0.05782100191508721,3,0.8133462037962665,0.18665379620373343,0.0,0.0
2025-04-16,110323.05706254569,0.004305977241838499,0.05429705904975746,4,0.24339495604248124,0.2503169873416244,0.2570284439365045,0.24925961267938987
2025-04-17,110002.91984533935,-0.0029018160458048133,0.05704131501837173,4,0.24445156526570247,0.24882814974809225,0.2566446467337297,0.25007563825247553
2025-04-21,109741.14564631386,-0.002379702278753527,0.059285275949792826,4,0.23920218623937387,0.24506185974720956,0.2652152323871864,0.2505207216262302
2025-04-22,110171.04025383269,0.003917351190266835,0.055600166005833285,4,0.24446805284349066,0.24546809615072002,0.2604301285791152,0.2496337224266742
2025-04-23,110143.11925328281,-0.0002534332115368653,0.05583950828873718,4,0.24831907720279037,0.24791523271279867,0.2542498060398967,0.2495158840445143
2025-04-24,111584.41330778517,0.01344246534889512,0.043484556727304,5,0.2015011341823614,0.5982790582395282,0.2002198075781104,0.0
2025-04-25,111996.41936985576,0.003692326283368547,0.0399527896156604,5,0.2022104157736139,0.6004690673978159,0.1973205168285702,0.0
2025-04-28,112743.46495105467,0.006670263079856769,0.033549022153314234,5,0.20094716536857138,0.6002481382178435,0.19880469641358506,0.0
2025-04-29,113235.30800646306,0.004362497246486981,0.02933288242359322,5,0.20133468767821897,0.6026518681397106,0.19601344418207023,0.0
2025-04-30,112526.01386051653,-0.00626389558551881,0.03541303989638833,5,0.20268417584657855,0.6015426934329257,0.19577313072049587,0.0
2025-05-01,111900.97375433239,-0.005204914690746524,0.040770961280810036,4,0.2530890237957349,0.2500337741200926,0.2460877940890262,0.25078940799514626
2025-05-02,112012.36066508532,0.0009954060900083767,0.03981613885395607,4,0.2565905280893976,0.24708136184945592,0.24627286324142433,0.25005524681972213
2025-05-05,112513.4831344155,0.004473814017977149,0.035520454836125426,4,0.25398285474483673,0.24460693500676983,0.25249884784385673,0.24891136240453665
2025-05-06,113186.03109320371,0.005977487675719259,0.029755290241425092,4,0.2503634664567355,0.2439618429522915,0.25803249022223684,0.24764220036873608
2025-05-07,112994.22872835664,-0.0016945762917433401,0.031399443923771364,4,0.2518431164424554,0.24540895999308007,0.25459522443893684,0.24815269912552787
2025-05-08,113309.99244231741,0.00334450207014964,0.028692678167916985,3,0.8028890342589876,0.19711096574101233,0.0,0.0
2025-05-09,113227.47626479687,-0.0007282338983699384,0.029400017085409957,3,0.8024503475660817,0.19754965243391825,0.0,0.0
2025-05-12,116022.0110314911,0.024680712304837104,0.005444918144015154,3,0.8090025105688101,0.19099748943118977,0.0,0.0
2025-05-13,116551.91562314845,0.004567276389594121,0.0009025102005034702,3,0.8106425361483437,0.18935746385165628,0.0,0.0
2025-05-14,116526.20875039448,-0.00022056156363043196,0.0011228727050729415,3,0.8118576690104797,0.18814233098952024,0.0,0.0
2025-05-15,117380.28704649198,0.0078957892507317,0.0,4,0.2492530220798318,0.2502218713288794,0.25200123970327615,0.24852386688801278
2025-05-16,117279.48912644785,-0.0008587295412237204,0.0008587295412236795,4,0.2510474097912642,0.25110615884893145,0.2491692578187439,0.2486771735410604
2025-05-19,117613.41345741788,0.0028472526053554357,0.0,4,0.2506084908508614,0.24966792835346902,0.2516621792865841,0.2480614015090856
2025-05-20,117857.46856576245,0.0020750618587642763,0.0,4,0.2492486741868714,0.24735571104878964,0.25581785628694703,0.24757775847739188
2025-05-21,117069.01764603556,-0.006689868103580924,0.006689868103580965,4,0.24669902470930907,0.24476587381778547,0.259441081997501,0.2490940194754045
2025-05-22,117163.80060494783,0.00136368866741748,0.005885651280788995,3,0.7992257863700353,0.20077421362996464,0.0,0.0
2025-05-23,116563.65357367371,-0.005122290572475487,0.010977793837195882,3,0.7978574166484281,0.20214258335157184,0.0,0.0
2025-05-27,118826.05279118744,0.019409130961082842,0.0,3,0.7989386271590125,0.20106137284098746,0.0,0.0
2025-05-28,118173.68648947727,-0.005490094860397053,0.005490094860396977,3,0.7987012683665099,0.20129873163349016,0.0,0.0
2025-05-29,118766.4261319909,0.005015834405457196,0.0005017978616298491,3,0.7978522013298066,0.20214779867019333,0.0,0.0
2025-05-30,118695.75992543767,-0.00059285501554216,0.0010965008320080738,3,0.799579397653026,0.20042060234697404,0.0,0.0
2025-06-02,119008.95440745156,0.002638632434811673,0.0,3,0.8019671844055821,0.19803281559441793,0.0,0.0
2025-06-03,119511.70409615975,0.004224469420905297,0.0,3,0.8031475758282781,0.19685242417172194,0.0,0.0
2025-06-04,119867.8526151202,0.00298003046357612,0.0,3,0.8005463515976597,0.1994536484023404,0.0,0.0
2025-06-05,119420.69592558657,-0.003730413782996475,0.0037304137829964334,3,0.7996604879644198,0.20033951203558015,0.0,0.0
2025-06-06,120097.82000290137,0.0056704145519798,0.0,3,0.8036581499109394,0.19634185008906055,0.0,0.0
2025-06-09,120209.66845306256,0.000931311244105036,0.0,3,0.8036339963851056,0.19636600361489437,0.0,0.0
2025-06-10,120878.96852948632,0.005567772418281659,0.0,3,0.8037156349776152,0.19628436502238478,0.0,0.0
2025-06-11,120673.70844300507,-0.0016980628555842024,0.0016980628555841593,3,0.8027864754628619,0.19721352453713814,0.0,0.0
2025-06-12,121343.27754039198,0.005548591371111692,0.0,3,0.8015296097133667,0.1984703902866333,0.0,0.0
2025-06-13,120023.92379645167,-0.0108713904934759,0.010872903474204665,3,0.7997502676158095,0.2002497323841905,0.0,0.0
2025-06-16,120694.98986210921,0.00559110254381946,0.005342592448658423,3,0.8028704362405298,0.1971295637594701,0.0,0.0
2025-06-17,120156.4813001094,-0.004461730868986702,0.009780486107996644,3,0.7995772693368618,0.20042273066313823,0.0,0.0
2025-06-18,120183.75577608403,0.0002269913006731328,0.00955571489258622,3,0.7992753340278861,0.20072466597211389,0.0,0.0
2025-06-20,119913.62096946518,-0.0022476815179760627,0.011781918206807185,3,0.7991945913970658,0.20080540860293414,0.0,0.0
2025-06-23,120938.72022270026,0.008549459603594801,0.0033339903609992394,3,0.8010534147816725,0.1989465852183276,0.0,0.0
2025-06-24,122183.64595728008,0.010293855700534814,0.0,3,0.8016507240071888,0.19834927599281107,0.0,0.0
2025-06-25,122269.03821308166,0.0006988844958139658,0.0,3,0.801539772864517,0.19846022713548286,0.0,0.0
2025-06-26,123157.80579307108,0.007268950447132313,0.0,3,0.8019813051700817,0.19801869482991824,0.0,0.0
2025-06-27,123493.24720501581,0.002723671551183172,0.0,3,0.8037765833538165,0.19622341664618348,0.0,0.0
2025-06-30,124208.19549123399,0.00579316996503884,0.0,3,0.7991951504082891,0.2008048495917108,0.0,0.0
2025-07-01,124237.90500350279,0.00023919123976726126,0.0,3,0.7987453867439601,0.20125461325603988,0.0,0.0
2025-07-02,124528.90145500537,0.002342251758787785,0.0,3,0.8004913594174252,0.19950864058257478,0.0,0.0
2025-07-03,125141.50969508168,0.004919406121137806,0.0,3,0.8028508030575704,0.19714919694242955,0.0,0.0
2025-07-07,124157.35968252161,-0.007864297106196287,0.007864297106196294,3,0.8031844626618326,0.1968155373381673,0.0,0.0
2025-07-08,124070.84962879145,-0.0006935952383661601,0.008555594933279842,3,0.8001167689450672,0.1998832310549328,0.0,0.0
2025-07-09,124925.58487307826,0.006889089958230265,0.00172544523819107,3,0.7994076031396247,0.20059239686037536,0.0,0.0
2025-07-10,125224.53117613606,0.0023929950246902713,0.0,3,0.7997483452364331,0.20025165476356685,0.0,0.0
2025-07-11,124526.54632848731,-0.005573866726376364,0.005573866726376386,3,0.8014038212119231,0.19859617878807692,0.0,0.0
2025-07-14,124665.08133054555,0.0011124937303955502,0.004467573887768084,3,0.8020407026947368,0.19795929730526315,0.0,0.0
2025-07-15,124063.9193349944,-0.004820185500594981,0.00926824664657111,3,0.8004397771333853,0.19956022286661465,0.0,0.0
2025-07-16,124430.86165019611,0.002957687594979888,0.006337971629724937,3,0.8007474260101896,0.19925257398981044,0.0,0.0
2025-07-17,125034.79142652726,0.004853536882425069,0.001515196326364543,3,0.8017564350238628,0.1982435649761373,0.0,0.0
2025-07-18,124999.23096442835,-0.0002844045380745245,0.001799169935727818,3,0.8013971232998012,0.19860287670019883,0.0,0.0
2025-07-21,125410.51204852862,0.0032902689154727036,0.0,3,0.8002835391872065,0.19971646081279346,0.0,0.0
2025-07-22,125576.4951096819,0.00132380184331344,0.0,3,0.799056685121573,0.20094331487842698,0.0,0.0
2025-07-23,126290.17648926139,0.005683240155382087,0.0,3,0.8013007355376142,0.1986992644623859,0.0,0.0
2025-07-24,126279.92276075965,-8.119181385884996e-05,8.119181385901619e-05,3,0.8016310757216012,0.19836892427839883,0.0,0.0
2025-07-25,126865.04897297219,0.004633564856711674,0.0,3,0.8013045399033747,0.1986954600966254,0.0,0.0
2025-07-28,126676.20344227766,-0.001488554430265146,0.0014885544302651876,3,0.8022976208479463,0.19770237915205358,0.0,0.0
2025-07-29,127171.11489907687,0.004461663346549625,0.0,4,0.24823302815272813,0.25309223840050143,0.249574081736364,0.24910065171040632
2025-07-30,126382.74148446541,-0.006199311968265021,0.006199311968265064,4,0.24946698286871946,0.2533586028903369,0.24679301138109025,0.25038140285985333
2025-07-31,126490.17913934472,0.000850097518200331,0.0053544844697833716,4,0.24832009505957844,0.2532891327924506,0.24822203710890559,0.2501687350390653
2025-08-01,127225.92638092369,0.005816635303903241,0.0,4,0.2428374798486279,0.25540439372933466,0.251796260485051,0.24996186593698655
2025-08-04,127978.57420264937,0.005915836835584913,0.0,4,0.24507873095757268,0.2545962236035961,0.251773079378889,0.24855196605994212
2025-08-05,127682.31190758219,-0.00181551997992192,0.0023149366752442946,1,0.5980437458995203,0.4019562541004798,0.0,0.0
2025-08-06,127970.87470049727,0.0022600060149594683,6.016243109496777e-05,1,0.6012657529269102,0.39873424707308985,0.0,0.0
2025-08-07,127819.26710166238,-0.0011847039350924517,0.0012447950915184247,1,0.6014746802477,0.39852531975230004,0.0,0.0
2025-08-08,128197.95366999706,0.0029626720362393136,0.0,1,0.6043741496537541,0.39562585034624576,0.0,0.0
2025-08-11,128102.84935313475,-0.0007418551867616425,0.0007418551867616197,1,0.6036268612113641,0.39637313878863584,0.0,0.0
2025-08-12,128212.61617610473,0.001357543576312425,0.0,4,0.2523189854352387,0.24840407681151422,0.2494345151497899,0.24984242260345724
2025-08-13,128727.20506905532,0.004013558948393746,0.0,4,0.25217058092356354,0.2494597560853598,0.24919495294679364,0.24917471004428302
2025-08-14,128253.92981644269,-0.0036765752224539395,0.003676575222453904,4,0.2531246680926459,0.24852389192881172,0.2485291152074837,0.24982232477105862
2025-08-15,127957.8879191622,-0.0023082481581982515,0.005976336932666415,4,0.25311630839727123,0.24732413673398562,0.24925003905735266,0.2503095158113905
2025-08-18,127809.47271619792,-0.001159875372888563,0.007129280499526658,4,0.25335506209579745,0.2468948812477621,0.24914987586691076,0.25060018078952967
2025-08-19,127661.64764862548,-0.0011526542565341003,0.008277639678871407,4,0.24893065572286252,0.2517411454001866,0.24891859721862816,0.2504096016583227
2025-08-20,127980.92902390308,0.0025009968237006104,0.0057973452057153985,4,0.24764985535414835,0.2516637280971515,0.2508109175830198,0.24987549896568023
2025-08-21,127555.85562413833,-0.0033213807948320466,0.009099470809520116,4,0.2474783009118664,0.2512520747676335,0.2507735444398206,0.2504960798806794
2025-08-22,128690.05365238896,0.008891775471231102,0.0002886057896341887,4,0.24906418507858416,0.25088227460930485,0.2512246003340265,0.2488289399780845
2025-08-25,128362.72960368356,-0.0025435069721048012,0.0028313786909008876,4,0.24860031771985816,0.25079961904094955,0.2512570078599215,0.2493430553792708
2025-08-26,128738.50785094795,0.002929534266281,0.0,4,0.2503134644321679,0.24912616544433944,0.2510799644514856,0.24948040567200713
2025-08-27,128863.46890190932,0.0009706579099554284,0.0,4,0.25064050564487345,0.24859768160876275,0.25134285889366126,0.2494189538527026
2025-08-28,129417.24939336156,0.004297420333095175,0.0,4,0.25045183212505306,0.24916225011071594,0.2521240979017976,0.24826181986243348
2025-08-29,129336.72883811167,-0.0006221779216242876,0.0006221779216243339,4,0.24911319662623535,0.24754508148085513,0.25471554907300686,0.24862617281990276
2025-09-02,129622.26789993785,0.0022077182900117147,0.0,4,0.24672251109261487,0.24516171753988428,0.2601633092535378,0.24795246211396316
2025-09-03,130396.66000039378,0.00653111220299614,0.0,3,0.7991165172927,0.20088348270729994,0.0,0.0
2025-09-04,131467.22926017805,0.008210097250811748,0.0,3,0.7992332847040254,0.20076671529597456,0.0,0.0
2025-09-05,131565.3481245193,0.000746337052156744,0.0,3,0.7963242237019882,0.20367577629801184,0.0,0.0
2025-09-08,132179.7699020454,0.0046700881826769285,0.0,3,0.794569745282797,0.20543025471720308,0.0,0.0
2025-09-09,132268.26023036888,0.0006694695291802394,0.0,3,0.7958738855411135,0.2041261144588865,0.0,0.0
2025-09-10,132603.19967874553,0.0030798288717766,0.0,4,0.24995291284948815,0.250656919280196,0.25012770089493036,0.24926246697538554
2025-09-11,133063.35770852902,0.0034701879811217607,0.0,4,0.25115850309037197,0.25146016710244595,0.24889096705661498,0.24849036275056707
2025-09-12,132969.0337674352,-0.000708864879995184,0.0007088648799952191,4,0.25125256193483647,0.2505522282945078,0.24955857697783695,0.24863663279281867
2025-09-15,133581.90675460736,0.004609140713499441,0.0,4,0.2514313153302101,0.2499849690311698,0.2509983065326607,0.24758540910595944
2025-09-16,133689.262572974,0.000803670354577669,0.0,4,0.2508835191655585,0.2503106284613995,0.25129994991411925,0.24750590245892282
2025-09-17,133288.3523466524,-0.0029963348112716248,0.0029988214356614362,4,0.25043981063285126,0.25011298414250777,0.2488167453597018,0.25063045986493915
2025-09-18,132955.34923231127,-0.0024983661998840326,0.005489695481431189,4,0.2522401552547111,0.248151893478042,0.24844060408697258,0.2511673471802744
2025-09-19,133421.01377057887,0.003502412960112793,0.002006509701919512,4,0.25260474144150985,0.24681443444486292,0.2501995678242373,0.25038125628938995
2025-09-22,134023.7097219454,0.004517249077442173,0.0,4,0.2526585055390444,0.24482130141585823,0.25338502608898117,0.2491351669561163
2025-09-23,134219.58335322316,0.0014614849244519823,0.0,4,0.25091645576228105,0.2461728215197128,0.2540491633161052,0.248861559401901
2025-09-24,133664.14520131177,-0.004133334417571975,0.004138279512086229,4,0.2502389050210221,0.25008205501726427,0.2487624559894733,0.25091658397224037
2025-09-25,133620.00727538703,-0.00033021515125271643,0.0044671281407441255,4,0.24916671457366876,0.25016466317935415,0.2498811131337611,0.250787509113216
2025-09-26,133993.65597463708,0.002796352932985282,0.001683266874637157,4,0.24989542666648124,0.24924276046094435,0.2506226650722042,0.25023914780037015
2025-09-29,134928.116739886,0.006973917969861094,0.0,4,0.24886217675562874,0.24954904589511973,0.2529927150186592,0.24859606233059225
2025-09-30,135264.6271870242,0.002493997954384276,0.0,4,0.24917814965680463,0.24820615563990667,0.25451850520619496,0.24809718949709364
2025-10-01,135319.84381859994,0.001160987668592,0.0,0,0.0,0.0,0.0,1.0
2025-10-02,135352.5141245682,0.0002414302665916,0.0,0,0.0,0.0,0.0,1.0
2025-10-03,135303.46384159743,-0.0003623891531533,0.00036238915315323084,0,0.0,0.0,0.0,1.0
2025-10-06,135270.78072876678,-0.000241554147268,0.0006038557638182729,0,0.0,0.0,0.0,1.0
2025-10-07,135336.1725681529,0.0004834143710401,0.00012073330533246551,0,0.0,0.0,0.0,1.0
2025-10-08,135319.84381859997,-0.0001206532536207,0.0002413719920870694,0,0.0,0.0,0.0,1.0
2025-10-09,135303.46384159746,-0.0001210463782715,0.0003623891531530088,0,0.0,0.0,0.0,1.0
2025-10-10,135532.28405199925,0.0016911629895126,0.0,0,0.0,0.0,0.0,1.0
2025-10-13,135793.7489546445,0.0019291706361632,0.0,0,0.0,0.0,0.0,1.0
2025-10-14,135695.72522987734,-0.0007218574162786,0.0007218574162785041,0,0.0,0.0,0.0,1.0
2025-10-15,136241.0498456966,0.004772310219919225,0.0,4,0.24991722319145251,0.24826493427274918,0.253125109346243,0.24869273318955523
2025-10-16,137114.29220541546,0.00640953927401385,0.0,4,0.24663439434848825,0.24853403695507695,0.25739523153497473,0.2474363371614601
2025-10-17,136585.83159130477,-0.0038541614124295034,0.0038541614124294465,4,0.24899402805144044,0.24911322114937398,0.25352895262546843,0.24836379817371718
2025-10-20,138334.75565723903,0.012804578963705616,0.0,4,0.2484029947446272,0.24690774514955915,0.2594359390976253,0.24525332100818836
2025-10-21,136203.74421253562,-0.015404743620493764,0.01540474362049371,4,0.2522856559659492,0.2520033768622752,0.24656047956408234,0.2491504876076933
2025-10-22,136051.9531043548,-0.001110157251983275,0.01650201745785773,4,0.24897669706907333,0.2504410639410091,0.25030439122220743,0.2502778477677101
2025-10-23,136131.3715899088,0.0005837364605349054,0.015927913826585205,4,0.25030700627145913,0.24858213401207693,0.2511595880915844,0.2499512716248795
2025-10-24,136330.49777535466,0.001462750159057486,0.014488462226011078,4,0.2519840642405764,0.24832764001957386,0.24995187486423484,0.2497364208756148
2025-10-27,135893.66467781767,-0.003204221393343649,0.017646259378733542,4,0.2557764520676437,0.24997021407277248,0.24377443929426068,0.25047889456532313
2025-10-28,135841.51715783658,-0.0003837376827293181,0.01802322552678015,4,0.2565542479542431,0.2507200929411549,0.24212045499671456,0.2506052041078874
2025-10-29,135478.4016118239,-0.0019251301195589,0.020648130195801917,0,0.0,0.0,0.0,1.0
2025-10-30,135494.70910013473,0.0001203696538842,0.020530245950202586,0,0.0,0.0,0.0,1.0
2025-10-31,135543.74676710393,0.0003619157330561,0.02017576043615943,0,0.0,0.0,0.0,1.0
2025-11-03,135548.64925377825,3.616903613212763e-05,0.02014032113783537,0,0.0,0.0,0.0,1.0
2025-11-04,135597.78932255786,0.0003625271741927,0.01978509537735207,0,0.0,0.0,0.0,1.0
2025-11-05,135499.48358454602,-0.000724980388714,0.02049573195992882,0,0.0,0.0,0.0,1.0
2025-11-06,135663.32648123242,0.0012091772776696,0.01931133765563431,0,0.0,0.0,0.0,1.0
2025-11-07,135728.8892403596,0.0004832754792891,0.0188373948723064,0,0.0,0.0,0.0,1.0
2025-11-10,135696.12066102232,-0.0002414267111495,0.01907427373316528,0,0.0,0.0,0.0,1.0
2025-11-11,135810.8106887028,0.0008451975422862,0.0182451977201592,0,0.0,0.0,0.0,1.0
2025-11-12,135761.67061992318,-0.0003618273724339,0.018600423480642503,0,0.0,0.0,0.0,1.0
2025-11-13,135679.74917158,-0.0006034210390098,0.01919262063278948,0,0.0,0.0,0.0,1.0
2025-11-14,135728.88924035963,0.0003621768840202,0.01883739487230618,0,0.0,0.0,0.0,1.0
2025-11-17,135712.50495069099,-0.0001207133555747,0.01895583430273562,0,0.0,0.0,0.0,1.0
2025-11-18,135794.4391992605,0.0006037339639355,0.0183635446197834,0,0.0,0.0,0.0,1.0
2025-11-19,135778.05490959185,-0.0001206550854752,0.01848198405021284,0,0.0,0.0,0.0,1.0
2025-11-20,135892.75773749864,0.0008447817873304,0.01765281550640163,0,0.0,0.0,0.0,1.0
2025-11-21,136056.62623463763,0.0012058663012457,0.016468236140497194,0,0.0,0.0,0.0,1.0
2025-11-24,136073.01052430627,0.0001204225778785,0.016349796710067754,0,0.0,0.0,0.0,1.0
2025-11-25,136154.91917242316,0.0006019463213262,0.015757692088725572,0,0.0,0.0,0.0,1.0
2025-11-26,136138.54768298083,-0.0001202416302095,0.015876038988349994,0,0.0,0.0,0.0,1.0
2025-11-28,136138.54768298083,0.0,0.015876038988349994,0,0.0,0.0,0.0,1.0
2025-12-01,136021.860819997,-0.0008571184647537,0.01671954980693957,0,0.0,0.0,0.0,1.0
2025-12-02,136104.03827286628,0.0006041488652916,0.016125502038691897,0,0.0,0.0,0.0,1.0
2025-12-03,136186.22852596187,0.000603878137185,0.015531361739639093,0,0.0,0.0,0.0,1.0
2025-12-04,136087.60278229244,-0.0007241976280342,0.0162443115923413,0,0.0,0.0,0.0,1.0
2025-12-05,136038.28351034457,-0.0003624082645262,0.016600832784094965,0,0.0,0.0,0.0,1.0
2025-12-08,136005.41252919688,-0.000241630372712,0.01683845189139388,0,0.0,0.0,0.0,1.0
2025-12-09,135939.65776667517,-0.0004834716596856,0.01731378263679706,0,0.0,0.0,0.0,1.0
2025-12-10,136169.79303538805,0.0016929222310377,0.015650171293288384,0,0.0,0.0,0.0,1.0
2025-12-11,136186.2285259619,0.0001206985059423,0.015531361739638871,0,0.0,0.0,0.0,1.0
2025-12-12,136202.66401653574,0.000120683939571,0.01541255218598947,0,0.0,0.0,0.0,1.0
2025-12-15,136284.8286691787,0.0006032529043116,0.014818596948546814,0,0.0,0.0,0.0,1.0
2025-12-16,136350.5706314741,0.000482386505801,0.014343358733948763,0,0.0,0.0,0.0,1.0
2025-12-17,136366.99332182165,0.0001204446029927,0.014224641711104269,0,0.0,0.0,0.0,1.0
2025-12-18,136465.61906549108,0.000723237649133,0.013511691858402064,0,0.0,0.0,0.0,1.0
2025-12-19,136440.90182849878,-0.0001811242799583,0.013690368842901424,0,0.0,0.0,0.0,1.0
2025-12-22,136374.9422623562,-0.0004834295673704,0.014167180081185005,0,0.0,0.0,0.0,1.0
2025-12-23,136309.00829666623,-0.0004834756634626,0.014643806257858438,0,0.0,0.0,0.0,1.0
2025-12-24,136391.4545542879,0.0006048481949352,0.014047815342705272,0,0.0,0.0,0.0,1.0
2025-12-26,136490.3491027097,0.00072507877231,0.013332922343097464,0,0.0,0.0,0.0,1.0
2025-12-29,136556.29586862598,0.0004831606509163,0.012856203635618901,0,0.0,0.0,0.0,1.0
2025-12-30,136589.26925158413,0.0002414636597192,0.012617844281879509,0,0.0,0.0,0.0,1.0
2025-12-31,136539.80917714693,-0.000362108053643,0.012975383312488376,0,0.0,0.0,0.0,1.0
