date,wealth,return,drawdown,action,w_SPY,w_TLT,w_GLD,w_SHY
2021-01-05,100000.81638133606,0.0040242608567877,0.0,3,0.8022810932456224,0.19771890675437767,0.0,0.0
2021-01-06,100074.58300662664,0.0007376602307853809,0.0,3,0.8064825767883923,0.19351742321160773,0.0,0.0
2021-01-07,101103.01199759945,0.01027662529360449,0.0,3,0.8101395058926576,0.18986049410734232,0.0,0.0
2021-01-08,101507.74393004442,0.004003163945843633,0.0,3,0.8115068365762736,0.18849316342372643,0.0,0.0
2021-01-11,100920.86779763892,-0.005781589755457031,0.005781589755457062,3,0.8107240391009859,0.18927596089901405,0.0,0.0
2021-01-12,100760.97643576837,0.0008606746067271601,0.0073567539319039366,5,0.1998702256592172,0.5990080826307084,0.20112169171007446,0.0
2021-01-13,101407.66282408885,0.006418024231163856,0.0009859455257378302,5,0.1991304033206591,0.6018912591760276,0.19897833750331329,0.0
2021-01-14,100754.67242172478,-0.006439260941224977,0.007418857706448789,5,0.19971916025070913,0.6001168839279138,0.20016395582137705,0.0
2021-01-15,100597.6253380166,-0.0015587076999351445,0.008966001575752114,5,0.19857214782759555,0.603438849423017,0.19798900274938755,0.0
2021-01-19,101119.16663375388,0.0051844294930904,0.003828055685666132,5,0.19909910460692268,0.6022641357328802,0.19863675966019717,0.0
2021-01-20,102012.7613450799,0.011267732588735,0.0,3,0.8020337637085824,0.19796623629141752,0.0,0.0
2021-01-21,101945.62188892324,-0.0006581476206642746,0.0006581476206642956,3,0.8032936615317773,0.19670633846822264,0.0,0.0
2021-01-22,101720.67779476018,-0.0022065105886366954,0.002863205999607099,3,0.8022205468180359,0.1977794531819641,0.0,0.0
2021-01-25,102279.609714542,0.00549477187823667,0.0,3,0.8009831923310617,0.1990168076689382,0.0,0.0
2021-01-26,102113.31447915216,-0.0016258884430040165,0.0016258884430041531,3,0.8010352427580403,0.19896475724195967,0.0,0.0
2021-01-27,100168.27996158446,-0.01904374304000688,0.020642723988194556,3,0.7955989000172984,0.20440109998270167,0.0,0.0
2021-01-28,100740.48213489215,0.005712408893585419,0.015048234774707181,3,0.797883358293267,0.2021166417067331,0.0,0.0
2021-01-29,99008.84212394398,-0.017189117763298987,0.03197868665833392,3,0.7955856106157194,0.20441438938428064,0.0,0.0
2021-02-01,100343.45441348637,0.013479728283981618,0.018930022381385303,3,0.7980706135027186,0.2019293864972814,0.0,0.0
2021-02-02,101345.17895210092,0.009982958474667842,0.009136041534075434,3,0.8013556084282808,0.19864439157171923,0.0,0.0
2021-02-03,100548.49496330082,-0.0054688265089572795,0.016925316356531384,5,0.20125791625680486,0.5979460912694868,0.20079599247370836,0.0
2021-02-04,100183.13172120131,-0.0036337017499153733,0.020497516554784267,5,0.2042876633841424,0.5985230501207233,0.19718928649513442,0.0
2021-02-05,99956.629561689,-0.002260881204458996,0.022712055309326518,5,0.2055564340268821,0.594856352289815,0.1995872136833029,0.0
2021-02-08,100566.99917652685,0.0061063444967515345,0.01674439844652298,5,0.20578436653795418,0.5938421027909435,0.2003735306711022,0.0
2021-02-09,100663.21746468185,0.0009567580711651156,0.015803660713718415,5,0.20545080462432788,0.5937136140120257,0.20083558136364643,0.0
2021-02-10,101127.45407682161,0.00463704213596292,0.01126476372891927,5,0.19899015899346126,0.6012041252888481,0.19980571571769062,0.0
2021-02-11,100651.63621649872,-0.004705130418505675,0.015916891964946722,5,0.20025371380353493,0.6007395461778636,0.19900674001860147,0.0
2021-02-12,99939.41576496884,-0.007076094123278057,0.022880356662530743,5,0.202677107203699,0.5975066636948224,0.19981622910147848,0.0
2021-02-16,98726.00406267677,-0.012141472841363141,0.034744028274875105,5,0.20499050591975512,0.5956406940083018,0.1993688000719432,0.0
2021-02-17,98880.60823807919,0.0015659924340122422,0.033232444726268295,5,0.20471694234372742,0.5984858447498347,0.19679721290643779,0.0
2021-02-18,98553.30608413366,-0.0032912685673079935,0.0364325171049078,5,0.19980639213635784,0.5995452378742068,0.2006483699894355,0.0
2021-02-19,97815.14888094582,-0.007489928369908563,0.043649568531365146,5,0.20095871053958334,0.5960400545859463,0.2030012348744704,0.0
2021-02-22,97517.67013496341,-0.003041233892558765,0.04655805387671075,5,0.20002131094522224,0.593310168089639,0.20666852096513882,0.0
2021-02-23,97328.13359039318,-0.0019436123146494282,0.04841117538449924,5,0.2006541986538306,0.5927512323419005,0.20659456900426887,0.0
2021-02-24,97150.62283600299,-0.0018238380604034686,0.05014671930068759,5,0.20323601681685174,0.5899387828268277,0.2068252003563205,0.0
2021-02-25,95361.08432783486,-0.0183807422666513,0.06764325172941554,5,0.19883558867631654,0.6012531998103967,0.19991121151328675,0.0
2021-02-26,96697.823126479,0.01401765518991652,0.054573796318166834,5,0.19507651781795987,0.6125434221908445,0.19238005999119556,0.0
2021-03-01,96340.57934003403,-0.0036944346304227118,0.05806661162555815,5,0.20054609874042512,0.6066946023759222,0.1927592988836527,0.0
2021-03-02,96295.13739207808,-0.00047168024385206147,0.05851090299587902,5,0.1990750724244692,0.6070240293989434,0.19390089817658737,0.0
2021-03-03,95201.42702883312,-0.011357898154210878,0.06920424027295169,5,0.19869497888606782,0.6073381537484182,0.19396686736551408,0.0
2021-03-04,94407.36410916988,-0.00831176338429066,0.07696788858838266,5,0.19918054335448687,0.6011270392789027,0.19969241736661048,0.0
2021-03-05,94875.66670971022,0.004960445670306023,0.07238923794777741,5,0.20184356596806718,0.5993247416762241,0.19883169235570874,0.0
2021-03-08,94142.62489239364,-0.007726341671563258,0.07955627563361212,5,0.20240245868857265,0.5992952224328449,0.1983023188785824,0.0
2021-03-09,95593.64344009018,0.015412981626070887,0.06536949342212073,5,0.202176133043682,0.5983774963348731,0.19944637062144494,0.0
2021-03-10,95925.75018662668,0.003474150943358831,0.06212244596600114,5,0.20273028115696698,0.5975005430649255,0.19976917577810754,0.0
2021-03-11,96334.75259233653,0.006668750500156322,0.05812358043599619,3,0.8027580074531094,0.1972419925468907,0.0,0.0
2021-03-12,96035.67498196902,-0.003104566133398767,0.06104769807002142,3,0.8063424912590051,0.1936575087409948,0.0,0.0
2021-03-15,96606.82488987563,0.005947268116914454,0.05546349698144992,3,0.8063554704836383,0.19364452951636177,0.0,0.0
2021-03-16,96433.37811173341,-0.0017953884556285106,0.05715930691488924,3,0.8067868421387945,0.1932131578612056,0.0,0.0
2021-03-17,96559.25116471818,0.0013052851144437772,0.05592863099291345,3,0.8084825958575913,0.19151740414240861,0.0,0.0
2021-03-18,95236.53037218368,-0.013665073568608601,0.06886103067869787,3,0.7992825167332861,0.2007174832667139,0.0,0.0
2021-03-19,95214.16071741685,-0.00023488523447266863,0.06907974147383356,3,0.7979910787992767,0.20200892120072333,0.0,0.0
2021-03-22,96036.40526531685,0.008635738021577508,0.0610405580022223,3,0.7974762988663664,0.2025237011336336,0.0,0.0
2021-03-23,95609.17924703949,-0.004448584024954781,0.06521759797597393,3,0.7947350085537203,0.20526499144627966,0.0,0.0
2021-03-24,95328.52992087405,-0.0029353805604823958,0.06796154006715638,3,0.7930226908183795,0.2069773091816205,0.0,0.0
2021-03-25,95604.54726011406,0.0029234234901538603,0.06526288546717918,3,0.8021554459159768,0.1978445540840231,0.0,0.0
2021-03-26,96774.1982109956,0.01223426065393337,0.05382706796507897,3,0.8052306805144724,0.19476931948552767,0.0,0.0
2021-03-29,96574.84404979229,-0.0020599928998499555,0.055776177487101064,3,0.8064853466874446,0.19351465331255535,0.0,0.0
2021-03-30,96466.13655376974,-0.0011256295269448662,0.0568390237017663,3,0.8052521933203045,0.19474780667969552,0.0,0.0
2021-03-31,96676.18060754013,0.002177386399768393,0.054785397819182236,3,0.8067595262119874,0.19324047378801248,0.0,0.0
2021-04-01,97829.65369986626,0.01195866742992882,0.04350775317871647,3,0.7990833103060789,0.20091668969392107,0.0,0.0
2021-04-05,98865.9361536747,0.010592723316671236,0.033375895453597426,3,0.8020567337128048,0.1979432662871951,0.0,0.0
2021-04-06,98952.0290848892,0.0008708047944913896,0.03253415454888753,3,0.8008855045446802,0.19911449545531973,0.0,0.0
2021-04-07,98906.51436880731,-0.00045996748629429334,0.03297915738189516,3,0.8021813238960046,0.19781867610399542,0.0,0.0
2021-04-08,99444.65853648497,0.005440937547055943,0.027717657370508686,3,0.8016276138702184,0.19837238612978159,0.0,0.0
2021-04-09,99950.34203984753,0.0050916181653481,0.02277352916378317,3,0.8017340220302547,0.19826597796974532,0.0,0.0
2021-04-12,99970.90744746257,0.000205756250507447,0.0225724587092474,3,0.8018612307768913,0.19813876922310872,0.0,0.0
2021-04-13,100356.93334595939,0.0038613823596597156,0.018798237243461524,3,0.8011444265701955,0.19885557342980462,0.0,0.0
2021-04-14,100018.93364141032,-0.003367975617428285,0.022102900856203256,3,0.8011063254823709,0.19889367451762902,0.0,0.0
2021-04-15,101212.57016556387,0.011934105680760532,0.010432573530112177,3,0.8001628881470723,0.19983711185292777,0.0,0.0
2021-04-16,101325.92412264853,0.00112061156149136,0.009324298308872825,3,0.8017754153398012,0.19822458466019877,0.0,0.0
2021-04-19,100869.10686295666,-0.004508394703994338,0.01379065539575286,3,0.801449573498981,0.19855042650101892,0.0,0.0
2021-04-20,100369.52668225073,-0.0049527570555836205,0.018675110685524077,3,0.7995416423894991,0.20045835761050088,0.0,0.0
2021-04-21,101169.2501463942,0.00796779152576106,0.010856118548425941,3,0.8007270455743012,0.19927295442569884,0.0,0.0
2021-04-22,100517.37908253346,-0.006443371507819482,0.01722954005130506,3,0.7985594352689309,0.2014405647310691,0.0,0.0
2021-04-23,101341.40488782033,0.008203653652662601,0.009172941012780211,3,0.8020937176027194,0.1979062823972807,0.0,0.0
2021-04-26,101482.44214586,0.0013917041923366459,0.007794002840907144,3,0.8026509075465124,0.1973490924534877,0.0,0.0
2021-04-27,101290.19884365768,-0.001894350373693182,0.009673588642406195,3,0.8040011343471605,0.19599886565283953,0.0,0.0
2021-04-28,101279.68064896132,-0.00010384217640438756,0.009776426292312235,3,0.8038536006546418,0.19614639934535824,0.0,0.0
2021-04-29,101739.82060053248,0.004543260292911103,0.005277582848781437,3,0.8053176524844693,0.19468234751553082,0.0,0.0
2021-04-30,101249.95142087161,-0.00479375216850948,0.01006709251769855,3,0.7985717676725171,0.20142823232748286,0.0,0.0
2021-05-03,101436.55058985029,0.0018429556395837962,0.008242690083044457,3,0.7988218401264081,0.20117815987359192,0.0,0.0
2021-05-04,101075.13041872454,-0.003563017167126707,0.01177633840390202,3,0.796732277086051,0.20326772291394907,0.0,0.0
2021-05-05,101134.20358517295,0.0005844480853369245,0.011198772976997451,3,0.7965159993851376,0.20348400061486224,0.0,0.0
2021-05-06,101811.3739470741,0.006695760068262729,0.004577997205647666,3,0.7975366640099066,0.20246333599009328,0.0,0.0
2021-05-07,102302.73497528044,0.0048360909305733,0.0,3,0.8019441637077016,0.19805583629229845,0.0,0.0
2021-05-10,101285.13538701432,-0.009946944121405975,0.009946944121405954,3,0.8019801934152008,0.19801980658479926,0.0,0.0
2021-05-11,100446.67926029791,-0.008278175504358509,0.018142777076595396,3,0.8014573061442066,0.19854269385579337,0.0,0.0
2021-05-12,98526.80237933692,-0.019113393246040663,0.036909400289795835,3,0.7997153957485195,0.20028460425148045,0.0,0.0
2021-05-13,99503.8678624164,0.009916748128267603,0.02735867338776754,3,0.8013748938882205,0.19862510611177941,0.0,0.0
2021-05-14,100911.73708924663,0.014154466875117361,0.013596878777189292,3,0.8009473447619095,0.19905265523809054,0.0,0.0
2021-05-17,100663.58443022403,-0.0024591060086809227,0.016022548619569976,3,0.8008787360036477,0.19912126399635238,0.0,0.0
2021-05-18,99917.72892214978,-0.0074093875386609396,0.023313218886151565,3,0.799905562555624,0.2000944374443761,0.0,0.0
2021-05-19,99659.81668700851,-0.0025812459702944605,0.025834287704141534,3,0.7998729718387505,0.20012702816124953,0.0,0.0
2021-05-20,100681.50203213547,0.010251728119625703,0.015847405678222737,3,0.8002737921174861,0.199726207882514,0.0,0.0
2021-05-21,100680.0248342308,-1.3576835541539975e-05,0.015861845154401144,3,0.7993559914312505,0.20064400856874962,0.0,0.0
2021-05-24,101575.26662952763,0.008891950481446914,0.007110937414611551,3,0.8003877217801855,0.19961227821981453,0.0,0.0
2021-05-25,101582.71815214804,7.33596166436255e-05,0.00703809945361078,3,0.798553298978213,0.20144670102178683,0.0,0.0
2021-05-26,101708.48126461067,0.0012380364962695778,0.005808776381329039,3,0.7991487410229073,0.20085125897709272,0.0,0.0
2021-05-27,101668.98715141679,-0.0003883069799373851,0.006194827772852629,3,0.7998788862040696,0.20012111379593045,0.0,0.0
2021-05-28,101782.16133736246,0.00111364830158688,0.005088560320931523,3,0.8005394969783367,0.19946050302166327,0.0,0.0
2021-06-01,101705.83035139693,-0.000749944636295469,0.005834688818707967,3,0.8004345874998,0.19956541250019993,0.0,0.0
2021-06-02,101880.84167384908,0.0017207599785329572,0.004123968939181433,3,0.8003161107816127,0.19968388921838737,0.0,0.0
2021-06-03,101501.87648862618,-0.0037196903656928387,0.007828319417342855,3,0.8003229030760497,0.19967709692395025,0.0,0.0
2021-06-04,102522.38678462229,0.010054102754548102,0.0,3,0.7996032901250307,0.20039670987496913,0.0,0.0
2021-06-07,102379.6383271389,-0.0013907791424232,0.0013923637749798656,3,0.8003369260735951,0.19966307392640495,0.0,0.0
2021-06-08,102540.72132310666,0.0015733889921845593,0.0,3,0.7992498603450635,0.20075013965493638,0.0,0.0
2021-06-09,102600.17757838723,0.0005798306713020819,0.0,3,0.7975948923955555,0.2024051076044445,0.0,0.0
2021-06-10,103105.17297216572,0.004921973876630643,0.0,3,0.7973780004960588,0.2026219995039413,0.0,0.0
2021-06-11,103207.29597546867,0.0009904740990106893,0.0,3,0.7979050702220196,0.2020949297779804,0.0,0.0
2021-06-14,103233.2117016673,0.00025948551903866,0.0,3,0.8015833417433255,0.19841665825667443,0.0,0.0
2021-06-15,103056.77895031103,-0.0017090696729085992,0.0017090696729086252,3,0.8014829127726691,0.1985170872273308,0.0,0.0
2021-06-16,102578.19418428463,-0.0046438940834465,0.00634502701781281,3,0.8007264113821781,0.19927358861782193,0.0,0.0
2021-06-17,102856.99608583293,0.0027179451126564747,0.0036443273403291565,3,0.7982911659237456,0.2017088340762543,0.0,0.0
2021-06-18,102139.47647733428,-0.0069758950368323846,0.010594799932155508,3,0.793054113431396,0.2069458865686039,0.0,0.0
2021-06-21,102964.35509677998,0.008104010735132922,0.0026043615272213216,3,0.8049295696895353,0.19507043031046453,0.0,0.0
2021-06-22,103456.51220061841,0.004779878467415586,0.0,3,0.8053832813217316,0.1946167186782684,0.0,0.0
2021-06-23,103304.21959448789,-0.0014720446580995124,0.0014720446580994695,3,0.8055984587629528,0.1944015412370472,0.0,0.0
2021-06-24,103828.787368916,0.005077893008506979,0.0,3,0.8062700976848003,0.19372990231519965,0.0,0.0
2021-06-25,103917.28342231028,0.0008523267548126798,0.0,3,0.8084449184487049,0.19155508155129514,0.0,0.0
2021-06-28,104295.03493101559,0.00366902085407478,0.0,3,0.7986824331973378,0.2013175668026623,0.0,0.0
2021-06-29,104374.95922805977,0.0007663288774681484,0.0,3,0.7985001295797632,0.20149987042023682,0.0,0.0
2021-06-30,104538.79251976934,0.0015696608930078034,0.0,3,0.7979198731316568,0.20208012686834326,0.0,0.0
2021-07-01,105001.77033322948,0.0044287656505365355,0.0,3,0.7987997879208084,0.20120021207919164,0.0,0.0
2021-07-02,105770.36541352083,0.007319829730986129,0.0,3,0.7990565045245457,0.20094349547545431,0.0,0.0
2021-07-06,105863.78619856833,0.0008870189131111401,0.0,3,0.797835175264016,0.202164824735984,0.0,0.0
2021-07-07,106351.87483798989,0.004610534508052158,0.0,3,0.7969801618503797,0.20301983814962035,0.0,0.0
2021-07-08,105745.85151930682,-0.005698285240445981,0.0056982852404459106,3,0.7950167398436554,0.20498326015634463,0.0,0.0
2021-07-09,106338.441157699,0.005603904360106219,0.00012631352584391298,3,0.7990255979864981,0.20097440201350206,0.0,0.0
2021-07-12,106615.09438529401,0.002601629519702359,0.0,3,0.7998069349839263,0.20019306501607367,0.0,0.0
2021-07-13,106161.06837875742,-0.00425778380760306,0.004258552779551006,3,0.8006820436492784,0.19931795635072158,0.0,0.0
2021-07-14,106528.29866850347,0.003459180426066015,0.0008141034559034921,3,0.7991123373849961,0.20088766261500404,0.0,0.0
2021-07-15,106473.60199238324,-0.0005134473825630076,0.001327132839177958,3,0.7967921410006072,0.2032078589993928,0.0,0.0
2021-07-16,105767.37322138964,-0.006632900153449457,0.007951230253014696,3,0.7958210682335372,0.20417893176646282,0.0,0.0
2021-07-19,104997.90009434194,-0.007275146423813259,0.015168530312487771,3,0.7898145425980828,0.21018545740191721,0.0,0.0
2021-07-20,105994.87203758476,0.009536291138267481,0.005817397163931037,3,0.8037990013595888,0.1962009986404111,0.0,0.0
2021-07-21,106421.24053537103,0.0040225389171193995,0.0018182589532999005,3,0.8070602827329206,0.1929397172670793,0.0,0.0
2021-07-22,106795.21764763909,0.0035141209629458727,0.0,3,0.8059184125215499,0.19408158747844995,0.0,0.0
2021-07-23,107542.04004319958,0.006993032197607946,0.0,3,0.8085554000487221,0.1914445999512778,0.0,0.0
2021-07-26,107694.48808569302,0.0014175669573703053,0.0,3,0.8093928745374369,0.19060712546256312,0.0,0.0
2021-07-27,107527.63758442872,-0.0015117800170477203,0.0015492947153575853,3,0.7975597137498446,0.2024402862501555,0.0,0.0
2021-07-28,107493.92667070807,-0.0003135092937775059,0.0018623182908429348,3,0.7974827026042371,0.2025172973957629,0.0,0.0
2021-07-29,107728.72696956096,0.002184312231631224,0.0,3,0.799044795730511,0.20095520426948896,0.0,0.0
2021-07-30,107412.51925013299,-0.002935221907127142,0.002935221907127139,3,0.7975052143276868,0.20249478567231313,0.0,0.0
2021-08-02,107426.76747580309,0.00013264958097585823,0.0028029616821071413,3,0.7957262414989504,0.20427375850104948,0.0,0.0
2021-08-03,108135.53184362441,0.00661485956167672,0.0,3,0.8012087032239708,0.19879129677602922,0.0,0.0
2021-08-04,107753.5697470937,-0.0035322533677743257,0.003532253367774296,3,0.8000937446419026,0.19990625535809733,0.0,0.0
2021-08-05,108189.7251545207,0.004047711908298641,0.0,3,0.8019146948457226,0.19808530515427727,0.0,0.0
2021-08-06,107975.17615716222,-0.0019830810832733516,0.001983081083273386,3,0.8048358410353786,0.1951641589646214,0.0,0.0
2021-08-09,107828.88741911348,-0.0013548367620703013,0.003335231094189872,3,0.8052718992970738,0.19472810070292623,0.0,0.0
2021-08-10,107834.34596008905,7.171136014510001e-05,0.003284777680358064,3,0.8009378473445913,0.19906215265540872,0.0,0.0
2021-08-11,108035.77880806325,0.001867984139753966,0.0014229294532135395,3,0.8014309753232747,0.19856902467672527,0.0,0.0
2021-08-12,108260.11779109792,0.0020765248837908983,0.0,3,0.8021672136866107,0.1978327863133893,0.0,0.0
2021-08-13,108756.47741443869,0.0045848797642967475,0.0,3,0.7999593749942054,0.20004062500579464,0.0,0.0
2021-08-16,109014.04121819977,0.0023682617337777542,0.0,3,0.7999484043329279,0.20005159566707198,0.0,0.0
2021-08-17,108551.0480328972,-0.00185174699043038,0.004247096797153405,5,0.19905754138100668,0.6008709841618917,0.20007147445710166,0.0
2021-08-18,108550.55917084073,-4.503522216782843e-06,0.004251581192475373,5,0.19687975488347806,0.602892090833206,0.2002281542833159,0.0
2021-08-19,109001.94061943892,0.004158260003873141,0.00011100036862798923,5,0.1963680763610924,0.604817641592258,0.19881428204664964,0.0
2021-08-20,109227.77488327642,0.002071837093487846,0.0,5,0.197521331991924,0.603968275299817,0.19851039270825913,0.0
2021-08-23,109637.78642866525,0.0037537297251268847,0.0,5,0.19851364994405818,0.6013099935880472,0.20017635646789458,0.0
2021-08-24,109149.94784088236,-0.0044436289683513,0.004449547949422428,5,0.20121160654334347,0.5979909523568702,0.20079744109978634,0.0
2021-08-25,108501.80553367698,-0.0059380908559868535,0.010361216985417587,5,0.20283831539256567,0.5965661077026103,0.20059557690482407,0.0
2021-08-26,108575.85633499062,0.000682484507510398,0.00968580384797868,5,0.20150336816284534,0.5978104487894212,0.2006861830477335,0.0
2021-08-27,109540.59029844197,0.008885345195665178,0.0008865203630001872,5,0.20151446971515496,0.5965771502860201,0.2019083799988248,0.0
2021-08-30,109699.01166059081,0.0014462343293680743,0.0,5,0.2021083678923144,0.5972699448652624,0.2006216872424232,0.0
2021-08-31,109261.34140390257,-0.00397886069442914,0.0039897374649318085,5,0.20050144936840497,0.598296464617327,0.2012020860142679,0.0
2021-09-01,109383.80486852044,0.0011208306894674599,0.0028733785956579494,5,0.20038344372749212,0.5986278939941102,0.20098866227839782,0.0
2021-09-02,109678.76664349415,0.0026965762923335866,0.00018455058792421486,5,0.20045938423247106,0.599624009610945,0.19991660615658385,0.0
2021-09-03,109309.83289357202,-0.0033637663990271484,0.0035476962018847757,5,0.20108715056195015,0.596176331855051,0.2027365175829989,0.0
2021-09-07,108247.48903809395,-0.009718648609703824,0.01323186599882853,5,0.2023345633281193,0.5969485571639499,0.20071687950793082,0.0
2021-09-08,108607.61232720513,0.00333909773045132,0.009949035245298998,5,0.19909153525275577,0.6020732754572057,0.19883518929003863,0.0
2021-09-09,109401.83762427283,0.0073127958533414925,0.0027089946556441147,5,0.19680021920464216,0.6049349166519393,0.19826486414341862,0.0
2021-09-10,108538.8514370551,-0.00788822387226755,0.010575849371599166,5,0.19680096422051208,0.6043687074054102,0.19883032837407774,0.0
2021-09-13,109063.655807231,0.004835175268832316,0.005791810188095492,5,0.19635518099305338,0.6051084151036973,0.1985364039032494,0.0
2021-09-14,109887.55513421746,0.007554297725382512,0.0,5,0.19383132873647588,0.6078521237289101,0.19831654753461403,0.0
2021-09-15,110104.93691300615,0.0036087579198820995,0.0,1,0.6028359997006916,0.3971640002993083,0.0,0.0
2021-09-16,109799.33260763853,-0.0027755731390054625,0.0027755731390054494,1,0.6035557648067814,0.39644423519321864,0.0,0.0
2021-09-17,108944.68324688044,-0.007783739121731631,0.01053770792350972,1,0.6023649691755348,0.3976350308244651,0.0,0.0
2021-09-20,108387.69750346326,-0.005112555535683892,0.015596388842215814,1,0.5953649439707202,0.4046350560292799,0.0,0.0
2021-09-21,108289.01092419613,-0.0009104961313895933,0.016492684521901002,1,0.5953445632153127,0.4046554367846873,0.0,0.0
2021-09-22,109173.81858054364,0.00899678491839166,0.008456644711564487,3,0.8006011163961132,0.19939888360388688,0.0,0.0
2021-09-23,109743.86079539642,0.005221418672208894,0.0032793817219568533,3,0.8061192637927166,0.19388073620728344,0.0,0.0
2021-09-24,109681.63305907039,-0.0005670270380049639,0.0038445492618575106,3,0.8079052207151991,0.19209477928480093,0.0,0.0
2021-09-27,109350.65635196136,-0.003017612866237757,0.0068505607667779245,3,0.8080320380400267,0.19196796195997343,0.0,0.0
2021-09-28,107243.09261121048,-0.019273443901126452,0.02599197076927451,3,0.8073083911858073,0.1926916088141927,0.0,0.0
2021-09-29,107421.56634656472,0.00169348102569708,0.024371028599394773,3,0.7999918046183595,0.20000819538164055,0.0,0.0
2021-09-30,106368.24981312208,-0.00980544753969076,0.03393750729666578,3,0.7980391531072852,0.20196084689271473,0.0,0.0
2021-10-01,107557.86320027894,0.011183914271851628,0.02313314719702042,3,0.7985919201289979,0.20140807987100215,0.0,0.0
2021-10-04,106394.97600062343,-0.01081173579555172,0.033694773516958265,3,0.79690905126402,0.20309094873598005,0.0,0.0
2021-10-05,107068.54020337935,0.006330789554875015,0.02757729848231838,3,0.8001354348792485,0.19986456512075151,0.0,0.0
2021-10-06,107545.27078275912,0.00445311797497856,0.023247514616619114,3,0.7997634040274744,0.20023659597252558,0.0,0.0
2021-10-07,108063.70197368118,0.004820585667307346,0.018538995585073104,3,0.802807910791107,0.19719208920889286,0.0,0.0
2021-10-08,107756.34037261295,-0.002844263110133756,0.021330528913965363,3,0.8036296112826942,0.19637038871730583,0.0,0.0
2021-10-11,107075.7237056033,-0.006316256330310756,0.02751205615599439,3,0.8028828251740292,0.19711717482597083,0.0,0.0
2021-10-12,107225.01154918893,0.0013942267996813794,0.026156187402320175,3,0.7997912262138557,0.20020877378614432,0.0,0.0
2021-10-13,107742.1182375656,0.0048234703442709605,0.021459697827240998,3,0.7990241117138955,0.20097588828610435,0.0,0.0
2021-10-14,109270.62259327271,0.014186693010219485,0.007577446962188761,3,0.8010991659433955,0.19890083405660444,0.0,0.0
2021-10-15,109810.64864395642,0.004942097316437866,0.002672798126048148,3,0.8032305957354405,0.1967694042645595,0.0,0.0
2021-10-18,110173.09909041044,0.0033006857798392733,0.0,3,0.8029582616358389,0.19704173836416092,0.0,0.0
2021-10-19,110556.10315398237,0.0034763845869274,0.0,3,0.8063497093684087,0.19365029063159145,0.0,0.0
2021-10-20,110751.41761954084,0.0017920991117629202,0.0,3,0.8017054247718955,0.1982945752281044,0.0,0.0
2021-10-21,110956.86597465015,0.0018550404096413131,0.0,3,0.802308252138839,0.19769174786116103,0.0,0.0
2021-10-22,111106.19870486153,0.0013458629071723463,0.0,3,0.8003997083980828,0.19960029160191706,0.0,0.0
2021-10-25,111549.24031403795,0.003987550778812155,0.0,3,0.8014959533985961,0.1985040466014038,0.0,0.0
2021-10-26,111812.82688467673,0.002362961593433802,0.0,3,0.8003262898058574,0.19967371019414268,0.0,0.0
2021-10-27,111823.2632652146,9.464323715500043e-05,0.0,3,0.7963804388622793,0.2036195611377207,0.0,0.0
2021-10-28,112605.47445680112,0.006995066757543252,0.0,3,0.7984792637303303,0.20152073626966968,0.0,0.0
2021-10-29,112857.28052774204,0.0022361796542806284,0.0,3,0.7983143003234955,0.2016856996765046,0.0,0.0
2021-11-01,112848.36753456116,-7.897579260462792e-05,7.897579260462972e-05,3,0.7997506596150384,0.20024934038496156,0.0,0.0
2021-11-02,113313.5656774556,0.004122329397028931,0.0,3,0.7996875311423152,0.20031246885768475,0.0,0.0
2021-11-03,113632.66473340245,0.0028173244826559603,0.0,3,0.8026228717272067,0.19737712827279325,0.0,0.0
2021-11-04,114298.22678106731,0.005857136671276325,0.0,3,0.8017097028574892,0.19829029714251076,0.0,0.0
2021-11-05,114955.11336855663,0.0057471284200021604,0.0,3,0.7998941777136807,0.20010582228631943,0.0,0.0
2021-11-08,114990.45814698719,0.00030746590903911925,0.0,3,0.8003309090593814,0.19966909094061866,0.0,0.0
2021-11-09,114985.18432152367,-4.586315724360588e-05,4.586315724364187e-05,3,0.7977222136473328,0.20227778635266735,0.0,0.0
2021-11-10,113823.66539841278,-0.010092446749055902,0.010146865812839523,3,0.8016547596062542,0.19834524039374582,0.0,0.0
2021-11-11,113819.64525332938,-3.531906189572999e-05,0.010181826496953428,3,0.8019423043562474,0.19805769564375272,0.0,0.0
2021-11-12,114409.50831828726,0.00518243633289335,0.005052156831633181,3,0.8038287973157607,0.1961712026842392,0.0,0.0
2021-11-15,114159.14649291735,-0.0021882956150234855,0.007229396834015689,3,0.805867356026151,0.194132643973849,0.0,0.0
2021-11-16,114466.88706049022,0.0026957153852928306,0.004553169844994542,3,0.8068817281102436,0.19311827188975642,0.0,0.0
2021-11-17,114422.72668226024,-0.00035827467838489975,0.004937204998359479,3,0.7983427046101447,0.20165729538985527,0.0,0.0
2021-11-18,114819.74840041217,0.003469780258378324,0.0014845557564160394,3,0.7982843231572463,0.2017156768427538,0.0,0.0
2021-11-19,114900.38653818864,0.0007023019898568934,0.0007832963730208808,3,0.7962976093302222,0.2037023906697777,0.0,0.0
2021-11-22,114368.30966549394,-0.004630766603364313,0.00541043571370059,3,0.7977501441989497,0.20224985580105032,0.0,0.0
2021-11-23,114154.83017449312,-0.0018665965390692828,0.007266933152191846,3,0.800301752812904,0.19969824718709595,0.0,0.0
2021-11-24,114765.05460165207,0.005346799159574361,0.0019601934714182923,3,0.7978696625718324,0.2021303374281675,0.0,0.0
2021-11-26,113309.01444290376,-0.012687138639912669,0.01462246286499802,3,0.7900989129989373,0.2099010870010627,0.0,0.0
2021-11-29,114216.00483969072,0.008004574051290304,0.0067349354005227235,3,0.7934396659503253,0.20656033404967458,0.0,0.0
2021-11-30,112811.33666599127,-0.01229834799134315,0.01895045481261104,3,0.7876883832135335,0.2123116167864664,0.0,0.0
2021-12-01,111972.10259370747,-0.007439270707061881,0.026248747956299945,3,0.7847776455598686,0.21522235444013135,0.0,0.0
2021-12-02,113365.12506780944,0.012502450150199861,0.014134503900316342,3,0.8022231647238305,0.1977768352761695,0.0,0.0
2021-12-03,112841.32857377696,-0.004620437667396959,0.018689633973482334,3,0.798934270108813,0.20106572989118698,0.0,0.0
2021-12-06,113597.40962623968,0.006700391266382409,0.012114470567347824,3,0.8030158211076501,0.19698417889235,0.0,0.0
2021-12-07,115303.48421819661,0.015018604716166428,0.0,3,0.8074985369191827,0.19250146308081714,0.0,0.0
2021-12-08,115166.36692273819,-0.00118918605442087,0.0011891860544208654,3,0.8106006329744776,0.18939936702552237,0.0,0.0
2021-12-09,114975.07942731063,0.0007833491291322599,0.002848177512697836,5,0.19849419980237143,0.6028836663484276,0.19862213384920083,0.0
2021-12-10,115119.07425785938,0.0012524003572425416,0.0015993442139897729,5,0.2001120859233272,0.6006771064724666,0.19921080760420637,0.0
2021-12-13,115994.79622376994,0.007607097012863505,0.0,5,0.1968420656140372,0.6049526235878978,0.19820531079806514,0.0
2021-12-14,115455.66927895384,-0.004647854579407636,0.00464785457940764,5,0.19640061182272683,0.6063286876644904,0.19727070051278273,0.0
2021-12-15,115234.1704301127,-0.0019184752920704984,0.0065574130773063954,5,0.1998527639251561,0.6016491278563512,0.19849810821849267,0.0
2021-12-16,115335.90301898807,0.0008894359035482801,0.005680368656459156,5,0.19806017354600264,0.59970019334933,0.20223963310466744,0.0
2021-12-17,115826.61463452988,0.004254630194910014,0.0014499063295531078,5,0.19512205463981783,0.6039262464471743,0.20095169891300788,0.0
2021-12-20,114963.71213444677,-0.007449950106940729,0.00888905470667889,5,0.1944962323451383,0.6039004142274179,0.2016033534274438,0.0
2021-12-21,115086.78054408472,0.001070497875834212,0.007828072545026377,5,0.1977386321234813,0.6009579586322976,0.201303409244221,0.0
2021-12-22,115852.08349729417,0.006649790267756201,0.001230337317895347,5,0.1983964212296278,0.5997501952927026,0.20185338347766957,0.0
2021-12-23,115444.48598261748,-0.0035108704517137594,0.004744266631503291,5,0.20195347121095283,0.5968894888857113,0.20115703990333583,0.0
2021-12-27,115996.45244825803,0.00478122849214006,0.0,5,0.2038369639030162,0.5954892747000162,0.2006737613969676,0.0
2021-12-28,115603.03524472134,-0.003391631340727234,0.0033916313407272858,5,0.20436351425014385,0.5951476571606363,0.20048882858921985,0.0
2021-12-29,114874.7899561277,-0.006299534324959541,0.009669799967638393,5,0.20592216486468434,0.5923778369578396,0.2016999981774761,0.0
2021-12-30,115546.35698972929,0.005846078446437859,0.003880251930372669,5,0.2041593487797052,0.5938737232193461,0.20196692800094862,0.0
2021-12-31,115779.08524238353,0.0020387098927635,0.0018739125316911132,5,0.19909003252822968,0.5999533421332061,0.20095662533856437,0.0
2022-01-03,113731.22410565751,-0.01768766036144453,0.019528427764728074,5,0.20384835537614304,0.5947236952983023,0.20142794932555472,0.0
2022-01-04,113610.95626682085,-0.0010574742317460129,0.020565251187326328,5,0.20399584379512872,0.5928775837413898,0.20312657246348154,0.0
2022-01-05,112730.93098257695,-0.007745954379409713,0.028151908069237952,5,0.20164058913143715,0.5942628524445804,0.20409655842398236,0.0
2022-01-06,112601.28462423716,-0.0011500513409209295,0.029269583270534416,5,0.20168307167634386,0.5964872395586103,0.2018296887650458,0.0
2022-01-07,112127.51642976268,-0.00419349268967902,0.03335391675207611,5,0.20004820466647105,0.5981955042650549,0.201756291068474,0.0
2022-01-10,112333.45329015171,0.001836630890848696,0.03157854469506516,5,0.1994329889955823,0.5985683363148768,0.20199867468954089,0.0
2022-01-11,113259.1470476691,0.008240588448094402,0.023598182037592452,5,0.1996046252281292,0.5976305571809416,0.2027648175909292,0.0
2022-01-12,113121.62384091201,-0.0012142348794063533,0.024783763181278173,5,0.2003875913825786,0.5960646052681315,0.20354780334928993,0.0
2022-01-13,113329.89717201947,0.001841145167791658,0.022988248519307253,5,0.19726335150444949,0.600253096302234,0.20248355219331657,0.0
2022-01-14,112245.25924937731,-0.00955978283707428,0.032338861402282926,5,0.20201300232515057,0.5966380807363584,0.20134891693849113,0.0
2022-01-18,110863.79339600417,-0.01230756526031901,0.04424841401544899,5,0.20090810615829946,0.5955703999112484,0.20352149393045202,0.0
2022-01-19,111447.97343157373,0.005269349150654401,0.0392122252076047,5,0.19777980224915911,0.5965504211246696,0.20566977662617117,0.0
2022-01-20,111556.75400701577,0.0009760659803189003,0.0382744329463236,5,0.1954000269789394,0.5996441916403271,0.20495578138073348,0.0
2022-01-21,111850.71497575394,0.00263507997659815,0.035740209161597924,5,0.19106076166167962,0.6051890107464334,0.20375022759188696,0.0
2022-01-24,111774.01173171893,0.00175426546768608,0.03640146424669832,3,0.8019904168267935,0.19800958317320658,0.0,0.0
2022-01-25,110643.83717828199,-0.010111246218392884,0.046144646297382685,3,0.8002908679783425,0.1997091320216576,0.0,0.0
2022-01-26,110154.46757922534,-0.0044229268573551085,0.050363478759306024,3,0.801829583750505,0.19817041624949508,0.0,0.0
2022-01-27,110119.15515570798,-0.00032057186869853446,0.05066790551350442,3,0.7981259160708747,0.20187408392912531,0.0,0.0
2022-01-28,112309.68608597635,0.019892369562506916,0.03178344065243044,3,0.8019940919214192,0.19800590807858068,0.0,0.0
2022-01-31,113810.89404824947,0.01337476596543728,0.01884159690990095,3,0.803660104962334,0.19633989503766608,0.0,0.0
2022-02-01,114354.74772656002,0.004778573113396259,0.014153059744911767,3,0.8052425449494697,0.1947574550505304,0.0,0.0
2022-02-02,115324.70076097758,0.008481965582547268,0.005791139928008615,3,0.8062264238351432,0.19377357616485677,0.0,0.0
2022-02-03,112964.80117298586,-0.020463088760861926,0.02613572407849707,3,0.8037225915831167,0.19627740841688332,0.0,0.0
2022-02-04,113064.87277900685,0.0008858653756027688,0.025273011435921755,3,0.8067873058506904,0.1932126941493097,0.0,0.0
2022-02-07,112928.84649005604,0.00122704566144154,0.026445687721099453,5,0.1991138115321522,0.5996525948770293,0.2012335935908185,0.0
2022-02-08,112730.5621893454,-0.0017558339332555623,0.02815508741846595,5,0.20110523311790654,0.5966909919706966,0.2022037749113968,0.0
2022-02-09,113266.41411541488,0.004753386443415994,0.023535532985898167,5,0.2030832446780255,0.5949855109412248,0.20193124438074989,0.0
2022-02-10,111695.31170794425,-0.013870858539493776,0.03707993347669292,5,0.20223997039923283,0.5937658550761973,0.2039941745245699,0.0
2022-02-11,112667.45324052988,0.008703512418923533,0.028699146719276647,5,0.19654150382897737,0.5973709232231234,0.2060875729478993,0.0
2022-02-14,111821.84365218016,-0.00510384399679694,0.03598910749395556,3,0.8014749873223698,0.19852501267763023,0.0,0.0
2022-02-15,113015.1623003914,0.010671605915594065,0.025701563150790974,3,0.805801173772379,0.194198826227621,0.0,0.0
2022-02-16,113247.28290850915,0.0020538890834911074,0.023700462227283947,3,0.8050506740964292,0.19494932590357075,0.0,0.0
2022-02-17,111464.00354645985,-0.01574677392913689,0.039074030335711774,3,0.800458397609069,0.19954160239093097,0.0,0.0
2022-02-18,111120.44497117568,-0.003082237891634445,0.04203583277046663,3,0.7977343874458859,0.20226561255411413,0.0,0.0
2022-02-22,110836.37503940467,-0.00016587367881444045,0.04448478638736897,5,0.1978864413562412,0.6016625015170238,0.20045105712673505,0.0
2022-02-23,109628.39920915231,-0.010898730943004002,0.05489868961248001,5,0.19651796765219523,0.5999088069390938,0.20357322540871098,0.0
2022-02-24,109851.99210808885,0.0020395527121577443,0.05297110567161534,5,0.19906942783424622,0.5990821014206579,0.2018484707450959,0.0
2022-02-25,110308.76276912706,0.004158055327651925,0.04903330713211296,5,0.2026191772500919,0.5970376821731341,0.20034314057677383,0.0
2022-02-28,111924.16857396229,0.014644401444481899,0.03510696912142419,5,0.19918382371433968,0.6013179420101256,0.19949823427553476,0.0
2022-03-01,112765.6437474768,0.0075235729842279,0.027852650943979373,5,0.19548325511621154,0.6024046666557722,0.20211207822801625,0.0
2022-03-02,110611.94113121855,-0.01909892538795924,0.04641962062970262,5,0.20295561795306272,0.5931412195014812,0.20390316254545607,0.0
2022-03-03,111302.70012767235,0.006244886306030406,0.04046461957687375,5,0.2006918743928568,0.5954640260597219,0.20384409954742133,0.0
2022-03-04,112626.81912688553,0.011896557744729556,0.029049451515558822,5,0.1967210662148802,0.5986224791690553,0.20465645461606455,0.0
2022-03-07,111801.84537672364,-0.007324842844335971,0.03616151169282922,5,0.1923306780428698,0.5984385031609307,0.20923081879619954,0.0
2022-03-08,111209.54386450943,-0.0013029913555422,0.04126771537158758,0,0.0,0.0,0.0,1.0
2022-03-09,111143.58149421333,-0.0005931358766875,0.04183637388573924,0,0.0,0.0,0.0,1.0
2022-03-10,111051.30342763112,-0.0008302599695062,0.042631898788738964,0,0.0,0.0,0.0,1.0
2022-03-11,111011.76063136965,-0.0003560768315272,0.04297279538882348,0,0.0,0.0,0.0,1.0
2022-03-14,110721.5839119271,-0.0026139277297485,0.04547439533708042,0,0.0,0.0,0.0,1.0
2022-03-15,112180.24282794796,0.01724308768112982,0.032899364935426334,3,0.8037333710243111,0.19626662897568886,0.0,0.0
2022-03-16,114395.49264733544,0.019747236799843974,0.01380179968552675,3,0.805646405789164,0.19435359421083598,0.0,0.0
2022-03-17,115382.79565324941,0.008630611076239445,0.005290306574525228,3,0.8087457048858794,0.19125429511412056,0.0,0.0
2022-03-18,116674.373300206,0.01119384947854833,0.0,3,0.8085529706041,0.19144702939589994,0.0,0.0
2022-03-21,116129.55777033519,-0.004669538943817483,0.004669538943817497,3,0.8121088367773769,0.1878911632226231,0.0,0.0
2022-03-22,116913.41806902099,0.0067986422244309406,0.0,3,0.8038955917524782,0.19610440824752182,0.0,0.0
2022-03-23,116205.4874170334,-0.006055170259154093,0.006055170259154252,3,0.798377131653354,0.20162286834664606,0.0,0.0
2022-03-24,117420.48964382797,0.010455635562494627,0.0,3,0.802026334772908,0.19797366522709203,0.0,0.0
2022-03-25,117557.92176014316,0.001170427041584252,0.0,3,0.8050009961299988,0.19499900387000135,0.0,0.0
2022-03-28,118427.03849528203,0.007393093737333757,0.0,3,0.8047771127442185,0.19522288725578157,0.0,0.0
2022-03-29,119775.66842093205,0.01140718128256628,0.0,3,0.8007623117120624,0.19923768828793761,0.0,0.0
2022-03-30,119369.60184125903,-0.0033902259534546544,0.0033902259534546175,3,0.7985248680222932,0.2014751319777068,0.0,0.0
2022-03-31,117960.92039827789,-0.01180100646439665,0.015151224339458702,3,0.7956237539658687,0.20437624603413126,0.0,0.0
2022-04-01,118318.67606804868,0.003032832132564594,0.012164343326918514,3,0.795466036851397,0.20453396314860298,0.0,0.0
2022-04-04,118956.78736626888,0.005393157863372308,0.006836789687412526,3,0.7979769480401483,0.20202305195985173,0.0,0.0
2022-04-05,117216.24982370716,-0.0146237052558754,0.02136843510010933,3,0.8016174554497827,0.1983825445502174,0.0,0.0
2022-04-06,116088.44548820953,-0.009621569852250371,0.030784407061410612,3,0.8013115432037934,0.19868845679620667,0.0,0.0
2022-04-07,116383.48613049168,0.0025415160056745873,0.028321130119007942,3,0.8033079629277613,0.19669203707223876,0.0,0.0
2022-04-08,115885.55707778948,-0.0042783479792306576,0.03247831044842442,3,0.804602328247983,0.195397671752017,0.0,0.0
2022-04-11,113933.50075837936,-0.016844690301654905,0.04877591366905454,3,0.8043996208203436,0.1956003791796565,0.0,0.0
2022-04-12,113562.3178254718,-0.00324034959627216,0.05187489811056156,3,0.799626856932147,0.20037314306785306,0.0,0.0
2022-04-13,114648.664224088,0.009566081596588862,0.04280505602211315,3,0.8011219476147814,0.19887805238521858,0.0,0.0
2022-04-14,113047.92368983928,-0.013962138548077364,0.05616954444745159,3,0.8023489754293929,0.19765102457060715,0.0,0.0
2022-04-18,112974.18686721721,-0.0006522616268865241,0.05678516883589524,3,0.8032027046538629,0.19679729534613707,0.0,0.0
2022-04-19,114272.46771111246,0.011491836143252483,0.0459458985482718,3,0.8068960122961043,0.19310398770389575,0.0,0.0
2022-04-20,114661.47445681947,0.00343188231215452,0.042698104143652715,3,0.7966726026195624,0.20332739738043776,0.0,0.0
2022-04-21,113123.01849145786,-0.013417374690580902,0.05554258237236087,3,0.7954321179643346,0.20456788203566545,0.0,0.0
2022-04-22,110508.35130779985,-0.02311348493459303,0.07737228466606194,3,0.791909948163497,0.20809005183650295,0.0,0.0
2022-04-25,111245.69009449228,0.006672244929604567,0.07121628657051238,3,0.7912218982215196,0.20877810177848036,0.0,0.0
2022-04-26,108930.35967302936,-0.020812765146193662,0.09054684386973,3,0.7846379059848267,0.21536209401517326,0.0,0.0
2022-04-27,108889.27827755781,-0.00031570551197669997,0.09088983002053308,3,0.8025027796451636,0.19749722035483636,0.0,0.0
2022-04-28,111128.57294753638,0.020564877510443468,0.07219409073140692,3,0.8061942389812287,0.1938057610187713,0.0,0.0
2022-04-29,107538.28424409228,-0.03230752099317496,0.10216919962269366,3,0.802321943779934,0.19767805622006593,0.0,0.0
2022-05-02,107689.15269353244,0.0014029278084603484,0.10090960782555203,3,0.8060206027895387,0.19397939721046129,0.0,0.0
2022-05-03,108227.88502132343,0.0050026610323896156,0.09641176335602508,3,0.8056849503345443,0.1943150496654556,0.0,0.0
2022-05-04,110981.29668868717,0.02546418990678144,0.07342369154091044,3,0.8038917962774353,0.19610820372256466,0.0,0.0
2022-05-05,107213.96869186046,-0.03394561164116169,0.10487689106376386,3,0.8025626533119699,0.19743734668803012,0.0,0.0
2022-05-06,106388.46434531365,-0.0076995969519546995,0.11176897822495346,3,0.8039625763179884,0.19603742368201152,0.0,0.0
2022-05-09,103833.41988433848,-0.024016179542568197,0.13310089391918178,3,0.7973715133886264,0.20262848661137353,0.0,0.0
2022-05-10,104215.53304154467,0.003680059441669389,0.12991065367887433,3,0.7962835523939475,0.20371644760605231,0.0,0.0
2022-05-11,103291.24242166724,-0.00885429517229674,0.13762750161688087,3,0.7943243582152999,0.20567564178470019,0.0,0.0
2022-05-12,103165.96106577144,-0.0012128942682707341,0.1386734682772841,3,0.7944587019047364,0.20554129809526353,0.0,0.0
2022-05-13,104812.03733245737,0.01595561413552384,0.12493047449242722,3,0.8006771316745414,0.19932286832545876,0.0,0.0
2022-05-16,104449.91854136503,-0.003454935142074613,0.12795378294786197,3,0.8001930437836635,0.19980695621633648,0.0,0.0
2022-05-17,105916.99996670653,0.014045788123429812,0.11570520654930927,3,0.8053415283072196,0.19465847169278042,0.0,0.0
2022-05-18,102950.62715387279,-0.027985810700922844,0.1404712784230132,3,0.7898554566614047,0.2101445433385954,0.0,0.0
2022-05-19,102504.4333202759,-0.0043340564883591086,0.14419652445569509,3,0.7884351812161342,0.2115648187838658,0.0,0.0
2022-05-20,102785.83995690083,0.002745311861250553,0.14184707702338373,3,0.7866197049965534,0.21338029500344652,0.0,0.0
2022-05-23,103937.75228478701,0.011206916520497316,0.1322298288537641,3,0.7924566205321519,0.20754337946784807,0.0,0.0
2022-05-24,103734.64632594454,-0.0019541115174971776,0.13392554853974137,3,0.7879469369797991,0.21205306302020094,0.0,0.0
2022-05-25,103794.26512683247,0.00293341060356024,0.13342779468310328,5,0.20117684285574639,0.60061059496782,0.19821256217643357,0.0
2022-05-26,103891.34781664779,0.000935337705765254,0.13261725702470228,5,0.20500483685256374,0.597333955823941,0.1976612073234952,0.0
2022-05-27,104576.3802424369,0.006593738941553641,0.12689796165511447,5,0.2086616665169968,0.5948696040186229,0.19646872946438038,0.0
2022-05-31,102934.2295257717,-0.01570288350828598,0.14060818125409125,5,0.21080109233127414,0.5915705094524065,0.19762839821631936,0.0
2022-06-01,102818.67197023446,-0.0011226348715062118,0.14157296447810253,5,0.20933102068521953,0.5915583507341072,0.19911062858067327,0.0
2022-06-02,103491.38999794792,0.006580330985898101,0.13595648129264193,5,0.20247637255291012,0.5963853474883963,0.20113827995869343,0.0
2022-06-03,102803.47527361359,-0.006647072035151692,0.1416998408029957,5,0.20048602162480383,0.59908539447259,0.20042858390260626,0.0
2022-06-06,101639.5739102483,-0.01132161495773891,0.15141718472359011,5,0.2033992832302685,0.5947697118888792,0.2018310048808524,0.0
2022-06-07,102624.49002225032,0.009690281787994626,0.14319417812311186,5,0.20337950857618728,0.5954235224381071,0.20119696898570544,0.0
2022-06-08,101837.04666355488,-0.0076730550234618555,0.14976849633879574,5,0.20272385293780443,0.5947110317383766,0.20256511532381893,0.0
2022-06-09,101489.16991941487,-0.0033949296257898207,0.15267289878318413,5,0.19590850306722873,0.6040490180921301,0.20004247884064116,0.0
2022-06-10,100804.73339780139,-0.006743936541770338,0.1583872189839125,5,0.19151962410438944,0.6043784199444042,0.2041019559512063,0.0
2022-06-13,97616.56885263274,-0.031627131362843126,0.1850050169657561,5,0.1902655354893538,0.6045333868080516,0.20520107770259458,0.0
2022-06-14,96655.94972832534,-0.00984073846887201,0.1930251694472389,5,0.1915774730046397,0.6028406389368888,0.2055818880584715,0.0
2022-06-15,98266.30657699639,0.016660711039489344,0.17958039497925837,5,0.1911243681480213,0.6040236861070949,0.20485194574488383,0.0
2022-06-16,95587.19690265358,-0.024888881282491237,0.2019481238315618,3,0.793266667286213,0.2067333327137871,0.0,0.0
2022-06-17,95814.34175190235,0.0023763103910253787,0.20005170486564539,3,0.7930922218849481,0.20690777811505195,0.0,0.0
2022-06-21,97391.20845742694,0.016457522712076428,0.18688653762998486,3,0.7998929457682591,0.2001070542317409,0.0,0.0
2022-06-22,97785.91252354175,0.004052768954883043,0.18359117663289426,3,0.7952199537803494,0.2047800462196506,0.0,0.0
2022-06-23,98712.67116992224,0.009477424942548643,0.175853723286998,3,0.7954760251561225,0.2045239748438775,0.0,0.0
2022-06-24,100948.31767586412,0.02266652561499856,0.15718844230451112,3,0.8071400384423667,0.1928599615576332,0.0,0.0
2022-06-27,100471.03837128851,-0.004727956993875991,0.161173219103237,3,0.8078764882401542,0.1921235117598457,0.0,0.0
2022-06-28,98902.48480561221,-0.01561199715961668,0.17426898042400762,3,0.8039201122627679,0.19607988773723206,0.0,0.0
2022-06-29,99140.41675331985,0.002405722648680515,0.1722825006084957,3,0.8013376092088975,0.1986623907911026,0.0,0.0
2022-06-30,98667.94775183681,-0.0047656547849564655,0.17622711647006306,3,0.798633289541876,0.20136671045812404,0.0,0.0
2022-07-01,99704.85551547559,0.01051458818118892,0.16757003463275078,3,0.8000491106839676,0.1999508893160325,0.0,0.0
2022-07-05,100012.14733427227,0.003082014584023758,0.16500447333931045,3,0.7990972858778417,0.2009027141221584,0.0,0.0
2022-07-06,99944.67724879201,-0.0006746189065890835,0.165567777108513,3,0.8023372122527095,0.1976627877472905,0.0,0.0
2022-07-07,100971.85148136265,0.010277428081674558,0.15699195994871384,3,0.8060697951959609,0.19393020480403916,0.0,0.0
2022-07-08,100688.00170782636,-0.0028111772674455178,0.1593618049871799,3,0.8076771880225061,0.19232281197749387,0.0,0.0
2022-07-11,100112.02240688511,-0.00568990228761406,0.16417062224142442,3,0.7953867953431428,0.20461320465685717,0.0,0.0
2022-07-12,99529.11739354678,-0.005822527597826696,0.16903726186049794,3,0.7929655759716909,0.20703442402830904,0.0,0.0
2022-07-13,99350.90417245803,-0.0017905636637375647,0.17052515354533038,3,0.7902159558597414,0.2097840441402587,0.0,0.0
2022-07-14,98990.21193270323,-0.0036304877420007984,0.17353655180768213,3,0.791169391394655,0.208830608605345,0.0,0.0
2022-07-15,100602.84434123215,0.016290826911505532,0.160072778824495,3,0.7933603526949892,0.2066396473050109,0.0,0.0
2022-07-18,99726.02320565713,-0.008689341623190941,0.16739330683435405,3,0.8003489656539334,0.1996510343460666,0.0,0.0
2022-07-19,101775.17765871811,0.02054784084626723,0.15028503701564955,3,0.8054240703648233,0.19457592963517656,0.0,0.0
2022-07-20,102349.54702313383,0.00564351129252504,0.14548966102661987,3,0.8060082160332419,0.19399178396675812,0.0,0.0
2022-07-21,103532.62522159063,0.011559193302432358,0.1356122108394996,3,0.8049118554695095,0.19508814453049064,0.0,0.0
2022-07-22,103098.98729418615,-0.0041884181578160035,0.1392326283510138,3,0.8007979226835538,0.19920207731644618,0.0,0.0
2022-07-25,102599.83640454104,-0.0008448516922417,0.1434000097250917,0,0.0,0.0,0.0,1.0
2022-07-26,102550.24515631172,-0.0004833462700057,0.14381404413527787,0,0.0,0.0,0.0,1.0
2022-07-27,102711.3382972338,0.0015708703638546,0.14246908699126137,0,0.0,0.0,0.0,1.0
2022-07-28,102934.43942639988,0.0021721178290994,0.14060642880611118,0,0.0,0.0,0.0,1.0
2022-07-29,102922.05513431208,-0.0001203124256256,0.1407098245312287,0,0.0,0.0,0.0,1.0
2022-08-01,102761.29630547213,0.0024478440498450797,0.1420519905233647,3,0.7956833595238795,0.20431664047612036,0.0,0.0
2022-08-02,101777.6031834286,-0.009572603279734537,0.15026478645272257,3,0.7980736776450039,0.20192632235499605,0.0,0.0
2022-08-03,103373.1420260838,0.015676718578051613,0.1369437266440814,3,0.7980601507338833,0.20193984926611688,0.0,0.0
2022-08-04,103310.3992402338,-0.0006069544237532782,0.13746756246714265,3,0.7980052890733718,0.2019947109266283,0.0,0.0
2022-08-05,102674.32081885457,-0.006156964120331439,0.14277814373765452,3,0.8015918061170775,0.19840819388292258,0.0,0.0
2022-08-08,102909.78192498822,0.0022996632274185406,0.14081229283289343,3,0.7972380502057127,0.20276194979428727,0.0,0.0
2022-08-09,102502.87728237975,-0.003953993828352198,0.1442095157244282,3,0.7972243891493,0.20277561085069987,0.0,0.0
2022-08-10,104083.52086442358,0.015420480126517776,0.13101281556919375,3,0.8016080761503246,0.19839192384967533,0.0,0.0
2022-08-11,103602.20008321467,-0.004624370670894825,0.13503133441825899,3,0.8053322308992213,0.19466776910077868,0.0,0.0
2022-08-12,105219.19017874716,0.0156076810553608,0.12153117936297819,3,0.8063800993406273,0.19361990065937273,0.0,0.0
2022-08-15,104725.85126419547,-0.00226866040240368,0.12565003689936804,5,0.2012807538183635,0.6008437400230614,0.19787550615857508,0.0
2022-08-16,104992.48277258666,0.002545995140383608,0.12342394614231911,5,0.2011628452109392,0.6018095811565793,0.19702757363248144,0.0
2022-08-17,104049.29254501959,-0.008983407217924585,0.13129858579160403,5,0.20154555185473003,0.6009268440801644,0.19752760406510553,0.0
2022-08-18,104149.10193073224,0.0009592509787557144,0.13046528310977812,5,0.2019376356741097,0.6012403762678933,0.19682198805799692,0.0
2022-08-19,102708.11737233683,-0.013835784770893074,0.1424959783034907,5,0.20201910154228156,0.5998585929224052,0.1981223055353133,0.0
2022-08-22,102160.92731144176,-0.0013329541593916,0.1470644358884824,0,0.0,0.0,0.0,1.0
2022-08-23,102210.54038024376,0.0004856364376055,0.1466502192996203,0,0.0,0.0,0.0,1.0
2022-08-24,102098.97311334945,-0.0010915436556667,0.14758168783880832,0,0.0,0.0,0.0,1.0
2022-08-25,102160.92731144179,0.000606805300809,0.14706443588848217,0,0.0,0.0,0.0,1.0
2022-08-26,102136.14779352347,-0.0002425537685535,0.14727131862389076,0,0.0,0.0,0.0,1.0
2022-08-29,102061.80923976853,-0.000727837845473,0.14789196683011663,0,0.0,0.0,0.0,1.0
2022-08-30,102012.21778415267,-0.0004858963013222,0.14830600297176078,0,0.0,0.0,0.0,1.0
2022-08-31,101999.8118153039,-0.0001216125785542,0.14840957967487856,0,0.0,0.0,0.0,1.0
2022-09-01,101925.36519561821,-0.0007298701670204,0.14903113011719427,0,0.0,0.0,0.0,1.0
2022-09-02,102148.74828104759,0.0021916338980061,0.14716611789581102,0,0.0,0.0,0.0,1.0
2022-09-06,100929.05686640339,-0.00797223510391832,0.15734924966809882,3,0.8033862174315768,0.19661378256842318,0.0,0.0
2022-09-07,102699.58378798662,0.01754229135348809,0.14256722469654126,3,0.8037199426708403,0.19628005732915954,0.0,0.0
2022-09-08,103032.32756633004,0.0032399720239406995,0.13978916649214823,3,0.8063606472091134,0.19363935279088657,0.0,0.0
2022-09-09,104367.32601634008,0.012957083291655198,0.12864334307400282,3,0.808413042569739,0.19158695743026094,0.0,0.0
2022-09-12,105109.80638916357,0.007114107462207509,0.12244441817872143,3,0.8113295539273915,0.1886704460726085,0.0,0.0
2022-09-13,103814.48150609947,-0.00990243619815568,0.13325900932349288,5,0.19321687404634702,0.6074111254249578,0.1993720005286952,0.0
2022-09-14,104028.10813495184,0.0020577729210139862,0.13147545318334597,5,0.19355582767293608,0.6082471227106566,0.19819704961640724,0.0
2022-09-15,103373.35875367414,-0.006293966054139174,0.13694191719819648,5,0.19257038602579843,0.6117028176165792,0.19572679635762238,0.0
2022-09-16,102806.657578103,-0.005482081480215039,0.14167327193027413,5,0.19215465489178854,0.6099475479265254,0.19789779718168596,0.0
2022-09-19,103121.96531313333,0.003066997239851014,0.1390407862243941,5,0.19305274282530038,0.6095026235919893,0.19744463358271036,0.0
2022-09-20,102146.77072253189,-0.00941905820754808,0.14718262841536633,5,0.19958416366987614,0.5996662820481075,0.20074955428201632,0.0
2022-09-21,102912.52682589811,0.007496625668630253,0.1407893758168911,5,0.1946434888670603,0.605175563584722,0.20018094754821766,0.0
2022-09-22,101141.20514404797,-0.017211915171869867,0.15557803619510013,5,0.19638873536014184,0.6000421426148602,0.2035691220249979,0.0
2022-09-23,100700.57221089247,-0.004356611457495852,0.15925685459757377,5,0.193943208495291,0.6051293358211701,0.20092745568353892,0.0
2022-09-26,99107.45097869591,-0.015820379142038644,0.17255772991891027,5,0.19511136616837663,0.6031063388374717,0.2017822949941518,0.0
2022-09-27,97529.80982916872,-0.01589924820546584,0.1857293629419281,5,0.20271243496084215,0.5936397495244511,0.20364781551470684,0.0
2022-09-28,100270.20228604542,0.028097998567583802,0.162849987748245,5,0.20105188020667963,0.5967485511294295,0.20219956866389086,0.0
2022-09-29,99535.45401847562,-0.00732768310842495,0.16898435775223986,5,0.1983052252851829,0.598042116136485,0.20365265857833212,0.0
2022-09-30,98463.01619407749,-0.010774430427564801,0.1779380779738563,5,0.19736523854908805,0.5967506583963288,0.20588410305458316,0.0
2022-10-03,100402.50726322971,0.019697660544232713,0.16174538128744587,5,0.1986627476341199,0.594521928927264,0.20681532343861622,0.0
2022-10-04,101141.46451482206,0.007387410874021581,0.1555758707237861,5,0.2046852584881988,0.5939367788516552,0.20137796266014593,0.0
2022-10-05,100406.0755882326,-0.00727089458430458,0.16171558955219667,5,0.2057043128721431,0.592566255837624,0.20172943129023277,0.0
2022-10-06,99839.47301028705,-0.005643110485357437,0.16644612109850632,5,0.20473766197115542,0.5926165604127072,0.20264577761613745,0.0
2022-10-07,98473.13235746999,-0.013685375249088838,0.17785361872160688,5,0.20178827384006126,0.5950065854590307,0.20320514070090787,0.0
2022-10-10,97106.35750929925,-0.01387967271325507,0.18926474141613803,5,0.2030660662955779,0.5940011708056945,0.20293276289872747,0.0
2022-10-11,97198.9199106045,0.0009772251640259798,0.18849194338023023,5,0.19853938518043904,0.6020670855039892,0.19939352931557186,0.0
2022-10-12,97526.0763835836,0.0033658447365463727,0.18576053325919162,5,0.19722065696882635,0.6029916465912023,0.19978769643997135,0.0
2022-10-13,97336.21083770334,-0.0019468182553913486,0.18734570951730278,5,0.20282040093620643,0.5983881283156086,0.19879147074818504,0.0
2022-10-14,96164.69662043206,-0.012035749154285865,0.19712661270670662,5,0.2006128740825688,0.6006807983118353,0.19870632760559598,0.0
2022-10-17,96434.12824876545,0.0028017727690323947,0.19487714391320754,5,0.20519318049021773,0.5960857422780544,0.19872107723172766,0.0
2022-10-18,96835.87773820132,0.0041869106230162595,0.1915229610918353,5,0.20150620867145566,0.5988992816783596,0.19959450965018463,0.0
2022-10-19,95382.80446449245,-0.015005525923328752,0.20365458425758776,5,0.20312627776732772,0.5969535438796347,0.1999201783530375,0.0
2022-10-20,94216.87947493796,-0.012223639219881814,0.21338882331402986,5,0.2039155674411851,0.5940104910258288,0.20207394153298605,0.0
2022-10-21,94014.52099884774,-0.002147794293527168,0.2150783023105407,5,0.20932062069873134,0.5845602335264475,0.2061191457748213,0.0
2022-10-24,93738.27668511831,-0.0029383153878199644,0.21738464981309535,5,0.21250633478297626,0.5814376286500056,0.20605603656701804,0.0
2022-10-25,95710.64150781075,0.02111700669419892,0.20091749209487764,5,0.19899164169888917,0.6046982513160521,0.19631010698505863,0.0
2022-10-26,96520.55270597513,0.008462080970362048,0.19415559121098458,5,0.1958352279348316,0.6082631596971143,0.19590161236805423,0.0
2022-10-27,97005.05634998826,0.005019694048883318,0.19011049882786035,5,0.19381658718041875,0.611562098243699,0.1946213145758822,0.0
2022-10-28,96851.8025587489,-0.0015798536386230162,0.19139000570316977,5,0.1987415789230401,0.6083195086712068,0.19293891240575314,0.0
2022-10-31,96140.29197964899,-0.007346384479197612,0.19733036561499606,5,0.19876622827403476,0.6084532712151924,0.1927805005107729,0.0
2022-11-01,96788.16618810206,0.00677288379498344,0.19192130201306135,5,0.19778527557041786,0.6015332309135621,0.20068149351602,0.0
2022-11-02,95919.60266282571,-0.008973860746450528,0.1991728877209693,5,0.19456760190659553,0.6043456414517759,0.20108675664162848,0.0
2022-11-03,95341.18734918663,-0.006030209650391473,0.2040020431017293,5,0.19373243178765887,0.6047308463300938,0.2015367218822473,0.0
2022-11-04,95228.19242201051,-0.001185163834411532,0.20494543109251073,5,0.19675403032591374,0.5952763401112,0.20796962956288628,0.0
2022-11-07,94763.4023400432,-0.004880803364486538,0.20882593610738465,5,0.19961034478887488,0.5922280866769455,0.2081615685341796,0.0
2022-11-08,95922.06781082452,0.0122599763458154,0.19915230634554215,5,0.19864373070044347,0.5992147052663646,0.20214156403319186,0.0
2022-11-09,95621.17689348983,-0.003136826844976826,0.2016644268897353,5,0.19516344031639335,0.6030763066732043,0.20176025301040226,0.0
2022-11-10,99452.71516733486,0.04006997611117988,0.16967513954650193,5,0.19795637381908296,0.6021506141393717,0.19989301204154541,0.0
2022-11-11,99555.17522152528,0.0010302388830514399,0.16881970658969858,5,0.19966660222478025,0.599326912413378,0.20100648536184182,0.0
2022-11-14,99283.5581347491,-0.002728307053568973,0.17108742164699742,5,0.198509676383808,0.5994929945408879,0.20199732907530418,0.0
2022-11-15,98983.890878661,0.0009856456792014,0.17358932591552523,0,0.0,0.0,0.0,1.0
2022-11-16,98996.11655409256,0.0001235117686628,0.17348725447152713,0,0.0,0.0,0.0,1.0
2022-11-17,98874.27225768515,-0.0012307987489674,0.17450452532472915,0,0.0,0.0,0.0,1.0
2022-11-18,98764.64306086549,-0.0011087737418076,0.17541981303103016,0,0.0,0.0,0.0,1.0
2022-11-21,98740.27631675277,-0.0002467152551516,0.17562324954225117,0,0.0,0.0,0.0,1.0
2022-11-22,99697.6519217653,0.01375090117278492,0.16763017701229466,1,0.5998261677990498,0.40017383220095015,0.0,0.0
2022-11-23,100770.36045161367,0.010759616793082958,0.1586741966868206,1,0.5971806631539239,0.40281933684607607,0.0,0.0
2022-11-25,100619.28968660365,-0.0014991587241821288,0.15993547760473714,1,0.5979433277322145,0.4020566722677855,0.0,0.0
2022-11-28,99773.25922711445,-0.008408233273404274,0.16699893607374738,1,0.5933914543986151,0.40660854560138493,0.0,0.0
2022-11-29,99195.84062765779,-0.005787308181867479,0.17181976994651216,1,0.5958202968494571,0.40417970315054297,0.0,0.0
2022-11-30,101758.38508708432,0.026671686650005605,0.15042523720701717,3,0.8037629838990167,0.19623701610098337,0.0,0.0
2022-12-01,102336.09098011022,0.005677231340999648,0.14560200473716645,3,0.7986372610661969,0.20136273893380308,0.0,0.0
2022-12-02,102500.9354196339,0.0016108143074931394,0.14422572822210367,3,0.7964328833733051,0.20356711662669497,0.0,0.0
2022-12-05,100740.1357033343,-0.017178377046911608,0.1589265413297506,3,0.7957760267348283,0.2042239732651718,0.0,0.0
2022-12-06,99849.52715620192,-0.008840652644692566,0.16636217962652444,3,0.7913006273628302,0.2086993726371698,0.0,0.0
2022-12-07,99658.16259654012,0.0020918378986063,0.16795987106239507,0,0.0,0.0,0.0,1.0
2022-12-08,99560.30000211125,-0.0009819827285503,0.16877692009847267,0,0.0,0.0,0.0,1.0
2022-12-09,99511.35280262279,-0.0004916337082896,0.16918557738366058,0,0.0,0.0,0.0,1.0
2022-12-12,99450.12904757712,-0.0006152439226417,0.1696967309080183,0,0.0,0.0,0.0,1.0
2022-12-13,99743.88645512013,0.0029538162529931,0.167244167616861,0,0.0,0.0,0.0,1.0
2022-12-14,98921.64979196322,-0.004260521384158881,0.1741089730819183,3,0.7982863554202075,0.20171364457979246,0.0,0.0
2022-12-15,97067.81700699669,-0.01874041515548144,0.18958651379955005,3,0.7936319563762557,0.20636804362374428,0.0,0.0
2022-12-16,95934.55149740659,-0.0116749870815412,0.19904808078164715,3,0.7935265935982155,0.2064734064017844,0.0,0.0
2022-12-19,94956.14496382335,-0.010198687733581433,0.20721673929536788,3,0.7949047260407992,0.2050952739592007,0.0,0.0
2022-12-20,94713.60625419178,-0.0025542181574870555,0.20924168069481142,3,0.798030726838098,0.20196927316190205,0.0,0.0
2022-12-21,95893.43601588024,0.01246478912385526,0.19939135151491372,3,0.8019657221114243,0.19803427788857578,0.0,0.0
2022-12-22,94792.65306795249,-0.011479231464241858,0.20858172350314785,3,0.7997046945341297,0.2002953054658703,0.0,0.0
2022-12-23,94950.36896572619,0.001663798750950055,0.20726496276323336,3,0.8029689186897281,0.19703108131027205,0.0,0.0
2022-12-27,94279.78275766203,-0.00706249186147147,0.21286364751202125,3,0.8054911084147003,0.19450889158529966,0.0,0.0
2022-12-28,93227.94229359685,-0.01115658557220961,0.22164540158555035,3,0.8044555101941657,0.19554448980583425,0.0,0.0
2022-12-29,94780.40598390243,0.016670462336030478,0.20868397368644065,3,0.8010464709047287,0.19895352909527134,0.0,0.0
2022-12-30,94370.64168464644,-0.004323301794313765,0.2121050716828713,3,0.8024054192897019,0.19759458071029812,0.0,0.0
2023-01-03,94407.72571160742,0.00039296147932212685,0.2117954593262894,3,0.7987136190279119,0.20128638097208804,0.0,0.0
2023-01-04,95250.20358078375,0.008923823371721701,0.2047616612245281,3,0.7977607067609788,0.20223929323902118,0.0,0.0
2023-01-05,94463.47689713945,-0.008259580075091972,0.2113299959624273,3,0.7952238515864922,0.20477614841350775,0.0,0.0
2023-01-06,96542.19700143438,0.02202506838957242,0.19397488426319964,3,0.800710064367161,0.1992899356328389,0.0,0.0
2023-01-09,96600.80129880182,0.0006070329781967183,0.1934856004366926,3,0.7997705343905508,0.20022946560944913,0.0,0.0
2023-01-10,96822.4833169873,0.0022948258731291193,0.19163479032552355,3,0.8035351792223,0.19646482077770006,0.0,0.0
2023-01-11,98115.64464513054,0.013356002488694339,0.18083826257333746,3,0.8029737741850956,0.19702622581490434,0.0,0.0
2023-01-12,98782.94842840379,0.006801196544004641,0.17526698259577034,3,0.8004530915893099,0.19954690841069006,0.0,0.0
2023-01-13,98904.18010325854,0.0012290676449712601,0.17425482648382373,3,0.8021177535690637,0.19788224643093635,0.0,0.0
2023-01-17,98632.35872348957,-0.002748330550692296,0.176524247171285,3,0.8028549232973975,0.19714507670260253,0.0,0.0
2023-01-18,97853.31809996424,-0.0078984284022785,0.183028411446015,3,0.7964703269631477,0.20352967303685235,0.0,0.0
2023-01-19,97161.27445268114,-0.007072255297220707,0.1888062430908447,3,0.7963037742890531,0.20369622571094692,0.0,0.0
2023-01-20,98281.76431119864,0.011532268023750342,0.1794513392669752,3,0.8018905277613478,0.19810947223865208,0.0,0.0
2023-01-23,99131.86795657153,0.008657285542222361,0.17235387400896196,3,0.8026501539180315,0.19734984608196846,0.0,0.0
2023-01-24,99327.78885994267,0.0019763665046337578,0.1707181419278634,3,0.8002070865897402,0.19979291341025984,0.0,0.0
2023-01-25,99405.69670170607,0.0007843509118404818,0.17006769394631172,3,0.7998795109507871,0.20012048904921279,0.0,0.0
2023-01-26,100187.03737105899,0.007860119643822331,0.1635443267244564,3,0.8023639564836559,0.19763604351634398,0.0,0.0
2023-01-27,100321.76698698844,0.0013447809164220822,0.16241947709760252,3,0.8031274675049557,0.1968725324950443,0.0,0.0
2023-01-30,99240.21611788568,-0.010768444414536041,0.17144928159263428,3,0.7985617407517297,0.20143825924827027,0.0,0.0
2023-01-31,100565.27218264401,0.013352007045050325,0.1603864665632776,3,0.7996267593221218,0.20037324067787818,0.0,0.0
2023-02-01,101662.13693065102,0.01090699328108928,0.1512288073953717,3,0.7994059247666875,0.2005940752333125,0.0,0.0
2023-02-02,102871.56754097852,0.011896568839119622,0.14113134247388903,3,0.8015076699866965,0.19849233001330344,0.0,0.0
2023-02-03,101689.77609738555,-0.011488027954101176,0.15099804962045038,3,0.8022040264475562,0.19779597355244385,0.0,0.0
2023-02-06,101041.14872675162,-0.00636973153234114,0.15641340132906645,3,0.8002081363154997,0.19979186368450033,0.0,0.0
2023-02-07,101936.57870706852,0.008862032860873713,0.14893750917065196,3,0.8035525135105781,0.1964474864894219,0.0,0.0
2023-02-08,101136.20931751555,-0.007851640693700049,0.15561974605652928,3,0.8010555478636168,0.1989444521363833,0.0,0.0
2023-02-09,100243.25184632912,-0.008829255883844766,0.163074995381862,3,0.8011848391029072,0.19881516089709284,0.0,0.0
2023-02-10,100207.67295410189,-0.00035492555929631734,0.16337204145721518,3,0.8033397256299031,0.19666027437009692,0.0,0.0
2023-02-13,101316.03559460703,0.011074163254322422,0.15411838706215064,3,0.8005260546756784,0.19947394532432158,0.0,0.0
2023-02-14,101232.20963340673,-0.0008273711136479634,0.15481824507426134,3,0.8008203912929404,0.19917960870705964,0.0,0.0
2023-02-15,101307.42872229993,0.000743035138377239,0.15419024533203618,3,0.8028242984536268,0.1971757015463732,0.0,0.0
2023-02-16,99904.5699380731,-0.0138475411124321,0.16590263068309685,3,0.8028884007428548,0.1971115992571452,0.0,0.0
2023-02-17,99857.3053834153,-0.00047309702336041263,0.16629723966571341,3,0.8012614976681564,0.1987385023318437,0.0,0.0
2023-02-21,99261.86090262407,-0.0019708369695982,0.17126857055988653,0,0.0,0.0,0.0,1.0
2023-02-22,99310.86736015079,0.0004937088331922,0.17085941853282804,0,0.0,0.0,0.0,1.0
2023-02-23,99372.13600290853,0.0006169379483471,0.1703478902436063,0,0.0,0.0,0.0,1.0
2023-02-24,99163.85855841996,-0.0020959340602528,0.17208678635860541,0,0.0,0.0,0.0,1.0
2023-02-27,99249.65157163974,0.0008651641280097,0.1713705055450575,0,0.0,0.0,0.0,1.0
2023-02-28,99225.0954886297,-0.0002474173220882,0.17157552283557886,0,0.0,0.0,0.0,1.0
2023-03-01,99043.43544277191,-0.0018307873120526,0.17309219185736535,0,0.0,0.0,0.0,1.0
2023-03-02,99080.2325693143,0.0003715251432656,0.1727849748154776,0,0.0,0.0,0.0,1.0
2023-03-03,99141.61749141476,0.0006195476182144,0.17227247571687343,0,0.0,0.0,0.0,1.0
2023-03-06,99092.52646709334,-0.0004951606153255,0.17268233378711928,0,0.0,0.0,0.0,1.0
2023-03-07,98883.84733032995,-0.0021059018697306,0.1744245836072582,0,0.0,0.0,0.0,1.0
2023-03-08,98834.70345176184,-0.0004969859071516,0.17483488295449623,0,0.0,0.0,0.0,1.0
2023-03-09,99153.92196004312,0.0032298220881199,0.17216974643311667,0,0.0,0.0,0.0,1.0
2023-03-10,99694.10293201747,0.0054479032326328,0.16765980731863828,0,0.0,0.0,0.0,1.0
2023-03-13,100688.43930406099,0.0099738735070575,0.1593581515219945,0,0.0,0.0,0.0,1.0
2023-03-14,100307.87815707662,-0.0037795912779534,0.16253543412038463,0,0.0,0.0,0.0,1.0
2023-03-15,100897.12901167371,0.0058744224822935,0.15761581344645725,0,0.0,0.0,0.0,1.0
2023-03-16,100492.00121082994,-0.004015255982129,0.16099820159076728,0,0.0,0.0,0.0,1.0
2023-03-17,100995.31106031654,0.005008456826635,0.15679609730596544,0,0.0,0.0,0.0,1.0
2023-03-20,100872.59407036233,-0.0012150761126021,0.15782065422618174,0,0.0,0.0,0.0,1.0
2023-03-21,100492.00121082996,-0.0037730055724244,0.16099820159076705,0,0.0,0.0,0.0,1.0
2023-03-22,100958.47165037683,0.0046418663567882,0.15710366736944648,0,0.0,0.0,0.0,1.0
2023-03-23,101253.12350479873,0.0029185451166722,0.1546436363939866,0,0.0,0.0,0.0,1.0
2023-03-24,101302.22509996948,0.0004849390662839,0.1542336900683423,0,0.0,0.0,0.0,1.0
2023-03-27,100872.59407036235,-0.0042410818635341,0.15782065422618163,0,0.0,0.0,0.0,1.0
2023-03-28,100762.08641139248,-0.0010955171718177,0.15874327616122708,0,0.0,0.0,0.0,1.0
2023-03-29,100725.2364306034,-0.0003657127606372,0.15905093448010676,0,0.0,0.0,0.0,1.0
2023-03-30,100737.54089923177,0.0001221587465505,0.15894820519635,0,0.0,0.0,0.0,1.0
2023-03-31,100860.289601734,0.0012185000885123,0.1579233835099383,0,0.0,0.0,0.0,1.0
2023-04-03,100983.32371716831,0.0012198469379787,0.15689617892776941,0,0.0,0.0,0.0,1.0
2023-04-04,101217.05576686058,0.0023145608709305,0.15494476381338373,0,0.0,0.0,0.0,1.0
2023-04-05,101352.41549262193,0.0013373213114709,0.15381465343666123,0,0.0,0.0,0.0,1.0
2023-04-06,101315.48094503816,-0.0003644170432866,0.15412301779872828,0,0.0,0.0,0.0,1.0
2023-04-10,100958.71477991156,-0.0035213391063123,0.15710163749528305,0,0.0,0.0,0.0,1.0
2023-04-11,100946.39974043387,-0.0001219809454245,0.15720445503443814,0,0.0,0.0,0.0,1.0
2023-04-12,101057.1188163905,0.0010968105473927,0.15628006799142424,0,0.0,0.0,0.0,1.0
2023-04-13,101118.67287208035,0.0006091016289677,0.15576615680644534,0,0.0,0.0,0.0,1.0
2023-04-14,100884.88796814138,-0.0023119854849629,0.1577180131978233,0,0.0,0.0,0.0,1.0
2023-04-17,100737.266057149,-0.0014632708026498,0.15895049983670884,0,0.0,0.0,0.0,1.0
2023-04-18,100712.64654904294,-0.0002443932525635,0.1591560466596207,0,0.0,0.0,0.0,1.0
2023-04-19,100626.55755204173,-0.0008547982795714,0.15987479862432408,0,0.0,0.0,0.0,1.0
2023-04-20,100872.5729286637,0.0024448354649788,0.15782083073697817,0,0.0,0.0,0.0,1.0
2023-04-21,100811.09286891922,-0.0006094824188529,0.15833412413416825,0,0.0,0.0,0.0,1.0
2023-04-24,100921.82251572517,0.0010983875251697,0.15740964883575614,0,0.0,0.0,0.0,1.0
2023-04-25,101315.4809450382,0.0039006274312147,0.15412301779872795,0,0.0,0.0,0.0,1.0
2023-04-26,101192.46797130257,-0.0012141577238564,0.15515004587009984,0,0.0,0.0,0.0,1.0
2023-04-27,100995.63875664606,-0.0019450974820807,0.15679336138861388,0,0.0,0.0,0.0,1.0
2023-04-28,101106.32612005467,0.0010959618135126,0.1558692391117954,0,0.0,0.0,0.0,1.0
2023-05-01,100885.58564419768,-0.0021832508837764,0.15771218834152745,0,0.0,0.0,0.0,1.0
2023-05-02,101218.57796916518,0.0033006927881837,0.15493205503601115,0,0.0,0.0,0.0,1.0
2023-05-03,101465.19588419936,0.002436488636595,0.15287305659095574,0,0.0,0.0,0.0,1.0
2023-05-04,101625.54509779358,0.0015803371017706,0.15153431045237686,0,0.0,0.0,0.0,1.0
2023-05-05,101378.85318681406,-0.0024274596583186,0.1535939266852212,0,0.0,0.0,0.0,1.0
2023-05-08,101218.57796916518,-0.001580953153549,0.15493205503601115,0,0.0,0.0,0.0,1.0
2023-05-09,101193.90560681242,-0.0002437532995205,0.15513804313591517,0,0.0,0.0,0.0,1.0
2023-05-10,101440.55523439462,0.0024373960675116,0.15307877992466445,0,0.0,0.0,0.0,1.0
2023-05-11,101502.22556942717,0.0006079455587566,0.1525638979303029,0,0.0,0.0,0.0,1.0
2023-05-12,101329.58245805392,-0.0017008800585872,0.1540052850972401,0,0.0,0.0,0.0,1.0
2023-05-15,101341.8657849836,0.0001212215291104,0.1539027323242802,0,0.0,0.0,0.0,1.0
2023-05-16,101218.5779691652,-0.001216553641118,0.15493205503601104,0,0.0,0.0,0.0,1.0
2023-05-17,101107.56290942713,-0.0010967854119812,0.15585891323018053,0,0.0,0.0,0.0,1.0
2023-05-18,100922.60475857617,-0.0018293206316984,0.15740311793627282,0,0.0,0.0,0.0,1.0
2023-05-19,100848.6405257646,-0.0007328807355746,0.1580206409589926,0,0.0,0.0,0.0,1.0
2023-05-22,100811.62141138614,-0.0003670759881885,0.1583297113642469,0,0.0,0.0,0.0,1.0
2023-05-23,100799.26408851109,-0.0001225783565629,0.15843288192499572,0,0.0,0.0,0.0,1.0
2023-05-24,100675.95513099401,-0.0012233120810168,0.1594623811475233,0,0.0,0.0,0.0,1.0
2023-05-25,100454.00957831259,-0.0022045537327423,0.16131539149267482,0,0.0,0.0,0.0,1.0
2023-05-26,100429.34778680917,-0.0002455033065075,0.1615212913371804,0,0.0,0.0,0.0,1.0
2023-05-30,100626.65268968586,0.0019646140020297,0.1598740043257375,0,0.0,0.0,0.0,1.0
2023-05-31,100725.2892848502,0.0009802233556204,0.1590504932031137,0,0.0,0.0,0.0,1.0
2023-06-01,100882.27696835523,0.001558572674446,0.15773981228123124,0,0.0,0.0,0.0,1.0
2023-06-02,100597.97397543435,-0.0028181659005384,0.16011344122164128,0,0.0,0.0,0.0,1.0
2023-06-05,100622.69919203379,0.0002457824509018,0.1599070118447452,0,0.0,0.0,0.0,1.0
2023-06-06,100573.23818798557,-0.0004915491677859,0.1603199588539358,0,0.0,0.0,0.0,1.0
2023-06-07,100499.06253818725,-0.000737528701817,0.16093924698462392,0,0.0,0.0,0.0,1.0
2023-06-08,100659.7817315083,0.0015992108708473,0.1595974119071003,0,0.0,0.0,0.0,1.0
2023-06-09,100474.32675073849,-0.0018423940284758,0.1611457646169182,0,0.0,0.0,0.0,1.0
2023-06-12,100560.92314850788,0.0008618758698848,0.16042277639309088,0,0.0,0.0,0.0,1.0
2023-06-13,100375.47873858741,-0.0018441001147793,0.16197104084751035,0,0.0,0.0,0.0,1.0
2023-06-14,100313.66041166414,-0.0006158708053016,0.16248715841744965,0,0.0,0.0,0.0,1.0
2023-06-15,100523.79832563603,0.0020948085545831,0.1607327293523294,0,0.0,0.0,0.0,1.0
2023-06-16,100387.81491976378,-0.0013527483853301,0.1618680467975584,0,0.0,0.0,0.0,1.0
2023-06-20,100424.88688838894,0.0003692875340974,0.16155853511531193,0,0.0,0.0,0.0,1.0
2023-06-21,100424.88688838894,0.0,0.16155853511531193,0,0.0,0.0,0.0,1.0
2023-06-22,100313.66041166414,-0.0011075588947231,0.16248715841744965,0,0.0,0.0,0.0,1.0
2023-06-23,100400.1933843375,0.0008626240166917,0.16176469972601282,0,0.0,0.0,0.0,1.0
2023-06-26,100474.32675073847,0.000738378721216,0.16114576461691832,0,0.0,0.0,0.0,1.0
2023-06-27,100326.03887623786,-0.0014758782596125,0.16238381134590407,0,0.0,0.0,0.0,1.0
2023-06-28,100437.244211264,0.0011084394068754,0.1614553645545631,0,0.0,0.0,0.0,1.0
2023-06-29,100190.08718291362,-0.0024608105319028,0.16351886402493787,0,0.0,0.0,0.0,1.0
2023-06-30,100227.15915153877,0.0003700163326285,0.1632093523426914,0,0.0,0.0,0.0,1.0
2023-07-03,100110.65782099476,-0.0011623728690929,0.16418201508863906,0,0.0,0.0,0.0,1.0
2023-07-05,100085.79518335394,-0.000248351555988,0.16438959178571444,0,0.0,0.0,0.0,1.0
2023-07-06,100023.87114793732,-0.0006187095311896,0.16490659190963786,0,0.0,0.0,0.0,1.0
2023-07-07,100135.43589184091,0.0011153811847433,0.1639751444347507,0,0.0,0.0,0.0,1.0
2023-07-10,100284.14660031501,0.0014850957320915,0.16273356748982826,0,0.0,0.0,0.0,1.0
2023-07-11,100271.74699404261,-0.000123644730426,0.16283709107217081,0,0.0,0.0,0.0,1.0
2023-07-12,100569.18955268951,0.0029663645798907,0.16035376067152896,0,0.0,0.0,0.0,1.0
2023-07-13,100854.22193421466,0.0028341918911041,0.1579740421086281,0,0.0,0.0,0.0,1.0
2023-07-14,100593.96762353565,-0.0025804999105419,0.1601468900176407,0,0.0,0.0,0.0,1.0
2023-07-17,100631.14530065417,0.0003695815762796,0.15983649578141013,0,0.0,0.0,0.0,1.0
2023-07-18,100631.14530065417,0.0,0.15983649578141013,0,0.0,0.0,0.0,1.0
2023-07-19,100668.3546903207,0.0003697601727115,0.15952583677898424,0,0.0,0.0,0.0,1.0
2023-07-20,100544.40091099404,-0.0012313082865809,0.16056071958081553,0,0.0,0.0,0.0,1.0
2023-07-21,100556.7899464171,0.0001232195459002,0.1604572842538714,0,0.0,0.0,0.0,1.0
2023-07-24,100432.87845048781,-0.0012322538934996,0.16149181403410884,0,0.0,0.0,0.0,1.0
2023-07-25,100420.46827336609,-0.0001235668768355,0.1615954258718496,0,0.0,0.0,0.0,1.0
2023-07-26,100519.62284014793,0.00098739398936,0.16076759023470355,0,0.0,0.0,0.0,1.0
2023-07-27,100370.8487065778,-0.001480050654455,0.16200969671201648,0,0.0,0.0,0.0,1.0
2023-07-28,100507.23380472486,0.0013588118453173,0.16087102556164756,0,0.0,0.0,0.0,1.0
2023-07-31,100531.99073387231,0.0002463198738067,0.1606643314185563,0,0.0,0.0,0.0,1.0
2023-08-01,100447.51907681968,-0.0008402465368089,0.16136958030730209,0,0.0,0.0,0.0,1.0
2023-08-02,100497.20206870398,0.0004946164160242,0.16095477993474472,0,0.0,0.0,0.0,1.0
2023-08-03,100534.48545431587,0.0003709892896959,0.16064350314453002,0,0.0,0.0,0.0,1.0
2023-08-04,100733.31255949709,0.0019777005301486,0.1589835073557152,0,0.0,0.0,0.0,1.0
2023-08-07,100770.58537425965,0.0003700147827516,0.15867231882089883,0,0.0,0.0,0.0,1.0
2023-08-08,100820.27893699329,0.000493135596554,0.15825743019294325,0,0.0,0.0,0.0,1.0
2023-08-09,100758.16462628859,-0.0006160894550145,0.15877601891403803,0,0.0,0.0,0.0,1.0
2023-08-10,100708.48163440429,-0.000493091473714,0.1591908192865954,0,0.0,0.0,0.0,1.0
2023-08-11,100609.04165469034,-0.0009874042195864,0.16002103781949872,0,0.0,0.0,0.0,1.0
2023-08-14,100522.06470634483,-0.0008645042922091,0.1607472032376691,0,0.0,0.0,0.0,1.0
2023-08-15,100559.34809195672,0.0003708975310128,0.1604359264474543,0,0.0,0.0,0.0,1.0
2023-08-16,100509.65452922309,-0.0004941714885441,0.16085081507541,0,0.0,0.0,0.0,1.0
2023-08-17,100621.49411520945,0.0011127248074844,0.159917072960164,0,0.0,0.0,0.0,1.0
2023-08-18,100658.74578827334,0.00037021586085,0.15960606093614438,0,0.0,0.0,0.0,1.0
2023-08-21,100546.92734398566,-0.0011108666555699,0.1605396265405935,0,0.0,0.0,0.0,1.0
2023-08-22,100497.20206870403,-0.0004945479349311,0.16095477993474427,0,0.0,0.0,0.0,1.0
2023-08-23,100683.59785506484,0.0018547360774618,0.1593985724944672,0,0.0,0.0,0.0,1.0
2023-08-24,100621.49411520948,-0.0006168208246269,0.15991707296016366,0,0.0,0.0,0.0,1.0
2023-08-25,100559.34809195677,-0.0006176217496985,0.16043592644745397,0,0.0,0.0,0.0,1.0
2023-08-28,100621.49411520948,0.0006180034420657,0.15991707296016366,0,0.0,0.0,0.0,1.0
2023-08-29,100845.16271633285,0.0022228709987874,0.15804967698507033,0,0.0,0.0,0.0,1.0
2023-08-30,100845.16271633285,0.0,0.15804967698507033,0,0.0,0.0,0.0,1.0
2023-08-31,100944.49698755344,0.0009850177097736,0.157220341006151,0,0.0,0.0,0.0,1.0
2023-09-01,100889.71884628868,-0.0005426560426718,0.15767768048074482,0,0.0,0.0,0.0,1.0
2023-09-05,100765.14138685116,-0.0012347884488342,0.15871777035108248,0,0.0,0.0,0.0,1.0
2023-09-06,100653.04810048071,-0.0011124212681854,0.15965363059589044,0,0.0,0.0,0.0,1.0
2023-09-07,100839.866720815,0.0018560652047794,0.1580938929396768,0,0.0,0.0,0.0,1.0
2023-09-08,100790.067449588,-0.0004938450718591,0.1585096641216166,0,0.0,0.0,0.0,1.0
2023-09-11,100814.9829414755,0.0002472018574644,0.15830164614754916,0,0.0,0.0,0.0,1.0
2023-09-12,100765.14138685114,-0.0004943863815687,0.1587177703510826,0,0.0,0.0,0.0,1.0
2023-09-13,100852.32975218342,0.0008652631667289,0.15798983982494386,0,0.0,0.0,0.0,1.0
2023-09-14,100827.43540199459,-0.0002468396144145,0.15819768128821443,0,0.0,0.0,0.0,1.0
2023-09-15,100777.6361307676,-0.0004939059595084,0.15861345247015424,0,0.0,0.0,0.0,1.0
2023-09-18,100765.14138685117,-0.0001239833002256,0.15871777035108237,0,0.0,0.0,0.0,1.0
2023-09-19,100690.40548203798,-0.0007416841160006,0.1593417360178866,0,0.0,0.0,0.0,1.0
2023-09-20,100628.12203774389,-0.0006185638442504,0.1598617368253562,0,0.0,0.0,0.0,1.0
2023-09-21,100677.97416321759,0.0004954094786246,0.15944552436642423,0,0.0,0.0,0.0,1.0
2023-09-22,100777.63613076761,0.0009899083526299,0.15861345247015401,0,0.0,0.0,0.0,1.0
2023-09-25,100740.22589496369,-0.000371215651014,0.1589257883251497,0,0.0,0.0,0.0,1.0
2023-09-26,100752.65721378411,0.0001233997512908,0.15882199997661184,0,0.0,0.0,0.0,1.0
2023-09-27,100677.9741632176,-0.0007412514233549,0.15944552436642412,0,0.0,0.0,0.0,1.0
2023-09-28,100852.32975218346,0.001731814633886,0.1579898398249434,0,0.0,0.0,0.0,1.0
2023-09-29,100864.83506694924,0.0001239962903831,0.15788543368861674,0,0.0,0.0,0.0,1.0
2023-10-02,100763.65089709467,-0.0010031659674792,0.15873021436225876,0,0.0,0.0,0.0,1.0
2023-10-03,98738.57397984262,-0.016161943766456383,0.17563746225283416,5,0.20056427461936238,0.5967373744270866,0.2026983509535511,0.0
2023-10-04,99711.65790011041,0.009855154688242216,0.16751324192414396,5,0.20005325531772955,0.599250259040625,0.2006964856416454,0.0
2023-10-05,99369.60960392539,-0.00343037417477986,0.17036898299989356,5,0.20066625308673203,0.5983155274329751,0.20101821948029283,0.0
2023-10-06,98988.85557501741,-0.003831694925899515,0.17354787595810173,5,0.20382973168464896,0.593338997589857,0.20283127072549395,0.0
2023-10-09,100865.65334632719,0.01895968753661841,0.15787860192229275,5,0.20131773837843991,0.5959652975247884,0.2027169640967718,0.0
2023-10-10,100851.49254730072,-0.00012425587180481983,0.15799682959919215,5,0.20106593690334768,0.5992448697209056,0.1996891933757467,0.0
2023-10-11,102343.88594850927,0.014797930734724478,0.14553692500518245,5,0.19894558626073286,0.6028400435318532,0.19821437020741386,0.0
2023-10-12,100484.18460936994,-0.018171103450918148,0.16106346193590282,5,0.20139224217400065,0.5973406263493752,0.20126713147662414,0.0
2023-10-13,102107.54225181194,0.016155354683453527,0.14751014460656864,5,0.19720324414923415,0.5983619530814722,0.20443480276929357,0.0
2023-10-16,101234.52691990658,-0.008549959313998417,0.15479889818577885,5,0.20099661578257216,0.5938087361911394,0.2051946480262885,0.0
2023-10-17,100599.23705112739,-0.006250816600523919,0.16010289587708437,5,0.20124879001500764,0.5971199954885635,0.2016312144964289,0.0
2023-10-18,100094.50523410745,-0.005017252931683994,0.16431687208505796,5,0.19956843106658487,0.5948511370451983,0.2055804318882168,0.0
2023-10-19,98952.5517975841,-0.011408752496977372,0.1738509740573394,5,0.20009779905496244,0.5893968682994584,0.21050533264557925,0.0
2023-10-20,99097.31346525383,0.0014629402177100265,0.17264236742146588,5,0.1973502899296885,0.5918778555760366,0.2107718544942749,0.0
2023-10-23,99697.49493551806,0.006056485784295975,0.16763148768122527,5,0.1958222125502807,0.5953822899025512,0.2087954975471682,0.0
2023-10-24,100630.33580755563,0.00939222567921202,0.15984325419160483,5,0.19963291132666897,0.6022497179078593,0.19811737076547173,0.0
2023-10-25,99076.77027594185,-0.015438341918929935,0.17281388129889041,5,0.19985314259154635,0.5980760066836736,0.20207085072478,0.0
2023-10-26,99780.16961361267,0.00709953842572554,0.1669412416639452,5,0.1960680010087853,0.6029689340387152,0.20096306495249952,0.0
2023-10-27,99669.08450427771,-0.001113298461659533,0.1678686846980727,5,0.19539679608127944,0.6010763926761377,0.20352681124258293,0.0
2023-10-30,99517.66763900148,-0.0015191959074303196,0.16913285518672405,5,0.19803374240558896,0.599279528050046,0.20268672954436495,0.0
2023-10-31,99241.50959514752,-0.0027642477816729395,0.1714384824271702,5,0.20181394299570224,0.5987260125335001,0.19946004447079768,0.0
2023-11-01,100681.048137349,0.01450540754643934,0.1594198599374801,5,0.20104993085460698,0.6029613483081813,0.19598872083721172,0.0
2023-11-02,102518.48887931962,0.018250115349057353,0.1440791754212124,5,0.20123044129009215,0.6056537429784206,0.19311581573148742,0.0
2023-11-03,103199.64390057634,0.006644216362363198,0.1383922522736586,5,0.2017260317415677,0.6057346918853793,0.192539276373053,0.0
2023-11-06,102486.32885785762,-0.006911991318554673,0.14434767754594258,5,0.20359734892758458,0.6040340988756866,0.19236855219672888,0.0
2023-11-07,103363.54798235591,0.008590164997749481,0.13702382675000746,5,0.19886097510810777,0.6036643907509182,0.19747463414097413,0.0
2023-11-08,104238.02141160145,0.00846017233652624,0.12972289960199657,5,0.1973371029432075,0.6087967606746412,0.1938661363821514,0.0
2023-11-09,102698.41900211842,-0.014770065554138357,0.14257694942514054,5,0.1987334389701308,0.6037103436651186,0.19755621736475065,0.0
2023-11-10,103142.74344803294,0.0043264974303581965,0.1388673108000985,5,0.20096514249099554,0.6044756892623321,0.19455916824667252,0.0
2023-11-13,103093.08096428297,-0.0004814927554742527,0.13928193995145033,5,0.20087033272445243,0.603392418221351,0.19573724905419645,0.0
2023-11-14,105077.33786016579,0.019264615839802438,0.12271549601469456,5,0.20002670200291847,0.6020032789408624,0.19797001905621928,0.0
2023-11-15,104179.21357362822,-0.008547269133643004,0.1302138827770314,5,0.2021782192262938,0.5986713393707244,0.19915044140298185,0.0
2023-11-16,105214.18257900637,0.009934505837353894,0.12157298751823042,5,0.2004343002743434,0.6001487400211818,0.1994169597044749,0.0
2023-11-17,105534.06144258215,0.0030402637337945326,0.11890233772939673,5,0.20007530926304992,0.601133824668218,0.19879086606873203,0.0
2023-11-20,106049.83625856946,0.004887282920196547,0.11459616417355645,5,0.20063486884914764,0.6018642091522564,0.19750092199859606,0.0
2023-11-21,106203.47232930423,0.0014587266689945,0.11331346566925893,5,0.19927341581557467,0.5988614700833271,0.20186511410109823,0.0
2023-11-22,106418.59018353626,0.0020255256209045255,0.1115174593762609,5,0.19963841852623176,0.5997631846717838,0.20059839680198435,0.0
2023-11-24,105791.12524686495,-0.0058961966662887015,0.11675612717034234,5,0.20094607960774796,0.5962161200260638,0.20283780036618823,0.0
2023-11-27,106951.01541996273,0.01096396479753052,0.10707227244100337,5,0.1984088345008366,0.5996012908520768,0.20198987464708654,0.0
2023-11-28,107386.45367935002,0.00407138032002273,0.10343682406381705,5,0.19779995491755856,0.5983472334525202,0.2038528116299212,0.0
2023-11-29,108211.43124850729,0.00769785424118876,0.09654913493602169,5,0.19833260571581143,0.6029015766053184,0.19876581767887017,0.0
2023-11-30,107452.66221375643,-0.007011912013328295,0.10288405291021574,5,0.2005195374433582,0.6001453708177016,0.1993350917389403,0.0
2023-12-01,109164.65120171606,0.01593249485577142,0.08859075769817715,5,0.19854253353600698,0.6018596510364763,0.19959781542751664,0.0
2023-12-04,108318.5043977284,-0.007751106193012412,0.09565518752055158,5,0.19904306448010048,0.6041476229165906,0.1968093126033088,0.0
2023-12-05,109639.7155640157,0.012197465000403014,0.08462447332203726,5,0.19660576360171944,0.6096914370649351,0.19370279933334547,0.0
2023-12-06,109781.26893252283,0.0029093488914506602,0.08344265258688044,1,0.5958486467857933,0.40415135321420664,0.0,0.0
2023-12-07,110025.8421845494,0.0022278231469241225,0.08140072491283012,1,0.5990605421982076,0.4009394578017924,0.0,0.0
2023-12-08,109948.2302632698,-0.0007053972024991481,0.08204870227169447,1,0.6020607026665258,0.3979392973334742,0.0,0.0
2023-12-11,110113.14561815455,0.0014999364199847628,0.08067183368845954,1,0.6034973115303702,0.39650268846962977,0.0,0.0
2023-12-12,110546.25064926206,0.0039332727139538845,0.07705586529673714,1,0.6038784344505439,0.3961215655494562,0.0,0.0
2023-12-13,112723.75089745097,0.02134764114126468,0.058876043994997906,5,0.19852007713096956,0.6012420230049735,0.2002378998640569,0.0
2023-12-14,114690.92086485769,0.017451246536289784,0.04245225781754647,5,0.1957412713683561,0.6063015234615929,0.1979572051700509,0.0
2023-12-15,114523.06784411933,-0.0014635249196066217,0.04385365279994358,5,0.1957053974699631,0.6078644940527838,0.19643010847725317,0.0
2023-12-18,114196.73306331079,-0.0028495113425770525,0.04657820266145374,5,0.19736866174432677,0.604744478385926,0.19788685986974702,0.0
2023-12-19,114859.89162777063,0.005807158809807452,0.04104153087157669,5,0.1974223606445902,0.604492700876782,0.19808493847862776,0.0
2023-12-20,114554.42898556156,0.0013459468168846,0.0435918204774387,0,0.0,0.0,0.0,1.0
2023-12-21,114666.39832807533,0.0009774335528125,0.04265699503258891,0,0.0,0.0,0.0,1.0
2023-12-22,114708.38242882288,0.0003661412703259,0.0423064722486125,0,0.0,0.0,0.0,1.0
2023-12-26,114652.40362782616,-0.0004880096799504,0.04277383596058104,0,0.0,0.0,0.0,1.0
2023-12-27,114792.36237083831,0.0012207222751863,0.041605328659746865,0,0.0,0.0,0.0,1.0
2023-12-28,114778.36767058913,-0.0001219131653025,0.041722169587739,0,0.0,0.0,0.0,1.0
2023-12-29,114834.34647158584,0.0004877121197381,0.04125480587577057,0,0.0,0.0,0.0,1.0
2024-01-02,114694.39946909406,-0.0012186859314466,0.042423215155691696,0,0.0,0.0,0.0,1.0
2024-01-03,114722.36538855174,0.0002438298608051,0.04218972934153287,0,0.0,0.0,0.0,1.0
2024-01-04,114652.4036278262,-0.0006098354099359,0.0427738359605806,0,0.0,0.0,0.0,1.0
2024-01-05,114100.42162667842,-0.0008176660338090199,0.04738230117246267,3,0.8017511380427196,0.19824886195728042,0.0,0.0
2024-01-08,115629.56898108173,0.013401767781424089,0.03461553998830158,3,0.8024428279357375,0.1975571720642624,0.0,0.0
2024-01-09,115343.16196681344,-0.002476935759530077,0.037006735278999225,3,0.8032149845100321,0.1967850154899679,0.0,0.0
2024-01-10,115761.39637312997,0.003626000875863467,0.03351492085767016,3,0.8048391910614648,0.19516080893853524,0.0,0.0
2024-01-11,115847.19474734574,0.0007411656813401689,0.03279859528548257,3,0.8038887584871334,0.19611124151286655,0.0,0.0
2024-01-12,115709.86765672073,-0.00037016261593301997,0.03394513107555974,1,0.600637884081825,0.3993621159181751,0.0,0.0
2024-01-16,114640.82506021798,-0.009238992474473354,0.04287050473948106,1,0.6040133115940438,0.39598668840595624,0.0,0.0
2024-01-17,114184.10324859724,-0.003983936886190662,0.04668364824051052,1,0.6030583321179441,0.39694166788205587,0.0,0.0
2024-01-18,114375.14353240957,0.0016730900219656209,0.045088664164605,1,0.6074049726432178,0.39259502735678226,0.0,0.0
2024-01-19,115384.82901577327,0.008827840142360915,0.03665885954172177,1,0.6095955617429565,0.39040443825704346,0.0,0.0
2024-01-22,115801.45536750935,0.0036492773442773404,0.03318047067335894,1,0.5990824143144547,0.4009175856855452,0.0,0.0
2024-01-23,115635.89510760424,-0.0014296906664919102,0.0345627235306194,1,0.601689777649405,0.3983102223505951,0.0,0.0
2024-01-24,115442.18367418773,-0.0016751842776523414,0.03618000887722028,1,0.6033583191681794,0.3966416808318205,0.0,0.0
2024-01-25,116120.23279904806,0.0058734953141044485,0.030519016675720545,1,0.6030976376244783,0.3969023623755217,0.0,0.0
2024-01-26,115942.96624484153,-0.0015265776681079302,0.03199900469451866,1,0.6032524137295832,0.39674758627041684,0.0,0.0
2024-01-29,115591.71813889065,0.0009744072049753,0.03493155444006868,0,0.0,0.0,0.0,1.0
2024-01-30,115521.36130213962,-0.0006086667616316,0.035518959525580485,0,0.0,0.0,0.0,1.0
2024-01-31,115732.29027307319,0.0018258871654213,0.03375792597248606,0,0.0,0.0,0.0,1.0
2024-02-01,115904.37849573833,0.0014869508091397,0.03232117153868597,0,0.0,0.0,0.0,1.0
2024-02-02,115537.65011882919,-0.0031640597332794,0.0353829651545674,0,0.0,0.0,0.0,1.0
2024-02-05,115312.01285360752,-0.0019529327884858,0.03726679739024907,0,0.0,0.0,0.0,1.0
2024-02-06,115495.3534521755,0.0015899522871112,0.03573609753288187,0,0.0,0.0,0.0,1.0
2024-02-07,115453.02140069196,-0.0003665260135429,0.03608952533705645,0,0.0,0.0,0.0,1.0
2024-02-08,115424.86687104826,-0.0002438613498558,0.03632458584654785,0,0.0,0.0,0.0,1.0
2024-02-09,115382.52302462142,-0.0003668520274245,0.03667811212600913,0,0.0,0.0,0.0,1.0
2024-02-12,115396.60618691491,0.0001220562865529,0.036560532633620024,0,0.0,0.0,0.0,1.0
2024-02-13,115029.94857966554,-0.0031773690697236,0.03962173539778091,0,0.0,0.0,0.0,1.0
2024-02-14,115199.18242605343,0.0014712155267173,0.038208811983376334,0,0.0,0.0,0.0,1.0
2024-02-15,115312.01285360756,0.0009794377458065,0.03726679739024874,0,0.0,0.0,0.0,1.0
2024-02-16,115170.98071663655,-0.0012230480891011,0.03844426639401488,0,0.0,0.0,0.0,1.0
2024-02-20,115241.4908876504,0.0006122216775017,0.03785558112977516,0,0.0,0.0,0.0,1.0
2024-02-21,115142.76721227639,-0.0008566678078668,0.03867981927993991,0,0.0,0.0,0.0,1.0
2024-02-22,115128.64866515301,-0.0001226177506864,0.038797694198189236,0,0.0,0.0,0.0,1.0
2024-02-23,115185.07567387338,0.0004901213501122,0.03832658842633874,0,0.0,0.0,0.0,1.0
2024-02-26,115100.48234056603,-0.0007344122735732,0.03903285318296734,0,0.0,0.0,0.0,1.0
2024-02-27,115100.48234056603,0.0,0.03903285318296734,0,0.0,0.0,0.0,1.0
2024-02-28,115213.27738329027,0.000979970200216,0.03809113401570008,0,0.0,0.0,0.0,1.0
2024-02-29,115283.78755430413,0.0006119969209736,0.03750244875146047,0,0.0,0.0,0.0,1.0
2024-03-01,115510.14431106676,0.0019634743233605,0.03561260952328649,0,0.0,0.0,0.0,1.0
2024-03-04,115396.96003521382,-0.0009798643792544,0.03655757837501661,0,0.0,0.0,0.0,1.0
2024-03-05,115481.82465221696,0.0007354146675722,0.035849048686792284,0,0.0,0.0,0.0,1.0
2024-03-06,115510.1443110668,0.0002452304415445,0.035612609523286154,0,0.0,0.0,0.0,1.0
2024-03-07,115651.57747610983,0.0012244220270571,0.03443179235977023,0,0.0,0.0,0.0,1.0
2024-03-08,115708.15781909303,0.0004892310525974,0.033959406409191706,0,0.0,0.0,0.0,1.0
2024-03-11,115609.13927013663,-0.000855761173825,0.03478610644152569,0,0.0,0.0,0.0,1.0
2024-03-12,115495.97858417027,-0.0009788212824762,0.035730878342682404,0,0.0,0.0,0.0,1.0
2024-03-13,115439.3864462438,-0.0004899922804258,0.03620336276854741,0,0.0,0.0,0.0,1.0
2024-03-14,115340.4150770606,-0.0008573448996049,0.037029668899734025,0,0.0,0.0,0.0,1.0
2024-03-15,115269.6218274077,-0.0006137766159903,0.03762071757085583,0,0.0,0.0,0.0,1.0
2024-03-18,115283.78755430426,0.0001228921087099,0.03750244875145936,0,0.0,0.0,0.0,1.0
2024-03-19,115382.81789820395,0.0008590136219548,0.036675650243838676,0,0.0,0.0,0.0,1.0
2024-03-20,115566.68926922018,0.0015935767072221,0.035140518998567405,0,0.0,0.0,0.0,1.0
2024-03-21,115566.68926922018,0.0,0.035140518998567405,0,0.0,0.0,0.0,1.0
2024-03-22,115651.5774761099,0.0007345387103023,0.034431792359769675,0,0.0,0.0,0.0,1.0
2024-03-25,115595.0443128999,-0.0004888231050863,0.034903784409200944,0,0.0,0.0,0.0,1.0
2024-03-26,115623.25781726008,0.0002440719195868,0.034668231523275694,0,0.0,0.0,0.0,1.0
2024-03-27,115750.5960250663,0.0011013200130329,0.03360509232743569,0,0.0,0.0,0.0,1.0
2024-03-28,115679.88534001644,-0.0006108883019017,0.03419545167155025,0,0.0,0.0,0.0,1.0
2024-04-01,115438.60797998642,-0.0020857330496208,0.036209862137473015,0,0.0,0.0,0.0,1.0
2024-04-02,115495.34165723243,0.0004914618968365,0.0357361960081668,0,0.0,0.0,0.0,1.0
2024-04-03,115580.5365326478,0.0007376477197513,0.03502490901191335,0,0.0,0.0,0.0,1.0
2024-04-04,115694.03927196973,0.0009820229489059,0.03407728132744048,0,0.0,0.0,0.0,1.0
2024-04-05,115509.55456390219,-0.0015945912963922,0.03561753328762318,0,0.0,0.0,0.0,1.0
2024-04-08,115396.00464480711,-0.0009830348625599,0.03656555487324298,0,0.0,0.0,0.0,1.0
2024-04-09,115509.55456390219,0.0009840021709988,0.03561753328762318,0,0.0,0.0,0.0,1.0
2024-04-10,115041.24813534175,-0.0040542657300384,0.0395273960730651,0,0.0,0.0,0.0,1.0
2024-04-11,115183.17668800314,0.0012337188179183,0.03834244294750544,0,0.0,0.0,0.0,1.0
2024-04-12,115254.09968203229,0.0006157409099878,0.037750311048229346,0,0.0,0.0,0.0,1.0
2024-04-15,115211.51993673954,-0.0003694423487773,0.038105806833425904,0,0.0,0.0,0.0,1.0
2024-04-16,115140.56155788049,-0.0006158965605003,0.03869823415856244,0,0.0,0.0,0.0,1.0
2024-04-17,115225.70925352268,0.0007395108595105,0.037987341063456026,0,0.0,0.0,0.0,1.0
2024-04-18,115168.9401914468,-0.0004926770461528,0.03846130261862246,0,0.0,0.0,0.0,1.0
2024-04-19,115197.35420984299,0.0002467159839185,0.038224075652822265,0,0.0,0.0,0.0,1.0
2024-04-22,115254.09968203229,0.0004925935372259,0.037750311048229346,0,0.0,0.0,0.0,1.0
2024-04-23,115353.44848940092,0.0008619980342801,0.03692085370786624,0,0.0,0.0,0.0,1.0
2024-04-24,114350.57125650019,-0.00471280224411076,0.045293816648689034,5,0.20085165604636207,0.5985751000642332,0.20057324388940467,0.0
2024-04-25,113920.0615049267,-0.003764823794432951,0.04888811720446229,5,0.2008447862482846,0.5966233609916499,0.20253185276006552,0.0
2024-04-26,114567.78044772962,0.005685732032148534,0.04348034990629457,5,0.20160131700627887,0.5963589802896581,0.2020397027040631,0.0
2024-04-29,115175.53687465156,0.005304776129439209,0.038406227299137896,5,0.20124769942951995,0.5981869388978721,0.20056536167260802,0.0
2024-04-30,113759.34437535805,-0.012295948755461673,0.050229935051838814,5,0.2005253505099139,0.6004609125354051,0.1990137369546809,0.0
2024-05-01,114394.31812698611,0.00558569538574376,0.04492857660400662,5,0.198243243558437,0.6010653271669296,0.20069142927463332,0.0
2024-05-02,114830.59458920131,0.0038137948576336643,0.04128613012078619,5,0.19933725804769878,0.6013509987697465,0.19931174318255457,0.0
2024-05-03,115794.83389147533,0.00839705921338753,0.03323575298671455,5,0.20012763854212065,0.6023779667572801,0.19749439470059935,0.0
2024-05-06,116546.42746759462,0.006490734956480853,0.02696074249394953,5,0.2008903894744036,0.600824911905907,0.19828469861968942,0.0
2024-05-07,116892.9631800128,0.002973370526647176,0.02406753624441027,5,0.20051586087271495,0.6026967367103073,0.1967874024169778,0.0
2024-05-08,116399.86813138677,-0.0042055503795145515,0.028184357758552325,5,0.2008640645367054,0.5988819696954613,0.20025396576783325,0.0
2024-05-09,117242.45107393166,0.0072386932740664,0.021149682405426584,5,0.20056954259892062,0.5974786301483929,0.2019518272526865,0.0
2024-05-10,117070.63813770971,-0.001465449883110995,0.022584138488928707,5,0.20112266938299025,0.5949883774092535,0.20388895320775624,0.0
2024-05-13,116984.20018500002,-0.0007383401515930312,0.023305803864286267,5,0.20129829616919817,0.5969477728216113,0.2017539310091906,0.0
2024-05-14,117686.14763323028,0.006000361135266124,0.01744528596875361,5,0.2010156943681225,0.596736682532799,0.20224762309907854,0.0
2024-05-15,119241.89415672972,0.01323267922147058,0.004456449888690872,5,0.19983230870609647,0.6002454481052116,0.19992224318869198,0.0
2024-05-16,119030.12425999175,-0.0017759689095480514,0.006224504281789667,5,0.1997759453733572,0.600725874809252,0.1994981798173908,0.0
2024-05-17,118974.23412870598,-0.0004695461055192717,0.00669112769556468,5,0.20015711495754174,0.5969581658925989,0.2028847191498593,0.0
2024-05-20,118888.97077160765,-0.0007166539690105967,0.007402986441355064,5,0.20053139467685235,0.5956214028183832,0.2038472025047644,0.0
2024-05-21,119277.07242518576,0.003264404183662098,0.004162748597603794,5,0.20036915282537363,0.5967455077925312,0.2028853393820953,0.0
2024-05-22,118854.47515711392,-0.0035300162513698403,0.007690988294724033,5,0.20013056126850376,0.6028487463988212,0.19702069233267494,0.0
2024-05-23,117752.70642362106,-0.009269896922572135,0.01688959054857142,5,0.20052766955115223,0.6045744478910433,0.19489788255780444,0.0
2024-05-24,118141.1808552096,0.0032990700883849286,0.013646240403170307,5,0.2011906974888558,0.6043721891394146,0.1944371133717296,0.0
2024-05-28,117375.7031902481,-0.006479346654742384,0.020037168335806488,5,0.2026442823517242,0.5995930806055079,0.19776263704276795,0.0
2024-05-29,116141.47129020681,-0.010515224756871373,0.030341697764135533,5,0.2033637022825469,0.5986315425819524,0.19800475513550064,0.0
2024-05-30,116703.40084268956,0.00485183965153334,0.025650181032140118,5,0.19771399587926228,0.6028741663695746,0.19941183775116303,0.0
2024-05-31,117254.80446261381,0.004724829061901223,0.021046544691022517,5,0.19857656479811694,0.6041132401697251,0.1973101950321578,0.0
2024-06-03,118625.82414196753,0.011692652472853322,0.009599982150995667,5,0.19644152988080302,0.606789457756243,0.19676901236295385,0.0
2024-06-04,119283.17255351294,0.005541360123734274,0.004111818985541471,5,0.19557736525272895,0.6104946543593037,0.19392798038796735,0.0
2024-06-05,120368.79019753203,0.009101180164637599,0.0,5,0.19611691880667076,0.6094276805354272,0.194455400657902,0.0
2024-06-06,120433.4339420032,0.0005747797863240029,0.0,5,0.1998813841713649,0.5987560836192877,0.20136253220934738,0.0
2024-06-07,118215.91527339366,-0.018412816076285053,0.018412816076285088,5,0.20338323815479056,0.5987970923800269,0.1978196694651826,0.0
2024-06-10,118032.69735623075,-0.0015498582973297345,0.019934137117841977,5,0.2043283257812514,0.5957284745662762,0.19994319965247248,0.0
2024-06-11,118885.39575147304,0.0072242557726932,0.012853890650296074,5,0.20335137918271365,0.5975724385583001,0.19907618225898616,0.0
2024-06-12,119680.76521229459,0.006690220071136706,0.0062496659363801,5,0.20365897898143248,0.5980614874168457,0.19827953360172176,0.0
2024-06-13,119392.23378120997,0.0015955400287768,0.008645441109772278,0,0.0,0.0,0.0,1.0
2024-06-14,119406.84067235375,0.0001223437294133,0.008524155095866681,0,0.0,0.0,0.0,1.0
2024-06-17,119289.78015267462,-0.0009803501961863,0.009496148634932533,0,0.0,0.0,0.0,1.0
2024-06-18,119450.74591835582,0.0013493676111666,0.008159594819164728,0,0.0,0.0,0.0,1.0
2024-06-20,119406.84067235378,-0.0003675594125805,0.00852415509586646,0,0.0,0.0,0.0,1.0
2024-06-21,119450.74591835582,0.0003676945621777,0.008159594819164728,0,0.0,0.0,0.0,1.0
2024-06-24,119465.40113668286,0.0001226883784974,0.008037907528124721,0,0.0,0.0,0.0,1.0
2024-06-25,119480.00802782664,0.000122268799207,0.007916621514219235,0,0.0,0.0,0.0,1.0
2024-06-26,119362.98375353497,-0.0009794464883566,0.008888314095434113,0,0.0,0.0,0.0,1.0
2024-06-27,119450.74591835582,0.00073525444875,0.008159594819164728,0,0.0,0.0,0.0,1.0
2024-06-28,119465.40113668286,0.0001226883784974,0.008037907528124721,0,0.0,0.0,0.0,1.0
2024-07-01,119362.60921786462,-0.0008604325423111,0.00889142399322651,0,0.0,0.0,0.0,1.0
2024-07-02,119465.36489129542,0.0008608698662346,0.008038208485975473,0,0.0,0.0,0.0,1.0
2024-07-03,119641.5416379113,0.0014747098188347,0.006575352692120839,0,0.0,0.0,0.0,1.0
2024-07-05,119861.76861207906,0.0018407233069117,0.004746732790160579,0,0.0,0.0,0.0,1.0
2024-07-08,119847.06506656873,-0.0001226708539393,0.004868821358335218,0,0.0,0.0,0.0,1.0
2024-07-09,119817.69422093555,-0.0002450693775177,0.005112697536833299,0,0.0,0.0,0.0,1.0
2024-07-10,119861.76861207907,0.000367845429092,0.004746732790160468,0,0.0,0.0,0.0,1.0
2024-07-11,120140.67686853412,0.0023269159105911,0.002430862127622002,0,0.0,0.0,0.0,1.0
2024-07-12,120316.82945155835,0.0014662193323331,0.0009682069723346842,0,0.0,0.0,0.0,1.0
2024-07-15,120316.82945155835,0.0,0.0009682069723346842,0,0.0,0.0,0.0,1.0
2024-07-16,120360.84343372278,0.000365817337151,0.0006027438220800319,0,0.0,0.0,0.0,1.0
2024-07-17,120375.52281564148,0.0001219614411125,0.0004808558924725981,0,0.0,0.0,0.0,1.0
2024-07-18,120316.82945155837,-0.000487585538241,0.0009682069723344622,0,0.0,0.0,0.0,1.0
2024-07-19,120258.087760292,-0.0004882250599034,0.001455959329330847,0,0.0,0.0,0.0,1.0
2024-07-22,120272.7792240065,0.0001221661177899,0.0013339710804398663,0,0.0,0.0,0.0,1.0
2024-07-23,120331.50883347707,0.0004883034203539,0.0008463190427271394,0,0.0,0.0,0.0,1.0
2024-07-24,120390.21427935599,0.0004878642879826,0.0003588676435816174,0,0.0,0.0,0.0,1.0
2024-07-25,120404.89366127469,0.0001219316869445,0.00023697971397429463,0,0.0,0.0,0.0,1.0
2024-07-26,120566.37894417605,0.0013411853786911,0.0,0,0.0,0.0,0.0,1.0
2024-07-29,120581.04624429892,0.0001216533187056,0.0,0,0.0,0.0,0.0,1.0
2024-07-30,120625.12063544242,0.0003655167417788,0.0,0,0.0,0.0,0.0,1.0
2024-07-31,120874.65804626426,0.0020687018550307,0.0,0,0.0,0.0,0.0,1.0
2024-08-01,121083.74560468795,0.0017297882103928,0.0,0,0.0,0.0,0.0,1.0
2024-08-02,121761.30479594876,0.0055957898219707,0.0,0,0.0,0.0,0.0,1.0
2024-08-05,121731.88562313232,-0.000241613481933,0.0002416134819329674,0,0.0,0.0,0.0,1.0
2024-08-06,121584.57228672529,-0.0012101458517047,0.0014514669460847784,0,0.0,0.0,0.0,1.0
2024-08-07,121510.92165941969,-0.0006057563547776,0.002056344065536009,0,0.0,0.0,0.0,1.0
2024-08-08,121451.97457762441,-0.0004851175597244,0.0025404640566454306,0,0.0,0.0,0.0,1.0
2024-08-09,121481.46624121578,0.000242825723451,0.002298255223216805,0,0.0,0.0,0.0,1.0
2024-08-12,121555.10478672558,0.0006061710299378,0.0016934773290145921,0,0.0,0.0,0.0,1.0
2024-08-13,121746.57708684685,0.0015751892975388,0.00012095557883995411,0,0.0,0.0,0.0,1.0
2024-08-14,121731.88562313234,-0.0001206724991046,0.00024161348193263432,0,0.0,0.0,0.0,1.0
2024-08-15,121437.29519570575,-0.0024199939557218,0.0026610227344885384,0,0.0,0.0,0.0,1.0
2024-08-16,121569.85665941921,0.0010916042184554,0.0015723232996753822,0,0.0,0.0,0.0,1.0
2024-08-19,121610.95563084925,0.0043554907289685,0.0012347860870206562,5,0.2010366502116528,0.6001568541662339,0.19880649562211347,0.0
2024-08-20,122241.50546556695,0.005184975575981457,0.0,5,0.1996744453221296,0.6018186946682987,0.19850686000957168,0.0
2024-08-21,122337.77118630741,0.0007875043781064417,0.0,5,0.20020300239557748,0.6017108635870653,0.19808613401735736,0.0
2024-08-22,121124.65604028357,-0.009916112859178892,0.009916112859178927,5,0.2006210654328778,0.601704724448268,0.19767421011885428,0.0
2024-08-23,122136.65108461627,0.00835498797202876,0.0016439738908178292,5,0.20107275866154412,0.6006260212641863,0.19830122007426965,0.0
2024-08-26,121876.09735401625,-0.00133186156941118,0.0037737636366456107,2,0.3995787047359293,0.399515849406141,0.2009054458579298,0.0
2024-08-27,121924.88907980126,0.00040033876079311034,0.0033749356597102542,2,0.39996727665433385,0.3986641080711829,0.20136861527448327,0.0
2024-08-28,121409.72577275684,-0.004225251389872106,0.007585927097995437,2,0.3993325843653613,0.3998653506887306,0.20080206494590816,0.0
2024-08-29,121381.52402786663,-0.00023228571443269865,0.007816450709932532,2,0.399461080633533,0.3986502094089558,0.20188870995751113,0.0
2024-08-30,121153.77943184368,-0.0018762706914988627,0.009678055624052773,2,0.4040324397402095,0.395140705426979,0.20082685483281157,0.0
2024-09-03,120353.67135127794,-0.0058054264565489,0.016218211397753035,1,0.5910840107774195,0.4089159892225805,0.0,0.0
2024-09-04,120842.44841441578,0.004061172855385877,0.01222290350225863,1,0.5874883367254494,0.4125116632745507,0.0,0.0
2024-09-05,120951.71481788269,0.0009042054749850068,0.011329750043540532,1,0.5855300193887361,0.414469980611264,0.0,0.0
2024-09-06,119754.75483711173,-0.009896180327606176,0.021113809121649063,1,0.5814293583910267,0.41857064160897334,0.0,0.0
2024-09-09,120750.84161239138,0.008317722136665888,0.012971705782503617,1,0.5830892822357997,0.41691071776420024,0.0,0.0
2024-09-10,120441.75927653651,0.0014461142158308,0.015498172734269233,0,0.0,0.0,0.0,1.0
2024-09-11,120340.29546777632,-0.0008424304773499,0.01632754707856454,0,0.0,0.0,0.0,1.0
2024-09-12,120354.77506304724,0.0001203220850891,0.016209189557984227,0,0.0,0.0,0.0,1.0
2024-09-13,120528.73164092984,0.0014453649869019,0.014787252766135461,0,0.0,0.0,0.0,1.0
2024-09-16,120601.21256095625,0.0006013580250918,0.014194787174163559,0,0.0,0.0,0.0,1.0
2024-09-17,119647.23063661155,-0.0039259220357614,0.021992721655836323,5,0.2008703257519911,0.5994519372914229,0.19967773695658597,0.0
2024-09-18,118502.67747861435,-0.009566064771473067,0.031348402627448646,5,0.20220892310942612,0.5977392393817363,0.20005183750883762,0.0
2024-09-19,119045.27936338882,0.004578815401638308,0.026913125774577606,5,0.20472210841764285,0.5930430928342374,0.20223479874811987,0.0
2024-09-20,119038.8751961549,-5.379606203774649e-05,0.026965474016431457,5,0.20437921998655903,0.5908044251714084,0.20481635484203262,0.0
2024-09-23,118997.63376605188,-0.00034645345930107594,0.02730258519397788,5,0.2049609311937371,0.5897541652364582,0.20528490356980472,0.0
2024-09-24,119003.9342164348,0.00163568693018852,0.027251084743039167,1,0.6007341482911318,0.39926585170886814,0.0,0.0
2024-09-25,118451.32130804882,-0.004643652430691415,0.0317681926078246,1,0.6022056839013376,0.3977943160986625,0.0,0.0
2024-09-26,118844.90361065895,0.003322734590579748,0.028551015289703052,1,0.602590993384456,0.39740900661554407,0.0,0.0
2024-09-27,118986.67572373837,0.0011929170605740772,0.027392157222364877,1,0.6010001182451633,0.39899988175483664,0.0,0.0
2024-09-30,119046.87644241014,0.0005059450422124116,0.026900071106294554,1,0.6031034384077473,0.39689656159225273,0.0,0.0
2024-10-01,118749.32013693318,-0.0024871056782114994,0.029332323243893343,1,0.5961074199969622,0.4038925800030378,0.0,0.0
2024-10-02,118374.99629082409,-0.003152218856305499,0.03239208019777018,1,0.5982447543695643,0.40175524563043574,0.0,0.0
2024-10-03,117797.5351097571,-0.004878236106958626,0.03711230008952848,1,0.6000785120367862,0.3999214879632137,0.0,0.0
2024-10-04,117860.38941589853,0.0005335791286539173,0.03659852330961877,1,0.605208555574302,0.39479144442569813,0.0,0.0
2024-10-07,116864.91684082281,-0.008446201306555589,0.04473560612077865,1,0.6048459589317362,0.39515404106826374,0.0,0.0
2024-10-08,116842.44553048337,0.0014294141209332798,0.044919288642713995,5,0.20160331371195456,0.6001544416649163,0.19824224462312912,0.0
2024-10-09,116480.81135444198,-0.0030950582590043214,0.04787531908641618,5,0.2036299623759456,0.598595332897719,0.1977747047263353,0.0
2024-10-10,116335.32062975715,-0.0012490531529877771,0.04906457342114867,5,0.20352784150041217,0.5969960591157404,0.19947609938384755,0.0
2024-10-11,116449.85239581551,0.0009844969304108875,0.04812838041266276,5,0.20454523962137947,0.5940000284305258,0.2014547319480947,0.0
2024-10-14,116658.10065484645,0.001788308484265718,0.046426140319422826,5,0.2058499802870966,0.5933825927780214,0.20076742693488211,0.0
2024-10-15,117405.5916413398,0.00643417599790694,0.040316081428820816,5,0.197177363203192,0.6034120080136229,0.19941062878318502,0.0
2024-10-16,117921.86684590632,0.00439736470255765,0.036096001239683706,5,0.19716733977273226,0.6033020661980365,0.1995305940292312,0.0
2024-10-17,116937.67065309275,-0.008346172081041294,0.04414090988294106,5,0.1988438610234,0.5987413046905163,0.20241483428608367,0.0
2024-10-18,117330.69756212861,0.003360994851708758,0.04092827240209862,5,0.19894010814215624,0.5971810152681372,0.2038788765897066,0.0
2024-10-21,116063.45391328444,-0.010800614631760406,0.05128683653610011,5,0.20078196140205098,0.5931541171601067,0.20606392143784238,0.0
2024-10-22,116366.29599476949,0.00263673601416194,0.04881137798762081,5,0.19936808306125345,0.5990060863021048,0.2016258306366418,0.0
2024-10-23,115682.8058727502,-0.005873608987691896,0.05439828802686286,5,0.19871352823745103,0.6009134315689163,0.2003730401936326,0.0
2024-10-24,116356.30979009345,0.0058219880842457035,0.048893006127313066,5,0.19799060741527785,0.6012635704115842,0.2007458221731378,0.0
2024-10-25,116003.78685701407,-0.0030296847134060677,0.05177456044746276,5,0.19852372738729435,0.59970622087752,0.2017700517351856,0.0
2024-10-28,115887.1317663686,-0.0010056145045441356,0.052728109703054526,5,0.1993378638358898,0.5986810086264611,0.20198112753764896,0.0
2024-10-29,116282.19294514548,0.0034169683852030602,0.04949884391746784,5,0.19964150720706464,0.5988680077236929,0.20149048506924258,0.0
2024-10-30,116545.2775456541,0.0022624667960358482,0.047348366612237514,5,0.19858827188989794,0.5992691991083388,0.20214252900176324,0.0
2024-10-31,115840.008429771,-0.006051460262787759,0.05311330011596338,5,0.19588065060336307,0.60389741756803,0.20022193182860692,0.0
2024-11-01,114854.38890451,-0.008508455227353837,0.061169843207303676,5,0.19839542084005274,0.6004928830929075,0.20111169606703977,0.0
2024-11-04,115908.75401872613,0.009180015881611174,0.052551367457811304,5,0.19616725822331155,0.604266300744298,0.19956644103239038,0.0
2024-11-05,115416.99001831208,-0.000243656765935,0.056571090848595906,0,0.0,0.0,0.0,1.0
2024-11-06,115276.39076055183,-0.0012181851020195,0.05772036189053864,0,0.0,0.0,0.0,1.0
2024-11-07,115473.24798699043,0.0017076976919541,0.05611123312736366,0,0.0,0.0,0.0,1.0
2024-11-08,115388.90669790853,-0.0007303967849886,0.05680064644807448,0,0.0,0.0,0.0,1.0
2024-11-11,115304.51974489103,-0.0007313263937792,0.057490433029922405,0,0.0,0.0,0.0,1.0
2024-11-12,115192.07230343777,-0.0009752214544759,0.05840958858068046,0,0.0,0.0,0.0,1.0
2024-11-13,115360.78912955328,0.0014646565752465,0.05703048199340599,0,0.0,0.0,0.0,1.0
2024-11-14,115192.07230343777,-0.0014625144937768,0.05840958858068046,0,0.0,0.0,0.0,1.0
2024-11-15,115318.59565304454,0.0010983685515568,0.0573753752843299,0,0.0,0.0,0.0,1.0
2024-11-18,115402.94835811036,0.0007314753061995,0.05668586864833469,0,0.0,0.0,0.0,1.0
2024-11-19,115582.87518688585,0.005581443903316221,0.055215130486026,5,0.1996169230015715,0.5997112505154768,0.20067182648295165,0.0
2024-11-20,115499.69690450236,-0.0007196419214266211,0.055895037284857785,5,0.1998283846986103,0.5982242661420609,0.20194734915932866,0.0
2024-11-21,115764.61194743753,0.0022936427543547313,0.05372959777777586,5,0.20044135083041148,0.5963931490901799,0.20316550007940873,0.0
2024-11-22,116177.97182891116,0.0035706929304209416,0.0503507567422945,5,0.20034724019791056,0.5946001871119937,0.20505257269009575,0.0
2024-11-25,117343.47622756587,0.010032060125572458,0.04082381843572869,5,0.19903015658871484,0.6039345549046127,0.19703528850667237,0.0
2024-11-26,117236.3042757225,-0.0008975942718474797,0.041699851657554854,5,0.20122489444909333,0.5982074152893239,0.20056769026158283,0.0
2024-11-27,117703.01103484812,0.00398090644368989,0.037884948422029385,5,0.19981972247796684,0.5999638254584496,0.20021645206358368,0.0
2024-11-29,118781.24155322499,0.009160602680399088,0.029071394701691955,5,0.19923589168944167,0.6006540092802536,0.2001100990303046,0.0
2024-12-02,118786.9934888784,4.842461299619774e-05,0.02902437785973344,5,0.1995833434821815,0.6020680069734254,0.19834864954439296,0.0
2024-12-03,118228.27001033354,-0.00470357454241973,0.03359143407734266,5,0.2006195476631497,0.5996933280843307,0.19968712425251955,0.0
2024-12-04,119208.82677403462,0.008296257625588981,0.025576274456625026,5,0.1995860639620318,0.6014577915077343,0.198956144530234,0.0
2024-12-05,119139.04283864867,-0.0005853923511739171,0.026146694652360525,5,0.19937435040019783,0.603025651293314,0.1975999983064882,0.0
2024-12-06,119299.51016260746,0.0013468911629256246,0.02483502024140194,5,0.19948360007142998,0.6031090634257595,0.19740733650281034,0.0
2024-12-09,118747.4061679301,-0.00462788148857312,0.02934796819953156,5,0.19937900671934028,0.6003284950574506,0.20029249822320905,0.0
2024-12-10,118651.50256461668,-0.0008076269318909571,0.03013189292190832,5,0.1989197920909684,0.5979869730779953,0.2030932348310364,0.0
2024-12-11,118386.66014617933,-0.0022197578931387797,0.03229673878978023,5,0.20199450630143306,0.5956495500263392,0.2023559436722277,0.0
2024-12-12,117055.56237502489,-0.01124364661956724,0.04317725229143066,5,0.20323884706959866,0.5951051518781153,0.20165600105228612,0.0
2024-12-13,116054.12898660662,-0.008555196934681854,0.0513630593296609,5,0.20495192612467183,0.5941113590034149,0.20093671487191314,0.0
2024-12-16,116418.52315666145,0.0031398639000330205,0.04838446844541222,5,0.2051828150816902,0.59402562388844,0.20079156102986964,0.0
2024-12-17,116398.62745331237,-0.0001708980908675613,0.048547097722994814,5,0.20437236950361265,0.5955726439019848,0.20005498659440255,0.0
2024-12-18,114382.87603757654,-0.0173002531818924,0.06502403200248275,5,0.1974553350579164,0.6029282662734005,0.19961639866868322,0.0
2024-12-19,113364.16813890178,-0.008906122436894336,0.07335104244902246,5,0.19916852636885032,0.5991350678655111,0.20169640576563858,0.0
2024-12-20,114260.68051651808,0.007908251719519076,0.06602286923707945,5,0.1999792557223598,0.5978188899812383,0.20220185429640183,0.0
2024-12-23,113662.17919077179,-0.005238033967947288,0.07091507317330159,5,0.20223607155293072,0.5954544976368933,0.20230943081017588,0.0
2024-12-24,114249.69057212217,0.0051689258954316355,0.06611270203597175,5,0.20343241838069018,0.5948975649447487,0.20167001667456116,0.0
2024-12-26,114364.14349869928,0.0010222094790096302,0.06517715346853215,5,0.19980907163194087,0.599046304336624,0.20114462403143504,0.0
2024-12-27,113403.87516687832,-0.008396585699361952,0.07302647361315506,5,0.19937987482041372,0.5991659387263728,0.2014541864532135,0.0
2024-12-30,113619.03708473184,0.001897306573844168,0.07126772064776188,5,0.19673139519177502,0.6028372726631591,0.20043133214506592,0.0
2024-12-31,113313.03476936369,-0.0026932310220157346,0.07376901123366064,5,0.19654500080490547,0.6012296112785841,0.20222538791651049,0.0
2025-01-02,113756.9227546889,0.003917360312771525,0.07014063071780818,5,0.19529701653409204,0.6005296353614464,0.20417334810446167,0.0
2025-01-03,113642.07083582068,-0.00099083245925328,0.07107944068430105,5,0.2027015456856774,0.5986744592073898,0.19862399510693277,0.0
2025-01-06,113442.9937883788,-0.0017517900367152975,0.07270671446501031,5,0.20422699414146483,0.5970456058939991,0.19872739996453612,0.0
2025-01-07,112544.27177516383,-0.007922234623774803,0.08005294943806951,5,0.20353082184468338,0.5950263831778678,0.20144279497744888,0.0
2025-01-08,112784.00823792226,0.002130152507782638,0.07809332192128782,5,0.20339492051926095,0.5945219466592728,0.20208313282146623,0.0
2025-01-10,112207.35697862381,-0.005112881412070195,0.08280692143929991,5,0.20131892299424084,0.5936179072853616,0.20506316972039765,0.0
2025-01-13,111992.33532745184,-0.0018908082502631,0.08456452785215918,5,0.20068958246608828,0.6009255609314613,0.19838485660245048,0.0
2025-01-14,112029.59803734724,0.0003327255368544247,0.08425993909323326,5,0.20089885571419822,0.599741213754383,0.1993599305314187,0.0
2025-01-15,113764.28836336709,0.015484214496972072,0.07008042356668265,5,0.2014341619241053,0.6007755298396956,0.1977903082361992,0.0
2025-01-16,114096.28986112973,0.0029183279088619537,0.06736661331378013,5,0.2004617493325409,0.6009605352496252,0.19857771541783398,0.0
2025-01-17,114323.84000102241,0.0019943693188414595,0.06550659790164581,5,0.2020713395902277,0.6007980018307272,0.19713065857904516,0.0
2025-01-21,115499.52932005287,0.0102954463790681,0.05589640713529609,5,0.1997739755797703,0.5991986471998677,0.20102737722036182,0.0
2025-01-22,115386.57973542438,-0.00097792246681374,0.056819667249758066,5,0.2010936459544997,0.5966487778047002,0.20225757624080007,0.0
2025-01-23,114945.23964618184,-0.0038248823238761632,0.06042722103272202,5,0.20296753319043265,0.5942855757360971,0.20274689107347021,0.0
2025-01-24,115328.86484471658,0.003337460513506945,0.05729143398335268,5,0.20170184517870812,0.5949690434055657,0.20332911141572638,0.0
2025-01-27,115566.15381650433,0.0020574985465022645,0.05535181247899823,5,0.1984404095823202,0.6007592252710252,0.20080036514665453,0.0
2025-01-28,115916.95929554533,0.0030417955764643805,0.05248429678340194,5,0.20110675830869068,0.5977737225981132,0.20111951909319623,0.0
2025-01-29,115581.48812045429,-0.0028940646574044534,0.05522646849241697,5,0.200786312538913,0.598285049256023,0.200928638205064,0.0
2025-01-30,116317.08470258057,0.0063643113969917425,0.049213635538266964,5,0.20058734884600185,0.5967307750461428,0.20268187610785526,0.0
2025-01-31,115783.77437218775,-0.0045849698843164755,0.05357296238574283,5,0.20043884688790234,0.5955432809253102,0.20401787218678757,0.0
2025-02-03,116315.10665765523,0.004589004705957305,0.04922980425628565,5,0.19818051112853444,0.5976496542601145,0.20416983461135105,0.0
2025-02-04,116912.04744854494,0.005148865493333101,0.044350356273040736,5,0.20031032381344413,0.598754580551812,0.20093509563474385,0.0
2025-02-05,118308.62602962436,0.011945548910980042,0.03293459671213961,5,0.19874830888152584,0.601455555001792,0.19979613611668204,0.0
2025-02-06,118296.03886203263,-0.00010639264451079592,0.03303748535781037,5,0.19946030541466153,0.6012518666762483,0.19928782790909016,0.0
2025-02-07,117662.98008676771,-0.005351479063497965,0.03821216501010538,5,0.19869787040674353,0.600584604707521,0.20071752488573552,0.0
2025-02-10,118008.06795027599,0.0029328499350755647,0.03539138562069877,5,0.19946227927670537,0.5970172892741785,0.20352043144911602,0.0
2025-02-11,117507.37005564132,-0.0002438879503472,0.03948413547039287,0,0.0,0.0,0.0,1.0
2025-02-12,117349.72065160933,-0.0013416129044276,0.040772775949153184,0,0.0,0.0,0.0,1.0
2025-02-13,117507.37005564132,0.0013434152476599,0.03948413547039287,0,0.0,0.0,0.0,1.0
2025-02-14,117665.01945967333,0.0013416129044276,0.03819549499163233,0,0.0,0.0,0.0,1.0
2025-02-18,117564.70130130845,-0.0008525741875159,0.03901550468603909,0,0.0,0.0,0.0,1.0
2025-02-19,117318.35766574214,0.00191226128982476,0.0410291398305862,1,0.6002650268143488,0.39973497318565115,0.0,0.0
2025-02-20,117200.83100449842,-0.001001775541203603,0.04198981338303087,1,0.5983672067180984,0.4016327932819016,0.0,0.0
2025-02-21,116570.21848360762,-0.005380614757472212,0.04714449713095081,1,0.5913144263293424,0.4086855736706577,0.0,0.0
2025-02-24,116394.76760574701,-0.0015051089389978474,0.04857864846589233,1,0.5895109226319096,0.4104890773680903,0.0,0.0
2025-02-25,116877.56003612297,0.0041478877470787585,0.04463225949955485,1,0.5841561020548445,0.4158438979451556,0.0,0.0
2025-02-26,116961.78118784988,0.0015853373342620402,0.043943828192443246,3,0.7991370198723694,0.20086298012763068,0.0,0.0
2025-02-27,115303.76162117251,-0.014175738004660328,0.05749663000172567,3,0.7976889294506033,0.2023110705493967,0.0,0.0
2025-02-28,117025.25708731935,0.014930089373864235,0.04342497045248328,3,0.7982199321814092,0.20178006781859079,0.0,0.0
2025-03-03,115498.8800350076,-0.013043142055845437,0.05590171444994607,3,0.7945992071328883,0.2054007928671116,0.0,0.0
2025-03-04,114120.39446744639,-0.011935055709141117,0.06716958008289065,3,0.7946781694345173,0.20532183056548264,0.0,0.0
2025-03-05,114916.9469260587,0.007001367183308639,0.06065848828443654,3,0.802976339496608,0.19702366050339212,0.0,0.0
2025-03-06,113204.05194928478,-0.014905503692819582,0.07465984665613157,3,0.8006566863506343,0.1993433136493657,0.0,0.0
2025-03-07,113639.68612682298,0.0038482207132778156,0.07109893351120611,3,0.8020578672558373,0.1979421327441628,0.0,0.0
2025-03-10,111446.62523182952,-0.019298371631772938,0.08902521150145715,3,0.7960572543216125,0.2039427456783875,0.0,0.0
2025-03-11,110546.86319889502,-0.008073479399334258,0.09637994768971303,3,0.7958651183661001,0.20413488163389998,0.0,0.0
2025-03-12,110548.02089681238,0.0007945554390886597,0.09637048456229025,1,0.6027050102286965,0.39729498977130356,0.0,0.0
2025-03-13,110045.95060224088,-0.004541648873480557,0.1004744525331216,1,0.5973837296575675,0.4026162703424325,0.0,0.0
2025-03-14,111169.25861116138,0.01020762693014196,0.09129243133044795,1,0.6035622931861653,0.3964377068138347,0.0,0.0
2025-03-17,111906.61208969895,0.006632710227173656,0.08526523734622338,1,0.6042089558070475,0.3957910441929525,0.0,0.0
2025-03-18,111219.78957075767,-0.006137461461086374,0.09087938669912698,1,0.6013693170489294,0.3986306829510705,0.0,0.0
2025-03-19,112214.83696996332,0.009748944284001321,0.08274577931396132,3,0.8009047014844504,0.1990952985155497,0.0,0.0
2025-03-20,111969.65608763564,-0.0021849239276024576,0.08474991000843257,3,0.800337402548972,0.19966259745102805,0.0,0.0
2025-03-21,111866.89744632483,-0.0009177365091698042,0.08558986843103877,3,0.8013368434964749,0.1986631565035251,0.0,0.0
2025-03-24,113244.38725127836,0.012313649849942961,0.07433014225165824,3,0.8057655714920837,0.19423442850791636,0.0,0.0
2025-03-25,113461.3042093007,0.0019154764601358152,0.07255704342928393,3,0.8061584844776204,0.19384151552237966,0.0,0.0
2025-03-26,112225.73579863862,-0.010865411686759701,0.08265669130320541,3,0.7991321460532764,0.20086785394672357,0.0,0.0
2025-03-27,111921.82779678177,-0.002708006320423156,0.08514086278115418,3,0.7991739430074285,0.20082605699257147,0.0,0.0
2025-03-28,110431.52181264681,-0.013315597265270953,0.09732275860681361,3,0.7936479891513157,0.20635201084868432,0.0,0.0
2025-03-31,111244.85314359551,0.007365028730913878,0.09067451478921063,3,0.7931341341833495,0.20686586581665045,0.0,0.0
2025-04-01,111693.470566844,0.004032702732497712,0.08700747542027121,3,0.7921796710091292,0.20782032899087077,0.0,0.0
2025-04-02,111571.83458703369,0.0012827411076109,0.08800173891412766,5,0.201007818666611,0.5988385942497751,0.20015358708361394,0.0
2025-04-03,110638.68940560073,-0.008363626760166342,0.0956293519757706,5,0.19271379958098897,0.6066632609683311,0.2006229394506799,0.0
2025-04-04,109601.98564692492,-0.009370173889852083,0.10410346220863576,5,0.18314789579204782,0.619068926500219,0.1977831777077332,0.0
2025-04-07,107054.34810801684,-0.023244446931053875,0.12492808173704206,5,0.18717238218227866,0.6146883330670931,0.19813928475062823,0.0
2025-04-08,105613.68615579915,-0.013457295081224313,0.13670418275839968,5,0.18675395016013835,0.6113106311647399,0.20193541867512174,0.0
2025-04-09,105127.57599475149,-0.0006051399491241,0.14067769115514306,0,0.0,0.0,0.0,1.0
2025-04-10,105114.87744577942,-0.0001207917984593,0.1407814902422846,0,0.0,0.0,0.0,1.0
2025-04-11,104923.90102953327,-0.0018168352652522,0.14234254873136987,0,0.0,0.0,0.0,1.0
2025-04-14,105153.02392755942,0.0021837054834785,0.14046967745208827,0,0.0,0.0,0.0,1.0
2025-04-15,105153.02392755942,0.0,0.14046967745208827,0,0.0,0.0,0.0,1.0
2025-04-16,102986.88978784608,-0.01666649333737858,0.1581758537107235,3,0.7954754150944512,0.20452458490554887,0.0,0.0
2025-04-17,102917.73228999594,-0.0006715174911351405,0.15874115334941663,3,0.7971456307151882,0.20285436928481176,0.0,0.0
2025-04-21,100600.01712304042,-0.02252007613639199,0.17768636662640103,3,0.7960996310352225,0.20390036896477748,0.0,0.0
2025-04-22,102798.21820739727,0.02185090169187834,0.1597180722636632,3,0.799346024453815,0.20065397554618494,0.0,0.0
2025-04-23,104271.83835693849,0.014335074821707183,0.14767256795823447,3,0.8002602947097082,0.19973970529029175,0.0,0.0
2025-04-24,105419.7824844617,0.01344246534889512,0.13828916889520093,5,0.2015011341823614,0.5982790582395282,0.2002198075781104,0.0
2025-04-25,105809.02671811607,0.003692326283368547,0.13510745134484925,5,0.2022104157736139,0.6004690673978159,0.1973205168285702,0.0
2025-04-28,106514.8007625495,0.006670263079856769,0.12933839050951168,5,0.20094716536857138,0.6002481382178435,0.19880469641358506,0.0
2025-04-29,106979.47128758623,0.004362497246486981,0.1255401316354875,5,0.20133468767821897,0.6026518681397106,0.19601344418207023,0.0
2025-04-30,106309.3630496468,-0.00626389558551881,0.13101765694464917,5,0.20268417584657855,0.6015426934329257,0.19577313072049587,0.0
2025-05-01,105693.17203043467,-0.005779396719960759,0.13605445803426308,5,0.20258821125781717,0.6004277976185108,0.19698399112367201,0.0
2025-05-02,105360.48853607476,-0.0031476346860334794,0.13877384298899853,5,0.20624466363070823,0.5958038990391399,0.1979514373301519,0.0
2025-05-05,105508.17639993971,0.0014017386016047689,0.1375666290400045,5,0.20477492642859602,0.591646635009176,0.20357843856222804,0.0
2025-05-06,106137.05126077244,0.005960437212457601,0.1324261490824694,5,0.20186019816990924,0.590096310710204,0.20804349111988674,0.0
2025-05-07,106160.83633623547,0.00022409776021187712,0.1322317277256604,5,0.20266368786601782,0.5924579425095293,0.20487836962445274,0.0
2025-05-08,106261.38823394594,0.00334450207014964,0.13140980742471475,3,0.8028890342589876,0.19711096574101233,0.0,0.0
2025-05-09,106184.00508894613,-0.0007282338983699384,0.13204234424673977,3,0.8024503475660817,0.19754965243391825,0.0,0.0
2025-05-12,108804.70196992176,0.024680712304837104,0.11062053105231273,3,0.8090025105688101,0.19099748943118977,0.0,0.0
2025-05-13,109301.64311630582,0.004567276389594121,0.10655848920239819,3,0.8106425361483437,0.18935746385165628,0.0,0.0
2025-05-14,109277.5353749927,-0.00022056156363043196,0.10675554805903209,3,0.8118576690104797,0.18814233098952024,0.0,0.0
2025-05-15,109052.08022730511,0.0019446358589496,0.1085984388155119,0,0.0,0.0,0.0,1.0
2025-05-16,109025.64705759505,-0.0002423903299686,0.10881450593406194,0,0.0,0.0,0.0,1.0
2025-05-19,109065.33368585246,0.0003640118571039,0.10849010384734281,0,0.0,0.0,0.0,1.0
2025-05-20,109078.56607371847,0.0001213253324299,0.1083819411128275,0,0.0,0.0,0.0,1.0
2025-05-21,109012.41466972903,-0.0006064564870126,0.10892266866857725,0,0.0,0.0,0.0,1.0
2025-05-22,108724.42936956507,0.00136368866741748,0.11127668654360778,3,0.7992257863700353,0.20077421362996464,0.0,0.0
2025-05-23,108167.51125000758,-0.005122290572475487,0.1158289855936645,3,0.7978574166484281,0.20214258335157184,0.0,0.0
2025-05-27,110266.94864159338,0.019409130961082842,0.09866799458305853,3,0.7989386271590125,0.20106137284098746,0.0,0.0
2025-05-28,109661.5726335845,-0.005490094860397053,0.10361639279350943,3,0.7987012683665099,0.20129873163349016,0.0,0.0
2025-05-29,110211.61692255657,0.005015834405457196,0.09912028105599535,3,0.7978522013298066,0.20214779867019333,0.0,0.0
2025-05-30,110145.3311245804,-0.00059285501554216,0.09966210716034063,3,0.799579397653026,0.20042060234697404,0.0,0.0
2025-06-02,110435.9641678288,0.002638632434811673,0.09728644639400386,3,0.8019671844055821,0.19803281559441793,0.0,0.0
2025-06-03,110902.49752142398,0.004224469420905297,0.09347296059095866,3,0.8031475758282781,0.19685242417172194,0.0,0.0
2025-06-04,111232.9903425245,0.00298003046357612,0.09077148239746424,3,0.8005463515976597,0.1994536484023404,0.0,0.0
2025-06-05,110818.04526222683,-0.003730413782996475,0.09416328099142213,3,0.7996604879644198,0.20033951203558015,0.0,0.0
2025-06-06,111446.27816908713,0.0056704145519798,0.08902804842368506,3,0.8036581499109394,0.19634185008906055,0.0,0.0
2025-06-09,111550.06934105966,0.000931311244105036,0.0881796500021177,3,0.8036339963851056,0.19636600361489437,0.0,0.0
2025-06-10,112171.15474039421,0.005567772418281659,0.0831028418069717,3,0.8037156349776152,0.19628436502238478,0.0,0.0
2025-06-11,111980.68106906157,-0.0016980628555842024,0.0846597908136899,3,0.8027864754628619,0.19721352453713814,0.0,0.0
2025-06-12,112602.01610977258,0.005548591371111692,0.0795809420273671,3,0.8015296097133667,0.1984703902866333,0.0,0.0
2025-06-13,111377.19416356896,-0.0108713904934759,0.08959274732941358,3,0.7997502676158095,0.2002497323841905,0.0,0.0
2025-06-16,111999.91547718037,0.00559110254381946,0.08450256702309522,3,0.8028704362405298,0.1971295637594701,0.0,0.0
2025-06-17,111500.20199697194,-0.004461730868986702,0.08858727018028634,3,0.7995772693368618,0.20042273066313823,0.0,0.0
2025-06-18,111525.51157284855,0.0002269913006731328,0.08838038741929455,3,0.7992753340278861,0.20072466597211389,0.0,0.0
2025-06-20,111274.83774170344,-0.0022476815179760627,0.09042941797391668,3,0.7991945913970658,0.20080540860293414,0.0,0.0
2025-06-23,112225.81592015747,0.008549459603594801,0.08265603638266794,3,0.8010534147816725,0.1989465852183276,0.0,0.0
2025-06-24,113381.05227511436,0.010293855700534814,0.07321302999343449,3,0.8016507240071888,0.19834927599281107,0.0,0.0
2025-06-25,113460.29253466851,0.0006988844958139658,0.07256531294917445,3,0.801539772864517,0.19846022713548286,0.0,0.0
2025-06-26,114285.02977882016,0.007268950447132313,0.06582383616605036,3,0.8019813051700817,0.19801869482991824,0.0,0.0
2025-06-27,114596.30466315485,0.002723671551183172,0.06327944712482236,3,0.8037765833538165,0.19622341664618348,0.0,0.0
2025-06-30,115258.43937471724,0.00579316996503884,0.057867098141007434,3,0.7991951504082891,0.2008048495917108,0.0,0.0
2025-07-01,115286.00818372492,0.00023919123976726126,0.05764174820418633,3,0.7987453867439601,0.20125461325603988,0.0,0.0
2025-07-02,115556.03703915689,0.002342251758787785,0.05543450793150928,3,0.8004913594174252,0.19950864058257478,0.0,0.0
2025-07-03,116124.50411510174,0.004919406121137806,0.05078780666801197,3,0.8028508030575704,0.19714919694242955,0.0,0.0
2025-07-07,115211.26651343086,-0.007864297106196287,0.05825269337319905,3,0.8031844626618326,0.1968155373381673,0.0,0.0
2025-07-08,115129.89000154672,-0.0006935952383661601,0.05891787233710388,3,0.8001167689450672,0.1998832310549328,0.0,0.0
2025-07-09,115923.03017064855,0.006889089958230265,0.05243467290155135,3,0.7994076031396247,0.20059239686037536,0.0,0.0
2025-07-10,116200.43340509394,0.0023929950246902713,0.05016715378823566,3,0.7997483452364331,0.20025165476356685,0.0,0.0
2025-07-11,115552.74767574677,-0.005573866726376364,0.05546139548535478,3,0.8014038212119231,0.19859617878807692,0.0,0.0
2025-07-14,115681.299383066,0.0011124937303955502,0.05441060220971583,3,0.8020407026947368,0.19795929730526315,0.0,0.0
2025-07-15,114967.42055807092,-0.00536725715812436,0.06024591225396958,1,0.6006600285318977,0.39933997146810235,0.0,0.0
2025-07-16,115263.09111957811,0.0025717769440416847,0.057829074358035415,1,0.6011221874553999,0.39887781254460003,0.0,0.0
2025-07-17,115676.30570921897,0.0035849688363137153,0.054451420951128315,1,0.6026404497588381,0.39735955024116193,0.0,0.0
2025-07-18,115695.46117034371,0.00016559537415450769,0.054294842480399286,1,0.602099351265411,0.39790064873458897,0.0,0.0
2025-07-21,116237.98868822484,0.004689272270433697,0.04986017350923655,1,0.600425459573887,0.3995745404261129,0.0,0.0
2025-07-22,116528.90916040115,0.00250450639381578,0.04748216327286181,1,0.5985866941728776,0.40141330582712237,0.0,0.0
2025-07-23,116862.82947806308,0.002865557740717346,0.044752668412657015,1,0.6019542808095455,0.39804571919045456,0.0,0.0
2025-07-24,116805.01089905585,-0.0004947559396385887,0.045225282703783676,1,0.6024516120384952,0.39754838796150477,0.0,0.0
2025-07-25,117394.2295329466,0.005044463669456483,0.04040895632986741,1,0.6019600059875889,0.39803999401241097,0.0,0.0
2025-07-28,117073.73362236732,-0.002730082320522775,0.043028718873123206,1,0.6034563580222319,0.39654364197776815,0.0,0.0
2025-07-29,118071.64621017495,0.010154007933235001,0.03487169117733557,5,0.1974673631130671,0.6039984765111301,0.19853416037580274,0.0
2025-07-30,117269.86078121698,-0.006790668671890441,0.04142555774841228,5,0.19856712058093112,0.604994147984903,0.196438731434166,0.0
2025-07-31,117376.4393897091,0.0009088320543927361,0.04055437456877253,5,0.19764263882310573,0.604792768522883,0.19756459265401133,0.0
2025-08-01,118476.1370830239,0.009368981535243254,0.03156534622003737,5,0.1925987014788074,0.6076972296234673,0.19970406889772532,0.0
2025-08-04,119157.50954466642,0.005751136713421411,0.025995746128133934,5,0.19440810811861123,0.6058735081358801,0.19971838374550857,0.0
2025-08-05,119272.26274748471,0.0009865551531433598,0.025057743075556416,5,0.19878987799812567,0.6012465788245095,0.19996354317736487,0.0
2025-08-06,118989.22799542887,-0.0023730140230093285,0.027371294722862483,5,0.200789035846214,0.5991969289373746,0.20001403521641137,0.0
2025-08-07,119048.25423029785,0.0004960636846156954,0.026888808943559828,5,0.20052137626195954,0.5978768798975294,0.201601743840511,0.0
2025-08-08,118920.52466376287,-0.0010729226342781654,0.027932881966113543,5,0.202302007090507,0.5959248361715002,0.20177315673799287,0.0
2025-08-11,118609.2194884798,-0.002617758172218519,0.03047751860829173,5,0.2024318919317402,0.5981734130535047,0.19939469501475515,0.0
2025-08-12,118220.5931551463,0.0007263783174116,0.0336541853855673,0,0.0,0.0,0.0,1.0
2025-08-13,118377.86175150819,0.0013302978116129,0.032368657663124356,0,0.0,0.0,0.0,1.0
2025-08-14,118249.17412093437,-0.0010870920345221,0.03342056198773258,0,0.0,0.0,0.0,1.0
2025-08-15,118206.29703498098,-0.000362599453841,0.033771043164049774,0,0.0,0.0,0.0,1.0
2025-08-18,118206.29703498098,0.0,0.033771043164049774,0,0.0,0.0,0.0,1.0
2025-08-19,117886.83896200867,0.0013026636585313997,0.03638232232889416,5,0.1986561975852331,0.6026972279777668,0.1986465744370001,0.0
2025-08-20,118217.4436732497,0.002804424261028656,0.03367992953527732,5,0.19757426993987165,0.6023295746896729,0.2000961553704554,0.0
2025-08-21,117689.07273192445,-0.004469483731907241,0.03799888137003482,5,0.19766510049742925,0.6020378323207228,0.20029706718184795,0.0
2025-08-22,118823.50176051419,0.009639204407479571,0.028725955947336623,5,0.19878450515869367,0.6007067069345535,0.2005087879067528,0.0
2025-08-25,118457.00309449536,-0.003084395431785101,0.03172174917182402,5,0.1985219327752307,0.6008346115720634,0.2006434556527059,0.0
2025-08-26,118686.6050491508,0.0019441962898909802,0.02984496204035192,5,0.20044770336163392,0.5984907902244377,0.20106150641392842,0.0
2025-08-27,118707.10082665063,0.00017268821103544506,0.029677427702419545,5,0.20086972614946397,0.5976976638033509,0.20143261004718513,0.0
2025-08-28,119435.67403573706,0.0061375705750777495,0.02372200443435224,5,0.20035141922093638,0.5979594160170284,0.20168916476203533,0.0
2025-08-29,119017.74536903536,-0.003499194608946049,0.02713819113326832,5,0.1998559112789887,0.5957935811351257,0.2043505075858857,0.0
2025-09-02,118888.82131190506,-0.0010832339054193249,0.02819202802992027,5,0.1985900479497162,0.5920012368478735,0.20940871520241028,0.0
2025-09-03,119982.44997651018,0.00923673348965308,0.019252608470447963,5,0.1992435496648152,0.6010348273000001,0.19972162303518468,0.0
2025-09-04,120626.14839189842,0.005364938084813863,0.0139909594380494,5,0.19983660021594937,0.602385389934733,0.19777800984931754,0.0
2025-09-05,121982.62357114739,0.01124528302803752,0.0029030087087263956,5,0.19704204111154933,0.6047691052295594,0.19818885365889116,0.0
2025-09-08,123299.94045895392,0.010799217538047155,0.0,5,0.1954157529760461,0.6062799367524674,0.19830431027148654,0.0
2025-09-09,122875.3062156325,-0.0034439128010996457,0.00344391280109968,5,0.1965444134714255,0.6049176609921634,0.19853792553641111,0.0
2025-09-10,123453.584049918,0.00472598043852918,0.0,5,0.199634710301915,0.6005909780591888,0.19977431163889606,0.0
2025-09-11,124117.33751775573,0.005376542713975256,0.0,5,0.20021723715608541,0.6013731483414303,0.19840961450248432,0.0
2025-09-12,123835.35151354453,-0.0022719308184552074,0.0022719308184552256,5,0.200606001336862,0.6001405150714945,0.1992534835916435,0.0
2025-09-15,124397.85249748443,0.004542329609960927,0.0,5,0.2007620738813577,0.598821599719418,0.20041632639922433,0.0
2025-09-16,124570.47772449079,0.0013876865519832843,0.0,5,0.20020784062046282,0.5992520023868605,0.20054015699267652,0.0
2025-09-17,124156.66200425015,-0.00331895848144906,0.0033219405416095027,5,0.20041670200102943,0.6004654685228604,0.19911782947611004,0.0
2025-09-18,123404.53824896971,-0.006057860634612523,0.009359677323384386,5,0.20258033352563978,0.5978908468602584,0.1995288196141019,0.0
2025-09-19,123648.89600644272,0.0019801359086164903,0.0073980748479290925,5,0.2031813605603233,0.5955718682506872,0.20124677118898948,0.0
2025-09-22,123933.6897574593,0.0023032454006038693,0.00511186902919214,5,0.20367351152611834,0.5920673129453354,0.20425917552854633,0.0
2025-09-23,124412.63549955246,0.003864532259391776,0.0012670917525693381,5,0.20178501603999888,0.5939106694464262,0.2043043145135748,0.0
2025-09-24,123820.79620335416,-0.004732825386601401,0.006018131541525307,5,0.20031170748826047,0.6005584557102298,0.1991298368015098,0.0
2025-09-25,123809.06812240236,-9.471818395130911e-05,0.0061122796989863115,5,0.1994064633410472,0.6006153449049525,0.19997819175400033,0.0
2025-09-26,124026.5658083611,0.0017567185445876465,0.004366298709495564,5,0.20019719828351032,0.5990229953666693,0.20077980634982046,0.0
2025-09-29,125117.20339365426,0.008793580457418671,0.0,5,0.1990098143728437,0.5986772672483036,0.20231291837885265,0.0
2025-09-30,125209.89179675393,0.0007408126187735312,0.0,5,0.1996115766834204,0.5964987957979151,0.2038896275186644,0.0
2025-10-01,125526.73626458482,0.0025461048055658,0.0,5,0.20017185592063172,0.6000217975380652,0.1998063465413031,0.0
2025-10-02,125687.64248759038,0.0012818482165138155,0.0,5,0.2001458437849411,0.6009986028792718,0.19885555333578725,0.0
2025-10-03,125744.63355727048,0.00045343415273080783,0.0,5,0.20005217005815576,0.5995857333140587,0.20036209662778556,0.0
2025-10-06,125710.75133118955,-0.00026945266070149546,0.00026945266070144136,5,0.20082372403423934,0.5949831872655017,0.20419308870025896,0.0
2025-10-07,126179.7998287262,0.003731172493758589,0.0,5,0.1993354124800005,0.5961809360609666,0.20448365145903302,0.0
2025-10-08,126803.59304902612,0.00496170888206192,0.0,5,0.200199280505647,0.5975062543630978,0.20229446513125532,0.0
2025-10-09,126197.28638889472,-0.004781462776823526,0.004781462776823564,5,0.20057836624209494,0.599906101569813,0.199515532188092,0.0
2025-10-10,126989.82003591987,0.006280116393175371,0.0,5,0.19393920104746804,0.6057883530433373,0.20027244590919466,0.0
2025-10-13,127943.31710843627,0.007508452821231666,0.0,5,0.19544751858704293,0.6009420056468268,0.2036104757661303,0.0
2025-10-14,128344.98407708596,0.0031394134350077084,0.0,5,0.19459782781646204,0.6009794429448455,0.20442272923869242,0.0
2025-10-15,128731.57030581372,0.0030337610158376604,0.0,5,0.20028032193493273,0.5968685990466186,0.20285107901844862,0.0
2025-10-16,129743.00483640308,0.007856926845424347,0.0,5,0.19736566149494925,0.5966574703081301,0.20597686819692065,0.0
2025-10-17,129266.8359105897,-0.003670093246366603,0.003670093246366579,5,0.19921711335388317,0.5979374349341394,0.20284545171197743,0.0
2025-10-20,130785.81969145112,0.011750761671865116,0.0,5,0.1989512423604005,0.593260995461156,0.20778776217844344,0.0
2025-10-21,129420.24256397111,-0.010441324072454286,0.010441324072454239,5,0.2010474528263266,0.6024675104235587,0.19648503675011464,0.0
2025-10-22,129337.24266128812,-0.0006272698372976602,0.011075948704381444,5,0.19908511511436397,0.600768127672132,0.20014675721350403,0.0
2025-10-23,129061.81091556312,-0.0021295625301546712,0.013181924309189408,5,0.20069307086608287,0.5979302686784163,0.2013766604555008,0.0
2025-10-24,129220.11420704793,0.0012265695821390386,0.011971523274442064,5,0.20208537419156064,0.5974590203555639,0.20045560545287558,0.0
2025-10-27,129068.72128669487,-0.001171589433131823,0.013129086997407002,5,0.2047093449405672,0.6001870582358103,0.1951035968236225,0.0
2025-10-28,129161.0147896431,0.0007150725755097828,0.012423402671950523,5,0.2051063902852299,0.6013265456938671,0.19356706402090293,0.0
2025-10-29,128289.06524095463,-0.00672531385560776,0.019090406409401406,5,0.20145087658500777,0.5979575357135002,0.20059158770149219,0.0
2025-10-30,128063.93701691859,-0.0017548512307982156,0.020811756817015636,5,0.19958554291712852,0.5955233186704311,0.20489113841244036,0.0
2025-10-31,127777.90693092381,-0.0022334943986376714,0.022998768273376657,5,0.20068846438444143,0.5950769120351881,0.20423462358037048,0.0
2025-11-03,127682.66227857,-0.0007453921780492169,0.023727017349450152,5,0.20121508858123086,0.5940314932515199,0.20475341816724915,0.0
2025-11-04,127089.19698159589,-0.004647970886441361,0.02826470575002915,5,0.19975844744723828,0.5981354568586934,0.20210609569406826,0.0
2025-11-05,126489.07156694215,-0.000724980388714,0.032853318002256104,0,0.0,0.0,0.0,1.0
2025-11-06,126642.01927815443,0.0012091772776696,0.0316838662102108,0,0.0,0.0,0.0,1.0
2025-11-07,126703.22226071922,0.0004832754792891,0.031215902766550174,0,0.0,0.0,0.0,1.0
2025-11-10,126672.63271847677,-0.0002414267111495,0.03144979312495921,0,0.0,0.0,0.0,1.0
2025-11-11,126779.69611632536,0.0008451975422862,0.03063117687052752,0,0.0,0.0,0.0,1.0
2025-11-12,126733.82375200161,-0.0003618273724339,0.030981921044719862,0,0.0,0.0,0.0,1.0
2025-11-13,126657.34989639549,-0.0006034210390098,0.031566646940742404,0,0.0,0.0,0.0,1.0
2025-11-14,126703.22226071924,0.0003621768840202,0.031215902766550063,0,0.0,0.0,0.0,1.0
2025-11-17,126687.92748959802,-0.0001207133555747,0.03133284794575453,0,0.0,0.0,0.0,1.0
2025-11-18,126764.41329424409,0.0006037339639355,0.0307480306863106,0,0.0,0.0,0.0,1.0
2025-11-19,126749.11852312286,-0.0001206550854752,0.030864975865515176,0,0.0,0.0,0.0,1.0
2025-11-20,126856.19387001138,0.0008447817873304,0.030046268247662322,0,0.0,0.0,0.0,1.0
2025-11-21,127009.16547930353,0.0012058663012457,0.02887663372877458,0,0.0,0.0,0.0,1.0
2025-11-24,127024.46025042476,0.0001204225778785,0.028759688549570006,0,0.0,0.0,0.0,1.0
2025-11-25,127100.92215699096,0.0006019463213262,0.028175054016968737,0,0.0,0.0,0.0,1.0
2025-11-26,127085.63933490966,-0.0001202416302095,0.02829190783275204,0,0.0,0.0,0.0,1.0
2025-11-28,127085.63933490966,0.0,0.02829190783275204,0,0.0,0.0,0.0,1.0
2025-12-01,126976.71188683069,-0.0008571184647537,0.029124776780899087,0,0.0,0.0,0.0,1.0
2025-12-02,127053.42472323558,0.0006041488652916,0.02853822361645153,0,0.0,0.0,0.0,1.0
2025-12-03,127130.14950868044,0.000603878137185,0.02795157908858248,0,0.0,0.0,0.0,1.0
2025-12-04,126247.0344305258,-0.00295837672712496,0.03470395545658689,5,0.2007400747255801,0.5985368718256012,0.2007230534488187,0.0
2025-12-05,125900.25609325895,-0.0027468236290151262,0.03735545344073343,5,0.2016753440556099,0.5974074778398104,0.20091717810457974,0.0
2025-12-08,125509.82413572923,-0.003101121233943493,0.040340730884808274,5,0.2016949496416945,0.5972948259980733,0.20101022436023216,0.0
2025-12-09,125694.35105623289,0.001470218939229017,0.03892982165214842,5,0.2012250001182104,0.5970287565402619,0.20174624334152763,0.0
2025-12-10,126260.13541999724,0.004501271210758062,0.03460378412683296,5,0.20165190001589453,0.596650485207041,0.2016976147770646,0.0
2025-12-11,126486.22821230868,0.0018041124716785802,0.03287505854446615,5,0.20010437840158107,0.5981057071909989,0.20178991440742017,0.0
2025-12-12,125627.71576388652,-0.006787398601064619,0.03943932101915604,5,0.19930560760430008,0.5963888451772847,0.20430554721841512,0.0
2025-12-15,125664.7420559693,0.00029473028190987104,0.03915621469944852,5,0.19894585961893488,0.5966228574822426,0.20443128289882248,0.0
2025-12-16,126014.02894847533,0.002779513861974622,0.0364855360790135,5,0.19785234945406122,0.5982366421167873,0.2039110084291516,0.0
2025-12-17,125891.7357267444,-0.0009704730715412965,0.037420600920289426,5,0.19586534457456464,0.5982726291144869,0.20586202631094838,0.0
2025-12-18,126394.83531396746,0.00401983000073518,0.033573856767062704,5,0.20070345875718698,0.600456485205381,0.19884005603743202,0.0
2025-12-19,126369.86117995805,-0.00019758824755273691,0.03376481121509323,5,0.2025625597859361,0.5983335550857335,0.19910388512833038,0.0
2025-12-22,126945.98175839071,0.004559003017438152,0.029359742073867934,5,0.20289948370469907,0.5943254459944693,0.20277507030083167,0.0
2025-12-23,127525.75895052293,0.004567117321095421,0.024926714139341,5,0.20290014720299498,0.5925716422772718,0.20452821051973324,0.0
2025-12-24,127966.6659041355,0.0034573952528573013,0.021555500389618287,5,0.20291233570957679,0.5941067754413342,0.202980888849089,0.0
2025-12-26,128006.96104172536,0.00033846864324060035,0.021247400186668708,5,0.19991205410518917,0.597821059798369,0.20226688609644186,0.0
2025-12-29,127076.57974992951,-0.007268208574161622,0.028361178224615036,5,0.20065806145512957,0.6044629655188792,0.19487897302599128,0.0
2025-12-30,126880.2937965364,-0.001544627293080923,0.029861998067746254,5,0.20072307533902972,0.6039544635574062,0.19532246110356408,0.0
2025-12-31,125920.79001383558,-0.007562275858530606,0.03719844925920168,5,0.200754087581881,0.6037080842697155,0.19553782814840356,0.0
