date,wealth,return,drawdown,action,w_SPY,w_TLT,w_GLD,w_SHY
2021-01-05,99651.59697758028,-0.0024865167409381396,0.0034840302241971877,5,0.20187939691139858,0.5970282583937376,0.20109234469486376,0.0
2021-01-06,98225.1141753928,-0.014314700872364474,0.017748858246072086,5,0.20603566070392842,0.5932649948804082,0.2006993444156635,0.0
2021-01-07,97966.11185634113,-0.0026368238024055365,0.020338881436588685,5,0.20964967399875106,0.5895901691793825,0.20076015682186643,0.0
2021-01-08,97223.88780955694,-0.007576334639804923,0.027761121904430586,5,0.21245381451825027,0.5921738145635745,0.19537237091817528,0.0
2021-01-11,96952.24837831664,-0.0027939577130714974,0.03047751621683359,5,0.21161297864317957,0.5928515441452384,0.1955354772115819,0.0
2021-01-12,96896.19192110613,1.0206773882579994e-05,0.03103808078893866,3,0.8001608284876857,0.19983917151231448,0.0,0.0
2021-01-13,97323.04471484896,0.004405258713266852,0.026769552851510392,3,0.7987965595174823,0.2012034404825178,0.0,0.0
2021-01-14,96867.37401300344,-0.004682043221937939,0.03132625986996562,3,0.7997438814187263,0.2002561185812737,0.0,0.0
2021-01-15,96379.37721995685,-0.005037782824391261,0.03620622780043148,3,0.7979312476349968,0.20206875236500324,0.0,0.0
2021-01-19,97046.08106541864,0.006917494848926294,0.029539189345813677,3,0.7986717300889185,0.20132826991108163,0.0,0.0
2021-01-20,98139.43999981007,0.011267732588735,0.01860560000189926,3,0.8020337637085824,0.19796623629141752,0.0,0.0
2021-01-21,98074.84976088087,-0.0006581476206642746,0.019251502391191333,3,0.8032936615317773,0.19670633846822264,0.0,0.0
2021-01-22,97858.44656640453,-0.0022065105886366954,0.021415534335954778,3,0.8022205468180359,0.1977794531819641,0.0,0.0
2021-01-25,98396.15640664555,0.00549477187823667,0.01603843593354448,3,0.8009831923310617,0.1990168076689382,0.0,0.0
2021-01-26,98236.17523310796,-0.0016258884430040165,0.017638247668920415,3,0.8010352427580403,0.19896475724195967,0.0,0.0
2021-01-27,98137.93905787486,0.0,0.018620609421251433,0,0.0,0.0,0.0,1.0
2021-01-28,98126.6187251683,-0.0001153512374036,0.01873381274831698,0,0.0,0.0,0.0,1.0
2021-01-29,98160.70938348644,0.0003474149905604,0.01839290616513567,0,0.0,0.0,0.0,1.0
2021-02-01,98172.0197423316,0.000115222871923,0.018279802576684046,0,0.0,0.0,0.0,1.0
2021-02-02,98137.96897945912,-0.000346847940603,0.018620310205408774,0,0.0,0.0,0.0,1.0
2021-02-03,97927.51943582828,-0.0011455708714899,0.020724805641717303,3,0.8015473157740401,0.19845268422595985,0.0,0.0
2021-02-04,98767.71585232417,0.00857977840484855,0.012322841476758328,3,0.8037613265633333,0.19623867343666673,0.0,0.0
2021-02-05,98917.86946999538,0.0015202702257054402,0.010821305300046213,3,0.8056998754013901,0.1943001245986099,0.0,0.0
2021-02-08,99577.83902615322,0.0066718941652703385,0.0042216097384678575,3,0.8061401354182887,0.19385986458171137,0.0,0.0
2021-02-09,99538.68764663317,-0.00039317362078686785,0.004613123533668273,3,0.8059203367413511,0.19407966325864898,0.0,0.0
2021-02-10,99731.92165701716,0.002498604902000825,0.0026807834298284705,4,0.24926828297793288,0.25103606595092237,0.2502899034708661,0.24940574760027864
2021-02-11,99418.21547267876,-0.0031454942322002924,0.005817845273212496,4,0.25045862465199703,0.25044962155256445,0.24889902641424383,0.25019272738119464
2021-02-12,99159.7127054509,-0.00260015497158966,0.008402872945490913,4,0.2523520168016066,0.24798395457040198,0.24878995511205768,0.25087407351593377
2021-02-16,98400.87255798178,-0.007652706192515989,0.01599127442018211,4,0.2540779013731445,0.24609129550828301,0.24711001172605848,0.2527207913925139
2021-02-17,98290.09284254676,-0.0011258001332229786,0.017099071574532387,4,0.25442261186886295,0.24793312177704627,0.24457995680738417,0.25306430954670667
2021-02-18,97933.31917574207,-0.003333150754973154,0.02066680824257927,2,0.39962957690270734,0.3997136214110541,0.20065680168623864,0.0
2021-02-19,97425.38794542383,-0.005186500718991711,0.02574612054576164,2,0.4010036571156738,0.3964566336945967,0.20253970918972947,0.0
2021-02-22,97126.43563982661,-0.00306852568823942,0.028735643601733862,2,0.3991440468929471,0.394651650591517,0.20620430251553593,0.0
2021-02-23,97016.89242420389,-0.0011278414048770335,0.029831075757961067,2,0.40007996994762707,0.39395785853268694,0.20596217151968607,0.0
2021-02-24,97179.71505098442,0.0016782915089528893,0.028202849490155835,2,0.40381101760820154,0.3907177870520245,0.20547119533977412,0.0
2021-02-25,95373.5155965417,-0.0183807422666513,0.046264844034582975,5,0.19883558867631654,0.6012531998103967,0.19991121151328675,0.0
2021-02-26,96710.42865242415,0.01401765518991652,0.03289571347575848,5,0.19507651781795987,0.6125434221908445,0.19238005999119556,0.0
2021-03-01,96353.1382956876,-0.0036944346304227118,0.036468617043123985,5,0.20054609874042512,0.6066946023759222,0.1927592988836527,0.0
2021-03-02,96307.69042392039,-0.00047168024385206147,0.03692309576079611,5,0.1990750724244692,0.6070240293989434,0.19390089817658737,0.0
2021-03-03,95213.83748461823,-0.011357898154210878,0.047861625153817755,5,0.19869497888606782,0.6073381537484182,0.19396686736551408,0.0
2021-03-04,94091.80289023723,-0.01118978824901458,0.059081971097627695,3,0.7990411080306,0.20095889196939992,0.0,0.0
2021-03-05,95511.74508678973,0.015091029748988221,0.04488254913210277,3,0.8016431743155147,0.19835682568448543,0.0,0.0
2021-03-08,94983.23233315471,-0.0055334844228295006,0.0501676766684529,3,0.80209031115875,0.19790968884125013,0.0,0.0
2021-03-09,96331.47418872456,0.014194524890886686,0.03668525811275436,3,0.8021559733643567,0.1978440266356432,0.0,0.0
2021-03-10,96850.65023517639,0.005389474736312197,0.03149349764823606,3,0.8028222757354391,0.19717772426456087,0.0,0.0
2021-03-11,97496.24789530138,0.006668750500156322,0.0250375210469862,3,0.8027580074531094,0.1972419925468907,0.0,0.0
2021-03-12,97193.56434595218,-0.003104566133398767,0.02806435654047823,3,0.8063424912590051,0.1936575087409948,0.0,0.0
2021-03-15,97771.60053235613,0.005947268116914454,0.022283994676438712,3,0.8063554704836383,0.19364452951636177,0.0,0.0
2021-03-16,97596.06252947201,-0.0017953884556285106,0.024039374705279948,3,0.8067868421387945,0.1932131578612056,0.0,0.0
2021-03-17,97723.45321712004,0.0013052851144437772,0.022765467828799624,3,0.8084825958575913,0.19151740414240861,0.0,0.0
2021-03-18,96387.23741861321,-0.013665073568608601,0.03612762581386797,3,0.7992825167332861,0.2007174832667139,0.0,0.0
2021-03-19,96364.59747975196,-0.00023488523447266863,0.03635402520248043,3,0.7979910787992767,0.20200892120072333,0.0,0.0
2021-03-22,97196.77689814188,0.008635738021577508,0.02803223101858121,3,0.7974762988663664,0.2025237011336336,0.0,0.0
2021-03-23,96764.38886915571,-0.004448584024954781,0.03235611130844296,3,0.7947350085537203,0.20526499144627966,0.0,0.0
2021-03-24,96480.34856312223,-0.0029353805604823958,0.03519651436877769,3,0.7930226908183795,0.2069773091816205,0.0,0.0
2021-03-25,96761.7263392576,0.0029234234901538603,0.03238273660742397,3,0.8021554459159768,0.1978445540840231,0.0,0.0
2021-03-26,97945.53452061665,0.01223426065393337,0.020544654793833494,3,0.8052306805144724,0.19476931948552767,0.0,0.0
2021-03-29,97743.76741493218,-0.0020599928998499555,0.02256232585067819,3,0.8064853466874446,0.19351465331255535,0.0,0.0
2021-03-30,97633.7441442551,-0.0011256295269448662,0.02366255855744892,3,0.8052521933203045,0.19474780667969552,0.0,0.0
2021-03-31,97846.33053091328,0.002177386399768393,0.021536694690867164,3,0.8067595262119874,0.19324047378801248,0.0,0.0
2021-04-01,99015.7729527345,0.01195866742992882,0.009842270472654957,3,0.7990833103060789,0.20091668969392107,0.0,0.0
2021-04-05,100064.61963960915,0.010592723316671236,0.0,3,0.8020567337128048,0.1979432662871951,0.0,0.0
2021-04-06,100151.75639015029,0.0008708047944913896,0.0,3,0.8008855045446802,0.19911449545531973,0.0,0.0
2021-04-07,100105.68983851555,-0.00045996748629429334,0.0004599674862942882,3,0.8021813238960046,0.19781867610399542,0.0,0.0
2021-04-08,100650.35864503185,0.005440937547055943,0.0,3,0.8016276138702184,0.19837238612978159,0.0,0.0
2021-04-09,101162.66718542945,0.0050916181653481,0.0,3,0.8017340220302547,0.19826597796974532,0.0,0.0
2021-04-12,101183.48203652084,0.000205756250507447,0.0,3,0.8018612307768913,0.19813876922310872,0.0,0.0
2021-04-13,101574.19014914562,0.0038613823596597156,0.0,3,0.8011444265701955,0.19885557342980462,0.0,0.0
2021-04-14,101232.09075336327,-0.003367975617428285,0.003367975617428298,3,0.8011063254823709,0.19889367451762902,0.0,0.0
2021-04-15,102440.20522269825,0.011934105680760532,0.0,3,0.8001628881470723,0.19983711185292777,0.0,0.0
2021-04-16,102306.92160014511,-0.0011011445519554803,0.0013010870318288514,1,0.6026690463419746,0.39733095365802545,0.0,0.0
2021-04-19,101887.25586153318,-0.004102026842838151,0.0053977767807374955,1,0.6021783072690841,0.39782169273091605,0.0,0.0
2021-04-20,101624.86079427815,-0.002575347280052705,0.007959222911039565,1,0.5993128572806173,0.4006871427193827,0.0,0.0
2021-04-21,102282.89055632152,0.006475086478843496,0.0015356730888496095,1,0.6010915603791301,0.3989084396208698,0.0,0.0
2021-04-22,101899.44547633108,-0.00374886824086477,0.005278784293643257,1,0.5978430369594994,0.4021569630405007,0.0,0.0
2021-04-23,102147.03804169981,0.00263029949204372,0.002861837111328591,2,0.40327617122113807,0.3980127811713661,0.1987110476074959,0.0
2021-04-26,102228.65327415359,0.0007989975433302636,0.0020651261688197087,2,0.4037953143790993,0.39712725958672473,0.19907742603417608,0.0
2021-04-27,101814.38964193301,-0.004052324069159173,0.0061090816774991286,2,0.4053509795560516,0.395264776579026,0.19938424386492243,0.0
2021-04-28,101888.41371157384,0.0007270491911914737,0.005386474089200122,2,0.4049401017338493,0.39523387264025917,0.19982602562589155,0.0
2021-04-29,101948.19448260359,0.0005867278609222055,0.004802906622698222,2,0.407281751202057,0.39383499010426565,0.1988832586936774,0.0
2021-04-30,101865.90687486551,-0.0005999938187607399,0.005606181153037015,5,0.19880518501452796,0.601748951557272,0.19944586342820006,0.0
2021-05-03,102209.98840402407,0.003377788896350252,0.0022473287531364905,5,0.19856323994913627,0.6000825499490767,0.20135421010178695,0.0
2021-05-04,102350.18187836009,0.0013716220549978306,0.000878789183821449,5,0.1970679007451802,0.6033275356747495,0.19960456358007025,0.0
2021-05-05,102542.94585597499,0.00188337699139606,0.0,5,0.19675897885344265,0.6031864400197858,0.2000545811267715,0.0
2021-05-06,103148.0597403459,0.0059010776345437025,0.0,5,0.19716675084440713,0.6006350291896853,0.20219821996590776,0.0
2021-05-07,103178.29203041927,0.0002959301492168202,0.0,5,0.20139601049971978,0.5968643268285156,0.20173966267176455,0.0
2021-05-10,102411.94358553643,-0.007427419370897276,0.0074274193708973035,5,0.20089381656858912,0.5952409552398826,0.20386522819152827,0.0
2021-05-11,101886.96594208018,-0.005126136904313038,0.012515482306669545,5,0.20012676195499815,0.594921867351968,0.20495137069303382,0.0
2021-05-12,100609.41532695657,-0.012538901353190378,0.024897453261828906,5,0.19836225755088954,0.5961456757724355,0.20549206667667502,0.0
2021-05-13,101026.96417998198,0.004150196596098511,0.02085058599150902,5,0.19991538360508296,0.5946013220744902,0.20548329432042675,0.0
2021-05-14,102087.65959010251,0.01050467267316214,0.010570367262865865,5,0.2009600621819145,0.5993148124264691,0.19972512539161646,0.0
2021-05-17,102143.3580202066,0.0005455941523953842,0.010030540241037778,5,0.20033940426868105,0.5977209824096162,0.20193961332170265,0.0
2021-05-18,101851.00910314155,-0.002862143194932005,0.012863974593477545,5,0.1991834684868102,0.5979031416821746,0.20291338983101512,0.0
2021-05-19,101664.69131306023,-0.0018293170752254697,0.014669759380323777,5,0.19902531293953765,0.5975500482166346,0.20342463884382767,0.0
2021-05-20,102476.69374690703,0.007987064371703705,0.006799863321108268,5,0.19957242353704352,0.5976930956918048,0.2027344807711517,0.0
2021-05-21,102413.77344019922,-1.3576835541539975e-05,0.0074096844905579,3,0.7993559914312505,0.20064400856874962,0.0,0.0
2021-05-24,103324.4316422476,0.008891950481446914,0.0,3,0.8003877217801855,0.19961227821981453,0.0,0.0
2021-05-25,103332.01148294279,7.33596166436255e-05,0.0,3,0.798553298978213,0.20144670102178683,0.0,0.0
2021-05-26,103459.94028439163,0.0012380364962695778,0.0,3,0.7991487410229073,0.20085125897709272,0.0,0.0
2021-05-27,103419.7660674353,-0.0003883069799373851,0.0003883069799374139,3,0.7998788862040696,0.20012111379593045,0.0,0.0
2021-05-28,103534.92677475729,0.00111364830158688,0.0,3,0.8005394969783367,0.19946050302166327,0.0,0.0
2021-06-01,103457.28131175331,-0.000749944636295469,0.0007499446362955187,3,0.8004345874998,0.19956541250019993,0.0,0.0
2021-06-02,103635.3064609224,0.0017207599785329572,0.0,3,0.8003161107816127,0.19968388921838737,0.0,0.0
2021-06-03,103249.81520993408,-0.0037196903656928387,0.0037196903656927516,3,0.8003229030760497,0.19967709692395025,0.0,0.0
2021-06-04,104287.89946144287,0.010054102754548102,0.0,3,0.7996032901250307,0.20039670987496913,0.0,0.0
2021-06-07,104142.81671156456,-0.0013907791424232,0.0013911753005625416,3,0.8003369260735951,0.19966307392640495,0.0,0.0
2021-06-08,104306.67387299363,0.0015733889921845593,0.0,3,0.7992498603450635,0.20075013965493638,0.0,0.0
2021-06-09,104367.1540817267,0.0005798306713020819,0.0,3,0.7975948923955555,0.2024051076044445,0.0,0.0
2021-06-10,104880.84648769523,0.004921973876630643,0.0,3,0.7973780004960588,0.2026219995039413,0.0,0.0
2021-06-11,104984.72824962361,0.0009904740990106893,0.0,3,0.7979050702220196,0.2020949297779804,0.0,0.0
2021-06-14,105011.75027362106,0.00025948551903866,0.0,3,0.8015833417433255,0.19841665825667443,0.0,0.0
2021-06-15,104832.27787592936,-0.0017090696729085992,0.0017090696729086252,3,0.8014829127726691,0.1985170872273308,0.0,0.0
2021-06-16,104345.44788094712,-0.0046438940834465,0.00634502701781281,3,0.8007264113821781,0.19927358861782193,0.0,0.0
2021-06-17,104629.05308104308,0.0027179451126564747,0.0036443273403291565,3,0.7982911659237456,0.2017088340762543,0.0,0.0
2021-06-18,103899.17178894657,-0.0069758950368323846,0.010594799932155508,3,0.793054113431396,0.2069458865686039,0.0,0.0
2021-06-21,103819.37280552322,0.0002321896533235,0.011354705211473526,0,0.0,0.0,0.0,1.0
2021-06-22,103879.64441695334,0.0005805430123626,0.010780754093878797,0,0.0,0.0,0.0,1.0
2021-06-23,103807.33328159849,-0.0006961049564687,0.011469354513988339,0,0.0,0.0,0.0,1.0
2021-06-24,103819.37280552322,0.0001159795126619,0.011354705211473526,0,0.0,0.0,0.0,1.0
2021-06-25,103807.33328159849,-0.0001159660629745,0.011469354513988339,0,0.0,0.0,0.0,1.0
2021-06-28,103843.504704663,0.0003484476666633,0.011124903317143553,0,0.0,0.0,0.0,1.0
2021-06-29,103831.42289970606,-0.0001163462750156,0.011239955251098221,0,0.0,0.0,0.0,1.0
2021-06-30,103855.56536910388,0.0002325160218707,0.011010052698908424,0,0.0,0.0,0.0,1.0
2021-07-01,103835.03792796089,-0.000197653742195,0.011205530262985763,0,0.0,0.0,0.0,1.0
2021-07-02,103883.30172624043,0.0004648122564661,0.01074592647432615,0,0.0,0.0,0.0,1.0
2021-07-06,103919.45200878882,0.0003479893490838,0.010401676593201459,0,0.0,0.0,0.0,1.0
2021-07-07,103931.54438400385,0.00011636296171,0.010286524001386521,0,0.0,0.0,0.0,1.0
2021-07-08,103979.734190477,0.0004636687230885,0.009827624817746683,0,0.0,0.0,0.0,1.0
2021-07-09,103943.58390792861,-0.0003476666182101,0.010171874698871375,0,0.0,0.0,0.0,1.0
2021-07-12,103919.45200878885,-0.0002321634316663,0.010401676593201126,0,0.0,0.0,0.0,1.0
2021-07-13,103835.03792796093,-0.0008123029827061,0.01120553026298543,0,0.0,0.0,0.0,1.0
2021-07-14,103907.43362538022,0.0006972183846989,0.010516124579996178,0,0.0,0.0,0.0,1.0
2021-07-15,103919.45200878884,0.0001156643272699,0.010401676593201237,0,0.0,0.0,0.0,1.0
2021-07-16,103907.4336253802,-0.0001156509505806,0.010516124579996289,0,0.0,0.0,0.0,1.0
2021-07-19,103955.59172107918,0.0004634711302042,0.010057527369936481,0,0.0,0.0,0.0,1.0
2021-07-20,104003.82380858455,0.0004639681878275,0.009598225554856787,0,0.0,0.0,0.0,1.0
2021-07-21,103967.64181526199,-0.0003478909909039,0.00994277740956151,0,0.0,0.0,0.0,1.0
2021-07-22,103979.734190477,0.0001163090265767,0.009827624817746683,0,0.0,0.0,0.0,1.0
2021-07-23,103991.7842846598,0.0001158888727368,0.009712874857371712,0,0.0,0.0,0.0,1.0
2021-07-26,103967.64181526199,-0.0002321574686298,0.00994277740956151,0,0.0,0.0,0.0,1.0
2021-07-27,103991.78428465982,0.0002322113782355,0.0097128748573716,0,0.0,0.0,0.0,1.0
2021-07-28,104003.82380858455,0.0001157737989356,0.009598225554856787,0,0.0,0.0,0.0,1.0
2021-07-29,104003.82380858455,0.0,0.009598225554856787,0,0.0,0.0,0.0,1.0
2021-07-30,104027.94513746626,0.0002319273272692,0.009368524318386973,0,0.0,0.0,0.0,1.0
2021-08-02,104066.54771988344,0.0003710789669657,0.009000921813747231,0,0.0,0.0,0.0,1.0
2021-08-03,104066.54771988344,0.0,0.009000921813747231,0,0.0,0.0,0.0,1.0
2021-08-04,104030.34458604477,-0.0003478844511698,0.009345674984171937,0,0.0,0.0,0.0,1.0
2021-08-05,103982.1124985394,-0.0004636347951868,0.00980497679925163,0,0.0,0.0,0.0,1.0
2021-08-06,103946.00449702321,-0.0003472520479586,0.010148824048936578,0,0.0,0.0,0.0,1.0
2021-08-09,103909.78022266843,-0.0003484912626519,0.010493778535081155,0,0.0,0.0,0.0,1.0
2021-08-10,103873.62994012002,-0.0003479006737473,0.01083802841620607,0,0.0,0.0,0.0,1.0
2021-08-11,103921.8831681415,0.0004645378047276,0.010378525285406393,0,0.0,0.0,0.0,1.0
2021-08-12,103921.8831681415,0.0,0.010378525285406393,0,0.0,0.0,0.0,1.0
2021-08-13,103933.90155155014,0.0001156482450301,0.01026407729861134,0,0.0,0.0,0.0,1.0
2021-08-16,103958.02288043186,0.000232083357996,0.010034376062141415,0,0.0,0.0,0.0,1.0
2021-08-17,103933.90155155015,-0.0002320295078086,0.01026407729861123,0,0.0,0.0,0.0,1.0
2021-08-18,103933.90155155015,0.0,0.01026407729861123,0,0.0,0.0,0.0,1.0
2021-08-19,103933.90155155015,0.0,0.01026407729861123,0,0.0,0.0,0.0,1.0
2021-08-20,103933.90155155015,0.0,0.01026407729861123,0,0.0,0.0,0.0,1.0
2021-08-23,103933.90155155015,0.0,0.01026407729861123,0,0.0,0.0,0.0,1.0
2021-08-24,103921.88316814152,-0.0001156348720602,0.010378525285406281,0,0.0,0.0,0.0,1.0
2021-08-25,103909.78022266844,-0.0001164619529988,0.010493778535081044,0,0.0,0.0,0.0,1.0
2021-08-26,103909.78022266844,0.0,0.010493778535081044,0,0.0,0.0,0.0,1.0
2021-08-27,103982.11249853941,0.0006961065235242,0.009804976799251519,0,0.0,0.0,0.0,1.0
2021-08-30,104006.25496793725,0.000232179062511,0.00957507424706161,0,0.0,0.0,0.0,1.0
2021-08-31,103488.83613950247,-0.00397886069442914,0.014502321217867986,5,0.20050144936840497,0.598296464617327,0.2012020860142679,0.0
2021-09-01,103604.82960306489,0.0011208306894674599,0.01339774517509007,5,0.20038344372749212,0.5986278939941102,0.20098866227839782,0.0
2021-09-02,103884.2079303438,0.0026965762923335866,0.010737296924766215,5,0.20045938423247106,0.599624009610945,0.19991660615658385,0.0
2021-09-03,103534.76572231816,-0.0033637663990271484,0.014064945565181342,5,0.20108715056195015,0.596176331855051,0.2027365175829989,0.0
2021-09-07,102528.54771537494,-0.009718648609703824,0.02364690191122265,5,0.2023345633281193,0.5969485571639499,0.20071687950793082,0.0
2021-09-08,102870.58665168527,0.00333909773045132,0.02038975273106791,5,0.19909153525275577,0.6020732754572057,0.19883518929003863,0.0
2021-09-09,103622.85825118251,0.0073127958533414925,0.013226062976948949,5,0.19680021920464216,0.6049349166519393,0.19826486414341862,0.0
2021-09-10,102805.45794701294,-0.00788822387226755,0.021009956703505583,5,0.19680096422051208,0.6043687074054102,0.19883032837407774,0.0
2021-09-13,103302.54035477931,0.004835175268832316,0.016276368257725382,5,0.19635518099305338,0.6051084151036973,0.1985364039032494,0.0
2021-09-14,104082.91850040764,0.007554297725382512,0.00884502706404977,5,0.19383132873647588,0.6078521237289101,0.19831654753461403,0.0
2021-09-15,103978.83558190723,0.0,0.009836182036985774,0,0.0,0.0,0.0,1.0
2021-09-16,103942.73415706214,-0.0003471997415923,0.010179966658716455,0,0.0,0.0,0.0,1.0
2021-09-17,103918.61722161234,-0.000232021368741,0.010409626057659493,0,0.0,0.0,0.0,1.0
2021-09-20,103942.73415706215,0.0002320752151501,0.010179966658716344,0,0.0,0.0,0.0,1.0
2021-09-21,103966.79825084795,0.0002315129958909,0.009950810457404646,0,0.0,0.0,0.0,1.0
2021-09-22,104359.57449065243,0.004782683382573221,0.0062105029319985405,5,0.20098971792743867,0.6007055131423891,0.19830476893017218,0.0
2021-09-23,102958.87760958417,-0.013421833961135303,0.019548980553965367,5,0.20619929817193275,0.5951189636169667,0.19868173821110063,0.0
2021-09-24,102368.73169471366,-0.005731860414294071,0.025168788940482245,5,0.20772963026848115,0.5926998829196176,0.1995704868119013,0.0
2021-09-27,102127.40016874106,-0.0023574730484333625,0.0274669272473268,5,0.2076247614800452,0.5919166632614462,0.20045857525850863,0.0
2021-09-28,100559.56906700443,-0.015351718531424098,0.04239698124272684,5,0.2066126178912484,0.591781552290794,0.20160582981795755,0.0
2021-09-29,100606.64972166768,0.00047640908163175996,0.04194864422767308,5,0.20024124714139302,0.6007545114914039,0.19900424136720302,0.0
2021-09-30,100711.97634566623,0.001046915132249658,0.0409456457658427,5,0.19758697106154754,0.6000432212657386,0.2023698076727138,0.0
2021-10-01,101502.99642654789,0.007854280191729178,0.03341296414858985,5,0.19837704841822767,0.6003778311096074,0.20124512047216486,0.0
2021-10-04,101183.69578457814,-0.0031457262663256934,0.036453582375957416,5,0.19643666489811862,0.6007386952487773,0.2028246398531041,0.0
2021-10-05,100707.9938182737,-0.004701369747525605,0.04098357035411171,5,0.19941813516272994,0.5977480879972052,0.20283377684006482,0.0
2021-10-06,101186.14009579498,0.00475069554197954,0.03643030582632878,5,0.19988163441488144,0.6005318753687671,0.1995864902163515,0.0
2021-10-07,100619.09621821273,-0.0056039678660083185,0.0418301194291375,5,0.20274593190158183,0.5976008958488659,0.1996531722495522,0.0
2021-10-08,100169.58360177491,-0.004467468237470133,0.046110712936688336,5,0.20328436250368584,0.5960810113198693,0.20063462617644473,0.0
2021-10-11,99832.7256246972,-0.0033628768830356497,0.049318525169128935,5,0.20249361527833531,0.5965747645227414,0.2009316201989233,0.0
2021-10-12,100891.96329327971,0.010610124705645306,0.03923167616582657,5,0.19987443100552996,0.6004059074104485,0.19971966158402166,0.0
2021-10-13,101912.36880257462,0.01011425333582948,0.0295146158688967,5,0.19870974450901416,0.5997696464224404,0.20152060906854558,0.0
2021-10-14,102530.34041924469,0.0060637548114223965,0.023629830451456613,5,0.20083433584794388,0.5983696192266331,0.2007960449254231,0.0
2021-10-15,102002.48000929813,-0.005148333730173445,0.028656509928478457,5,0.20341109385609438,0.5979614816174026,0.1986274245265031,0.0
2021-10-18,102299.67781795186,0.002913633164866558,0.025826371321328923,5,0.2034206030907444,0.5990201658117755,0.19755923109748005,0.0
2021-10-19,101679.80150659547,-0.006059416066387774,0.03172929465839569,5,0.20623963577118076,0.5943579805559848,0.19940238367283453,0.0
2021-10-20,101525.4432216224,-0.001511851881645999,0.033199209068648594,5,0.20108955771409062,0.5968521683545056,0.2020582739314038,0.0
2021-10-21,101488.10999562975,-0.0003677228565369786,0.033554723817192156,5,0.20168823836079225,0.5963608165558338,0.20195094508337386,0.0
2021-10-22,102258.81742059613,0.007594066191591953,0.026215474419308604,5,0.19996074302741318,0.5983843651880563,0.2016548917845306,0.0
2021-10-25,102417.63824001784,0.0015531259154747377,0.024703064436541022,5,0.2007213138632308,0.5965443923510878,0.20273429378568136,0.0
2021-10-26,102787.72817321714,0.0036135370777832508,0.02117879279803403,5,0.20017864273803068,0.5993117478146525,0.20050960944731688,0.0
2021-10-27,103872.60807080424,0.01055526187287118,0.01084775941595717,5,0.19703420508863154,0.6045354668919217,0.19843032801944663,0.0
2021-10-28,103852.64904941554,-0.0001921490348551927,0.011037824064310309,5,0.1989736122516192,0.6026051369477881,0.19842125080059278,0.0
2021-10-29,103910.54875120915,0.0005575178132053782,0.010486460034639822,5,0.19926625923458788,0.6041102593206011,0.19662348144481112,0.0
2021-11-01,103600.84822998932,-0.002980453139183487,0.013435658771094205,5,0.20020572538311862,0.6015534562018641,0.1982408184150174,0.0
2021-11-02,103917.20879901973,0.003053648444345668,0.01042303810525358,5,0.2004032099560924,0.6023842091818099,0.19721258086209764,0.0
2021-11-03,103226.6577303851,-0.0066424352602299,0.01699897905315062,5,0.20256656549570823,0.5977702613271337,0.19966317317715804,0.0
2021-11-04,104207.52052038879,0.009502029917171145,0.007658473943503941,5,0.2016055474909955,0.5983675703324879,0.20002688217651668,0.0
2021-11-05,105485.24976892234,0.012261391904853574,0.0,5,0.19985453264551178,0.5999601953396373,0.20018527201485092,0.0
2021-11-08,105460.38052074927,-0.00023576043311785818,0.00023576043311790418,5,0.20007230164118814,0.5989760606103883,0.2009516377484235,0.0
2021-11-09,106317.44379510974,0.00812687447293848,0.0,5,0.1978034915860497,0.6018824858029078,0.2003140226110424,0.0
2021-11-10,105210.78157937182,-0.010406863439978901,0.010409037089629702,5,0.20047736597900034,0.5952247778304024,0.20429785619059723,0.0
2021-11-11,105245.0192106921,0.0003254194181083981,0.01008700497431414,5,0.2004769527008585,0.5941475300543567,0.20537551724478476,0.0
2021-11-12,105170.59127415105,-0.0007071872578791968,0.010787058830805218,5,0.2021329045654126,0.5919567219746541,0.20591037345993338,0.0
2021-11-15,104362.57665738271,-0.007682895065808516,0.018387078055548067,5,0.20376760269657537,0.5890489521168585,0.2071834451865661,0.0
2021-11-16,104133.96890654424,-0.0021905146285241092,0.020537315520615773,5,0.20502318894320193,0.5888405584114825,0.20613625264531554,0.0
2021-11-17,104767.6781561363,0.00609674650923738,0.014576776713707273,5,0.19830515340680568,0.6010904439954513,0.20060440259774304,0.0
2021-11-18,105007.59916188338,0.0022900288521189574,0.012320129100833466,5,0.1985240508703541,0.6019721865387143,0.19950376259093158,0.0
2021-11-19,105477.54343197246,0.004475335821787597,0.00789992999413991,5,0.19728613333602518,0.6056176465030048,0.1970962201609702,0.0
2021-11-22,104203.65897497827,-0.012077304946107014,0.019881825076654924,5,0.19913577602612734,0.6058315217462926,0.19503270222758007,0.0
2021-11-23,103142.52397303823,-0.010183279669621143,0.0298626425611781,5,0.2014512523865375,0.6032144028749874,0.19533434473847514,0.0
2021-11-24,104170.97648874903,0.00997589068221712,0.020189229817237475,5,0.1985531830050161,0.6036116989164607,0.19783511807852316,0.0
2021-11-26,105265.28772318688,0.010504953215601527,0.009896363516325057,5,0.192106789247414,0.612431024317136,0.19546218643545005,0.0
2021-11-29,104966.74797947804,-0.002836070181975898,0.012704366916822196,5,0.19501638409194358,0.6092357290195792,0.1957478868884771,0.0
2021-11-30,105402.51125220733,0.004151441109850282,0.008605667238065107,5,0.1904312404747794,0.6159404974882172,0.1936282620370033,0.0
2021-12-01,105661.42848072741,0.0024564616672229423,0.006170345062533333,5,0.18785464937131016,0.6182212782277986,0.1939240724008912,0.0
2021-12-02,105945.25474548744,0.0027044566972880798,0.003500733617519569,5,0.20251553546633466,0.5991282744259164,0.1983561901077489,0.0
2021-12-03,106692.72697433896,0.007055268597420189,0.0,5,0.19934695682221243,0.6020296218298812,0.19862342134790642,0.0
2021-12-06,106010.23606383604,-0.006396789451890805,0.006396789451890816,5,0.20300648559407805,0.5975832329591471,0.1994102814467749,0.0
2021-12-07,106018.56207464363,7.853968745616896e-05,0.006318752166279085,5,0.2071893604195211,0.5927082691845665,0.20010237039591242,0.0
2021-12-08,105002.03386426928,-0.00958820974820099,0.01584637639336295,5,0.209749086565516,0.5881023420953736,0.20214857133911035,0.0
2021-12-09,105083.03685915472,0.0007833491291322599,0.01508715880484901,5,0.19849419980237143,0.6028836663484276,0.19862213384920083,0.0
2021-12-10,105214.64289205725,0.0012524003572425416,0.01385365361068347,5,0.2001120859233272,0.6006771064724666,0.19921080760420637,0.0
2021-12-13,106015.02088771091,0.007607097012863505,0.00635194268481909,5,0.1968420656140372,0.6049526235878978,0.19820531079806514,0.0
2021-12-14,105522.27848739197,-0.004647854579407636,0.010970274358330867,5,0.19640061182272683,0.6063286876644904,0.19727070051278273,0.0
2021-12-15,105319.83660335094,-0.0019184752920704984,0.012867703450097578,5,0.1998527639251561,0.6016491278563512,0.19849810821849267,0.0
2021-12-16,105413.33800702296,0.0008894359035482801,0.011991341899281527,5,0.19806017354600264,0.59970019334933,0.20223963310466744,0.0
2021-12-17,105861.8327778539,0.004254630194910014,0.007787730429693718,5,0.19512205463981783,0.6039262464471743,0.20095169891300788,0.0
2021-12-20,105073.16740542959,-0.007449950106940729,0.015179662333486887,5,0.1944962323451383,0.6039004142274179,0.2016033534274438,0.0
2021-12-21,105185.64800794427,0.001070497875834212,0.014125414253936541,5,0.1977386321234813,0.6009579586322976,0.201303409244221,0.0
2021-12-22,105885.11050637513,0.006649790267756201,0.0075695550284141655,5,0.1983964212296278,0.5997501952927026,0.20185338347766957,0.0
2021-12-23,105513.16604390078,-0.0035108704517137594,0.011055682649501297,5,0.20195347121095283,0.5968894888857113,0.20115703990333583,0.0
2021-12-27,106017.64859968578,0.00478122849214006,0.0063273139022451685,5,0.2038369639030162,0.5954892747000162,0.2006737613969676,0.0
2021-12-28,105658.07582002487,-0.003391631340727234,0.009697485326839006,5,0.20436351425014385,0.5951476571606363,0.20048882858921985,0.0
2021-12-29,104992.47914468744,-0.006299534324959541,0.015935930010116395,5,0.20592216486468434,0.5923778369578396,0.2016999981774761,0.0
2021-12-30,105606.27341405327,0.005846078446437859,0.010183014260634615,5,0.2041593487797052,0.5938737232193461,0.20196692800094862,0.0
2021-12-31,105820.9256761489,0.0020387098927635,0.008171140835117496,5,0.19909003252822968,0.5999533421332061,0.20095662533856437,0.0
2022-01-03,103949.20108365551,-0.01768766036144453,0.025714272832704888,5,0.20384835537614304,0.5947236952983023,0.20142794932555472,0.0
2022-01-04,103839.27748209897,-0.0010574742317460129,0.026744554883542215,5,0.20399584379512872,0.5928775837413898,0.20312657246348154,0.0
2022-01-05,103034.94317593177,-0.007745954379409713,0.0342833471609264,5,0.20164058913143715,0.5942628524445804,0.20409655842398236,0.0
2022-01-06,102916.44770137058,-0.0011500513409209295,0.03539397089247365,5,0.20168307167634386,0.5964872395586103,0.2018296887650458,0.0
2022-01-07,102484.50832549582,-0.00419349268967902,0.03944241344450106,5,0.20004820466647105,0.5981955042650549,0.201756291068474,0.0
2022-01-10,102672.73453931985,0.001836630890848696,0.037678223708594305,5,0.1994329889955823,0.5985683363148768,0.20199867468954089,0.0
2022-01-11,103518.81828949884,0.008240588448094402,0.029748125995537555,5,0.1996046252281292,0.5976305571809416,0.2027648175909292,0.0
2022-01-12,103393.12212965681,-0.0012142348794063533,0.03092623966276309,5,0.2003875913825786,0.5960646052681315,0.20354780334928993,0.0
2022-01-13,103583.48387684874,0.001841145167791658,0.029142034191684263,5,0.19726335150444949,0.600253096302234,0.20248355219331657,0.0
2022-01-14,102592.96750381995,-0.00955978283707428,0.03842585700808887,5,0.20201300232515057,0.5966380807363584,0.20134891693849113,0.0
2022-01-18,101330.2978610169,-0.01230756526031901,0.05026049352559714,5,0.20090810615829946,0.5955703999112484,0.20352149393045202,0.0
2022-01-19,101864.2425799864,0.005269349150654401,0.04525598446381329,5,0.19777980224915911,0.5965504211246696,0.20566977662617117,0.0
2022-01-20,101963.66880177967,0.0009760659803189003,0.044324091310335434,5,0.1954000269789394,0.5996441916403271,0.20495578138073348,0.0
2022-01-21,102232.35122377973,0.00263507997659815,0.04180580885923013,5,0.19106076166167962,0.6051890107464334,0.20375022759188696,0.0
2022-01-24,101926.68579965504,-0.002980996381225399,0.04467072226797819,5,0.20144985150845707,0.5968500414554275,0.20170010703611535,0.0
2022-01-25,101643.48562285992,-0.0027784693927139785,0.04732507542612019,5,0.199544782894457,0.5975464719517041,0.2029087451538389,0.0
2022-01-26,100524.6520608523,-0.01100743008911526,0.05781157805602033,5,0.2012595280690709,0.5968901910314373,0.20185028089949175,0.0
2022-01-27,101264.83435762822,0.007363191830078353,0.05087406396516814,5,0.19880186964925436,0.6034077256843781,0.19779040466636763,0.0
2022-01-28,101726.43648399046,0.004558365490749032,0.046547601051971976,5,0.2028146807797879,0.60087981361445,0.19630550560576202,0.0
2022-01-31,101897.44981417805,0.0016848107243245605,0.04494474268442161,5,0.2032597634661795,0.5958937174247453,0.2008465191090753,0.0
2022-02-01,101852.87597232759,-0.00043743824729409753,0.04536252038225086,5,0.20472274806178475,0.5941754814651443,0.20110177047307085,0.0
2022-02-02,102334.6966788066,0.004730555734232967,0.04084655457893138,5,0.2057382037755112,0.5933811096342843,0.20088068659020453,0.0
2022-02-03,101336.58386943077,-0.009753415427697684,0.05020157659103053,5,0.20288107835463182,0.5945480098724093,0.20257091177295888,0.0
2022-02-04,100576.70969984544,-0.007498517717593611,0.05732365689710517,5,0.20537511377571152,0.5902087763066992,0.2044161099175893,0.0
2022-02-07,100271.84391317096,-0.0024380015864482003,0.060181075535845174,3,0.7993814262683228,0.20061857373167724,0.0,0.0
2022-02-08,100796.86652064664,0.005235992348263933,0.055260190838597234,3,0.8017607466018608,0.1982392533981393,0.0,0.0
2022-02-09,102017.25908851023,0.012107445498949225,0.043821805088487875,3,0.8037636665601239,0.1962363334398761,0.0,0.0
2022-02-10,100225.96230473452,-0.017558762113198612,0.060611110550766845,3,0.8034308047394696,0.19656919526053043,0.0,0.0
2022-02-11,98930.26815936873,-0.012927729657773364,0.07275527615708244,3,0.7979034492213329,0.202096550778667,0.0,0.0
2022-02-14,98425.13715039146,-0.00510384399679694,0.07748972266812504,3,0.8014749873223698,0.19852501267763023,0.0,0.0
2022-02-15,99475.49142624873,0.010671605915594065,0.06764505653535391,3,0.805801173772379,0.194198826227621,0.0,0.0
2022-02-16,99679.80305216402,0.0020538890834911074,0.06573010289503278,3,0.8050506740964292,0.19494932590357075,0.0,0.0
2022-02-17,98110.1677282007,-0.01574677392913689,0.08044183975354269,3,0.800458397609069,0.19954160239093097,0.0,0.0
2022-02-18,97807.76885167423,-0.003082237891634445,0.083276136758616,3,0.7977343874458859,0.20226561255411413,0.0,0.0
2022-02-22,97733.09174792013,-0.00016587367881444045,0.08397606360341459,5,0.1978864413562412,0.6016625015170238,0.20045105712673505,0.0
2022-02-23,96667.92507673163,-0.010898730943004002,0.09395956202355238,5,0.19651796765219523,0.5999088069390938,0.20357322540871098,0.0
2022-02-24,96865.08440550053,0.0020395527121577443,0.0921116447909529,5,0.19906942783424622,0.5990821014206579,0.2018484707450959,0.0
2022-02-25,97267.85478577628,0.004158055327651925,0.08833659477866285,5,0.2026191772500919,0.5970376821731341,0.20034314057677383,0.0
2022-02-28,98692.28429890276,0.014644401444481899,0.07498582989035818,5,0.19918382371433968,0.6013179420101256,0.19949823427553476,0.0
2022-03-01,99072.01676835805,0.0042004345287314495,0.07142670753756064,4,0.24516269471853838,0.25183256966699336,0.25347614405176366,0.2495285915627045
2022-03-02,98322.96611459543,-0.0075606682713848265,0.07844734216753657,4,0.251574804710899,0.24507720450911488,0.25274933906570246,0.2505986517142837
2022-03-03,98593.20092076117,0.002748440337436196,0.07591450966967817,4,0.24963619084600408,0.24689485096008706,0.25355717410780804,0.2499117840861008
2022-03-04,99237.94702396436,0.006539458067918533,0.06987149135449111,4,0.24599933974478888,0.24952544477556868,0.25592252867859383,0.2485526868010486
2022-03-07,98674.7347933694,-0.00567537164446743,0.07515031631816849,4,0.24011018993727748,0.2490349505028398,0.2612087273497243,0.24964613221015855
2022-03-08,98434.93338177,-0.0020799859420801594,0.07739790543131475,5,0.19889735817496487,0.5952025730544602,0.20590006877057504,0.0
2022-03-09,97783.52808220437,-0.006617623207395488,0.08350333846352409,5,0.20559046978743703,0.5932961017645509,0.2011134284480121,0.0
2022-03-10,96920.61676133017,-0.008824710437414037,0.09159115611844015,5,0.20648430422181252,0.5899783887086737,0.20353730706951373,0.0
2022-03-11,96718.89549656384,-0.002081303973364762,0.09348183105465069,5,0.2042839965468477,0.5931876098431406,0.2025283936100117,0.0
2022-03-14,94939.64096929396,-0.018396141913480497,0.11015826793771777,5,0.2065915190275692,0.5901945904568576,0.20321389051557315,0.0
2022-03-15,94901.64397451395,-0.00039042106955104055,0.1105144027545657,5,0.2044778864784218,0.5991865500577235,0.19633556346385472,0.0
2022-03-16,96006.29925488368,0.011640001522696295,0.10016078904821235,5,0.20660715833787463,0.598101254209455,0.19529158745267042,0.0
2022-03-17,95918.11251185148,-0.0009185516337638892,0.10098733782555702,5,0.20938430631201954,0.5941889669853416,0.19642672670263886,0.0
2022-03-18,96668.53253040808,0.00782354863857314,0.09395386853634213,5,0.21003445050392397,0.5967768061958935,0.19318874330018262,0.0
2022-03-21,95469.40833431721,-0.012404493630992818,0.1051929120034687,5,0.21261039007131038,0.5902797018523017,0.19710990807638784,0.0
2022-03-22,96062.01169395777,0.0067986422244309406,0.09963861250765504,3,0.8038955917524782,0.19610440824752182,0.0,0.0
2022-03-23,95480.339857714,-0.006055170259154093,0.10509045400368944,3,0.798377131653354,0.20162286834664606,0.0,0.0
2022-03-24,96478.6474946494,0.010455635562494627,0.09573360592935443,3,0.802026334772908,0.19797366522709203,0.0,0.0
2022-03-25,96591.5687126126,0.001170427041584252,0.09467522808893836,3,0.8050009961299988,0.19499900387000135,0.0,0.0
2022-03-28,97305.67923434105,0.007393093737333757,0.08798207718746964,3,0.8047771127442185,0.19522288725578157,0.0,0.0
2022-03-29,97936.78090145218,0.00709483186086712,0.08206694421628857,5,0.20104778789042035,0.6002724540177069,0.19867975809187266,0.0
2022-03-30,98430.26301293043,0.005038782232129963,0.07744167944452074,5,0.19880460573815317,0.6019226568821471,0.19927273737969975,0.0
2022-03-31,98280.56232638255,-0.0015208806922339857,0.0788447805817134,5,0.19604291740521815,0.6043034585803964,0.19965362401438555,0.0
2022-04-01,98436.3491386979,0.0015851233308779745,0.07738463595205358,5,0.1962873633843712,0.6056439443912367,0.1980686922243921,0.0
2022-04-04,98282.07235503526,-0.0015672745384458983,0.07883062752090475,5,0.19827965896124644,0.6023792332842306,0.19934110775452288,0.0
2022-04-05,96786.55079627478,-0.0146237052558754,0.09284771754354681,3,0.8016174554497827,0.1983825445502174,0.0,0.0
2022-04-06,95855.31223703004,-0.009621569852250371,0.10157594659582991,3,0.8013115432037934,0.19868845679620667,0.0,0.0
2022-04-07,96098.93004730939,0.0025415160056745873,0.09929258748422021,3,0.8033079629277613,0.19669203707223876,0.0,0.0
2022-04-08,95687.78538413526,-0.0042783479792306576,0.1031461272224351,3,0.804602328247983,0.195397671752017,0.0,0.0
2022-04-11,94075.95427368829,-0.016844690301654905,0.118253352955213,3,0.8043996208203436,0.1956003791796565,0.0,0.0
2022-04-12,94015.8877191259,-3.411098009173993e-05,0.11881633935799596,5,0.19926574374209738,0.5991920311312732,0.2015422251266295,0.0
2022-04-13,94435.73291699936,0.004465683493068343,0.11488125203030541,5,0.20065202596677784,0.5977409694027181,0.20160700463050388,0.0
2022-04-14,93005.34522773465,-0.015146678540864232,0.12828786117629476,5,0.20120105740701621,0.5947675591395213,0.2040313834534625,0.0
2022-04-18,92796.9519705205,-0.0022406589288376144,0.1302410707635262,5,0.20173578856079646,0.5931412929750123,0.20512291846419123,0.0
2022-04-19,92399.17209947326,-0.004286561816961439,0.13396934617955258,5,0.20587488551410676,0.5912324872851371,0.20289262720075618,0.0
2022-04-20,93590.87752052613,0.012906241044801179,0.12279983674017447,5,0.19730520378877606,0.6042766392730518,0.19841815693817225,0.0
2022-04-21,92830.27054395621,-0.00812693498255865,0.1299287854336768,5,0.19594723809382084,0.6047205374131774,0.19933222449300175,0.0
2022-04-22,91797.94593001029,-0.011120560221324717,0.13960446477210264,5,0.1927136998796283,0.6076721812709454,0.19961411884942634,0.0
2022-04-25,92129.08180959277,0.003607225371196746,0.13650082416816423,5,0.1931342977026608,0.6115434189066243,0.19532228339071486,0.0
2022-04-26,92208.38384038162,0.0008607708796310573,0.13575754922302274,5,0.1873796689238768,0.617168417189822,0.19545191388630118,0.0
2022-04-27,91679.76019971084,-0.00551695351682222,0.14071218536047858,2,0.40334997561359814,0.39706030201714454,0.1995897223692574,0.0
2022-04-28,92766.82297385501,0.011857172965725108,0.13052346111495783,2,0.40869242048396953,0.3929918709148386,0.19831570860119177,0.0
2022-04-29,90890.70397346368,-0.020224029887496466,0.14810778062384589,2,0.4017132396633432,0.39590038881597,0.20238637152068675,0.0
2022-05-02,90145.69384146278,-0.008196769300174109,0.15509054461468552,2,0.4074712355280684,0.3922531229340059,0.2002756415379257,0.0
2022-05-03,90600.29235026328,0.005042930942436137,0.15082972457856603,2,0.40728523192886373,0.39291611460485537,0.1997986534662809,0.0
2022-05-04,91610.59903259652,0.01136089207842278,0.1413604129302074,5,0.2037754910485567,0.5965287223569251,0.1996957865945183,0.0
2022-05-05,89380.10292123655,-0.02434757697159385,0.16226620636724687,5,0.20143723342573405,0.5946635975790097,0.2038991689952562,0.0
2022-05-06,88519.61054378544,-0.009627337061911729,0.17033135196670346,5,0.2021813810325946,0.5915964482171251,0.20622217075028035,0.0
2022-05-09,88142.99658631979,-0.004254582178480805,0.17386124541067016,5,0.19654425017432262,0.5993511927067783,0.20410455711889913,0.0
2022-05-10,88510.19878198292,0.004165982663222981,0.1704195656816343,5,0.1961810990480167,0.6022776655179368,0.20154123543404648,0.0
2022-05-11,89396.71244876068,0.01001980650225736,0.16211053008081988,5,0.1948702319540495,0.6054966277796392,0.19963314026631127,0.0
2022-05-12,89003.90134795023,-0.004394021771612595,0.16579223465384973,5,0.19552593852935923,0.607034527336902,0.19743953413373877,0.0
2022-05-13,88478.85355655708,-0.0058991547948055705,0.17071335539265542,5,0.2013885472554391,0.6016109310313302,0.1970005217132308,0.0
2022-05-16,88517.7398628193,0.0004394983060824374,0.1703488853170937,5,0.20048331234241729,0.6007244485190106,0.19879223913857194,0.0
2022-05-17,88129.75763565865,-0.0043831013733736015,0.17398533025728136,5,0.20550805934857622,0.5960783098434603,0.19841363080796345,0.0
2022-05-18,88555.32512390261,0.0048344086077987385,0.16999660956082452,5,0.1910142369711216,0.6098422073699603,0.19914355565891806,0.0
2022-05-19,88840.27083713893,0.0032177140430305227,0.1673258959956454,5,0.18923548194530013,0.6093422221491653,0.20142229590553437,0.0
2022-05-20,89474.52243831397,0.007139235339992934,0.16138123960564055,5,0.1879760511394944,0.6118898622694025,0.20013408659110318,0.0
2022-05-23,88971.6447413751,-0.005620345135516846,0.16609456647617615,5,0.1925754849331563,0.6052232903627862,0.20220122470405746,0.0
2022-05-24,90038.70860874212,0.011993302702999146,0.15609328618624918,5,0.18884058850993954,0.6098516029959006,0.20130780849415986,0.0
2022-05-25,90301.82138487711,0.00293341060356024,0.15362720641121197,5,0.20117684285574639,0.60061059496782,0.19821256217643357,0.0
2022-05-26,90386.28408331767,0.000935337705765254,0.15283556202423443,5,0.20500483685256374,0.597333955823941,0.1976612073234952,0.0
2022-05-27,90982.26764446017,0.006593738941553641,0.14724958087965423,5,0.2086616665169968,0.5948696040186229,0.19646872946438038,0.0
2022-05-31,89553.58369431952,-0.01570288350828598,0.16064022137274303,5,0.21080109233127414,0.5915705094524065,0.19762839821631936,0.0
2022-06-01,89453.04771839593,-0.0011226348715062118,0.16158251592996964,5,0.20933102068521953,0.5915583507341072,0.19911062858067327,0.0
2022-06-02,90040.83819931682,0.006580330985898101,0.1560733261511551,5,0.20247637255291012,0.5963853474883963,0.20113827995869343,0.0
2022-06-03,89442.33026170052,-0.006647072035151692,0.1616829675446143,5,0.20048602162480383,0.59908539447259,0.20042858390260626,0.0
2022-06-06,88429.69863755464,-0.01132161495773891,0.17117407019858843,5,0.2033992832302685,0.5947697118888792,0.2018310048808524,0.0
2022-06-07,89286.60733577999,0.009690281787994626,0.16314251338561603,5,0.20337950857618728,0.5954235224381071,0.20119696898570544,0.0
2022-06-08,88601.50628483432,-0.0076730550234618555,0.1695637669272042,5,0.20272385293780443,0.5947110317383766,0.20256511532381893,0.0
2022-06-09,88300.24338660351,-0.0033949296257898207,0.17238741673702918,5,0.19590850306722873,0.6040490180921301,0.20004247884064116,0.0
2022-06-10,87704.75214858139,-0.006743936541770338,0.17796878347972522,5,0.19151962410438944,0.6043784199444042,0.2041019559512063,0.0
2022-06-13,84930.90243123261,-0.031627131362843126,0.20396727274896975,5,0.1902655354893538,0.6045333868080516,0.20520107770259458,0.0
2022-06-14,84095.11963248157,-0.00984073846887201,0.21180082263051003,5,0.1915774730046397,0.6028406389368888,0.2055818880584715,0.0
2022-06-15,85496.20412050963,0.016660711039489344,0.19866886389479366,5,0.1911243681480213,0.6040236861070949,0.20485194574488383,0.0
2022-06-16,85529.073825015,0.0003933371798311608,0.1983607856833025,5,0.19330475289833923,0.6045261314125555,0.20216911568910517,0.0
2022-06-17,85589.13290493208,0.0007022065974893534,0.1977978693382032,5,0.19358555772828584,0.6060484244244674,0.2003660178472468,0.0
2022-06-21,85062.83783372532,-0.006149087545860884,0.2027306804691188,5,0.19968669257724203,0.5994609558537767,0.20085235156898143,0.0
2022-06-22,86502.40009799336,0.016923515614209794,0.18923808069130754,5,0.19600753811740637,0.6056955566711424,0.19829690521145132,0.0
2022-06-23,86993.88950345859,0.005681800792908019,0.18463149297531978,5,0.19681066109255546,0.6072212978195134,0.19596804108793103,0.0
2022-06-24,86806.51831587059,-0.002146637291489299,0.1863876687981859,5,0.20680270509839802,0.5929671658800677,0.20023012902153425,0.0
2022-06-27,86279.53913057793,-0.0060707328840800935,0.19132689193210584,5,0.20727103646748,0.5915009037925757,0.20122805973994426,0.0
2022-06-28,86123.31065887307,-0.0018107244577235681,0.19279117610718777,5,0.20340421891082394,0.5953349214820111,0.20126085960716492,0.0
2022-06-29,86896.02135880476,0.008972143476837918,0.185548782723452,5,0.20143129741081411,0.5992503933011453,0.19931830928804053,0.0
2022-06-30,87105.86859479223,0.0024149234073788735,0.18358194541468253,5,0.19931347653819606,0.6030567417517779,0.19762978171002613,0.0
2022-07-01,87799.78035421079,0.00817101911874732,0.17707811165677845,2,0.40095444238925865,0.4008313802756797,0.19821417733506166,0.0
2022-07-05,87773.66257262984,-0.0002974697826757825,0.17732290605206313,2,0.40183123360228473,0.4041009117485358,0.1940678546491795,0.0
2022-07-06,87027.36585707768,-0.008502513096506969,0.1843177288175517,2,0.40664578054083383,0.40072297472877266,0.19263124473039334,0.0
2022-07-07,87259.81169994606,0.0026709511494364575,0.18213908131776202,2,0.41163680609525344,0.39613845146759846,0.19222474243714813,0.0
2022-07-08,86854.62298856239,-0.0046434745100867305,0.1859367976464591,2,0.413216926350052,0.39357823848863993,0.19320483516130807,0.0
2022-07-11,87443.09765092067,0.006990105605413081,0.1804211952333742,5,0.19634282347821774,0.6061101525718222,0.19754702394996002,0.0
2022-07-12,87541.8819943967,0.0011296985826185222,0.179495318219285,5,0.19438581176753714,0.609023480434224,0.19659070779823878,0.0
2022-07-13,88146.2516397142,0.006903777158414121,0.17383073673883542,5,0.19203912742035023,0.6117833154544632,0.19617755712518659,0.0
2022-07-14,87422.26367770863,-0.00821348552590502,0.1806164660245786,5,0.19315930661367237,0.6118170292732914,0.19502366411303623,0.0
2022-07-15,88011.67911057136,0.006742166217928925,0.17509204604228212,5,0.19553135088987678,0.6111401344577677,0.19332851465235545,0.0
2022-07-18,87331.77433504582,-0.007714111170698559,0.18146459640074353,5,0.19989059327691475,0.59836444475708,0.20174496196600533,0.0
2022-07-19,87563.61934158948,0.0026547612058607935,0.17929158036564474,5,0.20474793070857367,0.5935608893405039,0.20169117995092237,0.0
2022-07-20,87648.23019654262,0.0009662786393406849,0.17849854735062498,5,0.20585385028274375,0.5945441476908478,0.19960200202640851,0.0
2022-07-21,88979.0925679691,0.015184132850625216,0.16602476015661527,5,0.204839793796524,0.5957693135151384,0.19939089268833757,0.0
2022-07-22,89745.42375560326,0.00861248598426396,0.15884216009224095,5,0.2012063934913314,0.600611920947681,0.19818168556098756,0.0
2022-07-25,89370.69489738207,-0.00397565044603232,0.16235438504747446,2,0.4020845296767306,0.3976670621744879,0.20024840814878153,0.0
2022-07-26,88951.58831707138,-0.004689530284976748,0.16628254952687227,2,0.39919946323025024,0.3998472086052296,0.2009533281645202,0.0
2022-07-27,89855.88158554841,0.010166128402942703,0.15780687087358858,2,0.40544349276721653,0.39359942796703407,0.2009570792657493,0.0
2022-07-28,90814.39821336592,0.010667266414886111,0.1488229723924106,2,0.4061956624642427,0.39254541381621605,0.20125892371954118,0.0
2022-07-29,91306.6768881272,0.005420711742258,0.1442089870841179,2,0.40989555017169105,0.38936790417498746,0.20073654565332147,0.0
2022-08-01,92655.98420261244,0.014991540563194619,0.1315623207859571,5,0.19646249166236016,0.6053748259866666,0.19816268235097326,0.0
2022-08-02,91239.97752738302,-0.015282409305944142,0.14483414085641044,5,0.1981952802576522,0.6017616443931492,0.20004307534919863,0.0
2022-08-03,92432.11770224373,0.01306598496807961,0.13366055659562526,5,0.19870267377694442,0.6033528368164932,0.1979444894065624,0.0
2022-08-04,92703.623433427,0.0029373527073986473,0.1311158120860153,5,0.19798686178615021,0.6013839676707207,0.20062917054312907,0.0
2022-08-05,91136.39711628617,-0.016905771954709978,0.14580497002194248,5,0.20105113251438037,0.5971646682396571,0.20178419924596264,0.0
2022-08-08,91133.56949544225,0.0009699436914651,0.14583147249239303,0,0.0,0.0,0.0,1.0
2022-08-09,91045.26071916989,-0.0009690038123303,0.14665916505192056,0,0.0,0.0,0.0,1.0
2022-08-10,91133.56949544225,0.0009699436914651,0.14583147249239303,0,0.0,0.0,0.0,1.0
2022-08-11,91100.44047005485,-0.0003635216481788,0.1461419812433351,0,0.0,0.0,0.0,1.0
2022-08-12,91122.53932022612,0.0002425767653508,0.14593485512707616,0,0.0,0.0,0.0,1.0
2022-08-15,91199.7890464781,0.0008477565136821,0.14521081583740125,0,0.0,0.0,0.0,1.0
2022-08-16,91122.53932022612,-0.0008470384313346,0.14593485512707616,0,0.0,0.0,0.0,1.0
2022-08-17,91045.26071916992,-0.0008480733925185,0.14665916505192023,0,0.0,0.0,0.0,1.0
2022-08-18,91177.73832098057,0.0014550741110981,0.1454174908950444,0,0.0,0.0,0.0,1.0
2022-08-19,91111.48027020576,-0.0007266910980129,0.14603850839692845,0,0.0,0.0,0.0,1.0
2022-08-22,90990.03284361126,-0.0013329541593916,0.14717679991912114,0,0.0,0.0,0.0,1.0
2022-08-23,91034.22091901905,0.0004856364376055,0.14676263789832644,0,0.0,0.0,0.0,1.0
2022-08-24,90934.85309272633,-0.0010915436556667,0.14769398372770626,0,0.0,0.0,0.0,1.0
2022-08-25,90990.03284361129,0.000606805300809,0.1471767999191208,0,0.0,0.0,0.0,1.0
2022-08-26,90967.96286824426,-0.0002425537685535,0.14738365540021037,0,0.0,0.0,0.0,1.0
2022-08-29,90901.75294214317,-0.000727837845473,0.14800422184347894,0,0.0,0.0,0.0,1.0
2022-08-30,90857.58411660488,-0.0004858963013222,0.14841820344082735,0,0.0,0.0,0.0,1.0
2022-08-31,90846.53469151925,-0.0001216125785542,0.14852176649895676,0,0.0,0.0,0.0,1.0
2022-09-01,90780.22851607073,-0.0007298701670204,0.14914323505945637,0,0.0,0.0,0.0,1.0
2022-09-02,90979.18554215529,0.0021916338980061,0.14727846853106485,0,0.0,0.0,0.0,1.0
2022-09-06,90780.22851607074,-0.0021868411428278,0.14914323505945626,0,0.0,0.0,0.0,1.0
2022-09-07,90912.86011683728,0.0014610185822903,0.14790011751501064,0,0.0,0.0,0.0,1.0
2022-09-08,90802.32736624201,-0.0012158098475092,0.1489361089431973,0,0.0,0.0,0.0,1.0
2022-09-09,90724.9813906426,-0.0008518060917915,0.14966105035010324,0,0.0,0.0,0.0,1.0
2022-09-12,90713.87421594851,-0.0001224268610898,0.14976515467857132,0,0.0,0.0,0.0,1.0
2022-09-13,90404.42293900765,-0.0034112893933313,0.15266555178825703,0,0.0,0.0,0.0,1.0
2022-09-14,90327.05771353876,-0.0008557681466657,0.15339067361860914,0,0.0,0.0,0.0,1.0
2022-09-15,90227.56476309436,-0.0011014744968216,0.1543231922003896,0,0.0,0.0,0.0,1.0
2022-09-16,90271.76246343688,0.0004898469825553,0.15390893996787192,0,0.0,0.0,0.0,1.0
2022-09-19,90172.288762862,-0.0011019359527315,0.15484127812620585,0,0.0,0.0,0.0,1.0
2022-09-20,90128.12956225844,-0.0004897203033149,0.15525516951183116,0,0.0,0.0,0.0,1.0
2022-09-21,90050.73546198531,-0.0008587119321018,0.15598056197735266,0,0.0,0.0,0.0,1.0
2022-09-22,89884.87858648394,-0.0018418158902366,0.15753509038997127,0,0.0,0.0,0.0,1.0
2022-09-23,89774.39396056237,-0.0012291792308009,0.15857063075954259,0,0.0,0.0,0.0,1.0
2022-09-26,89575.40805967359,-0.0022165106564373,0.16043566792310338,0,0.0,0.0,0.0,1.0
2022-09-27,89575.40805967359,0.0,0.16043566792310338,0,0.0,0.0,0.0,1.0
2022-09-28,89962.29193662656,0.0043190858443562,0.15680951750100358,0,0.0,0.0,0.0,1.0
2022-09-29,89840.7001360109,-0.0013515862924136,0.15794916219904287,0,0.0,0.0,0.0,1.0
2022-09-30,89763.334910542,-0.000861137828977,0.15867428402939499,0,0.0,0.0,0.0,1.0
2022-10-03,89960.33807487362,0.0021946952453131,0.15682783048079463,0,0.0,0.0,0.0,1.0
2022-10-04,89993.55372467372,0.0003692254888199,0.15651650982434462,0,0.0,0.0,0.0,1.0
2022-10-05,89904.98507516329,-0.0009841665968809,0.15734663810039595,0,0.0,0.0,0.0,1.0
2022-10-06,89794.29832561211,-0.0012311525268442,0.15838407291615253,0,0.0,0.0,0.0,1.0
2022-10-07,89683.65970073466,-0.0012321341882561,0.15942105667329332,0,0.0,0.0,0.0,1.0
2022-10-10,89650.43442599982,-0.0003704718880307,0.15973246754146653,0,0.0,0.0,0.0,1.0
2022-10-11,89186.30870909143,-0.00418124167512446,0.16408258333726966,3,0.7982713770043399,0.20172862299566008,0.0,0.0
2022-10-12,89039.73875453779,-0.0016434131726623031,0.16545634103107099,3,0.7969478650672743,0.20305213493272561,0.0,0.0
2022-10-13,90739.5008987484,0.019089927351387075,0.14952496320979336,3,0.8026575991208659,0.19734240087913424,0.0,0.0
2022-10-14,88931.98409789971,-0.019919845083406506,0.16646629418995873,3,0.8003079282854848,0.1996920717145152,0.0,0.0
2022-10-17,90674.46211478156,0.019593378406622147,0.15013455287734845,3,0.8050990777615955,0.19490092223840447,0.0,0.0
2022-10-18,90999.01122667904,0.0041869106230162595,0.1470926481374356,5,0.20150620867145566,0.5988992816783596,0.19959450965018463,0.0
2022-10-19,89633.52320471982,-0.015005525923328752,0.15989097151600695,5,0.20312627776732772,0.5969535438796347,0.1999201783530375,0.0
2022-10-20,88537.87535505842,-0.012223639219881814,0.17016016118556077,5,0.2039155674411851,0.5940104910258288,0.20207394153298605,0.0
2022-10-21,88347.71421160981,-0.002147794293527168,0.17194248645590782,5,0.20932062069873134,0.5845602335264475,0.2061191457748213,0.0
2022-10-24,88088.12076346311,-0.0029383153878199644,0.1743755805899544,5,0.21250633478297626,0.5814376286500056,0.20605603656701804,0.0
2022-10-25,89946.60854596234,0.02111700669419892,0.15695651337512717,5,0.19899164169888917,0.6046982513160521,0.19631010698505863,0.0
2022-10-26,90707.74403048772,0.008462080970362048,0.14982261112977124,5,0.1958352279348316,0.6082631596971143,0.19590161236805423,0.0
2022-10-27,91163.0691533852,0.005019694048883318,0.14555498075036422,5,0.19381658718041875,0.611562098243699,0.1946213145758822,0.0
2022-10-28,91019.04484687517,-0.0015798536386230162,0.14690487882302905,5,0.1987415789230401,0.6083195086712068,0.19293891240575314,0.0
2022-10-31,90350.38394850069,-0.007346384479197612,0.15317204358052283,5,0.19876622827403476,0.6084532712151924,0.1927805005107729,0.0
2022-11-01,90961.54767068345,0.00677288379498344,0.14744378318719964,5,0.19778527557041786,0.6015332309135621,0.20068149351602,0.0
2022-11-02,90145.27140860511,-0.008973860746450528,0.15509450395539837,5,0.19456760190659553,0.6043456414517759,0.20108675664162848,0.0
2022-11-03,89601.67652301978,-0.006030209650391473,0.1601894612313154,5,0.19373243178765887,0.6047308463300938,0.2015367218822473,0.0
2022-11-04,89495.48385650205,-0.001185163834411532,0.16118477430962175,5,0.19675403032591374,0.5952763401112,0.20796962956288628,0.0
2022-11-07,89058.67399778888,-0.004880803364486538,0.16527886648535384,5,0.19961034478887488,0.5922280866769455,0.2081615685341796,0.0
2022-11-08,90149.79546465237,0.0122599763458154,0.15505210128957891,5,0.19864373070044347,0.5992147052663646,0.20214156403319186,0.0
2022-11-09,89867.01116616967,-0.003136826844976826,0.15770255654086063,5,0.19516344031639335,0.6030763066732043,0.20176025301040226,0.0
2022-11-10,93467.98015678122,0.04006997611117988,0.12395171810294503,5,0.19795637381908296,0.6021506141393717,0.19989301204154541,0.0
2022-11-11,93564.27450425902,0.0010302388830514399,0.12304917909950419,5,0.19966660222478025,0.599326912413378,0.20100648536184182,0.0
2022-11-14,93309.00243416699,-0.002728307053568973,0.12544177020980007,5,0.198509676383808,0.5994929945408879,0.20199732907530418,0.0
2022-11-15,94439.47441367903,0.01211737964291942,0.11484618406657665,5,0.1992909274650627,0.6024085813105794,0.1983004912243579,0.0
2022-11-16,95497.01244844592,0.011198050829195503,0.1049341866440977,5,0.1955804667250272,0.6087653061871641,0.1956542270878087,0.0
2022-11-17,94690.61677200404,-0.008444197946791363,0.11249229954748075,5,0.19664251225037319,0.6074710590286775,0.1958864287209493,0.0
2022-11-18,94251.71004963641,-0.004635165947059287,0.11660604501837113,5,0.19845519567921674,0.6061028394951576,0.1954419648256257,0.0
2022-11-21,94321.51134624262,0.0007405838744936983,0.11595181770048657,5,0.19758726796812032,0.6082071041505738,0.194205627881306,0.0
2022-11-22,95547.07234490203,0.01360404904747986,0.10446498974684204,3,0.7998840950760265,0.20011590492397344,0.0,0.0
2022-11-23,96362.18310391974,0.008530986235510662,0.09682519290095426,3,0.7981160157808438,0.2018839842191561,0.0,0.0
2022-11-25,96279.01644671739,-0.0008630632321047786,0.09760468986912496,3,0.7986265311754412,0.20137346882455878,0.0,0.0
2022-11-28,95106.7208028676,-0.012176024300150136,0.10859227709362007,3,0.7955699058664937,0.20443009413350635,0.0,0.0
2022-11-29,94748.7540323199,-0.003763843054684485,0.11194739586037339,3,0.7972037917994502,0.20279620820054975,0.0,0.0
2022-11-30,94933.84649131268,0.0029564645701187,0.11021257790003292,0,0.0,0.0,0.0,1.0
2022-12-01,95138.28939002432,0.0021535301293238,0.1082963938778474,0,0.0,0.0,0.0,1.0
2022-12-02,95114.93807963084,-0.0002454459770425,0.10851525894068426,0,0.0,0.0,0.0,1.0
2022-12-05,94846.21075425729,-0.0028252904412194,0.11103396225809203,0,0.0,0.0,0.0,1.0
2022-12-06,94951.32707781014,0.0011082817406928,0.11004873743036658,0,0.0,0.0,0.0,1.0
2022-12-07,95149.94986231448,0.0020918378986063,0.10818710365141082,0,0.0,0.0,0.0,1.0
2022-12-08,95056.51425492726,-0.0009819827285503,0.10906284851272352,0,0.0,0.0,0.0,1.0
2022-12-09,95009.78126832702,-0.0004916337082896,0.10950086324836228,0,0.0,0.0,0.0,1.0
2022-12-12,94951.32707781016,-0.0006152439226417,0.11004873743036647,0,0.0,0.0,0.0,1.0
2022-12-13,95231.79585097586,0.0029538162529931,0.10741998492661653,0,0.0,0.0,0.0,1.0
2022-12-14,95243.42595745272,0.0001221241957367,0.107310979310145,0,0.0,0.0,0.0,1.0
2022-12-15,95256.3111842108,0.0001352873085838,0.10719020981513361,0,0.0,0.0,0.0,1.0
2022-12-16,95350.00996197958,0.0009836490265466,0.10631199833412697,0,0.0,0.0,0.0,1.0
2022-12-19,95232.89914219081,-0.0012282203204327,0.10740964409789988,0,0.0,0.0,0.0,1.0
2022-12-20,95232.89914219081,0.0,0.10740964409789988,0,0.0,0.0,0.0,1.0
2022-12-21,95326.61816383508,0.0009841034189701,0.10653124287691684,0,0.0,0.0,0.0,1.0
2022-12-22,95268.0425100652,-0.0006144732174303,0.10708025549877964,0,0.0,0.0,0.0,1.0
2022-12-23,95221.18806021195,-0.0004918170733728,0.107519408674277,0,0.0,0.0,0.0,1.0
2022-12-27,95092.38640231981,-0.0013526575388945,0.10872662927445087,0,0.0,0.0,0.0,1.0
2022-12-28,95092.38640231981,0.0,0.10872662927445087,0,0.0,0.0,0.0,1.0
2022-12-29,96580.94282783466,0.016670462336030478,0.09477482142654692,3,0.8010464709047287,0.19895352909527134,0.0,0.0
2022-12-30,96163.39426441057,-0.004323301794313765,0.09868838306533156,3,0.8024054192897019,0.19759458071029812,0.0,0.0
2023-01-03,96201.18277407734,0.00039296147932212685,0.09833420231901069,3,0.7987136190279119,0.20128638097208804,0.0,0.0
2023-01-04,97059.66513730392,0.008923823371721701,0.09028789600018305,3,0.7977607067609788,0.20223929323902118,0.0,0.0
2023-01-05,96257.99306104075,-0.008259580075091972,0.09780173596844999,3,0.7952238515864922,0.20477614841350775,0.0,0.0
2023-01-06,96528.79975215664,0.0038171595377043,0.09526354335874165,0,0.0,0.0,0.0,1.0
2023-01-09,96623.53173542698,0.0009813856953941,0.0943756479420923,0,0.0,0.0,0.0,1.0
2023-01-10,96540.67323682371,-0.0008575395363332,0.09515225662904792,0,0.0,0.0,0.0,1.0
2023-01-11,96623.531735427,0.0008582755415431,0.09437564794209208,0,0.0,0.0,0.0,1.0
2023-01-12,96836.71196401386,0.0022062972110208,0.0923775714599141,0,0.0,0.0,0.0,1.0
2023-01-13,96670.91308070613,-0.0017121490387791,0.09393155632851347,0,0.0,0.0,0.0,1.0
2023-01-17,96730.10649607645,0.0006123187780475,0.09337675360625719,0,0.0,0.0,0.0,1.0
2023-01-18,96943.266253138,0.0022036547335984,0.09137886899775127,0,0.0,0.0,0.0,1.0
2023-01-19,96919.56022685449,-0.0002445350481757,0.09160105870979429,0,0.0,0.0,0.0,1.0
2023-01-20,96836.71196401386,-0.0008548146797893,0.0923775714599141,0,0.0,0.0,0.0,1.0
2023-01-23,96741.95950921824,-0.0009784765805641,0.09326565875023529,0,0.0,0.0,0.0,1.0
2023-01-24,96777.46736983031,0.0003670368141415,0.0929328538663503,0,0.0,0.0,0.0,1.0
2023-01-25,96836.71196401386,0.0006121734303827,0.0923775714599141,0,0.0,0.0,0.0,1.0
2023-01-26,96777.46736983032,-0.0006117989033493,0.0929328538663502,0,0.0,0.0,0.0,1.0
2023-01-27,96777.46736983032,0.0,0.0929328538663502,0,0.0,0.0,0.0,1.0
2023-01-30,96176.45397405163,-0.00521547714354926,0.09856597819284008,5,0.1985260262108196,0.6009414440176687,0.2005325297715117,0.0
2023-01-31,96989.36954806984,0.008452334645624775,0.0909467561795746,5,0.19975664071354793,0.6006685241094007,0.19957483517705124,0.0
2023-02-01,98139.44010688832,0.011857697025739446,0.08016747823408643,5,0.19951384145943463,0.6007655427694986,0.19972061577106698,0.0
2023-02-02,98094.03206482352,-0.00046268902711631496,0.08059307464869225,5,0.20251186055797793,0.6018215804445055,0.1956665589975165,0.0
2023-02-03,96520.92200454377,-0.01603675603058298,0.09533737920337948,5,0.20362480264673039,0.6024826316161701,0.1938925657370995,0.0
2023-02-06,96152.28118186217,-0.0028221062057116,0.09879254276640537,0,0.0,0.0,0.0,1.0
2023-02-07,96199.63700657016,0.0004925085928895,0.0983486903497417,0,0.0,0.0,0.0,1.0
2023-02-08,96235.11049026498,0.0003687486231616,0.09801620767073638,0,0.0,0.0,0.0,1.0
2023-02-09,96164.09206549813,-0.0007379679246489,0.0986818427780285,0,0.0,0.0,0.0,1.0
2023-02-10,96116.77707357712,-0.000492023487195,0.09912531248081702,0,0.0,0.0,0.0,1.0
2023-02-13,96140.42946543924,0.0002460797436436,0.09890362546865716,0,0.0,0.0,0.0,1.0
2023-02-14,95939.34840592254,-0.0020915348582771,0.10078829994665661,0,0.0,0.0,0.0,1.0
2023-02-15,95951.1592895585,0.0001231078158461,0.10067759995827974,0,0.0,0.0,0.0,1.0
2023-02-16,95962.99058958795,0.0001233054411957,0.10056670861296535,0,0.0,0.0,0.0,1.0
2023-02-17,96045.78927340053,0.000862818919084,0.09979066055270258,0,0.0,0.0,0.0,1.0
2023-02-21,94374.04506870266,-0.016422122229906078,0.11545943434925143,5,0.19926013163696868,0.5981604859058403,0.202579382457191,0.0
2023-02-22,94757.88892570576,0.004067260831340655,0.1118617771528484,5,0.198179440570316,0.60119697599839,0.20062358343129397,0.0
2023-02-23,95404.39354740038,0.006822699714231864,0.10580227675363085,5,0.19788355005748295,0.6029580852324802,0.199158364710037,0.0
2023-02-24,94318.14248546348,-0.011385755116164641,0.11598339305594596,5,0.1980243717269026,0.6019729620410197,0.20000266623207774,0.0
2023-02-27,94613.1611484111,0.0031279100199953086,0.11321826865324336,5,0.19807922534776456,0.601760115520158,0.20016065913207756,0.0
2023-02-28,94495.16246123202,-0.0002474173220882,0.11432423614067555,0,0.0,0.0,0.0,1.0
2023-03-01,94322.16191674765,-0.0018307873120526,0.11594572009174164,0,0.0,0.0,0.0,1.0
2023-03-02,94357.2049714669,0.0003715251432656,0.11561727169874403,0,0.0,0.0,0.0,1.0
2023-03-03,94415.66375306835,0.0006195476182144,0.11506935448583488,0,0.0,0.0,0.0,1.0
2023-03-06,94368.91283490801,-0.0004951606153255,0.11550753728878815,0,0.0,0.0,0.0,1.0
2023-03-07,94170.18116492454,-0.0021059018697306,0.11737019161977436,0,0.0,0.0,0.0,1.0
2023-03-08,94123.37991201165,-0.0004969859071516,0.11780884619577126,0,0.0,0.0,0.0,1.0
2023-03-09,94427.38168345997,0.0032298220881199,0.11495952572127033,0,0.0,0.0,0.0,1.0
2023-03-10,94941.81292138236,0.0054479032326328,0.11013791086043623,0,0.0,0.0,0.0,1.0
2023-03-13,95888.75055399095,0.0099738735070575,0.10126253894463222,0,0.0,0.0,0.0,1.0
2023-03-14,95526.33026874324,-0.0037795912779534,0.10465939921360701,0,0.0,0.0,0.0,1.0
2023-03-15,96087.49229092494,0.0058744224822935,0.09939979025903722,0,0.0,0.0,0.0,1.0
2023-03-16,95701.67641269603,-0.004015255982129,0.10301593063870629,0,0.0,0.0,0.0,1.0
2023-03-17,96180.99412724562,0.005008456826635,0.0985234246531308,0,0.0,0.0,0.0,1.0
2023-03-20,96064.12689879528,-0.0012150761126021,0.09961878730590512,0,0.0,0.0,0.0,1.0
2023-03-21,95701.67641269603,-0.0037730055724244,0.10301593063870629,0,0.0,0.0,0.0,1.0
2023-03-22,96145.91080472436,0.0046418663567882,0.09885225046456303,0,0.0,0.0,0.0,1.0
2023-03-23,96426.5169831915,0.0029185451166722,0.09622221010075627,0,0.0,0.0,0.0,1.0
2023-03-24,96473.27796830234,0.0004849390662839,0.09578393294319432,0,0.0,0.0,0.0,1.0
2023-03-27,96064.1268987953,-0.0042410818635341,0.09961878730590501,0,0.0,0.0,0.0,1.0
2023-03-28,95958.88699818199,-0.0010955171718177,0.10060517038559347,0,0.0,0.0,0.0,1.0
2023-03-29,95923.7936087102,-0.0003657127606372,0.10093409055163471,0,0.0,0.0,0.0,1.0
2023-03-30,95935.5115391018,0.0001221587465505,0.10082426178707016,0,0.0,0.0,0.0,1.0
2023-03-31,96052.40896840367,0.0012185000885123,0.09972861607046968,0,0.0,0.0,0.0,1.0
2023-04-03,96169.57820536927,0.0012198469379787,0.09863042277943324,0,0.0,0.0,0.0,1.0
2023-04-04,96392.1685480573,0.0023145608709305,0.0965441480257514,0,0.0,0.0,0.0,1.0
2023-04-05,96521.07584931552,0.0013373213114709,0.09533593726093315,0,0.0,0.0,0.0,1.0
2023-04-06,96485.90192423966,-0.0003644170432866,0.09566561226384418,0,0.0,0.0,0.0,1.0
2023-04-10,96146.14234458603,-0.0035213391063123,0.09885008030856246,0,0.0,0.0,0.0,1.0
2023-04-11,96134.41434724392,-0.0001219809454245,0.09896000342773559,0,0.0,0.0,0.0,1.0
2023-04-12,96239.8555868674,0.0010968105473927,0.09797173325587238,0,0.0,0.0,0.0,1.0
2023-04-13,96298.47543967699,0.0006091016289677,0.09742230636922355,0,0.0,0.0,0.0,1.0
2023-04-14,96075.8347622364,-0.0023119854849629,0.09950905289594925,0,0.0,0.0,0.0,1.0
2023-04-17,95935.2497983886,-0.0014632708026498,0.1008267150068971,0,0.0,0.0,0.0,1.0
2023-04-18,95911.80387065487,-0.0002443932525635,0.1010464668906349,0,0.0,0.0,0.0,1.0
2023-04-19,95829.81862571565,-0.0008547982795714,0.1018148908241514,0,0.0,0.0,0.0,1.0
2023-04-20,96064.10676489428,0.0024448354649788,0.09961897601512237,0,0.0,0.0,0.0,1.0
2023-04-21,96005.55738073828,-0.0006094824188529,0.10016774241950999,0,0.0,0.0,0.0,1.0
2023-04-24,96111.00868731225,0.0010983875251697,0.09917937789303821,0,0.0,0.0,0.0,1.0
2023-04-25,96485.9019242397,0.0039006274312147,0.09566561226384374,0,0.0,0.0,0.0,1.0
2023-04-26,96368.75282117515,-0.0012141577238564,0.09676361684566248,0,0.0,0.0,0.0,1.0
2023-04-27,96181.30620271142,-0.0019450974820807,0.09852049966025966,0,0.0,0.0,0.0,1.0
2023-04-28,96286.71724148336,0.0010959618135126,0.09753251255222284,0,0.0,0.0,0.0,1.0
2023-05-01,96076.49918096997,-0.0021832508837764,0.09950282549177258,0,0.0,0.0,0.0,1.0
2023-05-02,96393.61818893054,0.0033006927881837,0.09653056096209345,0,0.0,0.0,0.0,1.0
2023-05-03,96628.48014428816,0.002436488636595,0.09432926794036667,0,0.0,0.0,0.0,1.0
2023-05-04,96781.18571654789,0.0015803371017706,0.09289800288050498,0,0.0,0.0,0.0,1.0
2023-05-05,96546.25329253673,-0.0024274596583186,0.09509995638449287,0,0.0,0.0,0.0,1.0
2023-05-08,96393.61818893054,-0.001580953153549,0.09653056096209345,0,0.0,0.0,0.0,1.0
2023-05-09,96370.12192644428,-0.0002437532995205,0.09675078461887487,0,0.0,0.0,0.0,1.0
2023-05-10,96605.01408265342,0.0024373960675116,0.09454920853332183,0,0.0,0.0,0.0,1.0
2023-05-11,96663.7446719186,0.0006079455587566,0.09399874374597694,0,0.0,0.0,0.0,1.0
2023-05-12,96499.33123621777,-0.0017008800585872,0.09553974321579428,0,0.0,0.0,0.0,1.0
2023-05-15,96511.02903270835,0.0001212215291104,0.09543010316044742,0,0.0,0.0,0.0,1.0
2023-05-16,96393.61818893057,-0.001216553641118,0.09653056096209311,0,0.0,0.0,0.0,1.0
2023-05-17,96287.89507469286,-0.0010967854119812,0.09752147306300085,0,0.0,0.0,0.0,1.0
2023-05-18,96111.75364164992,-0.0018293206316984,0.09917239565199143,0,0.0,0.0,0.0,1.0
2023-05-19,96041.31518894366,-0.0007328807355746,0.09983259484929197,0,0.0,0.0,0.0,1.0
2023-05-22,96006.06072826375,-0.0003670759881885,0.10016302468907279,0,0.0,0.0,0.0,1.0
2023-05-23,95994.2924631196,-0.0001225783565629,0.10027332522668098,0,0.0,0.0,0.0,1.0
2023-05-24,95876.8614854408,-0.0012233120810168,0.10137397173754426,0,0.0,0.0,0.0,1.0
2023-05-25,95665.49579256945,-0.0022045537327423,0.10335504110248972,0,0.0,0.0,0.0,1.0
2023-05-26,95642.00959703368,-0.0002455033065075,0.10357517040466235,0,0.0,0.0,0.0,1.0
2023-05-30,95829.90922827028,0.0019646140020297,0.10181404163267227,0,0.0,0.0,0.0,1.0
2023-05-31,95923.84394346281,0.0009802233556204,0.1009336187785903,0,0.0,0.0,0.0,1.0
2023-06-01,96073.34822546091,0.001558572674446,0.09953235848430564,0,0.0,0.0,0.0,1.0
2023-06-02,95802.59759154137,-0.0028181659005384,0.1020700256861633,0,0.0,0.0,0.0,1.0
2023-06-05,95826.14418878019,0.0002457824509018,0.10184933025633813,0,0.0,0.0,0.0,1.0
2023-06-06,95779.04092735206,-0.0004915491677859,0.10229081547059704,0,0.0,0.0,0.0,1.0
2023-06-07,95708.40113563564,-0.000737528701817,0.10295290176007221,0,0.0,0.0,0.0,1.0
2023-06-08,95861.45905116317,0.0015992108708473,0.10151833428890478,0,0.0,0.0,0.0,1.0
2023-06-09,95684.84447144634,-0.0018423940284758,0.10317369154450584,0,0.0,0.0,0.0,1.0
2023-06-12,95767.31293000997,0.0008618758698848,0.10240073858977006,0,0.0,0.0,0.0,1.0
2023-06-13,95590.70841724363,-0.0018441001147793,0.10405600149076255,0,0.0,0.0,0.0,1.0
2023-06-14,95531.83689067136,-0.0006158708053016,0.10460778724262942,0,0.0,0.0,0.0,1.0
2023-06-15,95731.95779982497,0.0020948085545831,0.10273211197563825,0,0.0,0.0,0.0,1.0
2023-06-16,95602.45654848678,-0.0013527483853301,0.10394588966237173,0,0.0,0.0,0.0,1.0
2023-06-20,95637.76134391924,0.0003692875340974,0.10361498804954716,0,0.0,0.0,0.0,1.0
2023-06-21,95637.76134391924,0.0,0.10361498804954716,0,0.0,0.0,0.0,1.0
2023-06-22,95531.83689067137,-0.0011075588947231,0.10460778724262931,0,0.0,0.0,0.0,1.0
2023-06-23,95614.24494753194,0.0008626240166917,0.10383540041554606,0,0.0,0.0,0.0,1.0
2023-06-26,95684.84447144634,0.000738378721216,0.10317369154450584,0,0.0,0.0,0.0,1.0
2023-06-27,95543.62528971653,-0.0014758782596125,0.10449729799580387,0,0.0,0.0,0.0,1.0
2023-06-28,95649.5296090634,0.0011084394068754,0.10350468751193886,0,0.0,0.0,0.0,1.0
2023-06-29,95414.15423922986,-0.0024608105319028,0.10571079261871108,0,0.0,0.0,0.0,1.0
2023-06-30,95449.45903466232,0.0003700163326285,0.10537989100588652,0,0.0,0.0,0.0,1.0
2023-07-03,95338.51117311083,-0.0011623728690929,0.1064197731487262,0,0.0,0.0,0.0,1.0
2023-07-05,95314.83370551541,-0.000248351555988,0.10664169518846478,0,0.0,0.0,0.0,1.0
2023-07-06,95255.86150943807,-0.0006187095311896,0.10719442448641903,0,0.0,0.0,0.0,1.0
2023-07-07,95362.1081051022,0.0011153811847433,0.10619860594585728,0,0.0,0.0,0.0,1.0
2023-07-10,95503.72996485235,0.0014850957320915,0.10487122531020998,0,0.0,0.0,0.0,1.0
2023-07-11,95491.92143190616,-0.000123644730426,0.10498190326625312,0,0.0,0.0,0.0,1.0
2023-07-12,95775.18528530747,0.0029663645798907,0.10232695328574093,0,0.0,0.0,0.0,1.0
2023-07-13,96046.63053881208,0.0028341918911041,0.09978277561588067,0,0.0,0.0,0.0,1.0
2023-07-14,95798.78221729882,-0.0025804999105419,0.10210578608287213,0,0.0,0.0,0.0,1.0
2023-07-17,95834.18768223637,0.0003695815762796,0.1017739409239602,0,0.0,0.0,0.0,1.0
2023-07-18,95834.18768223637,0.0,0.1017739409239602,0,0.0,0.0,0.0,1.0
2023-07-19,95869.62334802542,0.0003697601727115,0.10144181270122232,0,0.0,0.0,0.0,1.0
2023-07-20,95751.5782863656,-0.0012313082865809,0.10254821484321841,0,0.0,0.0,0.0,1.0
2023-07-21,95763.37675236128,0.0001232195459002,0.10243763124178407,0,0.0,0.0,0.0,1.0
2023-07-24,95645.37195850351,-0.0012322538934996,0.1035436559653451,0,0.0,0.0,0.0,1.0
2023-07-25,95633.55335860683,-0.0001235668768355,0.1036544282759968,0,0.0,0.0,0.0,1.0
2023-07-26,95727.98135437426,0.00098739398936,0.1027693820460871,0,0.0,0.0,0.0,1.0
2023-07-27,95586.29909292106,-0.001480050654455,0.10409732880938682,0,0.0,0.0,0.0,1.0
2023-07-28,95716.18288837858,0.0013588118453173,0.10287996564752155,0,0.0,0.0,0.0,1.0
2023-07-31,95739.75968646891,0.0002463198738067,0.10265898715387023,0,0.0,0.0,0.0,1.0
2023-08-01,95659.31468495744,-0.0008402465368089,0.10341297483225076,0,0.0,0.0,0.0,1.0
2023-08-02,95706.62935234625,0.0004946164160242,0.10296950817120842,0,0.0,0.0,0.0,1.0
2023-08-03,95742.13548678887,0.0003709892896959,0.10263671946620934,0,0.0,0.0,0.0,1.0
2023-08-04,95931.48475889866,0.0019777005301486,0.10086200363056164,0,0.0,0.0,0.0,1.0
2023-08-07,95966.98082639076,0.0003700147827516,0.10052930928017134,0,0.0,0.0,0.0,1.0
2023-08-08,96014.30556073008,0.000493135596554,0.10008574826452032,0,0.0,0.0,0.0,1.0
2023-08-09,95955.15215954358,-0.0006160894550145,0.10064017594543173,0,0.0,0.0,0.0,1.0
2023-08-10,95907.83749215478,-0.000493091473714,0.10108364260647396,0,0.0,0.0,0.0,1.0
2023-08-11,95813.13768872361,-0.0009874042195864,0.10197123641081962,0,0.0,0.0,0.0,1.0
2023-08-14,95730.30681994169,-0.0008645042922091,0.10274758613146973,0,0.0,0.0,0.0,1.0
2023-08-15,95765.81295438431,0.0003708975310128,0.10241479742647053,0,0.0,0.0,0.0,1.0
2023-08-16,95718.48822004501,-0.0004941714885441,0.10285835844212143,0,0.0,0.0,0.0,1.0
2023-08-17,95824.99655642237,0.0011127248074844,0.10186008668173263,0,0.0,0.0,0.0,1.0
2023-08-18,95860.47249001346,0.00037021586085,0.10152758104055959,0,0.0,0.0,0.0,1.0
2023-08-21,95555.63704633192,-0.0021821732139769598,0.10438471528322324,2,0.4034829911341191,0.39553088828992367,0.20098612057595713,0.0
2023-08-22,95772.92844887088,0.0022739778547402967,0.10234810595941035,2,0.40147712549429015,0.3976619691950602,0.2008609053106496,0.0
2023-08-23,97340.37666309747,0.016366297236733086,0.0876568682464256,2,0.3994118384229034,0.4009528678922994,0.19963529368479718,0.0
2023-08-24,96539.82995013037,-0.008224199868651205,0.09516016051075815,2,0.39714251220637187,0.4016119930071404,0.2012454947864877,0.0
2023-08-25,96911.62469753802,0.003851205741709923,0.09167543612558926,2,0.39840790715740776,0.401377932034417,0.20021416080817525,0.0
2023-08-28,96874.5448987621,0.0006180034420657,0.09202297433018336,0,0.0,0.0,0.0,1.0
2023-08-29,97089.8845151383,0.0022228709987874,0.09000465853225659,0,0.0,0.0,0.0,1.0
2023-08-30,97089.8845151383,0.0,0.09000465853225659,0,0.0,0.0,0.0,1.0
2023-08-31,97185.51977082559,0.0009850177097736,0.08910829700509937,0,0.0,0.0,0.0,1.0
2023-09-01,97132.78146126175,-0.0005426560426718,0.08960259789194913,0,0.0,0.0,0.0,1.0
2023-09-05,97012.84302471025,-0.0012347884488342,0.09072674608792086,0,0.0,0.0,0.0,1.0
2023-09-06,96904.92387484242,-0.0011124212681854,0.09173824099416483,0,0.0,0.0,0.0,1.0
2023-09-07,97084.78573221833,0.0018560652047794,0.0900524479464423,0,0.0,0.0,0.0,1.0
2023-09-08,97036.84088923197,-0.0004938450718591,0.09050182106067417,0,0.0,0.0,0.0,1.0
2023-09-11,97060.82857654226,0.0002472018574644,0.09027699142147994,0,0.0,0.0,0.0,1.0
2023-09-12,97092.71013730165,0.0013297997007613602,0.0899781747948597,5,0.19863872208979136,0.6026568452559073,0.1987044326543014,0.0
2023-09-13,97058.23244650447,-0.00035510071506319297,0.09030132419571324,5,0.1989409723777422,0.602743182067342,0.19831584555491594,0.0
2023-09-14,96812.24283857572,-0.0025344538194049583,0.0926069134791131,5,0.20116615462154466,0.5999130553604656,0.1989207900179898,0.0
2023-09-15,96350.8115758752,-0.004766249073166478,0.09693177493674088,5,0.19969424745259895,0.5991123884357002,0.20119336411170088,0.0
2023-09-18,96805.35438634151,0.004717581544275419,0.0926714769449608,5,0.19887318251420866,0.599699149196791,0.20142766828900038,0.0
2023-09-19,96318.0387977332,-0.005032553016210879,0.09723894468552685,5,0.2005947093555425,0.5985841768909695,0.200821113753488,0.0
2023-09-20,96334.6126348541,0.0001720740717707027,0.09708360291490281,5,0.19871639537695943,0.6003513919211174,0.20093221270192324,0.0
2023-09-21,94393.03701072803,-0.02015449661364601,0.11528142838235989,5,0.19945176060187694,0.5969694382529045,0.20357880114521856,0.0
2023-09-22,94865.75424059047,0.0050079671640261645,0.11085078682629457,5,0.19801164258186685,0.5987755219885993,0.2032128354295339,0.0
2023-09-25,93447.58848318979,-0.014949185496423162,0.12414284334802705,5,0.20186201029669784,0.5929037351115919,0.2052342545917103,0.0
2023-09-26,92828.10829325793,-0.00662212329345512,0.12994905158264125,5,0.1983754159082021,0.6019001816528999,0.19972440243889797,0.0
2023-09-27,92316.9670237529,-0.005506320002668228,0.13473983052325222,5,0.19955339816079037,0.6020999606835951,0.19834664115561446,0.0
2023-09-28,92502.01860213447,0.002004524025729046,0.13300539572502956,5,0.20030879432920815,0.6027305522349292,0.19696065343586264,0.0
2023-09-29,92276.142836316,-0.0024418468832556202,0.13512246379727788,5,0.20031180178743027,0.604274213331912,0.1954139848806577,0.0
2023-10-02,91146.04631997042,-0.012246898077980987,0.14571453083308783,5,0.20271474806565026,0.6015254101306352,0.19575984180371445,0.0
2023-10-03,89672.56881732235,-0.016161943766456383,0.15952500830830008,5,0.20056427461936238,0.5967373744270866,0.2026983509535511,0.0
2023-10-04,90556.3058543091,0.009855154688242216,0.15124199725357934,5,0.20005325531772955,0.599250259040625,0.2006964856416454,0.0
2023-10-05,90245.66384134302,-0.00343037417477986,0.15415355478683834,5,0.20066625308673203,0.5983155274329751,0.20101821948029283,0.0
2023-10-06,89899.86998911771,-0.003831694925899515,0.15739458031905174,5,0.20382973168464896,0.593338997589857,0.20283127072549395,0.0
2023-10-09,91604.34343369401,0.01895968753661841,0.1414190448452396,5,0.20131773837843991,0.5959652975247884,0.2027169640967718,0.0
2023-10-10,91592.59150579287,-0.00012425587180481983,0.14152919225860527,5,0.20106593690334768,0.5992448697209056,0.1996891933757467,0.0
2023-10-11,92947.97233070951,0.014797930734724478,0.12882560070786497,5,0.19894558626073286,0.6028400435318532,0.19821437020741386,0.0
2023-10-12,91259.00510993511,-0.018171103450918148,0.1446558008411939,5,0.20139224217400065,0.5973406263493752,0.20126713147662414,0.0
2023-10-13,92733.32670554522,0.016155354683453527,0.13083741192734877,5,0.19720324414923415,0.5983619530814722,0.20443480276929357,0.0
2023-10-16,91940.46053516108,-0.008549959313998417,0.13826871669261953,5,0.20099661578257216,0.5938087361911394,0.2051946480262885,0.0
2023-10-17,91549.34323322054,-0.004055831832397037,0.14193454577986941,2,0.40161050615016186,0.3972026591276419,0.20118683472219628,0.0
2023-10-18,91006.0287279827,-0.005934663057644781,0.1470268751320708,2,0.3986247414662762,0.3960586007988543,0.20531665773486954,0.0
2023-10-19,90178.68799924308,-0.009091054079642922,0.15478129993872713,2,0.3987472777027584,0.3915092150453645,0.2097435072518771,0.0
2023-10-20,89988.96657800648,-0.0021038387832631182,0.1565595038202553,2,0.3946778182353364,0.39456248207824857,0.2107596996864151,0.0
2023-10-23,90289.89781957486,0.0033440904258802535,0.1537389625321809,2,0.3926805326146258,0.3979715948520029,0.20934787253337128,0.0
2023-10-24,91119.50846763805,0.00939222567921202,0.14596326242974822,5,0.19963291132666897,0.6022497179078593,0.19811737076547173,0.0
2023-10-25,89712.77434042982,-0.015438341918929935,0.15914817359568512,5,0.19985314259154635,0.5980760066836736,0.20207085072478,0.0
2023-10-26,90349.69362913814,0.00709953842572554,0.15317851374378633,5,0.1960680010087853,0.6029689340387152,0.20096306495249952,0.0
2023-10-27,90249.10745420941,-0.001113298461659533,0.15412127880173554,5,0.19539679608127944,0.6010763926761377,0.20352681124258293,0.0
2023-10-30,90112.00137951574,-0.0015191959074303196,0.1554063342931623,5,0.19803374240558896,0.599279528050046,0.20268672954436495,0.0
2023-10-31,90045.8871770258,-0.0005318303573821197,0.15602600354677365,2,0.402726340596578,0.3982591299497616,0.19901452945366047,0.0
2023-11-01,91153.72050544288,0.012302986434451345,0.14564260291737996,2,0.40207460549263274,0.4019489838797634,0.19597641062760385,0.0
2023-11-02,92750.74483199464,0.017520122247301977,0.13067415687760564,2,0.4027243205475032,0.40403345631061144,0.19324222314188536,0.0
2023-11-03,93410.78196260893,0.007116246147778672,0.12448782019532145,2,0.4035269307305146,0.40389806402815004,0.1925750052413353,0.0
2023-11-06,92991.34763944335,-0.004490213167613444,0.1284190565134864,2,0.40627949263951335,0.40178432008212717,0.19193618727835945,0.0
2023-11-07,93440.59865063969,0.00522688394051044,0.12420835702218569,3,0.7981052910549475,0.20189470894505257,0.0,0.0
2023-11-08,93816.5647424957,0.004023583937659628,0.12068453583476368,3,0.7954890580373128,0.20451094196268724,0.0,0.0
2023-11-09,92793.22926696944,-0.010907833582854675,0.13027596258470864,3,0.7979896275520395,0.20201037244796047,0.0,0.0
2023-11-10,94053.69556580215,0.0135836020449973,0.118461977371491,3,0.7995808403938762,0.20041915960612386,0.0,0.0
2023-11-13,93939.18273555885,-0.0012175261115943258,0.1195352729324044,3,0.7997925779793054,0.20020742202069464,0.0,0.0
2023-11-14,95865.27255020944,0.020707512620094917,0.10148259146786709,1,0.5992318182846306,0.40076818171536954,0.0,0.0
2023-11-15,95447.67130573063,-0.0043561263987444586,0.10539664687090544,1,0.6031276595375749,0.39687234046242514,0.0,0.0
2023-11-16,95988.81996301163,0.005669584704142685,0.10032461738373011,1,0.6004610179455326,0.3995389820544674,0.0,0.0
2023-11-17,96240.24600433592,0.002619326307180009,0.09796807398612095,1,0.5996371974518694,0.4003628025481306,0.0,0.0
2023-11-20,96919.83053227102,0.007061334069163625,0.09159852521548595,1,0.6000161082587372,0.39998389174126275,0.0,0.0
2023-11-21,97022.38402630626,0.0014587266689945,0.09063732104587174,5,0.19927341581557467,0.5988614700833271,0.20186511410109823,0.0
2023-11-22,97218.90535095279,0.0020255256209045255,0.08879538364095574,5,0.19963841852623176,0.5997631846717838,0.20059839680198435,0.0
2023-11-24,96645.68356532227,-0.0058961966662887015,0.09416802526223877,5,0.20094607960774796,0.5962161200260638,0.20283780036618823,0.0
2023-11-27,97705.30343776575,0.01096396479753052,0.08423651537873633,5,0.1984088345008366,0.5996012908520768,0.20198987464708654,0.0
2023-11-28,98103.09888734411,0.00407138032002273,0.08050809394965386,5,0.19779995491755856,0.5983472334525202,0.2038528116299212,0.0
2023-11-29,98857.90136084826,0.00769785424118876,0.07343354918067735,5,0.19833260571581143,0.6029015766053184,0.19876581767887017,0.0
2023-11-30,98164.71845468371,-0.007011912013328295,0.0799305516083243,5,0.2005195374433582,0.6001453708177016,0.1993350917389403,0.0
2023-12-01,99728.72732648121,0.01593249485577142,0.06527154985487149,5,0.19854253353600698,0.6018596510364763,0.19959781542751664,0.0
2023-12-04,98955.71937047967,-0.007751106193012412,0.07251672933357634,5,0.19904306448010048,0.6041476229165906,0.1968093126033088,0.0
2023-12-05,100162.7282940908,0.012197465000403014,0.06120378460116327,5,0.19660576360171944,0.6096914370649351,0.19370279933334547,0.0
2023-12-06,100955.25847718863,0.00792219428951756,0.05377562894732524,5,0.197628408810208,0.6032119931509788,0.19915959803881322,0.0
2023-12-07,100791.29987115363,-0.0016240719751318738,0.055312365430538635,5,0.19946030824233194,0.6007269047598143,0.19981278699785382,0.0
2023-12-08,100113.60127668071,-0.006723780676896318,0.06166423789355968,5,0.2016738344520321,0.5998444114958015,0.19848175405216645,0.0
2023-12-11,99845.6573142581,-0.0026763992005652227,0.0641755989771231,5,0.2030015920819633,0.6001817070071297,0.19681670091090703,0.0
2023-12-12,100105.40361920683,0.002601478240873191,0.06174107216058389,5,0.2033996176108855,0.6004012838291295,0.19619909855998488,0.0
2023-12-13,102242.02923861788,0.02134764114126468,0.041715099631782215,5,0.19852007713096956,0.6012420230049735,0.2002378998640569,0.0
2023-12-14,104026.28009723155,0.017451246536289784,0.024991833583452583,5,0.1957412713683561,0.6063015234615929,0.1979572051700509,0.0
2023-12-15,103874.03504401527,-0.0014635249196066217,0.026418782331823154,5,0.1957053974699631,0.6078644940527838,0.19643010847725317,0.0
2023-12-18,103578.0448029581,-0.0028495113425770525,0.029193013054488515,5,0.19736866174432677,0.604744478385926,0.19788685986974702,0.0
2023-12-19,104179.53895833823,0.005807158809807452,0.02355538270762525,5,0.1974223606445902,0.604492700876782,0.19808493847862776,0.0
2023-12-20,104200.3608900855,0.00020435946555423997,0.023360224777579375,5,0.1971882632445397,0.6039415743427862,0.19887016241267402,0.0
2023-12-21,104143.48322702284,-0.000545849002602441,0.023893322624786384,5,0.19916669339072274,0.6004476254510848,0.20038568115819252,0.0
2023-12-22,103993.2775188244,-0.0014422957975296308,0.02530115718350534,5,0.1998552149951354,0.598579793818047,0.20156499118681756,0.0
2023-12-26,104417.77293938465,0.0040819505903485825,0.021322484666658315,5,0.1998831708290965,0.5978414430851408,0.20227538608576273,0.0
2023-12-27,105657.50845757514,0.011872840066318694,0.009702803050603559,5,0.19789500409923355,0.6012958904198943,0.20080910548087205,0.0
2023-12-28,105472.42007044145,-0.00115036458701276,0.011437582846589023,3,0.8012239222239459,0.19877607777605408,0.0,0.0
2023-12-29,105038.6709088602,-0.004112441539613702,0.015502987995391626,3,0.8022034576012284,0.19779654239877162,0.0,0.0
2024-01-02,104447.34943166902,-0.005629559780932944,0.02104527277862145,3,0.8022302757735262,0.19776972422647376,0.0,0.0
2024-01-03,103849.20979345674,-0.005726709595475079,0.02665146220853576,3,0.800261637107777,0.1997383628922231,0.0,0.0
2024-01-04,103266.3412590967,-0.005612642941812377,0.03211452000909443,3,0.8021862658717798,0.1978137341282203,0.0,0.0
2024-01-05,103181.67829633837,-0.0008176660338090199,0.03290804141546633,3,0.8017511380427196,0.19824886195728042,0.0,0.0
2024-01-08,104564.49518816349,0.013401767781424089,0.019947299563233933,3,0.8024428279357375,0.1975571720642624,0.0,0.0
2024-01-09,104305.49565085472,-0.002476935759530077,0.02237482714316985,3,0.8032149845100321,0.1967850154899679,0.0,0.0
2024-01-10,104683.70746944209,0.003626000875863467,0.01882995741012483,3,0.8048391910614648,0.19516080893853524,0.0,0.0
2024-01-11,104761.29544081389,0.0007411656813401689,0.01810274784699817,3,0.8038887584871334,0.19611124151286655,0.0,0.0
2024-01-12,104777.77662394899,0.00016121068488744012,0.01794827449532288,3,0.8004250301212593,0.19957496987874057,0.0,0.0
2024-01-16,104101.58226170877,-0.006453604800826203,0.024286048225699575,3,0.8026666227393984,0.19733337726060166,0.0,0.0
2024-01-17,103604.60749936338,-0.004773940525668648,0.0289440486015351,3,0.8020337049576375,0.19796629504236257,0.0,0.0
2024-01-18,104152.89626203809,0.005292127212373999,0.02380509697640154,3,0.8049063721359417,0.19509362786405826,0.0,0.0
2024-01-19,105262.97362987128,0.010658151694988443,0.013400663616101594,3,0.8063462942798036,0.1936537057201964,0.0,0.0
2024-01-22,105565.65389853697,0.0028818321691116205,0.010563729204082217,3,0.7993878080941952,0.20061219190580476,0.0,0.0
2024-01-23,105643.9483563799,0.0007416660149540096,0.009829897948070099,3,0.8011249343588229,0.19887506564117718,0.0,0.0
2024-01-24,105613.415754445,-0.0002890142067759968,0.010116071174687935,3,0.8022326312053094,0.19776736879469053,0.0,0.0
2024-01-25,106210.72241665356,0.005655594584662681,0.0045176889873789206,3,0.8020597747199268,0.19794022528007305,0.0,0.0
2024-01-26,106062.22643788812,-0.0013981260590893868,0.005909498747768249,3,0.8021624149297167,0.1978375850702832,0.0,0.0
2024-01-29,106993.45674431964,0.00918589395683546,0.0,2,0.3994979770671685,0.40092363178110985,0.19957839115172177,0.0
2024-01-30,107378.77922796685,0.003601364937371951,0.0,2,0.3977565276864313,0.403106722068618,0.19913675024495067,0.0
2024-01-31,107091.0717025374,-0.0026793704258700262,0.0026793704258700757,2,0.3923173944139553,0.40815908667562967,0.19952351891041495,0.0
2024-02-01,108720.59447888623,0.015216233719978755,0.0,2,0.3914949842876776,0.4099279136089679,0.19857710210335436,0.0
2024-02-02,107980.13990774941,-0.0068106192270739226,0.006810619227073933,2,0.3983292622228215,0.4036220102930156,0.1980487274841629,0.0
2024-02-05,106831.19886161228,-0.0106367161777616,0.01737845185937492,2,0.40282834316512933,0.39613609624165846,0.20103556059321223,0.0
2024-02-06,107481.97806959467,0.0060916587562158024,0.011392656701597614,2,0.401551714349878,0.3975859606864538,0.20086232496366813,0.0
2024-02-07,107629.40817602823,0.001371672805817819,0.010036610893163433,2,0.4043462497439477,0.39511976056550246,0.20053398969054967,0.0
2024-02-08,107381.88438482188,-0.002299778428601185,0.012313307340536372,2,0.4054572551675143,0.39372777619597427,0.20081496863651144,0.0
2024-02-09,107464.50603949981,0.000769418930867755,0.011553362501438014,2,0.4074870262053778,0.3926301881149061,0.1998827856797161,0.0
2024-02-12,107370.1451352852,0.0001220562865529,0.012421283659033722,0,0.0,0.0,0.0,1.0
2024-02-13,107028.99055712062,-0.0031773690697236,0.015559185726252811,0,0.0,0.0,0.0,1.0
2024-02-14,107186.45326983713,0.0014712155267173,0.014110861115159024,0,0.0,0.0,0.0,1.0
2024-02-15,107291.43572800874,0.0009794377458065,0.013145244079354468,0,0.0,0.0,0.0,1.0
2024-02-16,107160.21314256468,-0.0012230480891011,0.014352214902803695,0,0.0,0.0,0.0,1.0
2024-02-20,107225.81894801627,0.0006122216775017,0.013748779962385549,0,0.0,0.0,0.0,1.0
2024-02-21,107133.96204075136,-0.0008566678078668,0.01459366963306108,0,0.0,0.0,0.0,1.0
2024-02-22,107120.82551530379,-0.0001226177506864,0.014714497940802818,0,0.0,0.0,0.0,1.0
2024-02-23,107173.3277189305,0.0004901213501122,0.014231588480287605,0,0.0,0.0,0.0,1.0
2024-02-26,107094.61831165403,-0.0007344122735732,0.01495554890060835,0,0.0,0.0,0.0,1.0
2024-02-27,107094.61831165403,0.0,0.01495554890060835,0,0.0,0.0,0.0,1.0
2024-02-28,107199.56784620296,0.000979970200216,0.013990234692642822,0,0.0,0.0,0.0,1.0
2024-02-29,107265.17365165455,0.0006119969209736,0.013386799752224676,0,0.0,0.0,0.0,1.0
2024-03-01,107475.78606591038,0.0019634743233605,0.011449610066449734,0,0.0,0.0,0.0,1.0
2024-03-04,107370.47437151203,-0.0009798643792544,0.012418255380643561,0,0.0,0.0,0.0,1.0
2024-03-05,108094.41598800826,0.007750214758514899,0.00575952048348638,5,0.19647842396510415,0.6038649295899283,0.1996566464449675,0.0
2024-03-06,108762.37481582031,0.006179401791542708,0.0,5,0.19626125275834427,0.6036780963522348,0.200060650889421,0.0
2024-03-07,109036.3810187776,0.0025193105926687343,0.0,5,0.19771134639720658,0.6015964951934867,0.20069215840930668,0.0
2024-03-08,108975.64808380794,-0.0005569969802941249,0.0005569969802940999,5,0.19663414215964425,0.6008645467365292,0.2025013111038264,0.0
2024-03-11,108963.53857098112,-0.00011112127378687625,0.0006680563598669975,5,0.19648689765662672,0.6006176512569367,0.20289545108643667,0.0
2024-03-12,108412.52825504783,-0.0050533367171214,0.005721510177619793,5,0.20317822259018528,0.5980052158385291,0.19881656157128558,0.0
2024-03-13,108214.71956023674,-0.0018245925816407632,0.007535663334234721,5,0.20323054769862067,0.5961937338359347,0.20057571846544472,0.0
2024-03-14,107089.84926743255,-0.010394799315429916,0.017852130941596656,5,0.20495930797967957,0.5932043569740708,0.20183633504624962,0.0
2024-03-15,106849.57317857002,-0.0022436868714093396,0.02005576322118563,5,0.20400965875726515,0.5943463274988408,0.20164401374389404,0.0
2024-03-18,106822.33561946475,-0.00025491500148298255,0.020305565707757323,5,0.2052744599835176,0.5927069378071602,0.20201860220932213,0.0
2024-03-19,107134.25268812853,0.0031152933050429803,0.01744489603265076,2,0.4009737092259988,0.39987666151548945,0.1991496292585117,0.0
2024-03-20,107771.89302125314,0.005951787753453642,0.011596936597764507,2,0.4022880458580634,0.39738240139951025,0.2003295527424264,0.0
2024-03-21,107984.96077745945,0.001977025272853776,0.009642838761652173,2,0.40282118508649095,0.39745219626502853,0.1997266186484806,0.0
2024-03-22,108139.83428139666,0.0014342136425496406,0.008222455010007512,2,0.4014816767317095,0.40067745171198765,0.197840871556303,0.0
2024-03-25,107871.53448960441,-0.002481044968999021,0.010683099698371112,2,0.40136828664849306,0.39966521276633543,0.19896650058517157,0.0
2024-03-26,107789.96503919398,0.0002440719195868,0.01143119358821132,0,0.0,0.0,0.0,1.0
2024-03-27,107908.67628489577,0.0011013200130329,0.010342462977449896,0,0.0,0.0,0.0,1.0
2024-03-28,107842.75613687963,-0.0006108883019017,0.010947033189705802,0,0.0,0.0,0.0,1.0
2024-04-01,107617.82493624275,-0.0020857330496208,0.01300993365040748,0,0.0,0.0,0.0,1.0
2024-04-02,107670.71499661934,0.0004914618968365,0.012524865640240468,0,0.0,0.0,0.0,1.0
2024-04-03,107750.1380540206,0.0007376477197513,0.011796456859068827,0,0.0,0.0,0.0,1.0
2024-04-04,107855.95116233743,0.0009820229489059,0.010826018301514306,0,0.0,0.0,0.0,1.0
2024-04-05,107683.96500134986,-0.0015945912963922,0.012403346523348291,0,0.0,0.0,0.0,1.0
2024-04-08,107578.10790961486,-0.0009830348625599,0.01337418846386329,0,0.0,0.0,0.0,1.0
2024-04-09,107683.96500134986,0.0009840021709988,0.012403346523348291,0,0.0,0.0,0.0,1.0
2024-04-10,107247.38559237024,-0.0040542657300384,0.016407325790639304,0,0.0,0.0,0.0,1.0
2024-04-11,107379.69871014809,0.0012337188179183,0.015193848999300541,0,0.0,0.0,0.0,1.0
2024-04-12,107445.81678354609,0.0006157409099878,0.014587463563721759,0,0.0,0.0,0.0,1.0
2024-04-15,107406.12174862728,-0.0003694423487773,0.014951516685697386,0,0.0,0.0,0.0,1.0
2024-04-16,107339.97068766563,-0.0006158965605003,0.015558204658496666,0,0.0,0.0,0.0,1.0
2024-04-17,107419.3497616487,0.0007395108595105,0.014830199260285615,0,0.0,0.0,0.0,1.0
2024-04-18,107366.42671370848,-0.0004926770461528,0.015315569807672902,0,0.0,0.0,0.0,1.0
2024-04-19,107392.91572731498,0.0002467159839185,0.015072632419628751,0,0.0,0.0,0.0,1.0
2024-04-22,107445.8167835461,0.0004925935372259,0.014587463563721648,0,0.0,0.0,0.0,1.0
2024-04-23,107538.43486640515,0.0008619980342801,0.013738039894358511,0,0.0,0.0,0.0,1.0
2024-04-24,107498.75082734089,-0.0003690219140121,0.014101992170594047,0,0.0,0.0,0.0,1.0
2024-04-25,107419.34976164871,-0.000738623147535,0.014830199260285504,0,0.0,0.0,0.0,1.0
2024-04-26,107445.8167835461,0.0002463897049844,0.014587463563721648,0,0.0,0.0,0.0,1.0
2024-04-29,107498.75082734089,0.0004926580241035,0.014101992170594047,0,0.0,0.0,0.0,1.0
2024-04-30,107366.42671370848,-0.0012309362910173,0.015315569807672902,0,0.0,0.0,0.0,1.0
2024-05-01,107581.4946328157,0.0020031207677302,0.013343127975894098,0,0.0,0.0,0.0,1.0
2024-05-02,107740.7695859456,0.0014805051154338,0.011882377429684454,0,0.0,0.0,0.0,1.0
2024-05-03,107913.28354795148,0.0016011948185339,0.010300208612322725,0,0.0,0.0,0.0,1.0
2024-05-06,107900.06653078462,-0.0001224781299606,0.010421425191994294,0,0.0,0.0,0.0,1.0
2024-05-07,107913.2835479515,0.0001224931326906,0.010300208612322503,0,0.0,0.0,0.0,1.0
2024-05-08,107886.75055092684,-0.0002458733174668,0.010543549383327133,0,0.0,0.0,0.0,1.0
2024-05-09,107979.68751356777,0.0008614307333045,0.009691201187499554,0,0.0,0.0,0.0,1.0
2024-05-10,107886.75055092682,-0.000860689309082,0.010543549383327355,0,0.0,0.0,0.0,1.0
2024-05-13,107913.2835479515,0.0002459337860227,0.010300208612322503,0,0.0,0.0,0.0,1.0
2024-05-14,108019.4815111775,0.0009841046415643,0.009326240453862655,0,0.0,0.0,0.0,1.0
2024-05-15,108218.5834494808,0.0018432039805957,0.007500226636795393,0,0.0,0.0,0.0,1.0
2024-05-16,108138.96246669767,-0.000735742238026,0.0082304506412898,0,0.0,0.0,0.0,1.0
2024-05-17,108072.61348035416,-0.000613553013919,0.008838953837411956,0,0.0,0.0,0.0,1.0
2024-05-20,108046.06948747495,-0.0002456125749568,0.009082395454156789,0,0.0,0.0,0.0,1.0
2024-05-21,108099.14647737885,0.0004912440605722,0.008595613066407104,0,0.0,0.0,0.0,1.0
2024-05-22,108019.48151117752,-0.0007369620278916,0.009326240453862322,0,0.0,0.0,0.0,1.0
2024-05-23,107966.41551712817,-0.0004912631805575,0.009812921995871804,0,0.0,0.0,0.0,1.0
2024-05-24,108006.22051059247,0.0003686794015864,0.009447860416494591,0,0.0,0.0,0.0,1.0
2024-05-28,107913.28354795152,-0.000860477870641,0.010300208612322392,0,0.0,0.0,0.0,1.0
2024-05-29,107873.45656277814,-0.0003690647144073,0.010665471883179789,0,0.0,0.0,0.0,1.0
2024-05-30,107992.92652244377,0.001107500987475,0.009569782916347247,0,0.0,0.0,0.0,1.0
2024-05-31,108138.9624666977,0.0013522732363733,0.008230450641289577,0,0.0,0.0,0.0,1.0
2024-06-03,108261.46728221861,0.0011328462260642,0.007106928250173117,0,0.0,0.0,0.0,1.0
2024-06-04,108367.98412522652,0.0009838850856347,0.006130035565248382,0,0.0,0.0,0.0,1.0
2024-06-05,108474.54495165261,0.000983323878231,0.005152739497363057,0,0.0,0.0,0.0,1.0
2024-06-06,108460.45431722625,0.0008709728992761854,0.00528196824005156,2,0.39964446440345697,0.39905259368091184,0.20130294191563125,0.0
2024-06-07,106834.64596310667,-0.014989872247486621,0.020192664458404508,2,0.40523299064328705,0.39769310839828653,0.19707390095842636,0.0
2024-06-10,106878.19649528596,0.00040764427856401737,0.019793251603975826,2,0.4063194340815788,0.3948808952887431,0.19879967062967824,0.0
2024-06-11,107479.95546979249,0.005630324932860264,0.014274369109123941,2,0.40501765554473385,0.3967310000646184,0.1982513443906477,0.0
2024-06-12,108214.5990021225,0.006835167814490612,0.007536769002940202,2,0.405571910117905,0.39699852016135817,0.19742956972073686,0.0
2024-06-13,108278.87246680188,0.0015955400287768,0.00694730093660445,0,0.0,0.0,0.0,1.0
2024-06-14,108292.11970787615,0.0001223437294133,0.00682580716589698,0,0.0,0.0,0.0,1.0
2024-06-17,108185.95550707511,-0.0009803501961863,0.007799465680689011,0,0.0,0.0,0.0,1.0
2024-06-18,108331.93813141948,0.0013493676111666,0.006460622415896289,0,0.0,0.0,0.0,1.0
2024-06-20,108292.11970787619,-0.0003675594125805,0.006825807165896647,0,0.0,0.0,0.0,1.0
2024-06-21,108331.93813141948,0.0003676945621777,0.006460622415896289,0,0.0,0.0,0.0,1.0
2024-06-24,108345.22920124831,0.0001226883784974,0.0063387266806870235,0,0.0,0.0,0.0,1.0
2024-06-25,108358.47644232256,0.000122268799207,0.006217232909979775,0,0.0,0.0,0.0,1.0
2024-06-26,108252.34511308746,-0.0009794464883566,0.007190589951395321,0,0.0,0.0,0.0,1.0
2024-06-27,108331.93813141948,0.00073525444875,0.006460622415896289,0,0.0,0.0,0.0,1.0
2024-06-28,108345.22920124831,0.0001226883784974,0.0063387266806870235,0,0.0,0.0,0.0,1.0
2024-07-01,108252.0054402394,-0.0008604325423111,0.007193705176285259,0,0.0,0.0,0.0,1.0
2024-07-02,108345.19632968238,0.0008608698662346,0.0063390281540633975,0,0.0,0.0,0.0,1.0
2024-07-03,108504.97405453335,0.0014747098188347,0.004873666562289269,0,0.0,0.0,0.0,1.0
2024-07-05,108704.70168919138,0.0018407233069117,0.0030419143270088433,0,0.0,0.0,0.0,1.0
2024-07-08,108470.60527391938,-0.0011546623914437401,0.0051888712700468576,2,0.40092443589071697,0.40132764693169587,0.1977479171775871,0.0
2024-07-09,108356.85861854556,-0.0010486403674670644,0.00623207037763851,2,0.4017355698590639,0.39997324631808956,0.1982911838228464,0.0
2024-07-10,109002.36201008593,0.005957199200585469,0.00031199686172467267,2,0.4033083141086892,0.3988532526439622,0.19783843324734862,0.0
2024-07-11,109428.09597229805,0.003905731530595003,0.0,2,0.3982752504023619,0.4011613145296021,0.20056343506803584,0.0
2024-07-12,109876.94489842588,0.004101770410420589,0.0,2,0.3991501100284557,0.4012310183987122,0.19961887157283223,0.0
2024-07-15,109563.3055718544,-0.00285323233413768,0.002854459840154977,2,0.40224777690018254,0.3965326743436061,0.2012195487562113,0.0
2024-07-16,110876.85008160568,0.011988909086809359,0.0,2,0.39983951285064845,0.39736280128286683,0.2027976858664846,0.0
2024-07-17,110160.2004230226,-0.006463474188305528,0.006463474188305507,2,0.39679805060839407,0.40003271594241724,0.20316923344918864,0.0
2024-07-18,109344.59028860297,-0.0074038548521847035,0.013819474415759148,2,0.39668562470001817,0.3999358172673675,0.2033785580326144,0.0
2024-07-19,108400.32408455665,-0.008635692004094885,0.02233582569514103,2,0.3974839715682443,0.4010458054395035,0.20147022299225217,0.0
2024-07-22,109187.42846004457,0.00766669076077954,0.015236919341753419,3,0.8020983524732469,0.19790164752675304,0.0,0.0
2024-07-23,109019.74197617799,-0.0015357673152632118,0.016749286294306276,3,0.8020720513984095,0.19792794860159055,0.0,0.0
2024-07-24,106804.876878704,-0.020316183631749536,0.03672518834999994,3,0.8001511725196915,0.1998488274803085,0.0,0.0
2024-07-25,106534.52197424,-0.00253129737484776,0.039163523351986584,3,0.7980021182864545,0.2019978817135454,0.0,0.0
2024-07-26,107654.57178581916,0.010513491690984372,0.029061777038353,3,0.7985439008541861,0.20145609914581383,0.0,0.0
2024-07-29,107820.82181628564,0.00154574976000738,0.027562365480898854,3,0.7992350079270328,0.20076499207296708,0.0,0.0
2024-07-30,107467.56857043273,-0.0032762989550830764,0.030748361886757225,3,0.7977993773265075,0.20220062267349245,0.0,0.0
2024-07-31,109083.48360821963,0.01503630406160948,0.016174399543873452,3,0.7987570390074081,0.20124296099259192,0.0,0.0
2024-08-01,108038.9503480463,-0.009575539995814834,0.025595060929947677,3,0.7950589729176878,0.20494102708231227,0.0,0.0
2024-08-02,107129.64751523008,-0.008416435275305022,0.03379607703156828,3,0.7868789857083347,0.2131210142916653,0.0,0.0
2024-08-05,105795.4913669805,-0.012071450665115021,0.04582885165735939,2,0.393095735198381,0.40702987802364843,0.19987438677797062,0.0
2024-08-06,105046.49788176944,-0.007079635204991558,0.052584035310753174,2,0.39954855801029726,0.4007624678917389,0.1996889740979638,0.0
2024-08-07,104455.33940688362,-0.005627588608914514,0.05791570260154222,2,0.399124111672335,0.400193269225581,0.200682619102084,0.0
2024-08-08,105490.8173796653,0.009913116731622531,0.04857671099040284,2,0.4043424890069767,0.39382734620961624,0.20183016478340707,0.0
2024-08-09,106140.88569634294,0.006162321354834364,0.04271373493905217,2,0.40363816699687133,0.39527528238870724,0.20108655061442157,0.0
2024-08-12,106220.5667027998,0.00114752650059178,0.04199509072794583,3,0.7995028733216257,0.20049712667837433,0.0,0.0
2024-08-13,107764.88795056223,0.014538815746326879,0.028066833867962826,3,0.8010055152483523,0.19899448475164772,0.0,0.0
2024-08-14,108171.67331432228,0.003774748635628446,0.02439803047518374,3,0.8005107843908161,0.1994892156091838,0.0,0.0
2024-08-15,109481.74617257512,0.012111052904267046,0.01258246340876168,3,0.8044885582859159,0.19551144171408422,0.0,0.0
2024-08-16,109754.16677293745,0.0024882741633742316,0.010125497863998967,3,0.8042909200055944,0.1957090799944055,0.0,0.0
2024-08-19,109617.82483581858,-0.0002424908822434,0.011355167871926808,0,0.0,0.0,0.0,1.0
2024-08-20,109777.23159499509,0.0014542047282479,0.009917475882488258,0,0.0,0.0,0.0,1.0
2024-08-21,109896.77849190707,0.0010889953697597,0.008839280598044286,0,0.0,0.0,0.0,1.0
2024-08-22,109750.6983077851,-0.0013292490109955,0.010156780004047072,0,0.0,0.0,0.0,1.0
2024-08-23,110003.06419352764,0.0022994467427879,0.007880688235956668,0,0.0,0.0,0.0,1.0
2024-08-26,109746.69878447098,-0.00133186156941118,0.010192851765746469,2,0.3995787047359293,0.399515849406141,0.2009054458579298,0.0
2024-08-27,109790.6346418635,0.00040033876079311034,0.009796593598598191,2,0.39996727665433385,0.3986641080711829,0.20136861527448327,0.0
2024-08-28,109326.74161024802,-0.004225251389872106,0.013980451917751768,2,0.3993325843653613,0.3998653506887306,0.20080206494590816,0.0
2024-08-29,109301.34656996648,-0.00023228571443269865,0.014209490172922612,2,0.399461080633533,0.3986502094089558,0.20188870995751113,0.0
2024-08-30,109096.2676568559,-0.0018762706914988627,0.016059100014468863,2,0.4040324397402095,0.395140705426979,0.20082685483281157,0.0
2024-09-03,108817.07278004805,-0.0025543137818761406,0.018577162861694085,2,0.3927716059416593,0.40758315278466023,0.19964524127368052,0.0
2024-09-04,109314.50301233903,0.004571251730842362,0.014090832018737509,2,0.39018408350457645,0.4109583336586685,0.198857582836755,0.0
2024-09-05,109645.97106142713,0.0030322421998358116,0.011101316634379632,2,0.38805839819422183,0.4120332471002202,0.199908354705558,0.0
2024-09-06,108763.06930849758,-0.008052295441251725,0.019064220994304493,2,0.3846244047999325,0.4153363127579776,0.2000392824420899,0.0
2024-09-09,109518.05818299917,0.006941592208657919,0.012254964833564697,2,0.3862496147957319,0.4142545808503995,0.19949580435386863,0.0
2024-09-10,110110.44541978968,0.005423368960932061,0.006912215320438064,2,0.3995752307610154,0.4006275239127653,0.19979724532621929,0.0
2024-09-11,110491.77066662324,0.0034631160139237363,0.0034730371100821777,2,0.40228131158827335,0.3989276681484365,0.19879102026329007,0.0
2024-09-12,111046.12442413239,0.005017149731284073,0.0,2,0.4036446308647194,0.3950819493419356,0.2012734197933452,0.0
2024-09-13,111620.76988308283,0.005174835789456601,0.0,2,0.40366393007278356,0.3941077492127645,0.20222832071445201,0.0
2024-09-16,112088.48007220504,0.004190171682314277,0.0,2,0.40257321640857935,0.39605916402689123,0.2013676195645293,0.0
2024-09-17,111765.55627039912,-0.0028770427624475203,0.0028809722604669075,2,0.4013180582424876,0.3992142469407807,0.19946769481673168,0.0
2024-09-18,110907.55177957771,-0.007676823875377141,0.01053567941921063,2,0.4032232931877358,0.39731577430702847,0.19946093250523578,0.0
2024-09-19,111868.44988737085,0.008663955631288859,0.0019630044469551855,2,0.4065814453793274,0.39259775071104996,0.20082080390962273,0.0
2024-09-20,111907.23428343154,0.00034669646446084117,0.0016169885491956748,2,0.40573795960168546,0.39095915590710667,0.2033028844912078,0.0
2024-09-23,111971.93216679494,0.000578138524981663,0.0010397848675887111,2,0.4065167925885214,0.3899035298602503,0.20357967755122824,0.0
2024-09-24,112402.70078089664,0.0038572478630510203,0.0,2,0.3996031391693768,0.3983822664980518,0.20201459433257124,0.0
2024-09-25,111900.05189269158,-0.004471857746415336,0.004471857746415342,2,0.4005128648968434,0.3968454934239502,0.20264164167920642,0.0
2024-09-26,112297.48382105229,0.003551668847676867,0.0009360714565875838,2,0.40067770011939663,0.396370660677612,0.20295163920299125,0.0
2024-09-27,112282.85817810762,-0.00013024016609286437,0.0010661897085785244,2,0.4001487165912442,0.39848400796601907,0.20136727544273678,0.0
2024-09-30,112068.70080850755,-0.0019073024420198717,0.0029714586043635416,2,0.40252000626306644,0.3973418064395773,0.2001381872973562,0.0
2024-10-01,112298.16769172445,0.002348121411248175,0.0009299873441294126,4,0.24717994059234064,0.2512151516198544,0.25203101293039565,0.2495738948574093
2024-10-02,112071.12967488568,-0.002021742843231627,0.0029498499921036814,4,0.24778519962667603,0.2496026994281983,0.2525930013107085,0.2500190996344172
2024-10-03,111700.08845455102,-0.0033107654166692306,0.006250849147434678,4,0.24815383753696058,0.24807266872808575,0.253256678920681,0.2505168148142727
2024-10-04,111460.02999511891,-0.0021491340137101784,0.008386549248627584,4,0.25094815614583804,0.2455488710336429,0.253295536965918,0.2502074358546012
2024-10-07,110868.10103923222,-0.005310683622753481,0.01365269456163487,4,0.2500072269150193,0.24499965128201348,0.2537852047557782,0.2512079170471891
2024-10-08,110995.66131849914,0.00115556501693535,0.01251784390074584,4,0.2520730735936955,0.2501327515504573,0.24787058802844583,0.24992358682740148
2024-10-09,110854.87699879114,-0.0012683767818999453,0.013770343340082536,4,0.25414140068217966,0.24902664056150461,0.2468337168665744,0.2499982418897412
2024-10-10,110921.89871401823,0.0006045896855564218,0.013174079062076127,4,0.2535433815726062,0.24790121832613873,0.24849595223851254,0.2500594478627424
2024-10-11,111303.60473493014,0.0034412142718188146,0.009778199619143835,4,0.2541869468480183,0.24605323486363184,0.2503463944541482,0.2494134238342016
2024-10-14,111496.58123072908,0.0017337847795541098,0.008061368133260749,4,0.255822262478023,0.2458108524596965,0.2495058649932365,0.24886102006904406
2024-10-15,111014.19337886818,-0.0037843627324773994,0.01235297188040918,3,0.7967995266773918,0.2032004733226082,0.0,0.0
2024-10-16,111493.7187019892,0.004319495629576985,0.008086834858882064,3,0.7968207977450151,0.20317920225498484,0.0,0.0
2024-10-17,111142.46097679721,-0.0031504709797227307,0.01121182850006408,3,0.7994077535384293,0.2005922464615707,0.0,0.0
2024-10-18,111500.86712736716,0.003224745497085735,0.008023238296448021,3,0.7999033150219118,0.20009668497808816,0.0,0.0
2024-10-21,110964.59849090988,-0.0048095467799788615,0.012794196936513291,3,0.8024490662513685,0.19755093374863156,0.0,0.0
2024-10-22,110840.1851715042,-0.0001213196215815,0.013901050406593063,0,0.0,0.0,0.0,1.0
2024-10-23,110772.97442211173,-0.0006063752896882,0.01449899644281405,0,0.0,0.0,0.0,1.0
2024-10-24,110826.76930577081,0.0004856318424211,0.014020405774748723,0,0.0,0.0,0.0,1.0
2024-10-25,110786.42314302649,-0.0003640470889573,0.014379348775797829,0,0.0,0.0,0.0,1.0
2024-10-28,110732.6611145488,-0.0004852763267597,0.014857647145002373,0,0.0,0.0,0.0,1.0
2024-10-29,110772.97442211171,0.0003640597738476,0.01449899644281416,0,0.0,0.0,0.0,1.0
2024-10-30,110678.92098952537,-0.0008490647928975,0.015335750648299729,0,0.0,0.0,0.0,1.0
2024-10-31,110705.78557617353,0.0002427254115595,0.015096747613127737,0,0.0,0.0,0.0,1.0
2024-11-01,110669.38203519577,-0.0003288314227508,0.015420614750882078,0,0.0,0.0,0.0,1.0
2024-11-04,110750.28244349985,0.0007310098494843,0.01470087752266569,0,0.0,0.0,0.0,1.0
2024-11-05,110723.29738785328,-0.000243656765935,0.014940952320327106,0,0.0,0.0,0.0,1.0
2024-11-06,110588.41591652892,-0.0012181851020195,0.01614093657682003,0,0.0,0.0,0.0,1.0
2024-11-07,110777.26749914643,0.0017076976919541,0.014460802725004163,0,0.0,0.0,0.0,1.0
2024-11-08,110696.35613911523,-0.0007303967849886,0.015180637386174034,0,0.0,0.0,0.0,1.0
2024-11-11,110615.40097217551,-0.0007313263937792,0.015900861779158393,0,0.0,0.0,0.0,1.0
2024-11-12,110507.52645995199,-0.0009752214544759,0.016860576372082603,0,0.0,0.0,0.0,1.0
2024-11-13,110669.38203519578,0.0014646565752465,0.015420614750881967,0,0.0,0.0,0.0,1.0
2024-11-14,110507.52645995199,-0.0014625144937768,0.016860576372082603,0,0.0,0.0,0.0,1.0
2024-11-15,110628.90445172593,0.0010983685515568,0.01578072694737398,0,0.0,0.0,0.0,1.0
2024-11-18,110709.82676348428,0.0007314753061995,0.015060794853250292,0,0.0,0.0,0.0,1.0
2024-11-19,111035.29733342859,0.003943796377301641,0.012165218788946164,3,0.7997701639625202,0.2002298360374799,0.0,0.0
2024-11-20,110994.31000995127,-0.00036913778286415416,0.012529865929918449,3,0.8003366671737256,0.19966333282627435,0.0,0.0
2024-11-21,111454.01749555049,0.004141721188752882,0.008440039952379741,3,0.8013141675400033,0.19868583245999674,0.0,0.0
2024-11-22,111743.09225765304,0.002593668389872861,0.005868262227340604,3,0.8017184485043287,0.1982815514956712,0.0,0.0
2024-11-25,112620.57142723785,0.007852647996903106,0.0,3,0.7981702119988453,0.2018297880011547,0.0,0.0
2024-11-26,113003.34147081483,0.0034005937925919607,0.0,3,0.8014516928940131,0.1985483071059869,0.0,0.0
2024-11-27,112884.38270796872,-0.0010527012856238578,0.0010527012856238471,3,0.7998653257879279,0.20013467421207198,0.0,0.0
2024-11-29,113678.46750744098,0.007034496539052386,0.0,3,0.7992120744050553,0.20078792559494468,0.0,0.0
2024-12-02,113896.15637097787,0.0019149524822953058,0.0,3,0.7991143407131678,0.20088565928683225,0.0,0.0
2024-12-03,113740.9358575818,-0.0013628248603094818,0.001362824860309475,3,0.8005760486356668,0.19942395136433327,0.0,0.0
2024-12-04,113751.8040727552,0.0010966490118569,0.0012674027186000414,0,0.0,0.0,0.0,1.0
2024-12-05,113751.8040727552,0.0,0.0012674027186000414,0,0.0,0.0,0.0,1.0
2024-12-06,113862.5839502569,0.0009738735873661,0.00029476342126610877,0,0.0,0.0,0.0,1.0
2024-12-09,113821.02888846872,-0.0003649580076836,0.0006596138526786532,0,0.0,0.0,0.0,1.0
2024-12-10,113807.16599433927,-0.0001217955439766,0.000781329058627267,0,0.0,0.0,0.0,1.0
2024-12-11,113779.50744728069,-0.0002430299253736,0.001024169097658012,0,0.0,0.0,0.0,1.0
2024-12-12,113724.11190509648,-0.0004868674810345,0.001510537944063861,0,0.0,0.0,0.0,1.0
2024-12-13,113668.727569779,-0.0004870060921091,0.0019968083949918336,0,0.0,0.0,0.0,1.0
2024-12-16,113682.57925704174,0.0001218601418251,0.0018751915845208744,0,0.0,0.0,0.0,1.0
2024-12-17,113696.40853057103,0.0001216481330708,0.0017537715650054464,0,0.0,0.0,0.0,1.0
2024-12-18,110590.53261245813,-0.02634361738402012,0.029023137073676097,3,0.7971572363053266,0.2028427636946734,0.0,0.0
2024-12-19,110223.8050490035,-0.0033160846122313476,0.03224297850765867,3,0.7995638934858303,0.20043610651416974,0.0,0.0
2024-12-20,111408.14567603536,0.010744871550254723,0.02184455361986637,3,0.8005654919725165,0.19943450802748358,0.0,0.0
2024-12-23,111738.42469964139,0.0029645859519685054,0.018944727724686472,3,0.8029788608944928,0.19702113910550717,0.0,0.0
2024-12-24,112828.80728201575,0.009758349335113476,0.009371247660769133,3,0.804057773653967,0.19594222634603306,0.0,0.0
2024-12-26,112821.52240997898,-6.0508181751840036e-05,0.00943520830938882,3,0.8001016861340652,0.19989831386593485,0.0,0.0
2024-12-27,111686.40081779419,-0.010061214987508317,0.01940149363764443,3,0.799725559145064,0.20027444085493595,0.0,0.0
2024-12-30,110846.90100676613,-0.007516580397264568,0.026772241148154574,3,0.7965871163993707,0.2034128836006293,0.0,0.0
2024-12-31,110404.96158214084,-0.003986935318997522,0.030652437273349764,3,0.7968660780131407,0.20313392198685934,0.0,0.0
2025-01-02,110250.43069355752,-0.0013996734056952518,0.03200920727777368,3,0.7960222502173656,0.20397774978263447,0.0,0.0
2025-01-03,111282.28862343697,0.00936323403224522,0.022949569422054283,3,0.8024889181101362,0.19751108188986366,0.0,0.0
2025-01-06,111698.52799868534,0.0037403919383512574,0.019295017868157904,3,0.8041040836842306,0.19589591631576947,0.0,0.0
2025-01-07,110436.46436242982,-0.011298838569030946,0.030375845145109936,3,0.8040998489756341,0.19590015102436587,0.0,0.0
2025-01-08,110593.91001432783,0.001425667263135979,0.028993483729987335,3,0.8041282288238666,0.19587177117613344,0.0,0.0
2025-01-10,109092.6240289822,-0.01357476180335004,0.04217466589785346,3,0.8027483769944348,0.19725162300556517,0.0,0.0
2025-01-13,108883.97275089135,-0.0015104666101295801,0.044006609000579844,2,0.40122627278378575,0.4004644387786916,0.19830928843752274,0.0
2025-01-14,108985.97002909261,0.0009367519904385575,0.04311108028871491,2,0.40140228289613206,0.39943398630798793,0.19916373079587985,0.0
2025-01-15,110694.59850422078,0.01567750853318152,0.028109446084634393,2,0.40239524708022784,0.40004670419423605,0.197558048725536,0.0
2025-01-16,110902.97520749723,0.001882446895261244,0.02627991372888272,2,0.40086674759243146,0.40058364583940775,0.1985496065681608,0.0
2025-01-17,111309.0153510631,0.003661219573290723,0.02271491069012055,2,0.4034143794761006,0.3998102082669046,0.19677541225699488,0.0
2025-01-21,112459.22850350465,0.01033696263151182,0.01261612255634792,2,0.3995315331384079,0.3994493501559392,0.20101911670565292,0.0
2025-01-22,112592.99803383515,0.0011894935801228877,0.011441635773011827,2,0.4013001296784513,0.3968884426440991,0.20181142767744956,0.0
2025-01-23,112460.2182240288,-0.0011792901168369908,0.01260743288186128,2,0.4039668022551342,0.3942693689031492,0.20176382884171662,0.0
2025-01-24,112667.84578665269,0.001846231190928973,0.010784477926756186,2,0.4020452475281836,0.3953103422127212,0.20264441025909533,0.0
2025-01-27,112315.51528428949,-0.0031271610804591856,0.013877914207569786,2,0.39760153775807083,0.4012334522201874,0.20116501002174175,0.0
2025-01-28,112865.17168886386,0.004896270178562561,0.009051970803614529,2,0.40147125617386803,0.3977803785039397,0.20074836532219228,0.0
2025-01-29,112483.39071955241,-0.003382628702890857,0.012403980050247343,2,0.40102804391768027,0.3983158014681853,0.2006561546141345,0.0
2025-01-30,113235.34607903595,0.006685034605316437,0.00580186648081038,2,0.4005030178865711,0.3971544527387851,0.20234252937464395,0.0
2025-01-31,112743.99677504864,-0.004339186667424155,0.01011587776655487,2,0.4001077185150297,0.39626627124704844,0.2036260102379219,0.0
2025-02-03,112926.71772989098,0.001620671255844503,0.008511601023034276,2,0.396772094133135,0.3988463237015494,0.20438158216531557,0.0
2025-02-04,113590.01054727625,0.005878064437488501,0.002687938148715485,2,0.40033022261059187,0.39888034718346804,0.20078943020594,0.0
2025-02-05,114664.07242465949,0.009455601528764809,0.0,2,0.39818822137565457,0.40166801758873943,0.2001437610356059,0.0
2025-02-06,114741.44473787013,0.0006747738116616299,0.0,2,0.39930273695107427,0.4012185372951922,0.1994787257537335,0.0
2025-02-07,114065.71882443156,-0.005889118051304685,0.005889118051304654,2,0.39799153327479825,0.4009900176576036,0.20101844906759805,0.0
2025-02-10,114624.07401912712,0.004895030693270484,0.0010229147716516174,2,0.398742526136457,0.39782991038969145,0.20342756347385146,0.0
2025-02-11,114481.5224700655,-0.0002438879503472,0.0022652866921663017,0,0.0,0.0,0.0,1.0
2025-02-12,114327.93258220115,-0.0013416129044276,0.0036038604587353973,0,0.0,0.0,0.0,1.0
2025-02-13,114481.52247006551,0.0013434152476599,0.0022652866921661907,0,0.0,0.0,0.0,1.0
2025-02-14,114635.11235792987,0.0013416129044276,0.0009267129255969841,0,0.0,0.0,0.0,1.0
2025-02-18,114537.37742015051,-0.0008525741875159,0.0017784970215932727,0,0.0,0.0,0.0,1.0
2025-02-19,114600.43768969436,0.0015521171026489603,0.001228911214233963,2,0.4003205825031954,0.3998787123126974,0.1998007051841071,0.0
2025-02-20,114592.85614498676,-6.615633291155399e-05,0.0012949862468860651,2,0.3986815260077501,0.40140127948845183,0.19991719450379808,0.0
2025-02-21,114346.20188501006,-0.0021524401107920876,0.0034446389773373776,2,0.3927077952995854,0.40712860229853537,0.2001636024018794,0.0
2025-02-24,114401.19523337002,0.00048093725417547615,0.002965358378373417,2,0.39073285679745673,0.40811348117548263,0.20115366202706061,0.0
2025-02-25,114680.63324354931,0.00244261442906473,0.000529987176470903,2,0.387842281252403,0.41414061786723844,0.19801710088035848,0.0
2025-02-26,114815.09929140484,0.0015853373342620402,0.0,3,0.7991370198723694,0.20086298012763068,0.0,0.0
2025-02-27,113187.51052487083,-0.014175738004660328,0.014175738004660321,3,0.7976889294506033,0.2023110705493967,0.0,0.0
2025-02-28,114877.41017301234,0.014930089373864235,0.0,3,0.7982199321814092,0.20178006781859079,0.0,0.0
2025-03-03,113379.04779311811,-0.013043142055845437,0.013043142055845447,3,0.7945992071328883,0.2054007928671116,0.0,0.0
2025-03-04,112025.86254145787,-0.011935055709141117,0.024822527137927874,3,0.7946781694345173,0.20532183056548264,0.0,0.0
2025-03-05,112809.59638238438,0.007001367183308639,0.018000177646011584,3,0.802976339496608,0.19702366050339212,0.0,0.0
2025-03-06,111128.11252692125,-0.014905503692819582,0.03263737962445723,3,0.8006566863506343,0.1993433136493657,0.0,0.0
2025-03-07,111555.7580313748,0.0038482207132778156,0.028914754751477423,3,0.8020578672558373,0.1979421327441628,0.0,0.0
2025-03-10,109402.9135552212,-0.019298371631772938,0.047655118700414834,3,0.7960572543216125,0.2039427456783875,0.0,0.0
2025-03-11,108519.65138640597,-0.008073479399334258,0.05534385548064846,3,0.7958651183661001,0.20413488163389998,0.0,0.0
2025-03-12,108850.24285276128,0.0030505216968273806,0.052466079372557095,3,0.8017992842505459,0.19820071574945405,0.0,0.0
2025-03-13,107876.47056980246,-0.008945981721657848,0.0609427005071409,3,0.7982520087570051,0.20174799124299492,0.0,0.0
2025-03-14,109539.96370177032,0.01542035184485825,0.04646210654647853,3,0.8023678330278925,0.1976321669721075,0.0,0.0
2025-03-17,110325.75569104968,0.00717356444830251,0.03962184101389121,3,0.8027961630989376,0.19720383690106227,0.0,0.0
2025-03-18,109390.07375066102,-0.008481083447177034,0.047766888321098655,3,0.8009118375370485,0.1990881624629515,0.0,0.0
2025-03-19,110456.41076648561,0.009748944284001321,0.03848449751668692,3,0.8009047014844504,0.1990952985155497,0.0,0.0
2025-03-20,110215.07191164483,-0.0021849239276024576,0.04058533574482348,3,0.800337402548972,0.19966259745102805,0.0,0.0
2025-03-21,110113.92351629074,-0.0009177365091698042,0.04146582560964329,3,0.8013368434964749,0.1986631565035251,0.0,0.0
2025-03-24,111469.82781407375,0.012313649849942961,0.029662771416996248,3,0.8057655714920837,0.19423442850791636,0.0,0.0
2025-03-25,111683.345645267,0.0019154764601358152,0.027804113297252075,3,0.8061584844776204,0.19384151552237966,0.0,0.0
2025-03-26,110890.4967550686,-0.00649685860995886,0.03470580866977424,5,0.1989045664184669,0.5999538413365345,0.20114159224499858,0.0
2025-03-27,110936.96104001297,0.0004190105221281155,0.03430134024665776,5,0.19829321976969064,0.597954112039985,0.20375266819032442,0.0
2025-03-28,111579.1932997399,0.0057891639874222975,0.02871075234291165,5,0.19318160955786243,0.602736943372763,0.2040814470693747,0.0
2025-03-31,112714.981738502,0.010179213571754143,0.018823791651061628,5,0.1925187101204051,0.602554568341236,0.20492672153835897,0.0
2025-04-01,113319.09358967724,0.005359641121858878,0.013565039297005144,5,0.19203323894989746,0.6045357489910685,0.20343101205903402,0.0
2025-04-02,113808.69893551728,0.0049315550114111,0.009303058241698747,3,0.8011119111740121,0.198888088825988,0.0,0.0
2025-04-03,109419.57974461534,-0.038565761949258114,0.047510040661407404,3,0.7921837269682159,0.2078162730317841,0.0,0.0
2025-04-04,104592.62066809014,-0.04411421692343639,0.08952838934506513,3,0.7802260268208204,0.21977397317917957,0.0,0.0
2025-04-07,103754.07068339495,-0.008017295860252054,0.09682790962004595,3,0.78513087605245,0.21486912394755003,0.0,0.0
2025-04-08,102057.30957042331,-0.016353682335503734,0.11159809908041252,3,0.785682363828895,0.214317636171105,0.0,0.0
2025-04-09,101893.55506468682,-0.0006051399491241,0.11302357085497527,0,0.0,0.0,0.0,1.0
2025-04-10,101881.24715891916,-0.0001207917984593,0.11313071033304256,0,0.0,0.0,0.0,1.0
2025-04-11,101696.14571621295,-0.0018168352652522,0.1147420057341787,0,0.0,0.0,0.0,1.0
2025-04-14,101918.22014726208,0.0021837054834785,0.11280886299780724,0,0.0,0.0,0.0,1.0
2025-04-15,101918.22014726208,0.0,0.11280886299780724,0,0.0,0.0,0.0,1.0
2025-04-16,100119.38120941004,-0.01666649333737858,0.12846763294346386,3,0.7954754150944512,0.20452458490554887,0.0,0.0
2025-04-17,100052.1492937263,-0.0006715174911351405,0.1290528821720328,3,0.7971456307151882,0.20285436928481176,0.0,0.0
2025-04-21,97798.96727402192,-0.02252007613639199,0.1486666775762897,3,0.7960996310352225,0.20390036896477748,0.0,0.0
2025-04-22,99935.96289349381,0.02185090169187834,0.1300642768409891,3,0.799346024453815,0.20065397554618494,0.0,0.0
2025-04-23,101368.5523989514,0.014335074821707183,0.11759368315942864,3,0.8002602947097082,0.19973970529029175,0.0,0.0
2025-04-24,102669.53019426399,0.01344246534889512,0.10626876041479816,5,0.2015011341823614,0.5982790582395282,0.2002198075781104,0.0
2025-04-25,103048.61959910138,0.003692326283368547,0.10296881306861005,5,0.2022104157736139,0.6004690673978159,0.1973205168285702,0.0
2025-04-28,103735.98100184347,0.006670263079856769,0.09698537906094162,5,0.20094716536857138,0.6002481382178435,0.19880469641358506,0.0
2025-04-29,104188.52893332564,0.004362497246486981,0.09304598026355748,5,0.20133468767821897,0.6026518681397106,0.19601344418207023,0.0
2025-04-30,103535.90286687849,-0.00626389558551881,0.09872704554405298,5,0.20268417584657855,0.6015426934329257,0.19577313072049587,0.0
2025-05-01,103218.91173529178,-0.0020637179152451,0.10148643166800286,0,0.0,0.0,0.0,1.0
2025-05-02,103019.19254336142,-0.0019349089093532,0.10322497357654314,0,0.0,0.0,0.0,1.0
2025-05-05,103006.70885146013,-0.0001211783124395,0.10333364326088312,0,0.0,0.0,0.0,1.0
2025-05-06,103094.0748162789,0.0008481580063366,0.1025731285114021,0,0.0,0.0,0.0,1.0
2025-05-07,103131.53583122791,0.0003633672935692,0.10224703293793291,0,0.0,0.0,0.0,1.0
2025-05-08,102076.97112905225,-0.00923466856398696,0.11142694655704588,5,0.20327071223025378,0.5988407067716065,0.19788858099813966,0.0
2025-05-09,102288.50605282,0.0020723079988366104,0.10958554951084543,5,0.20259186762930917,0.5984961410883447,0.19891199128234616,0.0
2025-05-12,101830.116815244,-0.004481336713817105,0.11357579647833571,5,0.2102291155285063,0.5955961730163605,0.1941747114551331,0.0
2025-05-13,101809.54898528183,-0.00020198179679473124,0.1137548380316854,5,0.2116601685299981,0.5932987366049628,0.19504109486503912,0.0
2025-05-14,101018.48670701736,-0.007770020456321148,0.12064098106949483,5,0.21359028865850224,0.5939766486494772,0.19243306269202048,0.0
2025-05-15,101873.80626970371,0.00866261775127386,0.1131954827648396,2,0.39850164681999656,0.4000506271213954,0.20144772605860795,0.0
2025-05-16,101991.80627560304,0.0011582958389415837,0.11216830078257156,2,0.40056184667348177,0.400655584470056,0.1987825688564622,0.0
2025-05-19,102179.27579598996,0.0018380841288401818,0.11053639142715888,2,0.4002643113354718,0.3987620733266616,0.20097361533786665,0.0
2025-05-20,102130.5952888295,-0.00047642251113277375,0.11096015191311648,2,0.39910866405430095,0.39607756271902395,0.20481377322667496,0.0
2025-05-21,100906.76772168,-0.011982967138186964,0.12161348719728027,2,0.39714231695066143,0.394030281850484,0.2088274011988546,0.0
2025-05-22,101032.33354490201,0.00145064315131662,0.12052044529258454,5,0.19978909769312775,0.6022703421023925,0.19794056020447978,0.0
2025-05-23,101433.55090761752,0.003971177826326176,0.11702787558622318,5,0.19764054355504374,0.6008828527340221,0.2014766037109342,0.0
2025-05-27,102354.61454174021,0.009080463277496476,0.10901007963543075,5,0.19993410987877283,0.603786452327324,0.19627943779390317,0.0
2025-05-28,101923.9602124048,-0.004207473510242239,0.11275889612325751,5,0.19961726415253908,0.603720620124735,0.1966621157227258,0.0
2025-05-29,102692.52197431201,0.007540540617785728,0.1060686185417059,5,0.1989053877080789,0.6047478899246702,0.1963467223672508,0.0
2025-05-30,102552.48495222247,-0.00115914299158068,0.10728763124297269,2,0.400016357655896,0.4010684596694792,0.19891518267462469,0.0
2025-06-02,102943.00237502507,0.00380797620832433,0.10388820378186914,2,0.40074355415194823,0.3958285371431815,0.20342790870487015,0.0
2025-06-03,102921.03697820495,-0.0002133743558410347,0.10407941105914875,2,0.40311483158736483,0.3952156948775501,0.20166947353508508,0.0
2025-06-04,103703.9244443384,0.007606680705123769,0.09726442920192924,2,0.39996423189482166,0.39859940713066944,0.20143636097450884,0.0
2025-06-05,103426.68389441549,-0.0026733853266248746,0.09967778923072312,2,0.399098204190677,0.3999454302681219,0.2009563655412011,0.0
2025-06-06,103047.50350289633,-0.0036652228039182606,0.1029785286097541,2,0.4055942055207174,0.3963631387607549,0.1980426557185276,0.0
2025-06-09,103224.53364160488,0.0017179468952742342,0.10143749335798502,2,0.4052635174886647,0.3961006015082956,0.19863588100303953,0.0
2025-06-10,103678.30032365149,0.004395918935532291,0.09748748542027807,2,0.4057775658770288,0.3963978720444817,0.19782456207848947,0.0
2025-06-11,103793.74444170752,0.001113483898710187,0.09648255226690916,2,0.40417017835949726,0.39715579583536537,0.19867402580513743,0.0
2025-06-12,104709.4830500994,0.008822676292463784,0.08851111030096714,2,0.4022277368316826,0.39838975351960476,0.1993825096487126,0.0
2025-06-13,104111.72924010229,-0.00570647336364644,0.09371451634134409,2,0.39779795853413613,0.3984190463701365,0.2037829950957275,0.0
2025-06-16,103785.23450262338,-0.0031360034057828566,0.09655663070470921,2,0.40284607200838224,0.39564476086120265,0.20150916713041514,0.0
2025-06-17,103938.39619083753,0.0014757560547812407,0.09522336868231951,2,0.3988151294338854,0.3998693826661901,0.20131548789992443,0.0
2025-06-18,103891.51860967508,-0.0004510131277798154,0.09563143482075231,2,0.39893494767174364,0.400743426986424,0.20032162534183223,0.0
2025-06-20,103708.59352315462,-0.001760731664802505,0.09722378519011532,2,0.3987000630442018,0.4007090635068102,0.20059087344898796,0.0
2025-06-23,104553.27188841923,0.008549459603594801,0.08987091778134915,3,0.8010534147816725,0.1989465852183276,0.0,0.0
2025-06-24,105629.52818225739,0.010293855700534814,0.08050218034013024,3,0.8016507240071888,0.19834927599281107,0.0,0.0
2025-06-25,105703.35102180412,0.0006988844958139658,0.07985955757003516,3,0.801539772864517,0.19846022713548286,0.0,0.0
2025-06-26,106471.70344247745,0.007268950447132313,0.07317110228960932,3,0.8019813051700817,0.19801869482991824,0.0,0.0
2025-06-27,106761.69739214973,0.002723671551183172,0.07064672478810108,3,0.8037765833538165,0.19622341664618348,0.0,0.0
2025-06-30,107598.560461299,0.00824571376480558,0.06336188899759276,2,0.39862555961103163,0.40063278912646677,0.20074165126250174,0.0
2025-07-01,107884.29499108913,0.0026555608975168633,0.06087458945489066,2,0.397441089866393,0.40056245286965214,0.20199645726395496,0.0
2025-07-02,107924.56640008237,0.0003732833309664066,0.06052402959344716,2,0.3990938208078874,0.39786895744750783,0.2030372217446048,0.0
2025-07-03,107815.44796560024,-0.0010110620604916961,0.06147389810386883,2,0.4026463393819444,0.3954976548999829,0.20185600571807277,0.0
2025-07-07,107101.30438588724,-0.006623759333085964,0.06769046913064813,2,0.40231063901673664,0.39433524066203607,0.20335412032122732,0.0
2025-07-08,106798.82467412126,-0.0028185904964501602,0.07032353433737959,2,0.4009109095616085,0.4006183651118955,0.198470725326496,0.0
2025-07-09,107597.95600318877,0.007482585426439953,0.06336715076410815,2,0.4003196087340739,0.40180288258854674,0.19787750867737938,0.0
2025-07-10,107796.66610570587,0.0018467832466186834,0.06163739290990666,2,0.40070859150973026,0.4013390412409253,0.19795236724934454,0.0
2025-07-11,107252.89899809928,-0.005044377783199491,0.06637084839769702,2,0.40132436885762474,0.3978093640189156,0.20086626712345976,0.0
2025-07-14,107166.76747893156,-0.0008030693806163855,0.06712061738219965,2,0.40241329572516726,0.3972938180339157,0.200292886240917,0.0
2025-07-15,106593.80387839454,-0.0053437754165647795,0.07210822634443259,2,0.40043056547459804,0.39933054389124445,0.20023889063415745,0.0
2025-07-16,106903.0508906781,0.002901172498134812,0.06941625224945758,2,0.40060704446694617,0.39873739047135565,0.20065556506169807,0.0
2025-07-17,107108.49400706678,0.0019217703767760057,0.06762788396992148,2,0.4022855536549383,0.39787905060010154,0.19983539574496015,0.0
2025-07-18,107197.70383434743,0.000832892181966026,0.06685131852379689,2,0.401656370073965,0.3981552128023163,0.20018841712371874,0.0
2025-07-21,107989.72253591615,0.007388392411768877,0.059956849886526054,2,0.3994665525406073,0.3987589007142397,0.20177454674515313,0.0
2025-07-22,107960.10170742383,0.0007264334007237,0.06021469717301786,0,0.0,0.0,0.0,1.0
2025-07-23,107868.66960857065,-0.0008469063793675,0.06101060734121788,0,0.0,0.0,0.0,1.0
2025-07-24,107777.21684008962,-0.0008478158561971,0.061806697437114866,0,0.0,0.0,0.0,1.0
2025-07-25,107842.55353376541,0.0006062199005634,0.06123794598652599,0,0.0,0.0,0.0,1.0
2025-07-28,107829.47999414192,-0.0001212280235873,0.061351750254952764,0,0.0,0.0,0.0,1.0
2025-07-29,108394.83495146436,0.006249295606811801,0.05643037401160789,2,0.3964672554913574,0.40422817983380577,0.1993045646748368,0.0
2025-07-30,107741.7499378194,-0.00602505658076219,0.062115434396076585,2,0.39836822474793926,0.40458266539887355,0.19704910985318716,0.0
2025-07-31,107746.92490110849,4.8031179111842445e-05,0.06207038669451992,2,0.3968548188838118,0.4047961277377436,0.1983490533784447,0.0
2025-08-01,108099.95422345868,0.003276467729118118,0.05899729058434022,2,0.38907533303773223,0.40921010056389967,0.201714566398368,0.0
2025-08-04,108987.11204143091,0.008206828803445641,0.05127464244458746,2,0.39177400337142376,0.40698832320008405,0.2012376734284922,0.0
2025-08-05,108916.38838173001,-0.0006406969152520802,0.05189028706605303,2,0.39822713324915726,0.40148372387351544,0.20028914287732727,0.0
2025-08-06,108949.864103273,0.0003073524750532237,0.05159888319916073,2,0.40115416157947836,0.39904294016162084,0.19980289825890082,0.0
2025-08-07,109022.67790299011,0.000668323915008227,0.05096504405178226,2,0.40055044279893964,0.398095294454375,0.20135426274668528,0.0
2025-08-08,109170.16371764863,0.0013527994128868864,0.049681190120566376,2,0.4031284049696646,0.39583431415676845,0.201037280873567,0.0
2025-08-11,108817.15948821978,-0.0032335229462678887,0.052754067798581494,2,0.4036364246907616,0.39757335250877324,0.19879022280046504,0.0
2025-08-12,108787.30571152092,0.0007263783174116,0.05301394288328176,0,0.0,0.0,0.0,1.0
2025-08-13,108932.02522624024,0.0013302978116129,0.05175416940387145,0,0.0,0.0,0.0,1.0
2025-08-14,108813.60608931244,-0.0010870920345221,0.052784999893081164,0,0.0,0.0,0.0,1.0
2025-08-15,108774.15033517398,-0.000362599453841,0.05312845953478995,0,0.0,0.0,0.0,1.0
2025-08-18,108774.15033517398,0.0,0.05312845953478995,0,0.0,0.0,0.0,1.0
2025-08-19,108826.7822154644,0.000483863860377,0.0526703026159393,0,0.0,0.0,0.0,1.0
2025-08-20,108866.25871940782,0.0003627462205513,0.052326662348597175,0,0.0,0.0,0.0,1.0
2025-08-21,108774.15033517398,-0.0008460691615319,0.05312845953478995,0,0.0,0.0,0.0,1.0
2025-08-22,109010.97823412713,0.0021772443013656,0.051066888869186755,0,0.0,0.0,0.0,1.0
2025-08-25,108958.36710364168,-0.0004826223132541,0.051524865162404176,0,0.0,0.0,0.0,1.0
2025-08-26,109050.44436316808,0.0008450682767557,0.0507233389146613,0,0.0,0.0,0.0,1.0
2025-08-27,109129.40774595743,0.0007240995967552,0.05003596806716015,0,0.0,0.0,0.0,1.0
2025-08-28,109089.92086711152,-0.0003618353628184,0.05037969864731895,0,0.0,0.0,0.0,1.0
2025-08-29,109182.05000115035,0.0008445247123338,0.04957772083549261,0,0.0,0.0,0.0,1.0
2025-09-02,109126.58577248239,-0.0005079976852181,0.050060533153287956,0,0.0,0.0,0.0,1.0
2025-09-03,109205.77740312633,0.0007256859552908,0.04937117542382086,0,0.0,0.0,0.0,1.0
2025-09-04,109284.98978357523,0.0007253497235453,0.04868163706872031,0,0.0,0.0,0.0,1.0
2025-09-05,109443.37304486312,0.0014492682078439,0.047302921609785775,0,0.0,0.0,0.0,1.0
2025-09-08,109509.35742464768,0.0006029088646373,0.046728532095910325,0,0.0,0.0,0.0,1.0
2025-09-09,109416.96891804684,-0.0008436585582599,0.047532767728152514,0,0.0,0.0,0.0,1.0
2025-09-10,109430.16579400374,0.0001206108713063,0.047417889825377424,0,0.0,0.0,0.0,1.0
2025-09-11,109469.76679677695,0.0003618837866676,0.047073165804235595,0,0.0,0.0,0.0,1.0
2025-09-12,109456.55954591757,-0.000120647474146,0.047188134019827244,0,0.0,0.0,0.0,1.0
2025-09-15,109496.1501737883,0.0003617017384336,0.04684350031150197,0,0.0,0.0,0.0,1.0
2025-09-16,109548.9584274209,0.0004822841127181,0.046383808074768273,0,0.0,0.0,0.0,1.0
2025-09-17,109496.15017378831,-0.0004820516268768,0.04684350031150186,0,0.0,0.0,0.0,1.0
2025-09-18,109456.55954591757,-0.0003615709575898,0.047188134019827244,0,0.0,0.0,0.0,1.0
2025-09-19,109496.1501737883,0.0003617017384336,0.04684350031150197,0,0.0,0.0,0.0,1.0
2025-09-22,109443.37304486314,-0.0004819998588205,0.047302921609785664,0,0.0,0.0,0.0,1.0
2025-09-23,109482.9532978314,0.0003616505217911,0.04695837821427695,0,0.0,0.0,0.0,1.0
2025-09-24,109430.16579400375,-0.0004821527209267,0.04741788982537731,0,0.0,0.0,0.0,1.0
2025-09-25,109337.75653759793,-0.0008444587078464,0.048222306083253064,0,0.0,0.0,0.0,1.0
2025-09-26,109403.76166718744,0.0006036810309604,0.047647735943744274,0,0.0,0.0,0.0,1.0
2025-09-29,109443.37304486314,0.0003620659570755,0.047302921609785664,0,0.0,0.0,0.0,1.0
2025-09-30,109496.1501737883,0.0004822322947184,0.04684350031150197,0,0.0,0.0,0.0,1.0
2025-10-01,109623.27385389837,0.001160987668592,0.04573689736912523,0,0.0,0.0,0.0,1.0
2025-10-02,109649.74023012957,0.0002414302665916,0.04550650937385847,0,0.0,0.0,0.0,1.0
2025-10-03,109610.00435362408,-0.0003623891531533,0.045852407461616895,0,0.0,0.0,0.0,1.0
2025-10-06,109583.5276024904,-0.000241554147268,0.04608288576970032,0,0.0,0.0,0.0,1.0
2025-10-07,109636.50185456272,0.0004834143710401,0.04562174852790024,0,0.0,0.0,0.0,1.0
2025-10-08,109623.27385389838,-0.0001206532536207,0.04573689736912512,0,0.0,0.0,0.0,1.0
2025-10-09,109610.0043536241,-0.0001210463782715,0.045852407461616784,0,0.0,0.0,0.0,1.0
2025-10-10,109795.37273626727,0.0016911629895126,0.04423878836658324,0,0.0,0.0,0.0,1.0
2025-10-13,110007.18674533667,0.0019291706361632,0.04239496190191627,0,0.0,0.0,0.0,1.0
2025-10-14,109927.77724174061,-0.0007218574162786,0.0430862162005331,0,0.0,0.0,0.0,1.0
2025-10-15,109874.82373947327,-0.0004817117528984,0.04354717281669973,0,0.0,0.0,0.0,1.0
2025-10-16,110020.42512090351,0.0013251569056027,0.042279722747874504,0,0.0,0.0,0.0,1.0
2025-10-17,110007.18674533669,-0.0001203265262089,0.04239496190191616,0,0.0,0.0,0.0,1.0
2025-10-20,110020.42512090353,0.0001203410064243,0.04227972274787439,0,0.0,0.0,0.0,1.0
2025-10-21,110046.92262184218,0.000240841651989,0.04204906381415763,0,0.0,0.0,0.0,1.0
2025-10-22,110046.92262184218,0.0,0.04204906381415763,0,0.0,0.0,0.0,1.0
2025-10-23,109967.48199353868,-0.0007218795983645,0.042740589051224354,0,0.0,0.0,0.0,1.0
2025-10-24,110033.67387137287,0.0006019222831534,0.042164393281015844,0,0.0,0.0,0.0,1.0
2025-10-27,110007.18674533672,-0.0002407183646991,0.04239496190191583,0,0.0,0.0,0.0,1.0
2025-10-28,110020.42512090356,0.0001203410064243,0.04227972274787417,0,0.0,0.0,0.0,1.0
2025-10-29,109808.62148673664,-0.0019251301195589,0.044123458899724466,0,0.0,0.0,0.0,1.0
2025-10-30,109821.8391124985,0.0001203696538842,0.04400840037131615,0,0.0,0.0,0.0,1.0
2025-10-31,109861.58536390647,0.0003619157330561,0.043662411970741055,0,0.0,0.0,0.0,1.0
2025-11-03,109865.55895155703,3.616903613212763e-05,0.043627822161965146,0,0.0,0.0,0.0,1.0
2025-11-04,109905.38820218484,0.0003625271741927,0.04328111125885703,0,0.0,0.0,0.0,1.0
2025-11-05,109825.70895112425,-0.000724980388714,0.0439747136907066,0,0.0,0.0,0.0,1.0
2025-11-06,109958.50770289192,0.0012091772776696,0.042818709637623686,0,0.0,0.0,0.0,1.0
2025-11-07,110011.64795340395,0.0004832754792891,0.042356127390757226,0,0.0,0.0,0.0,1.0
2025-11-10,109985.08820305043,-0.0002414267111495,0.042587328201373786,0,0.0,0.0,0.0,1.0
2025-11-11,110078.04732928779,0.0008451975422862,0.04177812536421577,0,0.0,0.0,0.0,1.0
2025-11-12,110038.21807865996,-0.0003618273724339,0.042124836267324106,0,0.0,0.0,0.0,1.0
2025-11-13,109971.81870277616,-0.0006034210390098,0.04270283829386523,0,0.0,0.0,0.0,1.0
2025-11-14,110011.64795340398,0.0003621768840202,0.042356127390757004,0,0.0,0.0,0.0,1.0
2025-11-17,109998.36807822723,-0.0001207133555747,0.04247172779606523,0,0.0,0.0,0.0,1.0
2025-11-18,110064.77782901353,0.0006037339639355,0.04189363545670721,0,0.0,0.0,0.0,1.0
2025-11-19,110051.49795383676,-0.0001206550854752,0.04200923586201555,0,0.0,0.0,0.0,1.0
2025-11-20,110144.4674549766,0.0008447817873304,0.04119994271204086,0,0.0,0.0,0.0,1.0
2025-11-21,110277.28695654921,0.0012058663012457,0.04004375803332494,0,0.0,0.0,0.0,1.0
2025-11-24,110290.56683172598,0.0001204225778785,0.0399281576280166,0,0.0,0.0,0.0,1.0
2025-11-25,110356.95583270733,0.0006019463213262,0.039350245914291815,0,0.0,0.0,0.0,1.0
2025-11-26,110343.68633243305,-0.0001202416302095,0.03946575600678348,0,0.0,0.0,0.0,1.0
2025-11-28,110343.68633243305,0.0,0.03946575600678348,0,0.0,0.0,0.0,1.0
2025-12-01,110249.10872140853,-0.0008571184647537,0.040289047643338294,0,0.0,0.0,0.0,1.0
2025-12-02,110315.71559534199,0.0006041488652916,0.039709239360464,0,0.0,0.0,0.0,1.0
2025-12-03,110382.33284417794,0.000603878137185,0.039129340764772924,0,0.0,0.0,0.0,1.0
2025-12-04,110302.3942205553,-0.0007241976280342,0.03982520101703879,0,0.0,0.0,0.0,1.0
2025-12-05,110262.41972129275,-0.0003624082645262,0.04017317629957995,0,0.0,0.0,0.0,1.0
2025-12-08,110235.77697171937,-0.000241630372712,0.040405099612729645,0,0.0,0.0,0.0,1.0
2025-12-09,110182.48109767011,-0.0004834716596856,0.040869036551845817,0,0.0,0.0,0.0,1.0
2025-12-10,110369.01146939126,0.0016929222310377,0.039245302421347716,0,0.0,0.0,0.0,1.0
2025-12-11,110382.33284417794,0.0001206985059423,0.039129340764772924,0,0.0,0.0,0.0,1.0
2025-12-12,110395.65421896463,0.000120683939571,0.03901337910819813,0,0.0,0.0,0.0,1.0
2025-12-15,110462.2507179956,0.0006032529043116,0.03843366113814051,0,0.0,0.0,0.0,1.0
2025-12-16,110515.53621714238,0.000482386505801,0.037969814511841005,0,0.0,0.0,0.0,1.0
2025-12-17,110528.84721702659,0.0001204446029927,0.03785394316808277,0,0.0,0.0,0.0,1.0
2025-12-18,110608.78584064922,0.000723237649133,0.037158082915817126,0,0.0,0.0,0.0,1.0
2025-12-19,110588.75190395677,-0.0001811242799583,0.037332476964762606,0,0.0,0.0,0.0,1.0
2025-12-22,110535.29003146781,-0.0004834295673704,0.03779785890894505,0,0.0,0.0,0.0,1.0
2025-12-23,110481.84890878381,-0.0004834756634626,0.03826306022749426,0,0.0,0.0,0.0,1.0
2025-12-24,110548.6736556694,0.0006048481949352,0.03768135537547024,0,0.0,0.0,0.0,1.0
2025-12-26,110628.83015224416,0.00072507877231,0.03698359855405475,0,0.0,0.0,0.0,1.0
2025-12-29,110682.28164983063,0.0004831606509163,0.03651830692268898,0,0.0,0.0,0.0,1.0
2025-12-30,110709.00739862387,0.0002414636597192,0.03628566110700615,0,0.0,0.0,0.0,1.0
2025-12-31,110668.91877543401,-0.000362108053643,0.03663462983053056,0,0.0,0.0,0.0,1.0
