date,wealth,return,drawdown,action,w_SPY,w_TLT,w_GLD,w_SHY
2021-01-05,99651.59697758028,-0.0024865167409381396,0.0034840302241971877,5,0.20187939691139858,0.5970282583937376,0.20109234469486376,0.0
2021-01-06,98225.1141753928,-0.014314700872364474,0.017748858246072086,5,0.20603566070392842,0.5932649948804082,0.2006993444156635,0.0
2021-01-07,97966.11185634113,-0.0026368238024055365,0.020338881436588685,5,0.20964967399875106,0.5895901691793825,0.20076015682186643,0.0
2021-01-08,97223.88780955694,-0.007576334639804923,0.027761121904430586,5,0.21245381451825027,0.5921738145635745,0.19537237091817528,0.0
2021-01-11,96952.24837831664,-0.0027939577130714974,0.03047751621683359,5,0.21161297864317957,0.5928515441452384,0.1955354772115819,0.0
2021-01-12,97034.56584313384,0.0008606746067271601,0.029654341568661646,5,0.1998702256592172,0.5990080826307084,0.20112169171007446,0.0
2021-01-13,97657.33603797553,0.006418024231163856,0.023426639620244716,5,0.1991304033206591,0.6018912591760276,0.19897833750331329,0.0
2021-01-14,97028.49496840211,-0.006439260941224977,0.029715050315978875,5,0.19971916025070913,0.6001168839279138,0.20016395582137705,0.0
2021-01-15,96877.25590618174,-0.0015587076999351445,0.031227440938182527,5,0.19857214782759555,0.603438849423017,0.19798900274938755,0.0
2021-01-19,97379.50920891143,0.0051844294930904,0.0262049079108857,5,0.19909910460692268,0.6022641357328802,0.19863675966019717,0.0
2021-01-20,98023.43081696949,0.00661477503990104,0.019765691830305188,5,0.2014352674420653,0.5966439352997137,0.20192079725822093,0.0
2021-01-21,97618.56096669823,-0.004130337480507351,0.023814390333017688,5,0.20245512341444008,0.5949137846557436,0.20263109192981624,0.0
2021-01-22,97580.85401278936,-0.0003862682827473414,0.024191459872106358,5,0.20181649765590015,0.5970700706852403,0.2011134316588595,0.0
2021-01-25,98362.09842390545,0.00800612393711668,0.01637901576094547,5,0.2010031822873524,0.5993086304901016,0.19968818722254594,0.0
2021-01-26,98171.47131828088,-0.0019380138150676873,0.018285286817191215,5,0.20107910821280484,0.5993392622413009,0.19958162954589434,0.0
2021-01-27,97716.87309383314,-0.004629580988759581,0.022831269061668547,5,0.19601941751938967,0.6043233778939698,0.19965720458664044,0.0
2021-01-28,97573.26710466351,-0.0014696130220186766,0.02426732895336492,5,0.19799619771213106,0.6018673201237913,0.20013648216407767,0.0
2021-01-29,96825.29109948604,-0.007665788257096393,0.03174708900513956,5,0.19553133035641965,0.6028678794635886,0.20160079017999175,0.0
2021-02-01,97391.29189057407,0.005845588323679512,0.02608708109425939,5,0.19763074415436657,0.6000590059810265,0.20231024986460686,0.0
2021-02-02,97046.91651659232,-0.0035359975958495506,0.029530834834076813,5,0.20113650471042965,0.5983057436300411,0.2005577516595293,0.0
2021-02-03,96516.02024377466,-0.0054688265089572795,0.034839797562253416,5,0.20125791625680486,0.5979460912694868,0.20079599247370836,0.0
2021-02-04,96165.30981211999,-0.0036337017499153733,0.03834690187880008,5,0.2042876633841424,0.5985230501207233,0.19718928649513442,0.0
2021-02-05,95947.89147064478,-0.002260881204458996,0.04052108529355214,5,0.2055564340268821,0.594856352289815,0.1995872136833029,0.0
2021-02-08,96533.78234970146,0.0061063444967515345,0.03466217650298542,5,0.20578436653795418,0.5938421027909435,0.2003735306711022,0.0
2021-02-09,96626.14182510464,0.0009567580711651156,0.03373858174895361,5,0.20545080462432788,0.5937136140120257,0.20083558136364643,0.0
2021-02-10,97073.59107028424,0.00463704213596292,0.029264089297157625,5,0.19899015899346126,0.6012041252888481,0.19980571571769062,0.0
2021-02-11,96616.84716410587,-0.004705130418505675,0.03383152835894132,5,0.20025371380353493,0.6007395461778636,0.19900674001860147,0.0
2021-02-12,95933.17725967828,-0.007076094123278057,0.04066822740321718,5,0.202677107203699,0.5975066636948224,0.19981622910147848,0.0
2021-02-16,94768.40719339422,-0.012141472841363141,0.05231592806605778,5,0.20499050591975512,0.5956406940083018,0.1993688000719432,0.0
2021-02-17,94916.81380204247,0.0015659924340122422,0.05083186197957534,5,0.20471694234372742,0.5984858447498347,0.19679721290643779,0.0
2021-02-18,94603.97083268597,-0.0032912685673079935,0.053960291673140315,5,0.19980639213635784,0.5995452378742068,0.2006483699894355,0.0
2021-02-19,93895.39386764023,-0.007489928369908563,0.06104606132359769,5,0.20095871053958334,0.5960400545859463,0.2030012348744704,0.0
2021-02-22,93609.83601345481,-0.003041233892558765,0.06390163986545183,5,0.20002131094522224,0.593310168089639,0.20666852096513882,0.0
2021-02-23,93427.89478340675,-0.0019436123146494282,0.06572105216593249,5,0.2006541986538306,0.5927512323419005,0.20659456900426887,0.0
2021-02-24,93257.4974329974,-0.0018238380604034686,0.06742502567002595,5,0.20323601681685174,0.5899387828268277,0.2068252003563205,0.0
2021-02-25,91542.43437066907,-0.0183807422666513,0.08457565629330932,5,0.19883558867631654,0.6012531998103967,0.19991121151328675,0.0
2021-02-26,92825.64465092267,0.01401765518991652,0.07174355349077333,5,0.19507651781795987,0.6125434221908445,0.19238005999119556,0.0
2021-03-01,92482.70637473298,-0.0036944346304227118,0.07517293625267019,5,0.20054609874042512,0.6066946023759222,0.1927592988836527,0.0
2021-03-02,92439.08410923806,-0.00047168024385206147,0.07560915890761943,5,0.1990750724244692,0.6070240293989434,0.19390089817658737,0.0
2021-03-03,91389.1704064568,-0.011357898154210878,0.08610829593543201,5,0.19869497888606782,0.6073381537484182,0.19396686736551408,0.0
2021-03-04,90628.90019246779,-0.00831176338429066,0.09371099807532213,5,0.19918054335448687,0.6011270392789027,0.19969241736661048,0.0
2021-03-05,91078.45992803211,0.004960445670306023,0.08921540071967893,5,0.20184356596806718,0.5993247416762241,0.19883169235570874,0.0
2021-03-08,90374.75662770835,-0.007726341671563258,0.09625243372291648,5,0.20240245868857265,0.5992952224328449,0.1983023188785824,0.0
2021-03-09,91767.70109107185,0.015412981626070887,0.08232298908928148,5,0.202176133043682,0.5983774963348731,0.19944637062144494,0.0
2021-03-10,92086.51593638728,0.003474150943358831,0.07913484063612719,5,0.20273028115696698,0.5975005430649255,0.19976917577810754,0.0
2021-03-11,91858.50740614462,-0.0024733016304293795,0.08141492593855382,5,0.20252876480340132,0.5971489800960997,0.200322255100499,0.0
2021-03-12,90716.09577594015,-0.012436644818899473,0.09283904224059847,5,0.2053554598598384,0.5918372482252371,0.2028072919149246,0.0
2021-03-15,91223.75985250085,0.005596185243846719,0.08776240147499148,5,0.2054304620641007,0.5920041961276248,0.20256534180827454,0.0
2021-03-16,91000.1638266149,-0.0024510722452953525,0.089998361733851,5,0.2056754607186615,0.5910736742507428,0.2032508650305957,0.0
2021-03-17,90793.6561432606,-0.002269311116271833,0.09206343856739407,5,0.20684618967901938,0.5879851292836277,0.205168681037353,0.0
2021-03-18,89871.20713913643,-0.01014794688696926,0.10128792860863567,5,0.19911062967962562,0.6000128912257607,0.20087647909461367,0.0
2021-03-19,90247.82071663905,0.004190592176196648,0.09752179283360951,5,0.19791285274160486,0.6012121629366585,0.2008749843217367,0.0
2021-03-22,90971.80874414212,0.008022221719638553,0.09028191255857876,5,0.1979055589076203,0.603111084131787,0.19898335696059263,0.0
2021-03-23,91193.21836779096,0.0024338267723307966,0.08806781632209038,5,0.195871177413739,0.607077757345622,0.19705106524063895,0.0
2021-03-24,91462.565605474,0.0029535884630887813,0.08537434394526,5,0.19430155340347036,0.6085477224126936,0.19715072418383608,0.0
2021-03-25,91674.38873036577,0.0029234234901538603,0.08325611269634237,3,0.8021554459159768,0.1978445540840231,0.0,0.0
2021-03-26,92795.95709738309,0.01223426065393337,0.07204042902616914,3,0.8052306805144724,0.19476931948552767,0.0,0.0
2021-03-29,92604.79808462769,-0.0020599928998499555,0.07395201915372307,3,0.8064853466874446,0.19351465331255535,0.0,0.0
2021-03-30,92500.55938956687,-0.0011256295269448662,0.07499440610433128,3,0.8052521933203045,0.19474780667969552,0.0,0.0
2021-03-31,92701.9688495527,0.002177386399768393,0.07298031150447304,3,0.8067595262119874,0.19324047378801248,0.0,0.0
2021-04-01,94002.38743956403,0.01464359473248976,0.05997612560435972,5,0.1992421984578815,0.6011550852613363,0.19960271628078216,0.0
2021-04-05,94017.69013767448,0.00016279052614790734,0.05982309862325519,5,0.202069063136441,0.5984346297449259,0.1994963071186332,0.0
2021-04-06,94539.24917403162,0.005547456394572066,0.05460750825968386,5,0.2008355644985073,0.599175865229415,0.19998857027207756,0.0
2021-04-07,94113.40639334843,-0.004504401974880088,0.05886593606651569,5,0.20197777487532215,0.5976949326251857,0.20032729249949222,0.0
2021-04-08,94870.71973745558,0.008046816847133835,0.05129280262544411,5,0.20131659078616262,0.5978185150926606,0.20086489412117675,0.0
2021-04-09,95296.67850018873,0.0050916181653481,0.04703321499811264,3,0.8017340220302547,0.19826597796974532,0.0,0.0
2021-04-12,95316.28638744274,0.000205756250507447,0.04683713612557261,3,0.8018612307768913,0.19813876922310872,0.0,0.0
2021-04-13,95684.3390142875,0.0038613823596597156,0.043156609857124995,3,0.8011444265701955,0.19885557342980462,0.0,0.0
2021-04-14,95362.07649351764,-0.003367975617428285,0.046379235064823554,3,0.8011063254823709,0.19889367451762902,0.0,0.0
2021-04-15,96500.13759232804,0.011934105680760532,0.03499862407671961,3,0.8001628881470723,0.19983711185292777,0.0,0.0
2021-04-16,96374.58251473696,-0.0011011445519554803,0.03625417485263038,1,0.6026690463419746,0.39733095365802545,0.0,0.0
2021-04-19,95979.2513902942,-0.004102026842838151,0.04020748609705804,1,0.6021783072690841,0.39782169273091605,0.0,0.0
2021-04-20,95732.07148628471,-0.002575347280052705,0.04267928513715291,1,0.5993128572806173,0.4006871427193827,0.0,0.0
2021-04-21,96351.94492795723,0.006475086478843496,0.03648055072042766,1,0.6010915603791301,0.3989084396208698,0.0,0.0
2021-04-22,95990.73418167126,-0.00374886824086477,0.040092658183287444,1,0.5978430369594994,0.4021569630405007,0.0,0.0
2021-04-23,96758.64452995897,0.008203653652662601,0.032413554700410296,3,0.8020937176027194,0.1979062823972807,0.0,0.0
2021-04-26,96893.30394119612,0.0013917041923366459,0.031066960588038817,3,0.8026509075465124,0.1973490924534877,0.0,0.0
2021-04-27,96709.75407466675,-0.001894350373693182,0.03290245925333246,3,0.8040011343471605,0.19599886565283953,0.0,0.0
2021-04-28,96699.7115233241,-0.00010384217640438756,0.033002884766758944,3,0.8038536006546418,0.19614639934535824,0.0,0.0
2021-04-29,97139.043483024,0.004543260292911103,0.028609565169759987,3,0.8053176524844693,0.19468234751553082,0.0,0.0
2021-04-30,97021.99595923131,-0.0005999938187607399,0.029780040407686892,5,0.19880518501452796,0.601748951557272,0.19944586342820006,0.0
2021-05-03,97349.71577988414,0.003377788896350252,0.026502842201158616,5,0.19856323994913627,0.6000825499490767,0.20135421010178695,0.0
2021-05-04,97483.24279709559,0.0013716220549978306,0.025167572029044072,5,0.1970679007451802,0.6033275356747495,0.19960456358007025,0.0
2021-05-05,97666.84049362631,0.00188337699139606,0.023331595063736943,5,0.19675897885344265,0.6031864400197858,0.2000545811267715,0.0
2021-05-06,98243.18010169979,0.0059010776345437025,0.017568198983002103,5,0.19716675084440713,0.6006350291896853,0.20219821996590776,0.0
2021-05-07,98271.97479086836,0.0002959301492168202,0.01728025209131634,5,0.20139601049971978,0.5968643268285156,0.20173966267176455,0.0
2021-05-10,97542.06762169034,-0.007427419370897276,0.024579323783096574,5,0.20089381656858912,0.5952409552398826,0.20386522819152827,0.0
2021-05-11,97042.05362913178,-0.005126136904313038,0.02957946370868214,5,0.20012676195499815,0.594921867351968,0.20495137069303382,0.0
2021-05-12,95825.25289156509,-0.012538901353190378,0.041747471084349064,5,0.19836225755088954,0.5961456757724355,0.20549206667667502,0.0
2021-05-13,96222.94652993596,0.004150196596098511,0.0377705347006404,5,0.19991538360508296,0.5946013220744902,0.20548329432042675,0.0
2021-05-14,97233.2039256818,0.01050467267316214,0.027667960743182007,5,0.2009600621819145,0.5993148124264691,0.19972512539161646,0.0
2021-05-17,97286.25379316231,0.0005455941523953842,0.027137462068376972,5,0.20033940426868105,0.5977209824096162,0.20193961332170265,0.0
2021-05-18,97007.80660390778,-0.002862143194932005,0.02992193396092213,5,0.1991834684868102,0.5979031416821746,0.20291338983101512,0.0
2021-05-19,96830.34856685708,-0.0018293170752254697,0.03169651433142917,5,0.19902531293953765,0.5975500482166346,0.20342463884382767,0.0
2021-05-20,97603.73879399507,0.007987064371703705,0.023962612060049238,5,0.19957242353704352,0.5976930956918048,0.2027344807711517,0.0
2021-05-21,97543.81046340398,-1.3576835541539975e-05,0.024561895365960207,3,0.7993559914312505,0.20064400856874962,0.0,0.0
2021-05-24,98411.16519581621,0.008891950481446914,0.01588834804183792,3,0.8003877217801855,0.19961227821981453,0.0,0.0
2021-05-25,98418.38460116842,7.33596166436255e-05,0.015816153988315818,3,0.798553298978213,0.20144670102178683,0.0,0.0
2021-05-26,98540.23015320857,0.0012380364962695778,0.014597698467914255,3,0.7991487410229073,0.20085125897709272,0.0,0.0
2021-05-27,98501.96629403545,-0.0003883069799373851,0.014980337059645521,3,0.7998788862040696,0.20012111379593045,0.0,0.0
2021-05-28,98403.46432774141,0.0,0.01596535672258581,0,0.0,0.0,0.0,1.0
2021-06-01,98382.92807290326,-0.0002086944293929,0.01617071927096736,0,0.0,0.0,0.0,1.0
2021-06-02,98394.34599063704,0.0001160558844652,0.016056540093629557,0,0.0,0.0,0.0,1.0
2021-06-03,98360.12223196565,-0.0003478224112049,0.01639877768034348,0,0.0,0.0,0.0,1.0
2021-06-04,98394.34599063704,0.000347943433729,0.016056540093629557,0,0.0,0.0,0.0,1.0
2021-06-07,98382.92807290328,-0.0001160424170598,0.01617071927096725,0,0.0,0.0,0.0,1.0
2021-06-08,98405.73391384089,0.0002318068935771,0.01594266086159113,0,0.0,0.0,0.0,1.0
2021-06-09,98382.92807290326,-0.0002317531715945,0.01617071927096736,0,0.0,0.0,0.0,1.0
2021-06-10,98417.15183157465,0.0003478627780424,0.015828481684253548,0,0.0,0.0,0.0,1.0
2021-06-11,98394.34599063704,-0.0002317262846281,0.016056540093629557,0,0.0,0.0,0.0,1.0
2021-06-14,98360.12223196565,-0.0003478224112049,0.01639877768034348,0,0.0,0.0,0.0,1.0
2021-06-15,98348.73430876182,-0.0001157778472151,0.016512656912381796,0,0.0,0.0,0.0,1.0
2021-06-16,98257.49094865806,-0.0009277532725261,0.01742509051341945,0,0.0,0.0,0.0,1.0
2021-06-17,98257.49094865806,0.0,0.01742509051341945,0,0.0,0.0,0.0,1.0
2021-06-18,98177.6855026414,-0.0008122072449252,0.018223144973586014,0,0.0,0.0,0.0,1.0
2021-06-21,97615.25442388974,-0.004733439263526639,0.023847455761102587,5,0.20382798929838203,0.592759641275269,0.20341236942634905,0.0
2021-06-22,97779.72366777685,0.0016848723578889446,0.022202763322231478,5,0.2045730230070768,0.5932081987457105,0.20221877824721257,0.0
2021-06-23,97593.11041727732,-0.001908506625909409,0.02406889582722682,5,0.20471716257046405,0.5928114408135984,0.20247139661593763,0.0
2021-06-24,97792.290572753,0.0020409243503363233,0.022077094272469955,5,0.20550880877691813,0.5925538089072943,0.2019373823157875,0.0
2021-06-25,97327.40804764767,-0.004753774785134863,0.026725919523523323,5,0.20722387388702615,0.5892020864645686,0.20357403964840515,0.0
2021-06-28,97964.80054319667,0.006559820457815426,0.02035199456803327,5,0.1990971622868681,0.602218172373455,0.19868466533967696,0.0
2021-06-29,97869.48813507982,-0.0009729250464285471,0.021305118649201704,5,0.1993982559110989,0.6038128922922481,0.1967888517966529,0.0
2021-06-30,98242.59392397733,0.0038122789442052176,0.017574060760226717,5,0.1988082044635159,0.6041988204571399,0.19699297507934405,0.0
2021-07-01,98420.60515940415,0.0018119557751555943,0.01579394840595849,5,0.19954731735214193,0.6031393074190201,0.19731337522883796,0.0
2021-07-02,99056.30219393407,0.006458983192597978,0.009436978060659351,5,0.1997821795192893,0.6028849663421146,0.19733285413859608,0.0
2021-07-06,99814.83056465062,0.007660454884418419,0.0018516943534937491,5,0.1981180432067307,0.6024176530246986,0.1994643037685705,0.0
2021-07-07,100493.21885476714,0.006796467882366633,0.0,5,0.19747603832140556,0.6036519641145073,0.1988719975640872,0.0
2021-07-08,100556.1571054687,0.0006262935093412833,0.0,5,0.19574444482406161,0.6056375788829885,0.19861797629294986,0.0
2021-07-09,99976.16225877714,-0.005767870047810379,0.0057678700478104306,5,0.19898164749612837,0.6005847780291754,0.20043357447469623,0.0
2021-07-12,99944.72033412487,-0.0003144942148398215,0.006080550300888277,5,0.19975722938209442,0.5999949776868193,0.20024779293108627,0.0
2021-07-13,99443.62237527482,-0.0050135046227768,0.011063815108079189,5,0.2003225461634343,0.5984080321864945,0.20126942165007114,0.0
2021-07-14,100364.72460216387,0.009262557063871368,0.0019037372629906457,5,0.19878020190010187,0.5996527136275916,0.20156708447230648,0.0
2021-07-15,100963.98505709883,0.005970827472604343,0.0,5,0.1969254752478938,0.6026686582120581,0.20040586654004805,0.0
2021-07-16,100496.94350758508,-0.004625823250237399,0.004625823250237526,5,0.19628887922103197,0.6043276099630797,0.1993835108158883,0.0
2021-07-19,101561.08482955006,0.010588792900797828,0.0,5,0.19136380869684252,0.6111088741740743,0.1975273171290832,0.0
2021-07-20,101237.27329987704,-0.003177268986346799,0.0031883425646396235,5,0.20351268019039795,0.596110087548812,0.20037723226079004,0.0
2021-07-21,100564.22906837065,-0.0066481860837237046,0.009815331953694995,5,0.20653343104240068,0.5924985180524506,0.2009680509051488,0.0
2021-07-22,101210.50794788246,0.0064265284534964435,0.003451882010279572,5,0.20564439400377824,0.5942803612502879,0.20007524474593377,0.0
2021-07-23,100958.83832283273,-0.0024865958105785195,0.005929894385512724,5,0.20827795458622497,0.5917767370106368,0.19994530840313823,0.0
2021-07-26,100785.5218283702,-0.0017167045237617606,0.007636419032757358,5,0.20914828144159156,0.5910378602302312,0.1998138583281773,0.0
2021-07-27,101371.59277154077,0.00582423265630384,0.0018657939537305435,5,0.19793567132725717,0.6028913437597427,0.19917298491300003,0.0
2021-07-28,101469.33329912457,0.00096418064382278,0.0009034122723233784,5,0.1976639265491091,0.6023508331900586,0.19998524026083236,0.0
2021-07-29,101438.90065234664,-0.0002999196485131968,0.0012030609697453176,5,0.1985432591640842,0.599189954027632,0.2022667868082839,0.0
2021-07-30,101465.16453560432,0.00025891332702510865,0.0009444591312384176,5,0.19752792224196564,0.601852480361327,0.20061959739670734,0.0
2021-08-02,101942.59937110326,0.004705406409028288,0.0,5,0.19619029066488913,0.6043766204824823,0.19943308885262867,0.0
2021-08-03,102126.10487587652,0.0018044710951720798,0.0,5,0.2012639715496867,0.5992375130873497,0.19949851536296354,0.0
2021-08-04,102155.66799041379,0.00028947656990524213,0.0,5,0.20021600959506608,0.600296147929079,0.1994878424758548,0.0
2021-08-05,101892.01700276732,-0.002580874784854882,0.002580874784854914,5,0.2020052969760944,0.5987811095341743,0.19921359348973128,0.0
2021-08-06,100399.82187378392,-0.014644867899149157,0.01718794611371577,5,0.20534636280425508,0.5975317919477414,0.19712184524800352,0.0
2021-08-09,99816.89910796091,-0.005806013944485147,0.0228941666033875,5,0.20637748804327175,0.5988659926107499,0.19475651934597832,0.0
2021-08-10,99570.7088301037,-0.0024600570143618,0.02530411881358019,5,0.20074265930886845,0.5987021243799814,0.20055521631115025,0.0
2021-08-11,99859.05721851032,0.0028959157948610587,0.022481481616066334,5,0.2006603736263849,0.5966068581192964,0.2027327682543188,0.0
2021-08-12,99826.40927144466,-0.00032694026936611243,0.022801071783777105,5,0.20132759236744,0.5958238813092748,0.20284852632328523,0.0
2021-08-13,101092.61809907448,0.012684106709546051,0.010406176301828496,5,0.19916772744573422,0.5976548998556387,0.2031773726986271,0.0
2021-08-16,101388.89114132496,0.0029307089659121655,0.007505964810105126,5,0.19905330359226936,0.5973524910968531,0.20359420531087752,0.0
2021-08-17,101200.78082959967,-0.00185174699043038,0.009347373274517956,5,0.19905754138100668,0.6008709841618917,0.20007147445710166,0.0
2021-08-18,101200.32506963484,-4.503522216782843e-06,0.0093518347006315,5,0.19687975488347806,0.602892090833206,0.2002281542833159,0.0
2021-08-19,101621.14233375087,0.004158260003873141,0.00523246205695671,5,0.1963680763610924,0.604817641592258,0.19881428204664964,0.0
2021-08-20,101831.68478592054,0.002071837093487846,0.003171465772448756,5,0.197521331991924,0.603968275299817,0.19851039270825913,0.0
2021-08-23,102213.9334080612,0.0037537297251268847,0.0,5,0.19851364994405818,0.6013099935880472,0.20017635646789458,0.0
2021-08-24,101759.58136201576,-0.0044436289683513,0.004445108713619028,5,0.20121160654334347,0.5979909523568702,0.20079744109978634,0.0
2021-08-25,101155.32372242092,-0.0059380908559868535,0.01035680411019968,5,0.20283831539256567,0.5965661077026103,0.20059557690482407,0.0
2021-08-26,101224.36066371367,0.000682484507510398,0.009681387961041787,5,0.20150336816284534,0.5978104487894212,0.2006861830477335,0.0
2021-08-27,102123.77405042129,0.008885345195665178,0.0008820652393836115,5,0.20151446971515496,0.5965771502860201,0.2019083799988248,0.0
2021-08-30,102271.46895829763,0.0014462343293680743,0.0,5,0.2021083678923144,0.5972699448652624,0.2006216872424232,0.0
2021-08-31,101864.26693447372,-0.00397886069442914,0.003981579887054831,5,0.20050144936840497,0.598296464617327,0.2012020860142679,0.0
2021-09-01,101978.43953101398,0.0011208306894674599,0.0028652118745173816,5,0.20038344372749212,0.5986278939941102,0.20098866227839782,0.0
2021-09-02,102253.43217338249,0.0026965762923335866,0.0001763618445970172,5,0.20045938423247106,0.599624009610945,0.19991660615658385,0.0
2021-09-03,101909.47551405246,-0.0033637663990271484,0.0035395350035772877,5,0.20108715056195015,0.596176331855051,0.2027365175829989,0.0
2021-09-07,100919.05313153217,-0.009718648609703824,0.01322378411633962,5,0.2023345633281193,0.5969485571639499,0.20071687950793082,0.0
2021-09-08,101255.72273581038,0.00333909773045132,0.009931863038961763,5,0.19909153525275577,0.6020732754572057,0.19883518929003863,0.0
2021-09-09,101996.18516515991,0.0073127958533414925,0.0026916968724676194,5,0.19680021920464216,0.6049349166519393,0.19826486414341862,0.0
2021-09-10,101191.61642245988,-0.00788822387226755,0.01055868803720883,5,0.19680096422051208,0.6043687074054102,0.19883032837407774,0.0
2021-09-13,101680.89562359892,0.004835175268832316,0.005774565875645399,5,0.19635518099305338,0.6051084151036973,0.1985364039032494,0.0
2021-09-14,102449.02338212312,0.007554297725382512,0.0,5,0.19383132873647588,0.6078521237289101,0.19831654753461403,0.0
2021-09-15,102346.574358741,0.0,0.0010000000000000009,0,0.0,0.0,0.0,1.0
2021-09-16,102311.03965457079,-0.0003471997415923,0.0013468525418506294,0,0.0,0.0,0.0,1.0
2021-09-17,102287.30130711282,-0.000232021368741,0.0015785614120213953,0,0.0,0.0,0.0,1.0
2021-09-20,102311.03965457079,0.0002320752151501,0.0013468525418506294,0,0.0,0.0,0.0,1.0
2021-09-21,102334.72598987394,0.0002315129958909,0.0011156513598267193,0,0.0,0.0,0.0,1.0
2021-09-22,102275.39052365998,-0.0005798175119933,0.001694821997624274,0,0.0,0.0,0.0,1.0
2021-09-23,102216.04465501505,-0.0005802556053912,0.0022740941730512443,0,0.0,0.0,0.0,1.0
2021-09-24,102180.47874355194,-0.0003479484222183,0.0026212513277900085,0,0.0,0.0,0.0,1.0
2021-09-27,102168.57836253008,-0.0001164643302536,0.0027374103757632495,0,0.0,0.0,0.0,1.0
2021-09-28,102180.47874355195,0.0001164778957738,0.0026212513277898974,0,0.0,0.0,0.0,1.0
2021-09-29,102126.92929313927,0.00047640908163175996,0.003143944943061916,5,0.20024124714139302,0.6007545114914039,0.19900424136720302,0.0
2021-09-30,102233.84752082644,0.001046915132249658,0.0021003212543481142,5,0.19758697106154754,0.6000432212657386,0.2023698076727138,0.0
2021-10-01,103036.82080433353,0.007854280191729178,0.0,5,0.19837704841822767,0.6003778311096074,0.20124512047216486,0.0
2021-10-04,102712.69517073064,-0.0031457262663256934,0.003145726266325699,5,0.19643666489811862,0.6007386952487773,0.2028246398531041,0.0
2021-10-05,102229.80481296816,-0.004701369747525605,0.007832306791548782,5,0.19941813516272994,0.5977480879972052,0.20283377684006482,0.0
2021-10-06,102715.17641823768,0.00475069554197954,0.003121645093326908,5,0.19988163441488144,0.6005318753687671,0.1995864902163515,0.0
2021-10-07,102139.56387023849,-0.0056039678660083185,0.008708119360543276,5,0.20274593190158183,0.5976008958488659,0.1996531722495522,0.0
2021-10-08,101683.25861285915,-0.004467468237470133,0.01313668435136206,5,0.20328436250368584,0.5960810113198693,0.20063462617644473,0.0
2021-10-11,101341.31033307823,-0.0033628768830356497,0.01645538418227277,5,0.20249361527833531,0.5965747645227414,0.2009316201989233,0.0
2021-10-12,102416.5542735457,0.010610124705645306,0.006019853154880628,5,0.19987443100552996,0.6004059074104485,0.19971966158402166,0.0
2021-10-13,103452.37925714665,0.01011425333582948,0.0,5,0.19870974450901416,0.5997696464224404,0.20152060906854558,0.0
2021-10-14,104079.68911962026,0.0060637548114223965,0.0,5,0.20083433584794388,0.5983696192266331,0.2007960449254231,0.0
2021-10-15,103543.85214549975,-0.005148333730173445,0.005148333730173427,5,0.20341109385609438,0.5979614816174026,0.1986274245265031,0.0
2021-10-18,103845.54094712892,0.002913633164866558,0.0022497009212070207,5,0.2034206030907444,0.5990201658117755,0.19755923109748005,0.0
2021-10-19,103216.29760789115,-0.006059416066387774,0.008295485113688272,5,0.20623963577118076,0.5943579805559848,0.19940238367283453,0.0
2021-10-20,103059.60679571454,-0.001511851881645999,0.009800973970371163,5,0.20108955771409062,0.5968521683545056,0.2020582739314038,0.0
2021-10-21,103021.70942271005,-0.0003677228565369786,0.010165092784762852,5,0.20168823836079225,0.5963608165558338,0.20195094508337386,0.0
2021-10-22,103804.06310323704,0.007594066191591953,0.002648220980622229,5,0.19996074302741318,0.5983843651880563,0.2016548917845306,0.0
2021-10-25,103965.28388377425,0.0015531259154747377,0.001099208085782566,5,0.2007213138632308,0.5965443923510878,0.20273429378568136,0.0
2021-10-26,104340.96629189052,0.0036135370777832508,0.0,5,0.20017864273803068,0.5993117478146525,0.20050960944731688,0.0
2021-10-27,104212.36315293808,-0.0002327605348387,0.0012325277743037155,0,0.0,0.0,0.0,1.0
2021-10-28,104224.47295666079,0.0001162031390165,0.0011164678588834187,0,0.0,0.0,0.0,1.0
2021-10-29,104236.62532559867,0.0001165980368442,0.0009999999999996678,0,0.0,0.0,0.0,1.0
2021-11-01,104189.26088239155,-0.000454393482705,0.0014539390892219783,0,0.0,0.0,0.0,1.0
2021-11-02,104298.56835500972,0.0010491241774097,0.00040634027446329046,0,0.0,0.0,0.0,1.0
2021-11-03,104274.29554104534,-0.0002327243254361,0.0006389700346330907,0,0.0,0.0,0.0,1.0
2021-11-04,104371.41872081424,0.0009314201478414,0.0,0,0.0,0.0,0.0,1.0
2021-11-05,104420.01755526199,0.0004656335522059,0.0,0,0.0,0.0,0.0,1.0
2021-11-08,104298.56835500975,-0.0011630835073168,0.0011630835073167534,0,0.0,0.0,0.0,1.0
2021-11-09,104359.30891709158,0.0005823719638708,0.0005813888906720521,0,0.0,0.0,0.0,1.0
2021-11-10,103169.98258466033,-0.010406863439978901,0.011971219693964308,5,0.20047736597900034,0.5952247778304024,0.20429785619059723,0.0
2021-11-11,103203.55610035929,0.0003254194181083981,0.011649695943202865,5,0.2004769527008585,0.5941475300543567,0.20537551724478476,0.0
2021-11-12,103130.57186051729,-0.0007071872578791968,0.012348644684552879,5,0.2021329045654126,0.5919567219746541,0.20591037345993338,0.0
2021-11-15,102338.2304988361,-0.007682895065808516,0.019936666409045123,5,0.20376760269657537,0.5890489521168585,0.2071834451865661,0.0
2021-11-16,102114.05710787112,-0.0021905146285241092,0.022083509478156294,5,0.20502318894320193,0.5888405584114825,0.20613625264531554,0.0
2021-11-17,102047.60907693797,0.0003496259860178,0.022719862856453554,0,0.0,0.0,0.0,1.0
2021-11-18,102035.74819505987,-0.0001162289051686,0.022833451056836873,0,0.0,0.0,0.0,1.0
2021-11-19,102011.94305076325,-0.000233302001678,0.023061425968678106,0,0.0,0.0,0.0,1.0
2021-11-22,101893.02155495567,-0.001165760520299,0.02420030238904103,0,0.0,0.0,0.0,1.0
2021-11-23,101893.02155495567,0.0,0.02420030238904103,0,0.0,0.0,0.0,1.0
2021-11-24,101869.23725579417,-0.0002334242208008,0.024428077673113502,0,0.0,0.0,0.0,1.0
2021-11-26,102071.43506636971,0.0019848760629062,0.02249168831684345,0,0.0,0.0,0.0,1.0
2021-11-29,102118.98281955763,0.0004658282031304,0.02203633737646704,0,0.0,0.0,0.0,1.0
2021-11-30,102035.7481950599,-0.0008150749468863,0.02283345105683654,0,0.0,0.0,0.0,1.0
2021-12-01,102047.61949950556,0.0001163445621328,0.02271976304256884,0,0.0,0.0,0.0,1.0
2021-12-02,101916.71205100924,-0.0012828074690851,0.023973425429927087,0,0.0,0.0,0.0,1.0
2021-12-03,101976.23533431835,0.0005840384968396,0.023403388336439623,0,0.0,0.0,0.0,1.0
2021-12-06,101892.93817441529,-0.0008168291330817,0.02420110090011518,0,0.0,0.0,0.0,1.0
2021-12-07,101762.05157105406,-0.0012845502907883,0.025454563659705,0,0.0,0.0,0.0,1.0
2021-12-08,101797.71759722878,0.0003504845433448,0.025113000547480446,0,0.0,0.0,0.0,1.0
2021-12-09,101775.58328990555,0.0007833491291322599,0.025324974341791595,5,0.19849419980237143,0.6028836663484276,0.19862213384920083,0.0
2021-12-10,101903.04706677639,0.0012524003572425416,0.02410429099146194,5,0.2001120859233272,0.6006771064724666,0.19921080760420637,0.0
2021-12-13,102678.23343171974,0.007607097012863505,0.016680557658596995,5,0.1968420656140372,0.6049526235878978,0.19820531079806514,0.0
2021-12-14,102200.99993425864,-0.004647854579407636,0.021250883431704004,5,0.19640061182272683,0.6063286876644904,0.19727070051278273,0.0
2021-12-15,102004.92984105987,-0.0019184752920704984,0.023128589428976,5,0.1998527639251561,0.6016491278563512,0.19849810821849267,0.0
2021-12-16,101983.90191767666,0.0007946485003094,0.02332996770754292,0,0.0,0.0,0.0,1.0
2021-12-17,101936.33770306568,-0.0004663894371228,0.023785476294158614,0,0.0,0.0,0.0,1.0
2021-12-20,101960.09373921649,0.0002330477696776,0.023557971676681944,0,0.0,0.0,0.0,1.0
2021-12-21,101900.54722191137,-0.0005840178752427,0.024128231275361012,0,0.0,0.0,0.0,1.0
2021-12-22,101888.63791845035,-0.0001168718302865,0.024242283195096803,0,0.0,0.0,0.0,1.0
2021-12-23,101429.38919010689,-0.0035108704517137594,0.028640374088927723,5,0.20195347121095283,0.5968894888857113,0.20115703990333583,0.0
2021-12-27,101914.34627564298,0.00478122849214006,0.023996081769407263,5,0.2038369639030162,0.5954892747000162,0.2006737613969676,0.0
2021-12-28,101568.69038474478,-0.003391631340727234,0.027306327247150763,5,0.20436351425014385,0.5951476571606363,0.20048882858921985,0.0
2021-12-29,100928.8549333249,-0.006299534324959541,0.03343384442632824,5,0.20592216486468434,0.5923778369578396,0.2016999981774761,0.0
2021-12-30,101518.89293677425,0.005846078446437859,0.02778322285717283,5,0.2041593487797052,0.5938737232193461,0.20196692800094862,0.0
2021-12-31,101725.23730732962,0.0020387098927635,0.02580712310746569,5,0.19909003252822968,0.5999533421332061,0.20095662533856437,0.0
2022-01-03,99925.95585965023,-0.01768766036144453,0.043038315840479346,5,0.20384835537614304,0.5947236952983023,0.20142794932555472,0.0
2022-01-04,99820.28673624607,-0.0010574742317460129,0.04405027816224627,5,0.20399584379512872,0.5928775837413898,0.20312657246348154,0.0
2022-01-05,99047.0833490475,-0.007745954379409713,0.05145502109661093,5,0.20164058913143715,0.5942628524445804,0.20409655842398236,0.0
2022-01-06,98933.17411802763,-0.0011500513409209295,0.05254589652152253,5,0.20168307167634386,0.5964872395586103,0.2018296887650458,0.0
2022-01-07,98517.95250441495,-0.00419349268967902,0.05652235260086513,5,0.20004820466647105,0.5981955042650549,0.201756291068474,0.0
2022-01-10,98698.89361928772,0.001836630890848696,0.05478953240882667,5,0.1994329889955823,0.5985683363148768,0.20199867468954089,0.0
2022-01-11,99512.23058188653,0.008240588448094402,0.04700044194857678,5,0.1996046252281292,0.5976305571809416,0.2027648175909292,0.0
2022-01-12,99391.39936058648,-0.0012142348794063533,0.04815760725202167,5,0.2003875913825786,0.5960646052681315,0.20354780334928993,0.0
2022-01-13,99574.39335523928,0.001841145167791658,0.04640512723011436,5,0.19726335150444949,0.600253096302234,0.20248355219331657,0.0
2022-01-14,98622.21388355792,-0.00955978283707428,0.05552387183459062,5,0.20201300232515057,0.5966380807363584,0.20134891693849113,0.0
2022-01-18,97408.41455006889,-0.01230756526031901,0.0671480734187998,5,0.20090810615829946,0.5955703999112484,0.20352149393045202,0.0
2022-01-19,97921.69349654489,0.005269349150654401,0.062232550911782814,5,0.19777980224915911,0.5965504211246696,0.20566977662617117,0.0
2022-01-20,98017.27153030208,0.0009760659803189003,0.06131722800727746,5,0.1954000269789394,0.5996441916403271,0.20495578138073348,0.0
2022-01-21,98275.55487987236,0.00263507997659815,0.0588437238304218,5,0.19106076166167962,0.6051890107464334,0.20375022759188696,0.0
2022-01-24,98234.93990693483,0.0005873108558189,0.059232681559872824,0,0.0,0.0,0.0,1.0
2022-01-25,98188.85183408285,-0.0004691617147182,0.05967405356814304,0,0.0,0.0,0.0,1.0
2022-01-26,98015.82969555397,-0.0017621362842825,0.061331036037402975,0,0.0,0.0,0.0,1.0
2022-01-27,97935.10488083471,-0.0008235895668077,0.062104114002808686,0,0.0,0.0,0.0,1.0
2022-01-28,97969.65073912275,0.0003527423422895,0.06177327841115832,0,0.0,0.0,0.0,1.0
2022-01-31,98036.57634628902,0.0016848107243245605,0.06113235142480877,5,0.2032597634661795,0.5958937174247453,0.2008465191090753,0.0
2022-02-01,97993.69139816138,-0.00043743824729409753,0.06154304804344268,5,0.20472274806178475,0.5941754814651443,0.20110177047307085,0.0
2022-02-02,98457.25601692361,0.004730555734232967,0.057103625128033686,5,0.2057382037755112,0.5933811096342843,0.20088068659020453,0.0
2022-02-03,97496.96149711937,-0.009753415427697684,0.06630008517743013,5,0.20288107835463182,0.5945480098724093,0.20257091177295888,0.0
2022-02-04,96765.87880392167,-0.007498517717593611,0.07330145053164283,5,0.20537511377571152,0.5902087763066992,0.2044161099175893,0.0
2022-02-07,96883.66633674614,0.00122704566144154,0.07217343374346208,5,0.1991138115321522,0.5996525948770293,0.2012335935908185,0.0
2022-02-08,96713.55470781388,-0.0017558339332555623,0.07380254311267131,5,0.20110523311790654,0.5966909919706966,0.2022037749113968,0.0
2022-02-09,97173.27160765657,0.004753386443415994,0.06939996867717668,5,0.2030832446780255,0.5949855109412248,0.20193124438074989,0.0
2022-02-10,95825.39490336696,-0.013870858539493776,0.08230819006850398,5,0.20223997039923283,0.5937658550761973,0.2039941745245699,0.0
2022-02-11,96659.41241795669,0.008703512418923533,0.07432104800402062,5,0.19654150382897737,0.5973709232231234,0.2060875729478993,0.0
2022-02-14,96356.93029096034,-0.0021314917830334,0.07721783095884305,0,0.0,0.0,0.0,1.0
2022-02-15,96391.21238975094,0.0003557823883251,0.07688952131483773,0,0.0,0.0,0.0,1.0
2022-02-16,96517.02018528349,0.0013051790968645,0.07568469681396117,0,0.0,0.0,0.0,1.0
2022-02-17,96574.15368014383,0.000591952535943,0.07513754602622913,0,0.0,0.0,0.0,1.0
2022-02-18,96585.60440160849,0.0001185692136902,0.07502788581228981,0,0.0,0.0,0.0,1.0
2022-02-22,96494.10873298229,-0.0009473013001582,0.07590411309866985,0,0.0,0.0,0.0,1.0
2022-02-23,96436.95521937813,-0.0005923005492731,0.0764514556000625,0,0.0,0.0,0.0,1.0
2022-02-24,96517.02018528352,0.0008302311673284,0.07568469681396084,0,0.0,0.0,0.0,1.0
2022-02-25,96517.02018528352,0.0,0.07568469681396084,0,0.0,0.0,0.0,1.0
2022-02-28,96688.52076358367,0.0017768946655307,0.0740422858824612,0,0.0,0.0,0.0,1.0
2022-03-01,96911.56960721858,0.0023068802984409,0.07190621227457394,0,0.0,0.0,0.0,1.0
2022-03-02,96591.29973422513,-0.0033047640678147,0.07497334327581096,0,0.0,0.0,0.0,1.0
2022-03-03,96591.29973422513,0.0,0.07497334327581096,0,0.0,0.0,0.0,1.0
2022-03-04,96694.22610557219,0.0010655863585049,0.0739876474891521,0,0.0,0.0,0.0,1.0
2022-03-07,96568.41831003965,-0.0013010890163719,0.07519247199002876,0,0.0,0.0,0.0,1.0
2022-03-08,96442.59049576327,-0.0013029913555422,0.07639748820456616,0,0.0,0.0,0.0,1.0
2022-03-09,96385.38693529955,-0.0005931358766875,0.07694530999011073,0,0.0,0.0,0.0,1.0
2022-03-10,96305.3620068818,-0.0008302599695062,0.07771168534889095,0,0.0,0.0,0.0,1.0
2022-03-11,96271.06989871932,-0.0003560768315272,0.0780400908497264,0,0.0,0.0,0.0,1.0
2022-03-14,96019.42427953849,-0.0026139277297485,0.08045002742197083,0,0.0,0.0,0.0,1.0
2022-03-15,96053.72639707291,0.000357241441425,0.08012152606430467,0,0.0,0.0,0.0,1.0
2022-03-16,95962.23072844668,-0.0009525467887419,0.08099775335068504,0,0.0,0.0,0.0,1.0
2022-03-17,95927.91860154037,-0.0003575586628807,0.08132635056518134,0,0.0,0.0,0.0,1.0
2022-03-18,95905.00714923914,-0.0002388402942045,0.08154576684989034,0,0.0,0.0,0.0,1.0
2022-03-21,95584.81735122096,-0.0033386139841471,0.08461213099648446,0,0.0,0.0,0.0,1.0
2022-03-22,95516.13304117686,-0.0007185692450687,0.08526990056645933,0,0.0,0.0,0.0,1.0
2022-03-23,95596.23804456988,0.0008386541712119,0.08450275835303633,0,0.0,0.0,0.0,1.0
2022-03-24,95573.3666297563,-0.0002392501554602,0.08472179121042378,0,0.0,0.0,0.0,1.0
2022-03-25,95310.26027973891,-0.0027529254152638,0.08724148385343777,0,0.0,0.0,0.0,1.0
2022-03-28,95218.72457362506,-0.0009603971896121,0.08811809456713937,0,0.0,0.0,0.0,1.0
2022-03-29,95264.5474782275,0.0004812383783507,0.08767926199772147,0,0.0,0.0,0.0,1.0
2022-03-30,95333.1216851806,0.0007198292415,0.08702254685288058,0,0.0,0.0,0.0,1.0
2022-03-31,95333.1216851806,0.0,0.08702254685288058,0,0.0,0.0,0.0,1.0
2022-04-01,95134.0052497817,-0.002088638574707,0.08892942677936133,0,0.0,0.0,0.0,1.0
2022-04-04,95191.27887584879,0.0006020310604679,0.08838093399600411,0,0.0,0.0,0.0,1.0
2022-04-05,95019.6181475981,-0.0018033241099175,0.09002487863678954,0,0.0,0.0,0.0,1.0
2022-04-06,95088.3024576422,0.0007228434652033,0.08936710906681455,0,0.0,0.0,0.0,1.0
2022-04-07,95156.93672082675,0.000721795020109,0.08870981878099149,0,0.0,0.0,0.0,1.0
2022-04-08,95042.45953429595,-0.0012030356427578,0.08980613334989318,0,0.0,0.0,0.0,1.0
2022-04-11,95065.37098659718,0.000241065439736,0.08958671706518417,0,0.0,0.0,0.0,1.0
2022-04-12,95305.68599677626,0.0025278922039126,0.08728529042491473,0,0.0,0.0,0.0,1.0
2022-04-13,95351.47887326295,0.0004804842020469,0.08684674542598803,0,0.0,0.0,0.0,1.0
2022-04-14,95179.83816375608,-0.0018000843986386,0.08849049835311273,0,0.0,0.0,0.0,1.0
2022-04-18,95179.83816375608,0.0,0.08849049835311273,0,0.0,0.0,0.0,1.0
2022-04-19,94962.37454964677,-0.0022847655375834,0.09057308384965523,0,0.0,0.0,0.0,1.0
2022-04-20,95019.61814759813,0.0006028029335074,0.09002487863678921,0,0.0,0.0,0.0,1.0
2022-04-21,94859.45818767164,-0.0016855462382275,0.09155868377948351,0,0.0,0.0,0.0,1.0
2022-04-22,94836.49668851087,-0.0002420580888764,0.09177857934834432,0,0.0,0.0,0.0,1.0
2022-04-25,94985.286001948,0.0015689035195576,0.09035366756494623,0,0.0,0.0,0.0,1.0
2022-04-26,95156.9367208268,0.0018071295682078,0.08870981878099105,0,0.0,0.0,0.0,1.0
2022-04-27,95111.16386308392,-0.0004810249186265,0.08914817206625703,0,0.0,0.0,0.0,1.0
2022-04-28,95042.45953429601,-0.0007223581964239,0.08980613334989263,0,0.0,0.0,0.0,1.0
2022-04-29,94859.45818767165,-0.0019254693904288,0.0915586837794834,0,0.0,0.0,0.0,1.0
2022-05-02,94852.55172105398,-7.280735890358159e-05,0.0916248249924363,0,0.0,0.0,0.0,1.0
2022-05-03,94806.74883519537,-0.0004828851204057,0.09206346584819347,0,0.0,0.0,0.0,1.0
2022-05-04,95058.66470741775,0.0026571512610382,0.08965094114152927,0,0.0,0.0,0.0,1.0
2022-05-05,94898.3546069126,-0.001686433330392,0.09118618413667912,0,0.0,0.0,0.0,1.0
2022-05-06,94886.88386670414,-0.0001208739630522,0.09129603606427905,0,0.0,0.0,0.0,1.0
2022-05-09,95127.31898934614,0.0025339131484152,0.08899345914204526,0,0.0,0.0,0.0,1.0
2022-05-10,95070.06538202286,-0.0006018629341344,0.08954176021174176,0,0.0,0.0,0.0,1.0
2022-05-11,95081.5161034875,0.000120445078255,0.08943209999780255,0,0.0,0.0,0.0,1.0
2022-05-12,95218.8947329476,0.0014448510613838,0.08811646500102233,0,0.0,0.0,0.0,1.0
2022-05-13,95184.53255918175,-0.0003608755789724,0.08844554149967043,0,0.0,0.0,0.0,1.0
2022-05-16,95241.80618524885,0.0006017114811325,0.08789704871631321,0,0.0,0.0,0.0,1.0
2022-05-17,95035.73323637272,-0.0021636816554624,0.08987054913989889,0,0.0,0.0,0.0,1.0
2022-05-18,95081.51610348752,0.0004817437142399,0.08943209999780244,0,0.0,0.0,0.0,1.0
2022-05-19,95218.89473294762,0.0014448510613838,0.08811646500102222,0,0.0,0.0,0.0,1.0
2022-05-20,95287.58905236365,0.0007214357991518,0.08745859957421676,0,0.0,0.0,0.0,1.0
2022-05-23,95241.80618524886,-0.0004804704114156,0.0878970487163131,0,0.0,0.0,0.0,1.0
2022-05-24,95459.32985558965,0.0022839095461681,0.08581388807878809,0,0.0,0.0,0.0,1.0
2022-05-25,95528.0642124933,0.0007200381252165,0.0851556392246614,0,0.0,0.0,0.0,1.0
2022-05-26,95550.90559919114,0.0002391065587494,0.08493689393776505,0,0.0,0.0,0.0,1.0
2022-05-27,95573.82706086428,0.0002398874351781,0.08471738179622568,0,0.0,0.0,0.0,1.0
2022-05-31,95424.97769119569,-0.0015574281604711,0.08614286872060595,0,0.0,0.0,0.0,1.0
2022-06-01,95247.37139603063,-0.0018612139029238,0.08784375231862929,0,0.0,0.0,0.0,1.0
2022-06-02,95270.30286707566,0.0002407569963236,0.08762414432025967,0,0.0,0.0,0.0,1.0
2022-06-03,95235.97072142552,-0.0003603656608297,0.0879529332484168,0,0.0,0.0,0.0,1.0
2022-06-06,95109.89267285142,-0.0013238490416913,0.08916034588371324,0,0.0,0.0,0.0,1.0
2022-06-07,95121.3734224318,0.0001207103620637,0.08905039809928283,0,0.0,0.0,0.0,1.0
2022-06-08,95052.59902804052,-0.0007230172559206,0.08970903038073108,0,0.0,0.0,0.0,1.0
2022-06-09,94983.86467113688,-0.0007231191740835,0.09036727923485777,0,0.0,0.0,0.0,1.0
2022-06-10,94582.88923243582,-0.0042215110965359,0.09420730385933995,0,0.0,0.0,0.0,1.0
2022-06-13,94101.64864039117,-0.0050880301495338,0.09881600440653104,0,0.0,0.0,0.0,1.0
2022-06-14,93918.28695637807,-0.0019485491132447,0.10057200568201508,0,0.0,0.0,0.0,1.0
2022-06-15,94284.95026817282,0.0039040672873968,0.09706057827202919,0,0.0,0.0,0.0,1.0
2022-06-16,94410.99828863119,0.001336883777314,0.09585345320722383,0,0.0,0.0,0.0,1.0
2022-06-17,94388.06681758616,-0.0002428898270403,0.09607306120559345,0,0.0,0.0,0.0,1.0
2022-06-21,94353.68462507648,-0.000364264187931,0.09640232941790239,0,0.0,0.0,0.0,1.0
2022-06-22,94628.69211829445,0.0029146449797985,0.09376866300358255,0,0.0,0.0,0.0,1.0
2022-06-23,94708.90722477848,0.0008476827132277,0.09300046636502546,0,0.0,0.0,0.0,1.0
2022-06-24,94685.97575373345,-0.0002421258117846,0.09322007436339508,0,0.0,0.0,0.0,1.0
2022-06-27,94582.88923243585,-0.0010887200609911,0.09420730385933962,0,0.0,0.0,0.0,1.0
2022-06-28,94559.937742647,-0.0002426600622492,0.09442710357136996,0,0.0,0.0,0.0,1.0
2022-06-29,94674.48499478117,0.001211371907265,0.09333011800465563,0,0.0,0.0,0.0,1.0
2022-06-30,94857.82666005046,0.0019365477961605,0.09157430844283243,0,0.0,0.0,0.0,1.0
2022-07-01,95143.40405000503,0.0030105833119919,0.08883941721564559,0,0.0,0.0,0.0,1.0
2022-07-05,95131.89327230894,-0.0001209834545131,0.08894965257056697,0,0.0,0.0,0.0,1.0
2022-07-06,94868.18635997697,-0.0027720137091892,0.09147509662340292,0,0.0,0.0,0.0,1.0
2022-07-07,94799.37192809804,-0.0007253688988826,0.09213411233217261,0,0.0,0.0,0.0,1.0
2022-07-08,94684.65451664141,-0.0012101072942091,0.0932327274650031,0,0.0,0.0,0.0,1.0
2022-07-11,94719.05672789492,0.0003633346018858,0.09290326753903344,0,0.0,0.0,0.0,1.0
2022-07-12,94764.92967935691,0.0004843054085068,0.09246395568546362,0,0.0,0.0,0.0,1.0
2022-07-13,94661.73305496828,-0.0010889748426743,0.09345223960654248,0,0.0,0.0,0.0,1.0
2022-07-14,94627.31082497096,-0.0003636340566186,0.09378189124617275,0,0.0,0.0,0.0,1.0
2022-07-15,94696.13526622181,0.00072732111534,0.09312277968057259,0,0.0,0.0,0.0,1.0
2022-07-18,93779.41490830122,-0.008689341623190941,0.10190194271255959,3,0.8003489656539334,0.1996510343460666,0.0,0.0
2022-07-19,95706.37940049304,0.02054784084626723,0.08344796676707555,3,0.8054240703648233,0.19457592963517656,0.0,0.0
2022-07-20,96246.49943340641,0.00564351129252504,0.07827539501733871,3,0.8060082160332419,0.19399178396675812,0.0,0.0
2022-07-21,97359.0313250396,0.011559193302432358,0.06762100213673605,3,0.8049118554695095,0.19508814453049064,0.0,0.0
2022-07-22,96951.25099041042,-0.0041884181578160035,0.07152619526135295,3,0.8007979226835538,0.19920207731644618,0.0,0.0
2022-07-25,96772.47222038427,-0.0008448516922417,0.07323830730856207,0,0.0,0.0,0.0,1.0
2022-07-26,96725.69760689732,-0.0004833462700057,0.07368625411590868,0,0.0,0.0,0.0,1.0
2022-07-27,96877.64113869115,0.0015708703638546,0.07223113530486824,0,0.0,0.0,0.0,1.0
2022-07-28,97088.07079024959,0.0021721178290994,0.0702159120125806,0,0.0,0.0,0.0,1.0
2022-07-29,97076.3898889535,-0.0001203124256256,0.07032777659151446,0,0.0,0.0,0.0,1.0
2022-08-01,97074.0537086943,-2.4065380489379784e-05,0.07035014950730123,0,0.0,0.0,0.0,1.0
2022-08-02,96734.70567313701,-0.0034957645487395,0.07359998649739452,0,0.0,0.0,0.0,1.0
2022-08-03,96769.79938532789,0.0003627830564705,0.07326390426898166,0,0.0,0.0,0.0,1.0
2022-08-04,96898.52393777684,0.0013302141088087,0.0720311468392979,0,0.0,0.0,0.0,1.0
2022-08-05,96500.68978245494,-0.0041056781791369,0.07584108831063852,0,0.0,0.0,0.0,1.0
2022-08-08,96625.88626129802,0.0022996632274185406,0.07464211821109012,3,0.7972380502057127,0.20276194979428727,0.0,0.0
2022-08-09,96243.82810336178,-0.003953993828352198,0.07830097756470056,3,0.7972243891493,0.20277561085069987,0.0,0.0
2022-08-10,97727.95414192967,0.015420480126517776,0.06408793610660612,3,0.8016080761503246,0.19839192384967533,0.0,0.0
2022-08-11,97276.02385706917,-0.004624370670894825,0.06841594040541144,3,0.8053322308992213,0.19466776910077868,0.0,0.0
2022-08-12,98794.27701176397,0.0156076810553608,0.053876073527000856,3,0.8063800993406273,0.19361990065937273,0.0,0.0
2022-08-15,98779.15247311161,0.0008477565136821,0.054020916814777165,0,0.0,0.0,0.0,1.0
2022-08-16,98695.48273475222,-0.0008470384313346,0.05482219745347372,0,0.0,0.0,0.0,1.0
2022-08-17,98611.78172188312,-0.0008480733925185,0.05562377759901249,0,0.0,0.0,0.0,1.0
2022-08-18,98755.2691725159,0.0014550741110981,0.05424964020666012,0,0.0,0.0,0.0,1.0
2022-08-19,98683.50459752635,-0.0007266910980129,0.054936908574064525,0,0.0,0.0,0.0,1.0
2022-08-22,98551.96400960974,-0.0013329541593916,0.056196634352668196,0,0.0,0.0,0.0,1.0
2022-08-23,98599.8244343304,0.0004856364376055,0.05573828904837508,0,0.0,0.0,0.0,1.0
2022-08-24,98492.19842151925,-0.0010915436556667,0.056768991928253354,0,0.0,0.0,0.0,1.0
2022-08-25,98551.96400960976,0.000606805300809,0.05619663435266797,0,0.0,0.0,0.0,1.0
2022-08-26,98528.05985934088,-0.0002425537685535,0.05642555741577926,0,0.0,0.0,0.0,1.0
2022-08-29,98456.34740853422,-0.000727837845473,0.05711232660511323,0,0.0,0.0,0.0,1.0
2022-08-30,98408.50783348671,-0.0004858963013222,0.057570472238178017,0,0.0,0.0,0.0,1.0
2022-08-31,98396.54012109741,-0.0001216125785542,0.05768508352315482,0,0.0,0.0,0.0,1.0
2022-09-01,98324.723421925,-0.0007298701670204,0.05837285106862955,0,0.0,0.0,0.0,1.0
2022-09-02,98540.21521878857,0.0021916338980061,0.05630914908974871,0,0.0,0.0,0.0,1.0
2022-09-06,98324.72342192501,-0.0021868411428278,0.05837285106862944,0,0.0,0.0,0.0,1.0
2022-09-07,98468.377669943,0.0014610185822903,0.056997116306451656,0,0.0,0.0,0.0,1.0
2022-09-08,98348.65884670362,-0.0012158098475092,0.05814362849867594,0,0.0,0.0,0.0,1.0
2022-09-09,98264.88485997848,-0.0008518060917915,0.05894590749351325,0,0.0,0.0,0.0,1.0
2022-09-12,98252.85459856973,-0.0001224268610898,0.0590611177921746,0,0.0,0.0,0.0,1.0
2022-09-13,97917.6856778131,-0.0034112893933313,0.06227093262082317,0,0.0,0.0,0.0,1.0
2022-09-14,97833.89084141482,-0.0008557681466657,0.0630734112868887,0,0.0,0.0,0.0,1.0
2022-09-15,97726.12930572817,-0.0011014744968216,0.06410541202975018,0,0.0,0.0,0.0,1.0
2022-09-16,97774.00015528541,0.0004898469825553,0.06364696688984295,0,0.0,0.0,0.0,1.0
2022-09-19,97666.25946927193,-0.0011019359527315,0.0646787679614762,0,0.0,0.0,0.0,1.0
2022-09-20,97618.430319061,-0.0004897203033149,0.0651368137589271,0,0.0,0.0,0.0,1.0
2022-09-21,97534.60420815296,-0.0008587119321018,0.06593959193183507,0,0.0,0.0,0.0,1.0
2022-09-22,97354.96342427445,-0.0018418158902366,0.06765995923385593,0,0.0,0.0,0.0,1.0
2022-09-23,97235.29672521795,-0.0012291792308009,0.06880597224800966,0,0.0,0.0,0.0,1.0
2022-09-26,97019.77365384466,-0.0022165106564373,0.07086997373373272,0,0.0,0.0,0.0,1.0
2022-09-27,97019.77365384466,0.0,0.07086997373373272,0,0.0,0.0,0.0,1.0
2022-09-28,97438.81038485563,0.0043190858443562,0.06685698138971974,0,0.0,0.0,0.0,1.0
2022-09-29,97307.11342439038,-0.0013515862924136,0.06811820470253482,0,0.0,0.0,0.0,1.0
2022-09-30,97223.31858799208,-0.000861137828977,0.06892068336860047,0,0.0,0.0,0.0,1.0
2022-10-03,97436.6941430307,0.0021946952453131,0.06687724801938011,0,0.0,0.0,0.0,1.0
2022-10-04,97472.67025405465,0.0003692254888199,0.06653271531515126,0,0.0,0.0,0.0,1.0
2022-10-05,97376.74090788182,-0.0009841665968809,0.06745140263601923,0,0.0,0.0,0.0,1.0
2022-10-06,97256.85528725722,-0.0012311525268442,0.06859951219806903,0,0.0,0.0,0.0,1.0
2022-10-07,97137.02179081552,-0.0012321341882561,0.06974712258204807,0,0.0,0.0,0.0,1.0
2022-10-10,97101.03525495499,-0.0003704718880307,0.07009175512189125,0,0.0,0.0,0.0,1.0
2022-10-11,97148.94780385852,0.0004934298463217,0.0696329106395277,0,0.0,0.0,0.0,1.0
2022-10-12,97244.8979997045,0.0009876606799663,0.06871402364743162,0,0.0,0.0,0.0,1.0
2022-10-13,96957.15166053233,-0.0029589864876309,0.07146968626757899,0,0.0,0.0,0.0,1.0
2022-10-14,96909.20783711907,-0.0004944846521597,0.07192883025678465,0,0.0,0.0,0.0,1.0
2022-10-17,97017.13617019093,0.0011137056579109,0.07089523214409776,0,0.0,0.0,0.0,1.0
2022-10-18,97065.0695687676,0.0004940714647831,0.0704361879905061,0,0.0,0.0,0.0,1.0
2022-10-19,96885.25156266731,-0.0018525511484119,0.07215825249796637,0,0.0,0.0,0.0,1.0
2022-10-20,96777.34407926862,-0.0011137658380224,0.07319165093942503,0,0.0,0.0,0.0,1.0
2022-10-21,97029.14558192657,0.0026018641558474,0.0707802215166643,0,0.0,0.0,0.0,1.0
2022-10-24,97005.12675845534,-0.0002475423577851,0.07101024277153067,0,0.0,0.0,0.0,1.0
2022-10-25,97101.03525495502,0.0009886951309128,0.07009175512189092,0,0.0,0.0,0.0,1.0
2022-10-26,97184.94476455565,0.0008641463953531,0.0692881782640703,0,0.0,0.0,0.0,1.0
2022-10-27,97388.69819543457,0.0020965534463444,0.06733689118665631,0,0.0,0.0,0.0,1.0
2022-10-28,97244.89799970451,-0.0014765593790101,0.06871402364743151,0,0.0,0.0,0.0,1.0
2022-10-31,97101.035254955,-0.0014793860419283,0.07009175512189103,0,0.0,0.0,0.0,1.0
2022-11-01,97006.16924211293,-0.0009769825068598,0.07100025921012176,0,0.0,0.0,0.0,1.0
2022-11-02,96958.14202000706,-0.0004950945128654,0.0714602018842403,0,0.0,0.0,0.0,1.0
2022-11-03,96777.96956946317,-0.0018582498260611,0.07318566080257971,0,0.0,0.0,0.0,1.0
2022-11-04,96886.07512475683,0.0011170471521007,0.07215036548445308,0,0.0,0.0,0.0,1.0
2022-11-07,96802.01966744414,-0.0008675700528116,0.0729553400408709,0,0.0,0.0,0.0,1.0
2022-11-08,96898.1053861656,0.0009926003512277,0.07203515518579173,0,0.0,0.0,0.0,1.0
2022-11-09,97054.19646421881,0.0016108785350461,0.07054031653600312,0,0.0,0.0,0.0,1.0
2022-11-10,97582.60015574914,0.0054444187967197,0.06547994876455843,0,0.0,0.0,0.0,1.0
2022-11-11,97558.56048260478,-0.0002463520454056,0.0657101696906528,0,0.0,0.0,0.0,1.0
2022-11-14,97474.47375078234,-0.0008619103378162,0.06651544375391305,0,0.0,0.0,0.0,1.0
2022-11-15,97570.54904466723,0.0009856456792014,0.06559535873444788,0,0.0,0.0,0.0,1.0
2022-11-16,97582.60015574915,0.0001235117686628,0.06547994876455832,0,0.0,0.0,0.0,1.0
2022-11-17,97462.49561355647,-0.0012307987489674,0.06663015487450386,0,0.0,0.0,0.0,1.0
2022-11-18,97354.43175760911,-0.0011087737418076,0.06766505085017416,0,0.0,0.0,0.0,1.0
2022-11-21,97330.41293413789,-0.0002467152551516,0.06789507210504042,0,0.0,0.0,0.0,1.0
2022-11-22,98555.84614485985,0.01360404904747986,0.05615945627761132,3,0.7998840950760265,0.20011590492397344,0.0,0.0
2022-11-23,99396.62471175077,0.008530986235510662,0.04810756559059859,3,0.7981160157808438,0.2018839842191561,0.0,0.0
2022-11-25,99310.83913956674,-0.0008630632321047786,0.04892910895165603,3,0.7986265311754412,0.20137346882455878,0.0,0.0
2022-11-28,98101.62794893507,-0.012176024300150136,0.060509371232226106,3,0.7955699058664937,0.20443009413350635,0.0,0.0
2022-11-29,97732.38881792623,-0.003763843054684485,0.06404546651025489,3,0.7972037917994502,0.20279620820054975,0.0,0.0
2022-11-30,97923.30983165669,0.0029564645701187,0.06221707174265756,0,0.0,0.0,0.0,1.0
2022-12-01,98134.19062974228,0.0021535301293238,0.06019752795188982,0,0.0,0.0,0.0,1.0
2022-12-02,98110.1039874419,-0.0002454459770425,0.06042819868786864,0,0.0,0.0,0.0,1.0
2022-12-05,97832.91444845914,-0.0028252904412194,0.06308276191695494,0,0.0,0.0,0.0,1.0
2022-12-06,97941.34088118114,0.0011082817406928,0.06204439364944714,0,0.0,0.0,0.0,1.0
2022-12-07,98171.34200916481,0.0033517076308226808,0.059841740045582736,3,0.795971315405959,0.2040286845940411,0.0,0.0
2022-12-08,98728.59209235954,0.00567630096309277,0.05450511880914399,3,0.7976789162711698,0.20232108372883023,0.0,0.0
2022-12-09,97620.65176593694,-0.011222081698340533,0.06511553961123051,3,0.8007056297901175,0.19929437020988242,0.0,0.0
2022-12-12,98809.78515021918,0.012181166205829128,0.05372755661598816,3,0.802474449738312,0.19752555026168805,0.0,0.0
2022-12-13,99598.48399665143,0.0079819913102049,0.046174418195810696,3,0.8021464284198611,0.197853571580139,0.0,0.0
2022-12-14,99173.92965555585,-0.004260521384158881,0.05024025107953811,3,0.7982863554202075,0.20171364457979246,0.0,0.0
2022-12-15,97315.36904121023,-0.01874041515548144,0.06803914307227332,3,0.7936319563762557,0.20636804362374428,0.0,0.0
2022-12-16,96179.21336481869,-0.0116749870815412,0.07891977403740658,3,0.7935265935982155,0.2064734064017844,0.0,0.0
2022-12-19,95198.3116012494,-0.010198687733581433,0.08831358363957564,3,0.7949047260407992,0.2050952739592007,0.0,0.0
2022-12-20,94955.15434519538,-0.0025542181574870555,0.09064222963817781,3,0.798030726838098,0.20196927316190205,0.0,0.0
2022-12-21,96138.56099687054,0.01246478912385526,0.07930908988794871,3,0.8019657221114243,0.19803427788857578,0.0,0.0
2022-12-22,95034.96420254832,-0.011479231464241858,0.0898779139521485,3,0.7997046945341297,0.2002953054658703,0.0,0.0
2022-12-23,95193.08325728509,0.001663798750950055,0.08836365396217016,3,0.8029689186897281,0.19703108131027205,0.0,0.0
2022-12-27,94520.78288151215,-0.00706249186147147,0.09480207823668385,3,0.8054911084147003,0.19450889158529966,0.0,0.0
2022-12-28,93466.25367894232,-0.01115658557220961,0.10490099631062244,3,0.8044555101941657,0.19554448980583425,0.0,0.0
2022-12-29,93441.7633783325,0.0007387157968732,0.10513553276429488,0,0.0,0.0,0.0,1.0
2022-12-30,93326.76038799205,-0.0012307450778173,0.10623688280265875,0,0.0,0.0,0.0,1.0
2023-01-03,93407.27540179795,0.0008627216188707,0.10546581403930333,0,0.0,0.0,0.0,1.0
2023-01-04,93499.25990405366,0.0009847680692969,0.10458490533607467,0,0.0,0.0,0.0,1.0
2023-01-05,93372.78742526339,-0.0013526575388945,0.10579609531431167,0,0.0,0.0,0.0,1.0
2023-01-06,95333.9001245758,0.02202506838957242,0.08701509196622736,3,0.800710064367161,0.1992899356328389,0.0,0.0
2023-01-09,95391.77094589152,0.0006070329781967183,0.08646088001845498,3,0.7997705343905508,0.20022946560944913,0.0,0.0
2023-01-10,95610.67844994174,0.0022948258731291193,0.08436446680980592,3,0.8035351792223,0.19646482077770006,0.0,0.0
2023-01-11,96887.65490926491,0.013356002488694339,0.0721352363497808,3,0.8029737741850956,0.19702622581490434,0.0,0.0
2023-01-12,97546.60689299052,0.006801196544004641,0.06582464572593927,3,0.8004530915893099,0.19954690841069006,0.0,0.0
2023-01-13,97666.4540195305,0.0012290676449712601,0.06467690481049115,3,0.8021177535690637,0.19788224643093635,0.0,0.0
2023-01-17,97398.03432017083,-0.002748330550692296,0.06724748184776863,3,0.8028549232973975,0.19714507670260253,0.0,0.0
2023-01-18,96628.7429195703,-0.0078984284022785,0.07461476082943896,3,0.7964703269631477,0.20352967303685235,0.0,0.0
2023-01-19,95945.3597805936,-0.007072255297220707,0.08115932148913274,3,0.7963037742890531,0.20369622571094692,0.0,0.0
2023-01-20,97051.82738521857,0.011532268023750342,0.07056300451342079,3,0.8018905277613478,0.19810947223865208,0.0,0.0
2023-01-23,97891.84769968133,0.008657285542222361,0.0625183753883759,3,0.8026501539180315,0.19734984608196846,0.0,0.0
2023-01-24,98085.31786855168,0.0019763665046337578,0.06066556810678392,3,0.8002070865897402,0.19979291341025984,0.0,0.0
2023-01-25,98162.25117706005,0.0007843509118404818,0.059928800288605144,3,0.7998795109507871,0.20012048904921279,0.0,0.0
2023-01-26,98933.8182158187,0.007860119643822331,0.05253972818516184,3,0.8023639564836559,0.19763604351634398,0.0,0.0
2023-01-27,99066.8625265441,0.0013447809164220822,0.05126560169255723,3,0.8031274675049557,0.1968725324950443,0.0,0.0
2023-01-30,98870.91964713113,-0.0009788640459904,0.053142089400570414,0,0.0,0.0,0.0,1.0
2023-01-31,99052.58180521477,0.0018373669298514,0.05140236398836673,0,0.0,0.0,0.0,1.0
2023-02-01,99224.89655291704,0.0017396290390605,0.04975215599437677,0,0.0,0.0,0.0,1.0
2023-02-02,99236.97596118142,0.0001217376755635,0.04963647503063828,0,0.0,0.0,0.0,1.0
2023-02-03,98873.01313209897,-0.0036676130601241,0.05312204070668147,0,0.0,0.0,0.0,1.0
2023-02-06,98593.98298816149,-0.0028221062057116,0.05579423087165447,0,0.0,0.0,0.0,1.0
2023-02-07,98642.54137199036,0.0004925085928895,0.055329201416902896,0,0.0,0.0,0.0,1.0
2023-02-08,98678.91567330644,0.0003687486231616,0.05498085536058439,0,0.0,0.0,0.0,1.0
2023-02-09,98606.09379870041,-0.0007379679246489,0.05567824917750741,0,0.0,0.0,0.0,1.0
2023-02-10,98557.5772845709,-0.000492023487195,0.05614287765838122,0,0.0,0.0,0.0,1.0
2023-02-13,98581.83030792323,0.0002460797436436,0.05591061353967908,0,0.0,0.0,0.0,1.0
2023-02-14,98375.64297344146,-0.0020915348582771,0.05788520940079023,0,0.0,0.0,0.0,1.0
2023-02-15,98387.75378398037,0.0001231078158461,0.05776922770664328,0,0.0,0.0,0.0,1.0
2023-02-16,98399.88552936897,0.0001233054411957,0.05765304552555739,0,0.0,0.0,0.0,1.0
2023-02-17,98484.78681223941,0.000862818919084,0.05683997074489566,0,0.0,0.0,0.0,1.0
2023-02-21,98290.68935344685,-0.0019708369695982,0.058698785398798914,0,0.0,0.0,0.0,1.0
2023-02-22,98339.2163350012,0.0004937088331922,0.0582340566744558,0,0.0,0.0,0.0,1.0
2023-02-23,98399.88552936898,0.0006169379483471,0.05765304552555728,0,0.0,0.0,0.0,1.0
2023-02-24,98193.64585776301,-0.0020959340602528,0.05962814260401561,0,0.0,0.0,0.0,1.0
2023-02-27,98278.59947775764,0.0008651641280097,0.0588145666060067,0,0.0,0.0,0.0,1.0
2023-02-28,98254.28364985627,-0.0002474173220882,0.05904743218552555,0,0.0,0.0,0.0,1.0
2023-03-01,98074.4009539953,-0.0018307873120526,0.06077011620792361,0,0.0,0.0,0.0,1.0
2023-03-02,98110.83805986043,0.0003715251432656,0.060421168690788285,0,0.0,0.0,0.0,1.0
2023-03-03,98171.62239590145,0.0006195476182144,0.05983905486372587,0,0.0,0.0,0.0,1.0
2023-03-06,98123.01167494839,-0.0004951606153255,0.06030458553582463,0,0.0,0.0,0.0,1.0
2023-03-07,97916.37424119851,-0.0021059018697306,0.06228349186612203,0,0.0,0.0,0.0,1.0
2023-03-08,97867.71118312125,-0.0004969859071516,0.06274952375556797,0,0.0,0.0,0.0,1.0
2023-03-09,98183.80647841425,0.0032298220881199,0.05972237146529269,0,0.0,0.0,0.0,1.0
2023-03-10,98718.7023551202,0.0054479032326328,0.054599829933226096,0,0.0,0.0,0.0,1.0
2023-03-13,99703.31020519104,0.0099738735070575,0.045170528223429374,0,0.0,0.0,0.0,1.0
2023-03-14,99326.47244355643,-0.0037795912779534,0.04877939336688886,0,0.0,0.0,0.0,1.0
2023-03-15,99909.95810636577,0.0058744224822935,0.043191521649662334,0,0.0,0.0,0.0,1.0
2023-03-16,99508.79404940493,-0.004015255982129,0.0470333526161103,0,0.0,0.0,0.0,1.0
2023-03-17,100007.17954827189,0.005008456826635,0.04226046030546493,0,0.0,0.0,0.0,1.0
2023-03-20,99885.66321331408,-0.0012150761126021,0.04342418674224224,0,0.0,0.0,0.0,1.0
2023-03-21,99508.79404940494,-0.0037730055724244,0.04703335261611019,0,0.0,0.0,0.0,1.0
2023-03-22,99970.70057270744,0.0046418663567882,0.04260980879647758,0,0.0,0.0,0.0,1.0
2023-03-23,100262.46957267422,0.0029185451166722,0.03981562232919067,0,0.0,0.0,0.0,1.0
2023-03-24,100311.09076105212,0.0004849390662839,0.0393499914136225,0,0.0,0.0,0.0,1.0
2023-03-27,99885.6632133141,-0.0042410818635341,0.04342418674224213,0,0.0,0.0,0.0,1.0
2023-03-28,100013.44758167496,0.0022815879894293404,0.04220043318087885,5,0.19909678951994608,0.5997243989886321,0.20117881149142194,0.0
2023-03-29,100082.54805588748,0.0006909118311923791,0.041538678128252515,5,0.20185119408419125,0.5981062080360007,0.20004259787980805,0.0
2023-03-30,100657.23828702923,0.005742162268099424,0.03603503769036798,5,0.20187386028580237,0.5974276845542466,0.200698455159951,0.0
2023-03-31,101739.22496208696,0.010749218769268981,0.02567316742459158,5,0.20254206257484259,0.5999288553292752,0.1975290820958823,0.0
2023-04-03,102249.58798145836,0.005016383991145916,0.02078556989951641,5,0.20229906725714913,0.599741809070674,0.19795912367217702,0.0
2023-04-04,102822.11233658507,0.005601594704966699,0.015302671423429559,5,0.19778245016314172,0.5996242038588626,0.20259334597799566,0.0
2023-04-05,103396.8247803116,0.005589385694054013,0.009798818262110487,5,0.19616813839175837,0.6025253496192258,0.20130651198901583,0.0
2023-04-06,103488.61101107443,0.0008877084084337092,0.008919808347040648,5,0.19675871247251497,0.6035481837743792,0.19969310375310573,0.0
2023-04-10,102349.43342185911,-0.011007758033330008,0.019829379288382798,5,0.19915289973438505,0.6004255104592716,0.20042158980634334,0.0
2023-04-11,102611.17363890393,0.002557319647935909,0.01732276970170754,5,0.1986982669925907,0.600127833238057,0.20117389976935232,0.0
2023-04-12,102564.34001190311,-0.00045511725267445986,0.017771281664234584,5,0.19927543355275168,0.5996560289135241,0.20106853753372425,0.0
2023-04-13,102631.2385369875,0.0006522591095172367,0.017130614035070657,5,0.20179077643074464,0.5945559442269633,0.20365327934229197,0.0
2023-04-14,101652.33811752594,-0.009538035723000387,0.02650525734944753,5,0.20323630314374533,0.5947907557137349,0.20197294114251985,0.0
2023-04-17,100915.82338919865,-0.007245428309536396,0.033558643717032766,5,0.2054541853248233,0.5920049160186049,0.20254089865657182,0.0
2023-04-18,101221.53779975142,0.003029400150397773,0.0306309061269584,5,0.20496726889165498,0.592319913899711,0.20271281720863407,0.0
2023-04-19,101033.87878958124,-0.0008547982795714,0.03242806163950995,0,0.0,0.0,0.0,1.0
2023-04-20,101280.88999961039,0.0024448354649788,0.03006250744968786,0,0.0,0.0,0.0,1.0
2023-04-21,101219.16107778985,-0.0006094824188529,0.030653667298783605,0,0.0,0.0,0.0,1.0
2023-04-24,101330.33894162584,0.0010983875251697,0.029588949379375507,0,0.0,0.0,0.0,1.0
2023-04-25,101725.59084131585,0.0039006274312147,0.02580373741577069,0,0.0,0.0,0.0,1.0
2023-04-26,100777.38819719656,-0.00832951050613596,0.03488439710458435,5,0.20082565754358966,0.5985910591525097,0.20058328330390063,0.0
2023-04-27,100582.78409647147,-0.0019310294125136555,0.03674806372025119,5,0.20521999546664602,0.5937977669829644,0.20098223755038963,0.0
2023-04-28,101727.88038125713,0.01138461512148405,0.02578181116068201,5,0.20464182946738382,0.5965844983882337,0.19877367214438255,0.0
2023-05-01,99866.0906264749,-0.018301666640498048,0.04361162768792892,5,0.20824642240564106,0.590183601436851,0.20156997615750794,0.0
2023-05-02,101489.54085004023,0.016256270906182105,0.028064319216101197,5,0.20261216454213668,0.5952148152388199,0.20217302021904346,0.0
2023-05-03,101861.7535415666,0.0036723007912737803,0.024499747017773466,5,0.19790050072538373,0.6011416617322786,0.20095783754233776,0.0
2023-05-04,101258.02249864014,-0.005926964949411594,0.030281502825341255,5,0.19767030918498452,0.5987519278906756,0.20357776292433996,0.0
2023-05-05,101104.38094392967,-0.0015173272291836213,0.03175288310574731,5,0.20163569625159444,0.5976675929930177,0.20069671075538775,0.0
2023-05-08,100287.82418905427,-0.008076373617561115,0.03957280857591172,5,0.2033315887590765,0.5940893604708889,0.20257905077003466,0.0
2023-05-09,100129.22505848765,-0.0015814395401344294,0.04109166611185,5,0.202760579004611,0.5929017144517564,0.20433770654363256,0.0
2023-05-10,100776.47856997934,0.006471325993109159,0.0348931083386802,5,0.19964253725480915,0.6019272578566881,0.1984302048885029,0.0
2023-05-11,101211.0479966944,0.004312210873822833,0.030731363906056797,5,0.1984386304774714,0.6056789289739353,0.19588244054859344,0.0
2023-05-12,100637.78935388116,-0.005663992757312046,0.03622129444078259,5,0.19930752975951935,0.60403111589677,0.19666135434371063,0.0
2023-05-15,100119.74536699754,-0.005147608966866129,0.041182450347593824,5,0.20102994695401524,0.6008678424953506,0.19810221055063415,0.0
2023-05-16,99556.59176360459,-0.005624800595813017,0.046575607872154756,5,0.2008160853707443,0.602451279778652,0.19673263485060363,0.0
2023-05-17,99554.85587049504,-1.4168925986899689e-05,0.046592232013293544,5,0.2024306400784661,0.5982589136926411,0.19931044622889277,0.0
2023-05-18,99050.32301007894,-0.005067888010127992,0.05142399580943624,5,0.20542177973878872,0.5968513531492633,0.19772686711194798,0.0
2023-05-19,98796.52088478577,-0.0025623553521107053,0.05385458461065773,5,0.20564982289538122,0.5941530693913707,0.20019710771324814,0.0
2023-05-22,98549.42440693805,-0.0025010645682136514,0.05622095538546579,5,0.20624916636319085,0.5935217010449196,0.20022913259188949,0.0
2023-05-23,98513.38665697094,-0.00036568199341586343,0.056566078387844554,5,0.20400911342887856,0.5954479976993753,0.20054288887174615,0.0
2023-05-24,97918.70905254054,-0.00603199114737284,0.062261132060055235,5,0.19975594203821823,0.600653821425309,0.19959023653647281,0.0
2023-05-25,97753.88236414878,-0.0016833012810994771,0.06383962909779539,5,0.2018255508308081,0.6001705767629002,0.19800387240629164,0.0
2023-05-26,98560.62399815784,0.008252783567242935,0.056113700172509495,5,0.2027659264380053,0.6000662467529482,0.19716782680904668,0.0
2023-05-30,99279.43749740427,0.0072931102715001455,0.04922983330410935,5,0.20137451591651517,0.6016734718313433,0.19695201225214143,0.0
2023-05-31,99719.32752987105,0.004430827204054999,0.04501713498470927,5,0.19937446265115583,0.6042407205698274,0.19638481677901687,0.0
2023-06-01,100300.68431269648,0.00583419630091352,0.039449650929099356,5,0.20072909969932948,0.5988605078019558,0.20041039249871465,0.0
2023-06-02,99637.13764406266,-0.006615574691047501,0.045804243507889586,5,0.2049879998321052,0.5962421734121379,0.19876982675575688,0.0
2023-06-05,99606.5851568399,-0.00030663754444567427,0.046096835751580856,5,0.20465797088678372,0.5953141892635258,0.20002783984969055,0.0
2023-06-06,100022.35485170435,0.004174118550593648,0.042115130858221383,5,0.2042510225654885,0.5963338813297266,0.1994150961047849,0.0
2023-06-07,98826.76938279354,-0.011953182572869979,0.05356490358286281,5,0.2060072053218392,0.5945892755722175,0.19940351910594337,0.0
2023-06-08,99900.4216470899,0.01087005471245368,0.04328284953390471,5,0.19904605416434543,0.6004907437244559,0.20046320211119875,0.0
2023-06-09,99800.06837254109,-0.0010045330429466492,0.04424390352430163,5,0.19960373292428543,0.600270179238678,0.20012608783703656,0.0
2023-06-12,100139.55925434422,0.003401709912019744,0.040992698537446914,5,0.20073169611333053,0.5999959663567831,0.19927233752988632,0.0
2023-06-13,99531.4019085896,-0.006073097887418927,0.04681684375397854,5,0.20328968064924544,0.5976975081645743,0.19901281118618008,0.0
2023-06-14,100042.57417008653,0.005135788823374612,0.041921496353501286,5,0.2024918154054747,0.5994025633347828,0.19810562125974246,0.0
2023-06-15,100151.89206607026,0.0020948085545831,0.04087459080279243,0,0.0,0.0,0.0,1.0
2023-06-16,100016.41175579013,-0.0013527483853301,0.0421720461514129,0,0.0,0.0,0.0,1.0
2023-06-20,100053.3465698567,0.0003692875340974,0.0418183322282466,0,0.0,0.0,0.0,1.0
2023-06-21,100053.3465698567,0.0,0.0418183322282466,0,0.0,0.0,0.0,1.0
2023-06-22,99942.53159591644,-0.0011075588947231,0.042879574857147884,0,0.0,0.0,0.0,1.0
2023-06-23,100028.74442396006,0.0008626240166917,0.04205393979155336,0,0.0,0.0,0.0,1.0
2023-06-26,100102.60352035267,0.000738378721216,0.04134661280462271,0,0.0,0.0,0.0,1.0
2023-06-27,99954.86426408637,-0.0014758782596125,0.042761468497288235,0,0.0,0.0,0.0,1.0
2023-06-28,100065.65817454556,0.0011084394068754,0.04170042758719117,0,0.0,0.0,0.0,1.0
2023-06-29,99819.41554902785,-0.0024608105319028,0.04405862126770255,0,0.0,0.0,0.0,1.0
2023-06-30,100793.50811505277,0.01076931739812178,0.03473002136099024,5,0.200204078305735,0.6006083709495856,0.1991875507446794,0.0
2023-07-03,100496.077617434,-0.002950889429101648,0.03757842633718511,5,0.20102765485297966,0.5989711491328255,0.20000119601419494,0.0
2023-07-05,99823.08840337388,-0.006696671452412573,0.044023447414718975,5,0.20208196952259483,0.5972792330538281,0.20063879742357701,0.0
2023-07-06,98762.20136291858,-0.010627671988752481,0.05418325264453372,5,0.20265326998897915,0.5951570709808938,0.20218965903012712,0.0
2023-07-07,98507.64950650961,-0.002577421856703853,0.0566210214016043,5,0.20266398921727632,0.5931033338801769,0.20423267690254684,0.0
2023-07-10,98555.28885357371,0.0014850957320915,0.056164793293436266,0,0.0,0.0,0.0,1.0
2023-07-11,98543.10301145136,-0.000123644730426,0.05628149354313605,0,0.0,0.0,0.0,1.0
2023-07-12,98835.41778181706,0.0029663645798907,0.05348208039219504,0,0.0,0.0,0.0,1.0
2023-07-13,99115.53632144818,0.0028341918911041,0.05079946697965776,0,0.0,0.0,0.0,1.0
2023-07-14,98859.76868883737,-0.0025804999105419,0.05324887887020302,0,0.0,0.0,0.0,1.0
2023-07-17,98896.30543798003,0.0003695815762796,0.052898977098511435,0,0.0,0.0,0.0,1.0
2023-07-18,98896.30543798003,0.0,0.052898977098511435,0,0.0,0.0,0.0,1.0
2023-07-19,98932.8733529593,0.0003697601727115,0.052548776860708135,0,0.0,0.0,0.0,1.0
2023-07-20,98811.05648618455,-0.0012313082865809,0.05371538140289067,0,0.0,0.0,0.0,1.0
2023-07-21,98823.2319396947,0.0001232195459002,0.05359878064189483,0,0.0,0.0,0.0,1.0
2023-07-24,98701.4566273688,-0.0012322538934996,0.0547649872292616,0,0.0,0.0,0.0,1.0
2023-07-25,98689.26039663424,-0.0001235668768355,0.054881786967665214,0,0.0,0.0,0.0,1.0
2023-07-26,98786.70557916428,0.00098739398936,0.05394858292488225,0,0.0,0.0,0.0,1.0
2023-07-27,98640.49625092038,-0.001480050654455,0.05534878694387246,0,0.0,0.0,0.0,1.0
2023-07-28,98774.53012565411,0.0013588118453173,0.054065183685878315,0,0.0,0.0,0.0,1.0
2023-07-31,98798.86025544998,0.0002463198738067,0.0538321811412944,0,0.0,0.0,0.0,1.0
2023-08-01,98715.84485527968,-0.0008402465368089,0.05462719537433047,0,0.0,0.0,0.0,1.0
2023-08-02,98764.6713326668,0.0004946164160242,0.054159598465899794,0,0.0,0.0,0.0,1.0
2023-08-03,98801.31196793156,0.0003709892896959,0.0538087018071689,0,0.0,0.0,0.0,1.0
2023-08-04,98996.71137498991,0.0019777005301486,0.05193741877511093,0,0.0,0.0,0.0,1.0
2023-08-07,99033.34162164247,0.0003700147827516,0.05158662160508398,0,0.0,0.0,0.0,1.0
2023-08-08,99082.1784876418,0.000493135596554,0.05111892520794936,0,0.0,0.0,0.0,1.0
2023-08-09,99021.1350022957,-0.0006160894550145,0.05170352083219143,0,0.0,0.0,0.0,1.0
2023-08-10,98972.30852490859,-0.000493091473714,0.05217111774062211,0,0.0,0.0,0.0,1.0
2023-08-11,98874.58284984888,-0.0009874042195864,0.05310700797841095,0,0.0,0.0,0.0,1.0
2023-08-14,98789.10534858481,-0.0008645042922091,0.05392560103427624,0,0.0,0.0,0.0,1.0
2023-08-15,98825.74598384957,0.0003708975310128,0.053574704375545346,0,0.0,0.0,0.0,1.0
2023-08-16,98776.90911785024,-0.0004941714885441,0.054042400772679966,0,0.0,0.0,0.0,1.0
2023-08-17,98886.82063503232,0.0011127248074844,0.05298981028519123,0,0.0,0.0,0.0,1.0
2023-08-18,98923.43010446044,0.00037021586085,0.052639212092572274,0,0.0,0.0,0.0,1.0
2023-08-21,99075.415021683,0.0025389284072403805,0.05118369694537239,3,0.8031658620941455,0.19683413790585463,0.0,0.0
2023-08-22,99009.52918165473,-0.0006650069546906216,0.051814666385627484,3,0.80152334299357,0.19847665700642997,0.0,0.0
2023-08-23,100380.31623781094,0.01384500125883046,0.038687039248131994,3,0.799383156490126,0.200616843509874,0.0,0.0
2023-08-24,99135.44000276251,-0.012401597063105478,0.05060885523891756,3,0.7982033881496979,0.20179661185030204,0.0,0.0
2023-08-25,99758.62663805146,0.006286214448350369,0.044640778907584444,3,0.7988090182882048,0.20119098171179514,0.0,0.0
2023-08-28,99720.45753487683,0.0006180034420657,0.04500631325691962,0,0.0,0.0,0.0,1.0
2023-08-29,99942.12324791693,0.0022228709987874,0.04288348548663323,0,0.0,0.0,0.0,1.0
2023-08-30,99942.12324791693,0.0,0.04288348548663323,0,0.0,0.0,0.0,1.0
2023-08-31,100040.5680092685,0.0009850177097736,0.04194070876952072,0,0.0,0.0,0.0,1.0
2023-09-01,99986.28039052596,-0.0005426560426718,0.04246060543314478,0,0.0,0.0,0.0,1.0
2023-09-05,99862.81848645785,-0.0012347884488342,0.04364296401685952,0,0.0,0.0,0.0,1.0
2023-09-06,99751.72896327257,-0.0011124212681854,0.04470683592366598,0,0.0,0.0,0.0,1.0
2023-09-07,99936.8746765179,0.0018560652047794,0.04293374952146023,0,0.0,0.0,0.0,1.0
2023-09-08,99887.52134346189,-0.0004938450718591,0.043406391972701686,0,0.0,0.0,0.0,1.0
2023-09-11,99912.21372427551,0.0002472018574644,0.04316992025595878,0,0.0,0.0,0.0,1.0
2023-09-12,99862.81848645785,-0.0004943863815687,0.04364296401685952,0,0.0,0.0,0.0,1.0
2023-09-13,99949.22610501993,0.0008652631667289,0.042815463499381146,0,0.0,0.0,0.0,1.0
2023-09-14,99924.55467658714,-0.0002468396144145,0.04305173456129452,0,0.0,0.0,0.0,1.0
2023-09-15,99875.20134353115,-0.0004939059595084,0.043524377012535864,0,0.0,0.0,0.0,1.0
2023-09-18,99862.8184864579,-0.0001239833002256,0.043642964016859076,0,0.0,0.0,0.0,1.0
2023-09-19,99450.17354321477,-0.00313525318754254,0.04759474407689157,3,0.8008516962170706,0.1991483037829294,0.0,0.0
2023-09-20,98779.8673600516,-0.006740120799003909,0.05401407055141949,3,0.798873761124642,0.201126238875358,0.0,0.0
2023-09-21,96965.4833852395,-0.01836795313966867,0.07138989577431687,3,0.8003707458333306,0.19962925416666946,0.0,0.0
2023-09-22,96946.7719872168,-0.0001929696771412762,0.07156908936631945,3,0.7987251820312837,0.2012748179687162,0.0,0.0
2023-09-25,96792.21084033528,-0.0015942887392052442,0.07304927631227287,3,0.8033648433224557,0.1966351566775443,0.0,0.0
2023-09-26,95586.9977524943,-0.01244822740411604,0.08459124993053191,3,0.798182960788658,0.20181703921134198,0.0,0.0
2023-09-27,95517.59450084169,-0.0007260741867037957,0.08525590459424015,3,0.7990817313871961,0.20091826861280387,0.0,0.0
2023-09-28,96018.70903053434,0.005246306005834683,0.0804568771527111,3,0.7995199181497866,0.20048008185021332,0.0,0.0
2023-09-29,95834.57647477438,-0.001917673728579482,0.0822202608416911,3,0.7991120238315197,0.20088797616848034,0.0,0.0
2023-10-02,95481.83220187784,-0.003680762057621127,0.0855983896828385,3,0.801745184103174,0.19825481589682603,0.0,0.0
2023-10-03,94048.36264901112,-0.015011289454965802,0.09932630877754733,3,0.8013199094727387,0.19868009052726127,0.0,0.0
2023-10-04,94860.7749015894,0.00863823919625482,0.09154607399499415,3,0.8002425441247142,0.19975745587528587,0.0,0.0
2023-10-05,94737.71922537552,-0.001297224024804144,0.09272454225323534,3,0.8009801334222076,0.1990198665777924,0.0,0.0
2023-10-06,95410.19171852409,0.007098255041888841,0.08628446966090242,3,0.8047774744654023,0.19522252553459762,0.0,0.0
2023-10-09,96338.92230890527,0.009734081586599268,0.07739028814163895,3,0.8021217811382656,0.19787821886173443,0.0,0.0
2023-10-10,96713.21377158676,0.0038872831293345605,0.07380580815930793,3,0.8010499053374964,0.19895009466250357,0.0,0.0
2023-10-11,97432.43895101997,0.0074366795537562265,0.06691799875003857,3,0.7983938704591437,0.2016061295408563,0.0,0.0
2023-10-12,96425.32701426736,-0.010336515718947446,0.0765628155230258,3,0.8018144637996729,0.19818553620032703,0.0,0.0
2023-10-13,96382.16217316555,-0.00044765045075172605,0.07697619259489763,3,0.7981780305928057,0.2018219694071943,0.0,0.0
2023-10-16,96878.50829930117,0.0051497716480344785,0.07222283076106206,3,0.8024435979817437,0.1975564020182564,0.0,0.0
2023-10-17,96566.22743914367,-0.0022256532807246,0.07521345332049845,0,0.0,0.0,0.0,1.0
2023-10-18,96566.22743914367,0.0,0.07521345332049845,0,0.0,0.0,0.0,1.0
2023-10-19,96697.88134039461,0.0013633534698651,0.07395264237319832,0,0.0,0.0,0.0,1.0
2023-10-20,96853.41707095163,0.0016084709240888,0.07246312212412631,0,0.0,0.0,0.0,1.0
2023-10-23,96913.25330824609,0.000617802026031,0.07189008796175611,0,0.0,0.0,0.0,1.0
2023-10-24,96889.34109493326,-0.00024673832006,0.07211908824228352,0,0.0,0.0,0.0,1.0
2023-10-25,96781.6297910019,-0.0011116940492538,0.0731506079303007,0,0.0,0.0,0.0,1.0
2023-10-26,96973.13005754956,0.0019786840432547,0.07131666582771201,0,0.0,0.0,0.0,1.0
2023-10-27,97032.94603883951,0.0006168304689604,0.07074382565117876,0,0.0,0.0,0.0,1.0
2023-10-30,96997.0422708624,-0.0003700162619276,0.07108766554718449,0,0.0,0.0,0.0,1.0
2023-10-31,97075.97321121438,0.0018155614087466596,0.07033176699248245,1,0.6026740460144,0.39732595398559994,0.0,0.0
2023-11-01,98536.20680735125,0.015042173133404968,0.056347536474956716,1,0.6000749934340422,0.39992500656595775,0.0,0.0
2023-11-02,100567.73652227304,0.020617088689984443,0.03689216994193867,1,0.5992208452298843,0.4007791547701156,0.0,0.0
2023-11-03,101390.753241782,0.0081837053111629,0.02901037927786998,1,0.5997793474783154,0.4002206525216846,0.0,0.0
2023-11-06,101137.03026646422,-0.002502427166240012,0.03144021008290221,1,0.6026672211646372,0.39733277883536283,0.0,0.0
2023-11-07,101110.6678185233,0.0007400793909024,0.03169267554458399,0,0.0,0.0,0.0,1.0
2023-11-08,101085.7675038969,-0.0002462679276444,0.03193113858270047,0,0.0,0.0,0.0,1.0
2023-11-09,100936.1657403556,-0.0014799488319217,0.03336383096337481,0,0.0,0.0,0.0,1.0
2023-11-10,100961.08709453809,0.0002469021286839,0.033125166435576836,0,0.0,0.0,0.0,1.0
2023-11-13,100998.52698459108,0.0003708348546003,0.03276661554725524,0,0.0,0.0,0.0,1.0
2023-11-14,101397.3738492915,0.0039490364523957,0.028946975654077334,0,0.0,0.0,0.0,1.0
2023-11-15,101210.40583414352,-0.00184391378248,0.030737513709187647,0,0.0,0.0,0.0,1.0
2023-11-16,101384.89739253318,0.0017240476110294,0.029066459035237524,0,0.0,0.0,0.0,1.0
2023-11-17,101310.1122904296,-0.0007376355258716,0.02978265410831349,0,0.0,0.0,0.0,1.0
2023-11-20,101322.59926696596,0.000123254986635,0.029663069982312495,0,0.0,0.0,0.0,1.0
2023-11-21,101384.89739253318,0.000614849263816,0.029066459035237524,0,0.0,0.0,0.0,1.0
2023-11-22,101397.3738492915,0.0001230603085784,0.028946975654077334,0,0.0,0.0,0.0,1.0
2023-11-24,101322.59926696598,-0.0007374410153528,0.029663069982312273,0,0.0,0.0,0.0,1.0
2023-11-27,101447.20603787847,0.0012298023522292,0.02846974734332175,0,0.0,0.0,0.0,1.0
2023-11-28,101634.18457280449,0.0018431117250898,0.026679108543370633,0,0.0,0.0,0.0,1.0
2023-11-29,101833.61852493274,0.0019622723689527,0.024769187851940933,0,0.0,0.0,0.0,1.0
2023-11-30,101771.28884003138,-0.0006120737513231,0.025366101033538202,0,0.0,0.0,0.0,1.0
2023-12-01,102067.5994281523,0.0029115342008361,0.02252842110340314,0,0.0,0.0,0.0,1.0
2023-12-04,101917.57687348932,-0.0014698352415802,0.023965143277708267,0,0.0,0.0,0.0,1.0
2023-12-05,102042.59391574548,0.0012266484947081,0.022767891589927314,0,0.0,0.0,0.0,1.0
2023-12-06,102237.13195181178,0.0029093488914506602,0.020904857656195763,1,0.5958486467857933,0.40415135321420664,0.0,0.0
2023-12-07,102464.89820084917,0.0022278231469241225,0.01872360683504115,1,0.5990605421982076,0.4009394578017924,0.0,0.0
2023-12-08,102392.61974830393,-0.0007053972024991481,0.01941579645765823,1,0.6020607026665258,0.3979392973334742,0.0,0.0
2023-12-11,102546.20216780207,0.0014999364199847628,0.017944982497903217,1,0.6034973115303702,0.39650268846962977,0.0,0.0
2023-12-12,102949.54434670828,0.0039332727139538845,0.014082292293960741,1,0.6038784344505439,0.3961215655494562,0.0,0.0
2023-12-13,103363.91742164361,0.0050300412986561,0.010113962421615774,0,0.0,0.0,0.0,1.0
2023-12-14,103541.1359325219,0.0017145103949125,0.008416792520408944,0,0.0,0.0,0.0,1.0
2023-12-15,103427.20519682606,-0.0011003427253308,0.009507873889319174,0,0.0,0.0,0.0,1.0
2023-12-18,103414.5391482113,-0.0001224634136701,0.00962917293629606,0,0.0,0.0,0.0,1.0
2023-12-19,103452.52667708279,0.0003673325741657,0.00926537747101197,0,0.0,0.0,0.0,1.0
2023-12-20,103370.19451196461,0.00020435946555423997,0.010053848561572876,5,0.1971882632445397,0.6039415743427862,0.19887016241267402,0.0
2023-12-21,103313.76999439143,-0.000545849002602441,0.010594209680965583,5,0.19916669339072274,0.6004476254510848,0.20038568115819252,0.0
2023-12-22,103164.76097810158,-0.0014422957975296308,0.012021225494394328,5,0.1998552149951354,0.598579793818047,0.20156499118681756,0.0
2023-12-26,103585.87443507931,0.0040819505903485825,0.007988344952549187,5,0.1998831708290965,0.5978414430851408,0.20227538608576273,0.0
2023-12-27,104815.73295537678,0.011872840066318694,0.0,5,0.19789500409923355,0.6012958904198943,0.20080910548087205,0.0
2023-12-28,104244.76109748606,-0.00544529343583366,0.00544738696941427,5,0.20117099072466116,0.5989034434355434,0.19992556583979537,0.0
2023-12-29,103588.25466681732,-0.0062977402773727225,0.011710821018463324,5,0.2018598778107423,0.5972627343102422,0.20087738787901546,0.0
2024-01-02,103065.61367281171,-0.005045369242745156,0.016697104845034505,5,0.20174809953163822,0.5968311176356225,0.20142078283273945,0.0
2024-01-03,102979.27230205001,-0.000837732078477543,0.01752084922316577,5,0.20026827191859373,0.599822681744579,0.19990904633682727,0.0
2024-01-04,101994.98064619793,-0.009558153149160436,0.026911535412147747,5,0.20154962153926878,0.5964093619401605,0.2020410165205708,0.0
2024-01-05,101440.36203894913,-0.005434133785846139,0.03220290333574871,5,0.2013681548359813,0.5975072159392725,0.2011246292247463,0.0
2024-01-08,102170.50042070218,0.007197710724580454,0.02523697979387074,5,0.2027833217457661,0.5990901510919742,0.19812652716225973,0.0
2024-01-09,101755.27676819816,-0.004064026806115919,0.02919844283759898,5,0.2033019113365012,0.5976995530664498,0.19899853559704903,0.0
2024-01-10,101542.6673484935,-0.0020894191088388693,0.031226854162024642,5,0.20487975784403087,0.5961613160001106,0.1989589261558586,0.0
2024-01-11,101913.26210320939,0.003649645655298808,0.02769117545934696,5,0.20404479517983207,0.5973285883324749,0.1986266164876931,0.0
2024-01-12,102006.48343489683,0.0009187609812156802,0.02680179245300829,5,0.19995480612326902,0.5982717617381152,0.20177343213861584,0.0
2024-01-16,100661.43985445122,-0.013185863634874334,0.039634251307426926,5,0.20188273520663597,0.5955877693726027,0.20252949542076124,0.0
2024-01-17,100229.05675505851,-0.004295419378243594,0.04375942495456242,5,0.2016266014552662,0.5972108806702632,0.20116251787447054,0.0
2024-01-18,100018.35192951067,-0.0021022329489018515,0.045769665398499915,5,0.20384816502856265,0.5929058995021119,0.20324593546932532,0.0
2024-01-19,100522.96896125612,0.005045244417755396,0.040955340129598894,5,0.20535330911754676,0.5918166362213383,0.2028300546611149,0.0
2024-01-22,100847.66255710405,0.0032382536953905403,0.037857583841559905,5,0.1997759521833812,0.6016227605941397,0.19860128722247916,0.0
2024-01-23,100503.75198455609,-0.003410198747573693,0.04113868070413085,5,0.20104416904714176,0.5988979336616386,0.20005789729121973,0.0
2024-01-24,100007.47082655772,-0.004937936626232923,0.045873477132159945,5,0.20226272370244416,0.5983446464167981,0.19939262988075762,0.0
2024-01-25,100587.67451836016,0.005801603490290044,0.04033801336691156,5,0.20218978681274594,0.5987806876117693,0.19902952557548476,0.0
2024-01-26,100432.53387961538,-0.0015423424339774535,0.04181814077117085,5,0.20224486905428693,0.5985566375367236,0.19919849340898935,0.0
2024-01-29,101427.11748008475,0.00990526927031682,0.03232926374454359,5,0.19960670341475548,0.6009570690324935,0.19943622755275114,0.0
2024-01-30,101991.99540620469,0.005569298824161634,0.026940016250940446,5,0.19834766456288358,0.603046874103914,0.19860546133320245,0.0
2024-01-31,102250.88834406315,0.0025383652592280716,0.024470034593046863,5,0.194617164591826,0.6074272918986442,0.19795554350952976,0.0
2024-02-01,103940.19878905464,0.016521230009338864,0.008353079653556139,5,0.19395986787597652,0.6092764951275472,0.19676363699647642,0.0
2024-02-02,102560.25003540773,-0.013276372084370328,0.021518553144395547,5,0.19863895813025614,0.6038350420627268,0.1975259998070171,0.0
2024-02-05,101721.66661833877,-0.0078254293122568,0.029519102235875616,4,0.2510543407536806,0.2468835378098468,0.2505824179908128,0.25147970344565984
2024-02-06,102215.11311080732,0.004850947776150577,0.024811350083070338,4,0.25056770832772174,0.2480930835864346,0.2506756198862671,0.2506635881995766
2024-02-07,102289.81272010926,0.0007308078720311683,0.024098674540995457,4,0.2524730740121078,0.24671207069701176,0.25042612787009394,0.2503887274207865
2024-02-08,102125.1301419776,-0.001609960696499354,0.025669837318646138,4,0.25299186325651296,0.24567305787760318,0.2506037439836137,0.2507313348822703
2024-02-09,102115.16492017603,-9.757854690328575e-05,0.025764911040124683,4,0.2544788358623134,0.24520062424152775,0.24965672690179572,0.250663812994363
2024-02-12,102088.44854488039,9.320259383517993e-05,0.026019800020455675,5,0.19989359084667885,0.6006473931499337,0.19945901600338753,0.0
2024-02-13,100475.90706556257,-0.015795533209704036,0.04140433661482679,5,0.20030433483844814,0.5998299420701316,0.19986572309142034,0.0
2024-02-14,100953.54579641283,0.004753763810647573,0.03684739924118263,5,0.20116836547704992,0.6000301093523256,0.1988015251706244,0.0
2024-02-15,101541.88323044353,0.005827803564395449,0.03123433508142348,5,0.2013827158752937,0.5996386630864903,0.19897862103821592,0.0
2024-02-16,101161.62691776338,-0.0037448223391442718,0.034862190384806646,5,0.20113306797405112,0.5984088580761331,0.20045807394981577,0.0
2024-02-20,101225.11627827436,0.0006291953404947199,0.03425646680952987,5,0.1987738435701195,0.6001398369904901,0.20108631943939023,0.0
2024-02-21,100812.5835350782,-0.004075399054737378,0.038192257091813064,5,0.19976803123102993,0.5983120245520844,0.20191994421688567,0.0
2024-02-22,101532.50159765319,0.00714115279393155,0.031323841041319245,5,0.20245655526891856,0.5969696648486306,0.20057377988245098,0.0
2024-02-23,102473.15355208098,0.00926454031592128,0.02234950171357486,5,0.20073647496831531,0.5994077717287867,0.1998557533028982,0.0
2024-02-26,102169.01727857326,-0.002967960514196,0.025251129789172988,5,0.20059662468779987,0.5993990337349318,0.2000043415772684,0.0
2024-02-27,101752.88121701649,-0.00407241767175422,0.029221297719343675,5,0.20119088294370407,0.5982047087303652,0.2006044083259306,0.0
2024-02-28,102149.19418303238,0.003894857435738189,0.02544025307230957,5,0.20014544290532832,0.5996670592344114,0.20018749786026016,0.0
2024-02-29,102760.3154752192,0.005982634489429462,0.01960981831833042,5,0.19967041664108878,0.6003077241582885,0.20002185920062276,0.0
2024-03-01,103726.02394829389,0.009397679139157216,0.010396425959705913,5,0.19966853046429467,0.598424495681665,0.20190697385404038,0.0
2024-03-04,103792.88158314904,0.0006445598925923251,0.009758567186313516,5,0.19932592864397972,0.5956334138361392,0.20504065751988096,0.0
2024-03-05,104596.77146666327,0.007750214758514899,0.002089013572101117,5,0.19647842396510415,0.6038649295899283,0.1996566464449675,0.0
2024-03-06,105243.11694365395,0.006179401791542708,0.0,5,0.19626125275834427,0.6036780963522348,0.200060650889421,0.0
2024-03-07,105508.25704297556,0.0025193105926687343,0.0,5,0.19771134639720658,0.6015964951934867,0.20069215840930668,0.0
2024-03-08,105449.48926240653,-0.0005569969802941249,0.0005569969802940999,5,0.19663414215964425,0.6008645467365292,0.2025013111038264,0.0
2024-03-11,105437.77158083952,-0.00011112127378687625,0.0006680563598669975,5,0.19648689765662672,0.6006176512569367,0.20289545108643667,0.0
2024-03-12,105229.2322791933,-0.0009788212824762,0.0026445775108255853,0,0.0,0.0,0.0,1.0
2024-03-13,105177.67076770136,-0.0004899922804258,0.0031332739686861233,0,0.0,0.0,0.0,1.0
2024-03-14,105087.49722811635,-0.0008573448996049,0.003987932571834829,0,0.0,0.0,0.0,1.0
2024-03-15,105022.99697968479,-0.0006137766159903,0.004599261488066442,0,0.0,0.0,0.0,1.0
2024-03-18,105035.90347724665,0.0001228921087099,0.004476934592299253,0,0.0,0.0,0.0,1.0
2024-03-19,105126.13074912794,0.0008590136219548,0.0036217667181438484,0,0.0,0.0,0.0,1.0
2024-03-20,105293.65730241014,0.0015935767072221,0.0020339615740028183,0,0.0,0.0,0.0,1.0
2024-03-21,105293.65730241014,0.0,0.0020339615740028183,0,0.0,0.0,0.0,1.0
2024-03-22,105370.99956964808,0.0007345387103023,0.0013009168872116783,0,0.0,0.0,0.0,1.0
2024-03-25,105319.4917904524,-0.0004888231050863,0.0017891040740656283,0,0.0,0.0,0.0,1.0
2024-03-26,105345.19732098361,0.0002440719195868,0.001545468824544427,0,0.0,0.0,0.0,1.0
2024-03-27,105461.21609507012,0.0011013200130329,0.00044585086725745793,0,0.0,0.0,0.0,1.0
2024-03-28,105396.79107185331,-0.0006108883019017,0.001056466804080003,0,0.0,0.0,0.0,1.0
2024-04-01,105176.96150139078,-0.0020857330496208,0.0031399963459716185,0,0.0,0.0,0.0,1.0
2024-04-02,105228.65197039375,0.0004914618968365,0.002650077637695425,0,0.0,0.0,0.0,1.0
2024-04-03,105306.27364557222,0.0007376477197513,0.001914384741670716,0,0.0,0.0,0.0,1.0
2024-04-04,105409.68682295593,0.0009820229489059,0.0009342417625141097,0,0.0,0.0,0.0,1.0
2024-04-05,105241.60145379262,-0.0015945912963922,0.002527343325123055,0,0.0,0.0,0.0,1.0
2024-04-08,105138.1452905719,-0.0009830348625599,0.0035078937210847316,0,0.0,0.0,0.0,1.0
2024-04-09,105241.60145379261,0.0009840021709988,0.002527343325123166,0,0.0,0.0,0.0,1.0
2024-04-10,104814.92403564413,-0.0040542657300384,0.006571362533730585,0,0.0,0.0,0.0,1.0
2024-04-11,104944.23617982559,0.0012337188179183,0.00534575092942946,0,0.0,0.0,0.0,1.0
2024-04-12,105008.85463930893,0.0006157409099878,0.004733301616983487,0,0.0,0.0,0.0,1.0
2024-04-15,104970.05992140857,-0.0003694423487773,0.00510099528369401,0,0.0,0.0,0.0,1.0
2024-04-16,104905.40922254746,-0.0006158965605003,0.00571375015874398,0,0.0,0.0,0.0,1.0
2024-04-17,104982.98791188892,0.0007395108595105,0.0049784646795244525,0,0.0,0.0,0.0,1.0
2024-04-18,104931.2652035082,-0.0004926770461528,0.005468688950404532,0,0.0,0.0,0.0,1.0
2024-04-19,104957.1534238467,0.0002467159839185,0.005223322179461087,0,0.0,0.0,0.0,1.0
2024-04-22,105008.85463930892,0.0004925935372259,0.004733301616983598,0,0.0,0.0,0.0,1.0
2024-04-23,105099.37206559001,0.0008619980342801,0.0038753836793929963,0,0.0,0.0,0.0,1.0
2024-04-24,105060.5880941489,-0.0003690219140121,0.004242975491902112,0,0.0,0.0,0.0,1.0
2024-04-25,104982.98791188892,-0.000738623147535,0.0049784646795244525,0,0.0,0.0,0.0,1.0
2024-04-26,105008.85463930892,0.0002463897049844,0.004733301616983598,0,0.0,0.0,0.0,1.0
2024-04-29,105060.5880941489,0.0004926580241035,0.004242975491902112,0,0.0,0.0,0.0,1.0
2024-04-30,104931.26520350818,-0.0012309362910173,0.005468688950404643,0,0.0,0.0,0.0,1.0
2024-05-01,105141.45520002155,0.0020031207677302,0.0034765226270832006,0,0.0,0.0,0.0,1.0
2024-05-02,105297.11766228934,0.0014805051154338,0.002001164521182597,0,0.0,0.0,0.0,1.0
2024-05-03,105465.71886149676,0.0016011948185339,0.0004031739569110293,0,0.0,0.0,0.0,1.0
2024-05-06,105452.80161747565,-0.0001224781299606,0.0005256027068792912,0,0.0,0.0,0.0,1.0
2024-05-07,105465.71886149677,0.0001224931326906,0.00040317395691080726,0,0.0,0.0,0.0,1.0
2024-05-08,105439.78765532127,-0.0002458733174668,0.0006489481446594336,0,0.0,0.0,0.0,1.0
2024-05-09,105530.61672892068,0.0008614307333045,0.0,0,0.0,0.0,0.0,1.0
2024-05-10,105439.78765532127,-0.000860689309082,0.0008606893090820078,0,0.0,0.0,0.0,1.0
2024-05-13,105465.71886149677,0.0002459337860227,0.0006149671956395819,0,0.0,0.0,0.0,1.0
2024-05-14,105569.5081649543,0.0009841046415643,0.0,0,0.0,0.0,0.0,1.0
2024-05-15,105764.09430263349,0.0018432039805957,0.0,0,0.0,0.0,0.0,1.0
2024-05-16,105686.27919118847,-0.000735742238026,0.0007357422380260825,0,0.0,0.0,0.0,1.0
2024-05-17,105621.43505606083,-0.000613553013919,0.0013488438350774956,0,0.0,0.0,0.0,1.0
2024-05-20,105595.49310342608,-0.0002456125749568,0.0015941251170267234,0,0.0,0.0,0.0,1.0
2024-05-21,105647.36626223633,0.0004912440605722,0.0011036641609499798,0,0.0,0.0,0.0,1.0
2024-05-22,105569.5081649543,-0.0007369620278916,0.0018398128302635763,0,0.0,0.0,0.0,1.0
2024-05-23,105517.64575260329,-0.0004912631805575,0.002330172178518386,0,0.0,0.0,0.0,1.0
2024-05-24,105556.54793509617,0.0003686794015864,0.0019623518634164228,0,0.0,0.0,0.0,1.0
2024-05-28,105465.71886149676,-0.000860477870641,0.0028211411737044667,0,0.0,0.0,0.0,1.0
2024-05-29,105426.79518608538,-0.0003690647144073,0.003189164704450298,0,0.0,0.0,0.0,1.0
2024-05-30,105543.55546586029,0.001107500987475,0.002085195720034627,0,0.0,0.0,0.0,1.0
2024-05-31,105686.27919118846,0.0013522732363733,0.0007357422380261935,0,0.0,0.0,0.0,1.0
2024-06-03,105806.00549371696,0.0011328462260642,0.0,0,0.0,0.0,0.0,1.0
2024-06-04,105910.10644449282,0.0009838850856347,0.0,0,0.0,0.0,0.0,1.0
2024-06-05,106014.25038110568,0.000983323878231,0.0,0,0.0,0.0,0.0,1.0
2024-06-06,106027.27508971933,0.0001228580928207,0.0,0,0.0,0.0,0.0,1.0
2024-06-07,105753.96039155869,-0.0025777772552333,0.0025777772552332268,0,0.0,0.0,0.0,1.0
2024-06-10,105766.95286079458,0.0001228556281749,0.0024552383215022955,0,0.0,0.0,0.0,1.0
2024-06-11,105884.07852018406,0.0011073937200747,0.0013505635169261954,0,0.0,0.0,0.0,1.0
2024-06-12,106027.27508971933,0.0013523900055283,0.0,0,0.0,0.0,0.0,1.0
2024-06-13,106196.44585126711,0.0015955400287768,0.0,0,0.0,0.0,0.0,1.0
2024-06-14,106209.438320503,0.0001223437294133,0.0,0,0.0,0.0,0.0,1.0
2024-06-17,106105.31587680867,-0.0009803501961863,0.0009803501961861416,0,0.0,0.0,0.0,1.0
2024-06-18,106248.49095342544,0.0013493676111666,0.0,0,0.0,0.0,0.0,1.0
2024-06-20,106209.43832050303,-0.0003675594125805,0.0003675594125804871,0,0.0,0.0,0.0,1.0
2024-06-21,106248.49095342544,0.0003676945621777,0.0,0,0.0,0.0,0.0,1.0
2024-06-24,106261.52640849832,0.0001226883784974,0.0,0,0.0,0.0,0.0,1.0
2024-06-25,106274.5188777342,0.000122268799207,0.0,0,0.0,0.0,0.0,1.0
2024-06-26,106170.42867341761,-0.0009794464883566,0.0009794464883565723,0,0.0,0.0,0.0,1.0
2024-06-27,106248.49095342544,0.00073525444875,0.00024491218199440556,0,0.0,0.0,0.0,1.0
2024-06-28,106261.52640849832,0.0001226883784974,0.0001222538513754312,0,0.0,0.0,0.0,1.0
2024-07-01,106170.0955331808,-0.0008604325423111,0.0009825812024942815,0,0.0,0.0,0.0,1.0
2024-07-02,106261.49416912057,0.0008608698662346,0.0001225572108080053,0,0.0,0.0,0.0,1.0
2024-07-03,106418.19903793583,0.0014747098188347,0.0,0,0.0,0.0,0.0,1.0
2024-07-05,106614.08549718454,0.0018407233069117,0.0,0,0.0,0.0,0.0,1.0
2024-07-08,106405.93894076896,-0.0009532896572666603,0.0019523363676094974,5,0.20042181180167276,0.6018701300567068,0.1977080581416205,0.0
2024-07-09,106179.2885229897,-0.0021300542059540044,0.004078231991272219,5,0.20104493804308549,0.6004889974252638,0.19846606453165078,0.0
2024-07-10,106667.88474692346,0.0046016151617740714,0.0,5,0.20210435070668809,0.5996155410111484,0.19828010828216347,0.0
2024-07-11,107478.43876135758,0.007598857110152803,0.0,5,0.1988506772979674,0.6008748900618199,0.20027443264021272,0.0
2024-07-12,107875.9073256678,0.003698123725008297,0.0,5,0.19936762213739584,0.6012209847083415,0.19941139315426257,0.0
2024-07-15,107260.599938297,-0.005702630354722219,0.005703844376606093,5,0.2017002572781074,0.5965035510000729,0.2017961917218197,0.0
2024-07-16,108722.79926100258,0.01363221279339024,0.0,5,0.2001676351740898,0.5967832318912419,0.2030491329346683,0.0
2024-07-17,108328.92639841676,-0.0036227255484866847,0.0036227255484866383,5,0.19807866620670284,0.5990801619974688,0.20284117179582836,0.0
2024-07-18,107527.70820054138,-0.007396161159473081,0.01099209244596655,5,0.19802100914395973,0.5989304063235551,0.20304858453248525,0.0
2024-07-19,106615.71542724992,-0.008481467600802702,0.01938033097082381,5,0.19838867203825214,0.6004992688415423,0.20111205912020563,0.0
2024-07-22,106787.29701886282,0.001960532588400225,0.017802174477621224,4,0.252083217793212,0.24878587001853197,0.24958960452463505,0.24954130766362095
2024-07-23,106814.54047711332,0.0002551189046921506,0.01755159724418287,4,0.2516236294828167,0.24837344084680993,0.250403447679158,0.24959948199121537
2024-07-24,105837.97199589941,-0.00914265489372346,0.026533783941469213,4,0.2481903467520105,0.2479558938050538,0.2518283252085117,0.252025434234424
2024-07-25,105502.44070017157,-0.0031702354967727718,0.029619901094526946,4,0.24768240990852566,0.25078290391840163,0.24867690333350645,0.25285778283956634
2024-07-26,106313.71830401996,0.0076896572104332,0.022158010770117587,4,0.24854511551300312,0.25081115454985226,0.2493789579023507,0.25126477203479375
2024-07-29,106247.04121086071,0.0001216533187056,0.022771286859516016,0,0.0,0.0,0.0,1.0
2024-07-30,106285.87628318775,0.0003655167417788,0.022414093404316215,0,0.0,0.0,0.0,1.0
2024-07-31,106505.75007261835,0.0020687018550307,0.020391759625889794,0,0.0,0.0,0.0,1.0
2024-08-01,106689.98246343301,0.0017297882103928,0.018697244840886973,0,0.0,0.0,0.0,1.0
2024-08-02,107286.99718140812,0.0055957898219707,0.013206080871295822,0,0.0,0.0,0.0,1.0
2024-08-05,104795.94954172042,-0.02224078268553772,0.03611799683206529,3,0.7943683732093464,0.2056316267906536,0.0,0.0
2024-08-06,105081.41775158845,0.0027240385827544873,0.033492345066213236,3,0.7995141826207712,0.20048581737922883,0.0,0.0
2024-08-07,104371.56229510742,-0.006755290056697905,0.040021384617309974,3,0.7995716279621319,0.2004283720378681,0.0,0.0
2024-08-08,106172.07223037723,0.017250962768756314,0.023460829264541072,3,0.8041826399769579,0.19581736002304218,0.0,0.0
2024-08-09,106753.60444899171,0.005477261641391429,0.01811206872335558,3,0.8033287962212282,0.19667120377877165,0.0,0.0
2024-08-12,106711.49707595879,0.0006061710299378,0.018499359828065276,0,0.0,0.0,0.0,1.0
2024-08-13,106879.58788407719,0.0015751892975388,0.016953310524138843,0,0.0,0.0,0.0,1.0
2024-08-14,106866.69045710395,-0.0001206724991046,0.017071937224894418,0,0.0,0.0,0.0,1.0
2024-08-15,106608.07371212977,-0.0024199939557218,0.0194506171957195,0,0.0,0.0,0.0,1.0
2024-08-16,106724.44753511534,0.0010916042184554,0.018380245353046498,0,0.0,0.0,0.0,1.0
2024-08-19,107082.0955920319,0.0043554907289685,0.015090704802697141,5,0.2010366502116528,0.6001568541662339,0.19880649562211347,0.0
2024-08-20,107637.3136423015,0.005184975575981457,0.009983974162541931,5,0.1996744453221296,0.6018186946682987,0.19850686000957168,0.0
2024-08-21,107722.07849804242,0.0007875043781064417,0.009204332207799482,5,0.20020300239557748,0.6017108635870653,0.19808613401735736,0.0
2024-08-22,106653.8942102305,-0.009916112859178892,0.01902917387001246,5,0.2006210654328778,0.601704724448268,0.19767421011885428,0.0
2024-08-23,107544.98621352701,0.00835498797202876,0.01083317441678533,5,0.20107275866154412,0.6006260212641863,0.19830122007426965,0.0
2024-08-26,107398.1933469564,-0.00136324737700626,0.012183331583160428,5,0.19979563147811807,0.5992926084764841,0.20091176004539782,0.0
2024-08-27,107374.55654714876,-0.00022008563711369998,0.012400735843980604,5,0.2001140294853034,0.5983860610644616,0.20149990945023494,0.0
2024-08-28,107019.08592809805,-0.003310566585619526,0.015670248967877942,5,0.19961311860903186,0.5996382924888755,0.2007485889020927,0.0
2024-08-29,106922.36533562842,-0.000903769562511608,0.01655985623633549,5,0.19981155103530288,0.5982178529349204,0.20197059602977682,0.0
2024-08-30,106290.37321444966,-0.0059107570169715335,0.022372731966858073,5,0.20291836797777113,0.5953579404543646,0.20172369156786435,0.0
2024-09-03,106803.5302197114,0.004832542970508359,0.017652866320004623,5,0.194942105904193,0.6068803110990212,0.1981775829967857,0.0
2024-09-04,107609.27899355612,0.007544214804390418,0.010241828531045494,5,0.19308642886498745,0.6101003122352703,0.19681325889974235,0.0
2024-09-05,108106.52991036096,0.004620892561083144,0.005668262359233345,5,0.19173084013567437,0.6107288052362898,0.19754035462803574,0.0
2024-09-06,107592.97300916503,-0.004750470684997124,0.010391806130058079,5,0.1894037274773684,0.6135823271587747,0.19701394536385686,0.0
2024-09-09,108195.42238986741,0.005599337613349991,0.0048506557476425405,5,0.1904579235558538,0.612801133800428,0.19674094264371833,0.0
2024-09-10,108243.53344294494,0.0014461142158308,0.0044081445779105,0,0.0,0.0,0.0,1.0
2024-09-11,108152.34579139657,-0.0008424304773499,0.005246861499919375,0,0.0,0.0,0.0,1.0
2024-09-12,108165.35890714948,0.0001203220850891,0.005127170728145947,0,0.0,0.0,0.0,1.0
2024-09-13,108321.69732970955,0.0014453649869019,0.0036892163742964224,0,0.0,0.0,0.0,1.0
2024-09-16,108386.83745169034,0.0006013580250918,0.0030900768890775865,0,0.0,0.0,0.0,1.0
2024-09-17,108209.12461029517,-0.0006402567043599801,0.004724626795841402,3,0.8008396410044334,0.19916035899556656,0.0,0.0
2024-09-18,107684.9693070123,-0.004843910392682382,0.009545651519685783,3,0.8023510068997964,0.19764899310020356,0.0,0.0
2024-09-19,109088.82370164494,0.013036679154638893,0.0,3,0.8055410497505444,0.19445895024945575,0.0,0.0
2024-09-20,108855.70723403874,-0.0021369418029821316,0.002136941802982184,3,0.8058706879246623,0.19412931207533765,0.0,0.0
2024-09-23,109030.03628553117,0.0016014690999859443,0.0005388949492621808,3,0.8065926603899571,0.19340733961004303,0.0,0.0
2024-09-24,109025.74009520361,0.0009615578258459,0.0005782774467699703,0,0.0,0.0,0.0,1.0
2024-09-25,108934.09262987565,-0.0008406039275489,0.0014183952720260296,0,0.0,0.0,0.0,1.0
2024-09-26,108829.40158483555,-0.0009610494062297,0.0023780815303215963,0,0.0,0.0,0.0,1.0
2024-09-27,108999.55663371412,0.0015635025682461,0.0008182970986557736,0,0.0,0.0,0.0,1.0
2024-09-30,108842.48796546555,-0.001441002817804,0.0022581207480347754,0,0.0,0.0,0.0,1.0
2024-10-01,108912.11435856408,0.0006396986544503,0.0016198666103885984,0,0.0,0.0,0.0,1.0
2024-10-02,108885.81319455052,-0.0002414897935685,0.0018609652227038476,0,0.0,0.0,0.0,1.0
2024-10-03,108741.36009683572,-0.0013266475537699,0.003185143931513368,0,0.0,0.0,0.0,1.0
2024-10-04,108373.65741166004,-0.0033814427633445,0.0065558163129604274,0,0.0,0.0,0.0,1.0
2024-10-07,108229.16151302739,-0.0013333120066602,0.00788038737101715,0,0.0,0.0,0.0,1.0
2024-10-08,108275.48193898608,0.0014294141209332798,0.0074557753494833845,5,0.20160331371195456,0.6001544416649163,0.19824224462312912,0.0
2024-10-09,107940.36301436315,-0.0030950582590043214,0.01052775754941504,5,0.2036299623759456,0.598595332897719,0.1977747047263353,0.0
2024-10-10,107805.53976360541,-0.0012490531529877771,0.011763660973641787,5,0.20352784150041217,0.5969960591157404,0.19947609938384755,0.0
2024-10-11,107911.67398658398,0.0009844969304108875,0.010790745331349827,5,0.20454523962137947,0.5940000284305258,0.2014547319480947,0.0
2024-10-14,108104.65334872551,0.001788308484265718,0.009021734028511585,5,0.2058499802870966,0.5933825927780214,0.20076742693488211,0.0
2024-10-15,108048.93805018916,0.0004851021208107,0.009532467361641372,0,0.0,0.0,0.0,1.0
2024-10-16,108114.37141577831,0.0006055900851034,0.008932650044258694,0,0.0,0.0,0.0,1.0
2024-10-17,108022.77536953877,-0.0008472143438479,0.00977229651886058,0,0.0,0.0,0.0,1.0
2024-10-18,108114.3714157783,0.0008479327246146,0.008932650044258916,0,0.0,0.0,0.0,1.0
2024-10-21,107957.29934160855,-0.0014528325153525,0.010372504915178826,0,0.0,0.0,0.0,1.0
2024-10-22,108101.20595470534,0.0023353310059108204,0.009053335744463764,2,0.39885606719126354,0.39945747272677157,0.20168646008196495,0.0
2024-10-23,107327.55239350878,-0.007156752363342948,0.016145295625821343,2,0.39806035017191554,0.40124731838002237,0.20069233144806206,0.0
2024-10-24,107861.6271997303,0.0049761202441602,0.01124951631407256,2,0.3969460249804067,0.4018190346774137,0.20123494034217954,0.0
2024-10-25,107648.26825462053,-0.001978080162972815,0.013205344031981592,2,0.39759547900754155,0.4003559764058382,0.20204854458662028,0.0
2024-10-28,107664.4898568394,0.00015069078659492375,0.013056643169066184,2,0.3987644417433746,0.39920948549917595,0.20202607275744922,0.0
2024-10-29,107793.4288464293,0.0015994772932598402,0.011874679836666902,3,0.8000150977191949,0.19998490228080515,0.0,0.0
2024-10-30,107595.80124420948,-0.0018333919268992253,0.013686300821419084,3,0.7990599604346611,0.20094003956533882,0.0,0.0
2024-10-31,105945.52888405071,-0.015337702225137568,0.028814086639993963,3,0.7955984005169002,0.20440159948309972,0.0,0.0
2024-11-01,105995.98238786448,0.0004762211708715452,0.02835158734719978,3,0.798575995424263,0.20142400457573692,0.0,0.0
2024-11-04,106145.04269383222,0.0014062826025074574,0.026985175088732105,3,0.7957368305235256,0.20426316947647444,0.0,0.0
2024-11-05,106013.0605562734,-0.000243656765935,0.02819503447744265,0,0.0,0.0,0.0,1.0
2024-11-06,105883.91702528425,-0.0012181851020195,0.029378872808510925,0,0.0,0.0,0.0,1.0
2024-11-07,106064.73474600338,0.0017076976919541,0.027721345349844162,0,0.0,0.0,0.0,1.0
2024-11-08,105987.26540474422,-0.0007303967849886,0.02843149455331373,0,0.0,0.0,0.0,1.0
2024-11-11,105909.75412014926,-0.0007313263937792,0.02914202824471146,0,0.0,0.0,0.0,1.0
2024-11-12,105806.46865569301,-0.0009752214544759,0.0300888297680163,0,0.0,0.0,0.0,1.0
2024-11-13,105961.43879571318,0.0014646565752465,0.028668242995130933,0,0.0,0.0,0.0,1.0
2024-11-14,105806.46865569301,-0.0014625144937768,0.0300888297680163,0,0.0,0.0,0.0,1.0
2024-11-15,105922.68315341571,0.0010983685515568,0.029023509840829687,0,0.0,0.0,0.0,1.0
2024-11-18,106000.16298050883,0.0007314753061995,0.028313264515377967,0,0.0,0.0,0.0,1.0
2024-11-19,106485.20514698299,0.005581443903316221,0.0238669596601645,5,0.1996169230015715,0.5997112505154768,0.20067182648295165,0.0
2024-11-20,106408.5739293475,-0.0007196419214266211,0.024569425916882603,5,0.1998283846986103,0.5982242661420609,0.20194734915932866,0.0
2024-11-21,106652.63718394177,0.0022936427543547313,0.022332136648260836,5,0.20044135083041148,0.5963931490901799,0.20316550007940873,0.0
2024-11-22,107033.46100154522,0.0035706929304209416,0.018841184920291076,5,0.20034724019791056,0.5946001871119937,0.20505257269009575,0.0
2024-11-25,108107.22711776085,0.010032060125572458,0.00899814069467586,5,0.19903015658871484,0.6039345549046127,0.19703528850667237,0.0
2024-11-26,108184.96375909906,0.0009231926179740604,0.008285541193641555,2,0.40171768946753933,0.39807947446113273,0.2002028360713278,0.0
2024-11-27,108399.81644269708,0.001985975463988156,0.00631602061116987,2,0.3997066833510067,0.40004317863905514,0.2002501380099383,0.0
2024-11-29,109303.77516078594,0.00833911668629736,0.0,2,0.398863511782435,0.4008296655724465,0.20030682264511868,0.0
2024-12-02,109295.51354995479,-7.558394775473217e-05,7.558394775475374e-05,2,0.39960865100568826,0.4018230845030637,0.19856826449124815,0.0
2024-12-03,108980.48086740346,-0.0028823935431471007,0.00295775962821887,2,0.40094970120489215,0.39950719909192184,0.19954309970318596,0.0
2024-12-04,109862.52973308995,0.008296257625588981,0.0,5,0.1995860639620318,0.6014577915077343,0.198956144530234,0.0
2024-12-05,109798.21704850357,-0.0005853923511739171,0.0005853923511739412,5,0.19937435040019783,0.603025651293314,0.1975999983064882,0.0
2024-12-06,109946.10329675119,0.0013468911629256246,0.0,5,0.19948360007142998,0.6031090634257595,0.19740733650281034,0.0
2024-12-09,109437.2857605634,-0.00462788148857312,0.004627881488573071,5,0.19937900671934028,0.6003284950574506,0.20029249822320905,0.0
2024-12-10,109348.90126123013,-0.0008076269318909571,0.005431770818736248,5,0.1989197920909684,0.5979869730779953,0.2030932348310364,0.0
2024-12-11,109105.83568353431,-0.0022197578931387797,0.007642541099878164,5,0.20199450630143306,0.5956495500263392,0.2023559436722277,0.0
2024-12-12,107879.08822297609,-0.01124364661956724,0.018800257688042832,5,0.20323884706959866,0.5951051518781153,0.20165600105228612,0.0
2024-12-13,106956.1613780946,-0.008555196934681854,0.027194614715780774,5,0.20495192612467183,0.5941113590034149,0.20093671487191314,0.0
2024-12-16,107291.9891680918,0.0031398639000330205,0.024140138204769124,5,0.2051828150816902,0.59402562388844,0.20079156102986964,0.0
2024-12-17,107273.65317197758,-0.0001708980908675613,0.02430691079210423,5,0.20437236950361265,0.5955726439019848,0.20005498659440255,0.0
2024-12-18,105417.32509025243,-0.0173002531818924,0.04119089327136327,5,0.1974553350579164,0.6029282662734005,0.19961639866868322,0.0
2024-12-19,104478.46548602874,-0.008906122436894336,0.04973016456949786,5,0.19916852636885032,0.5991350678655111,0.20169640576563858,0.0
2024-12-20,105304.70749036134,0.007908251719519076,0.042215191509447525,5,0.1999792557223598,0.5978188899812383,0.20220185429640183,0.0
2024-12-23,104753.11785554208,-0.005238033967947288,0.04723210087030483,5,0.20223607155293072,0.5954544976368933,0.20230943081017588,0.0
2024-12-24,105294.5789590528,0.0051689258954316355,0.04230731420415723,5,0.20343241838069018,0.5948975649447487,0.20167001667456116,0.0
2024-12-26,105215.00633458116,0.0002445301785158,0.04303105631129556,0,0.0,0.0,0.0,1.0
2024-12-27,105240.7179131289,0.0002443717815876,0.042797200105602284,0,0.0,0.0,0.0,1.0
2024-12-30,105395.11189569159,0.0014670555809979,0.04139293039587033,0,0.0,0.0,0.0,1.0
2024-12-31,105459.4115939403,0.0006100823566879,0.04080810113570865,0,0.0,0.0,0.0,1.0
2025-01-02,105433.70001539258,-0.000243805442863,0.0410419573414017,0,0.0,0.0,0.0,1.0
2025-01-03,106314.47952309871,0.00936323403224522,0.03303094575212462,3,0.8024889181101362,0.19751108188986366,0.0,0.0
2025-01-06,106712.1373452369,0.0037403919383512574,0.029414102496980843,3,0.8041040836842306,0.19589591631576947,0.0,0.0
2025-01-07,105506.41413201681,-0.011298838569030946,0.04038059587024545,3,0.8040998489756341,0.19590015102436587,0.0,0.0
2025-01-08,105656.8311726957,0.001425667263135979,0.0390124979007076,3,0.8041282288238666,0.19587177117613344,0.0,0.0
2025-01-10,104222.56485662959,-0.01357476180335004,0.05205767433770181,3,0.8027483769944348,0.19725162300556517,0.0,0.0
2025-01-13,104344.24381580202,0.00117024309896418,0.05095095972459707,3,0.800303917654569,0.19969608234543113,0.0,0.0
2025-01-14,104424.98857438804,0.0007738305021267252,0.05021655662921787,3,0.8007853383582944,0.19921466164170556,0.0,0.0
2025-01-15,106304.6255462647,0.017999877208870082,0.03312057127352597,3,0.8009349166095745,0.19906508339042545,0.0,0.0
2025-01-16,106209.16971922303,-0.0008979461293536586,0.033988776914102514,3,0.8001130118163319,0.1998869881836682,0.0,0.0
2025-01-17,107098.93190876082,0.00837745170110997,0.025896064549970288,3,0.8014320254205611,0.19856797457943887,0.0,0.0
2025-01-21,108074.68112930389,0.009112172913981881,0.01702126870650622,3,0.800032913092168,0.199967086907832,0.0,0.0
2025-01-22,108447.71814118975,0.0034516596115563083,0.01362836072068152,3,0.8017628335681387,0.19823716643186126,0.0,0.0
2025-01-23,108755.23026486112,0.0028355794749965707,0.01083142554562233,3,0.8038594127218964,0.19614058727810357,0.0,0.0
2025-01-24,108595.8233832826,-0.0014657399114536556,0.012281289404355689,3,0.8026892675627981,0.19731073243720196,0.0,0.0
2025-01-27,107615.83292976473,-0.009024200222314675,0.02119466081209731,3,0.798541135873705,0.20145886412629493,0.0,0.0
2025-01-28,108008.85604935882,0.0042029404529137756,0.017619971870795892,4,0.25109277695593635,0.2487843857341608,0.25110870949268743,0.24901412781721563
2025-01-29,107711.93105054957,-0.0027490801187040267,0.020320613275137678,4,0.25065623614399796,0.24896099189808696,0.25083391168040786,0.24954886027750722
2025-01-30,108382.93269760678,0.006229594442442228,0.014217608012221272,4,0.2504413805516249,0.2483474655471789,0.25305648216236665,0.24815467173882966
2025-01-31,108119.22002473987,-0.0024331568292461094,0.01661617117143699,4,0.24971615235455644,0.24731861942319117,0.2541750705767166,0.2487901576455358
2025-02-03,108283.23163968812,0.0015169515180623917,0.01512442557945759,4,0.24765996043278882,0.24895466744580177,0.25514462988048997,0.2482407422409195
2025-02-04,108870.52004657355,0.005979274694272301,0.009782822837063776,3,0.8005798918228227,0.19942010817717729,0.0,0.0
2025-02-05,109582.3590022506,0.006538399516898885,0.0033083873242767403,3,0.7986041878290822,0.20139581217091787,0.0,0.0
2025-02-06,109876.70025934471,0.002686027749120284,0.0006312459953141669,3,0.7992330776308487,0.20076692236915133,0.0,0.0
2025-02-07,108930.46335827923,-0.008611806678140684,0.009237616504976787,3,0.7987963671426823,0.20120363285731768,0.0,0.0
2025-02-10,109455.10551562268,0.004816303366101174,0.004465804302343224,3,0.8003663652107289,0.19963363478927107,0.0,0.0
2025-02-11,109318.98232354915,-0.0002438879503472,0.005703894493735651,0,0.0,0.0,0.0,1.0
2025-02-12,109172.31856616499,-0.0013416129044276,0.007037854979704994,0,0.0,0.0,0.0,1.0
2025-02-13,109318.98232354916,0.0013434152476599,0.00570389449373554,0,0.0,0.0,0.0,1.0
2025-02-14,109465.64608093334,0.0013416129044276,0.004369934007766196,0,0.0,0.0,0.0,1.0
2025-02-18,109372.31849666497,-0.0008525741875159,0.0052187825023459755,0,0.0,0.0,0.0,1.0
2025-02-19,109452.30131897009,0.0007312894469504,0.004491309495965434,0,0.0,0.0,0.0,1.0
2025-02-20,109465.64608093335,0.0001219230824975,0.004369934007766085,0,0.0,0.0,0.0,1.0
2025-02-21,109652.27981210146,0.0017049525385355,0.002672431999310332,0,0.0,0.0,0.0,1.0
2025-02-24,109732.29479045949,0.0007297155927368,0.0019446665218739723,0,0.0,0.0,0.0,1.0
2025-02-25,109878.9799852123,0.0013367550093881,0.0006105110552006021,0,0.0,0.0,0.0,1.0
2025-02-26,109943.12205919906,0.0015853373342620402,2.7115445320302634e-05,3,0.7991370198723694,0.20086298012763068,0.0,0.0
2025-02-27,108384.59716547346,-0.014175738004660328,0.014202469068531953,3,0.7976889294506033,0.2023110705493967,0.0,0.0
2025-02-28,110002.78888790424,0.014930089373864235,0.0,3,0.7982199321814092,0.20178006781859079,0.0,0.0
2025-03-03,108568.00688590013,-0.013043142055845437,0.013043142055845447,3,0.7945992071328883,0.2054007928671116,0.0,0.0
2025-03-04,107272.2416754865,-0.011935055709141117,0.024822527137927763,3,0.7946781694345173,0.20532183056548264,0.0,0.0
2025-03-05,108022.71914636526,0.007001367183308639,0.018000177646011584,3,0.802976339496608,0.19702366050339212,0.0,0.0
2025-03-06,106412.58610722069,-0.014905503692819582,0.03263737962445723,3,0.8006566863506343,0.1993433136493657,0.0,0.0
2025-03-07,106822.08522523195,0.0038482207132778156,0.028914754751477423,3,0.8020578672558373,0.1979421327441628,0.0,0.0
2025-03-10,104760.5929260745,-0.019298371631772938,0.04765511870041472,3,0.7960572543216125,0.2039427456783875,0.0,0.0
2025-03-11,103914.8104372238,-0.008073479399334258,0.05534385548064835,3,0.7958651183661001,0.20413488163389998,0.0,0.0
2025-03-12,104231.37383490882,0.0030505216968273806,0.052466079372557095,3,0.8017992842505459,0.19820071574945405,0.0,0.0
2025-03-13,103298.92186975844,-0.008945981721657848,0.0609427005071409,3,0.7982520087570051,0.20174799124299492,0.0,0.0
2025-03-14,104891.82759018465,0.01542035184485825,0.04646210654647853,3,0.8023678330278925,0.1976321669721075,0.0,0.0
2025-03-17,105644.27587550307,0.00717356444830251,0.03962184101389121,3,0.8027961630989376,0.19720383690106227,0.0,0.0
2025-03-18,104748.29795608633,-0.008481083447177034,0.047766888321098655,3,0.8009118375370485,0.1990881624629515,0.0,0.0
2025-03-19,105769.38683211907,0.009748944284001321,0.03848449751668681,3,0.8009047014844504,0.1990952985155497,0.0,0.0
2025-03-20,105538.28876802172,-0.0021849239276024576,0.04058533574482337,3,0.800337402548972,0.19966259745102805,0.0,0.0
2025-03-21,105441.43242730401,-0.0009177365091698042,0.04146582560964318,3,0.8013368434964749,0.1986631565035251,0.0,0.0
2025-03-24,106739.80130589026,0.012313649849942961,0.029662771416996137,3,0.8057655714920837,0.19423442850791636,0.0,0.0
2025-03-25,106944.25888265128,0.0019154764601358152,0.027804113297251853,3,0.8061584844776204,0.19384151552237966,0.0,0.0
2025-03-26,106185.0531436191,-0.00649685860995886,0.03470580866977402,5,0.1989045664184669,0.5999538413365345,0.20114159224499858,0.0
2025-03-27,106229.545798179,0.0004190105221281155,0.03430134024665754,5,0.19829321976969064,0.597954112039985,0.20375266819032442,0.0
2025-03-28,106844.52605911404,0.0057891639874222975,0.02871075234291154,5,0.19318160955786243,0.602736943372763,0.2040814470693747,0.0
2025-03-31,107932.11930884262,0.010179213571754143,0.018823791651061628,5,0.1925187101204051,0.602554568341236,0.20492672153835897,0.0
2025-04-01,108510.59673385967,0.005359641121858878,0.013565039297005144,5,0.19203323894989746,0.6045357489910685,0.20343101205903402,0.0
2025-04-02,108323.217397066,-0.0007275574010638,0.015268444625979205,0,0.0,0.0,0.0,1.0
2025-04-03,108730.67264486078,0.003761476602945,0.011564399920258261,0,0.0,0.0,0.0,1.0
2025-04-04,108664.96794047712,-0.0006042885855978,0.012161700270984954,0,0.0,0.0,0.0,1.0
2025-04-07,108678.10048324497,0.0001208535097994,0.012042316545348375,0,0.0,0.0,0.0,1.0
2025-04-08,108612.3957788613,-0.0006045809053664,0.012639616896075179,0,0.0,0.0,0.0,1.0
2025-04-09,108546.67007920543,-0.0006051399491241,0.01323710810807388,0,0.0,0.0,0.0,1.0
2025-04-10,108533.5585317098,-0.0001207917984593,0.01335630097243834,0,0.0,0.0,0.0,1.0
2025-04-11,108336.37093510607,-0.0018168352652522,0.015148870039070506,0,0.0,0.0,0.0,1.0
2025-04-14,108572.94566237723,0.0021837054834785,0.012998245226164773,0,0.0,0.0,0.0,1.0
2025-04-15,108572.94566237723,0.0,0.012998245226164773,0,0.0,0.0,0.0,1.0
2025-04-16,109051.18679854483,0.00541020122213412,0.008650708759112669,5,0.19450211178429966,0.6001009648482453,0.20539692336745502,0.0
2025-04-17,108405.09710057582,-0.005924646186222379,0.014524102556677132,5,0.19594048934840777,0.5983456400326925,0.20571387061889979,0.0
2025-04-21,107455.57768554782,-0.008758992339143052,0.023155878392793317,5,0.19296676972445417,0.5930814789137864,0.2139517513617595,0.0
2025-04-22,108024.41556533697,0.005293702681993508,0.017984756046351635,5,0.19694478886210132,0.5932512875177436,0.20980392362015501,0.0
2025-04-23,108433.10732736962,0.003783327684707128,0.014269470587097266,5,0.1992426959553178,0.5967559950347578,0.20400130900992422,0.0
2025-04-24,108455.71937844275,0.0012097443112017,0.014063911698075193,0,0.0,0.0,0.0,1.0
2025-04-25,108547.42273104278,0.0008455372674265,0.013230265992115187,0,0.0,0.0,0.0,1.0
2025-04-28,108704.65389585793,0.0014485020543024,0.011800928005281208,0,0.0,0.0,0.0,1.0
2025-04-29,108770.19217410279,0.0006029022299969,0.011205140581094786,0,0.0,0.0,0.0,1.0
2025-04-30,108914.3303357106,0.0013251623328669,0.009894826878460439,0,0.0,0.0,0.0,1.0
2025-05-01,108176.58634099946,-0.005779396719960759,0.01660142043094681,5,0.20258821125781717,0.6004277976185108,0.19698399112367201,0.0
2025-05-02,107836.08596561583,-0.0031476346860334794,0.019696799910194462,5,0.20624466363070823,0.5958038990391399,0.1979514373301519,0.0
2025-05-05,107987.2439699598,0.0014017386016047689,0.018322671073351948,5,0.20477492642859602,0.591646635009176,0.20357843856222804,0.0
2025-05-06,108630.89515738908,0.005960437212457601,0.012471444991391634,5,0.20186019816990924,0.590096310710204,0.20804349111988674,0.0
2025-05-07,108655.23909768366,0.00022409776021187712,0.012250142054068935,5,0.20266368786601782,0.5924579425095293,0.20487836962445274,0.0
2025-05-08,108323.23900156222,-0.0020575945283983,0.015268248226447456,0,0.0,0.0,0.0,1.0
2025-05-09,108375.76427215314,0.0004848938332628,0.014790757872594318,0,0.0,0.0,0.0,1.0
2025-05-12,108178.71866433584,-0.0018181704105217,0.016582036164802805,0,0.0,0.0,0.0,1.0
2025-05-13,108152.42987624682,-0.0002430125667377,0.016821019088370415,0,0.0,0.0,0.0,1.0
2025-05-14,108073.62627868429,-0.0007286345545144,0.01753739726713499,0,0.0,0.0,0.0,1.0
2025-05-15,108283.79012775254,0.0019446358589496,0.01562686525978363,0,0.0,0.0,0.0,1.0
2025-05-16,108257.54318413322,-0.0002423903299686,0.01586546778872555,0,0.0,0.0,0.0,1.0
2025-05-19,108296.95021347319,0.0003640118571039,0.015507231150015177,0,0.0,0.0,0.0,1.0
2025-05-20,108310.08937695899,0.0001213253324299,0.015387787237559625,0,0.0,0.0,0.0,1.0
2025-05-21,108244.40402064742,-0.0006064564870126,0.015984911701181215,0,0.0,0.0,0.0,1.0
2025-05-22,108293.02659598431,0.00145064315131662,0.01554289949559573,5,0.19978909769312775,0.6022703421023925,0.19794056020447978,0.0
2025-05-23,108723.07746194805,0.003971177826326176,0.011633445287103195,5,0.19764054355504374,0.6008828527340221,0.2014766037109342,0.0
2025-05-27,109710.33337425768,0.009080463277496476,0.0026586190823268963,5,0.19993410987877283,0.603786452327324,0.19627943779390317,0.0
2025-05-28,109248.73005278566,-0.004207473510242239,0.006854906523206417,5,0.19961726415253908,0.603720620124735,0.1966621157227258,0.0
2025-05-29,110072.5245391902,0.007540540617785728,0.0,5,0.1989053877080789,0.6047478899246702,0.1963467223672508,0.0
2025-05-30,110095.65977825967,0.0012113931725614,0.0,0,0.0,0.0,0.0,1.0
2025-06-02,110004.78278816499,-0.000825436627363,0.0008254366273631186,0,0.0,0.0,0.0,1.0
2025-06-03,109978.0330485503,-0.000243168878086,0.0010684047849505163,0,0.0,0.0,0.0,1.0
2025-06-04,110178.51821040483,0.001822956424089,0.0,0,0.0,0.0,0.0,1.0
2025-06-05,110058.20802148747,-0.001091956861206,0.0010919568612060004,0,0.0,0.0,0.0,1.0
2025-06-06,110571.60140213152,0.0056704145519798,0.0,3,0.8036581499109394,0.19634185008906055,0.0,0.0
2025-06-09,110674.57797779601,0.000931311244105036,0.0,3,0.8036339963851056,0.19636600361489437,0.0,0.0
2025-06-10,111290.78884046574,0.005567772418281659,0.0,3,0.8037156349776152,0.19628436502238478,0.0,0.0
2025-06-11,111101.8100857671,-0.0016980628555842024,0.0016980628555840482,3,0.8027864754628619,0.19721352453713814,0.0,0.0
2025-06-12,111718.26863052387,0.005548591371111692,0.0,3,0.8015296097133667,0.1984703902866333,0.0,0.0
2025-06-13,111525.37651736451,-0.0007273215081519,0.0017265941866437817,0,0.0,0.0,0.0,1.0
2025-06-16,111511.82248299094,-0.0001215331864085,0.0018479175345591514,0,0.0,0.0,0.0,1.0
2025-06-17,111565.9526995066,0.0004854213240386,0.0013633932290968431,0,0.0,0.0,0.0,1.0
2025-06-18,111620.08291602225,0.0004851858045029,0.0008788689236345348,0,0.0,0.0,0.0,1.0
2025-06-20,111701.28898091806,0.000727521990437,0.0001519863296661761,0,0.0,0.0,0.0,1.0
2025-06-23,112543.61836409118,0.008549459603594801,0.0,3,0.8010534147816725,0.1989465852183276,0.0,0.0
2025-06-24,113702.12613154718,0.010293855700534814,0.0,3,0.8016507240071888,0.19834927599281107,0.0,0.0
2025-06-25,113781.59078464161,0.0006988844958139658,0.0,3,0.801539772864517,0.19846022713548286,0.0,0.0
2025-06-26,114608.66352985107,0.007268950447132313,0.0,3,0.8019813051700817,0.19801869482991824,0.0,0.0
2025-06-27,114920.81988622644,0.002723671551183172,0.0,3,0.8037765833538165,0.19622341664618348,0.0,0.0
2025-06-30,115586.13920601114,0.00579316996503884,0.0,3,0.7991951504082891,0.2008048495917108,0.0,0.0
2025-07-01,115613.78639794773,0.00023919123976726126,0.0,3,0.7987453867439601,0.20125461325603988,0.0,0.0
2025-07-02,115884.58299247845,0.002342251758787785,0.0,3,0.8004913594174252,0.19950864058257478,0.0,0.0
2025-07-03,116454.66631939713,0.004919406121137806,0.0,3,0.8028508030575704,0.19714919694242955,0.0,0.0
2025-07-07,115538.83222405844,-0.007864297106196287,0.007864297106196294,3,0.8031844626618326,0.1968155373381673,0.0,0.0
2025-07-08,115437.30202129424,0.0001213674384796,0.008736140253174596,0,0.0,0.0,0.0,1.0
2025-07-09,115535.37351028973,0.0008495649783759,0.007893997193603841,0,0.0,0.0,0.0,1.0
2025-07-10,115535.37351028973,0.0,0.007893997193603841,0,0.0,0.0,0.0,1.0
2025-07-11,115507.34516859356,-0.0002425953268216,0.008134677473596308,0,0.0,0.0,0.0,1.0
2025-07-14,115521.35379805343,0.0001212791224611,0.008014384917680584,0,0.0,0.0,0.0,1.0
2025-07-15,114849.55492402348,-0.004820185500594981,0.013783143656702856,3,0.8004397771333853,0.19956022286661465,0.0,0.0
2025-07-16,115189.24402791123,0.002957687594979888,0.010866222294736216,3,0.8007474260101896,0.19925257398981044,0.0,0.0
2025-07-17,115748.31927225935,0.004853536882425069,0.006065425022991344,3,0.8017564350238628,0.1982435649761373,0.0,0.0
2025-07-18,115715.39992498382,-0.0002844045380745245,0.006348104526664011,3,0.8013971232998012,0.19860287670019883,0.0,0.0
2025-07-21,116096.1347083985,0.0032902689154727036,0.003078722582187443,3,0.8002835391872065,0.19971646081279346,0.0,0.0
2025-07-22,116064.29034752726,0.0007264334007237,0.0033521711427105805,0,0.0,0.0,0.0,1.0
2025-07-23,115965.99475961518,-0.0008469063793675,0.004196238546952613,0,0.0,0.0,0.0,1.0
2025-07-24,115867.6769504783,-0.0008478158561971,0.005040496765573277,0,0.0,0.0,0.0,1.0
2025-07-25,115937.91824207774,0.0006062199005634,0.00443733251445777,0,0.0,0.0,0.0,1.0
2025-07-28,115923.86331739042,-0.0001212280235873,0.004558022608994405,0,0.0,0.0,0.0,1.0
2025-07-29,116983.85419002127,0.010154007933235001,0.0,5,0.1974673631130671,0.6039984765111301,0.19853416037580274,0.0
2025-07-30,116189.45559625608,-0.006790668671890441,0.006790668671890598,5,0.19856712058093112,0.604994147984903,0.196438731434166,0.0
2025-07-31,116295.0522978844,0.0009088320543927361,0.005888008194857686,5,0.19764263882310573,0.604792768522883,0.19756459265401133,0.0
2025-08-01,117384.61849550343,0.009368981535243254,0.0,5,0.1925987014788074,0.6076972296234673,0.19970406889772532,0.0
2025-08-04,118059.71348452388,0.005751136713421411,0.0,5,0.19440810811861123,0.6058735081358801,0.19971838374550857,0.0
2025-08-05,118175.4917944513,0.0009865551531433598,0.0,5,0.19878987799812567,0.6012465788245095,0.19996354317736487,0.0
2025-08-06,117895.05969524704,-0.0023730140230093285,0.002373014023009379,5,0.200789035846214,0.5991969289373746,0.20001403521641137,0.0
2025-08-07,117953.54315295744,0.0004960636846156954,0.0018781275044736923,5,0.20052137626195954,0.5978768798975294,0.201601743840511,0.0
2025-08-08,117826.98812671533,-0.0010729226342781654,0.002949035053242177,5,0.202302007090507,0.5959248361715002,0.20177315673799287,0.0
2025-08-11,117518.54556563872,-0.002617758172218519,0.0055590733648499535,5,0.2024318919317402,0.5981734130535047,0.19939469501475515,0.0
2025-08-12,117392.1430631854,-0.0010731669299211802,0.006628690258623338,5,0.2023463669919238,0.5976204573202072,0.20003317568786902,0.0
2025-08-13,118125.98137880336,0.006251170618999286,0.0004189567134110783,5,0.20177765932252426,0.5988256698349252,0.19939667084255067,0.0
2025-08-14,117454.42930879825,-0.005685049657717567,0.006101624581408394,5,0.2029502094016168,0.5977842020098534,0.19926558858852986,0.0
2025-08-15,116912.09473337447,-0.004617404201913317,0.010690855116341047,5,0.20341430887675335,0.5962784696984664,0.2003072214247802,0.0
2025-08-18,116668.64545254344,-0.0020823275931052647,0.012750920846843594,5,0.20379438970854738,0.5957937989850794,0.20041181130637314,0.0
2025-08-19,116820.13408603118,0.0013026636585313997,0.011469025326990567,5,0.1986561975852331,0.6026972279777668,0.1986465744370001,0.0
2025-08-20,117147.74730423866,0.002804424261028656,0.00869676507883932,5,0.19757426993987165,0.6023295746896729,0.2000961553704554,0.0
2025-08-21,116624.15735343278,-0.004469483731907241,0.013127378760706465,5,0.19766510049742925,0.6020378323207228,0.20029706718184795,0.0
2025-08-22,117748.32144501258,0.009639204407479571,0.0036147118404357137,5,0.19878450515869367,0.6007067069345535,0.2005087879067528,0.0
2025-08-25,117385.13906024722,-0.003084395431785101,0.006687958071532996,5,0.1985219327752307,0.6008346115720634,0.2006434556527059,0.0
2025-08-26,117613.18497164563,0.0019441962898909802,0.00475823552131871,5,0.20044770336163392,0.5984907902244377,0.20106150641392842,0.0
2025-08-27,117633.49538215259,0.00017268821103544506,0.004586369001463031,5,0.20086972614946397,0.5976976638033509,0.20143261004718513,0.0
2025-08-28,118355.47926205362,0.0061375705750777495,0.0,5,0.20035141922093638,0.5979594160170284,0.20168916476203533,0.0
2025-08-29,117941.3304070806,-0.003499194608946049,0.003499194608946099,5,0.1998559112789887,0.5957935811351257,0.2043505075858857,0.0
2025-09-02,117813.5723591334,-0.0010832339054193249,0.0045786380681233085,5,0.1985900479497162,0.5920012368478735,0.20940871520241028,0.0
2025-09-03,118746.90573575051,0.008125167449664641,0.0,2,0.3989264740633342,0.4011316884075023,0.1999418375291635,0.0
2025-09-04,119401.0498920013,0.005508725909089944,0.0,2,0.40005666665349066,0.40197556549973557,0.19796776784677375,0.0
2025-09-05,120309.96758497982,0.007612309052563831,0.0,2,0.39588443026127595,0.4050213029206395,0.1990942668180844,0.0
2025-09-08,121349.02248694283,0.008636482270091974,0.0,2,0.39345885075016185,0.4069037484007194,0.19963740084911882,0.0
2025-09-09,121123.79774037235,-0.001856007917943563,0.0018560079179436029,2,0.3951017942744405,0.40534358795372033,0.1995546177718392,0.0
2025-09-10,121493.16990197798,0.00345583990829786,0.0,3,0.7995496047179651,0.20045039528203484,0.0,0.0
2025-09-11,122463.2443014593,0.007984600288756848,0.0,3,0.7998078717236297,0.2001921282763703,0.0,0.0
2025-09-12,122324.63258422584,-0.0011318638341170598,0.0011318638341170084,3,0.8004462278245466,0.1995537721754534,0.0,0.0
2025-09-15,122902.90551380684,0.004727362897925243,0.0,3,0.8009214522676207,0.19907854773237937,0.0,0.0
2025-09-16,122818.94351637943,-0.0006831571399910676,0.0006831571399911196,3,0.8003655257795917,0.1996344742204083,0.0,0.0
2025-09-17,122337.82101009742,-0.00331895848144906,0.004597812406037294,5,0.20041670200102943,0.6004654685228604,0.19911782947611004,0.0
2025-09-18,121596.71554007608,-0.006057860634612523,0.01062782013386998,5,0.20258033352563978,0.5978908468602584,0.1995288196141019,0.0
2025-09-19,121837.49356288681,0.0019801359086164903,0.008668728753530863,5,0.2031813605603233,0.5955718682506872,0.20124677118898948,0.0
2025-09-22,122118.11520955662,0.0023032454006038693,0.00638544956255771,5,0.20367351152611834,0.5920673129453354,0.20425917552854633,0.0
2025-09-23,122590.04460524007,0.003864532259391776,0.0025455940789912423,5,0.20178501603999888,0.5939106694464262,0.2043043145135748,0.0
2025-09-24,122009.10437169661,-0.004732825386601401,0.007272416696526451,5,0.20031170748826047,0.6005584557102298,0.1991298368015098,0.0
2025-09-25,121997.54789090499,-9.471818395130911e-05,0.007366446050375508,5,0.1994064633410472,0.6006153449049525,0.19997819175400033,0.0
2025-09-26,122211.86324567917,0.0017567185445876465,0.005622668278172149,5,0.20019719828351032,0.5990229953666693,0.20077980634982046,0.0
2025-09-29,123286.54309798109,0.008793580457418671,0.0,5,0.1990098143728437,0.5986772672483036,0.20231291837885265,0.0
2025-09-30,123377.87532483305,0.0007408126187735312,0.0,5,0.1996115766834204,0.5964987957979151,0.2038896275186644,0.0
2025-10-01,123397.5944011456,0.001160987668592,0.0,0,0.0,0.0,0.0,1.0
2025-10-02,123427.38631525864,0.0002414302665916,0.0,0,0.0,0.0,0.0,1.0
2025-10-03,123382.65756925593,-0.0003623891531533,0.00036238915315334186,0,0.0,0.0,0.0,1.0
2025-10-06,123352.85397661912,-0.000241554147268,0.0006038557638184949,0,0.0,0.0,0.0,1.0
2025-10-07,123412.48451894024,0.0004834143710401,0.00012073330533257653,0,0.0,0.0,0.0,1.0
2025-10-08,123397.59440114562,-0.0001206532536207,0.0002413719920871804,0,0.0,0.0,0.0,1.0
2025-10-09,123382.65756925594,-0.0001210463782715,0.00036238915315323084,0,0.0,0.0,0.0,1.0
2025-10-10,123591.31775328478,0.0016911629895126,0.0,0,0.0,0.0,0.0,1.0
2025-10-13,123829.74649437914,0.0019291706361632,0.0,0,0.0,0.0,0.0,1.0
2025-10-14,123740.35907351627,-0.0007218574162786,0.0007218574162786151,0,0.0,0.0,0.0,1.0
2025-10-15,123680.7518882427,-0.0004817117528984,0.0012032214419755993,0,0.0,0.0,0.0,1.0
2025-10-16,123844.64829069754,0.0013251569056027,0.0,0,0.0,0.0,0.0,1.0
2025-10-17,123829.74649437917,-0.0001203265262089,0.0001203265262088582,0,0.0,0.0,0.0,1.0
2025-10-20,123844.64829069757,0.0001203410064243,0.0,0,0.0,0.0,0.0,1.0
2025-10-21,123874.4752403819,0.000240841651989,0.0,0,0.0,0.0,0.0,1.0
2025-10-22,123252.0551458362,-0.00402863191146424,0.005024603279552786,3,0.7990600589590904,0.20093994104090965,0.0,0.0
2025-10-23,123666.59124606087,0.003363319984678327,0.001678182643499615,3,0.8011040859265393,0.1988959140734608,0.0,0.0
2025-10-24,124487.00506020662,0.0066340780147595,0.0,3,0.8023284433977841,0.1976715566022159,0.0,0.0
2025-10-27,125748.7475797391,0.010135535985641726,0.0,3,0.8036486355208756,0.19635136447912444,0.0,0.0
2025-10-28,126081.7251496937,0.002647959334493339,0.0,3,0.8036550931648715,0.1963449068351284,0.0,0.0
2025-10-29,125874.85911638118,-0.0016370806082212802,0.0016407297177042368,3,0.8016966669210371,0.1983033330789629,0.0,0.0
2025-10-30,124619.76272285767,-0.009970985487761826,0.011595355513261518,3,0.8008649406325339,0.1991350593674662,0.0,0.0
2025-10-31,124873.15318289697,0.002033308798724079,0.009585623652926811,3,0.8018615234090617,0.1981384765909384,0.0,0.0
2025-11-03,124999.19621230982,0.00100936851677179,0.008585930562883815,3,0.80255633380836,0.1974436661916399,0.0,0.0
2025-11-04,123865.06347148215,-0.00907312026952046,0.01758114965178148,3,0.800304452849415,0.19969554715058502,0.0,0.0
2025-11-05,123651.48846588888,-0.000724980388714,0.01927509066773525,0,0.0,0.0,0.0,1.0
2025-11-06,123801.00503609187,0.0012091772776696,0.018089220391726002,0,0.0,0.0,0.0,1.0
2025-11-07,123860.83502613717,0.0004832754792891,0.01761468698909152,0,0.0,0.0,0.0,1.0
2025-11-10,123830.93171209659,-0.0002414267111495,0.01785186104429326,0,0.0,0.0,0.0,1.0
2025-11-11,123935.59331123867,0.0008451975422862,0.017021751851086897,0,0.0,0.0,0.0,1.0
2025-11-12,123890.75002115982,-0.0003618273724339,0.017377420287774337,0,0.0,0.0,0.0,1.0
2025-11-13,123815.99173605835,-0.0006034210390098,0.01797035542577874,0,0.0,0.0,0.0,1.0
2025-11-14,123860.8350261372,0.0003621768840202,0.0176146869890913,0,0.0,0.0,0.0,1.0
2025-11-17,123845.8833691169,-0.0001207133555747,0.017733274016692224,0,0.0,0.0,0.0,1.0
2025-11-18,123920.65333520043,0.0006037339639355,0.017140246232572376,0,0.0,0.0,0.0,1.0
2025-11-19,124129.2893753523,0.0026863123628768403,0.015485477947127735,3,0.8009389687727585,0.1990610312272414,0.0,0.0
2025-11-20,122711.20288930586,-0.011424269752792305,0.02673283742260113,3,0.7978456051055091,0.20215439489449089,0.0,0.0
2025-11-21,123761.51331393392,0.008559205678844986,0.01840244359763521,3,0.7989547129449829,0.201045287055017,0.0,0.0
2025-11-24,125358.65118870509,0.012904964007024141,0.005734962462879745,3,0.8003851217761091,0.19961487822389098,0.0,0.0
2025-11-25,126366.34010236427,0.008038447319780677,0.0,3,0.8014709056954389,0.19852909430456117,0.0,0.0
2025-11-26,126224.79446201911,-0.0001202416302095,0.0011201213885794203,0,0.0,0.0,0.0,1.0
2025-11-28,126224.79446201911,0.0,0.0011201213885794203,0,0.0,0.0,0.0,1.0
2025-12-01,126116.60485997598,-0.0008571184647537,0.001976279776608081,0,0.0,0.0,0.0,1.0
2025-12-02,126192.79806369658,0.0006041488652916,0.0013733248785009478,0,0.0,0.0,0.0,1.0
2025-12-03,126269.00313551746,0.000603878137185,0.0007702760621852711,0,0.0,0.0,0.0,1.0
2025-12-04,126177.55942295247,-0.0007241976280342,0.0014939158581223078,0,0.0,0.0,0.0,1.0
2025-12-05,126131.83163261985,-0.0003624082645262,0.0018557827151949313,0,0.0,0.0,0.0,1.0
2025-12-08,126101.35435113162,-0.000241630372712,0.0020969646744377624,0,0.0,0.0,0.0,1.0
2025-12-09,126040.38792005487,-0.0004834716596856,0.002579422511131968,0,0.0,0.0,0.0,1.0
2025-12-10,126253.76449477335,0.0016929222310377,0.0008908670418065201,0,0.0,0.0,0.0,1.0
2025-12-11,126328.02940856604,0.00158980921074602,0.00030317166554949537,3,0.8005887734191697,0.19941122658083038,0.0,0.0
2025-12-12,124997.79537388365,-0.010529999089752213,0.010829978357939418,3,0.8004090894055134,0.19959091059448658,0.0,0.0
2025-12-15,124863.78518387189,-0.0010721004287389503,0.011890467962237472,3,0.8000575665697028,0.1999424334302972,0.0,0.0
2025-12-16,124727.94312216202,-0.0010879220224650431,0.012965454082748962,3,0.7987405485982912,0.2012594514017087,0.0,0.0
2025-12-17,123608.85426443325,-0.008972238535455618,0.02182136347145358,3,0.7971033331458285,0.20289666685417154,0.0,0.0
2025-12-18,123574.5545887619,0.000723237649133,0.022092793946084543,0,0.0,0.0,0.0,1.0
2025-12-19,123552.17223654084,-0.0001811242799583,0.022269916684647062,0,0.0,0.0,0.0,1.0
2025-12-22,123492.44346336885,-0.0004834295673704,0.02274258031582921,0,0.0,0.0,0.0,1.0
2025-12-23,123432.73787233277,-0.0004834756634626,0.023215060495184847,0,0.0,0.0,0.0,1.0
2025-12-24,123507.39594103076,0.0006048481949352,0.02262425388768552,0,0.0,0.0,0.0,1.0
2025-12-26,123292.58530181808,-0.0007399932385684801,0.024324157826018045,3,0.800511245176467,0.19948875482353307,0.0,0.0
2025-12-29,123033.37231785095,-0.002102421514907604,0.026375439708180237,3,0.7993390480821987,0.20066095191780137,0.0,0.0
2025-12-30,122854.41003438103,-0.0014545832573587341,0.027791657692534,3,0.7995259326953834,0.20047406730461656,0.0,0.0
2025-12-31,121930.4410847613,-0.0075208447898707596,0.035103485738446016,3,0.7996160801659968,0.20038391983400317,0.0,0.0
