date,wealth,return,drawdown,action,w_SPY,w_TLT,w_GLD,w_SHY
2021-01-05,99651.59697758028,-0.0024865167409381396,0.0034840302241971877,5,0.20187939691139858,0.5970282583937376,0.20109234469486376,0.0
2021-01-06,98225.1141753928,-0.014314700872364474,0.017748858246072086,5,0.20603566070392842,0.5932649948804082,0.2006993444156635,0.0
2021-01-07,97966.11185634113,-0.0026368238024055365,0.020338881436588685,5,0.20964967399875106,0.5895901691793825,0.20076015682186643,0.0
2021-01-08,97223.88780955694,-0.007576334639804923,0.027761121904430586,5,0.21245381451825027,0.5921738145635745,0.19537237091817528,0.0
2021-01-11,96952.24837831664,-0.0027939577130714974,0.03047751621683359,5,0.21161297864317957,0.5928515441452384,0.1955354772115819,0.0
2021-01-12,97034.56584313384,0.0008606746067271601,0.029654341568661646,5,0.1998702256592172,0.5990080826307084,0.20112169171007446,0.0
2021-01-13,97657.33603797553,0.006418024231163856,0.023426639620244716,5,0.1991304033206591,0.6018912591760276,0.19897833750331329,0.0
2021-01-14,97028.49496840211,-0.006439260941224977,0.029715050315978875,5,0.19971916025070913,0.6001168839279138,0.20016395582137705,0.0
2021-01-15,96877.25590618174,-0.0015587076999351445,0.031227440938182527,5,0.19857214782759555,0.603438849423017,0.19798900274938755,0.0
2021-01-19,97379.50920891143,0.0051844294930904,0.0262049079108857,5,0.19909910460692268,0.6022641357328802,0.19863675966019717,0.0
2021-01-20,98023.43081696949,0.00661477503990104,0.019765691830305188,5,0.2014352674420653,0.5966439352997137,0.20192079725822093,0.0
2021-01-21,97618.56096669823,-0.004130337480507351,0.023814390333017688,5,0.20245512341444008,0.5949137846557436,0.20263109192981624,0.0
2021-01-22,97580.85401278936,-0.0003862682827473414,0.024191459872106358,5,0.20181649765590015,0.5970700706852403,0.2011134316588595,0.0
2021-01-25,98362.09842390545,0.00800612393711668,0.01637901576094547,5,0.2010031822873524,0.5993086304901016,0.19968818722254594,0.0
2021-01-26,98171.47131828088,-0.0019380138150676873,0.018285286817191215,5,0.20107910821280484,0.5993392622413009,0.19958162954589434,0.0
2021-01-27,97716.87309383314,-0.004629580988759581,0.022831269061668547,5,0.19601941751938967,0.6043233778939698,0.19965720458664044,0.0
2021-01-28,97573.26710466351,-0.0014696130220186766,0.02426732895336492,5,0.19799619771213106,0.6018673201237913,0.20013648216407767,0.0
2021-01-29,96825.29109948604,-0.007665788257096393,0.03174708900513956,5,0.19553133035641965,0.6028678794635886,0.20160079017999175,0.0
2021-02-01,97391.29189057407,0.005845588323679512,0.02608708109425939,5,0.19763074415436657,0.6000590059810265,0.20231024986460686,0.0
2021-02-02,97046.91651659232,-0.0035359975958495506,0.029530834834076813,5,0.20113650471042965,0.5983057436300411,0.2005577516595293,0.0
2021-02-03,96516.02024377466,-0.0054688265089572795,0.034839797562253416,5,0.20125791625680486,0.5979460912694868,0.20079599247370836,0.0
2021-02-04,96165.30981211999,-0.0036337017499153733,0.03834690187880008,5,0.2042876633841424,0.5985230501207233,0.19718928649513442,0.0
2021-02-05,95947.89147064478,-0.002260881204458996,0.04052108529355214,5,0.2055564340268821,0.594856352289815,0.1995872136833029,0.0
2021-02-08,96533.78234970146,0.0061063444967515345,0.03466217650298542,5,0.20578436653795418,0.5938421027909435,0.2003735306711022,0.0
2021-02-09,96626.14182510464,0.0009567580711651156,0.03373858174895361,5,0.20545080462432788,0.5937136140120257,0.20083558136364643,0.0
2021-02-10,97073.59107028424,0.00463704213596292,0.029264089297157625,5,0.19899015899346126,0.6012041252888481,0.19980571571769062,0.0
2021-02-11,96616.84716410587,-0.004705130418505675,0.03383152835894132,5,0.20025371380353493,0.6007395461778636,0.19900674001860147,0.0
2021-02-12,95933.17725967828,-0.007076094123278057,0.04066822740321718,5,0.202677107203699,0.5975066636948224,0.19981622910147848,0.0
2021-02-16,94768.40719339422,-0.012141472841363141,0.05231592806605778,5,0.20499050591975512,0.5956406940083018,0.1993688000719432,0.0
2021-02-17,94916.81380204247,0.0015659924340122422,0.05083186197957534,5,0.20471694234372742,0.5984858447498347,0.19679721290643779,0.0
2021-02-18,94603.97083268597,-0.0032912685673079935,0.053960291673140315,5,0.19980639213635784,0.5995452378742068,0.2006483699894355,0.0
2021-02-19,93895.39386764023,-0.007489928369908563,0.06104606132359769,5,0.20095871053958334,0.5960400545859463,0.2030012348744704,0.0
2021-02-22,93609.83601345481,-0.003041233892558765,0.06390163986545183,5,0.20002131094522224,0.593310168089639,0.20666852096513882,0.0
2021-02-23,93427.89478340675,-0.0019436123146494282,0.06572105216593249,5,0.2006541986538306,0.5927512323419005,0.20659456900426887,0.0
2021-02-24,93257.4974329974,-0.0018238380604034686,0.06742502567002595,5,0.20323601681685174,0.5899387828268277,0.2068252003563205,0.0
2021-02-25,91542.43437066907,-0.0183807422666513,0.08457565629330932,5,0.19883558867631654,0.6012531998103967,0.19991121151328675,0.0
2021-02-26,92825.64465092267,0.01401765518991652,0.07174355349077333,5,0.19507651781795987,0.6125434221908445,0.19238005999119556,0.0
2021-03-01,92482.70637473298,-0.0036944346304227118,0.07517293625267019,5,0.20054609874042512,0.6066946023759222,0.1927592988836527,0.0
2021-03-02,92439.08410923806,-0.00047168024385206147,0.07560915890761943,5,0.1990750724244692,0.6070240293989434,0.19390089817658737,0.0
2021-03-03,91389.1704064568,-0.011357898154210878,0.08610829593543201,5,0.19869497888606782,0.6073381537484182,0.19396686736551408,0.0
2021-03-04,90312.2070841415,-0.01118978824901458,0.09687792915858506,3,0.7990411080306,0.20095889196939992,0.0,0.0
2021-03-05,91675.11128794505,0.015091029748988221,0.08324888712054945,3,0.8016431743155147,0.19835682568448543,0.0,0.0
2021-03-08,91167.82848767204,-0.0055334844228295006,0.08832171512327958,3,0.80209031115875,0.19790968884125013,0.0,0.0
2021-03-09,92461.9124983884,0.014194524890886686,0.07538087501611601,3,0.8021559733643567,0.1978440266356432,0.0,0.0
2021-03-10,92960.23363986956,0.005389474736312197,0.0703976636013044,3,0.8028222757354391,0.19717772426456087,0.0,0.0
2021-03-11,93579.89813542887,0.006668750500156322,0.06420101864571126,3,0.8027580074531094,0.1972419925468907,0.0,0.0
2021-03-12,93289.37315291072,-0.003104566133398767,0.06710626847089285,3,0.8063424912590051,0.1936575087409948,0.0,0.0
2021-03-15,93844.19006750995,0.005947268116914454,0.06155809932490053,3,0.8063554704836383,0.19364452951636177,0.0,0.0
2021-03-16,93675.70329203493,-0.0017953884556285106,0.06324296707965071,3,0.8067868421387945,0.1932131578612056,0.0,0.0
2021-03-17,93797.97679312708,0.0013052851144437772,0.0620202320687292,3,0.8084825958575913,0.19151740414240861,0.0,0.0
2021-03-18,92515.43576195324,-0.013665073568608601,0.07484564238046765,3,0.7992825167332861,0.2007174832667139,0.0,0.0
2021-03-19,92493.70525213196,-0.00023488523447266863,0.07506294747868048,3,0.7979910787992767,0.20200892120072333,0.0,0.0
2021-03-22,93292.45665933438,0.008635738021577508,0.06707543340665623,3,0.7974762988663664,0.2025237011336336,0.0,0.0
2021-03-23,92877.43732699088,-0.004448584024954781,0.07122562673009114,3,0.7947350085537203,0.20526499144627966,0.0,0.0
2021-03-24,92604.8067029538,-0.0029353805604823958,0.07395193297046188,3,0.7930226908183795,0.2069773091816205,0.0,0.0
2021-03-25,92874.88174888377,0.0029234234901538603,0.07125118251116236,3,0.8021554459159768,0.1978445540840231,0.0,0.0
2021-03-26,94011.13726040286,0.01223426065393337,0.05988862739597145,3,0.8052306805144724,0.19476931948552767,0.0,0.0
2021-03-29,93817.4749851396,-0.0020599928998499555,0.06182525014860396,3,0.8064853466874446,0.19351465331255535,0.0,0.0
2021-03-30,93711.87126515292,-0.0011256295269448662,0.06288128734847076,3,0.8052521933203045,0.19474780667969552,0.0,0.0
2021-03-31,93915.91821914252,0.002177386399768393,0.060840817808574754,3,0.8067595262119874,0.19324047378801248,0.0,0.0
2021-04-01,95038.3850327044,0.01195866742992882,0.04961614967295591,3,0.7990833103060789,0.20091668969392107,0.0,0.0
2021-04-05,96045.1003498191,0.010592723316671236,0.039548996501808986,3,0.8020567337128048,0.1979432662871951,0.0,0.0
2021-04-06,96128.73688369113,0.0008708047944913896,0.03871263116308865,3,0.8008855045446802,0.19911449545531973,0.0,0.0
2021-04-07,96084.5207902261,-0.00045996748629429334,0.03915479209773898,3,0.8021813238960046,0.19781867610399542,0.0,0.0
2021-04-08,96607.31066708452,0.005440937547055943,0.033926893329154884,3,0.8016276138702184,0.19837238612978159,0.0,0.0
2021-04-09,97099.0401649807,0.0050916181653481,0.02900959835019301,3,0.8017340220302547,0.19826597796974532,0.0,0.0
2021-04-12,97119.01889941291,0.000205756250507447,0.028809811005870878,3,0.8018612307768913,0.19813876922310872,0.0,0.0
2021-04-13,97494.03256577857,0.0038613823596597156,0.025059674342214233,3,0.8011444265701955,0.19885557342980462,0.0,0.0
2021-04-14,97165.67504125227,-0.003367975617428285,0.02834324958747736,3,0.8011063254823709,0.19889367451762902,0.0,0.0
2021-04-15,98325.260475737,0.011934105680760532,0.016747395242630025,3,0.8001628881470723,0.19983711185292777,0.0,0.0
2021-04-16,98435.42886544554,0.00112061156149136,0.0156457113455446,3,0.8017754153398012,0.19822458466019877,0.0,0.0
2021-04-19,97991.64309926316,-0.004508394703994338,0.020083569007368296,3,0.801449573498981,0.19855042650101892,0.0,0.0
2021-04-20,97506.31429751505,-0.0049527570555836205,0.02493685702484949,3,0.7995416423894991,0.20045835761050088,0.0,0.0
2021-04-21,98283.22428228299,0.00796779152576106,0.017167757177170118,3,0.8007270455743012,0.19927295442569884,0.0,0.0
2021-04-22,97649.9489552459,-0.006443371507819482,0.02350051044754098,3,0.7985594352689309,0.2014405647310691,0.0,0.0
2021-04-23,98450.8934905857,0.008203653652662601,0.015491065094142997,3,0.8020937176027194,0.1979062823972807,0.0,0.0
2021-04-26,98587.90801179584,0.0013917041923366459,0.014120919882041671,3,0.8026509075465124,0.1973490924534877,0.0,0.0
2021-04-27,98401.14797141205,-0.001894350373693182,0.015988520285879493,3,0.8040011343471605,0.19599886565283953,0.0,0.0
2021-04-28,98390.929782046,-0.00010384217640438756,0.016090702179539895,3,0.8038536006546418,0.19614639934535824,0.0,0.0
2021-04-29,98837.94538650739,0.004543260292911103,0.011620546134926135,3,0.8053176524844693,0.19468234751553082,0.0,0.0
2021-04-30,98363.61770516224,-0.00479375216850948,0.016363822948377682,3,0.7985717676725171,0.20142823232748286,0.0,0.0
2021-05-03,98544.89748914183,0.0018429556395837962,0.014551025108581639,3,0.7988218401264081,0.20117815987359192,0.0,0.0
2021-05-04,98193.78032765527,-0.003563017167126707,0.01806219672344722,3,0.796732277086051,0.20326772291394907,0.0,0.0
2021-05-05,98251.16949455977,0.0005844480853369245,0.017488305054402353,3,0.7965159993851376,0.20348400061486224,0.0,0.0
2021-05-06,98909.03575192155,0.006695760068262729,0.01090964248078452,3,0.7975366640099066,0.20246333599009328,0.0,0.0
2021-05-07,99387.12401819053,0.0048360909305733,0.006128759818094687,3,0.8019441637077016,0.19805583629229845,0.0,0.0
2021-05-10,98398.52584919434,-0.009946944121405975,0.016014741508056596,3,0.8019801934152008,0.19801980658479926,0.0,0.0
2021-05-11,97583.96558284455,-0.008278175504358509,0.024160344171554438,3,0.8014573061442066,0.19854269385579337,0.0,0.0
2021-05-12,95718.80487415155,-0.019113393246040663,0.04281195125848447,3,0.7997153957485195,0.20028460425148045,0.0,0.0
2021-05-13,96668.0241532273,0.009916748128267603,0.033319758467726945,3,0.8013748938882205,0.19862510611177941,0.0,0.0
2021-05-14,98036.17370946583,0.014154466875117361,0.019638262905341652,3,0.8009473447619095,0.19905265523809054,0.0,0.0
2021-05-17,97795.09236562879,-0.0024591060086809227,0.022049076343712115,3,0.8008787360036477,0.19912126399635238,0.0,0.0
2021-05-18,97070.49062691271,-0.0074093875386609396,0.029295093730872912,3,0.799905562555624,0.2000944374443761,0.0,0.0
2021-05-19,96819.9278141475,-0.0025812459702944605,0.031800721858525116,3,0.7998729718387505,0.20012702816124953,0.0,0.0
2021-05-20,97812.49939065993,0.010251728119625703,0.021875006093400762,3,0.8002737921174861,0.199726207882514,0.0,0.0
2021-05-21,97692.00564612799,-0.0002321170528492,0.023079943538720116,0,0.0,0.0,0.0,1.0
2021-05-24,97714.68689126926,0.0002321709436843,0.022853131087307466,0,0.0,0.0,0.0,1.0
2021-05-25,97714.68689126926,0.0,0.022853131087307466,0,0.0,0.0,0.0,1.0
2021-05-26,97737.30855345482,0.0002315072882619,0.02262691446545184,0,0.0,0.0,0.0,1.0
2021-05-27,97737.30855345482,0.0,0.02262691446545184,0,0.0,0.0,0.0,1.0
2021-05-28,97748.30738758591,0.00111364830158688,0.022516926124140912,3,0.8005394969783367,0.19946050302166327,0.0,0.0
2021-06-01,97675.00156875362,-0.000749944636295469,0.023249984312463834,3,0.8004345874998,0.19956541250019993,0.0,0.0
2021-06-02,97843.07680235627,0.0017207599785329572,0.021569231976437342,3,0.8003161107816127,0.19968388921838737,0.0,0.0
2021-06-03,97479.1308522248,-0.0037196903656928387,0.025208691477751954,3,0.8003229030760497,0.19967709692395025,0.0,0.0
2021-06-04,98459.19605023712,0.010054102754548102,0.015408039497628812,3,0.7996032901250307,0.20039670987496913,0.0,0.0
2021-06-07,98322.2220485788,-0.0013907791424232,0.016777779514212,3,0.8003369260735951,0.19966307392640495,0.0,0.0
2021-06-08,98476.92115043715,0.0015733889921845593,0.015230788495628533,3,0.7992498603450635,0.20075013965493638,0.0,0.0
2021-06-09,98534.02108973557,0.0005798306713020819,0.014659789102644316,3,0.7975948923955555,0.2024051076044445,0.0,0.0
2021-06-10,99019.00296749861,0.004921973876630643,0.00980997032501385,3,0.7973780004960588,0.2026219995039413,0.0,0.0
2021-06-11,99117.07872524779,0.0009904740990106893,0.00882921274752213,3,0.7979050702220196,0.2020949297779804,0.0,0.0
2021-06-14,99142.59047466626,0.00025948551903866,0.00857409525333741,3,0.8015833417433255,0.19841665825667443,0.0,0.0
2021-06-15,98973.14887999241,-0.0017090696729085992,0.01026851120007588,3,0.8014829127726691,0.1985170872273308,0.0,0.0
2021-06-16,98513.52805948856,-0.0046438940834465,0.014864719405114468,3,0.8007264113821781,0.19927358861782193,0.0,0.0
2021-06-17,98781.28242160838,0.0027179451126564747,0.012187175783916149,3,0.7982911659237456,0.2017088340762543,0.0,0.0
2021-06-18,98092.19456383155,-0.0069758950368323846,0.019078054361684527,3,0.793054113431396,0.2069458865686039,0.0,0.0
2021-06-21,98016.8555859246,0.0002321896533235,0.019831444140753995,0,0.0,0.0,0.0,1.0
2021-06-22,98073.75858652877,0.0005805430123626,0.019262414134712302,0,0.0,0.0,0.0,1.0
2021-06-23,98005.48895707718,-0.0006961049564687,0.019945110429228197,0,0.0,0.0,0.0,1.0
2021-06-24,98016.85558592461,0.0001159795126619,0.019831444140753884,0,0.0,0.0,0.0,1.0
2021-06-25,98005.48895707718,-0.0001159660629745,0.019945110429228197,0,0.0,0.0,0.0,1.0
2021-06-28,98039.63874102446,0.0003484476666633,0.019603612589755404,0,0.0,0.0,0.0,1.0
2021-06-29,98028.23219425307,-0.0001163462750156,0.019717678057469268,0,0.0,0.0,0.0,1.0
2021-06-30,98051.0253288339,0.0002325160218707,0.019489746711661038,0,0.0,0.0,0.0,1.0
2021-07-01,98031.6451767516,-0.000197653742195,0.01968354823248397,0,0.0,0.0,0.0,1.0
2021-07-02,98077.21148695129,0.0004648122564661,0.01922788513048712,0,0.0,0.0,0.0,1.0
2021-07-06,98111.34131193659,0.0003479893490838,0.01888658688063416,0,0.0,0.0,0.0,1.0
2021-07-07,98122.75783818899,0.00011636296171,0.018772421618110102,0,0.0,0.0,0.0,1.0
2021-07-08,98168.25429202175,0.0004636687230885,0.018317457079782495,0,0.0,0.0,0.0,1.0
2021-07-09,98134.12446703645,-0.0003476666182101,0.018658755329635457,0,0.0,0.0,0.0,1.0
2021-07-12,98111.34131193662,-0.0002321634316663,0.018886586880633827,0,0.0,0.0,0.0,1.0
2021-07-13,98031.64517675164,-0.0008123029827061,0.01968354823248364,0,0.0,0.0,0.0,1.0
2021-07-14,98099.99464205116,0.0006972183846989,0.01900005357948842,0,0.0,0.0,0.0,1.0
2021-07-15,98111.34131193662,0.0001156643272699,0.018886586880633827,0,0.0,0.0,0.0,1.0
2021-07-16,98099.99464205116,-0.0001156509505806,0.01900005357948842,0,0.0,0.0,0.0,1.0
2021-07-19,98145.46115744094,0.0004634711302042,0.018545388425590614,0,0.0,0.0,0.0,1.0
2021-07-20,98190.99752919766,0.0004639681878275,0.018090024708023456,0,0.0,0.0,0.0,1.0
2021-07-21,98156.83776576938,-0.0003478909909039,0.01843162234230622,0,0.0,0.0,0.0,1.0
2021-07-22,98168.25429202177,0.0001163090265767,0.018317457079782273,0,0.0,0.0,0.0,1.0
2021-07-23,98179.63090035021,0.0001158888727368,0.01820369099649788,0,0.0,0.0,0.0,1.0
2021-07-26,98156.83776576938,-0.0002321574686298,0.01843162234230622,0,0.0,0.0,0.0,1.0
2021-07-27,98179.63090035021,0.0002322113782355,0.01820369099649788,0,0.0,0.0,0.0,1.0
2021-07-28,98190.99752919764,0.0001157737989356,0.018090024708023567,0,0.0,0.0,0.0,1.0
2021-07-29,98190.99752919764,0.0,0.018090024708023567,0,0.0,0.0,0.0,1.0
2021-07-30,98213.7707048165,0.0002319273272692,0.017862292951834946,0,0.0,0.0,0.0,1.0
2021-08-02,98250.21576939146,0.0003710789669657,0.01749784230608542,0,0.0,0.0,0.0,1.0
2021-08-03,98250.21576939146,0.0,0.01749784230608542,0,0.0,0.0,0.0,1.0
2021-08-04,98216.03604700121,-0.0003478844511698,0.017839639529987905,0,0.0,0.0,0.0,1.0
2021-08-05,98170.4996752445,-0.0004636347951868,0.018295003247554953,0,0.0,0.0,0.0,1.0
2021-08-06,98136.40976818315,-0.0003472520479586,0.018635902318168474,0,0.0,0.0,0.0,1.0
2021-08-09,98102.2100868309,-0.0003484912626519,0.0189778991316909,0,0.0,0.0,0.0,1.0
2021-08-10,98068.0802618456,-0.0003479006737473,0.019319197381544084,0,0.0,0.0,0.0,1.0
2021-08-11,98113.63659256429,0.0004645378047276,0.018863634074357094,0,0.0,0.0,0.0,1.0
2021-08-12,98113.63659256429,0.0,0.018863634074357094,0,0.0,0.0,0.0,1.0
2021-08-13,98124.98326244975,0.0001156482450301,0.018750167375502502,0,0.0,0.0,0.0,1.0
2021-08-16,98147.75643806861,0.000232083357996,0.01852243561931388,0,0.0,0.0,0.0,1.0
2021-08-17,98124.98326244976,-0.0002320295078086,0.01875016737550239,0,0.0,0.0,0.0,1.0
2021-08-18,98124.98326244976,0.0,0.01875016737550239,0,0.0,0.0,0.0,1.0
2021-08-19,98124.98326244976,0.0,0.01875016737550239,0,0.0,0.0,0.0,1.0
2021-08-20,98124.98326244976,0.0,0.01875016737550239,0,0.0,0.0,0.0,1.0
2021-08-23,98124.98326244976,0.0,0.01875016737550239,0,0.0,0.0,0.0,1.0
2021-08-24,98113.6365925643,-0.0001156348720602,0.018863634074356983,0,0.0,0.0,0.0,1.0
2021-08-25,98102.21008683092,-0.0001164619529988,0.01897789913169079,0,0.0,0.0,0.0,1.0
2021-08-26,98102.21008683092,0.0,0.01897789913169079,0,0.0,0.0,0.0,1.0
2021-08-27,98170.49967524451,0.0006961065235242,0.018295003247554842,0,0.0,0.0,0.0,1.0
2021-08-30,98193.29280982536,0.000232179062511,0.01806707190174639,0,0.0,0.0,0.0,1.0
2021-08-31,98181.89624253496,-0.0001160625839535,0.018181037574650394,0,0.0,0.0,0.0,1.0
2021-09-01,98173.92263722407,-8.12125821159082e-05,0.018260773627759352,0,0.0,0.0,0.0,1.0
2021-09-02,98173.92263722407,0.0,0.018260773627759352,0,0.0,0.0,0.0,1.0
2021-09-03,98173.92263722407,0.0,0.018260773627759352,0,0.0,0.0,0.0,1.0
2021-09-07,98139.78283275777,-0.0003477481957449,0.018602171672422285,0,0.0,0.0,0.0,1.0
2021-09-08,98162.55600837663,0.0002320483596103,0.018374439916233665,0,0.0,0.0,0.0,1.0
2021-09-09,98185.28926607153,0.000231587874433,0.018147107339284707,0,0.0,0.0,0.0,1.0
2021-09-10,98151.19935901019,-0.0003471997415923,0.018488006409898117,0,0.0,0.0,0.0,1.0
2021-09-13,98173.9226372241,0.0002315129958909,0.01826077362775902,0,0.0,0.0,0.0,1.0
2021-09-14,98185.28926607153,0.0001157805305329,0.018147107339284707,0,0.0,0.0,0.0,1.0
2021-09-15,98185.28926607153,0.0,0.018147107339284707,0,0.0,0.0,0.0,1.0
2021-09-16,98151.19935901019,-0.0003471997415923,0.018488006409898117,0,0.0,0.0,0.0,1.0
2021-09-17,98128.42618339135,-0.000232021368741,0.018715738166086515,0,0.0,0.0,0.0,1.0
2021-09-20,98151.1993590102,0.0002320752151501,0.018488006409897895,0,0.0,0.0,0.0,1.0
2021-09-21,98173.92263722411,0.0002315129958909,0.01826077362775891,0,0.0,0.0,0.0,1.0
2021-09-22,98116.99967765796,-0.0005798175119933,0.018830003223420322,0,0.0,0.0,0.0,1.0
2021-09-23,98060.06673861084,-0.0005802556053912,0.019399332613891596,0,0.0,0.0,0.0,1.0
2021-09-24,98025.94689310652,-0.0003479484222183,0.019740531068934808,0,0.0,0.0,0.0,1.0
2021-09-27,98014.53036685415,-0.0001164643302536,0.019854696331458532,0,0.0,0.0,0.0,1.0
2021-09-28,98025.94689310653,0.0001164778957738,0.019740531068934697,0,0.0,0.0,0.0,1.0
2021-09-29,98060.06673861085,0.0003480695324629,0.019399332613891485,0,0.0,0.0,0.0,1.0
2021-09-30,98082.86985267267,0.0002325423061622,0.019171301473273394,0,0.0,0.0,0.0,1.0
2021-10-01,98129.52392630024,0.0004756597527952,0.01870476073699756,0,0.0,0.0,0.0,1.0
2021-10-04,98083.97757506256,-0.000464145238001,0.01916022424937447,0,0.0,0.0,0.0,1.0
2021-10-05,98072.58100777214,-0.0001161919364627,0.019274189922278584,0,0.0,0.0,0.0,1.0
2021-10-06,98061.20439944371,-0.000116001926446,0.019387956005562867,0,0.0,0.0,0.0,1.0
2021-10-07,98027.04463601545,-0.0003483514570056,0.01972955363984552,0,0.0,0.0,0.0,1.0
2021-10-08,97992.89485206816,-0.0003483710446855,0.020071051479318425,0,0.0,0.0,0.0,1.0
2021-10-11,97913.19871688317,-0.0008132848336126,0.020868012831168348,0,0.0,0.0,0.0,1.0
2021-10-12,97958.75504760187,0.0004652726222378,0.020412449523981357,0,0.0,0.0,0.0,1.0
2021-10-13,98850.58517790315,0.01011425333582948,0.011494148220968503,5,0.19870974450901416,0.5997696464224404,0.20152060906854558,0.0
2021-10-14,99449.99088938758,0.0060637548114223965,0.00550009110612415,5,0.20083433584794388,0.5983696192266331,0.2007960449254231,0.0
2021-10-15,98937.98914682631,-0.005148333730173445,0.010620108531736894,5,0.20341109385609438,0.5979614816174026,0.1986274245265031,0.0
2021-10-18,99226.25815326971,0.002913633164866558,0.0077374184673029145,5,0.2034206030907444,0.5990201658117755,0.19755923109748005,0.0
2021-10-19,98625.00497040823,-0.006059416066387774,0.013749950295917635,5,0.20623963577118076,0.5943579805559848,0.19940238367283453,0.0
2021-10-20,98475.28411732706,-0.001511851881645999,0.015247158826729446,5,0.20108955771409062,0.5968521683545056,0.2020582739314038,0.0
2021-10-21,98439.07250455314,-0.0003677228565369786,0.01560927495446851,5,0.20168823836079225,0.5963608165558338,0.20195094508337386,0.0
2021-10-22,99186.62533699164,0.007594066191591953,0.008133746630083594,5,0.19996074302741318,0.5983843651880563,0.2016548917845306,0.0
2021-10-25,99340.674655271,0.0015531259154747377,0.006593253447290004,5,0.2007213138632308,0.5965443923510878,0.20273429378568136,0.0
2021-10-26,99699.64586646981,0.0036135370777832508,0.003003541335301896,5,0.20017864273803068,0.5993117478146525,0.20050960944731688,0.0
2021-10-27,99649.27412694297,9.464323715500043e-05,0.0035072587305703395,3,0.7963804388622793,0.2036195611377207,0.0,0.0
2021-10-28,100346.32745180167,0.006995066757543252,0.0,3,0.7984792637303303,0.20152073626966968,0.0,0.0
2021-10-29,100570.71986763118,0.0022361796542806284,0.0,3,0.7983143003234955,0.2016856996765046,0.0,0.0
2021-11-01,100562.77721531682,-7.897579260462792e-05,7.897579260462972e-05,3,0.7997506596150384,0.20024934038496156,0.0,0.0
2021-11-02,100977.33010807839,0.004122329397028931,0.0,3,0.7996875311423152,0.20031246885768475,0.0,0.0
2021-11-03,100852.8763968176,-0.0002327243254361,0.001232491601110608,0,0.0,0.0,0.0,1.0
2021-11-04,100946.81279786136,0.0009314201478414,0.0003022194207784601,0,0.0,0.0,0.0,1.0
2021-11-05,100993.8170208883,0.0004656335522059,0.0,0,0.0,0.0,0.0,1.0
2021-11-08,100876.35277797033,-0.0011630835073168,0.0011630835073167534,0,0.0,0.0,0.0,1.0
2021-11-09,100935.10033764577,0.0005823719638708,0.0005813888906722742,0,0.0,0.0,0.0,1.0
2021-11-10,100735.41215389964,-0.0019783819808781,0.0025586206622452146,0,0.0,0.0,0.0,1.0
2021-11-11,100664.9830104415,-0.0006991498019637,0.003255981605079672,0,0.0,0.0,0.0,1.0
2021-11-12,100747.18636698106,0.0008166032922394,0.0024420371581383993,0,0.0,0.0,0.0,1.0
2021-11-15,100735.41215389966,-0.0001168689023088,0.0025586206622449925,0,0.0,0.0,0.0,1.0
2021-11-16,100735.41215389966,0.0,0.0025586206622449925,0,0.0,0.0,0.0,1.0
2021-11-17,100770.63187170087,0.0003496259860178,0.0022098892364991185,0,0.0,0.0,0.0,1.0
2021-11-18,100758.91941148527,-0.0001162289051686,0.0023258612886613017,0,0.0,0.0,0.0,1.0
2021-11-19,100735.41215389966,-0.000233302001678,0.0025586206622449925,0,0.0,0.0,0.0,1.0
2021-11-22,100617.97878741458,-0.001165760520299,0.003721398443589652,0,0.0,0.0,0.0,1.0
2021-11-23,100617.97878741458,0.0,0.003721398443589652,0,0.0,0.0,0.0,1.0
2021-11-24,100594.49211411759,-0.0002334242208008,0.003953953999858428,0,0.0,0.0,0.0,1.0
2021-11-26,100794.1597135751,0.0019848760629062,0.0019769260456002913,0,0.0,0.0,0.0,1.0
2021-11-29,100841.11247588052,0.0004658282031304,0.0015120187503774307,0,0.0,0.0,0.0,1.0
2021-11-30,100758.91941148529,-0.0008150749468863,0.0023258612886610797,0,0.0,0.0,0.0,1.0
2021-12-01,100770.64216384519,0.0001163445621328,0.002209787327841606,0,0.0,0.0,0.0,1.0
2021-12-02,100641.37283141291,-0.0012828074690851,0.0034897600652373795,0,0.0,0.0,0.0,1.0
2021-12-03,100700.15126752124,0.0005840384968396,0.0029077597226205842,0,0.0,0.0,0.0,1.0
2021-12-06,100617.8964502602,-0.0008168291330817,0.0037222137128487542,0,0.0,0.0,0.0,1.0
2021-12-07,100488.6477021165,-0.0012845502907883,0.005001982632929947,0,0.0,0.0,0.0,1.0
2021-12-08,100523.86741991772,0.0003504845433448,0.004653251207184073,0,0.0,0.0,0.0,1.0
2021-12-09,100488.64770211649,-0.000350361746968,0.005001982632930058,0,0.0,0.0,0.0,1.0
2021-12-10,100535.62104871051,0.0004674492857468,0.004536871520392283,0,0.0,0.0,0.0,1.0
2021-12-13,100594.39948481884,0.0005846528374242,0.0039548711777755985,0,0.0,0.0,0.0,1.0
2021-12-14,100535.62104871051,-0.0005843112182126,0.004536871520392283,0,0.0,0.0,0.0,1.0
2021-12-15,100570.88193508894,0.0003507302785878,0.004187732460016691,0,0.0,0.0,0.0,1.0
2021-12-16,100650.80043559345,0.0007946485003094,0.00339641173502625,0,0.0,0.0,0.0,1.0
2021-12-17,100603.85796543233,-0.0004663894371228,0.00386121712159182,0,0.0,0.0,0.0,1.0
2021-12-20,100627.30347015214,0.0002330477696776,0.0036290691999526503,0,0.0,0.0,0.0,1.0
2021-12-21,100568.53532618811,-0.0005840178752427,0.004210967633911933,0,0.0,0.0,0.0,1.0
2021-12-22,100556.7816973953,-0.0001168718302865,0.004327347320703834,0,0.0,0.0,0.0,1.0
2021-12-23,100545.01777645819,-0.000116987842476,0.004443828916153136,0,0.0,0.0,0.0,1.0
2021-12-27,100509.78776651267,-0.0003503904094367,0.004792662250556523,0,0.0,0.0,0.0,1.0
2021-12-28,100509.78776651267,0.0,0.004792662250556523,0,0.0,0.0,0.0,1.0
2021-12-29,100498.01355343126,-0.0001171449402397,0.004909245754663338,0,0.0,0.0,0.0,1.0
2021-12-30,100556.78169739532,0.0005847692097198,0.004327347320703723,0,0.0,0.0,0.0,1.0
2021-12-31,100545.0177764582,-0.000116987842476,0.004443828916153025,0,0.0,0.0,0.0,1.0
2022-01-03,100427.48148853013,-0.0011689916668909,0.0056076257840718124,0,0.0,0.0,0.0,1.0
2022-01-04,100486.25992463849,0.0005852823872225,0.005025625441454795,0,0.0,0.0,0.0,1.0
2022-01-05,100356.99059220622,-0.0012864378923967,0.006305598178850569,0,0.0,0.0,0.0,1.0
2022-01-06,100274.68431422365,-0.0008201349751211,0.00712056171236608,0,0.0,0.0,0.0,1.0
2022-01-07,100251.16676449374,-0.0002345312766702,0.007353422994607173,0,0.0,0.0,0.0,1.0
2022-01-10,100192.408912674,-0.0005861064136817,0.007935219519909276,0,0.0,0.0,0.0,1.0
2022-01-11,100227.65950690812,0.0003518289920032,0.007586182368190975,0,0.0,0.0,0.0,1.0
2022-01-12,100192.40891267401,-0.0003517052518989,0.007935219519909054,0,0.0,0.0,0.0,1.0
2022-01-13,100239.42342784526,0.0004692422877288,0.007469700772741339,0,0.0,0.0,0.0,1.0
2022-01-14,100110.10263469146,-0.0012901190842034,0.008750183053424565,0,0.0,0.0,0.0,1.0
2022-01-18,99957.35692110646,-0.0015257772149368,0.010262609438431936,0,0.0,0.0,0.0,1.0
2022-01-19,100004.29939126757,0.0004696249641551,0.009797804051866477,0,0.0,0.0,0.0,1.0
2022-01-20,99980.84359440346,-0.0002345478845098,0.010030053882163159,0,0.0,0.0,0.0,1.0
2022-01-21,100063.09841166451,0.0008227057734653,0.009215599891934767,0,0.0,0.0,0.0,1.0
2022-01-24,100121.86655562857,0.0005873108558189,0.008633701457975151,0,0.0,0.0,0.0,1.0
2022-01-25,100074.89320903455,-0.0004691617147182,0.009098812570513037,0,0.0,0.0,0.0,1.0
2022-01-26,99898.54760856522,-0.0017621362842825,0.010844915507021047,0,0.0,0.0,0.0,1.0
2022-01-27,99816.27220701556,-0.0008235895668077,0.011659573314564242,0,0.0,0.0,0.0,1.0
2022-01-28,99851.48163267247,0.0003527423422895,0.01131094379747588,0,0.0,0.0,0.0,1.0
2022-01-31,99851.48163267247,0.0,0.01131094379747588,0,0.0,0.0,0.0,1.0
2022-02-01,99843.30967009673,-8.184117493414966e-05,0.01139185927148001,0,0.0,0.0,0.0,1.0
2022-02-02,99866.79634339375,0.0002352353239754,0.01115930371521101,0,0.0,0.0,0.0,1.0
2022-02-03,99784.5209418441,-0.0008238514157073,0.011973961522754317,0,0.0,0.0,0.0,1.0
2022-02-04,99584.62691521193,-0.0020032568653475,0.013953231467475846,0,0.0,0.0,0.0,1.0
2022-02-07,99608.19592566337,0.000236673181208,0.013719860641947412,0,0.0,0.0,0.0,1.0
2022-02-08,99502.31034508508,-0.0010630207644491,0.01476829690964876,0,0.0,0.0,0.0,1.0
2022-02-09,99490.60817701378,-0.0001176069985783,0.01488416705315343,0,0.0,0.0,0.0,1.0
2022-02-10,98985.01688032557,-0.0050817992366543,0.019890327941038732,0,0.0,0.0,0.0,1.0
2022-02-11,99290.72444252591,0.0030884225899556,0.01686333508921778,0,0.0,0.0,0.0,1.0
2022-02-14,99079.08707924523,-0.0021314917830334,0.01895888281207392,0,0.0,0.0,0.0,1.0
2022-02-15,99114.33767347936,0.0003557823883251,0.01860984566035573,0,0.0,0.0,0.0,1.0
2022-02-16,99243.69963521036,0.0013051790968645,0.017328955745042895,0,0.0,0.0,0.0,1.0
2022-02-17,99302.44719488578,0.000591952535943,0.016747261128398527,0,0.0,0.0,0.0,1.0
2022-02-18,99314.2214079672,0.0001185692136902,0.016630677624291712,0,0.0,0.0,0.0,1.0
2022-02-22,99220.14091690323,-0.0009473013001582,0.017562224661913928,0,0.0,0.0,0.0,1.0
2022-02-23,99161.3727729392,-0.0005923005492731,0.01814412309587321,0,0.0,0.0,0.0,1.0
2022-02-24,99243.69963521037,0.0008302311673284,0.017328955745042784,0,0.0,0.0,0.0,1.0
2022-02-25,99243.69963521037,0.0,0.017328955745042784,0,0.0,0.0,0.0,1.0
2022-02-28,99420.04523567972,0.0017768946655307,0.015582852808534553,0,0.0,0.0,0.0,1.0
2022-03-01,99649.39537930401,0.0023068802984409,0.013311920286231183,0,0.0,0.0,0.0,1.0
2022-03-02,99320.07763807503,-0.0033047640678147,0.016572691598210287,0,0.0,0.0,0.0,1.0
2022-03-03,99320.07763807503,0.0,0.016572691598210287,0,0.0,0.0,0.0,1.0
2022-03-04,99425.91175793181,0.0010655863585049,0.01552476487379617,0,0.0,0.0,0.0,1.0
2022-03-07,99296.54979620081,-0.0013010890163719,0.016805654789109004,0,0.0,0.0,0.0,1.0
2022-03-08,98990.92435415913,-0.0020799859420801594,0.019831834520274816,5,0.19889735817496487,0.5952025730544602,0.20590006877057504,0.0
2022-03-09,98335.83971583152,-0.006617623207395488,0.02631821811930357,5,0.20559046978743703,0.5932961017645509,0.2011134284480121,0.0
2022-03-10,97468.05440471934,-0.008824710437414037,0.034910677902586174,5,0.20648430422181252,0.5899783887086737,0.20353730706951373,0.0
2022-03-11,97265.19375581066,-0.002081303973364762,0.0369193221433195,5,0.2042839965468477,0.5931876098431406,0.2025283936100117,0.0
2022-03-14,95475.88944823659,-0.018396141913480497,0.05463629096730194,5,0.2065915190275692,0.5901945904568576,0.20321389051557315,0.0
2022-03-15,95414.4873952118,0.000357241441425,0.055244269305342986,0,0.0,0.0,0.0,1.0
2022-03-16,95323.60063164405,-0.0009525467887419,0.05614419334276166,0,0.0,0.0,0.0,1.0
2022-03-17,95289.51685246122,-0.0003575586628807,0.05648167716294217,0,0.0,0.0,0.0,1.0
2022-03-18,95266.75787622157,-0.0002388402942045,0.056707027356756035,0,0.0,0.0,0.0,1.0
2022-03-21,94948.69894615166,-0.0033386139841471,0.059856318466370406,0,0.0,0.0,0.0,1.0
2022-03-22,94880.47173122967,-0.0007185692450687,0.060531876801866114,0,0.0,0.0,0.0,1.0
2022-03-23,94960.04363461363,0.0008386541712119,0.05974398794162539,0,0.0,0.0,0.0,1.0
2022-03-24,94937.32442941153,-0.0002392501554602,0.05996894433868283,0,0.0,0.0,0.0,1.0
2022-03-25,94675.96905613266,-0.0027529254152638,0.06255677972295015,0,0.0,0.0,0.0,1.0
2022-03-28,94585.04252152734,-0.0009603971896121,0.06345709755712514,0,0.0,0.0,0.0,1.0
2022-03-29,94630.56047400665,0.0004812383783507,0.06300639716949752,0,0.0,0.0,0.0,1.0
2022-03-30,94698.67831857537,0.0007198292415,0.06233192177508162,0,0.0,0.0,0.0,1.0
2022-03-31,94698.67831857537,0.0,0.06233192177508162,0,0.0,0.0,0.0,1.0
2022-04-01,94500.88700606543,-0.002088638574707,0.06429037149353356,0,0.0,0.0,0.0,1.0
2022-04-04,94557.77947528486,0.0006020310604679,0.06372704523359374,0,0.0,0.0,0.0,1.0
2022-04-05,94387.26115177682,-0.0018033241099175,0.06541544882638761,0,0.0,0.0,0.0,1.0
2022-04-06,94455.48836669883,0.0007228434652033,0.06473989049089168,0,0.0,0.0,0.0,1.0
2022-04-07,94523.66586782389,0.000721795020109,0.06406482440134131,0,0.0,0.0,0.0,1.0
2022-04-08,94409.95052870076,-0.0012030356427578,0.06519078777689735,0,0.0,0.0,0.0,1.0
2022-04-11,94432.70950494042,0.000241065439736,0.0649654375830836,0,0.0,0.0,0.0,1.0
2022-04-12,94671.42521509231,0.0025278922039126,0.06260177100236086,0,0.0,0.0,0.0,1.0
2022-04-13,94716.91333929343,0.0004804842020469,0.06215136596230075,0,0.0,0.0,0.0,1.0
2022-04-14,94546.41490130418,-0.0018000843986386,0.06383957265671636,0,0.0,0.0,0.0,1.0
2022-04-18,94546.41490130418,0.0,0.06383957265671636,0,0.0,0.0,0.0,1.0
2022-04-19,94330.39851083561,-0.0022847655375834,0.0659784797387597,0,0.0,0.0,0.0,1.0
2022-04-20,94559.47520764645,0.00343188231215452,0.06371025477639924,3,0.7966726026195624,0.20332739738043776,0.0,0.0
2022-04-21,93290.73529824076,-0.013417374690580902,0.07627280510701284,3,0.7954321179643346,0.20456788203566545,0.0,0.0
2022-04-22,91134.46129338777,-0.02311348493459303,0.09762335970984581,3,0.791909948163497,0.20809005183650295,0.0,0.0
2022-04-25,91742.53274066481,0.006672244929604567,0.0916024817470763,3,0.7912218982215196,0.20877810177848036,0.0,0.0
2022-04-26,89833.11695281637,-0.020812765146193662,0.11050874595385951,3,0.7846379059848267,0.21536209401517326,0.0,0.0
2022-04-27,89803.37655352945,-0.00031570551197669997,0.11080322337994564,3,0.8025027796451636,0.19749722035483636,0.0,0.0
2022-04-28,91650.17199237701,0.020564877510443468,0.09251700058607304,3,0.8061942389812287,0.1938057610187713,0.0,0.0
2022-04-29,88689.1821367052,-0.03230752099317496,0.12183552664058783,3,0.802321943779934,0.19767805622006593,0.0,0.0
2022-05-02,88813.6066566344,0.0014029278084603484,0.12060352528051,3,0.8060206027895387,0.19397939721046129,0.0,0.0
2022-05-03,89257.91102580153,0.0050026610323896156,0.1162042028044099,3,0.8056849503345443,0.1943150496654556,0.0,0.0
2022-05-04,91530.2710748418,0.02546418990678144,0.09370421106164517,3,0.8038917962774353,0.19610820372256466,0.0,0.0
2022-05-05,88423.22003952497,-0.03394561164116169,0.12446897594496686,3,0.8025626533119699,0.19743734668803012,0.0,0.0
2022-05-06,87742.39688402663,-0.0076995969519546995,0.13121021194912263,3,0.8039625763179884,0.19603742368201152,0.0,0.0
2022-05-09,85635.15972696457,-0.024016179542568197,0.15207522348370228,3,0.7973715133886264,0.20262848661137353,0.0,0.0
2022-05-10,85950.30220505667,0.003680059441669389,0.14895480990405796,3,0.7962835523939475,0.20371644760605231,0.0,0.0
2022-05-11,85188.95625771579,-0.00885429517229674,0.15649335008205134,3,0.7943243582152999,0.20567564178470019,0.0,0.0
2022-05-12,85085.63106095084,-0.0012128942682707341,0.15751643446298513,3,0.7944587019047364,0.20554129809526353,0.0,0.0
2022-05-13,86443.22455863692,0.01595561413552384,0.14407409177575603,3,0.8006771316745414,0.19932286832545876,0.0,0.0
2022-05-16,86144.56882431504,-0.003454935142074613,0.14703126027509217,3,0.8001930437836635,0.19980695621633648,0.0,0.0
2022-05-17,87354.53718600557,0.014045788123429812,0.13505064208100725,3,0.8053415283072196,0.19465847169278042,0.0,0.0
2022-05-18,84909.39609608585,-0.027985810700922844,0.15926144193040792,3,0.7898554566614047,0.2101445433385954,0.0,0.0
2022-05-19,84541.39397701295,-0.0043340564883591086,0.16290525033302317,3,0.7884351812161342,0.2115648187838658,0.0,0.0
2022-05-20,84773.4864686647,0.002745311861250553,0.16060716418777177,3,0.7866197049965534,0.21338029500344652,0.0,0.0
2022-05-23,85723.53585467054,0.011206916520497316,0.15120015874892068,3,0.7924566205321519,0.20754337946784807,0.0,0.0
2022-05-24,85556.02250593634,-0.0019541115174971776,0.15285880829475917,3,0.7879469369797991,0.21205306302020094,0.0,0.0
2022-05-25,86227.34396174067,0.00785871937765048,0.14621165428467287,3,0.8007748437771541,0.1992251562228458,0.0,0.0
2022-05-26,87529.27728991855,0.01509884531240527,0.13332043612318278,3,0.8046263102003274,0.19537368979967254,0.0,0.0
2022-05-27,89299.97468952171,0.02022977287631639,0.11578770538940986,3,0.8080328641062814,0.19196713589371864,0.0,0.0
2022-05-31,88532.34633763442,-0.0085960646075901,0.12338845140070809,3,0.8104659699771378,0.1895340300228622,0.0,0.0
2022-06-01,87932.7912563893,-0.00677215849401065,0.1293250037455027,3,0.8093918097881939,0.19060819021180617,0.0,0.0
2022-06-02,89280.68259157224,0.0153381898945325,0.11597872795414255,3,0.8029196030627107,0.19708039693728932,0.0,0.0
2022-06-03,88066.37433324404,-0.01360101897835219,0.12800231805250528,3,0.8006316766514215,0.19936832334857849,0.0,0.0
2022-06-06,87957.23358922078,-0.0012393009800796893,0.12908298563437004,3,0.8040659732390925,0.19593402676090754,0.0,0.0
2022-06-07,88821.74968508675,0.009828823174492286,0.12052289630051338,3,0.8038774997990961,0.19612250020090394,0.0,0.0
2022-06-08,87891.11135941926,-0.01047759505939742,0.12973770125708828,3,0.8035569899522069,0.19644301004779302,0.0,0.0
2022-06-09,86277.10034712937,-0.01836026532672014,0.14571898664563898,3,0.7955807027359368,0.20441929726406316,0.0,0.0
2022-06-10,84177.44620985883,-0.024336169491356707,0.1665089141798788,3,0.7917813257803937,0.20821867421960635,0.0,0.0
2022-06-13,81096.87876740974,-0.036596114293715586,0.197011449219345,3,0.7906537247299829,0.20934627527001706,0.0,0.0
2022-06-14,80689.5279143208,-0.005023015179871914,0.2010448728991796,3,0.7922507388602763,0.2077492611397237,0.0,0.0
2022-06-15,81913.60506375282,0.015170210820068123,0.18892455518528584,3,0.7915374187920606,0.20846258120793926,0.0,0.0
2022-06-16,81241.72302693504,-0.007813847314216497,0.1955772598422335,2,0.38980746973987285,0.40635110819286147,0.2038414220672657,0.0
2022-06-17,81280.19466774738,0.00047354535796320597,0.19519632918779173,2,0.39046294602293735,0.40746747159289837,0.2020695823841642,0.0
2022-06-21,81456.3256455976,0.002166960580867246,0.19345235135780448,2,0.3994267589708283,0.39969404676880554,0.20087919426036613,0.0
2022-06-22,82357.8796752996,0.011067943742325247,0.1845255273571279,2,0.39433811448529654,0.4061898946402639,0.19947199087443962,0.0
2022-06-23,82850.36103972227,0.005979772261795698,0.1796491757254156,2,0.39583659723114023,0.4070924663681661,0.1970709364006936,0.0
2022-06-24,84694.04679609202,0.02266652561499856,0.1613937437519074,3,0.8071400384423667,0.1928599615576332,0.0,0.0
2022-06-27,84293.61698520278,-0.004727956993875991,0.16535863806624373,3,0.8078764882401542,0.1921235117598457,0.0,0.0
2022-06-28,82977.62527625597,-0.01561199715961668,0.17838905663805216,3,0.8039201122627679,0.19607988773723206,0.0,0.0
2022-06-29,83177.24642871678,0.002405722648680515,0.1764124885832027,3,0.8013376092088975,0.1986623907911026,0.0,0.0
2022-06-30,82780.85238627426,-0.0047656547849564655,0.18033742234781658,3,0.798633289541876,0.20136671045812404,0.0,0.0
2022-07-01,83651.14463135328,0.01051458818118892,0.1717201399165661,3,0.8000491106839676,0.1999508893160325,0.0,0.0
2022-07-05,83908.95867907739,0.003082014584023758,0.1691673693081358,3,0.7990972858778417,0.2009027141221584,0.0,0.0
2022-07-06,83852.35210912029,-0.0006746189065890835,0.1697278647090117,3,0.8023372122527095,0.1976627877472905,0.0,0.0
2022-07-07,84714.13862740103,0.010277428081674558,0.16119480255034013,3,0.8060697951959609,0.19393020480403916,0.0,0.0
2022-07-08,84475.99216666045,-0.0028111772674455178,0.16355283265322573,3,0.8076771880225061,0.19232281197749387,0.0,0.0
2022-07-11,83994.68717762592,-0.00568990228761406,0.16831852032829386,3,0.7953867953431428,0.20461320465685717,0.0,0.0
2022-07-12,83505.62579346338,-0.005822527597826696,0.1731610086962837,3,0.7929655759716909,0.20703442402830904,0.0,0.0
2022-07-13,83356.10365419993,-0.0017905636637375647,0.17464151654987348,3,0.7902159558597414,0.2097840441402587,0.0,0.0
2022-07-14,83053.48034166242,-0.0036304877420007984,0.17763797040679552,3,0.791169391394655,0.208830608605345,0.0,0.0
2022-07-15,84406.49021430658,0.016290826911505532,0.1642410129240981,3,0.7933603526949892,0.2066396473050109,0.0,0.0
2022-07-18,83672.49782605655,-0.008689341623190941,0.1715087092039428,3,0.8003489656539334,0.1996510343460666,0.0,0.0
2022-07-19,85391.786994596,0.02054784084626723,0.15448500201814697,3,0.8054240703648233,0.19457592963517656,0.0,0.0
2022-07-20,85873.6965087889,0.00564351129252504,0.14971332857903707,3,0.8060082160332419,0.19399178396675812,0.0,0.0
2022-07-21,86866.3271663284,0.011559193302432358,0.1398847005816004,3,0.8049118554695095,0.19508814453049064,0.0,0.0
2022-07-22,86502.49466432216,-0.0041884181578160035,0.1434872231194998,3,0.8007979226835538,0.19920207731644618,0.0,0.0
2022-07-25,86417.22099018081,-0.0009849972553520401,0.14433156861169671,3,0.8017616973452887,0.1982383026547113,0.0,0.0
2022-07-26,85610.62873476055,-0.009333698146945709,0.15231811946414575,3,0.7997404664905302,0.20025953350946982,0.0,0.0
2022-07-27,87292.14039266336,0.01964138895781842,0.1356684699360462,3,0.8047014870021996,0.1952985129978005,0.0,0.0
2022-07-28,88308.87468282953,0.01164748951729939,0.12560117750015498,3,0.805413199327896,0.19458680067210407,0.0,0.0
2022-07-29,89299.08626504167,0.011213047225078812,0.11579650220991089,3,0.8080938987893356,0.19190610121066445,0.0,0.0
2022-08-01,89981.96743842671,0.007856852723376561,0.10903488854356336,1,0.5935597893781257,0.40644021062187413,0.0,0.0
2022-08-02,88855.7516133331,-0.01251601689932226,0.12018622293525871,1,0.5971174573504372,0.40288254264956275,0.0,0.0
2022-08-03,90250.24054281179,0.01569385103563116,0.10637855657890849,1,0.597097264687033,0.40290273531296705,0.0,0.0
2022-08-04,90201.63313913492,-0.0005385847548385039,0.10685984746493193,1,0.597015375439087,0.402984624560913,0.0,0.0
2022-08-05,89245.3671928472,-0.010601426082969954,0.1163284067737651,1,0.6023924696103169,0.39760753038968305,0.0,0.0
2022-08-08,89759.20932325633,0.005760039913249981,0.11124054946164019,1,0.5958713292851087,0.40412867071489134,0.0,0.0
2022-08-09,89405.8234073809,-0.003937043547283982,0.11473963412146981,1,0.5958509788092462,0.40414902119075385,0.0,0.0
2022-08-10,90288.76055617045,0.009875611175419869,0.1059971469590435,1,0.6024169725704199,0.3975830274295799,0.0,0.0
2022-08-11,89452.02123803875,-0.009267369636901331,0.11428220185461835,1,0.6080520153551793,0.39194798464482067,0.0,0.0
2022-08-12,90728.36524000282,0.01426847581864704,0.10164435886963552,1,0.6096470857174721,0.39035291428252783,0.0,0.0
2022-08-15,90714.47552180816,0.0008477565136821,0.10178188925124088,0,0.0,0.0,0.0,1.0
2022-08-16,90637.63687476281,-0.0008470384313346,0.10254271451076591,0,0.0,0.0,0.0,1.0
2022-08-17,90560.76950656858,-0.0008480733925185,0.10330382415551109,0,0.0,0.0,0.0,1.0
2022-08-18,90692.54213775872,0.0014550741110981,0.10199906476451914,0,0.0,0.0,0.0,1.0
2022-08-19,90626.63667473105,-0.0007266910980129,0.10265163405016198,0,0.0,0.0,0.0,1.0
2022-08-22,90505.8355224238,-0.0013329541593916,0.10384775828697801,0,0.0,0.0,0.0,1.0
2022-08-23,90549.78845396944,0.0004856364376055,0.10341255410476013,0,0.0,0.0,0.0,1.0
2022-08-24,90450.94940686054,-0.0010915436556667,0.10439121844307753,0,0.0,0.0,0.0,1.0
2022-08-25,90505.83552242383,0.000606805300809,0.10384775828697768,0,0.0,0.0,0.0,1.0
2022-08-26,90483.88299094178,-0.0002425537685535,0.10406512339040286,0,0.0,0.0,0.0,1.0
2022-08-29,90418.02539649562,-0.000727837845473,0.10471721870067863,0,0.0,0.0,0.0,1.0
2022-08-30,90374.0916123826,-0.0004858963013222,0.10515223329274936,0,0.0,0.0,0.0,1.0
2022-08-31,90363.10098606712,-0.0001216125785542,0.1052610580370722,0,0.0,0.0,0.0,1.0
2022-09-01,90297.14765445793,-0.0007298701670204,0.10591410129808243,0,0.0,0.0,0.0,1.0
2022-09-02,90495.04594415071,0.0021916338980061,0.10395459233475801,0,0.0,0.0,0.0,1.0
2022-09-06,90297.14765445795,-0.0021868411428278,0.10591410129808221,0,0.0,0.0,0.0,1.0
2022-09-07,90429.07346510893,0.0014610185822903,0.10460782518591494,0,0.0,0.0,0.0,1.0
2022-09-08,90319.12890708892,-0.0012158098475092,0.10569645180943654,0,0.0,0.0,0.0,1.0
2022-09-09,90242.19452288056,-0.0008518060917915,0.10645822501969604,0,0.0,0.0,0.0,1.0
2022-09-12,90231.14645426726,-0.0001224268610898,0.10656761853445951,0,0.0,0.0,0.0,1.0
2022-09-13,87047.24757078076,-0.03432034971542034,0.13809329978312435,3,0.7924100139101825,0.20758998608981755,0.0,0.0
2022-09-14,87372.54580283428,0.0037370306486600915,0.13487232802812832,3,0.7924720790997988,0.2075279209002012,0.0,0.0
2022-09-15,86574.69296068665,-0.009131619490040708,0.14277234473888012,3,0.790695334088747,0.20930466591125296,0.0,0.0
2022-09-16,85901.39968845485,-0.007777021773990324,0.1494390228791126,3,0.7908132123928389,0.20918678760716106,0.0,0.0
2022-09-19,86470.18367541688,0.0066213587790755766,0.14380715348611428,3,0.7917038989541655,0.2082961010458345,0.0,0.0
2022-09-20,86341.40963336882,-0.0004897203033149,0.1450822220580984,0,0.0,0.0,0.0,1.0
2022-09-21,86267.26723468215,-0.0008587119321018,0.14581635015498318,0,0.0,0.0,0.0,1.0
2022-09-22,86108.37881108203,-0.0018418158902366,0.14738959917444794,0,0.0,0.0,0.0,1.0
2022-09-23,86002.53618024952,-0.0012291792308009,0.14843761017110746,0,0.0,0.0,0.0,1.0
2022-09-26,85811.91064232535,-0.0022165106564373,0.15032510728278448,0,0.0,0.0,0.0,1.0
2022-09-27,85811.91064232535,0.0,0.15032510728278448,0,0.0,0.0,0.0,1.0
2022-09-28,86182.53965085778,0.0043190858443562,0.14665528848134468,0,0.0,0.0,0.0,1.0
2022-09-29,86066.05651162029,-0.0013515862924136,0.14780865749613692,0,0.0,0.0,0.0,1.0
2022-09-30,85991.94177456727,-0.000861137828977,0.1485425116986937,0,0.0,0.0,0.0,1.0
2022-10-03,86180.66788031516,0.0021946952453131,0.14667382199753243,0,0.0,0.0,0.0,1.0
2022-10-04,86212.48797954009,0.0003692254888199,0.14635875222233674,0,0.0,0.0,0.0,1.0
2022-10-05,86127.64052863664,-0.0009841665968809,0.1471988774241192,0,0.0,0.0,0.0,1.0
2022-10-06,86021.60426636867,-0.0012311525268442,0.14824880568107413,0,0.0,0.0,0.0,1.0
2022-10-07,85915.61410682344,-0.0012321341882561,0.14929827744748236,0,0.0,0.0,0.0,1.0
2022-10-10,85883.78478705397,-0.0003704718880307,0.14961343852078746,0,0.0,0.0,0.0,1.0
2022-10-11,85926.16240978298,0.0004934298463217,0.1491938324104426,0,0.0,0.0,0.0,1.0
2022-10-12,86011.02830177553,0.0009876606799663,0.14835352461244156,0,0.0,0.0,0.0,1.0
2022-10-13,85756.52283124333,-0.0029589864876309,0.15087353502535183,0,0.0,0.0,0.0,1.0
2022-10-14,85714.11754688069,-0.0004944846521597,0.15129341503002447,0,0.0,0.0,0.0,1.0
2022-10-17,85809.57784455549,0.0011137056579109,0.1503482057044372,0,0.0,0.0,0.0,1.0
2022-10-18,85851.97390837358,0.0004940714647831,0.14992841699787396,0,0.0,0.0,0.0,1.0
2022-10-19,85692.9287355162,-0.0018525511484119,0.15150321808519684,0,0.0,0.0,0.0,1.0
2022-10-20,85597.48687893049,-0.0011137658380224,0.15244824481456543,0,0.0,0.0,0.0,1.0
2022-10-21,85820.1999118714,0.0026018641558474,0.15024303028252284,0,0.0,0.0,0.0,1.0
2022-10-24,85798.95577723962,-0.0002475423577851,0.1504533811263511,0,0.0,0.0,0.0,1.0
2022-10-25,85883.78478705398,0.0009886951309128,0.14961343852078723,0,0.0,0.0,0.0,1.0
2022-10-26,85958.000950097,0.0008641463953531,0.1488785800390282,0,0.0,0.0,0.0,1.0
2022-10-27,86138.2164932298,0.0020965534463444,0.14709415849275154,0,0.0,0.0,0.0,1.0
2022-10-28,86011.02830177551,-0.0014765593790101,0.14835352461244167,0,0.0,0.0,0.0,1.0
2022-10-31,85883.78478705397,-0.0014793860419283,0.14961343852078746,0,0.0,0.0,0.0,1.0
2022-11-01,85657.92380549159,-0.0016314757720194604,0.15184982276909897,3,0.7978010020385792,0.2021989979614209,0.0,0.0
2022-11-02,83867.71160203211,-0.02089955165764492,0.1695757812115769,3,0.7943812905034073,0.2056187094965926,0.0,0.0
2022-11-03,83088.64649841617,-0.009289213795563599,0.17728976932091634,3,0.7935734043136247,0.20642659568637528,0.0,0.0
2022-11-04,83749.52068252153,0.007953844622056176,0.1707460599771189,3,0.7986431127469491,0.20135688725305093,0.0,0.0
2022-11-07,84221.08026045967,0.005630594349617063,0.1660768674280284,3,0.8017681224478871,0.19823187755211288,0.0,0.0
2022-11-08,85126.10354035707,0.01115205335955916,0.1571156923126229,2,0.3977227707187833,0.3999141780003591,0.2023630512808576,0.0
2022-11-09,84454.06953365727,-0.00789457027574628,0.16376990171398464,2,0.39262846683700037,0.4044215885430044,0.2029499446199952,0.0
2022-11-10,88112.17827516061,0.04331477170612226,0.12754878591293772,2,0.3970086891561612,0.40254496715950006,0.20044634368433878,0.0
2022-11-11,88437.46905397633,0.003691780014788349,0.1243278879568932,2,0.399376750591946,0.3995948448646003,0.2010284045434537,0.0
2022-11-14,88089.25377591752,-0.003937417949469864,0.12777577504870186,2,0.39754463716177474,0.4001907771572032,0.20226458568102215,0.0
2022-11-15,89021.64722437564,0.010587126005308381,0.11854359157488303,2,0.39918539649294293,0.40221384124200654,0.19860076226505044,0.0
2022-11-16,89492.97041455927,0.005294478420463946,0.11387673964189649,2,0.3940538014120554,0.4088449920173429,0.1971012065706017,0.0
2022-11-17,88870.77984360504,-0.006952396015821752,0.12003741946673707,2,0.39559842107175947,0.40736289938592757,0.19703867954231305,0.0
2022-11-18,88660.72114532166,-0.0023636418927912577,0.12211733588617424,2,0.39833606967276936,0.4055199496888936,0.1961439806383371,0.0
2022-11-21,88586.63901239325,-0.0008355688062471776,0.12285086725585292,2,0.3972195945701791,0.4075697484792276,0.19521065695059342,0.0
2022-11-22,88563.55103864757,0.0007401142003709,0.12307947505013905,0,0.0,0.0,0.0,1.0
2022-11-23,88639.99774420126,0.0008631847374811,0.12232253063701837,0,0.0,0.0,0.0,1.0
2022-11-25,88650.90786919721,0.000123083543249,0.12221450298425929,0,0.0,0.0,0.0,1.0
2022-11-28,88672.75655565738,0.0002464575601686,0.1219981661123134,0,0.0,0.0,0.0,1.0
2022-11-29,88639.99774420128,-0.0003694349056978,0.12232253063701826,0,0.0,0.0,0.0,1.0
2022-11-30,89726.39207358663,0.013269523551450921,0.11156549261794169,5,0.20359851924050876,0.5964977243095699,0.19990375644992137,0.0
2022-12-01,91752.48420879101,0.0225807824028269,0.09150394632758485,5,0.19895606067305338,0.6019604532519088,0.1990834860750377,0.0
2022-12-02,92362.87451674473,0.0066525752759428155,0.08546010794263226,5,0.19741319788048547,0.6055024042659847,0.1970843978535298,0.0
2022-12-05,90939.16328261192,-0.015414323575158017,0.09955712176119458,5,0.19689697392589092,0.6063678370009552,0.19673518907315388,0.0
2022-12-06,91440.2543623009,0.005510179130763893,0.09459552020507811,5,0.19299528969420515,0.6108120401523353,0.1961926701534596,0.0
2022-12-07,92866.19394210982,0.015605202256208161,0.08047644220732297,5,0.19659193768491728,0.6047011042430399,0.19870695807204292,0.0
2022-12-08,92870.84211478256,5.005236540246747e-05,0.08043041787821215,5,0.19812207976253232,0.6030136648296018,0.1988642554078658,0.0
2022-12-09,91341.99250365348,-0.016462105611570778,0.09556846945628905,5,0.19993338034661653,0.5971572418776107,0.2029093777757729,0.0
2022-12-12,91626.59805099349,0.0031158237250915504,0.09275042023570024,5,0.20218587469186952,0.5972059471801355,0.20060817812799486,0.0
2022-12-13,92609.17561785413,0.010723715468665497,0.08302133388324151,5,0.201554996506123,0.5965750069914013,0.20186999650247564,0.0
2022-12-14,92527.86495350536,0.0001221241957367,0.08382643925253308,0,0.0,0.0,0.0,1.0
2022-12-15,92540.38279932392,0.0001352873085838,0.08370249259730389,0,0.0,0.0,0.0,1.0
2022-12-16,92631.41005678073,0.0009836490265466,0.08280117744612014,0,0.0,0.0,0.0,1.0
2022-12-19,92517.63827663867,-0.0012282203204327,0.08392769967785774,0,0.0,0.0,0.0,1.0
2022-12-20,92517.63827663867,0.0,0.08392769967785774,0,0.0,0.0,0.0,1.0
2022-12-21,92608.68520078175,0.0009841034189701,0.0830261897950868,0,0.0,0.0,0.0,1.0
2022-12-22,92551.77964402444,-0.0006144732174303,0.08358964564254268,0,0.0,0.0,0.0,1.0
2022-12-23,92506.26109862448,-0.0004918170733728,0.08404035190103121,0,0.0,0.0,0.0,1.0
2022-12-27,92381.1318071545,-0.0013526575388945,0.08527933162435541,0,0.0,0.0,0.0,1.0
2022-12-28,92381.1318071545,0.0,0.08527933162435541,0,0.0,0.0,0.0,1.0
2022-12-29,92449.37520855347,0.0007387157968732,0.08460361301689989,0,0.0,0.0,0.0,1.0
2022-12-30,92335.59359506826,-0.0012307450778173,0.08573023261443102,0,0.0,0.0,0.0,1.0
2023-01-03,92415.253507854,0.0008627216188707,0.08494147232062743,0,0.0,0.0,0.0,1.0
2023-01-04,92506.26109862451,0.0009847680692969,0.08404035190103099,0,0.0,0.0,0.0,1.0
2023-01-05,92381.13180715452,-0.0013526575388945,0.08527933162435508,0,0.0,0.0,0.0,1.0
2023-01-06,92733.76532553612,0.0038171595377043,0.08178769690072973,0,0.0,0.0,0.0,1.0
2023-01-09,92824.77291630664,0.0009813856953941,0.08088657648113318,0,0.0,0.0,0.0,1.0
2023-01-10,92745.17200357976,-0.0008575395363332,0.08167475258017509,0,0.0,0.0,0.0,1.0
2023-01-11,92824.77291630665,0.0008582755415431,0.08088657648113307,0,0.0,0.0,0.0,1.0
2023-01-12,93029.57195390554,0.0022062972110208,0.07885873909821162,0,0.0,0.0,0.0,1.0
2023-01-13,92870.29146170663,-0.0017121490387791,0.08043587022264442,0,0.0,0.0,0.0,1.0
2023-01-17,92927.15768509138,0.0006123187780475,0.0798728038383627,0,0.0,0.0,0.0,1.0
2023-01-18,93131.93705600398,0.0022036547335984,0.07784516118702856,0,0.0,0.0,0.0,1.0
2023-01-19,93109.1630332893,-0.0002445350481757,0.07807066036496313,0,0.0,0.0,0.0,1.0
2023-01-20,93029.57195390554,-0.0008548146797893,0.07885873909821162,0,0.0,0.0,0.0,1.0
2023-01-23,92938.54469644875,-0.0009784765805641,0.07976005424939525,0,0.0,0.0,0.0,1.0
2023-01-24,92972.65656380508,0.0003670368141415,0.07942229231146114,0,0.0,0.0,0.0,1.0
2023-01-25,93029.57195390554,0.0006121734303827,0.07885873909821162,0,0.0,0.0,0.0,1.0
2023-01-26,92972.6565638051,-0.0006117989033493,0.07942229231146103,0,0.0,0.0,0.0,1.0
2023-01-27,92972.6565638051,0.0,0.07942229231146103,0,0.0,0.0,0.0,1.0
2023-01-30,92881.64897303458,-0.0009788640459904,0.08032341273105759,0,0.0,0.0,0.0,1.0
2023-01-31,93052.3066432477,0.0018373669298514,0.07863362938345098,0,0.0,0.0,0.0,1.0
2023-02-01,93214.18313803586,0.0017396290390605,0.0770307936895126,0,0.0,0.0,0.0,1.0
2023-02-02,93225.53081602065,0.0001217376755635,0.07691843356371952,0,0.0,0.0,0.0,1.0
2023-02-03,92883.61564166281,-0.0036676130601241,0.08030393957234105,0,0.0,0.0,0.0,1.0
2023-02-06,92621.48821355155,-0.0028221062057116,0.08289941953184243,0,0.0,0.0,0.0,1.0
2023-02-07,92667.10509238295,0.0004925085928895,0.08244773961541785,0,0.0,0.0,0.0,1.0
2023-02-08,92701.27595979813,0.0003687486231616,0.08210939348272217,0,0.0,0.0,0.0,1.0
2023-02-09,92632.86539156578,-0.0007379679246489,0.08278676730866841,0,0.0,0.0,0.0,1.0
2023-02-10,92587.28784610695,-0.000492023487195,0.08323805776191873,0,0.0,0.0,0.0,1.0
2023-02-13,92610.07170216479,0.0002460797436436,0.08301246121819039,0,0.0,0.0,0.0,1.0
2023-02-14,92416.37450897218,-0.0020915348582771,0.08493037262015823,0,0.0,0.0,0.0,1.0
2023-02-15,92427.75168698639,0.0001231078158461,0.08481772039698432,0,0.0,0.0,0.0,1.0
2023-02-16,92439.1485316869,0.0001233054411957,0.08470487344222333,0,0.0,0.0,0.0,1.0
2023-02-17,92518.90677790405,0.000862818919084,0.0839151394904839,0,0.0,0.0,0.0,1.0
2023-02-21,92336.56709603935,-0.0019708369695982,0.08572059340086524,0,0.0,0.0,0.0,1.0
2023-02-22,92382.15447484131,0.0004937088331922,0.08526920558182138,0,0.0,0.0,0.0,1.0
2023-02-23,92439.14853168691,0.0006169379483471,0.08470487344222322,0,0.0,0.0,0.0,1.0
2023-02-24,92245.40217177858,-0.0020959340602528,0.08662327167315897,0,0.0,0.0,0.0,1.0
2023-02-27,92325.20958471144,0.0008651641280097,0.08583305089245163,0,0.0,0.0,0.0,1.0
2023-02-28,92302.36672859476,-0.0002474173220882,0.08605923163094142,0,0.0,0.0,0.0,1.0
2023-03-01,92133.38072671562,-0.0018307873120526,0.087732462793639,0,0.0,0.0,0.0,1.0
2023-03-02,92167.61059418967,0.0003715251432656,0.08739353246618187,0,0.0,0.0,0.0,1.0
2023-03-03,92224.71281780982,0.0006195476182144,0.0868281293028541,0,0.0,0.0,0.0,1.0
2023-03-06,92179.04677226274,-0.0004951606153255,0.08728029604824639,0,0.0,0.0,0.0,1.0
2023-03-07,91984.92674531504,-0.0021059018697306,0.0892023941793384,0,0.0,0.0,0.0,1.0
2023-03-08,91939.21153305224,-0.0004969859071516,0.08965504775369881,0,0.0,0.0,0.0,1.0
2023-03-09,92236.15882922601,0.0032298220881199,0.08671479551912531,0,0.0,0.0,0.0,1.0
2023-03-10,92738.65249707739,0.0054479032326328,0.08173930610131819,0,0.0,0.0,0.0,1.0
2023-03-13,93663.6160862982,0.0099738735070575,0.0725806900938698,0,0.0,0.0,0.0,1.0
2023-03-14,94499.64210129734,0.00993577111606852,0.06430269803791822,3,0.8052235934835189,0.19477640651648118,0.0,0.0
2023-03-15,94379.15307924386,-0.0012750209352574873,0.06549573168698375,3,0.801208968111543,0.198791031888457,0.0,0.0
2023-03-16,95559.11012477016,0.012502305933340596,0.053812273428521795,3,0.8051994895145481,0.1948005104854518,0.0,0.0
2023-03-17,94938.84335077039,-0.006490922458255289,0.059953904592650153,3,0.8009838662977574,0.1990161337022426,0.0,0.0
2023-03-20,95503.81789073034,0.005950931357700847,0.05435975480580635,3,0.8039017161485643,0.19609828385143574,0.0,0.0
2023-03-21,96342.53750739158,0.00878598927136452,0.04605509179373535,3,0.8034454037293883,0.1965545962706117,0.0,0.0
2023-03-22,95275.51651136565,-0.011075284330600683,0.05662030288784847,3,0.7985939964423747,0.20140600355762525,0.0,0.0
2023-03-23,95481.22179459402,0.0021590571298956947,0.05458349222659953,3,0.7990279066733816,0.20097209332661833,0.0,0.0
2023-03-24,96062.99944409044,0.00609311065109721,0.04882296483336224,3,0.7994001579719094,0.20059984202809067,0.0,0.0
2023-03-27,95753.92252500154,-0.003217439814262504,0.051883319696719665,3,0.8034801859869833,0.1965198140130166,0.0,0.0
2023-03-28,95553.3734361479,-0.0010955171718177,0.05386907580307776,0,0.0,0.0,0.0,1.0
2023-03-29,95518.42834816036,-0.0003657127606372,0.054215087955290064,0,0.0,0.0,0.0,1.0
2023-03-30,95530.09675963986,0.0001221587465505,0.05409955205592831,0,0.0,0.0,0.0,1.0
2023-03-31,95646.50019099706,0.0012185000885123,0.052946972276384674,0,0.0,0.0,0.0,1.0
2023-04-03,95763.17428138343,0.0012198469379787,0.05179171254041248,0,0.0,0.0,0.0,1.0
2023-04-04,96203.30117059746,0.005601594704966699,0.04743375378415515,5,0.19778245016314172,0.5996242038588626,0.20259334597799566,0.0
2023-04-05,96741.01852588118,0.005589385694054013,0.04210949363491745,5,0.19616813839175837,0.6025253496192258,0.20130651198901583,0.0
2023-04-06,96826.89634146706,0.0008877084084337092,0.04125916617805825,5,0.19675871247251497,0.6035481837743792,0.19969310375310573,0.0
2023-04-10,95761.04929542186,-0.011007758033330008,0.05181275329344326,5,0.19915289973438505,0.6004255104592716,0.20042158980634334,0.0
2023-04-11,96005.940908292,0.002557319647935909,0.04938793541751829,5,0.1986982669925907,0.600127833238057,0.20117389976935232,0.0
2023-04-12,96015.12999565569,0.0010968105473927,0.04929694878452684,0,0.0,0.0,0.0,1.0
2023-04-13,96073.6129677416,0.0006091016289677,0.048717874007366824,0,0.0,0.0,0.0,1.0
2023-04-14,95851.49216907224,-0.0023119854849629,0.05091722447476643,0,0.0,0.0,0.0,1.0
2023-04-17,95711.23547919081,-0.0014632708026498,0.0523059895894904,0,0.0,0.0,0.0,1.0
2023-04-18,95687.84429904519,-0.0002443932525635,0.05253759961112947,0,0.0,0.0,0.0,1.0
2023-04-19,95606.05049436247,-0.0008547982795714,0.05334748884094054,0,0.0,0.0,0.0,1.0
2023-04-20,95839.79155727764,0.0024448354649788,0.051033079208647636,0,0.0,0.0,0.0,1.0
2023-04-21,95781.37888929695,-0.0006094824188529,0.05161145786294297,0,0.0,0.0,0.0,1.0
2023-04-24,95886.58396101251,0.0010983875251697,0.05056975971924571,0,0.0,0.0,0.0,1.0
2023-04-25,96260.60180069631,0.0039006274312147,0.046866386079981726,0,0.0,0.0,0.0,1.0
2023-04-26,95363.33930856378,-0.00832951050613596,0.05575071700834888,5,0.20082565754358966,0.5985910591525097,0.20058328330390063,0.0
2023-04-27,95179.18989548342,-0.0019310294125136555,0.057574090146550794,5,0.20521999546664602,0.5937977669829644,0.20098223755038963,0.0
2023-04-28,96262.76834001814,0.01138461512148405,0.04684493388235478,5,0.20464182946738382,0.5965844983882337,0.19877367214438255,0.0
2023-05-01,94500.99924396764,-0.018301666640498048,0.06428926015914183,5,0.20824642240564106,0.590183601436851,0.20156997615750794,0.0
2023-05-02,96037.2330885825,0.016256270906182105,0.049078092882464563,5,0.20261216454213668,0.5952148152388199,0.20217302021904346,0.0
2023-05-03,96174.95548897717,0.002436488636595,0.047714421279022035,0,0.0,0.0,0.0,1.0
2023-05-04,96326.94433939754,0.0015803371017706,0.04620948904748812,0,0.0,0.0,0.0,1.0
2023-05-05,96093.11456800454,-0.0024274596583186,0.04852477703531244,0,0.0,0.0,0.0,1.0
2023-05-08,95941.19585549392,-0.001580953153549,0.050029014789582216,0,0.0,0.0,0.0,1.0
2023-05-09,95917.8098724442,-0.0002437532995205,0.050260573351676,0,0.0,0.0,0.0,1.0
2023-05-10,96441.98676338515,0.006471325993109159,0.045070385413412906,5,0.19964253725480915,0.6019272578566881,0.1984302048885029,0.0
2023-05-11,96857.86494739931,0.004312210873822833,0.04095252754565715,5,0.1984386304774714,0.6056789289739353,0.19588244054859344,0.0
2023-05-12,96309.26270184854,-0.005663992757312046,0.04638456548355696,5,0.19930752975951935,0.60403111589677,0.19666135434371063,0.0
2023-05-15,95813.50027757224,-0.005147608966866129,0.05129340484521572,5,0.20102994695401524,0.6008678424953506,0.19810221055063415,0.0
2023-05-16,95274.56844412402,-0.005624800595813017,0.05662969026689413,5,0.2008160853707443,0.602451279778652,0.19673263485060363,0.0
2023-05-17,95272.90721342148,-1.4168925986899689e-05,0.05664613910259053,5,0.2024306400784661,0.5982589136926411,0.19931044622889277,0.0
2023-05-18,94790.07478926454,-0.005067888010127992,0.06142695082354044,5,0.20542177973878872,0.5968513531492633,0.19772686711194798,0.0
2023-05-19,94547.1889338013,-0.0025623553521107053,0.06383190849944465,5,0.20564982289538122,0.5941530693913707,0.20019710771324814,0.0
2023-05-22,94310.72030953476,-0.0025010645682136514,0.06617332534298892,5,0.20624916636319085,0.5935217010449196,0.20022913259188949,0.0
2023-05-23,94276.23257733148,-0.00036568199341586343,0.06651480894288242,5,0.20400911342887856,0.5954479976993753,0.20054288887174615,0.0
2023-05-24,93707.1326199924,-0.00603199114737284,0.07214980694698181,5,0.19975594203821823,0.600653821425309,0.19959023653647281,0.0
2023-05-25,93549.395283605,-0.0016833012810994771,0.07371165836561644,5,0.2018255508308081,0.6001705767629002,0.19800387240629164,0.0
2023-05-26,94321.43819572705,0.008252783567242935,0.06606720116124742,5,0.2027659264380053,0.6000662467529482,0.19716782680904668,0.0
2023-05-30,95009.33484545497,0.0072931102715001455,0.05925592627314569,5,0.20137451591651517,0.6016734718313433,0.19695201225214143,0.0
2023-05-31,95430.30479092737,0.004430827204054999,0.05508765183922337,5,0.19937446265115583,0.6042407205698274,0.19638481677901687,0.0
2023-06-01,95986.65686781723,0.00583419630091352,0.04957887820038964,5,0.20072909969932948,0.5988605078019558,0.20041039249871465,0.0
2023-06-02,95351.64996996424,-0.006615574691047501,0.055866460119604056,5,0.2049879998321052,0.5962421734121379,0.19876982675575688,0.0
2023-06-05,95322.41157415861,-0.00030663754444567427,0.05615596690990177,5,0.20465797088678372,0.5953141892635258,0.20002783984969055,0.0
2023-06-06,95720.29862059763,0.004174118550593648,0.05221625002251329,5,0.2042510225654885,0.5963338813297266,0.1994150961047849,0.0
2023-06-07,94576.136415256,-0.011953182572869979,0.06354528222559352,5,0.2060072053218392,0.5945892755722175,0.19940351910594337,0.0
2023-06-08,95603.60987861823,0.01087005471245368,0.053371654832644166,5,0.19904605416434543,0.6004907437244559,0.20046320211119875,0.0
2023-06-09,95507.57289347018,-0.0010045330429466492,0.05432257428475462,5,0.19960373292428543,0.600270179238678,0.20012608783703656,0.0
2023-06-12,95832.46195085485,0.003401709912019744,0.051105654012125634,5,0.20073169611333053,0.5999959663567831,0.19927233752988632,0.0
2023-06-13,95250.46202863495,-0.006073097887418927,0.05686838226012847,5,0.20328968064924544,0.5976975081645743,0.19901281118618008,0.0
2023-06-14,95739.64828694287,0.005135788823374612,0.05202465743876894,5,0.2024918154054747,0.5994025633347828,0.19810562125974246,0.0
2023-06-15,95844.26431666595,0.0020948085545831,0.050988791751056084,0,0.0,0.0,0.0,1.0
2023-06-16,95714.61114286844,-0.0013527483853301,0.05227256513067502,0,0.0,0.0,0.0,1.0
2023-06-20,95749.95735559448,0.0003692875340974,0.05192258120325566,0,0.0,0.0,0.0,1.0
2023-06-21,95749.95735559448,0.0,0.05192258120325566,0,0.0,0.0,0.0,1.0
2023-06-22,95643.90863865594,-0.0011075588947231,0.05297263278133013,0,0.0,0.0,0.0,1.0
2023-06-23,96028.03842913259,0.0050212706685041205,0.04916913468800421,5,0.19749631781148033,0.6029542247929895,0.19954945739553007,0.0
2023-06-26,96045.5171766849,0.00018201712581262608,0.04899606718676608,5,0.19665359009037062,0.6034861933151955,0.19986021659443384,0.0
2023-06-27,96013.13065264939,-0.0003371997464070501,0.049316745471742696,5,0.1988766542785636,0.6021140883326,0.1990092573888364,0.0
2023-06-28,96225.21785414337,0.0022089395487087226,0.04721674363252004,5,0.1985383761338225,0.603349180808899,0.19811244305727857,0.0
2023-06-29,95232.25702006578,-0.010319133136000745,0.0570486409047285,5,0.20139916480681677,0.5986372714183733,0.19996356377480984,0.0
2023-06-30,95172.22701604573,0.0003700163326285,0.05764303376748803,0,0.0,0.0,0.0,1.0
2023-07-03,95061.60140147113,-0.0011623728690929,0.05873840393803731,0,0.0,0.0,0.0,1.0
2023-07-05,95037.99270484835,-0.000248351555988,0.058972167720011126,0,0.0,0.0,0.0,1.0
2023-07-06,94979.19179293673,-0.0006187095311896,0.05955439060895751,0,0.0,0.0,0.0,1.0
2023-07-07,95085.1297964047,0.0011153811847433,0.0585054352709683,0,0.0,0.0,0.0,1.0
2023-07-10,95226.3403168507,0.0014850957320915,0.05710722571110183,0,0.0,0.0,0.0,1.0
2023-07-11,95214.56608167278,-0.000123644730426,0.057223809433999406,0,0.0,0.0,0.0,1.0
2023-07-12,95497.00719798711,0.0029663645798907,0.0544271915355401,0,0.0,0.0,0.0,1.0
2023-07-13,95767.66404141235,0.0028341918911041,0.051747256749341664,0,0.0,0.0,0.0,1.0
2023-07-14,95520.53559292069,-0.0025804999105419,0.05419422286847109,0,0.0,0.0,0.0,1.0
2023-07-17,95590.06135189848,0.0017295914962293401,0.05350580687402051,2,0.4006958180608852,0.39950643906955613,0.1997977428695587,0.0
2023-07-18,96266.82316865082,0.007079834526530538,0.0468047846063665,2,0.4008353989477521,0.39849860173895213,0.20066599931329582,0.0
2023-07-19,96789.14068471204,0.00542572714948902,0.04163300744744225,2,0.39955887343486196,0.40082540759145524,0.1996157189736828,0.0
2023-07-20,95963.69392004427,-0.008528299340487343,0.049806248037972956,2,0.40032206903132506,0.39936461211540675,0.20031331885326822,0.0
2023-07-21,95916.09230053207,-0.0004960377989603374,0.050277580055282156,2,0.40052074245885233,0.39968069787005805,0.19979855967108967,0.0
2023-07-24,95702.10142302314,-0.0012322538934996,0.05239643132579774,0,0.0,0.0,0.0,1.0
2023-07-25,95690.2758132437,-0.0001235668768355,0.052513523739256995,0,0.0,0.0,0.0,1.0
2023-07-26,95784.75981642191,0.00098739398936,0.05157798128759716,0,0.0,0.0,0.0,1.0
2023-07-27,95642.9935199688,-0.001480050654455,0.052981693917091954,0,0.0,0.0,0.0,1.0
2023-07-28,95772.95435248535,0.0013588118453173,0.05169487422505403,0,0.0,0.0,0.0,1.0
2023-07-31,95796.54513451556,0.0002463198738067,0.05146128782614279,0,0.0,0.0,0.0,1.0
2023-08-01,95716.05241922803,-0.0008402465368089,0.052258294194076016,0,0.0,0.0,0.0,1.0
2023-08-02,95763.39515003162,0.0004946164160242,0.051789525588233576,0,0.0,0.0,0.0,1.0
2023-08-03,95798.9223439772,0.0003709892896959,0.05143774965784931,0,0.0,0.0,0.0,1.0
2023-08-04,95988.38392348457,0.0019777005301486,0.04956177759246849,0,0.0,0.0,0.0,1.0
2023-08-07,96023.9010445087,0.0003700147827516,0.049210101400085415,0,0.0,0.0,0.0,1.0
2023-08-08,96071.25384823374,0.000493135596554,0.048741233056241784,0,0.0,0.0,0.0,1.0
2023-08-09,96012.06536180782,-0.0006160894550145,0.04932729355154597,0,0.0,0.0,0.0,1.0
2023-08-10,95964.72263100425,-0.000493091473714,0.0497960621573883,0,0.0,0.0,0.0,1.0
2023-08-11,95869.96665894696,-0.0009874042195864,0.05073429753508163,0,0.0,0.0,0.0,1.0
2023-08-14,95787.08666127635,-0.0008645042922091,0.05155494180930953,0,0.0,0.0,0.0,1.0
2023-08-15,95822.61385522193,0.0003708975310128,0.05120316587892515,0,0.0,0.0,0.0,1.0
2023-08-16,95775.26105149691,-0.0004941714885441,0.05167203422276867,0,0.0,0.0,0.0,1.0
2023-08-17,95881.83256041222,0.0011127248074844,0.05061680616961706,0,0.0,0.0,0.0,1.0
2023-08-18,95917.32953559345,0.00037021586085,0.050265329453236585,0,0.0,0.0,0.0,1.0
2023-08-21,95810.77817252105,-0.0011108666555699,0.05132035803038559,0,0.0,0.0,0.0,1.0
2023-08-22,95763.39515003169,-0.0004945479349311,0.05178952558823291,0,0.0,0.0,0.0,1.0
2023-08-23,95941.0109739167,0.0018547360774618,0.05003084541231406,0,0.0,0.0,0.0,1.0
2023-08-24,95881.83256041222,-0.0006168208246269,0.05061680616961706,0,0.0,0.0,0.0,1.0
2023-08-25,95822.61385522196,-0.0006176217496985,0.05120316587892493,0,0.0,0.0,0.0,1.0
2023-08-28,95881.83256041222,0.0006180034420657,0.05061680616961706,0,0.0,0.0,0.0,1.0
2023-08-29,96094.96550532136,0.0022228709987874,0.04850644980131524,0,0.0,0.0,0.0,1.0
2023-08-30,96094.96550532136,0.0,0.04850644980131524,0,0.0,0.0,0.0,1.0
2023-08-31,96189.62074816419,0.0009850177097736,0.04756921180363416,0,0.0,0.0,0.0,1.0
2023-09-01,96137.4228692229,-0.0005426560426718,0.04808605412607547,0,0.0,0.0,0.0,1.0
2023-09-05,95179.7942627399,-0.00897000888326276,0.05756810594598971,2,0.40187606617733473,0.3979608059321546,0.20016312789051066,0.0
2023-09-06,94929.42170996248,-0.002630522105209432,0.06004719387595314,2,0.4002272555615466,0.39999167673369024,0.19978106770476323,0.0
2023-09-07,94938.3486313876,9.403745713750578e-05,0.05995880310423607,2,0.39896103319606596,0.4010632482524623,0.19997571855147167,0.0
2023-09-08,95147.59858321204,0.002204061423449237,0.05788689456570495,2,0.39868308313044704,0.4017137387545433,0.19960317811500958,0.0
2023-09-11,95156.84962726058,9.722835033465389e-05,0.05779529446263498,2,0.4012661234183974,0.3987802529834383,0.19995362359816432,0.0
2023-09-12,95014.69557131518,-0.0004943863815687,0.05920284653006491,0,0.0,0.0,0.0,1.0
2023-09-13,95096.90828769101,0.0008652631667289,0.05838880940580393,0,0.0,0.0,0.0,1.0
2023-09-14,95073.43460351726,-0.0002468396144145,0.05862123634901861,0,0.0,0.0,0.0,1.0
2023-09-15,95026.47726757565,-0.0004939059595084,0.05908618893054052,0,0.0,0.0,0.0,1.0
2023-09-18,95014.69557131521,-0.0001239833002256,0.05920284653006469,0,0.0,0.0,0.0,1.0
2023-09-19,94944.22468082333,-0.0007416841160006,0.05990062083517189,0,0.0,0.0,0.0,1.0
2023-09-20,94885.49561621538,-0.0006185638442504,0.06048213232112554,0,0.0,0.0,0.0,1.0
2023-09-21,94932.50279012766,0.0004954094786246,0.06001668626414014,0,0.0,0.0,0.0,1.0
2023-09-22,95026.47726757567,0.0009899083526299,0.059086188930540295,0,0.0,0.0,0.0,1.0
2023-09-25,94991.20195195322,-0.000371215651014,0.05943547086346457,0,0.0,0.0,0.0,1.0
2023-09-26,95002.9238426489,0.0001233997512908,0.05931940543449621,0,0.0,0.0,0.0,1.0
2023-09-27,94932.50279012766,-0.0007412514233549,0.06001668626414014,0,0.0,0.0,0.0,1.0
2023-09-28,95096.90828769104,0.001731814633886,0.0583888094058036,0,0.0,0.0,0.0,1.0
2023-09-29,95108.69995154563,0.0001239962903831,0.05827205311118666,0,0.0,0.0,0.0,1.0
2023-10-02,95013.29014054305,-0.0010031659674792,0.059216762538129575,0,0.0,0.0,0.0,1.0
2023-10-03,93493.43112203453,-0.015011289454965802,0.07426579289801949,3,0.8013199094727387,0.19868009052726127,0.0,0.0
2023-10-04,94301.04974334523,0.00863823919625482,0.06626907938491744,3,0.8002425441247142,0.19975745587528587,0.0,0.0
2023-10-05,94178.72015605391,-0.001297224024804144,0.06748033756784177,3,0.8009801334222076,0.1990198665777924,0.0,0.0
2023-10-06,94847.22473124025,0.007098255041888841,0.06086107517232231,3,0.8047774744654023,0.19522252553459762,0.0,0.0
2023-10-09,95770.47535503664,0.009734081586599268,0.051719420256898685,3,0.8021217811382656,0.19787821886173443,0.0,0.0
2023-10-10,96142.558314273,0.0038872831293345605,0.04803520502261949,3,0.8010499053374964,0.19895009466250357,0.0,0.0
2023-10-11,96857.53971193457,0.0074366795537562265,0.040955747895915495,3,0.7983938704591437,0.2016061295408563,0.0,0.0
2023-10-12,95856.37023020358,-0.010336515718947446,0.05086892388295561,3,0.8018144637996729,0.19818553620032703,0.0,0.0
2023-10-13,95813.46008286261,-0.00044765045075172605,0.0512938028370018,3,0.7981780305928057,0.2018219694071943,0.0,0.0
2023-10-16,96306.87752309741,0.0051497716480344785,0.04640818256053725,3,0.8024435979817437,0.1975564020182564,0.0,0.0
2023-10-17,95996.43927337661,-0.0022256532807246,0.04948201677017594,0,0.0,0.0,0.0,1.0
2023-10-18,95996.43927337661,0.0,0.04948201677017594,0,0.0,0.0,0.0,1.0
2023-10-19,96127.31635195467,0.0013633534698651,0.048186124779570405,0,0.0,0.0,0.0,1.0
2023-10-20,96281.93434531748,0.0016084709240888,0.046655159836134,0,0.0,0.0,0.0,1.0
2023-10-23,96341.4175194262,0.000617802026031,0.04606618146237451,0,0.0,0.0,0.0,1.0
2023-10-24,96317.64639991526,-0.00024673832006,0.046301553490208924,0,0.0,0.0,0.0,1.0
2023-10-25,96210.57064557435,-0.0011116940492538,0.047361774377976396,0,0.0,0.0,0.0,1.0
2023-10-26,96400.94096650319,0.0019786840432547,0.045476804321943565,0,0.0,0.0,0.0,1.0
2023-10-27,96460.40400412778,0.0006168304689604,0.04488802533151992,0,0.0,0.0,0.0,1.0
2023-10-30,96424.71208601414,-0.0003700162619276,0.04524143229410904,0,0.0,0.0,0.0,1.0
2023-10-31,96277.05706642805,-0.0005318303573821197,0.0467034526825012,2,0.402726340596578,0.3982591299497616,0.19901452945366047,0.0
2023-11-01,97461.5523934652,0.012302986434451345,0.034975058192844855,2,0.40207460549263274,0.4019489838797634,0.19597641062760385,0.0
2023-11-02,99169.09070581054,0.017520122247301977,0.01806770324068807,2,0.4027243205475032,0.40403345631061144,0.19324222314188536,0.0
2023-11-03,99874.80236552448,0.007116246147778672,0.011080031316495154,2,0.4035269307305146,0.40389806402815004,0.1925750052413353,0.0
2023-11-06,99426.34321283,-0.004490213167613444,0.015520492781593731,2,0.40627949263951335,0.40178432008212717,0.19193618727835945,0.0
2023-11-07,99906.68236654469,0.00522688394051044,0.010764368417907844,3,0.7981052910549475,0.20189470894505257,0.0,0.0
2023-11-08,100308.66528897958,0.004023583937659628,0.006784095820113523,3,0.7954890580373128,0.20451094196268724,0.0,0.0
2023-11-09,99214.51506108913,-0.010907833582854675,0.01761792961475217,3,0.7979896275520395,0.20201037244796047,0.0,0.0
2023-11-10,100562.20555076636,0.0135836020449973,0.004273642514498355,3,0.7995808403938762,0.20041915960612386,0.0,0.0
2023-11-13,100439.76843966878,-0.0012175261115943258,0.005485965354739664,3,0.7997925779793054,0.20020742202069464,0.0,0.0
2023-11-14,102453.97687570838,0.020054105246815758,0.0,3,0.7994875508113397,0.20051244918866032,0.0,0.0
2023-11-15,102339.05795975315,-0.0011216637895340236,0.0011216637895339332,3,0.802079685900515,0.197920314099485,0.0,0.0
2023-11-16,102691.16511079624,0.0034405940220943306,0.0,3,0.8003072272659526,0.19969277273404734,0.0,0.0
2023-11-17,102889.49002698822,0.0019312753534153997,0.0,3,0.7997580584870817,0.20024194151291816,0.0,0.0
2023-11-20,103648.75467667544,0.007379418923041146,0.0,3,0.8000107386950067,0.1999892613049932,0.0,0.0
2023-11-21,103458.87804451557,-0.0018319131931571803,0.0018319239121799002,3,0.7997214252764001,0.20027857472359983,0.0,0.0
2023-11-22,103851.55517421158,0.003795489929119844,0.0,3,0.7997735401640647,0.2002264598359353,0.0,0.0
2023-11-24,103657.80669580272,-0.0018656290518119746,0.001865629051811979,3,0.8017614541528634,0.19823854584713668,0.0,0.0
2023-11-27,103851.37977317382,0.001867424013119925,1.688959182843952e-06,3,0.7988257603415552,0.20117423965844486,0.0,0.0
2023-11-28,103974.70190867787,0.0011874867312636544,0.0,3,0.7986682483336888,0.2013317516663111,0.0,0.0
2023-11-29,104177.47740941515,0.00195157317815062,0.0,3,0.797880243141656,0.20211975685834394,0.0,0.0
2023-11-30,104261.52452285403,0.0008067685600465101,0.0,3,0.8003760646616654,0.1996239353383344,0.0,0.0
2023-12-01,105147.20873940783,0.008494832783302193,0.0,3,0.7983294161737852,0.2016705838262148,0.0,0.0
2023-12-04,104622.16797426155,-0.004993387570063896,0.004993387570063956,3,0.7981238311962864,0.2018761688037137,0.0,0.0
2023-12-05,105059.51169008506,0.004180220351877113,0.0008340406785320997,3,0.7946448204781524,0.20535517952184762,0.0,0.0
2023-12-06,105000.09748118596,-0.0005601768994480205,0.00139909808339711,3,0.7972228236572482,0.20277717634275186,0.0,0.0
2023-12-07,105516.664147598,0.004919677969866528,0.0,3,0.7993732040918834,0.20062679590811663,0.0,0.0
2023-12-08,105706.05921514872,0.0017949303939878028,0.0,3,0.8013714466578631,0.19862855334213683,0.0,0.0
2023-12-11,105991.13268068261,0.002696850754351544,0.0,3,0.8023247656621172,0.1976752343378828,0.0,0.0
2023-12-12,106441.72195024624,0.0042511977952070104,0.0,3,0.8025772930817978,0.1974227069182021,0.0,0.0
2023-12-13,108115.17806920865,0.0157244239713013,0.0,3,0.7984764674817999,0.20152353251820007,0.0,0.0
2023-12-14,108959.00306289733,0.007804870775392088,0.0,3,0.7948354818233696,0.2051645181766305,0.0,0.0
2023-12-15,108841.2327593246,-0.0010808680353357105,0.0010808680353356914,3,0.7943853881507148,0.2056146118492852,0.0,0.0
2023-12-18,109149.2779925698,0.0028302255077022674,0.0,3,0.7965993199521887,0.2034006800478112,0.0,0.0
2023-12-19,109797.62213430488,0.005939976458472009,0.0,3,0.7967108476805081,0.20328915231949177,0.0,0.0
2023-12-20,109754.52949639889,0.00020435946555423997,0.000392473325636189,5,0.1971882632445397,0.6039415743427862,0.19887016241267402,0.0
2023-12-21,109694.62009594217,-0.000545849002602441,0.0009381080970652933,5,0.19916669339072274,0.6004476254510848,0.20038568115819252,0.0
2023-12-22,109536.40800636618,-0.0014422957975296308,0.0023790508652289377,5,0.1998552149951354,0.598579793818047,0.20156499118681756,0.0
2023-12-26,109983.53021169244,0.0040819505903485825,0.0,5,0.1998831708290965,0.5978414430851408,0.20227538608576273,0.0
2023-12-27,111289.34707582499,0.011872840066318694,0.0,5,0.19789500409923355,0.6012958904198943,0.20080910548087205,0.0
2023-12-28,111164.50365981927,-0.0001219131653025,0.0011217912521371831,0,0.0,0.0,0.0,1.0
2023-12-29,111218.71993553884,0.0004877121197381,0.0006346262435884542,0,0.0,0.0,0.0,1.0
2024-01-02,111083.1792462399,-0.0012186859314466,0.0018525387649602765,0,0.0,0.0,0.0,1.0
2024-01-03,111110.26464237331,0.0002438298608051,0.0016091606084243093,0,0.0,0.0,0.0,1.0
2024-01-04,111042.50566858705,-0.0006098354099359,0.0022180146952408553,0,0.0,0.0,0.0,1.0
2024-01-05,111015.38615986407,-0.0002442263758342,0.002461699373384474,0,0.0,0.0,0.0,1.0
2024-01-08,111110.26464237332,0.0008546426382072,0.0016091606084241983,0,0.0,0.0,0.0,1.0
2024-01-09,111137.3955219595,0.0002441797764904,0.0013653737564114365,0,0.0,0.0,0.0,1.0
2024-01-10,111137.3955219595,0.0,0.0013653737564114365,0,0.0,0.0,0.0,1.0
2024-01-11,111394.96831508027,0.0023176068857029,0.0,0,0.0,0.0,0.0,1.0
2024-01-12,111625.44434120448,0.0020689985338682,0.0,0,0.0,0.0,0.0,1.0
2024-01-16,111449.20733252626,-0.0015788247000345,0.0015788247000344535,0,0.0,0.0,0.0,1.0
2024-01-17,111232.29674619516,-0.0019462730289674,0.0035220249050708086,0,0.0,0.0,0.0,1.0
2024-01-18,111286.54713450432,0.0004877215511691,0.0030360211213515953,0,0.0,0.0,0.0,1.0
2024-01-19,111205.21135006176,-0.0007308680746852,0.0037646702651251696,0,0.0,0.0,0.0,1.0
2024-01-22,111259.41625491813,0.0004874313370597,0.0032790739463263163,0,0.0,0.0,0.0,1.0
2024-01-23,111245.88492771464,-0.000121619613503,0.003400294760123379,0,0.0,0.0,0.0,1.0
2024-01-24,111191.61179767908,-0.0004878664057625,0.003886502276302717,0,0.0,0.0,0.0,1.0
2024-01-25,111394.9683150803,0.001828883619128,0.002064726617523549,0,0.0,0.0,0.0,1.0
2024-01-26,111327.20934129402,-0.000608276790336,0.0026717474825798115,0,0.0,0.0,0.0,1.0
2024-01-29,111435.68737618598,0.0009744072049753,0.0016999436476012875,0,0.0,0.0,0.0,1.0
2024-01-30,111367.86017722051,-0.0006086667616316,0.0023075757100380345,0,0.0,0.0,0.0,1.0
2024-01-31,111571.20532375854,0.0018258871654213,0.00048590191748887346,0,0.0,0.0,0.0,1.0
2024-02-01,111737.1062177914,0.0014869508091397,0.0,0,0.0,0.0,0.0,1.0
2024-02-02,111383.56333929453,-0.0031640597332794,0.0031640597332792675,0,0.0,0.0,0.0,1.0
2024-02-05,110498.66001648709,-0.0069516006698675005,0.01108357145826211,3,0.8026669650328506,0.19733303496714935,0.0,0.0
2024-02-06,110969.27622933695,0.004259021899266865,0.0068717547325580774,3,0.8015832988830501,0.19841670111694987,0.0,0.0
2024-02-07,111604.61552041893,0.005725362124277863,0.001185735892553219,3,0.8036676640429108,0.19633233595708932,0.0,0.0
2024-02-08,111516.81288508872,-0.0007867294279970142,0.0019715324672298085,3,0.8046555786429945,0.19534442135700544,0.0,0.0
2024-02-09,111991.40057590256,0.004255750128932445,0.0,3,0.8058763957439303,0.19412360425606973,0.0,0.0
2024-02-12,111893.06476055233,0.0001220562865529,0.0008780657697337046,0,0.0,0.0,0.0,1.0
2024-02-13,111537.53919746558,-0.0031773690697236,0.004052644900439217,0,0.0,0.0,0.0,1.0
2024-02-14,111701.63495694473,0.0014712155267173,0.002587391687823737,0,0.0,0.0,0.0,1.0
2024-02-15,111811.03975448987,0.0009794377458065,0.0016104881310994301,0,0.0,0.0,0.0,1.0
2024-02-16,111674.28947597774,-0.0012230480891011,0.0028315665157692127,0,0.0,0.0,0.0,1.0
2024-02-20,111742.65889681454,0.0006122216775017,0.0022210783846696724,0,0.0,0.0,0.0,1.0
2024-02-21,111646.93255817221,-0.0008566678078668,0.0030758434661855016,0,0.0,0.0,0.0,1.0
2024-02-22,111633.24266243089,-0.0001226177506864,0.0031980840638646812,0,0.0,0.0,0.0,1.0
2024-02-23,111687.95649804201,0.0004901213501122,0.0027095301630314372,0,0.0,0.0,0.0,1.0
2024-02-26,111605.93149197954,-0.0007344122735732,0.0034419525243972737,0,0.0,0.0,0.0,1.0
2024-02-27,111605.93149197954,0.0,0.0034419525243972737,0,0.0,0.0,0.0,1.0
2024-02-28,111715.30197900903,0.000979970200216,0.0024653553350857393,0,0.0,0.0,0.0,1.0
2024-02-29,111783.67139984583,0.0006119969209736,0.0018548672039863101,0,0.0,0.0,0.0,1.0
2024-03-01,112003.15576841039,0.0019634743233605,0.0,0,0.0,0.0,0.0,1.0
2024-03-04,111893.40786570885,-0.0009798643792544,0.000979864379254347,0,0.0,0.0,0.0,1.0
2024-03-05,111975.69591905794,0.0007354146675722,0.0002451703183188325,0,0.0,0.0,0.0,1.0
2024-03-06,112003.15576841043,0.0002452304415445,0.0,0,0.0,0.0,0.0,1.0
2024-03-07,112140.2948994332,0.0012244220270571,0.0,0,0.0,0.0,0.0,1.0
2024-03-08,112195.15741394543,0.0004892310525974,0.0,0,0.0,0.0,0.0,1.0
2024-03-11,112099.14515433939,-0.000855761173825,0.0008557611738250204,0,0.0,0.0,0.0,1.0
2024-03-12,111989.42012531494,-0.0009788212824762,0.0018337448190515193,0,0.0,0.0,0.0,1.0
2024-03-13,111934.54617396418,-0.0004899922804258,0.00232283857867166,0,0.0,0.0,0.0,1.0
2024-03-14,111838.57966171234,-0.0008573448996049,0.0031781920044685608,0,0.0,0.0,0.0,1.0
2024-03-15,111769.93575675042,-0.0006137766159903,0.003790017920525357,0,0.0,0.0,0.0,1.0
2024-03-18,111783.67139984595,0.0001228921087099,0.003667591575109652,0,0.0,0.0,0.0,1.0
2024-03-19,111879.69509629054,0.0008590136219548,0.002811728464277574,0,0.0,0.0,0.0,1.0
2024-03-20,112057.9839724071,0.0015935767072221,0.0012226324620431273,0,0.0,0.0,0.0,1.0
2024-03-21,112057.9839724071,0.0,0.0012226324620431273,0,0.0,0.0,0.0,1.0
2024-03-22,112140.29489943328,0.0007345387103023,0.0004889918226125278,0,0.0,0.0,0.0,1.0
2024-03-25,112085.47813227525,-0.0004888231050863,0.0009775758971977133,0,0.0,0.0,0.0,1.0
2024-03-26,112112.83505008082,0.0002440719195868,0.0007337425764365468,0,0.0,0.0,0.0,1.0
2024-03-27,112236.30715903934,0.0011013200130329,0.0,0,0.0,0.0,0.0,1.0
2024-03-28,112167.74331194724,-0.0006108883019017,0.0006108883019015909,0,0.0,0.0,0.0,1.0
2024-04-01,111933.79134262013,-0.0020857330496208,0.0026953472016015834,0,0.0,0.0,0.0,1.0
2024-04-02,111988.80253603349,0.0004914618968365,0.0022052099652132284,0,0.0,0.0,0.0,1.0
2024-04-03,112071.41082086189,0.0007376477197513,0.00146918891356429,0,0.0,0.0,0.0,1.0
2024-04-04,112181.46751820424,0.0009820229489059,0.0004886087418877194,0,0.0,0.0,0.0,1.0
2024-04-05,112002.58392648322,-0.0015945912963922,0.0020824209070325894,0,0.0,0.0,0.0,1.0
2024-04-08,111892.48148178669,-0.0009830348625599,0.0030634086772424185,0,0.0,0.0,0.0,1.0
2024-04-09,112002.5839264832,0.0009840021709988,0.0020824209070328115,0,0.0,0.0,0.0,1.0
2024-04-10,111548.49568879431,-0.0040542657300384,0.006128243949352297,0,0.0,0.0,0.0,1.0
2024-04-11,111686.11516703606,0.0012337188179183,0.004902085661315114,0,0.0,0.0,0.0,1.0
2024-04-12,111754.88487722201,0.0006157409099878,0.004289363166013249,0,0.0,0.0,0.0,1.0
2024-04-15,111713.59789006562,-0.0003694423487773,0.004657220842387844,0,0.0,0.0,0.0,1.0
2024-04-16,111644.79386936402,-0.0006158965605003,0.005270249036589791,0,0.0,0.0,0.0,1.0
2024-04-17,111727.35640683823,0.0007395108595105,0.0045346355834741114,0,0.0,0.0,0.0,1.0
2024-04-18,111672.31090290924,-0.0004926770461528,0.005025078518762216,0,0.0,0.0,0.0,1.0
2024-04-19,111699.86224697012,0.0002467159839185,0.004779602302034669,0,0.0,0.0,0.0,1.0
2024-04-22,111754.88487722201,0.0004925935372259,0.004289363166013249,0,0.0,0.0,0.0,1.0
2024-04-23,111851.21736830738,0.0008619980342801,0.003431062554350439,0,0.0,0.0,0.0,1.0
2024-04-24,111809.94181798954,-0.0003690219140121,0.0037988183310916357,0,0.0,0.0,0.0,1.0
2024-04-25,111727.35640683823,-0.000738623147535,0.0045346355834741114,0,0.0,0.0,0.0,1.0
2024-04-26,111754.88487722201,0.0002463897049844,0.004289363166013249,0,0.0,0.0,0.0,1.0
2024-04-29,111809.94181798954,0.0004926580241035,0.0037988183310916357,0,0.0,0.0,0.0,1.0
2024-04-30,111672.31090290924,-0.0012309362910173,0.005025078518762216,0,0.0,0.0,0.0,1.0
2024-05-01,111896.0040280593,0.0020031207677302,0.0030320235901724057,0,0.0,0.0,0.0,1.0
2024-05-02,112061.66663441944,0.0014805051154338,0.0015560074011740088,0,0.0,0.0,0.0,1.0
2024-05-03,112241.09919439074,0.0016011948185339,0.0,0,0.0,0.0,0.0,1.0
2024-05-06,112227.35211445669,-0.0001224781299606,0.00012247812996057927,0,0.0,0.0,0.0,1.0
2024-05-07,112241.09919439077,0.0001224931326906,0.0,0,0.0,0.0,0.0,1.0
2024-05-08,111657.2945334796,-0.0042055503795145515,0.005201344829135035,5,0.2008640645367054,0.5988819696954613,0.20025396576783325,0.0
2024-05-09,112465.54744041956,0.0072386932740664,0.0,5,0.20056954259892062,0.5974786301483929,0.2019518272526865,0.0
2024-05-10,112300.73481706898,-0.001465449883110995,0.0014654498831110363,5,0.20112266938299025,0.5949883774092535,0.20388895320775624,0.0
2024-05-13,112217.81867550014,-0.0007383401515930312,0.002202708034215184,5,0.20129829616919817,0.5969477728216113,0.2017539310091906,0.0
2024-05-14,112891.16611336495,0.006000361135266124,0.0,5,0.2010156943681225,0.596736682532799,0.20224762309907854,0.0
2024-05-15,112986.14831255909,0.0018432039805957,0.0,0,0.0,0.0,0.0,1.0
2024-05-16,112903.01963093368,-0.000735742238026,0.0007357422380259715,0,0.0,0.0,0.0,1.0
2024-05-17,112833.74764295857,-0.000613553013919,0.0013488438350772736,0,0.0,0.0,0.0,1.0
2024-05-20,112806.03425565796,-0.0002456125749568,0.0015941251170265014,0,0.0,0.0,0.0,1.0
2024-05-21,112861.44954998276,0.0004912440605722,0.0011036641609497577,0,0.0,0.0,0.0,1.0
2024-05-22,112778.27494725162,-0.0007369620278916,0.0018398128302632433,0,0.0,0.0,0.0,1.0
2024-05-23,112722.87113320324,-0.0004912631805575,0.002330172178518164,0,0.0,0.0,0.0,1.0
2024-05-24,112764.42973387774,0.0003686794015864,0.0019623518634159787,0,0.0,0.0,0.0,1.0
2024-05-28,112667.39843749629,-0.000860477870641,0.0028211411737041336,0,0.0,0.0,0.0,1.0
2024-05-29,112625.81687626893,-0.0003690647144073,0.003189164704449965,0,0.0,0.0,0.0,1.0
2024-05-30,112750.55007967458,0.001107500987475,0.002085195720034294,0,0.0,0.0,0.0,1.0
2024-05-31,112903.01963093369,0.0013522732363733,0.0007357422380258605,0,0.0,0.0,0.0,1.0
2024-06-03,113030.92139063386,0.0011328462260642,0.0,0,0.0,0.0,0.0,1.0
2024-06-04,113142.13082840566,0.0009838850856347,0.0,0,0.0,0.0,0.0,1.0
2024-06-05,113253.38618728318,0.000983323878231,0.0,0,0.0,0.0,0.0,1.0
2024-06-06,113267.30028231564,0.0001228580928207,0.0,0,0.0,0.0,0.0,1.0
2024-06-07,112975.3224118862,-0.0025777772552333,0.0025777772552333378,0,0.0,0.0,0.0,1.0
2024-06-10,112989.20206608938,0.0001228556281749,0.0024552383215024065,0,0.0,0.0,0.0,1.0
2024-06-11,113114.32559889361,0.0011073937200747,0.0013505635169263064,0,0.0,0.0,0.0,1.0
2024-06-12,113267.30028231564,0.0013523900055283,0.0,0,0.0,0.0,0.0,1.0
2024-06-13,113448.02279386757,0.0015955400287768,0.0,0,0.0,0.0,0.0,1.0
2024-06-14,113461.90244807073,0.0001223437294133,0.0,0,0.0,0.0,0.0,1.0
2024-06-17,113350.6700497461,-0.0009803501961863,0.0009803501961862526,0,0.0,0.0,0.0,1.0
2024-06-18,113503.62177261527,0.0013493676111666,0.0,0,0.0,0.0,0.0,1.0
2024-06-20,113461.90244807077,-0.0003675594125805,0.0003675594125804871,0,0.0,0.0,0.0,1.0
2024-06-21,112966.82250997463,-0.00336676917486534,0.004729358008645934,5,0.20040660121454051,0.6020268855607461,0.1975665132247134,0.0
2024-06-24,113256.59618268123,0.002565121920473739,0.0021763674680700396,5,0.19924404628232725,0.6029150439556544,0.19784090976201837,0.0
2024-06-25,113348.12369018194,0.0008081428418797267,0.0013699834419808044,5,0.1998498248001905,0.6034499609149823,0.1967002142848273,0.0
2024-06-26,112193.50934531663,-0.010186444268113779,0.011542472450114527,5,0.20215852221213934,0.6009508305430091,0.1968906472448515,0.0
2024-06-27,112747.49500620613,0.004937769253516986,0.00666169726217114,5,0.20148234404697432,0.6003732653710938,0.1981443905819318,0.0
2024-06-28,112648.56648573454,0.0001226883784974,0.007533286370312364,0,0.0,0.0,0.0,1.0
2024-07-01,112551.63999328553,-0.0008604325423111,0.008387237027879801,0,0.0,0.0,0.0,1.0
2024-07-02,112648.53230855105,0.0008608698662346,0.007533587481263315,0,0.0,0.0,0.0,1.0
2024-07-03,112814.6562052238,0.0014747098188347,0.006069987517858144,0,0.0,0.0,0.0,1.0
2024-07-05,113022.316772262,0.0018407233069117,0.0042404373784431515,0,0.0,0.0,0.0,1.0
2024-07-08,113008.45222814934,-0.0001226708539393,0.004362588054308225,0,0.0,0.0,0.0,1.0
2024-07-09,112980.75731710755,-0.0002450693775177,0.0046065882950870884,0,0.0,0.0,0.0,1.0
2024-07-10,113022.31677226201,0.000367845429092,0.0042404373784430405,0,0.0,0.0,0.0,1.0
2024-07-11,113285.31019941127,0.0023269159105911,0.0019233886090556096,0,0.0,0.0,0.0,1.0
2024-07-12,113451.411311295,0.0014662193323331,0.0004599893862846649,0,0.0,0.0,0.0,1.0
2024-07-15,113451.411311295,0.0,0.0004599893862846649,0,0.0,0.0,0.0,1.0
2024-07-16,113492.91380447692,0.000365817337151,9.434032122601632e-05,0,0.0,0.0,0.0,1.0
2024-07-17,113506.75556380057,0.0001219614411125,0.0,0,0.0,0.0,0.0,1.0
2024-07-18,113451.411311295,-0.000487585538241,0.0004875855382410199,0,0.0,0.0,0.0,1.0
2024-07-19,113396.02148921142,-0.0004882250599034,0.0009755725466658038,0,0.0,0.0,0.0,1.0
2024-07-22,113409.87464092957,0.0001221661177899,0.0008535256107866651,0,0.0,0.0,0.0,1.0
2024-07-23,113465.25307061865,0.0004883034203539,0.0003656389699078222,0,0.0,0.0,0.0,1.0
2024-07-24,113520.60871551871,0.0004878642879826,0.0,0,0.0,0.0,0.0,1.0
2024-07-25,113534.45047484236,0.0001219316869445,0.0,0,0.0,0.0,0.0,1.0
2024-07-26,113686.72121979695,0.0013411853786911,0.0,0,0.0,0.0,0.0,1.0
2024-07-29,113920.8597082841,0.0030625686039172195,0.0,5,0.199506603651564,0.6013841931849052,0.1991092031635309,0.0
2024-07-30,114296.03965482904,0.0032933384413150004,0.0,5,0.19784420165596814,0.6017185057411438,0.200437292602888,0.0
2024-07-31,115781.98921013047,0.013000884018282257,0.0,5,0.19847969472058372,0.6000719544773442,0.20144835080207216,0.0
2024-08-01,115975.47860193692,0.0016711527684612766,0.0,5,0.19534257978679198,0.6042375768051361,0.20041984340807184,0.0
2024-08-02,117693.10534445714,0.01481025785127939,0.0,5,0.18890784518402062,0.6139734160575625,0.19711873875841682,0.0
2024-08-05,117547.00443437189,-0.000241613481933,0.00124137186845108,0,0.0,0.0,0.0,1.0
2024-08-06,117404.75541457532,-0.0012101458517047,0.0024500154791387008,0,0.0,0.0,0.0,1.0
2024-08-07,117333.63673790183,-0.0006057563547776,0.003054287721470539,0,0.0,0.0,0.0,1.0
2024-08-08,117276.71613037396,-0.0004851175597244,0.0035379235925887542,0,0.0,0.0,0.0,1.0
2024-08-09,117305.19393381228,0.000242825723451,0.003295956967993563,0,0.0,0.0,0.0,1.0
2024-08-12,117857.69035649435,0.00571562150166092,0.0,5,0.1989678560577921,0.5987593256575424,0.2022728182846654,0.0
2024-08-13,118696.2186653242,0.007114752599456841,0.0,5,0.20081128150181415,0.5986526194998574,0.2005360989983285,0.0
2024-08-14,119022.83701034874,0.002751716513779328,0.0,5,0.20089199907366476,0.6007532405379951,0.1983547603883401,0.0
2024-08-15,118929.72911426239,-0.0007822691714050131,0.0007822691714050034,5,0.20449531416546082,0.5963715448948048,0.1991331409397343,0.0
2024-08-16,119762.8215072512,0.007004912894305992,0.0,5,0.2035280947344107,0.5942968423397144,0.20217506292587498,0.0
2024-08-19,119614.04633488895,-0.0002424908822434,0.0012422483913611115,0,0.0,0.0,0.0,1.0
2024-08-20,119787.98964663401,0.0014542047282479,0.0,0,0.0,0.0,0.0,1.0
2024-08-21,119918.43821271202,0.0010889953697597,0.0,0,0.0,0.0,0.0,1.0
2024-08-22,119759.03674731764,-0.0013292490109955,0.0013292490109955146,0,0.0,0.0,0.0,1.0
2024-08-23,120034.41627428569,0.0022994467427879,0.0,0,0.0,0.0,0.0,1.0
2024-08-26,119976.42724349885,-0.0004831033680734,0.00048310336807344534,0,0.0,0.0,0.0,1.0
2024-08-27,120048.91055940547,0.0006041463108374,0.0,0,0.0,0.0,0.0,1.0
2024-08-28,120034.41627428569,-0.0001207364985841,0.0001207364985841286,0,0.0,0.0,0.0,1.0
2024-08-29,120019.89820855047,-0.000120949192622,0.00024167108822403804,0,0.0,0.0,0.0,1.0
2024-08-30,120019.89820855047,0.0,0.00024167108822403804,0,0.0,0.0,0.0,1.0
2024-09-03,120479.29962443536,0.004832542970508359,0.0,5,0.194942105904193,0.6068803110990212,0.1981775829967857,0.0
2024-09-04,121388.22134028462,0.007544214804390418,0.0,5,0.19308642886498745,0.6101003122352703,0.19681325889974235,0.0
2024-09-05,121949.14326927905,0.004620892561083144,0.0,5,0.19173084013567437,0.6107288052362898,0.19754035462803574,0.0
2024-09-06,121369.82743911783,-0.004750470684997124,0.004750470684997121,5,0.1894037274773684,0.6135823271587747,0.19701394536385686,0.0
2024-09-09,122049.41807902348,0.005599337613349991,0.0,5,0.1904579235558538,0.612801133800428,0.19674094264371833,0.0
2024-09-10,122570.8336030218,0.00488468672558842,0.0,3,0.7995788571008225,0.20042114289917756,0.0,0.0
2024-09-11,123556.74478290559,0.00804360344873652,0.0,3,0.801336077716127,0.19866392228387295,0.0,0.0
2024-09-12,124276.05780046301,0.005821721985483366,0.0,3,0.8034086082255876,0.19659139177441246,0.0,0.0
2024-09-13,124863.4088603974,0.004726180330546312,0.0,3,0.8038057963538651,0.19619420364613493,0.0,0.0
2024-09-16,125236.08639491154,0.0029846817247383864,0.0,3,0.8025973716617569,0.1974026283382431,0.0,0.0
2024-09-17,125155.57807457326,-0.0006402567043599801,0.0006428524130370761,3,0.8008396410044334,0.19916035899556656,0.0,0.0
2024-09-18,124549.33566923566,-0.004843910392682382,0.005483648886234982,3,0.8023510068997964,0.19764899310020356,0.0,0.0
2024-09-19,126173.0453972789,0.013036679154638893,0.0,3,0.8055410497505444,0.19445895024945575,0.0,0.0
2024-09-20,125903.42094215988,-0.0021369418029821316,0.002136941802982184,3,0.8058706879246623,0.19412931207533765,0.0,0.0
2024-09-23,126105.05138038126,0.0016014690999859443,0.0005388949492622919,3,0.8065926603899571,0.19340733961004303,0.0,0.0
2024-09-24,126100.08237073537,0.0009615578258459,0.0005782774467699703,0,0.0,0.0,0.0,1.0
2024-09-25,125994.08214623028,-0.0008406039275489,0.0014183952720259185,0,0.0,0.0,0.0,1.0
2024-09-26,125872.9956083952,-0.0009610494062297,0.0023780815303215963,0,0.0,0.0,0.0,1.0
2024-09-27,126069.79836030175,0.0015635025682461,0.0008182970986556626,0,0.0,0.0,0.0,1.0
2024-09-30,125888.13142562457,-0.001441002817804,0.0022581207480347754,0,0.0,0.0,0.0,1.0
2024-10-01,125968.66189390881,0.0006396986544503,0.0016198666103884873,0,0.0,0.0,0.0,1.0
2024-10-02,125938.24174775195,-0.0002414897935685,0.0018609652227036255,0,0.0,0.0,0.0,1.0
2024-10-03,125771.16608741121,-0.0013266475537699,0.003185143931513257,0,0.0,0.0,0.0,1.0
2024-10-04,125345.87808800754,-0.0033814427633445,0.006555816312960316,0,0.0,0.0,0.0,1.0
2024-10-07,125178.75292376743,-0.0013333120066602,0.007880387371016928,0,0.0,0.0,0.0,1.0
2024-10-08,125285.09967556804,0.0008495591249848,0.007037523101031562,0,0.0,0.0,0.0,1.0
2024-10-09,125163.56760263871,-0.0009700441093478,0.00800074050255084,0,0.0,0.0,0.0,1.0
2024-10-10,125269.90197846446,0.0008495633183238,0.007157974319877303,0,0.0,0.0,0.0,1.0
2024-10-11,125376.23635429022,0.0008488421731505,0.006315208137203765,0,0.0,0.0,0.0,1.0
2024-10-14,125315.44556587587,-0.000484866910844,0.00679701301258695,0,0.0,0.0,0.0,1.0
2024-10-15,125376.23635429022,0.0004851021208107,0.006315208137203765,0,0.0,0.0,0.0,1.0
2024-10-16,125452.16295993395,0.0006055900851034,0.005713442479533648,0,0.0,0.0,0.0,1.0
2024-10-17,125345.87808800755,-0.0008472143438479,0.006555816312960205,0,0.0,0.0,0.0,1.0
2024-10-18,125452.16295993394,0.0008479327246146,0.005713442479533759,0,0.0,0.0,0.0,1.0
2024-10-21,125269.90197846443,-0.0014528325153525,0.007157974319877525,0,0.0,0.0,0.0,1.0
2024-10-22,125474.60543486108,0.00263673601416194,0.005535571882398949,5,0.19936808306125345,0.5990060863021048,0.2016258306366418,0.0
2024-10-23,124737.6166646518,-0.005873608987691896,0.01137666708533025,5,0.19871352823745103,0.6009134315689163,0.2003730401936326,0.0
2024-10-24,125463.8375825306,0.0058219880842457035,0.005620913821293816,5,0.19799060741527785,0.6012635704115842,0.2007458221731378,0.0
2024-10-25,125083.72171172155,-0.0030296847134060677,0.008633568938020142,5,0.19852372738729435,0.59970622087752,0.2017700517351856,0.0
2024-10-28,124957.93570688588,-0.0010056145045441356,0.009630501400414215,5,0.1993378638358898,0.5986810086264611,0.20198112753764896,0.0
2024-10-29,124878.4244368351,0.0003640597738476,0.010260677757023662,0,0.0,0.0,0.0,1.0
2024-10-30,124772.39456325329,-0.0008490647928975,0.011101030569686254,0,0.0,0.0,0.0,1.0
2024-10-31,124802.67999407492,0.0002427254115595,0.010860999660340487,0,0.0,0.0,0.0,1.0
2024-11-01,124761.64095124936,-0.0003288314227508,0.011186259645120544,0,0.0,0.0,0.0,1.0
2024-11-04,124852.84293962255,0.0007310098494843,0.010463427061615627,0,0.0,0.0,0.0,1.0
2024-11-05,124822.4216996941,-0.000243656765935,0.010704534342752203,0,0.0,0.0,0.0,1.0
2024-11-06,124670.36488518152,-0.0012181851020195,0.011909679340511348,0,0.0,0.0,0.0,1.0
2024-11-07,124883.26417955103,0.0017076976919541,0.010222319780478939,0,0.0,0.0,0.0,1.0
2024-11-08,124792.0498448954,-0.0007303967849886,0.010945250215964708,0,0.0,0.0,0.0,1.0
2024-11-11,124700.78612511003,-0.0007313263937792,0.011668572059374438,0,0.0,0.0,0.0,1.0
2024-11-12,124579.17524309081,-0.0009752214544759,0.01263241407203497,0,0.0,0.0,0.0,1.0
2024-11-13,124761.64095124938,0.0014646565752465,0.011186259645120322,0,0.0,0.0,0.0,1.0
2024-11-14,124579.17524309081,-0.0014625144937768,0.01263241407203497,0,0.0,0.0,0.0,1.0
2024-11-15,124716.00909135671,0.0010983685515568,0.011547920566825076,0,0.0,0.0,0.0,1.0
2024-11-18,124807.23577229479,0.0007314753061995,0.010824892279358123,0,0.0,0.0,0.0,1.0
2024-11-19,125342.37460365394,0.005293015823301381,0.006583583609394816,2,0.3993483899717841,0.39992220889915153,0.2007294011290643,0.0
2024-11-20,125340.76709926568,-1.2824907724443723e-05,0.006596324083267047,2,0.39948886583102344,0.3986486270108457,0.20186250715813084,0.0
2024-11-21,125781.8753527772,0.003519272011173989,0.0031002663308159484,2,0.4002248782563626,0.39694300352475165,0.20283211821888586,0.0
2024-11-22,126294.46228714874,0.0040752050558468846,0.0,2,0.39983596148478534,0.3955508068193774,0.2046132316958373,0.0
2024-11-25,126997.7553403811,0.005568676888091293,0.0,2,0.39897050922171345,0.4035436656713901,0.19748582510689647,0.0
2024-11-26,126870.75758504072,0.0,0.0010000000000000009,0,0.0,0.0,0.0,1.0
2024-11-27,126947.9959910132,0.0006087959703457,0.0003918128256246156,0,0.0,0.0,0.0,1.0
2024-11-29,127102.38504628852,0.0012161598461644,0.0,0,0.0,0.0,0.0,1.0
2024-12-02,127094.6373860238,-6.095605729117271e-05,6.0956057291172705e-05,0,0.0,0.0,0.0,1.0
2024-12-03,127110.13270655327,0.0001219195463173,0.0,0,0.0,0.0,0.0,1.0
2024-12-04,128036.50644319532,0.008296257625588981,0.0,5,0.1995860639620318,0.6014577915077343,0.198956144530234,0.0
2024-12-05,127961.55485165244,-0.0005853923511739171,0.0005853923511739412,5,0.19937435040019783,0.603025651293314,0.1975999983064882,0.0
2024-12-06,128133.90513907635,0.0013468911629256246,0.0,5,0.19948360007142998,0.6031090634257595,0.19740733650281034,0.0
2024-12-09,127540.91661142463,-0.00462788148857312,0.004627881488573071,5,0.19937900671934028,0.6003284950574506,0.20029249822320905,0.0
2024-12-10,127437.91113225119,-0.0008076269318909571,0.005431770818736248,5,0.1989197920909684,0.5979869730779953,0.2030932348310364,0.0
2024-12-11,127908.15269102095,0.0042936270188403,0.0017618478716493469,3,0.802737852673514,0.19726214732648578,0.0,0.0
2024-12-12,127072.60199272033,-0.006532427220014729,0.008282765948669724,3,0.8038527429050342,0.1961472570949658,0.0,0.0
2024-12-13,126797.82968901652,-0.0021623253116320484,0.010427181225840632,3,0.8054348610261132,0.1945651389738869,0.0,0.0
2024-12-16,127307.79933586741,0.004021911479886036,0.0064472069458296755,3,0.8056338419479553,0.19436615805204474,0.0,0.0
2024-12-17,126945.43006549678,-0.002846402751921056,0.009275258350157967,3,0.8046047842952772,0.19539521570472285,0.0,0.0
2024-12-18,126586.00427864841,-0.0018331740633173,0.012080337821186782,0,0.0,0.0,0.0,1.0
2024-12-19,126725.51999335182,0.0011021417059369,0.010991510359384393,0,0.0,0.0,0.0,1.0
2024-12-20,126741.02035050908,0.0001223144095843,0.010870540369900095,0,0.0,0.0,0.0,1.0
2024-12-23,126663.51856472276,-0.0006114972529965,0.01147539031732181,0,0.0,0.0,0.0,1.0
2024-12-24,126725.51999335182,0.0004894971285467,0.010991510359384393,0,0.0,0.0,0.0,1.0
2024-12-26,126591.1342104929,-6.0508181751840036e-05,0.012040302111364865,3,0.8001016861340652,0.19989831386593485,0.0,0.0
2024-12-27,125317.47359368861,-0.010061214987508317,0.021980377030816234,3,0.799725559145064,0.20027444085493595,0.0,0.0
2024-12-30,124375.51472823958,-0.007516580397264568,0.02933174015696638,3,0.7965871163993707,0.2034128836006293,0.0,0.0
2024-12-31,123879.63759575106,-0.003986935318997522,0.033201731725164496,3,0.7968660780131407,0.20313392198685934,0.0,0.0
2025-01-02,123706.24656150112,-0.0013996734056952518,0.03455493354994099,3,0.7960222502173656,0.20397774978263447,0.0,0.0
2025-01-03,124864.04041942177,0.00936323403224522,0.02551912170401327,3,0.8024889181101362,0.19751108188986366,0.0,0.0
2025-01-06,125331.08086959652,0.0037403919383512574,0.021874181282757643,3,0.8041040836842306,0.19589591631576947,0.0,0.0
2025-01-07,123914.9852191688,-0.011298838569030946,0.03292586700864497,3,0.8040998489756341,0.19590015102436587,0.0,0.0
2025-01-08,124091.64675700775,0.001425667263135979,0.03154714107621348,3,0.8041282288238666,0.19587177117613344,0.0,0.0
2025-01-10,122407.13221049591,-0.01357476180335004,0.04469365795387725,3,0.8027483769944348,0.19725162300556517,0.0,0.0
2025-01-13,122314.62957077616,0.0002445480616781,0.04541557959998144,0,0.0,0.0,0.0,1.0
2025-01-14,122344.49790305832,0.0002441926398091,0.04518247711044332,0,0.0,0.0,0.0,1.0
2025-01-15,122613.50574804355,0.0021987735418913,0.04308304960377951,0,0.0,0.0,0.0,1.0
2025-01-16,122688.21273895753,0.0006092884340775,0.042500011173530305,0,0.0,0.0,0.0,1.0
2025-01-17,122658.3323532725,-0.0002435473222566,0.04273320773186973,0,0.0,0.0,0.0,1.0
2025-01-21,122703.14690509862,0.0003653608439502,0.042383459928761136,0,0.0,0.0,0.0,1.0
2025-01-22,122673.2665194136,-0.0002435176801792,0.04261665648710056,0,0.0,0.0,0.0,1.0
2025-01-23,122673.2665194136,0.0,0.04261665648710056,0,0.0,0.0,0.0,1.0
2025-01-24,122747.9735103276,0.0006089916167852,0.04203361805685124,0,0.0,0.0,0.0,1.0
2025-01-27,122927.32814485491,0.0014611616745934,0.040633874294007,0,0.0,0.0,0.0,1.0
2025-01-28,122957.18442373422,0.0002428774734624,0.040400865873270075,0,0.0,0.0,0.0,1.0
2025-01-29,122882.47743282025,-0.0006075854067748,0.04098390430351917,0,0.0,0.0,0.0,1.0
2025-01-30,122957.18442373424,0.000607954791234,0.04040086587326985,0,0.0,0.0,0.0,1.0
2025-01-31,122972.11858987533,0.0001214582637938,0.040284314628500684,0,0.0,0.0,0.0,1.0
2025-02-03,122886.6840704177,-0.0006947470730545,0.040951074291877054,0,0.0,0.0,0.0,1.0
2025-02-04,123006.62748225783,0.0009760488920946,0.04001499565047506,0,0.0,0.0,0.0,1.0
2025-02-05,123081.58759463184,0.0006093989723019,0.03942998177539914,0,0.0,0.0,0.0,1.0
2025-02-06,123036.61634856858,-0.0003653775267457,0.039780952472924125,0,0.0,0.0,0.0,1.0
2025-02-07,122901.69055697594,-0.0010966311948176,0.040833958634300394,0,0.0,0.0,0.0,1.0
2025-02-10,122961.65623619457,0.0004879158207415,0.04036596634800005,0,0.0,0.0,0.0,1.0
2025-02-11,122931.66736988383,-0.0002438879503472,0.04060000952555076,0,0.0,0.0,0.0,1.0
2025-02-12,122766.74065857759,-0.0013416129044276,0.04188715293327905,0,0.0,0.0,0.0,1.0
2025-02-13,122931.66736988383,0.0013434152476599,0.04060000952555076,0,0.0,0.0,0.0,1.0
2025-02-14,123096.59408119008,0.0013416129044276,0.039312866117822476,0,0.0,0.0,0.0,1.0
2025-02-18,122991.64510250532,-0.0008525741875159,0.04013192317044911,0,0.0,0.0,0.0,1.0
2025-02-19,123081.58759463186,0.0007312894469504,0.039429981775399026,0,0.0,0.0,0.0,1.0
2025-02-20,123096.5940811901,0.0001219230824975,0.039312866117822365,0,0.0,0.0,0.0,1.0
2025-02-21,123306.4679317539,0.0017049525385355,0.037674940150171476,0,0.0,0.0,0.0,1.0
2025-02-24,123396.446584089,0.0007297155927368,0.03697271654871759,0,0.0,0.0,0.0,1.0
2025-02-25,123561.39740220098,0.0013367550093881,0.035685385003386694,0,0.0,0.0,0.0,1.0
2025-02-26,123606.36864826425,0.0003639587040027,0.035334414305861594,0,0.0,0.0,0.0,1.0
2025-02-27,123651.36400113322,0.000364021315091,0.03498325547073422,0,0.0,0.0,0.0,1.0
2025-02-28,123876.2563916581,0.0018187619064422,0.03322811977670548,0,0.0,0.0,0.0,1.0
2025-03-03,123955.94143795244,0.0006432632742985,0.032606230931533364,0,0.0,0.0,0.0,1.0
2025-03-04,123970.98408471924,0.0001213547861627,0.0324888330675529,0,0.0,0.0,0.0,1.0
2025-03-05,123571.4679401062,-0.0022248833753012605,0.03560679114570098,5,0.20260033002834382,0.5965365106484297,0.20086315932322657,0.0
2025-03-06,122757.12028296773,-0.006590094547822155,0.04196223357332829,5,0.2003240728269298,0.5985076774377017,0.20116824973536854,0.0
2025-03-07,122672.16206576933,-0.0006920838237534778,0.04262527601401711,5,0.20158640291190236,0.5970009519806103,0.2014126451074873,0.0
2025-03-10,122561.1133715516,-0.0009052477134803132,0.04349193729384926,5,0.19639483190092086,0.6037751838196909,0.19982998427938828,0.0
2025-03-11,122119.96295470888,-0.0035994321910681427,0.04693482320577014,5,0.19546578906975978,0.6016303737067799,0.2029038372234605,0.0
2025-03-12,122418.44164898858,0.0030505216968273806,0.04460539530020735,3,0.8017992842505459,0.19820071574945405,0.0,0.0
2025-03-13,121323.28850760289,-0.008945981721657848,0.053152337970822194,3,0.7982520087570051,0.20174799124299492,0.0,0.0
2025-03-14,123194.13630336539,0.01542035184485825,0.038551613878850755,3,0.8023678330278925,0.1976321669721075,0.0,0.0
2025-03-17,124077.87737979053,0.00717356444830251,0.0316546019172943,3,0.8027961630989376,0.19720383690106227,0.0,0.0
2025-03-18,123025.56254778393,-0.008481083447177034,0.039867220044123575,3,0.8009118375370485,0.1990881624629515,0.0,0.0
2025-03-19,123081.54400072247,0.0014564956906286,0.03943032199689889,0,0.0,0.0,0.0,1.0
2025-03-20,123111.40839160504,0.0002426390660357,0.03919725026736598,0,0.0,0.0,0.0,1.0
2025-03-21,123186.00959220846,0.0006059649676504,0.03861503746020578,0,0.0,0.0,0.0,1.0
2025-03-24,123021.87499556036,-0.0013324126432169,0.03989599893929252,0,0.0,0.0,0.0,1.0
2025-03-25,123066.63571592238,0.0003638435876842,0.03954667125499656,0,0.0,0.0,0.0,1.0
2025-03-26,122144.82209488866,-0.00649685860995886,0.0467408141325838,5,0.1989045664184669,0.5999538413365345,0.20114159224499858,0.0
2025-03-27,122196.00206056987,0.0004190105221281155,0.0463413885033902,5,0.19829321976969064,0.597954112039985,0.20375266819032442,0.0
2025-03-28,122903.4147551059,0.0057891639874222975,0.040820502413418835,5,0.19318160955786243,0.602736943372763,0.2040814470693747,0.0
2025-03-31,124154.474862596,0.010179213571754143,0.031056809453837153,5,0.1925187101204051,0.602554568341236,0.20492672153835897,0.0
2025-04-01,124819.89829153236,0.005359641121858878,0.02586362168504097,5,0.19203323894989746,0.6045357489910685,0.20343101205903402,0.0
2025-04-02,124604.3555660796,-0.0007275574010638,0.027545789454912706,0,0.0,0.0,0.0,1.0
2025-04-03,125073.05193416645,0.003761476602945,0.023887925694511924,0,0.0,0.0,0.0,1.0
2025-04-04,124997.47171651675,-0.0006042885855978,0.02447777907927895,0,0.0,0.0,0.0,1.0
2025-04-07,125012.57809968975,0.0001208535097994,0.02435988379499332,0,0.0,0.0,0.0,1.0
2025-04-08,124936.99788204006,-0.0006045809053664,0.024949737179760345,0,0.0,0.0,0.0,1.0
2025-04-09,131272.36973868922,0.05176029310602604,0.0,2,0.420255217936082,0.38255322470775066,0.19719155735616734,0.0
2025-04-10,128102.72964507321,-0.02414552353953457,0.024145523539534586,2,0.41178273803909854,0.3812113139475746,0.20700594801332678,0.0
2025-04-11,129815.69408411843,0.013371802800699332,0.011096589918125566,2,0.41359956190632485,0.37822708989838555,0.20817334819528963,0.0
2025-04-14,130532.72924891394,0.005523485968737177,0.0056343958081019885,2,0.4153180491186087,0.37883343640684247,0.2058485144745489,0.0
2025-04-15,130696.65376898533,0.0012558116344813135,0.0043856599134296514,2,0.41363533385755286,0.3796986077916225,0.20666605835082463,0.0
2025-04-16,131374.80053609677,0.00541020122213412,0.0,5,0.19450211178429966,0.6001009648482453,0.20539692336745502,0.0
2025-04-17,130596.45132513485,-0.005924646186222379,0.005924646186222349,5,0.19594048934840777,0.5983456400326925,0.20571387061889979,0.0
2025-04-21,129452.55800845874,-0.008758992339143052,0.014631744594808094,5,0.19296676972445417,0.5930814789137864,0.2139517513617595,0.0
2025-04-22,130137.84136197904,0.005293702681993508,0.009415498018418345,5,0.19694478886210132,0.5932512875177436,0.20980392362015501,0.0
2025-04-23,130630.19546003186,0.003783327684707128,0.005667792248029491,5,0.1992426959553178,0.5967559950347578,0.20400130900992422,0.0
2025-04-24,132385.65761797858,0.01344246534889512,0.0,5,0.2015011341823614,0.5982790582395282,0.2002198075781104,0.0
2025-04-25,132874.46866114248,0.003692326283368547,0.0,5,0.2022104157736139,0.6004690673978159,0.1973205168285702,0.0
2025-04-28,133760.77632370847,0.006670263079856769,0.0,5,0.20094716536857138,0.6002481382178435,0.19880469641358506,0.0
2025-04-29,134344.30734210863,0.004362497246486981,0.0,5,0.20133468767821897,0.6026518681397106,0.19601344418207023,0.0
2025-04-30,133502.78862840883,-0.00626389558551881,0.006263895585518653,5,0.20268417584657855,0.6015426934329257,0.19577313072049587,0.0
2025-05-01,132730.66201217505,-0.005779396719960759,0.012011266884754734,5,0.20258821125781717,0.6004277976185108,0.19698399112367201,0.0
2025-05-02,132312.87437652535,-0.0031476346860334794,0.01512109449051846,5,0.20624466363070823,0.5958038990391399,0.1979514373301519,0.0
2025-05-05,132498.3424400282,0.0014017386016047689,0.013740551710759608,5,0.20477492642859602,0.591646635009176,0.20357843856222804,0.0
2025-05-06,133288.0904908967,0.005960437212457601,0.007862014194038536,5,0.20186019816990924,0.590096310710204,0.20804349111988674,0.0
2025-05-07,133317.9600534386,0.00022409776021187712,0.007639678293598351,5,0.20266368786601782,0.5924579425095293,0.20487836962445274,0.0
2025-05-08,132085.8166723818,-0.00923466856398696,0.01681121228289617,5,0.20327071223025378,0.5988407067716065,0.19788858099813966,0.0
2025-05-09,132359.53916680484,0.0020723079988366104,0.014773742293743508,5,0.20259186762930917,0.5984961410883447,0.19891199128234616,0.0
2025-05-12,131766.39150451272,-0.004481336713817105,0.01918887289381921,5,0.2102291155285063,0.5955961730163605,0.1941747114551331,0.0
2025-05-13,131739.77709199948,-0.00020198179679473124,0.019386978887588446,5,0.2116601685299981,0.5932987366049628,0.19504109486503912,0.0
2025-05-14,130716.15632908346,-0.007770020456321148,0.027006362121366756,5,0.21359028865850224,0.5939766486494772,0.19243306269202048,0.0
2025-05-15,131948.82254328468,0.00944381701410092,0.01783093639184752,5,0.19909662503487133,0.5996115474443519,0.20129182752077687,0.0
2025-05-16,132005.6127276823,0.0004303955374744643,0.017408215209825162,5,0.20027153683045137,0.6009552105964434,0.19877325257310513,0.0
2025-05-19,132142.72259154386,0.0010386669250526147,0.016387629622135136,5,0.2002825917286348,0.5985927243611585,0.20112468391020658,0.0
2025-05-20,131978.72497353228,-0.001241064318906945,0.017608355838646506,5,0.19985722577911247,0.5950181241939151,0.2051246500269725,0.0
2025-05-21,130391.9434705774,-0.01202300979398835,0.029419660197930853,5,0.19888062021075123,0.5919665330902796,0.2091528466989692,0.0
2025-05-22,130579.90046160958,0.00145064315131662,0.028020590935148193,5,0.19978909769312775,0.6022703421023925,0.19794056020447978,0.0
2025-05-23,131098.45646688662,0.003971177826326176,0.024160687858224117,5,0.19764054355504374,0.6008828527340221,0.2014766037109342,0.0
2025-05-27,132288.89118657066,0.009080463277496476,0.015299614819583196,5,0.19993410987877283,0.603786452327324,0.19627943779390317,0.0
2025-05-28,131732.28918120384,-0.004207473510242239,0.019442715605755168,5,0.19961726415253908,0.603720620124735,0.1966621157227258,0.0
2025-05-29,132725.6218584486,0.007540540617785728,0.012048783574714728,5,0.1989053877080789,0.6047478899246702,0.1963467223672508,0.0
2025-05-30,132640.883631887,-0.00063370175312684,0.012679537703699229,5,0.19990301964320406,0.6012863821974938,0.1988105981593022,0.0
2025-06-02,132748.93687840685,0.0008146300262874289,0.01187523680954461,5,0.20086540551827176,0.5952055283625793,0.20392906611914896,0.0
2025-06-03,132522.09671134432,-0.0017087908377775125,0.0135637353514656,5,0.20235663716423175,0.5951742235954944,0.2024691392402738,0.0
2025-06-04,133968.14370059472,0.010911742457562656,0.0027999968808205544,5,0.2001186794121264,0.5983074030761512,0.20157391751172246,0.0
2025-06-05,133757.87219526008,-0.0015695634762588472,0.004365165584241604,5,0.19946460628735155,0.5996641198621552,0.2008712738504933,0.0
2025-06-06,132652.40306759562,-0.00826383922570296,0.012593792085321298,5,0.20373745980684985,0.5973015734914977,0.19896096670165245,0.0
2025-06-09,132884.8417951724,0.0017522391016040095,0.010863620318646627,5,0.20356438040143957,0.5968855081429504,0.1995501114556101,0.0
2025-06-10,133454.4596436829,0.004286552482701492,0.006623635314592979,5,0.2038447837690723,0.5973985156531448,0.1987567005777829,0.0
2025-06-11,133761.80996645827,0.002303035234610888,0.00433585454549279,5,0.20279633471283254,0.5978303993056904,0.1993732659814772,0.0
2025-06-12,135157.01615157467,0.010430527109840012,0.0,5,0.20150054628284544,0.5987335950525031,0.19976585866465152,0.0
2025-06-13,134923.65483320324,-0.0007273215081519,0.0017265941866437817,0,0.0,0.0,0.0,1.0
2025-06-16,134907.25713150948,-0.0001215331864085,0.0018479175345591514,0,0.0,0.0,0.0,1.0
2025-06-17,134972.74399088867,0.0004854213240386,0.0013633932290969542,0,0.0,0.0,0.0,1.0
2025-06-18,135038.23085026786,0.0004851858045029,0.0008788689236346459,0,0.0,0.0,0.0,1.0
2025-06-20,135136.47413276116,0.000727521990437,0.0001519863296662871,0,0.0,0.0,0.0,1.0
2025-06-23,136155.5261413721,0.008549459603594801,0.0,3,0.8010534147816725,0.1989465852183276,0.0,0.0
2025-06-24,137557.09148030178,0.010293855700534814,0.0,3,0.8016507240071888,0.19834927599281107,0.0,0.0
2025-06-25,137653.22799882662,0.0006988844958139658,0.0,3,0.801539772864517,0.19846022713548286,0.0,0.0
2025-06-26,138653.8224920379,0.007268950447132313,0.0,3,0.8019813051700817,0.19801869482991824,0.0,0.0
2025-06-27,139031.46996382225,0.002723671551183172,0.0,3,0.8037765833538165,0.19622341664618348,0.0,0.0
2025-06-30,140233.8471964739,0.00925760404254542,0.0,5,0.19911294711334018,0.6003466669150376,0.2005403859716222,0.0
2025-07-01,140684.49525024774,0.003213546963041344,0.0,5,0.19841088872943452,0.5999074148993543,0.20168169637121108,0.0
2025-07-02,140431.64954579977,-0.00179725352106646,0.001797253521066522,5,0.19966919414399542,0.597169161484187,0.20316164437181752,0.0
2025-07-03,139873.884357308,-0.003971791190203564,0.005761906395568506,5,0.20204534891619702,0.5953745547702948,0.20258009631350807,0.0
2025-07-07,138889.75251319117,-0.007035851250136609,0.012757217729388759,5,0.20196067793763733,0.5938710400509173,0.2041682820114454,0.0
2025-07-08,138767.70259747808,0.0001213674384796,0.013624761203145264,0,0.0,0.0,0.0,1.0
2025-07-09,138885.5947777346,0.0008495649783759,0.012786771344726167,0,0.0,0.0,0.0,1.0
2025-07-10,138885.5947777346,0.0,0.012786771344726167,0,0.0,0.0,0.0,1.0
2025-07-11,138851.9017814787,-0.0002425953268216,0.013026264660574327,0,0.0,0.0,0.0,1.0
2025-07-14,138868.74161827881,0.0001212791224611,0.01290656535206014,0,0.0,0.0,0.0,1.0
2025-07-15,138734.0229238779,-0.0009701153249536,0.013864159820173305,0,0.0,0.0,0.0,1.0
2025-07-16,138919.26112867915,0.0013352038735507,0.0125474674265178,0,0.0,0.0,0.0,1.0
2025-07-17,138868.74161827881,-0.00036366094946,0.01290656535206014,0,0.0,0.0,0.0,1.0
2025-07-18,138986.60715322391,0.0008487549722966,0.01206876489128128,0,0.0,0.0,0.0,1.0
2025-07-21,139070.83298253588,0.0006059996069918,0.01147007895107055,0,0.0,0.0,0.0,1.0
2025-07-22,139171.85868068086,0.0007264334007237,0.010751977798805878,0,0.0,0.0,0.0,1.0
2025-07-23,139053.99314573576,-0.0008469063793675,0.011589778259584738,0,0.0,0.0,0.0,1.0
2025-07-24,138936.10096547927,-0.0008478158561971,0.012427768118003613,0,0.0,0.0,0.0,1.0
2025-07-25,139020.32679479124,0.0006062199005634,0.011829082177792882,0,0.0,0.0,0.0,1.0
2025-07-28,139003.47363533545,-0.0001212280235873,0.011948876185126966,0,0.0,0.0,0.0,1.0
2025-07-29,139121.37913824766,0.0008482198309771,0.011110791627887862,0,0.0,0.0,0.0,1.0
2025-07-30,138969.78063907954,-0.0010896851375911,0.012188369500975127,0,0.0,0.0,0.0,1.0
2025-07-31,138969.78063907954,0.0,0.012188369500975127,0,0.0,0.0,0.0,1.0
2025-08-01,139662.5320899754,0.0049849071338394,0.007264220257210852,0,0.0,0.0,0.0,1.0
2025-08-04,139696.33166747692,0.0002420089124528,0.007023969350802184,0,0.0,0.0,0.0,1.0
2025-08-05,139467.22183004682,-0.0006406969152520802,0.008652505864527926,2,0.39822713324915726,0.40148372387351544,0.20028914287732727,0.0
2025-08-06,139510.0874258651,0.0003073524750532237,0.008347812758567552,2,0.40115416157947836,0.39904294016162084,0.19980289825890082,0.0
2025-08-07,139603.3253536767,0.000668323915008227,0.007685067886463837,2,0.40055044279893964,0.398095294454375,0.20135426274668528,0.0
2025-08-08,139792.18065025218,0.0013527994128868864,0.006342664828901889,2,0.4031284049696646,0.39583431415676845,0.201037280873567,0.0
2025-08-11,139340.15942641077,-0.0032335229462678887,0.009555678622904962,2,0.4036364246907616,0.39757335250877324,0.19879022280046504,0.0
2025-08-12,139301.93172386583,0.0007263783174116,0.009827405101909936,0,0.0,0.0,0.0,1.0
2025-08-13,139487.24477879156,0.0013302978116129,0.008510180665797784,0,0.0,0.0,0.0,1.0
2025-08-14,139335.60930607512,-0.0010870920345221,0.009588021350705689,0,0.0,0.0,0.0,1.0
2025-08-15,139285.08629024014,-0.000362599453841,0.009947144193241386,0,0.0,0.0,0.0,1.0
2025-08-18,139285.08629024014,0.0,0.009947144193241386,0,0.0,0.0,0.0,1.0
2025-08-19,139327.06138241553,0.0013026636585313997,0.009648780879638719,5,0.1986561975852331,0.6026972279777668,0.1986465744370001,0.0
2025-08-20,139717.7935735742,0.002804424261028656,0.0068714158937983605,5,0.19757426993987165,0.6023295746896729,0.2000961553704554,0.0
2025-08-21,139093.32716813913,-0.004469483731907241,0.01131018794415306,5,0.19766510049742925,0.6020378323207228,0.20029706718184795,0.0
2025-08-22,140434.07618042926,0.009639204407479571,0.0017800047501541627,5,0.19878450515869367,0.6007067069345535,0.2005087879067528,0.0
2025-08-25,140000.92195739137,-0.003084395431785101,0.0048589099434194205,5,0.1985219327752307,0.6008346115720634,0.2006434556527059,0.0
2025-08-26,139979.11306295887,0.0008450682767557,0.005013929829539077,0,0.0,0.0,0.0,1.0
2025-08-27,140080.4718822819,0.0007240995967552,0.004293460817351602,0,0.0,0.0,0.0,1.0
2025-08-28,140029.7858139146,-0.0003618353628184,0.004653742654217474,0,0.0,0.0,0.0,1.0
2025-08-29,140148.0444284973,0.0008445247123338,0.0038131481425598412,0,0.0,0.0,0.0,1.0
2025-09-02,140076.84954633977,-0.0005079976852181,0.0043192087573481475,0,0.0,0.0,0.0,1.0
2025-09-03,140850.71546060135,0.00653111220299614,0.0,3,0.7991165172927,0.20088348270729994,0.0,0.0
2025-09-04,142007.1135323793,0.008210097250811748,0.0,3,0.7992332847040254,0.20076671529597456,0.0,0.0
2025-09-05,142113.09870287834,0.000746337052156744,0.0,3,0.7963242237019882,0.20367577629801184,0.0,0.0
2025-09-08,142776.77940573424,0.0046700881826769285,0.0,3,0.794569745282797,0.20543025471720308,0.0,0.0
2025-09-09,142872.36410902085,0.0006694695291802394,0.0,3,0.7958738855411135,0.2041261144588865,0.0,0.0
2025-09-10,142746.7064732723,0.0001206108713063,0.0008795097395649654,0,0.0,0.0,0.0,1.0
2025-09-11,142798.36419194518,0.0003618837866676,0.0005179442332122752,0,0.0,0.0,0.0,1.0
2025-09-12,142781.13592999324,-0.000120647474146,0.0006385292186947833,0,0.0,0.0,0.0,1.0
2025-09-15,142832.78011507465,0.0003617017384336,0.0002770584373895657,0,0.0,0.0,0.0,1.0
2025-09-16,142901.6660956995,0.0004822841127181,0.0,0,0.0,0.0,0.0,1.0
2025-09-17,142832.78011507468,-0.0004820516268768,0.00048205162687664505,0,0.0,0.0,0.0,1.0
2025-09-18,142781.13592999327,-0.0003615709575898,0.0008434482885981698,0,0.0,0.0,0.0,1.0
2025-09-19,142832.78011507468,0.0003617017384336,0.00048205162687664505,0,0.0,0.0,0.0,1.0
2025-09-22,142763.9347352243,-0.0004819998588205,0.0009638191368810389,0,0.0,0.0,0.0,1.0
2025-09-23,142815.56538671424,0.0003616505217911,0.0006025171807836349,0,0.0,0.0,0.0,1.0
2025-09-24,142746.70647327235,-0.0004821527209267,0.0010843793964121495,0,0.0,0.0,0.0,1.0
2025-09-25,142626.1627739746,-0.0008444587078464,0.0019279223906347731,0,0.0,0.0,0.0,1.0
2025-09-26,142712.2634829599,0.0006036810309604,0.001325405209850694,0,0.0,0.0,0.0,1.0
2025-09-29,142763.9347352243,0.0003620659570755,0.0009638191368810389,0,0.0,0.0,0.0,1.0
2025-09-30,142832.78011507468,0.0004822322947184,0.00048205162687664505,0,0.0,0.0,0.0,1.0
2025-10-01,142998.60721145902,0.001160987668592,0.0,0,0.0,0.0,0.0,1.0
2025-10-02,143033.13140332032,0.0002414302665916,0.0,0,0.0,0.0,0.0,1.0
2025-10-03,142981.2977479582,-0.0003623891531533,0.0003623891531534529,0,0.0,0.0,0.0,1.0
2025-10-06,142946.76002250542,-0.000241554147268,0.0006038557638184949,0,0.0,0.0,0.0,1.0
2025-10-07,143015.86254059392,0.0004834143710401,0.00012073330533268756,0,0.0,0.0,0.0,1.0
2025-10-08,142998.60721145905,-0.0001206532536207,0.0002413719920870694,0,0.0,0.0,0.0,1.0
2025-10-09,142981.29774795825,-0.0001210463782715,0.0003623891531530088,0,0.0,0.0,0.0,1.0
2025-10-10,143223.10242690207,0.0016911629895126,0.0,0,0.0,0.0,0.0,1.0
2025-10-13,143499.40423052426,0.0019291706361632,0.0,0,0.0,0.0,0.0,1.0
2025-10-14,143395.8181213489,-0.0007218574162786,0.0007218574162787261,0,0.0,0.0,0.0,1.0
2025-10-15,143326.74267044335,-0.0004817117528984,0.0012032214419758214,0,0.0,0.0,0.0,1.0
2025-10-16,143516.67309325063,0.0013251569056027,0.0,0,0.0,0.0,0.0,1.0
2025-10-17,143499.40423052426,-0.0001203265262089,0.0001203265262088582,0,0.0,0.0,0.0,1.0
2025-10-20,143516.67309325066,0.0001203410064243,0.0,0,0.0,0.0,0.0,1.0
2025-10-21,143551.2378858864,0.000240841651989,0.0,0,0.0,0.0,0.0,1.0
2025-10-22,143551.2378858864,0.0,0.0,0,0.0,0.0,0.0,1.0
2025-10-23,143447.61117593662,-0.0007218795983645,0.0007218795983644499,0,0.0,0.0,0.0,1.0
2025-10-24,143533.95548956856,0.0006019222831534,0.00012039183062684256,0,0.0,0.0,0.0,1.0
2025-10-27,143499.40423052432,-0.0002407183646991,0.0003610812148013842,0,0.0,0.0,0.0,1.0
2025-10-28,143516.67309325072,0.0001203410064243,0.00024078366125379613,0,0.0,0.0,0.0,1.0
2025-10-29,143240.38482322003,-0.0019251301195589,0.0021654502409340637,0,0.0,0.0,0.0,1.0
2025-10-30,143257.62661876346,0.0001203696538842,0.0020453412415456507,0,0.0,0.0,0.0,1.0
2025-10-31,143309.47380771706,0.0003619157330561,0.0016841657496643458,0,0.0,0.0,0.0,1.0
2025-11-03,143314.65717325328,3.616903613212763e-05,0.0016480576281842074,0,0.0,0.0,0.0,1.0
2025-11-04,143366.6126309387,0.0003625271741927,0.0012861279196663133,0,0.0,0.0,0.0,1.0
2025-11-05,143262.6746483849,-0.000724980388714,0.0020101758908611655,0,0.0,0.0,0.0,1.0
2025-11-06,143435.90461930793,0.0012091772776696,0.0008034292722027825,0,0.0,0.0,0.0,1.0
2025-11-07,143505.22367486008,0.0004832754792891,0.0003205420705802986,0,0.0,0.0,0.0,1.0
2025-11-10,143470.5776806755,-0.0002414267111495,0.000561891394311953,0,0.0,0.0,0.0,1.0
2025-11-11,143591.83866032158,0.0008451975422862,0.0,0,0.0,0.0,0.0,1.0
2025-11-12,143539.88320263615,-0.0003618273724339,0.0003618273724339538,0,0.0,0.0,0.0,1.0
2025-11-13,143453.26821717466,-0.0006034210390098,0.0009650300771948395,0,0.0,0.0,0.0,1.0
2025-11-14,143505.22367486008,0.0003621768840202,0.0006032027047608857,0,0.0,0.0,0.0,1.0
2025-11-17,143487.9006777678,-0.0001207133555747,0.0007238432457130628,0,0.0,0.0,0.0,1.0
2025-11-18,143574.52919682077,0.0006037339639355,0.00012054629052937749,0,0.0,0.0,0.0,1.0
2025-11-19,143557.20619972848,-0.0001206550854752,0.00024118683148155462,0,0.0,0.0,0.0,1.0
2025-11-20,143678.48071296606,0.0008447817873304,0.0,0,0.0,0.0,0.0,1.0
2025-11-21,143851.737751072,0.0012058663012457,0.0,0,0.0,0.0,0.0,1.0
2025-11-24,143869.0607481643,0.0001204225778785,0.0,0,0.0,0.0,0.0,1.0
2025-11-25,143955.66220003433,0.0006019463213262,0.0,0,0.0,0.0,0.0,1.0
2025-11-26,143938.3527365335,-0.0001202416302095,0.00012024163020962764,0,0.0,0.0,0.0,1.0
2025-11-28,143938.3527365335,0.0,0.00012024163020962764,0,0.0,0.0,0.0,1.0
2025-12-01,143814.98051661678,-0.0008571184647537,0.0009772570336418207,0,0.0,0.0,0.0,1.0
2025-12-02,143901.86617390785,0.0006041488652916,0.0003736985770780299,0,0.0,0.0,0.0,1.0
2025-12-03,143988.76536479042,0.000603878137185,0.0,0,0.0,0.0,0.0,1.0
2025-12-04,143884.48904244966,-0.0007241976280342,0.0007241976280343287,0,0.0,0.0,0.0,1.0
2025-12-05,143832.34411448354,-0.0003624082645262,0.0010863434373549197,0,0.0,0.0,0.0,1.0
2025-12-08,143797.5898515671,-0.000241630372712,0.0013277113164973375,0,0.0,0.0,0.0,1.0
2025-12-09,143728.06779214277,-0.0004834716596856,0.0018105410653892484,0,0.0,0.0,0.0,1.0
2025-12-10,143971.3882333322,0.0016929222310377,0.00012068393957131995,0,0.0,0.0,0.0,1.0
2025-12-11,143988.7653647904,0.0001206985059423,2.220446049250313e-16,0,0.0,0.0,0.0,1.0
2025-12-12,144006.1424962486,0.000120683939571,0.0,0,0.0,0.0,0.0,1.0
2025-12-15,144093.01461994817,0.0006032529043116,0.0,0,0.0,0.0,0.0,1.0
2025-12-16,144162.52314578102,0.000482386505801,0.0,0,0.0,0.0,0.0,1.0
2025-12-17,144179.88674364774,0.0001204446029927,0.0,0,0.0,0.0,0.0,1.0
2025-12-18,144284.16306598848,0.000723237649133,0.0,0,0.0,0.0,0.0,1.0
2025-12-19,144258.02970084376,-0.0001811242799583,0.00018112427995831126,0,0.0,0.0,0.0,1.0
2025-12-22,144188.2911039558,-0.0004834295673704,0.0006644662864963014,0,0.0,0.0,0.0,1.0
2025-12-23,144118.57957425076,-0.0004834756634626,0.0011476206966802849,0,0.0,0.0,0.0,1.0
2025-12-24,144205.74943696288,0.0006048481949352,0.000543466638051826,0,0.0,0.0,0.0,1.0
2025-12-26,144310.3099647247,0.00072507877231,0.0,0,0.0,0.0,0.0,1.0
2025-12-29,144380.0350280212,0.0004831606509163,0.0,0,0.0,0.0,0.0,1.0
2025-12-30,144414.89755966945,0.0002414636597192,0.0,0,0.0,0.0,0.0,1.0
2025-12-31,144362.60376219708,-0.000362108053643,0.00036210805364289556,0,0.0,0.0,0.0,1.0
