date,wealth,return,drawdown,action,w_SPY,w_TLT,w_GLD,w_SHY
2021-01-05,100000.0,0.0,0.0,0,0.0,0.0,0.0,1.0
2021-01-06,99942.087188302,-0.00057912811698,0.0005791281169800211,0,0.0,0.0,0.0,1.0
2021-01-07,99965.27670160167,0.0002320295078086,0.00034723298398331437,0,0.0,0.0,0.0,1.0
2021-01-08,99953.71243072744,-0.0001156828776532,0.00046287569272562834,0,0.0,0.0,0.0,1.0
2021-01-11,99942.087188302,-0.0001163062595948,0.0005791281169800211,0,0.0,0.0,0.0,1.0
2021-01-12,99523.32309048597,-0.00019083088764934003,0.004766769095140289,1,0.6002412912396597,0.39975870876034025,0.0,0.0
2021-01-13,100132.25174440209,0.006118451786045077,0.0,1,0.5981975507017897,0.4018024492982103,0.0,0.0
2021-01-14,99545.58879435957,-0.005858881028063075,0.00585888102806309,1,0.5996159450825901,0.4003840549174099,0.0,0.0
2021-01-15,99268.44126592246,-0.0027841266679294145,0.008626695829078046,1,0.5969048752607753,0.4030951247392246,0.0,0.0
2021-01-19,99862.85005288557,0.005987892822561536,0.0026904587365537136,1,0.5980108977142727,0.4019891022857272,0.0,0.0
2021-01-20,100906.48397800948,0.011267732588735,0.0,3,0.8020337637085824,0.19796623629141752,0.0,0.0
2021-01-21,100840.07261566975,-0.0006581476206642746,0.0006581476206642956,3,0.8032936615317773,0.19670633846822264,0.0,0.0
2021-01-22,100617.56792768437,-0.0022065105886366954,0.00286320599960721,3,0.8022205468180359,0.1977794531819641,0.0,0.0
2021-01-25,101170.43851038998,0.00549477187823667,0.0,3,0.8009831923310617,0.1990168076689382,0.0,0.0
2021-01-26,101005.94666364229,-0.0016258884430040165,0.0016258884430040421,3,0.8010352427580403,0.19896475724195967,0.0,0.0
2021-01-27,99082.0050724554,-0.01904374304000688,0.020642723988194445,3,0.7955989000172984,0.20440109998270167,0.0,0.0
2021-01-28,99648.00199942557,0.005712408893585419,0.01504823477470707,3,0.797883358293267,0.2021166417067331,0.0,0.0
2021-01-29,97935.14075817999,-0.017189117763298987,0.03197868665833392,3,0.7955856106157194,0.20441438938428064,0.0,0.0
2021-02-01,99255.27984505374,0.013479728283981618,0.018930022381385303,3,0.7980706135027186,0.2019293864972814,0.0,0.0
2021-02-02,100246.14118213844,0.009982958474667842,0.009136041534075434,3,0.8013556084282808,0.19864439157171923,0.0,0.0
2021-02-03,100130.75916747254,-0.0011455708714899,0.010276513161605716,3,0.8015473157740401,0.19845268422595985,0.0,0.0
2021-02-04,100989.8588926387,0.00857977840484855,0.0017849049624583113,3,0.8037613265633333,0.19623867343666673,0.0,0.0
2021-02-05,101143.39076821136,0.0015202702257054402,0.00026734827462315813,3,0.8056998754013901,0.1943001245986099,0.0,0.0
2021-02-08,101818.20876693346,0.0066718941652703385,0.0,3,0.8061401354182887,0.19385986458171137,0.0,0.0
2021-02-09,101778.17653313054,-0.00039317362078686785,0.00039317362078683527,3,0.8059203367413511,0.19407966325864898,0.0,0.0
2021-02-10,101938.40444409159,0.0023999436694858603,0.0,1,0.5983027613116219,0.4016972386883781,0.0,0.0
2021-02-11,101812.73155014995,-0.0012328316754316611,0.0012328316754316448,1,0.6000086272730104,0.3999913727269896,0.0,0.0
2021-02-12,101608.7269131222,-0.0020037242290005283,0.003234085649733709,1,0.6041832198319227,0.3958167801680774,0.0,0.0
2021-02-16,100943.18676572244,-0.006550029388408905,0.00976293168209219,1,0.6076401487090015,0.3923598512909985,0.0,0.0
2021-02-17,101208.75874939903,0.0026309054844183104,0.0071577115481804565,1,0.6061847171314518,0.39381528286854806,0.0,0.0
2021-02-18,100788.22212233831,-0.003333150754973154,0.011283110894521609,2,0.39962957690270734,0.3997136214110541,0.20065680168623864,0.0
2021-02-19,100265.4839358349,-0.005186500718991711,0.01641109175074651,2,0.4010036571156738,0.3964566336945967,0.20253970918972947,0.0
2021-02-22,99957.81672273403,-0.00306852568823942,0.019429259582376734,2,0.3991440468929471,0.394651650591517,0.20620430251553593,0.0
2021-02-23,99845.08015829303,-0.0011278414048770335,0.020535187863830573,2,0.40007996994762707,0.39395785853268694,0.20596217151968607,0.0
2021-02-24,100012.64930853341,0.0016782915089528893,0.018891360386304346,2,0.40381101760820154,0.3907177870520245,0.20547119533977412,0.0
2021-02-25,98015.37723928767,-0.01993380586845948,0.03848429084404115,2,0.3983013476765691,0.40147065116057384,0.20022800116285708,0.0
2021-02-26,98640.4842021167,0.006377641758220535,0.032352088106142984,2,0.3937378704728759,0.4121144279235339,0.19414770160359016,0.0
2021-03-01,99011.8913612892,0.0037652609086092355,0.02870864125019179,2,0.40176935376624917,0.4051459155126604,0.19308473072109042,0.0
2021-03-02,98808.4776133972,-0.00205443755386674,0.030704098693353665,2,0.3994548725986799,0.4060088209853442,0.19453630641597594,0.0
2021-03-03,97638.7073539055,-0.011838764119700395,0.042179364231115346,2,0.39888620880613174,0.40641660057740026,0.19469719061646804,0.0
2021-03-04,96391.2469232672,-0.01118978824901458,0.05441675834613191,3,0.7990411080306,0.20095889196939992,0.0,0.0
2021-03-05,97845.8900981283,0.015091029748988221,0.0401469335161887,3,0.8016431743155147,0.19835682568448543,0.0,0.0
2021-03-08,97304.46138943241,-0.0055334844228295006,0.04545826550778198,3,0.80209031115875,0.19790968884125013,0.0,0.0
2021-03-09,98685.65198861905,0.014194524890886686,0.03190899909814182,3,0.8021559733643567,0.1978440266356432,0.0,0.0
2021-03-10,99217.5158168482,0.005389474736312197,0.02669149710633023,3,0.8028222757354391,0.19717772426456087,0.0,0.0
2021-03-11,99878.045128814,0.006668750500156322,0.020211806595497595,3,0.8027580074531094,0.1972419925468907,0.0,0.0
2021-03-12,99567.96713243701,-0.003104566133398767,0.023253623838645154,3,0.8063424912590051,0.1936575087409948,0.0,0.0
2021-03-15,100160.12452882974,0.005947268116914454,0.017444651257389032,3,0.8063554704836383,0.19364452951636177,0.0,0.0
2021-03-16,99980.29819753635,-0.0017953884556285106,0.019208719787537687,3,0.8067868421387945,0.1932131578612056,0.0,0.0
2021-03-17,100110.80099251124,0.0013052851144437772,0.017928507529100135,3,0.8084825958575913,0.19151740414240861,0.0,0.0
2021-03-18,98739.42915156574,-0.013665073568608601,0.031381453437211104,3,0.7992825167332861,0.2007174832667139,0.0,0.0
2021-03-19,98716.23671759777,-0.00023488523447266863,0.03160896763163512,3,0.7979910787992767,0.20200892120072333,0.0,0.0
2021-03-22,99568.72427636698,0.008635738021577508,0.02324619637365688,3,0.7974762988663664,0.2025237011336336,0.0,0.0
2021-03-23,99125.78444016601,-0.004448584024954781,0.027591367740782746,3,0.7947350085537203,0.20526499144627966,0.0,0.0
2021-03-24,98834.81253947779,-0.0029353805604823958,0.030445757136761675,3,0.7930226908183795,0.2069773091816205,0.0,0.0
2021-03-25,99120.9820839371,0.0029234234901538603,0.027638478113513276,3,0.8021554459159768,0.1978445540840231,0.0,0.0
2021-03-26,100333.65401502585,0.01223426065393337,0.015742353804898634,3,0.8052306805144724,0.19476931948552767,0.0,0.0
2021-03-29,100126.96740013889,-0.0020599928998499555,0.017769917567683535,3,0.8064853466874446,0.19351465331255535,0.0,0.0
2021-03-30,100014.26152918985,-0.0011256295269448662,0.01887554475072284,3,0.8052521933203045,0.19474780667969552,0.0,0.0
2021-03-31,100232.0312220264,0.002177386399768393,0.01673925770538276,3,0.8067595262119874,0.19324047378801248,0.0,0.0
2021-04-01,101427.93025607227,0.01195866742992882,0.0050076729256566255,3,0.7990833103060789,0.20091668969392107,0.0,0.0
2021-04-05,102502.32825785746,0.010592723316671236,0.0,3,0.8020567337128048,0.1979432662871951,0.0,0.0
2021-04-06,102591.58777675094,0.0008708047944913896,0.0,3,0.8008855045446802,0.19911449545531973,0.0,0.0
2021-04-07,102544.39898200633,-0.00045996748629429334,0.0004599674862942882,3,0.8021813238960046,0.19781867610399542,0.0,0.0
2021-04-08,103102.3366526678,0.005440937547055943,0.0,3,0.8016276138702184,0.19837238612978159,0.0,0.0
2021-04-09,103626.61972197169,0.0050916181653481,0.0,3,0.8017340220302547,0.19826597796974532,0.0,0.0
2021-04-12,103647.94154669842,0.000205756250507447,0.0,3,0.8018612307768913,0.19813876922310872,0.0,0.0
2021-04-13,104048.16587980189,0.0038613823596597156,0.0,3,0.8011444265701955,0.19885557342980462,0.0,0.0
2021-04-14,103697.73419408058,-0.003367975617428285,0.003367975617428298,3,0.8011063254823709,0.19889367451762902,0.0,0.0
2021-04-15,104935.27391280814,0.011934105680760532,0.0,3,0.8001628881470723,0.19983711185292777,0.0,0.0
2021-04-16,105052.79714649661,0.00112061156149136,0.0,3,0.8017754153398012,0.19822458466019877,0.0,0.0
2021-04-19,104579.17767220155,-0.004508394703994338,0.004508394703994334,3,0.801449573498981,0.19855042650101892,0.0,0.0
2021-04-20,104061.22241211843,-0.0049527570555836205,0.009438822775898359,3,0.7995416423894991,0.20045835761050088,0.0,0.0
2021-04-21,104890.36053821404,0.00796779152576106,0.0015462378222642625,3,0.8007270455743012,0.19927295442569884,0.0,0.0
2021-04-22,104214.5129776772,-0.006443371507819482,0.007979646345355529,3,0.7985594352689309,0.2014405647310691,0.0,0.0
2021-04-23,105068.8473103352,0.008203653652662601,0.0,3,0.8020937176027194,0.1979062823972807,0.0,0.0
2021-04-26,105215.07206562096,0.0013917041923366459,0.0,3,0.8026509075465124,0.1973490924534877,0.0,0.0
2021-04-27,105015.75785453529,-0.001894350373693182,0.0018943503736932321,3,0.8040011343471605,0.19599886565283953,0.0,0.0
2021-04-28,105004.85278968292,-0.00010384217640438756,0.0019979958366319606,3,0.8038536006546418,0.19614639934535824,0.0,0.0
2021-04-29,105481.91716792528,0.004543260292911103,0.0,3,0.8053176524844693,0.19468234751553082,0.0,0.0
2021-04-30,104974.03008962002,-0.00479375216850948,0.004814920812414747,3,0.7985717676725171,0.20142823232748286,0.0,0.0
2021-05-03,105167.49257038353,0.0018429556395837962,0.002980838858296253,3,0.7988218401264081,0.20117815987359192,0.0,0.0
2021-05-04,104792.77898893159,-0.003563017167126707,0.006533235245398394,3,0.796732277086051,0.20326772291394907,0.0,0.0
2021-05-05,104854.02492796881,0.0005844480853369245,0.005952605496891694,3,0.7965159993851376,0.20348400061486224,0.0,0.0
2021-05-06,105556.10232107813,0.006695760068262729,0.0,3,0.7975366640099066,0.20246333599009328,0.0,0.0
2021-05-07,106065.5361196722,0.0048360909305733,0.0,3,0.8019441637077016,0.19805583629229845,0.0,0.0
2021-05-10,105010.50815868285,-0.009946944121405975,0.009946944121405954,3,0.8019801934152008,0.19801980658479926,0.0,0.0
2021-05-11,104141.2127423434,-0.008278175504358509,0.018142777076595396,3,0.8014573061442066,0.19854269385579337,0.0,0.0
2021-05-12,102150.7207900794,-0.019113393246040663,0.036909400289795946,3,0.7997153957485195,0.20028460425148045,0.0,0.0
2021-05-13,103163.72375927561,0.009916748128267603,0.02735867338776765,3,0.8013748938882205,0.19862510611177941,0.0,0.0
2021-05-14,104623.37588261541,0.014154466875117361,0.013596878777189403,3,0.8009473447619095,0.19905265523809054,0.0,0.0
2021-05-17,104366.09591033398,-0.0024591060086809227,0.016022548619569976,3,0.8008787360036477,0.19912126399635238,0.0,0.0
2021-05-18,103592.80705983726,-0.0074093875386609396,0.023313218886151565,3,0.799905562555624,0.2000944374443761,0.0,0.0
2021-05-19,103325.40854406256,-0.0025812459702944605,0.025834287704141534,3,0.7998729718387505,0.20012702816124953,0.0,0.0
2021-05-20,104384.67254030555,0.010251728119625703,0.015847405678222848,3,0.8002737921174861,0.199726207882514,0.0,0.0
2021-05-21,104383.14100952339,-1.3576835541539975e-05,0.015861845154401366,3,0.7993559914312505,0.20064400856874962,0.0,0.0
2021-05-24,105311.31073047796,0.008891950481446914,0.007110937414611773,3,0.8003877217801855,0.19961227821981453,0.0,0.0
2021-05-25,105319.03632786138,7.33596166436255e-05,0.007038099453610891,3,0.798553298978213,0.20144670102178683,0.0,0.0
2021-05-26,105449.42513858722,0.0012380364962695778,0.0058087763813292614,3,0.7991487410229073,0.20085125897709272,0.0,0.0
2021-05-27,105408.47839077552,-0.0003883069799373851,0.006194827772852851,3,0.7998788862040696,0.20012111379593045,0.0,0.0
2021-05-28,105525.81524115527,0.00111364830158688,0.005088560320931745,3,0.8005394969783367,0.19946050302166327,0.0,0.0
2021-06-01,105446.67672202445,-0.000749944636295469,0.005834688818708189,3,0.8004345874998,0.19956541250019993,0.0,0.0
2021-06-02,105628.12514319702,0.0017207599785329572,0.004123968939181655,3,0.8003161107816127,0.19968388921838737,0.0,0.0
2021-06-03,105235.22122375567,-0.0037196903656928387,0.007828319417342966,3,0.8003229030760497,0.19967709692395025,0.0,0.0
2021-06-04,106293.26695133692,0.010054102754548102,0.0,3,0.7996032901250307,0.20039670987496913,0.0,0.0
2021-06-07,106145.26805690961,-0.0013907791424232,0.0013923637749798656,3,0.8003369260735951,0.19966307392640495,0.0,0.0
2021-06-08,106312.27585324283,0.0015733889921845593,0.0,3,0.7992498603450635,0.20075013965493638,0.0,0.0
2021-06-09,106373.91897151846,0.0005798306713020819,0.0,3,0.7975948923955555,0.2024051076044445,0.0,0.0
2021-06-10,106897.4886218511,0.004921973876630643,0.0,3,0.7973780004960588,0.2026219995039413,0.0,0.0
2021-06-11,107003.36781558034,0.0009904740990106893,0.0,3,0.7979050702220196,0.2020949297779804,0.0,0.0
2021-06-14,107030.23674918072,0.00025948551903866,0.0,3,0.8015833417433255,0.19841665825667443,0.0,0.0
2021-06-15,106847.31461746847,-0.0017090696729085992,0.0017090696729086252,3,0.8014829127726691,0.1985170872273308,0.0,0.0
2021-06-16,106351.12700528426,-0.0046438940834465,0.006345027017812921,3,0.8007264113821781,0.19927358861782193,0.0,0.0
2021-06-17,106640.18353115377,0.0027179451126564747,0.0036443273403292675,3,0.7982911659237456,0.2017088340762543,0.0,0.0
2021-06-18,105896.2728041319,-0.0069758950368323846,0.010594799932155619,3,0.793054113431396,0.2069458865686039,0.0,0.0
2021-06-21,105497.17737971053,0.0002321896533235,0.014323610000628428,0,0.0,0.0,0.0,1.0
2021-06-22,105558.42302886231,0.0005805430123626,0.013751382459963435,0,0.0,0.0,0.0,1.0
2021-06-23,105484.9432873949,-0.0006961049564687,0.014437915010943492,0,0.0,0.0,0.0,1.0
2021-06-24,105497.17737971054,0.0001159795126619,0.014323610000628317,0,0.0,0.0,0.0,1.0
2021-06-25,105484.9432873949,-0.0001159660629745,0.014437915010943492,0,0.0,0.0,0.0,1.0
2021-06-28,105448.48186513082,0.00366902085407478,0.014778579699460614,3,0.7986824331973378,0.2013175668026623,0.0,0.0
2021-06-29,105529.29008186924,0.0007663288774681484,0.014023576074384092,3,0.7985001295797632,0.20149987042023682,0.0,0.0
2021-06-30,105694.93528157764,0.0015696608930078034,0.012475927440320334,3,0.7979198731316568,0.20208012686834326,0.0,0.0
2021-07-01,106163.03338038838,0.0044287656505365355,0.008102414748690001,3,0.7987997879208084,0.20120021207919164,0.0,0.0
2021-07-02,106940.12870845784,0.007319829730986129,0.000841893314073916,3,0.7990565045245457,0.20094349547545431,0.0,0.0
2021-07-06,107034.5826770904,0.0008870189131111401,0.0,3,0.797835175264016,0.202164824735984,0.0,0.0
2021-07-07,107528.0693140781,0.004610534508052158,0.0,3,0.7969801618503797,0.20301983814962035,0.0,0.0
2021-07-08,106915.34370377203,-0.005698285240445981,0.005698285240446022,3,0.7950167398436554,0.20498326015634463,0.0,0.0
2021-07-09,107514.48706451585,0.005603904360106219,0.00012631352584380195,3,0.7990255979864981,0.20097440201350206,0.0,0.0
2021-07-12,107794.19992785856,0.002601629519702359,0.0,3,0.7998069349839263,0.20019306501607367,0.0,0.0
2021-07-13,107335.1526381363,-0.00425778380760306,0.004258552779551006,3,0.8006820436492784,0.19931795635072158,0.0,0.0
2021-07-14,107706.44429717094,0.003459180426066015,0.0008141034559034921,3,0.7991123373849961,0.20088766261500404,0.0,0.0
2021-07-15,107651.14270526139,-0.0005134473825630076,0.001327132839177958,3,0.7967921410006072,0.2032078589993928,0.0,0.0
2021-07-16,106937.10342429265,-0.006632900153449457,0.007951230253014696,3,0.7958210682335372,0.20417893176646282,0.0,0.0
2021-07-19,106159.12033874246,-0.007275146423813259,0.015168530312487882,3,0.7898145425980828,0.21018545740191721,0.0,0.0
2021-07-20,107167.11825491,0.009536291138267481,0.005817397163931148,3,0.8037990013595888,0.1962009986404111,0.0,0.0
2021-07-21,107598.20215872591,0.0040225389171193995,0.0018182589533001225,3,0.8070602827329206,0.1929397172670793,0.0,0.0
2021-07-22,107976.31525650718,0.0035141209629458727,0.0,3,0.8059184125215499,0.19408158747844995,0.0,0.0
2021-07-23,108731.397105675,0.006993032197607946,0.0,3,0.8085554000487221,0.1914445999512778,0.0,0.0
2021-07-26,108885.53114144072,0.0014175669573703053,0.0,3,0.8093928745374369,0.19060712546256312,0.0,0.0
2021-07-27,108475.1723382942,0.0002322113782355,0.0037687174672773605,0,0.0,0.0,0.0,1.0
2021-07-28,108487.73092108601,0.0001157737989356,0.00365337998707993,0,0.0,0.0,0.0,1.0
2021-07-29,108487.73092108601,0.0,0.00365337998707993,0,0.0,0.0,0.0,1.0
2021-07-30,108512.89219056004,0.0002319273272692,0.0034222999784665475,0,0.0,0.0,0.0,1.0
2021-08-02,108553.15904249658,0.0003710789669657,0.0030524909550414536,0,0.0,0.0,0.0,1.0
2021-08-03,108553.15904249658,0.0,0.0030524909550414536,0,0.0,0.0,0.0,1.0
2021-08-04,108515.39508634033,-0.0003478844511698,0.003399313492070788,0,0.0,0.0,0.0,1.0
2021-08-05,108465.08357336486,-0.0004636347951868,0.0038613722472429224,0,0.0,0.0,0.0,1.0
2021-08-06,108427.418850962,-0.0003472520479586,0.004207283425780806,0,0.0,0.0,0.0,1.0
2021-08-09,108389.63284286053,-0.0003484912626519,0.004554308486919401,0,0.0,0.0,0.0,1.0
2021-08-10,108351.92401656728,-0.0003479006737473,0.004900624713675583,0,0.0,0.0,0.0,1.0
2021-08-11,108402.25758148795,0.0004645378047276,0.004438363434394188,0,0.0,0.0,0.0,1.0
2021-08-12,108402.25758148795,0.0,0.004438363434394188,0,0.0,0.0,0.0,1.0
2021-08-13,108414.79411233457,0.0001156482450301,0.004323228478306018,0,0.0,0.0,0.0,1.0
2021-08-16,108439.95538180861,0.000232083357996,0.004092148469692525,0,0.0,0.0,0.0,1.0
2021-08-17,108414.79411233458,-0.0002320295078086,0.004323228478305907,0,0.0,0.0,0.0,1.0
2021-08-18,108414.79411233458,0.0,0.004323228478305907,0,0.0,0.0,0.0,1.0
2021-08-19,108414.79411233458,0.0,0.004323228478305907,0,0.0,0.0,0.0,1.0
2021-08-20,108414.79411233458,0.0,0.004323228478305907,0,0.0,0.0,0.0,1.0
2021-08-23,108414.79411233458,0.0,0.004323228478305907,0,0.0,0.0,0.0,1.0
2021-08-24,108402.25758148797,-0.0001156348720602,0.004438363434394077,0,0.0,0.0,0.0,1.0
2021-08-25,108389.63284286055,-0.0001164619529988,0.0045543084869191786,0,0.0,0.0,0.0,1.0
2021-08-26,108389.63284286055,0.0,0.0045543084869191786,0,0.0,0.0,0.0,1.0
2021-08-27,108465.08357336486,0.0006961065235242,0.0038613722472429224,0,0.0,0.0,0.0,1.0
2021-08-30,108490.2668947841,0.000232179062511,0.0036300897145202793,0,0.0,0.0,0.0,1.0
2021-08-31,108477.67523407449,-0.0001160625839535,0.00374573098088149,0,0.0,0.0,0.0,1.0
2021-09-01,108468.8654819668,-8.12125821159082e-05,0.003826639362512485,0,0.0,0.0,0.0,1.0
2021-09-02,108468.8654819668,0.0,0.003826639362512485,0,0.0,0.0,0.0,1.0
2021-09-03,108468.8654819668,0.0,0.003826639362512485,0,0.0,0.0,0.0,1.0
2021-09-07,108431.14562970096,-0.0003477481957449,0.004173056851323298,0,0.0,0.0,0.0,1.0
2021-09-08,108456.306899175,0.0002320483596103,0.0039419768427098045,0,0.0,0.0,0.0,1.0
2021-09-09,108481.42406475864,0.000231587874433,0.0037113018823148325,0,0.0,0.0,0.0,1.0
2021-09-10,108443.7593423558,-0.0003471997415923,0.004057213060852494,0,0.0,0.0,0.0,1.0
2021-09-13,108468.86548196683,0.0002315129958909,0.003826639362512263,0,0.0,0.0,0.0,1.0
2021-09-14,108481.42406475864,0.0001157805305329,0.0037113018823148325,0,0.0,0.0,0.0,1.0
2021-09-15,107873.92509378867,-0.0016064534332757999,0.009290546108812081,5,0.201994991844487,0.5988579409415908,0.1991470672139222,0.0
2021-09-16,107056.92264795936,-0.007573678672755894,0.01679386117064552,5,0.20321392248058476,0.6006627183305782,0.1961233591888371,0.0
2021-09-17,106502.8300290496,-0.005175682293164883,0.021882623773915588,5,0.20228128840197865,0.6008874803354028,0.19683123126261853,0.0
2021-09-20,107087.03045982383,0.005485304292992853,0.016517352331051782,5,0.19782331967536496,0.6050207168412696,0.19715596348336542,0.0
2021-09-21,107152.08948799541,0.0006075341513554763,0.01591985303532739,5,0.1975164385302277,0.6041332623124088,0.19835029915736346,0.0
2021-09-22,107662.7839822585,0.004782683382573221,0.01122965692837452,5,0.20098971792743867,0.6007055131423891,0.19830476893017218,0.0
2021-09-23,106217.75197185505,-0.013421833961135303,0.024500768298776676,5,0.20619929817193275,0.5951189636169667,0.19868173821110063,0.0
2021-09-24,105608.92664403227,-0.005731860414294071,0.030092193729139183,5,0.20772963026848115,0.5926998829196176,0.1995704868119013,0.0
2021-09-27,105359.95644579499,-0.0023574730484333625,0.032378725241887785,5,0.2076247614800452,0.5919166632614462,0.20045857525850863,0.0
2021-09-28,103742.50004995604,-0.015351718531424098,0.04723337469699218,5,0.2066126178912484,0.591781552290794,0.20160582981795755,0.0
2021-09-29,103788.51188513356,0.00047640908163175996,0.04681080399641169,5,0.20024124714139302,0.6007545114914039,0.19900424136720302,0.0
2021-09-30,103897.16964877977,0.001046915132249658,0.04581289580321868,5,0.19758697106154754,0.6000432212657386,0.2023698076727138,0.0
2021-10-01,104713.20713032891,0.007854280191729178,0.03831844293152242,5,0.19837704841822767,0.6003778311096074,0.20124512047216486,0.0
2021-10-04,104383.80804422783,-0.0031457262663256934,0.04134362986543383,5,0.19643666489811862,0.6007386952487773,0.2028246398531041,0.0
2021-10-05,103893.06116695718,-0.004701369747525605,0.04585062792225714,5,0.19941813516272994,0.5977480879972052,0.20283377684006482,0.0
2021-10-06,104105.01263930395,0.00445311797497856,0.04390407478406788,3,0.7997634040274744,0.20023659597252558,0.0,0.0
2021-10-07,104606.85977112783,0.004820585667307346,0.03929513247040106,3,0.802807910791107,0.19719208920889286,0.0,0.0
2021-10-08,104309.33033881387,-0.002844263110133756,0.04202762988484143,3,0.8036296112826942,0.19637038871730583,0.0,0.0
2021-10-11,103650.48587075087,-0.006316256330310756,0.04807842893184411,3,0.8028828251740292,0.19711717482597083,0.0,0.0
2021-10-12,103794.99815595186,0.0013942267996813794,0.04675123436626605,3,0.7997912262138557,0.20020877378614432,0.0,0.0
2021-10-13,104593.26708073291,0.01011425333582948,0.0394199671500175,5,0.19870974450901416,0.5997696464224404,0.20152060906854558,0.0
2021-10-14,105227.4950072361,0.0060637548114223965,0.033595245354067216,5,0.20083433584794388,0.5983696192266331,0.2007960449254231,0.0
2021-10-15,104685.74874534868,-0.005148333730173445,0.03857061954941088,5,0.20341109385609438,0.5979614816174026,0.1986274245265031,0.0
2021-10-18,104990.764614782,0.002913633164866558,0.03576936702085298,5,0.2034206030907444,0.5990201658117755,0.19755923109748005,0.0
2021-10-19,104354.58188885286,-0.006059416066387774,0.04161204161003007,5,0.20623963577118076,0.5943579805559848,0.19940238367283453,0.0
2021-10-20,103973.48630623343,0.000349468310385,0.045112006927960024,0,0.0,0.0,0.0,1.0
2021-10-21,103852.46350020771,-0.001163977570871,0.04622347513459002,0,0.0,0.0,0.0,1.0
2021-10-22,103828.29074525909,-0.0002327605348387,0.04644547666863419,0,0.0,0.0,0.0,1.0
2021-10-25,103876.69986766936,0.0004662421201659,0.04600088938598246,0,0.0,0.0,0.0,1.0
2021-10-26,103852.46350020771,-0.0002333186122829,0.04622347513459002,0,0.0,0.0,0.0,1.0
2021-10-27,103828.29074525909,-0.0002327605348387,0.04644547666863419,0,0.0,0.0,0.0,1.0
2021-10-28,103840.3559185624,0.0001162031390165,0.04633467063979979,0,0.0,0.0,0.0,1.0
2021-10-29,103852.46350020771,0.0001165980368442,0.04622347513459002,0,0.0,0.0,0.0,1.0
2021-11-01,103805.27361763036,-0.000454393482705,0.04665686497144583,0,0.0,0.0,0.0,1.0
2021-11-02,103914.17823992526,0.0010491241774097,0.04565668963911973,0,0.0,0.0,0.0,1.0
2021-11-03,103889.99488289113,-0.0002327243254361,0.0458787885422578,0,0.0,0.0,0.0,1.0
2021-11-04,103986.7601172842,0.0009314201478414,0.04499010082242327,0,0.0,0.0,0.0,1.0
2021-11-05,104035.17984178,0.0004656335522059,0.04454541617067731,0,0.0,0.0,0.0,1.0
2021-11-08,103914.1782399253,-0.0011630835073168,0.045656689639119286,0,0.0,0.0,0.0,1.0
2021-11-09,103974.69494398091,0.0005823719638708,0.04510090685125745,0,0.0,0.0,0.0,1.0
2021-11-10,103768.99328103644,-0.0019783819808781,0.046990062010699774,0,0.0,0.0,0.0,1.0
2021-11-11,103696.44320993403,-0.0006991498019637,0.04765635872011442,0,0.0,0.0,0.0,1.0
2021-11-12,103781.12206685278,0.0008166032922394,0.04687867176730198,0,0.0,0.0,0.0,1.0
2021-11-15,103768.99328103646,-0.0001168689023088,0.04699006201069966,0,0.0,0.0,0.0,1.0
2021-11-16,103768.99328103646,0.0,0.04699006201069966,0,0.0,0.0,0.0,1.0
2021-11-17,103805.27361763042,0.0003496259860178,0.04665686497144528,0,0.0,0.0,0.0,1.0
2021-11-18,103793.20844432712,-0.0001162289051686,0.046767671000279676,0,0.0,0.0,0.0,1.0
2021-11-19,103768.99328103647,-0.000233302001678,0.04699006201069944,0,0.0,0.0,0.0,1.0
2021-11-22,103648.02348543826,-0.001165760520299,0.04810104337186005,0,0.0,0.0,0.0,1.0
2021-11-23,103648.02348543826,0.0,0.04810104337186005,0,0.0,0.0,0.0,1.0
2021-11-24,103623.82952631863,-0.0002334242208008,0.04832323964409202,0,0.0,0.0,0.0,1.0
2021-11-26,103829.5099850921,0.0019848760629062,0.04643427922283749,0,0.0,0.0,0.0,1.0
2021-11-29,103877.87669916036,0.0004658282031304,0.045990081416561135,0,0.0,0.0,0.0,1.0
2021-11-30,103793.20844432713,-0.0008150749468863,0.046767671000279454,0,0.0,0.0,0.0,1.0
2021-12-01,103805.28421971595,0.0001163445621328,0.04665676760235116,0,0.0,0.0,0.0,1.0
2021-12-02,103669.6770313745,0.0027044566972880798,0.04790217814422848,5,0.20251553546633466,0.5991282744259164,0.1983561901077489,0.0
2021-12-03,104401.09444823864,0.007055268597420189,0.041184872280017215,5,0.19934695682221243,0.6020296218298812,0.19862342134790642,0.0
2021-12-06,103733.26262850629,-0.006396789451890805,0.04731821077532983,5,0.20300648559407805,0.5975832329591471,0.1994102814467749,0.0
2021-12-07,103741.40980653193,7.853968745616896e-05,0.04724338744535905,5,0.2071893604195211,0.5927082691845665,0.20010237039591242,0.0
2021-12-08,102746.71540973283,-0.00958820974820099,0.05637861768551833,5,0.209749086565516,0.5881023420953736,0.20214857133911035,0.0
2021-12-09,102299.87402346254,-0.000350361746968,0.06048238961541641,0,0.0,0.0,0.0,1.0
2021-12-10,102347.6940265068,0.0004674492857468,0.06004321277949565,0,0.0,0.0,0.0,1.0
2021-12-13,102407.53189622323,0.0005846528374242,0.05949366437679093,0,0.0,0.0,0.0,1.0
2021-12-14,102347.6940265068,-0.0005843112182126,0.06004321277949565,0,0.0,0.0,0.0,1.0
2021-12-15,102383.59046174554,0.0003507302785878,0.059713541473653264,0,0.0,0.0,0.0,1.0
2021-12-16,102064.75548662426,0.0008894359035482801,0.0626417080700683,5,0.19806017354600264,0.59970019334933,0.20223963310466744,0.0
2021-12-17,102499.00327715375,0.004254630194910014,0.05865359517777402,5,0.19512205463981783,0.6039262464471743,0.20095169891300788,0.0
2021-12-20,101735.3908167278,-0.007449950106940729,0.06566657892704764,5,0.1944962323451383,0.6039004142274179,0.2016033534274438,0.0
2021-12-21,101844.29833649428,0.001070497875834212,0.06466637698446809,5,0.1977386321234813,0.6009579586322976,0.201303409244221,0.0
2021-12-22,102521.54156039876,0.006649790267756201,0.05844660456103412,5,0.1983964212296278,0.5997501952927026,0.20185338347766957,0.0
2021-12-23,102160.84433097158,-0.0035108704517137594,0.06175923228710589,5,0.20195347121095283,0.5968894888857113,0.20115703990333583,0.0
2021-12-27,102649.29867066791,0.00478122849214006,0.057273288796029664,5,0.2038369639030162,0.5954892747000162,0.2006737613969676,0.0
2021-12-28,102301.1500921928,-0.003391631340727234,0.0604706702554898,5,0.20436351425014385,0.5951476571606363,0.20048882858921985,0.0
2021-12-29,101656.70048570419,-0.006299534324959541,0.0663892675175215,5,0.20592216486468434,0.5923778369578396,0.2016999981774761,0.0
2021-12-30,102250.99353134965,0.005846078446437859,0.0609313059369927,5,0.2041593487797052,0.5938737232193461,0.20196692800094862,0.0
2021-12-31,101830.07528259249,-0.000116987842476,0.06479700089521812,0,0.0,0.0,0.0,1.0
2022-01-03,101711.03677314827,-0.0011689916668909,0.06589024540802291,0,0.0,0.0,0.0,1.0
2022-01-04,101770.56645155774,0.0005852823872225,0.06534352742092742,0,0.0,0.0,0.0,1.0
2022-01-05,101639.64493854377,-0.0012864378923967,0.066545904923627,0,0.0,0.0,0.0,1.0
2022-01-06,101556.28671087079,-0.0008201349751211,0.06731146327466919,0,0.0,0.0,0.0,1.0
2022-01-07,100725.88952029796,-0.00419349268967902,0.07493779509183363,5,0.20004820466647105,0.5981955042650549,0.201756291068474,0.0
2022-01-10,100910.88580049915,0.001836630890848696,0.07323879727034277,5,0.1994329889955823,0.5985683363148768,0.20199867468954089,0.0
2022-01-11,101742.45088031373,0.008240588448094402,0.06560173960898652,5,0.1996046252281292,0.5976305571809416,0.2027648175909292,0.0
2022-01-12,101618.91164773857,-0.0012142348794063533,0.06673631856800988,5,0.2003875913825786,0.5960646052681315,0.20354780334928993,0.0
2022-01-13,101806.00681587507,0.001841145167791658,0.06501804465066574,5,0.19726335150444949,0.600253096302234,0.20248355219331657,0.0
2022-01-14,101267.96628382099,-0.0012901190842034,0.06995938558378911,0,0.0,0.0,0.0,1.0
2022-01-18,101113.45392826214,-0.0015257772149368,0.0713784203622313,0,0.0,0.0,0.0,1.0
2022-01-19,101160.9393304388,0.0004696249641551,0.0709423164861801,0,0.0,0.0,0.0,1.0
2022-01-20,101137.21224612383,-0.0002345478845098,0.07116022500043584,0,0.0,0.0,0.0,1.0
2022-01-21,101220.4184145509,0.0008227057734653,0.07039606315491953,0,0.0,0.0,0.0,1.0
2022-01-24,100970.06349650363,0.0005282208693273751,0.07269531187440337,4,0.2509291167914289,0.24781527948168738,0.25124083902928235,0.2500147646976015
2022-01-25,100689.58635604211,-0.0027778247408077154,0.07527120177934565,4,0.2485559725581485,0.2481042807037509,0.2527461743710008,0.2505935723670998
2022-01-26,99868.80154875552,-0.00815163550661793,0.08280925388491323,4,0.24997007640404426,0.2471182161137184,0.25070380827538963,0.25220789920684783
2022-01-27,99855.02381949207,-0.00013795829177673676,0.08293578795348078,4,0.24877001602335816,0.2516907073559538,0.24750432289660976,0.25203495372407836
2022-01-28,100415.89720308989,0.005616876969672716,0.0777847511011256,4,0.2535242923812078,0.25037245654841694,0.24538763272898062,0.2507156183413948
2022-01-31,100444.40972729867,0.0016848107243245605,0.077522893314238,5,0.2032597634661795,0.5958937174247453,0.2008465191090753,0.0
2022-02-01,100400.47150075706,-0.00043743824729409753,0.07792642008295558,5,0.20472274806178475,0.5941754814651443,0.20110177047307085,0.0
2022-02-02,100875.42152693466,0.004730555734232967,0.07356449962209433,5,0.2057382037755112,0.5933811096342843,0.20088068659020453,0.0
2022-02-03,99891.54163433834,-0.009753415427697684,0.08260040992424711,5,0.20288107835463182,0.5945480098724093,0.20257091177295888,0.0
2022-02-04,99142.50313955551,-0.007498517717593611,0.0894795470045433,5,0.20537511377571152,0.5902087763066992,0.2044161099175893,0.0
2022-02-07,98665.55806714532,-0.0024380015864482003,0.09385978988355947,3,0.7993814262683228,0.20061857373167724,0.0,0.0
2022-02-08,99182.17017422208,0.005235992348263933,0.0891152466769356,3,0.8017607466018608,0.1982392533981393,0.0,0.0
2022-02-09,100383.01289407397,0.012107445498949225,0.07808675917025287,3,0.8037636665601239,0.1962363334398761,0.0,0.0
2022-02-10,98620.41145046077,-0.017558762113198612,0.09427441445499041,3,0.8034308047394696,0.19656919526053043,0.0,0.0
2022-02-11,97345.47343249083,-0.012927729657773364,0.10598338996904477,3,0.7979034492213329,0.202096550778667,0.0,0.0
2022-02-14,96683.77383090772,-0.00521412082358188,0.11206041043858328,2,0.4007819173508449,0.39709404027122136,0.20212404237793374,0.0
2022-02-15,96687.17827514934,3.521215718760598e-05,0.11202914417018262,2,0.40723098380124156,0.39257217106044995,0.2001968451383085,0.0
2022-02-16,97155.31520056652,0.004841768409922593,0.10772979493149393,2,0.405722912643239,0.3929959237023566,0.2012811636544043,0.0
2022-02-17,96864.5957675965,-0.002992316296538695,0.11039974960703636,2,0.3982478348606798,0.39710751416529855,0.20464465097402176,0.0
2022-02-18,97005.2124919563,0.0014516833859212464,0.10910833170342948,2,0.3950957012936996,0.4007061763779785,0.204198122328322,0.0
2022-02-22,96911.80454869886,-0.00016587367881444045,0.10996618620694576,5,0.1978864413562412,0.6016625015170238,0.20045105712673505,0.0
2022-02-23,95855.5888657216,-0.010898730943004002,0.11966642527365201,5,0.19651796765219523,0.5999088069390938,0.20357322540871098,0.0
2022-02-24,96051.09139196816,0.0020395527121577443,0.11787093854371533,5,0.19906942783424622,0.5990821014206579,0.2018484707450959,0.0
2022-02-25,96450.47714425731,0.004158055327651925,0.11420299710005044,5,0.2026191772500919,0.5970376821731341,0.20034314057677383,0.0
2022-02-28,97862.93665106964,0.014644401444481899,0.10123103019126467,5,0.19918382371433968,0.6013179420101256,0.19949823427553476,0.0
2022-03-01,97265.04655362645,-0.004513435619250679,0.10672202693964383,1,0.5935408714705949,0.40645912852940513,0.0,0.0
2022-03-02,96975.68026785244,-0.002975028502294232,0.10937955436997004,1,0.606263356799986,0.393736643200014,0.0,0.0
2022-03-03,97071.88120051526,0.0009920109082722484,0.10849604917277489,1,0.6026471492965858,0.3973528507034142,0.0,0.0
2022-03-04,97262.49947206632,0.0019636816469779917,0.10674541922632719,1,0.5965794998024049,0.40342050019759523,0.0,0.0
2022-03-07,95252.59368463964,-0.02066475566982453,0.12520430688896667,1,0.5912100225375908,0.4087899774624093,0.0,0.0
2022-03-08,94905.72458400574,-0.0020799859420801594,0.1283899376793728,5,0.19889735817496487,0.5952025730544602,0.20590006877057504,0.0
2022-03-09,94277.67425848395,-0.006617623207395488,0.13415792465558507,5,0.20559046978743703,0.5932961017645509,0.2011134284480121,0.0
2022-03-10,93445.70108243999,-0.008824710437414037,0.1417987302550291,5,0.20648430422181252,0.5899783887086737,0.20353730706951373,0.0
2022-03-11,93251.21217348325,-0.002081303973364762,0.14358490796769607,5,0.2042839965468477,0.5931876098431406,0.2025283936100117,0.0
2022-03-14,91535.74964073577,-0.018396141913480497,0.15933964153756885,5,0.2065915190275692,0.5901945904568576,0.20321389051557315,0.0
2022-03-15,92893.08979078857,0.01724308768112982,0.14687388841294446,3,0.8037333710243111,0.19626662897568886,0.0,0.0
2022-03-16,94727.47163195643,0.019747236799843974,0.1300270050673048,3,0.805646405789164,0.19435359421083598,0.0,0.0
2022-03-17,95545.02759784737,0.008630611076239445,0.12251860650120938,3,0.8087457048858794,0.19125429511412056,0.0,0.0
2022-03-18,96614.54425520143,0.01119384947854833,0.11269621186215695,3,0.8085529706041,0.19144702939589994,0.0,0.0
2022-03-21,96163.39887826258,-0.004669538943817483,0.11683951145586347,3,0.8121088367773769,0.1878911632226231,0.0,0.0
2022-03-22,96812.49004862967,0.0067986422244309406,0.11087828627229035,3,0.8038955917524782,0.19610440824752182,0.0,0.0
2022-03-23,96226.27393817256,-0.006055170259154093,0.1162620696300225,3,0.798377131653354,0.20162286834664606,0.0,0.0
2022-03-24,97232.38079000688,0.010455635562494627,0.10702202789732063,3,0.802026334772908,0.19797366522709203,0.0,0.0
2022-03-25,97346.18419780112,0.001170427041584252,0.10597686233123249,3,0.8050009961299988,0.19499900387000135,0.0,0.0
2022-03-28,98065.87366254721,0.007393093737333757,0.0993672654711022,3,0.8047771127442185,0.19522288725578157,0.0,0.0
2022-03-29,98358.31604751467,0.005212777629277674,0.09668148727907055,4,0.2517802606665813,0.25058180864926616,0.24881468135730014,0.2488232493268525
2022-03-30,98612.02546056792,0.0025794403894704135,0.09435143102280197,4,0.24958176264346815,0.2518870511439982,0.2501694609003196,0.24836172531221412
2022-03-31,98303.10222817454,-0.003132713590969837,0.09718856860347913,4,0.24651264734683995,0.2532922337401409,0.2510529023930285,0.24914221651999063
2022-04-01,98258.30851040421,-0.00045566942197156627,0.09759995216657302,4,0.2473239621946454,0.2543723946757827,0.24956845363357122,0.24873518949600057
2022-04-04,98426.36836821244,0.0017103882649316426,0.09605649771448499,4,0.24901679943965044,0.2521733688454439,0.25034985893075246,0.24845997278415335
2022-04-05,97360.1088670555,-0.010823083915175225,0.10584897877215527,4,0.24954296130227843,0.24702539746949745,0.251152028840746,0.2522796123874782
2022-04-06,96997.54343949203,-0.0037239628404541042,0.10917876394896187,4,0.24797108737727663,0.2459417593515839,0.2526815090116593,0.25340564425948015
2022-04-07,97049.57673140962,0.0005364392753930273,0.10870089245058989,4,0.24908706505633216,0.2439584542680852,0.25350189140734203,0.2534525892682406
2022-04-08,96853.07037489375,-0.0020248038490647538,0.11050559831422391,4,0.24892504367522286,0.24180578289312016,0.25560788230342013,0.2536612911282368
2022-04-11,96199.07852143518,-0.00675241219433867,0.11651183115896291,4,0.24633366833940717,0.2395971240402416,0.258621881884112,0.25544732573623924
2022-04-12,96057.12010889633,-3.411098009173993e-05,0.11781557106867091,5,0.19926574374209738,0.5991920311312732,0.2015422251266295,0.0
2022-04-13,96486.08080455831,0.004465683493068343,0.11387601462655039,5,0.20065202596677784,0.5977409694027181,0.20160700463050388,0.0
2022-04-14,95024.6371549438,-0.015146678540864232,0.12729784978035152,5,0.20120105740701621,0.5947675591395213,0.2040313834534625,0.0
2022-04-18,94811.71935324302,-0.0022406589288376144,0.12925327764545702,5,0.20173578856079646,0.5931412929750123,0.20512291846419123,0.0
2022-04-19,94405.30305726295,-0.004286561816961439,0.13298578729774635,5,0.20587488551410676,0.5912324872851371,0.20289262720075618,0.0
2022-04-20,95620.36712568076,0.012906241044801179,0.12182669154204429,5,0.19730520378877606,0.6042766392730518,0.19841815693817225,0.0
2022-04-21,94843.26661904195,-0.00812693498255865,0.12896354892330064,5,0.19594723809382084,0.6047205374131774,0.19933222449300175,0.0
2022-04-22,93788.55636101775,-0.011120560221324717,0.13864996223246795,5,0.1927136998796283,0.6076721812709454,0.19961411884942634,0.0
2022-04-25,94126.87282105113,0.003607225371196746,0.1355428785227516,5,0.1931342977026608,0.6115434189066243,0.19532228339071486,0.0
2022-04-26,94207.89449216623,0.0008607708796310573,0.13479877900589432,5,0.1873796689238768,0.617168417189822,0.19545191388630118,0.0
2022-04-27,93644.9998935749,-0.0045129802098513,0.13996837860917066,4,0.25183949198534294,0.24791241054477792,0.24923553899069503,0.2510125584791841
2022-04-28,94384.29582021879,0.00789466525157845,0.1331787168525177,4,0.25617836601268934,0.24633687903488283,0.2486182353171126,0.24886651963531511
2022-04-29,93141.2410927267,-0.01317014357833244,0.14459487760832435,4,0.25000374622427257,0.24638615450809181,0.2519078091989816,0.2517022900686541
2022-05-02,92446.89345162662,-0.007454781930689792,0.1509717362581494,4,0.2533976275670872,0.24393380953245533,0.24909425746049219,0.25357430543996523
2022-05-03,92755.9990173772,0.0033436014365622337,0.14813292413582013,4,0.2537109310945428,0.24475995067716877,0.2489218779787219,0.2526072402495666
2022-05-04,93676.48993425892,0.01136089207842278,0.1396791754399901,5,0.2037754910485567,0.5965287223569251,0.1996957865945183,0.0
2022-05-05,91395.69438515582,-0.02434757697159385,0.16062590293622991,5,0.20143723342573405,0.5946635975790097,0.2038991689952562,0.0
2022-05-06,90515.79722930245,-0.009627337061911729,0.16870684028970062,5,0.2021813810325946,0.5915964482171251,0.20622217075028035,0.0
2022-05-09,90130.69033153968,-0.004254582178480805,0.17224364535209713,5,0.19654425017432262,0.5993511927067783,0.20410455711889913,0.0
2022-05-10,90506.17322488519,0.004165982663222981,0.16879522672926128,5,0.1961810990480167,0.6022776655179368,0.20154123543404648,0.0
2022-05-11,91411.63117866631,0.01001980650225736,0.16047954011516974,5,0.1948702319540495,0.6054966277796392,0.19963314026631127,0.0
2022-05-12,91009.96648108863,-0.004394021771612595,0.16416841129361792,5,0.19552593852935923,0.607034527336902,0.19743953413373877,0.0
2022-05-13,90473.08460094663,-0.0058991547948055705,0.1690991112177851,5,0.2013885472554391,0.6016109310313302,0.1970005217132308,0.0
2022-05-16,90512.8473683748,0.0004394983060824374,0.1687339316846429,5,0.20048331234241729,0.6007244485190106,0.19879223913857194,0.0
2022-05-17,90116.12038276652,-0.0043831013733736015,0.17237745513031488,5,0.20550805934857622,0.5960783098434603,0.19841363080796345,0.0
2022-05-18,87385.85163721732,-0.027985810700922844,0.19745212498707132,3,0.7898554566614047,0.2101445433385954,0.0,0.0
2022-05-19,87007.11641993825,-0.0043340564883591086,0.20093041281198998,3,0.7884351812161342,0.2115648187838658,0.0,0.0
2022-05-20,87245.97808865912,0.002745311861250553,0.19873671759631806,3,0.7866197049965534,0.21338029500344652,0.0,0.0
2022-05-23,88223.73648184785,0.011206916520497316,0.18975702687948037,3,0.7924566205321519,0.20754337946784807,0.0,0.0
2022-05-24,88051.33746227204,-0.0019541115174971776,0.19134033200522627,3,0.7879469369797991,0.21205306302020094,0.0,0.0
2022-05-25,88739.02969946872,0.00785871937765048,0.18502459629647194,3,0.8007748437771541,0.1992251562228458,0.0,0.0
2022-05-26,90078.88658207393,0.01509884531240527,0.17271940874253744,3,0.8046263102003274,0.19537368979967254,0.0,0.0
2022-05-27,91901.16199858075,0.02022977287631639,0.15598371027641422,3,0.8080328641062814,0.19196713589371864,0.0,0.0
2022-05-31,91111.17367252834,-0.0085960646075901,0.16323892883273672,3,0.8104659699771378,0.1895340300228622,0.0,0.0
2022-06-01,90494.15436384264,-0.00677215849401065,0.16890560742829963,3,0.8093918097881939,0.19060819021180617,0.0,0.0
2022-06-02,90867.59873966686,0.006580330985898101,0.16547591046205046,5,0.20247637255291012,0.5963853474883963,0.20113827995869343,0.0
2022-06-03,90263.59526518304,-0.006647072035151692,0.17102305220027858,5,0.20048602162480383,0.59908539447259,0.20042858390260626,0.0
2022-06-06,89241.66559488946,-0.01132161495773891,0.1804084100121086,5,0.2033992832302685,0.5947697118888792,0.2018310048808524,0.0
2022-06-07,90106.44248173393,0.009690281787994626,0.1724663365540553,5,0.20337950857618728,0.5954235224381071,0.20119696898570544,0.0
2022-06-08,89415.05079060319,-0.0076730550234618555,0.17881604788744299,5,0.20272385293780443,0.5947110317383766,0.20256511532381893,0.0
2022-06-09,89109.60775425009,-0.0033949296257898207,0.18162122349848298,5,0.19590850306722873,0.6040490180921301,0.20004247884064116,0.0
2022-06-10,88508.65821429338,-0.006743936541770338,0.18714031803434084,5,0.19151962410438944,0.6043784199444042,0.2041019559512063,0.0
2022-06-13,85709.38325420093,-0.031627131362843126,0.2128487379754277,5,0.1902655354893538,0.6045333868080516,0.20520107770259458,0.0
2022-06-14,84865.93962926802,-0.00984073846887201,0.2205948876804541,5,0.1915774730046397,0.6028406389368888,0.2055818880584715,0.0
2022-06-15,86279.866526526,0.016660711039489344,0.20760944432139739,5,0.1911243681480213,0.6040236861070949,0.20485194574488383,0.0
2022-06-16,86310.73924772357,0.0003933371798311608,0.20732591058763195,5,0.19330475289833923,0.6045261314125555,0.20216911568910517,0.0
2022-06-17,86371.3472182575,0.0007022065974893534,0.20676928961238772,5,0.19358555772828584,0.6060484244244674,0.2003660178472468,0.0
2022-06-21,85840.2422427585,-0.006149087545860884,0.21164693469462648,5,0.19968669257724203,0.5994609558537767,0.20085235156898143,0.0
2022-06-22,87292.96092268138,0.016923515614209794,0.19830522928442074,5,0.19600753811740637,0.6056955566711424,0.19829690521145132,0.0
2022-06-23,87788.94213726716,0.005681800792908019,0.19375015930049877,5,0.19681066109255546,0.6072212978195134,0.19596804108793103,0.0
2022-06-24,87597.96076335284,-0.002146637291489299,0.1955041239633174,5,0.20680270509839802,0.5929671658800677,0.20023012902153425,0.0
2022-06-27,87066.17694236839,-0.0060707328840800935,0.20038800353308017,5,0.20727103646748,0.5915009037925757,0.20122805973994426,0.0
2022-06-28,86908.52408633835,-0.0018107244577235681,0.20183588053177204,5,0.20340421891082394,0.5953349214820111,0.20126085960716492,0.0
2022-06-29,87688.2798338012,0.008972143476837918,0.19467463753383896,5,0.20143129741081411,0.5992503933011453,0.19931830928804053,0.0
2022-06-30,87900.04031332464,0.0024149234073788735,0.19272983846546354,5,0.19931347653819606,0.6030567417517779,0.19762978171002613,0.0
2022-07-01,88611.73698122919,0.00810898529051644,0.1861936471051987,5,0.20048955752897937,0.6012840680576579,0.1982263744133629,0.0
2022-07-05,88691.36508839304,0.0008986180598256696,0.18546234601928657,5,0.20068786836661764,0.6054642631196344,0.19384786851374805,0.0
2022-07-06,87577.4615959557,-0.012559322898313515,0.19569238742846518,5,0.20392679968762936,0.602869802478176,0.19320339783419455,0.0
2022-07-07,87389.70692134766,-0.002143869794654025,0.19741671822466744,5,0.20742578221345817,0.598848258540908,0.1937259592456339,0.0
2022-07-08,86802.43754636934,-0.006720120660284195,0.20281017471812446,5,0.20865734137364053,0.596221865287222,0.19512079333913732,0.0
2022-07-11,87406.16882663847,0.006990105605413081,0.19726553279977,5,0.19634282347821774,0.6061101525718222,0.19754702394996002,0.0
2022-07-12,87504.91145167405,0.0011296985826185222,0.19635868480995466,5,0.19438581176753714,0.609023480434224,0.19659070779823878,0.0
2022-07-13,88109.02586060317,0.006903777158414121,0.19081052425458778,5,0.19203912742035023,0.6117833154544632,0.19617755712518659,0.0
2022-07-14,87385.34365199551,-0.00821348552590502,0.19745679030133745,5,0.19315930661367237,0.6118170292732914,0.19502366411303623,0.0
2022-07-15,87974.51016390811,0.006742166217928925,0.19204591058447884,5,0.19553135088987678,0.6111401344577677,0.19332851465235545,0.0
2022-07-18,87291.9750616206,-0.007714111170698559,0.1983142833896857,5,0.19989059327691475,0.59836444475708,0.20174496196600533,0.0
2022-07-19,87523.71441059715,0.0026547612058607935,0.19618599924993596,5,0.20474793070857367,0.5935608893405039,0.20169117995092237,0.0
2022-07-20,87608.28670626787,0.0009662786393406849,0.19540929095100812,5,0.20585385028274375,0.5945441476908478,0.19960200202640851,0.0
2022-07-21,88938.54257043151,0.015184132850625216,0.18319227873442945,5,0.204839793796524,0.5957693135151384,0.19939089268833757,0.0
2022-07-22,89704.52452178021,0.00861248598426396,0.1761575336831912,5,0.2012063934913314,0.600611920947681,0.19818168556098756,0.0
2022-07-25,89149.89657220533,-0.00617560304383086,0.18125121274009393,5,0.20148729663085607,0.5978210207273421,0.20069168264180182,0.0
2022-07-26,88957.04567628131,-0.002163220635571067,0.18302234701204323,5,0.19953510764356405,0.5995766264144915,0.20088826594194445,0.0
2022-07-27,89300.31040414651,0.003858769423552492,0.17986981862496765,5,0.2039294230341484,0.593916333721795,0.20215424324405654,0.0
2022-07-28,90170.90837989109,0.009749103578750267,0.17187428453868314,5,0.20449352496345263,0.5928644946073124,0.20264198042923504,0.0
2022-07-29,90345.80513152557,0.0019396139484104396,0.17026804034993692,5,0.20707313711288558,0.5901086267573189,0.20281823612979566,0.0
2022-08-01,91696.5997691456,0.014991540563194619,0.1578624009278785,5,0.19646249166236016,0.6053748259866666,0.19816268235097326,0.0
2022-08-02,90295.25479951018,-0.015282409305944142,0.1707322924088237,5,0.1981952802576522,0.6017616443931492,0.20004307534919863,0.0
2022-08-03,91475.0512414095,0.01306598496807961,0.15989709300692356,5,0.19870267377694442,0.6033528368164932,0.1979444894065624,0.0
2022-08-04,91743.74573083287,0.0029373527073986473,0.15742941445857406,5,0.19798686178615021,0.6013839676707207,0.20062917054312907,0.0
2022-08-05,90192.74688723651,-0.016905771954709978,0.17167372063348385,5,0.20105113251438037,0.5971646682396571,0.20178419924596264,0.0
2022-08-08,91197.05169850282,0.011146562814437561,0.1624502287632763,5,0.1975656790567345,0.6029637289033973,0.19947059203986814,0.0
2022-08-09,90967.42587738215,-0.0025179083845803816,0.16455910235477667,5,0.19727786116487156,0.602136201794521,0.20058593704060737,0.0
2022-08-10,90940.77443414895,-0.000292977876159037,0.1648038680546251,5,0.2014805066095026,0.5983787815576427,0.20014071183285478,0.0
2022-08-11,89624.33513580142,-0.014475787198192057,0.1768939895294196,5,0.20443993561223744,0.593015374084359,0.20254469030340364,0.0
2022-08-12,90640.4655902942,0.011337662398868766,0.1675618914642244,5,0.20557024435122054,0.5923135799956261,0.20211617565315332,0.0
2022-08-15,90354.43740885996,0.0008477565136821,0.17018876188893395,0,0.0,0.0,0.0,1.0
2022-08-16,90277.90372793304,-0.0008470384313346,0.17089164389836742,0,0.0,0.0,0.0,1.0
2022-08-17,90201.34143984903,-0.0008480733925185,0.17159478863469202,0,0.0,0.0,0.0,1.0
2022-08-18,90332.59107656448,0.0014550741110981,0.17038939765813554,0,0.0,0.0,0.0,1.0
2022-08-19,90266.9471867687,-0.0007266910980129,0.17099226829767455,0,0.0,0.0,0.0,1.0
2022-08-22,90146.62548406051,-0.0013329541593916,0.1720972976018149,0,0.0,0.0,0.0,1.0
2022-08-23,90190.40397012276,0.0004856364376055,0.17169523788273822,0,0.0,0.0,0.0,1.0
2022-08-24,90091.95720686716,-0.0010915436556667,0.17259936869078574,0,0.0,0.0,0.0,1.0
2022-08-25,90146.62548406054,0.000606805300809,0.1720972976018147,0,0.0,0.0,0.0,1.0
2022-08-26,90124.760080327,-0.0002425537685535,0.1722981085222769,0,0.0,0.0,0.0,1.0
2022-08-29,89211.07181651163,-0.006162688993201141,0.18068938194710427,5,0.19990957706496046,0.598725828051512,0.20136459488352754,0.0
2022-08-30,88998.21159265286,-0.0023860292172765895,0.18264428101980346,5,0.198187911198853,0.6016493971755872,0.20016269162555975,0.0
2022-08-31,88214.40921442695,-0.00880694526552286,0.18984268809932403,5,0.1984274144882214,0.6011914681552729,0.2003811173565056,0.0
2022-09-01,87143.01739022964,-0.012145315416589642,0.19968230418941402,5,0.20149732037694978,0.5974409870960171,0.20106169252703304,0.0
2022-09-02,87406.64565010603,0.0030252367633297234,0.19726115367370467,5,0.19877130701633713,0.5990084747722527,0.20222021821141017,0.0
2022-09-06,85938.88948232042,-0.01678354017302108,0.21074096272086829,5,0.20264648380866537,0.5951273373823712,0.20222617880896343,0.0
2022-09-07,87237.33442266072,0.015108933198484265,0.19881610065031796,5,0.20321663657248382,0.5955413714504051,0.201241991977111,0.0
2022-09-08,86714.9278864304,-0.005988336756133155,0.20361385964321577,5,0.20577716822534758,0.5929836652452256,0.20123916652942692,0.0
2022-09-09,87198.53229147938,0.005576945248485317,0.19917245774179348,5,0.2078150094014903,0.5910044978939774,0.20118049270453245,0.0
2022-09-12,87058.73230828292,-0.0016032378014018286,0.20045637472994549,5,0.21038579397020374,0.5870893976962247,0.20252480833357164,0.0
2022-09-13,86192.18736401571,-0.00990243619815568,0.2084146859507594,5,0.19321687404634702,0.6074111254249578,0.1993720005286952,0.0
2022-09-14,86369.55131317636,0.0020577729210139862,0.2067857831268365,5,0.19355582767293608,0.6082471227106566,0.19819704961640724,0.0
2022-09-15,85825.94428909999,-0.006293966054139174,0.2117782464814968,5,0.19257038602579843,0.6117028176165792,0.19572679635762238,0.0
2022-09-16,85355.43946939075,-0.005482081480215039,0.21609934235876316,5,0.19215465489178854,0.6099475479265254,0.19789779718168596,0.0
2022-09-19,85617.22436664964,0.003066997239851014,0.2136951212054602,5,0.19305274282530038,0.6095026235919893,0.19744463358271036,0.0
2022-09-20,84807.56704668744,-0.00941905820754808,0.22113097894959388,5,0.19958416366987614,0.5996662820481075,0.20074955428201632,0.0
2022-09-21,85443.33763070371,0.007496625668630253,0.21529208945388656,5,0.1946434888670603,0.605175563584722,0.20018094754821766,0.0
2022-09-22,83972.69415140261,-0.017211915171869867,0.22879841544490143,5,0.19638873536014184,0.6000421426148602,0.2035691220249979,0.0
2022-09-23,83606.85774994582,-0.004356611457495852,0.23215824110421313,5,0.193943208495291,0.6051293358211701,0.20092745568353892,0.0
2022-09-26,82284.16556146719,-0.015820379142038644,0.24430578885103427,5,0.19511136616837663,0.6031063388374717,0.2017822949941518,0.0
2022-09-27,80974.32574354892,-0.01589924820546584,0.2563353009835214,5,0.20271243496084215,0.5936397495244511,0.20364781551470684,0.0
2022-09-28,83249.54223230222,0.028097998567583802,0.23543981133579373,5,0.20105188020667963,0.5967485511294295,0.20219956866389086,0.0
2022-09-29,82639.51596790248,-0.00732768310842495,0.2410422661156426,5,0.1983052252851829,0.598042116136485,0.20365265857833212,0.0
2022-09-30,81749.12225253868,-0.010774430427564801,0.2492196034168418,5,0.19736523854908805,0.5967506583963288,0.20588410305458316,0.0
2022-10-03,83359.38871245817,0.019697660544232713,0.23443098602168244,5,0.1986627476341199,0.594521928927264,0.20681532343861622,0.0
2022-10-04,83972.9094945227,0.007387410874021581,0.2287964377430174,5,0.2046852584881988,0.5939367788516552,0.20137796266014593,0.0
2022-10-05,83362.35132165067,-0.00727089458430458,0.23440377754722808,5,0.2057043128721431,0.592566255837624,0.20172943129023277,0.0
2022-10-06,82891.92836282341,-0.005643110485357437,0.2387241216177014,5,0.20473766197115542,0.5926165604127072,0.20264577761613745,0.0
2022-10-07,81757.52121805758,-0.013685375249088838,0.24914246768144288,5,0.20178827384006126,0.5950065854590307,0.20320514070090787,0.0
2022-10-10,80622.75358170393,-0.01387967271325507,0.2595641244843069,5,0.2030660662955779,0.5940011708056945,0.20293276289872747,0.0
2022-10-11,80699.60370627635,0.0009772251640259798,0.25885833627014465,5,0.19853938518043904,0.6020670855039892,0.19939352931557186,0.0
2022-10-12,80971.22604265249,0.0033658447365463727,0.2563637685022444,5,0.19722065696882635,0.6029916465912023,0.19978769643997135,0.0
2022-10-13,80813.58978163124,-0.0019468182553913486,0.2578114930930946,5,0.20282040093620643,0.5983881283156086,0.19879147074818504,0.0
2022-10-14,79840.93768676216,-0.012035749154285865,0.2667442877874201,5,0.2006128740825688,0.6006807983118353,0.19870632760559598,0.0
2022-10-17,80064.63385182695,0.0028017727690323947,0.26468987190020543,5,0.20519318049021773,0.5960857422780544,0.19872107723172766,0.0
2022-10-18,80398.1871939473,0.0041869106230162595,0.2616265324590167,5,0.20150620867145566,0.5988992816783596,0.19959450965018463,0.0
2022-10-19,79191.77011181989,-0.015005525923328752,0.27270621466730105,5,0.20312627776732772,0.5969535438796347,0.1999201783530375,0.0
2022-10-20,78223.75848478918,-0.012223639219881814,0.2815963915060702,5,0.2039155674411851,0.5940104910258288,0.20207394153298605,0.0
2022-10-21,78055.74994269731,-0.002147794293527168,0.2831393746768427,5,0.20932062069873134,0.5845602335264475,0.2061191457748213,0.0
2022-10-24,77826.39753153286,-0.0029383153878199644,0.28524573728315195,5,0.21250633478297626,0.5814376286500056,0.20605603656701804,0.0
2022-10-25,79463.9574931237,0.02111700669419892,0.2702064575512685,5,0.19899164169888917,0.6046982513160521,0.19631010698505863,0.0
2022-10-26,80136.38793565592,0.008462080970362048,0.2640308855034199,5,0.1958352279348316,0.6082631596971143,0.19590161236805423,0.0
2022-10-27,80538.64808527553,0.005019694048883318,0.2603365457192195,5,0.19381658718041875,0.611562098243699,0.1946213145758822,0.0
2022-10-28,80411.40880904824,-0.0015798536386230162,0.26150510571882146,5,0.1987415789230401,0.6083195086712068,0.19293891240575314,0.0
2022-10-31,79820.67568342303,-0.007346384479197612,0.2669303731481354,5,0.19876622827403476,0.6084532712151924,0.1927805005107729,0.0
2022-11-01,80358.57458108326,0.00677288379498344,0.2619903329791482,5,0.19778527557041786,0.6015332309135621,0.20068149351602,0.0
2022-11-02,79637.44792300936,-0.008973860746450528,0.2686131289605276,5,0.19456760190659553,0.6043456414517759,0.20108675664162848,0.0
2022-11-03,79157.21741601148,-0.006030209650391473,0.2730235451284394,5,0.19373243178765887,0.6047308463300938,0.2015367218822473,0.0
2022-11-04,79063.40314469737,-0.001185163834411532,0.27388513133122194,5,0.19675403032591374,0.5952763401112,0.20796962956288628,0.0
2022-11-07,78677.51022062097,-0.004880803364486538,0.27742915522522427,5,0.19961034478887488,0.5922280866769455,0.2081615685341796,0.0
2022-11-08,79639.49461721916,0.0122599763458154,0.26859433220958795,5,0.19864373070044347,0.5992147052663646,0.20214156403319186,0.0
2022-11-09,79389.67931258347,-0.003136826844976826,0.27088862514288115,5,0.19516344031639335,0.6030763066732043,0.20176025301040226,0.0
2022-11-10,82570.8218661129,0.04006997611117988,0.241673149769967,5,0.19795637381908296,0.6021506141393717,0.19989301204154541,0.0
2022-11-11,82655.88953740489,0.0010302388830514399,0.24089189196279814,5,0.19966660222478025,0.599326912413378,0.20100648536184182,0.0
2022-11-14,82430.37889096097,-0.002728307053568973,0.24296297196837746,5,0.198509676383808,0.5994929945408879,0.20199732907530418,0.0
2022-11-15,83428.5525436724,0.01211737964291942,0.23379578839267523,5,0.1992909274650627,0.6024085813105794,0.1983004912243579,0.0
2022-11-16,84362.78971566266,0.011198050829195503,0.22521579468555264,5,0.1955804667250272,0.6087653061871641,0.1956542270878087,0.0
2022-11-17,83650.41361996006,-0.008444197946791363,0.23175822588127537,5,0.19664251225037319,0.6074710590286775,0.1958864287209493,0.0
2022-11-18,83262.6800712914,-0.004635165947059287,0.23531915399177883,5,0.19845519567921674,0.6061028394951576,0.1954419648256257,0.0
2022-11-21,83324.34306949931,0.0007405838744936983,0.23475284368809102,5,0.19758726796812032,0.6082071041505738,0.194205627881306,0.0
2022-11-22,83819.89003988184,0.007390623159402725,0.230201761784116,4,0.25150551673385296,0.2516877351825969,0.24845717762054903,0.24834957046300113
2022-11-23,84468.44458104549,0.007737477833185881,0.22424546497989517,4,0.2511471857337502,0.2541113997405632,0.24808596358796686,0.24665545093771968
2022-11-25,84411.49090645279,-0.0006742597768336387,0.22476852505955547,4,0.2512603523829818,0.25342092586366594,0.2484664690439467,0.24685225270940553
2022-11-28,83972.71421032198,-0.005198068312963089,0.22879823122465515,4,0.24854299093545815,0.25546299154098684,0.2477907486631877,0.24820326886036737
2022-11-29,83780.41167866888,-0.0022900597350163534,0.23056432934290094,4,0.2486855378889614,0.2530468853107646,0.2495865083895036,0.24868106841077037
2022-11-30,84922.85778820566,0.013648549822941126,0.22007215377503098,4,0.2544029863983018,0.2484477834289222,0.2497862598549796,0.24736297031779655
2022-12-01,86016.19790302594,0.012874509211018697,0.21003096553487766,4,0.25098441151545076,0.2531257230095647,0.2511451595189093,0.24474470595607542
2022-12-02,86185.28060601158,0.001965707705149678,0.20847811731700006,4,0.2502029983138014,0.2558061275539821,0.24978627464247039,0.24420459948974602
2022-12-05,85059.70173472985,-0.013059989633580363,0.21881538489959207,4,0.24895343651719873,0.2555606515173541,0.2487488782943768,0.24673703367107042
2022-12-06,85115.61197532476,0.0006573058622903487,0.21830190767255553,4,0.24520362962696074,0.25868218425177214,0.2492659530916928,0.24684823302957445
2022-12-07,85211.37419603416,0.0033517076308226808,0.2174224315869312,3,0.795971315405959,0.2040286845940411,0.0,0.0
2022-12-08,85695.05960144955,0.00567630096309277,0.2129802857816534,3,0.7976789162711698,0.20232108372883023,0.0,0.0
2022-12-09,84733.38264145792,-0.011222081698340533,0.22181228531281627,3,0.8007056297901175,0.19929437020988242,0.0,0.0
2022-12-12,85765.53405859564,0.012181166205829128,0.21233305142087733,3,0.802474449738312,0.19752555026168805,0.0,0.0
2022-12-13,86450.11380616642,0.0079819913102049,0.20604590068198325,3,0.8021464284198611,0.197853571580139,0.0,0.0
2022-12-14,86081.05217401961,-0.004260521384158881,0.20943534672020303,3,0.7982863554202075,0.20171364457979246,0.0,0.0
2022-12-15,84467.85751925783,-0.01874041515548144,0.22425085652991572,3,0.7936319563762557,0.20636804362374428,0.0,0.0
2022-12-16,83481.69637391502,-0.0116749870815412,0.2333077177584456,3,0.7935265935982155,0.2064734064017844,0.0,0.0
2022-12-19,82630.29262112781,-0.010198687733581433,0.24112697293277408,3,0.7949047260407992,0.2050952739592007,0.0,0.0
2022-12-20,82419.23682735646,-0.0025542181574870555,0.2430653001977363,3,0.798030726838098,0.20196927316190205,0.0,0.0
2022-12-21,83445.9179177543,0.01246478912385526,0.23363630554954762,3,0.8019657221114243,0.19803427788857578,0.0,0.0
2022-12-22,82488.02291123026,-0.011479231464241858,0.24243357178393588,3,0.7997046945341297,0.2002953054658703,0.0,0.0
2022-12-23,82625.2663807183,0.001663798750950055,0.2411731337069084,3,0.8029689186897281,0.19703108131027205,0.0,0.0
2022-12-27,82041.72610935256,-0.00706249186147147,0.24653234227436926,3,0.8054911084147003,0.19450889158529966,0.0,0.0
2022-12-28,81126.42057152178,-0.01115658557220961,0.25493846867367764,3,0.8044555101941657,0.19554448980583425,0.0,0.0
2022-12-29,82477.36556894662,0.016670462336030478,0.2425314483536869,3,0.8010464709047287,0.19895352909527134,0.0,0.0
2022-12-30,82120.79102639212,-0.004323301794313765,0.2458062135021557,3,0.8024054192897019,0.19759458071029812,0.0,0.0
2023-01-03,82153.06133391695,0.00039296147932212685,0.245509844396118,3,0.7987136190279119,0.20128638097208804,0.0,0.0
2023-01-04,82886.18074270705,0.008923823371721701,0.23877690751180614,3,0.7977607067609788,0.20223929323902118,0.0,0.0
2023-01-05,82201.5756957441,-0.008259580075091972,0.24506429059922152,3,0.7952238515864922,0.20477614841350775,0.0,0.0
2023-01-06,84010.46600569457,0.02202506838957242,0.2284515203717361,3,0.800710064367161,0.1992899356328389,0.0,0.0
2023-01-09,84061.4631290737,0.0006070329781967183,0.22798316500032423,3,0.7997705343905508,0.20022946560944913,0.0,0.0
2023-01-10,84254.36954959539,0.0022948258731291193,0.22621152079287565,3,0.8035351792223,0.19646482077770006,0.0,0.0
2023-01-11,85379.67111898315,0.013356002488694339,0.21587679993886233,3,0.8029737741850956,0.19702622581490434,0.0,0.0
2023-01-12,85960.35504312583,0.006801196544004641,0.21054382394053273,3,0.8004530915893099,0.19954690841069006,0.0,0.0
2023-01-13,86065.85015112557,0.0012290676449712601,0.2095749614397593,3,0.8021177535690637,0.19788224643093635,0.0,0.0
2023-01-17,85829.31274578393,-0.002748330550692296,0.2117473107212665,3,0.8028549232973975,0.19714507670260253,0.0,0.0
2023-01-18,85151.39606424459,-0.0078984284022785,0.21797326815043805,3,0.7964703269631477,0.20352967303685235,0.0,0.0
2023-01-19,84549.1836523635,-0.007072255297220707,0.22350396084732926,3,0.7963037742890531,0.20369622571094692,0.0,0.0
2023-01-20,85524.22749943186,0.011532268023750342,0.21454920040444003,3,0.8018905277613478,0.19810947223865208,0.0,0.0
2023-01-23,86263.98281492208,0.008657285542222361,0.2077553196405275,3,0.8026501539180315,0.19734984608196846,0.0,0.0
2023-01-24,86434.4720611138,0.0019763665046337578,0.20618955379079074,3,0.8002070865897402,0.19979291341025984,0.0,0.0
2023-01-25,86502.2670180894,0.0007843509118404818,0.20556692784347796,3,0.7998795109507871,0.20012048904921279,0.0,0.0
2023-01-26,87182.18518631347,0.007860119643822331,0.19932258884731824,3,0.8023639564836559,0.19763604351634398,0.0,0.0
2023-01-27,87299.42612520399,0.0013447809164220822,0.19824585314458998,3,0.8031274675049557,0.1968725324950443,0.0,0.0
2023-01-30,86358.26676334652,-0.010768444414536041,0.20688941994351495,3,0.7985617407517297,0.20143825924827027,0.0,0.0
2023-01-31,87511.32294956906,0.013352007045050325,0.19629980189109675,3,0.7996267593221218,0.20037324067787818,0.0,0.0
2023-02-01,88465.80836099925,0.01090699328108928,0.1875338492303128,3,0.7994059247666875,0.2005940752333125,0.0,0.0
2023-02-02,89518.24794007424,0.011896568839119622,0.17786828973822666,3,0.8015076699866965,0.19849233001330344,0.0,0.0
2023-02-03,88489.85980533651,-0.011488027954101176,0.18731296180766688,3,0.8022040264475562,0.19779597355244385,0.0,0.0
2023-02-06,87925.42798833328,-0.00636973153234114,0.19249667915823054,3,0.8002081363154997,0.19979186368450033,0.0,0.0
2023-02-07,88704.62602047228,0.008862032860873713,0.18534055819366613,3,0.8035525135105781,0.1964474864894219,0.0,0.0
2023-02-08,88008.1491690905,-0.007851640693700049,0.1917369714184597,3,0.8010555478636168,0.1989444521363833,0.0,0.0
2023-02-09,87231.10270021301,-0.008829255883844766,0.19887333251925743,3,0.8011848391029072,0.19881516089709284,0.0,0.0
2023-02-10,87200.14215229911,-0.00035492555929631734,0.19915767284978014,3,0.8033397256299031,0.19666027437009692,0.0,0.0
2023-02-13,88164.63296382225,0.011074163254322422,0.1902998310280759,3,0.8005260546756784,0.19947394532432158,0.0,0.0
2023-02-14,88091.68809326261,-0.0008273711136479634,0.19096975355859913,3,0.8008203912929404,0.19917960870705964,0.0,0.0
2023-02-15,88157.14331291486,0.000743035138377239,0.1903686156574833,3,0.8028242984536268,0.1971757015463732,0.0,0.0
2023-02-16,86936.3836465347,-0.0138475411124321,0.2015800195380817,3,0.8028884007428548,0.1971115992571452,0.0,0.0
2023-02-17,86895.25430220981,-0.00047309702336041263,0.20195774965422963,3,0.8012614976681564,0.1987385023318437,0.0,0.0
2023-02-21,85162.47238394452,-0.019936096636885,0.21787154371025008,3,0.7998982789883057,0.20010172101169435,0.0,0.0
2023-02-22,85224.74970418529,0.0007312765646351881,0.21729959149963107,3,0.7982120519710657,0.20178794802893427,0.0,0.0
2023-02-23,85754.6722087277,0.006217941459279942,0.21243280617942129,3,0.7974993127484423,0.2025006872515576,0.0,0.0
2023-02-24,84798.35605816086,-0.011151767314078881,0.22121557226911048,3,0.7978780005838484,0.2021219994161516,0.0,0.0
2023-02-27,85076.31887068643,0.0032779269014946042,0.21866277384298627,3,0.79797967914787,0.2020203208521299,0.0,0.0
2023-02-28,84901.37540944215,-0.00204824733764022,0.2202694470107649,3,0.7986790088214651,0.20132099117853497,0.0,0.0
2023-03-01,84457.66388106237,-0.005226199531396942,0.22434447446141315,3,0.7997954668355597,0.20020453316444023,0.0,0.0
2023-03-02,84833.06363540888,0.004444827586933438,0.22089681938354178,3,0.8024488831292013,0.1975511168707988,0.0,0.0
2023-03-03,86330.81130977278,0.017655235001306172,0.20714156963949315,3,0.8011733914956102,0.1988266085043899,0.0,0.0
2023-03-06,86245.6553777596,-0.0009863909619431972,0.20792363802930114,3,0.802520122700561,0.19747987729943897,0.0,0.0
2023-03-07,85292.94244776318,-0.011036534216572181,0.21667331229739883,3,0.7965278744611016,0.2034721255388984,0.0,0.0
2023-03-08,85420.88857766899,0.0015000787431406115,0.21549826058424149,3,0.7966329094493511,0.20336709055064894,0.0,0.0
2023-03-09,84208.03775605923,-0.014198527336869963,0.22663702997715818,3,0.7931973030311419,0.20680269696885809,0.0,0.0
2023-03-10,83844.80529489629,-0.004313512947721003,0.2299729411616397,3,0.7851386059016336,0.21486139409836627,0.0,0.0
2023-03-13,83791.92287144218,-0.0006307179469034385,0.2304586110472503,3,0.7845143488779586,0.21548565112204135,0.0,0.0
2023-03-14,84619.21837899752,0.00993577111606852,0.2228607649525226,3,0.8052235934835189,0.19477640651648118,0.0,0.0
2023-03-15,84511.32710403918,-0.0012750209352574873,0.22385163374681805,3,0.801208968111543,0.198791031888457,0.0,0.0
2023-03-16,85567.9135703265,0.012502305933340596,0.2141479894222582,3,0.8051994895145481,0.1948005104854518,0.0,0.0
2023-03-17,85012.49887842682,-0.006490922458255289,0.21924889388658242,3,0.8009838662977574,0.1990161337022426,0.0,0.0
2023-03-20,85518.40242379897,0.005950931357700847,0.2146026976466524,3,0.8039017161485643,0.19609828385143574,0.0,0.0
2023-03-21,86268.41978943918,0.00878598927136452,0.20771457065881638,3,0.8034454037293883,0.1965545962706117,0.0,0.0
2023-03-22,85312.97251151953,-0.011075284330600683,0.2164893570597619,3,0.7985939964423747,0.20140600355762525,0.0,0.0
2023-03-23,85497.16809309313,0.0021590571298956947,0.21479771281977256,3,0.7990279066733816,0.20097209332661833,0.0,0.0
2023-03-24,86018.11179863982,0.00609311065109721,0.21001338840048878,3,0.7994001579719094,0.20059984202809067,0.0,0.0
2023-03-27,85741.3537009912,-0.003217439814262504,0.2125551227773833,3,0.8034801859869833,0.1965198140130166,0.0,0.0
2023-03-28,85617.4167718239,-0.0014315735539609802,0.2136933541646766,3,0.7993485116442629,0.20065148835573707,0.0,0.0
2023-03-29,86577.64715075315,0.011215362657907865,0.20487463997131028,3,0.8019726049934702,0.19802739500652966,0.0,0.0
2023-03-30,87063.06995808045,0.0056067913982699984,0.20041653794215508,3,0.8021706303640429,0.19782936963595704,0.0,0.0
2023-03-31,88305.46628436196,0.014270072567848922,0.18900642391453792,3,0.8020320081930018,0.19796799180699823,0.0,0.0
2023-04-03,88657.56710279288,0.003987304900209546,0.18577274525457388,3,0.8018908784293557,0.1981091215706442,0.0,0.0
2023-04-04,88351.53922886902,-0.00344425897043348,0.18858329198852275,3,0.7983109789051333,0.20168902109486672,0.0,0.0
2023-04-05,88353.16371617882,1.838663280781163e-05,0.18856837276745841,3,0.7962061273872876,0.2037938726127124,0.0,0.0
2023-04-06,88674.16120521384,0.003633118221619756,0.18562034573696118,3,0.7964185899529854,0.20358141004701455,0.0,0.0
2023-04-10,88455.56088015501,-0.0024652088284537648,0.18762796165036355,3,0.7992062734474583,0.2007937265525417,0.0,0.0
2023-04-11,88511.14602287843,0.0006283962497137763,0.18711747010809232,3,0.7989189417990752,0.20108105820092484,0.0,0.0
2023-04-12,88203.92577524528,-0.00346666883733768,0.18993896755052175,3,0.7995105979346118,0.20048940206538832,0.0,0.0
2023-04-13,89001.67214422266,0.009044340849523231,0.18261249946413194,3,0.8028690246008483,0.1971309753991518,0.0,0.0
2023-04-14,88666.63117808575,-0.00376443451078069,0.18568950117982996,3,0.8039340780393439,0.19606592196065614,0.0,0.0
2023-04-17,88715.62229388027,0.0005525316022903674,0.18523956889515503,3,0.8063733108330166,0.19362668916698336,0.0,0.0
2023-04-18,88823.49015421007,0.001215883488620269,0.18424891513979347,3,0.8059193792603628,0.19408062073963728,0.0,0.0
2023-04-19,88392.57373169017,-0.0008547982795714,0.18820643289263572,0,0.0,0.0,0.0,1.0
2023-04-20,88608.67903079015,0.0024448354649788,0.1862217311895299,0,0.0,0.0,0.0,1.0
2023-04-21,88554.6735987631,-0.0006094824188529,0.18671771473721455,0,0.0,0.0,0.0,1.0
2023-04-24,88651.94094753946,0.0010983875251697,0.18582441562064034,0,0.0,0.0,0.0,1.0
2023-04-25,88997.73914022987,0.0039006274312147,0.1826486200023849,0,0.0,0.0,0.0,1.0
2023-04-26,88889.68184784701,-0.0012141577238564,0.18364101349351358,0,0.0,0.0,0.0,1.0
2023-04-27,88716.7827515018,-0.0019450974820807,0.1852289113026414,0,0.0,0.0,0.0,1.0
2023-04-28,88814.01295761515,0.0010959618135126,0.18433595330267483,0,0.0,0.0,0.0,1.0
2023-05-01,88620.10968533371,-0.0021832508837764,0.18611675255349147,0,0.0,0.0,0.0,1.0
2023-05-02,88912.61744226015,0.0033006927881837,0.18343037398822115,0,0.0,0.0,0.0,1.0
2023-05-03,89129.25202430814,0.002436488636595,0.1814408113734548,0,0.0,0.0,0.0,1.0
2023-05-04,89270.10628813521,0.0015803371017706,0.18014721191767302,0,0.0,0.0,0.0,1.0
2023-05-05,89053.40670642695,-0.0024274596583186,0.18213737148650289,0,0.0,0.0,0.0,1.0
2023-05-08,88912.61744226015,-0.001580953153549,0.18343037398822115,0,0.0,0.0,0.0,1.0
2023-05-09,88890.94469838959,-0.0002437532995205,0.1836294155288497,0,0.0,0.0,0.0,1.0
2023-05-10,89107.60713743484,0.0024373960675116,0.18163959707662758,0,0.0,0.0,0.0,1.0
2023-05-11,89161.77971144547,0.0006079455587566,0.18114207850420805,0,0.0,0.0,0.0,1.0
2023-05-12,89010.12621834614,-0.0017008800585872,0.18253485761369637,0,0.0,0.0,0.0,1.0
2023-05-15,89020.91616195264,0.0001212215291104,0.1824357632391418,0,0.0,0.0,0.0,1.0
2023-05-16,88912.61744226016,-0.001216553641118,0.18343037398822104,0,0.0,0.0,0.0,1.0
2023-05-17,88815.09938050843,-0.0010967854119812,0.18432597564189768,0,0.0,0.0,0.0,1.0
2023-05-18,88652.62808680533,-0.0018293206316984,0.18581810496339635,0,0.0,0.0,0.0,1.0
2023-05-19,88587.65628352245,-0.0007328807355746,0.1864148031895223,0,0.0,0.0,0.0,1.0
2023-05-22,88555.13788205087,-0.0003670759881885,0.18671345077961699,0,0.0,0.0,0.0,1.0
2023-05-23,88544.28293878409,-0.0001225783565629,0.1868131421082352,0,0.0,0.0,0.0,1.0
2023-05-24,88435.96564776011,-0.0012233120810168,0.18780792341561825,0,0.0,0.0,0.0,1.0
2023-05-25,88241.00380958267,-0.0022045537327423,0.18959844448975594,0,0.0,0.0,0.0,1.0
2023-05-26,88219.34035137788,-0.0002455033065075,0.18979740075123264,0,0.0,0.0,0.0,1.0
2023-05-30,88392.65730268203,0.0019646140020297,0.1882056653802675,0,0.0,0.0,0.0,1.0
2023-05-31,88479.30184983546,0.0009802233556204,0.187409925613513,0,0.0,0.0,0.0,1.0
2023-06-01,88617.20327195268,0.001558572674446,0.18614344492804813,0,0.0,0.0,0.0,1.0
2023-06-02,88367.46529149057,-0.0028181659005384,0.18843702771948168,0,0.0,0.0,0.0,1.0
2023-06-05,88389.1844636899,0.0002457824509018,0.1882375597830933,0,0.0,0.0,0.0,1.0
2023-06-06,88345.7368336255,-0.0004915491677859,0.18863658093502178,0,0.0,0.0,0.0,1.0
2023-06-07,88280.57931702753,-0.000737528701817,0.18923498474418665,0,0.0,0.0,0.0,1.0
2023-06-08,88421.75857915603,0.0015992108708473,0.18793840051808675,0,0.0,0.0,0.0,1.0
2023-06-09,88258.85085916247,-0.0018423940284758,0.18943453795972665,0,0.0,0.0,0.0,1.0
2023-06-12,88334.91903302175,0.0008618758698848,0.18873593114703202,0,0.0,0.0,0.0,1.0
2023-06-13,88172.02059869394,-0.0018441001147793,0.19023198330952007,0,0.0,0.0,0.0,1.0
2023-06-14,88117.71802536276,-0.0006158708053016,0.19073069579006663,0,0.0,0.0,0.0,1.0
2023-06-15,88302.30777489263,0.0020948085545831,0.18903543152864621,0,0.0,0.0,0.0,1.0
2023-06-16,88182.85697062923,-0.0013527483853301,0.19013246253920568,0,0.0,0.0,0.0,1.0
2023-06-20,88215.42180042958,0.0003692875340974,0.1898333885533512,0,0.0,0.0,0.0,1.0
2023-06-21,88215.42180042958,0.0,0.1898333885533512,0,0.0,0.0,0.0,1.0
2023-06-22,88117.71802536276,-0.0011075588947231,0.19073069579006663,0,0.0,0.0,0.0,1.0
2023-06-23,88193.73048522751,0.0008626240166917,0.19003260065228367,0,0.0,0.0,0.0,1.0
2023-06-26,88258.85085916247,0.000738378721216,0.18943453795972665,0,0.0,0.0,0.0,1.0
2023-06-27,88128.59153996105,-0.0014758782596125,0.19063083390314461,0,0.0,0.0,0.0,1.0
2023-06-28,88226.27674369638,0.0011084394068754,0.18973369722473288,0,0.0,0.0,0.0,1.0
2023-06-29,88009.16859269491,-0.0024608105319028,0.1917276090762483,0,0.0,0.0,0.0,1.0
2023-06-30,88601.25351147281,0.01077061925809282,0.18628992683719314,2,0.4004076408907504,0.4004050649156553,0.19918729419359443,0.0
2023-07-03,88460.76605807841,-0.001585614738240702,0.18758015752185508,2,0.4015050048817145,0.3987675465720741,0.1997274485462114,0.0
2023-07-05,88010.37496286865,-0.005091422053863473,0.19171652982484466,2,0.40295953657528144,0.3969995666049096,0.20004089681980908,0.0
2023-07-06,87186.03954940652,-0.009366343613578713,0.19928719054368094,2,0.40358421220205465,0.3950853225665835,0.2013304652313619,0.0
2023-07-07,87021.53146446319,-0.0018868626880350495,0.2007980256676759,2,0.40332631914912603,0.3934495803503025,0.2032241005005714,0.0
2023-07-10,87075.74082234057,0.00145034185032126,0.200300169273818,5,0.20021582936802904,0.5999173067799914,0.1998668638519794,0.0
2023-07-11,87520.51831602388,0.0051079380948452985,0.1962153520440103,5,0.20046692521172355,0.5999367132257668,0.19959636156250954,0.0
2023-07-12,88482.70318907809,0.010993820552797642,0.18737868786128853,5,0.19988239049754927,0.6000182856620789,0.20009932384037185,0.0
2023-07-13,89193.8483569829,0.008037109426744862,0.18084756145312464,5,0.19986252696490558,0.6014916762310664,0.19864579680402802,0.0
2023-07-14,88810.37245857503,-0.004299353660277873,0.1843693874881167,5,0.200600501962242,0.6005317125737691,0.19886778546398887,0.0
2023-07-17,88870.71622664732,0.0022807092198266197,0.18381519293683246,1,0.6007132349970372,0.3992867650029627,0.0,0.0
2023-07-18,89428.48285436508,0.006276157674877704,0.17869268839586427,1,0.6014024265475664,0.39859757345243346,0.0,0.0
2023-07-19,89950.75262682921,0.005840083112163044,0.17389618543546892,1,0.5992402038981474,0.4007597961018525,0.0,0.0
2023-07-20,89155.44808435992,-0.008841555175960625,0.18120022789301282,1,0.6005745616462906,0.3994254383537094,0.0,0.0
2023-07-21,89165.95478352961,0.00011784696724023366,0.18110373482309294,1,0.6005037940953403,0.39949620590465984,0.0,0.0
2023-07-24,88699.85536982567,-0.0012322538934996,0.18538437164249255,0,0.0,0.0,0.0,1.0
2023-07-25,88688.89500572186,-0.0001235668768355,0.18548503115151016,0,0.0,0.0,0.0,1.0
2023-07-26,88776.4658875735,0.00098739398936,0.18468078396702525,0,0.0,0.0,0.0,1.0
2023-07-27,88645.0722211364,-0.001480050654455,0.18588749770630453,0,0.0,0.0,0.0,1.0
2023-07-28,88765.5241952995,0.0013588118453173,0.1847812719947669,0,0.0,0.0,0.0,1.0
2023-07-31,88787.38890801767,0.0002463198738067,0.18458046742055978,0,0.0,0.0,0.0,1.0
2023-08-01,88712.7856119754,-0.0008402465368089,0.185265620858856,0,0.0,0.0,0.0,1.0
2023-08-02,88756.66441205032,0.0004946164160242,0.18486263986023355,0,0.0,0.0,0.0,1.0
2023-08-03,88789.59218393633,0.0003709892896959,0.18456023262999066,0,0.0,0.0,0.0,1.0
2023-08-04,88965.19140747018,0.0019777005301486,0.18294753696975874,0,0.0,0.0,0.0,1.0
2023-08-07,88998.10984344127,0.0003700147827516,0.1826452154801539,0,0.0,0.0,0.0,1.0
2023-08-08,89041.9979794311,0.000493135596554,0.1822421487408935,0,0.0,0.0,0.0,1.0
2023-08-09,88987.14014342254,-0.0006160894550145,0.18274596072980953,0,0.0,0.0,0.0,1.0
2023-08-10,88943.26134334762,-0.000493091473714,0.183148941728432,0,0.0,0.0,0.0,1.0
2023-08-11,88855.43839179342,-0.0009874042195864,0.18395550391014304,0,0.0,0.0,0.0,1.0
2023-08-14,88715.17570359574,0.0024311754228142,0.18524367036097733,1,0.601848779149055,0.39815122085094506,0.0,0.0
2023-08-15,87877.92475780073,-0.009437516627282825,0.19293294676912964,1,0.6005052647312948,0.3994947352687051,0.0,0.0
2023-08-16,87215.9955841644,-0.0075323714739586,0.19901207561845757,1,0.6006226898974101,0.39937731010258987,0.0,0.0
2023-08-17,86668.35847497552,-0.006279090269174311,0.20404155110016786,1,0.5998122964250828,0.40018770357491723,0.0,0.0
2023-08-18,86815.87721349401,0.0017021060640149595,0.20268674539759146,1,0.5990813303067063,0.4009186696932938,0.0,0.0
2023-08-21,86691.5468056722,-0.00142844658194664,0.20382859047579838,1,0.6047676603351341,0.395232339664866,0.0,0.0
2023-08-22,86812.4753065095,0.0013949284018241693,0.20271798836393273,1,0.6022893738674058,0.3977106261325942,0.0,0.0
2023-08-23,88250.30237090493,0.016562447497538584,0.18951304690547843,1,0.5990754476153615,0.40092455238463853,0.0,0.0
2023-08-24,87284.28830517434,-0.010946297517152488,0.19838487822782147,1,0.5973111208148071,0.40268887918519297,0.0,0.0
2023-08-25,87766.63218036105,0.005526124856517919,0.1939550529780355,1,0.5982161830490144,0.40178381695098553,0.0,0.0
2023-08-28,88159.09919122116,0.0052831104104539,0.19035065295586628,3,0.8008421635364814,0.19915783646351856,0.0,0.0
2023-08-29,89361.9882487676,0.013644525279657276,0.1793033719724646,3,0.8014823561803065,0.19851764381969345,0.0,0.0
2023-08-30,89638.55495863868,0.0030949032725320416,0.1767633952926262,3,0.8023003466061348,0.19769965339386522,0.0,0.0
2023-08-31,89612.52458592154,-0.000290392596457546,0.17700245710776608,3,0.8013591131202075,0.19864088687979253,0.0,0.0
2023-09-01,89469.1637506832,-0.0015997856984920995,0.17831907680677916,3,0.8041402355831676,0.19585976441683237,0.0,0.0
2023-09-05,88907.43682511625,-0.006261984428616901,0.18347795255159483,3,0.8015618363251483,0.19843816367485162,0.0,0.0
2023-09-06,88471.74577127176,-0.004900501796059146,0.1874793203116376,3,0.8000941891131235,0.19990581088687648,0.0,0.0
2023-09-07,88303.48043778854,-0.001901910401070159,0.18902466184342148,3,0.7991578116936782,0.20084218830632192,0.0,0.0
2023-09-08,88477.66259941473,0.0019725401622068513,0.18742498041834832,3,0.7987855797688905,0.20121442023110944,0.0,0.0
2023-09-11,88814.18842027719,0.0038035116545301405,0.18433434186118947,3,0.800992440333157,0.1990075596668429,0.0,0.0
2023-09-12,88526.45558527095,-0.00323576007192604,0.18697686775044176,3,0.7981942523031873,0.20180574769681264,0.0,0.0
2023-09-13,88605.05887392309,0.000887907328182074,0.18625497855333595,3,0.7984160010889702,0.2015839989110299,0.0,0.0
2023-09-14,89086.11212980219,0.005429184992288127,0.1818370062953486,3,0.800951697211695,0.19904830278830493,0.0,0.0
2023-09-15,88118.3545803146,-0.010863169649580508,0.1907248496969709,3,0.7999920823532649,0.2000079176467351,0.0,0.0
2023-09-18,88260.19138342353,0.0016096170177537636,0.1894222266429979,3,0.7991749715293687,0.20082502847063124,0.0,0.0
2023-09-19,87983.18298157376,-0.00313525318754254,0.1919662598028301,3,0.8008516962170706,0.1991483037829294,0.0,0.0
2023-09-20,87390.16569999709,-0.006740120799003909,0.19741250482143002,3,0.798873761124642,0.201126238875358,0.0,0.0
2023-09-21,85784.98723155165,-0.01836795313966867,0.21215439432335403,3,0.8003707458333306,0.19962925416666946,0.0,0.0
2023-09-22,85768.433330262,-0.0001929696771412762,0.21230642463551874,3,0.7987251820312837,0.2012748179687162,0.0,0.0
2023-09-25,85631.6936828243,-0.0015942887392052442,0.21356223563266652,3,0.8033648433224557,0.1966351566775443,0.0,0.0
2023-09-26,84564.59268512137,-0.01244822740411604,0.22336244495815338,3,0.798182960788658,0.20181703921134198,0.0,0.0
2023-09-27,84503.19251726358,-0.0007260741867037957,0.22392634143929402,3,0.7990817313871961,0.20091826861280387,0.0,0.0
2023-09-28,84946.52212367911,0.005246306005834683,0.21985482154341685,3,0.7995199181497866,0.20048008185021332,0.0,0.0
2023-09-29,84783.62240986835,-0.001917673728579482,0.22135088545662096,3,0.7991120238315197,0.20088797616848034,0.0,0.0
2023-10-02,84471.55406939442,-0.003680762057621127,0.22421690757363255,3,0.801745184103174,0.19825481589682603,0.0,0.0
2023-10-03,83202.9462986565,-0.015011289454965802,0.23586774637139718,3,0.8013199094727387,0.19868009052726127,0.0,0.0
2023-10-04,83921.67325061743,0.00863823919625482,0.22926698918698019,3,0.8002425441247142,0.19975745587528587,0.0,0.0
2023-10-05,83812.80803987496,-0.001297224024804144,0.23026680256531662,3,0.8009801334222076,0.1990198665777924,0.0,0.0
2023-10-06,84407.73272711886,0.007098255041888841,0.22480304001571672,3,0.8047774744654023,0.19522252553459762,0.0,0.0
2023-10-09,85229.36448402448,0.009734081586599268,0.21725720956154604,3,0.8021217811382656,0.19787821886173443,0.0,0.0
2023-10-10,85559.94899060026,0.0038872831293345605,0.21422113577735935,3,0.8010499053374964,0.19895009466250357,0.0,0.0
2023-10-11,86196.23091387907,0.0074366795537562265,0.20837755016402115,3,0.7983938704591437,0.2016061295408563,0.0,0.0
2023-10-12,85305.26221812374,-0.010336515718947446,0.21656016806022238,3,0.8018144637996729,0.19818553620032703,0.0,0.0
2023-10-13,85267.0752790403,-0.00044765045075172605,0.216910875254127,3,0.7981780305928057,0.2018219694071943,0.0,0.0
2023-10-16,85706.18124582313,0.0051497716480344785,0.2128781450816266,3,0.8024435979817437,0.1975564020182564,0.0,0.0
2023-10-17,85513.28803723435,-0.0022408810803944725,0.21464966795125573,3,0.8017599316119535,0.1982400683880465,0.0,0.0
2023-10-18,84450.56690373679,-0.012427555504997311,0.22440965279365965,3,0.8010313253775313,0.1989686746224687,0.0,0.0
2023-10-19,83512.17219369873,-0.011111763300626722,0.23302782915006737,3,0.802914903098858,0.19708509690114198,0.0,0.0
2023-10-20,82781.68618561367,-0.008747060325418918,0.23973658099640927,3,0.8000467593132659,0.19995324068673417,0.0,0.0
2023-10-23,82865.73423382799,0.0010152976109458652,0.23896468736340548,3,0.7978499196012656,0.20215008039873453,0.0,0.0
2023-10-24,83583.21511698751,0.00866702912261914,0.23237537402086839,3,0.7991057618216277,0.2008942381783722,0.0,0.0
2023-10-25,82250.80365103252,-0.015941136795109858,0.24461218319089684,3,0.800396065627484,0.199603934372516,0.0,0.0
2023-10-26,81714.30613235643,-0.006522702452273787,0.2495393531560154,3,0.796003787479432,0.20399621252056796,0.0,0.0
2023-10-27,81348.64954897837,-0.004474817209923891,0.2528975273738835,3,0.7959574138952827,0.20404258610471723,0.0,0.0
2023-10-30,82048.0170014324,0.008597161186221716,0.24647456699409198,3,0.7986078360274939,0.2013921639725062,0.0,0.0
2023-10-31,82379.68689086365,0.004047978833037481,0.24342852510079016,3,0.8017787336632143,0.19822126633678563,0.0,0.0
2023-11-01,83438.15091233204,0.012848604570088086,0.2337076373908017,3,0.8000499924984373,0.1999500075015628,0.0,0.0
2023-11-02,85097.79154375916,0.019890668876050257,0.21846556974389586,3,0.7994802259995963,0.2005197740004036,0.0,0.0
2023-11-03,85834.1629502398,0.008653237564948823,0.2117027666537028,3,0.7998528712652716,0.20014712873472837,0.0,0.0
2023-11-06,85825.45537309011,-0.00010144652024794514,0.21178273666494685,3,0.8017742039478247,0.19822579605217527,0.0,0.0
2023-11-07,86273.44279639034,0.00522688394051044,0.20766843958062342,3,0.7981052910549475,0.20189470894505257,0.0,0.0
2023-11-08,86620.5712350725,0.004023583937659628,0.20448042704081926,3,0.7954890580373128,0.20451094196268724,0.0,0.0
2023-11-09,85675.72845918851,-0.010907833582854675,0.2131578221545617,3,0.7979896275520395,0.20201037244796047,0.0,0.0
2023-11-10,86839.51345949338,0.0135836020449973,0.20246967113849024,3,0.7995808403938762,0.20041915960612386,0.0,0.0
2023-11-13,86733.7840843383,-0.0012175261115943258,0.20344068513866753,3,0.7997925779793054,0.20020742202069464,0.0,0.0
2023-11-14,88473.07911369992,0.020054105246815758,0.1874670749525511,3,0.7994875508113397,0.20051244918866032,0.0,0.0
2023-11-15,88373.8420645095,-0.0011216637895340236,0.18837846371238098,3,0.802079685900515,0.197920314099485,0.0,0.0
2023-11-16,88677.90057722616,0.0034405940220943306,0.18558600350642673,3,0.8003072272659526,0.19969277273404734,0.0,0.0
2023-11-17,88849.16202100356,0.0019312753534153997,0.18401314582752237,3,0.7997580584870817,0.20024194151291816,0.0,0.0
2023-11-20,89504.8172085177,0.007379418923041146,0.17799163699488918,3,0.8000107386950067,0.1999892613049932,0.0,0.0
2023-11-21,89340.84831540564,-0.0018319131931571803,0.17949752020446885,3,0.7997214252764001,0.20027857472359983,0.0,0.0
2023-11-22,89679.9406054458,0.003795489929119844,0.17638331130558704,3,0.7997735401640647,0.2002264598359353,0.0,0.0
2023-11-24,89512.6311028875,-0.0018656290518119746,0.1779198745275724,3,0.8017614541528634,0.19823854584713668,0.0,0.0
2023-11-27,89679.78913968659,0.001867424013119925,0.17638470236055648,3,0.7988257603415552,0.20117423965844486,0.0,0.0
2023-11-28,89786.28269935248,0.0011874867312636544,0.17540667012294398,3,0.7986682483336888,0.2013317516663111,0.0,0.0
2023-11-29,89961.0279748859,0.00195157317815062,0.17380181708414644,3,0.797880243141656,0.20211975685834394,0.0,0.0
2023-11-30,90033.6057038855,0.0008067685600465101,0.17313526636580245,3,0.8003760646616654,0.1996239353383344,0.0,0.0
2023-12-01,90798.42612921777,0.008494832783302193,0.1661111887191703,3,0.7983294161737852,0.2016705838262148,0.0,0.0
2023-12-04,90345.03439680277,-0.004993387570063896,0.1702751187442353,3,0.7981238311962864,0.2018761688037137,0.0,0.0
2023-12-05,90722.69654827932,0.004180220351877113,0.16680668590915115,3,0.7946448204781524,0.20535517952184762,0.0,0.0
2023-12-06,90669.93353272759,-0.0005601768994480205,0.16729125915776022,3,0.7972228236572482,0.20277717634275186,0.0,0.0
2023-12-07,91116.00040725782,0.004919677969866528,0.16319460031012334,3,0.7993732040918834,0.20062679590811663,0.0,0.0
2023-12-08,91279.5472857674,0.0017949303939878028,0.16169259286436688,3,0.8013714466578631,0.19862855334213683,0.0,0.0
2023-12-11,91525.71460172188,0.002696850754351544,0.15943180290105485,3,0.8023247656621172,0.1976752343378828,0.0,0.0
2023-12-12,91914.80851784148,0.0042511977952070104,0.15585838123482654,3,0.8025772930817978,0.1974227069182021,0.0,0.0
2023-12-13,93359.15347069333,0.0157244239713013,0.14259357977120812,3,0.7984764674817999,0.20152353251820007,0.0,0.0
2023-12-14,94087.8095992321,0.007804870775392088,0.1359016334593307,3,0.7948354818233696,0.2051645181766305,0.0,0.0
2023-12-15,93986.11309332155,-0.0010808680353357105,0.13683560976311027,3,0.7943853881507148,0.2056146118492852,0.0,0.0
2023-12-18,94252.11498796805,0.0028302255077022674,0.13439265988852167,3,0.7965993199521887,0.2034006800478112,0.0,0.0
2023-12-19,94811.97033215777,0.005939976458472009,0.12925097266597896,3,0.7967108476805081,0.20328915231949177,0.0,0.0
2023-12-20,93888.14259828601,-0.009730759362765259,0.1377353665444615,3,0.7966664112709956,0.20333358872900442,0.0,0.0
2023-12-21,94476.55956037922,0.00626721272579469,0.13233137066066614,3,0.7992114772550457,0.20078852274495435,0.0,0.0
2023-12-22,94542.02278162162,0.0006929043727568119,0.131730159273293,3,0.8002631706428048,0.19973682935719506,0.0,0.0
2023-12-26,94915.1770028999,0.003946966759323748,0.12830312707382152,3,0.8004827247555245,0.19951727524447546,0.0,0.0
2023-12-27,95388.11358763004,0.004982728786521656,0.12395969797197137,3,0.7979540897283145,0.20204591027168559,0.0,0.0
2023-12-28,95277.60275565134,-0.00115036458701276,0.12497462466443654,3,0.8012239222239459,0.19877607777605408,0.0,0.0
2023-12-29,94885.7791842842,-0.004112441539613702,0.12857311536618254,3,0.8022034576012284,0.19779654239877162,0.0,0.0
2024-01-02,94351.61401800587,-0.005629559780932944,0.13347886510794071,3,0.8022302757735262,0.19776972422647376,0.0,0.0
2024-01-03,93811.2897246604,-0.005726709595475079,0.13844118000580907,3,0.800261637107777,0.1997383628922231,0.0,0.0
2024-01-04,93284.76045152497,-0.005612642941812377,0.14327680203580562,3,0.8021862658717798,0.1978137341282203,0.0,0.0
2024-01-05,93207.66955731575,-0.0008176660338090199,0.14398480146787962,3,0.8017511380427196,0.19824886195728042,0.0,0.0
2024-01-08,94456.81710017059,0.013401767781424089,0.1325126845597827,3,0.8024428279357375,0.1975571720642624,0.0,0.0
2024-01-09,94222.85363216378,-0.002476935759530077,0.1346613949123353,3,0.8032149845100321,0.1967850154899679,0.0,0.0
2024-01-10,94564.50578196037,0.003626000875863467,0.13152367637236895,3,0.8048391910614648,0.19516080893853524,0.0,0.0
2024-01-11,94634.59374831885,0.0007411656813401689,0.13087999152623975,3,0.8038887584871334,0.19611124151286655,0.0,0.0
2024-01-12,94648.37757436332,0.00016121068488744012,0.13075340146509962,3,0.8004250301212593,0.19957496987874057,0.0,0.0
2024-01-16,94037.55435045899,-0.006453604800826203,0.13636317548650634,3,0.8026666227393984,0.19733337726060166,0.0,0.0
2024-01-17,93588.62465881057,-0.004773940525668648,0.140486126322511,3,0.8020337049576375,0.19796629504236257,0.0,0.0
2024-01-18,94083.90756613613,0.005292127212373999,0.1359374695622093,3,0.8049063721359417,0.19509362786405826,0.0,0.0
2024-01-19,95086.66812503328,0.010658151694988443,0.1267281600388478,3,0.8063462942798036,0.1936537057201964,0.0,0.0
2024-01-22,95358.2711960344,0.0028818321691116205,0.12423376920331686,3,0.7993878080941952,0.20061219190580476,0.0,0.0
2024-01-23,95428.99518502527,0.0007416660149540096,0.12358424315289063,3,0.8011249343588229,0.19887506564117718,0.0,0.0
2024-01-24,95401.41484967845,-0.0002890142067759968,0.12383753975766165,3,0.8022326312053094,0.19776736879469053,0.0,0.0
2024-01-25,95940.96657487143,0.005655594584662681,0.11888232009223054,3,0.8020597747199268,0.19794022528007305,0.0,0.0
2024-01-26,95806.82900936888,-0.0013981260590893868,0.12011423368163388,3,0.8021624149297167,0.1978375850702832,0.0,0.0
2024-01-29,96633.63799008686,0.00863868311467566,0.1125208558282994,3,0.7994294287335798,0.2005705712664201,0.0,0.0
2024-01-30,96749.60774297615,0.0012000971432038808,0.11145579464272604,3,0.797853625678632,0.20214637432136787,0.0,0.0
2024-01-31,95682.11280697603,-0.011033584124041228,0.12125962188046491,3,0.7935909931731346,0.20640900682686536,0.0,0.0
2024-02-01,97063.32665335978,0.014435444680973405,0.10857461376318278,3,0.7925369275437806,0.20746307245621942,0.0,0.0
2024-02-02,97428.35369910648,0.0037607102325093516,0.10522222119164337,3,0.7978796556476366,0.20212034435236337,0.0,0.0
2024-02-05,96750.25010792237,-0.0069516006698675005,0.11144989519089354,3,0.8026669650328506,0.19733303496714935,0.0,0.0
2024-02-06,97162.31154189155,0.004259021899266865,0.10766554083591573,3,0.8015832988830501,0.19841670111694987,0.0,0.0
2024-02-07,97718.60096030078,0.005725362124277863,0.10255660292122981,3,0.8036676640429108,0.19633233595708932,0.0,0.0
2024-02-08,97641.7228612626,-0.0007867294279970142,0.1032626480516734,3,0.8046555786429945,0.19534442135700544,0.0,0.0
2024-02-09,98057.2616359186,0.004255750128932445,0.09944635795050072,3,0.8058763957439303,0.19412360425606973,0.0,0.0
2024-02-12,98043.51805747997,-0.00011665586033435997,0.09957257837937283,3,0.7997421804034478,0.20025781959655226,0.0,0.0
2024-02-13,96627.14163969592,-0.014446405492647255,0.11258051802880331,3,0.8002884818246527,0.19971151817534727,0.0,0.0
2024-02-14,97428.10837538955,0.008289252089027662,0.1052244742340297,3,0.8009223434270927,0.19907765657290738,0.0,0.0
2024-02-15,98066.80330954267,0.006555551008875407,0.0993587276333775,3,0.8011960580367368,0.19880394196326326,0.0,0.0
2024-02-16,97562.68865726334,-0.005140522942183858,0.10398849475665572,3,0.8013254545672308,0.19867454543276925,0.0,0.0
2024-02-20,97149.30051394974,-0.004231874688252301,0.10778503355276636,3,0.7989768143423402,0.20102318565765984,0.0,0.0
2024-02-21,97080.78393735841,-0.0007052709204168513,0.1084142868233623,3,0.8002649466828567,0.19973505331714322,0.0,0.0
2024-02-22,98783.27918203172,0.01753689222134687,0.09277864426529103,3,0.8027490972468676,0.19725090275313228,0.0,0.0
2024-02-23,99098.8151305497,0.0031942242769299432,0.08988077578625409,3,0.8007450597241065,0.19925494027589358,0.0,0.0
2024-02-26,98749.28680423796,-0.0035270686723275577,0.09309082879006148,3,0.8006361666482447,0.1993638333517553,0.0,0.0
2024-02-27,98756.51295988553,7.572164750159995e-05,0.093024464089703,3,0.8014255132862174,0.19857448671378267,0.0,0.0
2024-02-28,98776.41651282633,0.00020154167400476664,0.0928416707219144,3,0.800205041996418,0.19979495800358202,0.0,0.0
2024-02-29,99199.85054216931,0.004286792782040338,0.08895287094379734,3,0.7996538527057372,0.20034614729426264,0.0,0.0
2024-03-01,100068.4088023544,0.008755640814356487,0.08097606951683045,3,0.8001552462242663,0.19984475377573388,0.0,0.0
2024-03-04,99902.0990633894,-0.0016619604624020339,0.08250345095329492,3,0.8006277722860707,0.19937222771392935,0.0,0.0
2024-03-05,99387.65671217178,-0.00514696672187844,0.08722806721612386,3,0.7961022073534552,0.20389779264654484,0.0,0.0
2024-03-06,99907.50811797484,0.005230542936619926,0.08245377443035617,3,0.7959728884723561,0.20402711152764388,0.0,0.0
2024-03-07,100677.78950755611,0.007709944969017662,0.07537954352468434,3,0.7977237179394026,0.20227628206059747,0.0,0.0
2024-03-08,100159.61738450239,-0.005146836512683182,0.0801384138504454,3,0.7970377394100893,0.20296226058991074,0.0,0.0
2024-03-11,100080.36263114135,-0.0007912845059779038,0.08086628607120971,3,0.7969830366633119,0.203016963336688,0.0,0.0
2024-03-12,100773.07803353423,0.006933743179504021,0.07450441783094697,3,0.8030379197722989,0.19696208022770098,0.0,0.0
2024-03-13,100549.99550770054,-0.0022137115406899873,0.07655319808205219,3,0.8035579797817498,0.1964420202182502,0.0,0.0
2024-03-14,100086.94183939254,-0.004605208244614449,0.08080586290770753,3,0.8056798120992835,0.19432018790071648,0.0,0.0
2024-03-15,99526.94863282276,-0.005595067611001477,0.08594881625237505,3,0.8046495627346999,0.19535043726530021,0.0,0.0
2024-03-18,99944.33580476725,0.004193710122514842,0.08211555055059594,3,0.8060514237387192,0.19394857626128092,0.0,0.0
2024-03-19,99630.06859325813,0.0008590136219548,0.08500176700391793,0,0.0,0.0,0.0,1.0
2024-03-20,99788.83674990729,0.0015935767072221,0.08354364713266593,0,0.0,0.0,0.0,1.0
2024-03-21,99788.83674990729,0.0,0.08354364713266593,0,0.0,0.0,0.0,1.0
2024-03-22,99862.13551335614,0.0007345387103023,0.08287047446518225,0,0.0,0.0,0.0,1.0
2024-03-25,99813.32059419397,-0.0004888231050863,0.08331878856762043,0,0.0,0.0,0.0,1.0
2024-03-26,99414.45869034574,3.936852591680087e-06,0.08698191900990215,1,0.5988893869046166,0.40111061309538343,0.0,0.0
2024-03-27,100310.28996398622,0.009011076310648123,0.07875464340909899,1,0.598528910373487,0.4014710896265131,0.0,0.0
2024-03-28,100264.79311985188,-0.0004535610868104078,0.0791724844542534,1,0.5986861087271708,0.40131389127282924,0.0,0.0
2024-04-01,99410.29406064207,-0.008522423800230342,0.08702016678864755,1,0.6027817408172187,0.39721825918278136,0.0,0.0
2024-04-02,98811.70802476861,-0.0060213687277528094,0.09251755500541536,1,0.6025775506620635,0.3974224493379365,0.0,0.0
2024-04-03,98489.0578708543,0.0007376477197513,0.0954807600385541,0,0.0,0.0,0.0,1.0
2024-04-04,98585.7763858996,0.0009820229489059,0.09459250138718511,0,0.0,0.0,0.0,1.0
2024-04-05,98428.57236492659,-0.0015945912963922,0.09603625630416124,0,0.0,0.0,0.0,1.0
2024-04-08,98331.81364681986,-0.0009830348625599,0.09692488417870437,0,0.0,0.0,0.0,1.0
2024-04-09,98428.57236492659,0.0009840021709988,0.09603625630416124,0,0.0,0.0,0.0,1.0
2024-04-10,98029.51677713086,-0.0040542657300384,0.0997011655314245,0,0.0,0.0,0.0,1.0
2024-04-11,98150.45763669025,0.0012337188179183,0.0985904499175907,0,0.0,0.0,0.0,1.0
2024-04-12,98210.89288879119,0.0006157409099878,0.09803541518095116,0,0.0,0.0,0.0,1.0
2024-04-15,98174.60962584683,-0.0003694423487773,0.09836863909568072,0,0.0,0.0,0.0,1.0
2024-04-16,98114.14422144981,-0.0006158965605003,0.09892395074970095,0,0.0,0.0,0.0,1.0
2024-04-17,98186.70069657316,0.0007395108595105,0.0982575952260355,0,0.0,0.0,0.0,1.0
2024-04-18,98138.32636290249,-0.0004926770461528,0.09870186301041017,0,0.0,0.0,0.0,1.0
2024-04-19,98162.53865665123,0.0002467159839185,0.09847949835373881,0,0.0,0.0,0.0,1.0
2024-04-22,98210.89288879119,0.0004925935372259,0.09803541518095116,0,0.0,0.0,0.0,1.0
2024-04-23,98295.55048540622,0.0008619980342801,0.09725792348184692,0,0.0,0.0,0.0,1.0
2024-04-24,98259.27727322721,-0.0003690219140121,0.09759105509078292,0,0.0,0.0,0.0,1.0
2024-04-25,98186.70069657314,-0.000738623147535,0.09825759522603561,0,0.0,0.0,0.0,1.0
2024-04-26,98210.89288879118,0.0002463897049844,0.09803541518095127,0,0.0,0.0,0.0,1.0
2024-04-29,98259.27727322721,0.0004926580241035,0.09759105509078292,0,0.0,0.0,0.0,1.0
2024-04-30,98138.32636290246,-0.0012309362910173,0.0987018630104104,0,0.0,0.0,0.0,1.0
2024-05-01,98334.90928255027,0.0020031207677302,0.09689645399429003,0,0.0,0.0,0.0,1.0
2024-05-02,98480.49461876882,0.0014805051154338,0.09555940457466205,0,0.0,0.0,0.0,1.0
2024-05-03,98638.18107647906,0.0016011948185339,0.09411121897959518,0,0.0,0.0,0.0,1.0
2024-05-06,98626.1000565181,-0.0001224781299606,0.09422217054344684,0,0.0,0.0,0.0,1.0
2024-05-07,98638.18107647909,0.0001224931326906,0.09411121897959496,0,0.0,0.0,0.0,1.0
2024-05-08,98613.92857966892,-0.0002458733174668,0.09433395285944035,0,0.0,0.0,0.0,1.0
2024-05-09,98698.87764847935,0.0008614307333045,0.09355378429232308,0,0.0,0.0,0.0,1.0
2024-05-10,98613.92857966891,-0.000860689309082,0.09433395285944057,0,0.0,0.0,0.0,1.0
2024-05-13,98638.18107647909,0.0002459337860227,0.09411121897959496,0,0.0,0.0,0.0,1.0
2024-05-14,98735.25136831192,0.0009841046415643,0.09321972962545166,0,0.0,0.0,0.0,1.0
2024-05-15,98917.24057665911,0.0018432039805957,0.09154834862157157,0,0.0,0.0,0.0,1.0
2024-05-16,98844.4629846979,-0.000735742238026,0.0922167348726951,0,0.0,0.0,0.0,1.0
2024-05-17,98783.81666652444,-0.000613553013919,0.09277370803099916,0,0.0,0.0,0.0,1.0
2024-05-20,98759.55411894892,-0.0002456125749568,0.09299653421663812,0,0.0,0.0,0.0,1.0
2024-05-21,98808.06916333461,0.0004912440605722,0.09255097415115354,0,0.0,0.0,0.0,1.0
2024-05-22,98735.25136831195,-0.0007369620278916,0.09321972962545144,0,0.0,0.0,0.0,1.0
2024-05-23,98686.7463746916,-0.0004912631805575,0.09366519738514245,0,0.0,0.0,0.0,1.0
2024-05-24,98723.13014528954,0.0003686794015864,0.09333105041247736,0,0.0,0.0,0.0,1.0
2024-05-28,98638.1810764791,-0.000860477870641,0.09411121897959485,0,0.0,0.0,0.0,1.0
2024-05-29,98601.77720435045,-0.0003690647144073,0.09444555056384696,0,0.0,0.0,0.0,1.0
2024-05-30,98710.97876997106,0.001107500987475,0.09344264811688396,0,0.0,0.0,0.0,1.0
2024-05-31,98844.46298469791,0.0013522732363733,0.092216734872695,0,0.0,0.0,0.0,1.0
2024-06-03,98956.43856155747,0.0011328462260642,0.09118835602671116,0,0.0,0.0,0.0,1.0
2024-06-04,99053.80032558572,0.0009838850856347,0.09029418980455473,0,0.0,0.0,0.0,1.0
2024-06-05,99151.2022926754,0.000983323878231,0.08939965435922392,0,0.0,0.0,0.0,1.0
2024-06-06,99163.38382028996,0.0001228580928207,0.08928777973743662,0,0.0,0.0,0.0,1.0
2024-06-07,98907.76270492605,-0.0025777772552333,0.09163539298489254,0,0.0,0.0,0.0,1.0
2024-06-10,98919.91408024453,0.0001228556281749,0.09152379528048582,0,0.0,0.0,0.0,1.0
2024-06-11,99029.45737188733,0.0011073937200747,0.09051775443654209,0,0.0,0.0,0.0,1.0
2024-06-12,99163.38382028996,0.0013523900055283,0.08928777973743662,0,0.0,0.0,0.0,1.0
2024-06-13,99321.6029685642,0.0015955400287768,0.08783470193531151,0,0.0,0.0,0.0,1.0
2024-06-14,99333.75434388268,0.0001223437294133,0.08772310423090479,0,0.0,0.0,0.0,1.0
2024-06-17,99236.37247832374,-0.0009803501961863,0.08861745506464824,0,0.0,0.0,0.0,1.0
2024-06-18,99370.27882519567,0.0013493676111666,0.0873876649771298,0,0.0,0.0,0.0,1.0
2024-06-20,99333.75434388271,-0.0003675594125805,0.08772310423090457,0,0.0,0.0,0.0,1.0
2024-06-21,98830.31138096703,-0.00107248621147264,0.09234670258817124,3,0.7997852724653854,0.20021472753461464,0.0,0.0
2024-06-24,98653.38655234076,-0.0017901879105111803,0.0939715725481336,3,0.7986150498683875,0.20138495013161248,0.0,0.0
2024-06-25,98990.48701375452,0.0034170186467436937,0.09087565651705076,3,0.7989604412780552,0.20103955872194476,0.0,0.0
2024-06-26,98804.89495237722,-0.0018748474421740181,0.0925801259670479,3,0.8014601927258969,0.19853980727410317,0.0,0.0
2024-06-27,99007.64843413177,0.0020520590791810018,0.09071804677590933,3,0.8010798009087297,0.19892019909127037,0.0,0.0
2024-06-28,98327.12201474595,-0.006869183678684301,0.09696797192438311,3,0.8023635303132054,0.1976364696867946,0.0,0.0
2024-07-01,98154.09664818205,-0.001759691151521297,0.09855702939372812,3,0.8054321252845908,0.19456787471540907,0.0,0.0
2024-07-02,98834.80775668929,0.006935126823561268,0.09230540806836574,3,0.8052677773307265,0.19473222266927345,0.0,0.0
2024-07-03,99442.75335242023,0.006151128428636067,0.0867220620594159,3,0.8039164911768844,0.19608350882311576,0.0,0.0
2024-07-05,100065.17818548935,0.00625912710666082,0.08100573936213673,3,0.8035229104861698,0.19647708951383025,0.0,0.0
2024-07-08,100199.36767110818,0.00135513154113488,0.07977334894063515,3,0.7998391198264558,0.20016088017354414,0.0,0.0
2024-07-09,100188.65335224259,-0.00010693000479561752,0.07987174878084591,3,0.8007025003368039,0.19929749966319607,0.0,0.0
2024-07-10,101045.17926109339,0.008549130866540643,0.07200545194717212,3,0.8017713200479702,0.19822867995202975,0.0,0.0
2024-07-11,100541.22354722189,-0.004987429559299583,0.07663375938699968,3,0.7988422529558388,0.20115774704416123,0.0,0.0
2024-07-12,101134.29781994001,0.005898816940889622,0.0711869909642262,3,0.7991667331650465,0.20083326683495342,0.0,0.0
2024-07-15,101123.92605116821,-9.922167859464001e-05,0.0712822448392183,3,0.8022797446165553,0.19772025538344476,0.0,0.0
2024-07-16,101887.10265020526,0.007546943921569011,0.06427326402205458,3,0.8009923115950636,0.1990076884049363,0.0,0.0
2024-07-17,100747.1388014137,-0.011188500007751078,0.07474264261479668,3,0.7986978161136721,0.20130218388632795,0.0,0.0
2024-07-18,99973.71546303065,-0.007676876461053463,0.08184572904212362,3,0.7986912052983866,0.20130879470161347,0.0,0.0
2024-07-19,99325.05781093735,-0.006488281935797116,0.08780297281265459,3,0.7985688130087442,0.20143118699125584,0.0,0.0
2024-07-22,100085.97934368368,0.00766669076077954,0.08081470242659283,3,0.8020983524732469,0.19790164752675304,0.0,0.0
2024-07-23,99932.27056789154,-0.0015357673152632118,0.08222635716327664,3,0.8020720513984095,0.19792794860159055,0.0,0.0
2024-07-24,97902.02820829657,-0.020316183631749536,0.10087201502352716,3,0.8001511725196915,0.1998488274803085,0.0,0.0
2024-07-25,97654.20906130063,-0.00253129737484776,0.1031479753315504,3,0.7980021182864545,0.2019978817135454,0.0,0.0
2024-07-26,98680.89577685627,0.010513491690984372,0.09371892902215606,3,0.7985439008541861,0.20145609914581383,0.0,0.0
2024-07-29,98832.85610271846,0.00154574976000738,0.09232333197386877,3,0.7992350079270328,0.20076499207296708,0.0,0.0
2024-07-30,98509.05011954125,-0.0032762989550830764,0.09529715209287604,3,0.7977993773265075,0.20220062267349245,0.0,0.0
2024-07-31,99990.262149959,0.01503630406160948,0.08169376498634051,3,0.7987570390074081,0.20124296099259192,0.0,0.0
2024-08-01,99032.80139555006,-0.009575539995814834,0.09048704306811983,3,0.7950589729176878,0.20494102708231227,0.0,0.0
2024-08-02,98199.29823247228,-0.008416435275305022,0.09814190000218825,3,0.7868789857083347,0.2131210142916653,0.0,0.0
2024-08-05,96010.2297097455,-0.02224078268553772,0.11824621046271422,3,0.7943683732093464,0.2056316267906536,0.0,0.0
2024-08-06,96271.76527981398,0.0027240385827544873,0.11584427911952455,3,0.7995141826207712,0.20048581737922883,0.0,0.0
2024-08-07,95621.4215810785,-0.006755290056697905,0.12181700746936097,3,0.7995716279621319,0.2004283720378681,0.0,0.0
2024-08-08,97270.98316466923,0.017250962768756314,0.10666750536105996,3,0.8041826399769579,0.19581736002304218,0.0,0.0
2024-08-09,97803.7617895775,0.005477261641391429,0.10177448955516555,3,0.8033287962212282,0.19667120377877165,0.0,0.0
2024-08-12,97914.69042852266,0.00114752650059178,0.10075572574162395,3,0.7995028733216257,0.20049712667837433,0.0,0.0
2024-08-13,99338.25407152159,0.014538815746326879,0.08768177892724205,3,0.8010055152483523,0.19899448475164772,0.0,0.0
2024-08-14,99713.23101054378,0.003774748635628446,0.08423800696698858,3,0.8005107843908161,0.1994892156091838,0.0,0.0
2024-08-15,100920.86322656786,0.012111052904267046,0.07314716502164897,3,0.8044885582859159,0.19551144171408422,0.0,0.0
2024-08-16,101171.98200307996,0.0024882741633742316,0.07084090105912211,3,0.8042909200055944,0.1957090799944055,0.0,0.0
2024-08-19,102037.54409226344,0.00857266450482398,0.06289161633681006,3,0.8007841996271624,0.1992158003728376,0.0,0.0
2024-08-20,102066.65502087105,0.00028529624920504493,0.06262426282985245,3,0.7992540518424879,0.2007459481575122,0.0,0.0
2024-08-21,102359.47141853638,0.0028688742430664277,0.059935049721409506,3,0.7997065772241313,0.2002934227758688,0.0,0.0
2024-08-22,101513.49580201533,-0.008264751710781637,0.06770445312747042,3,0.8000421305564386,0.19995786944356148,0.0,0.0
2024-08-23,102509.3273180206,0.00980984358914672,0.05855877963379286,3,0.8006881713550248,0.19931182864497513,0.0,0.0
2024-08-26,102261.47731342327,-0.00241508276975408,0.06083502333669022,3,0.8000251694323385,0.19997483056766158,0.0,0.0
2024-08-27,102338.3916615961,0.0007521341388125055,0.06012864529576456,3,0.8005216500075448,0.1994783499924552,0.0,0.0
2024-08-28,101837.78523137988,-0.004891677718285706,0.06472619305962624,3,0.7997865942425051,0.20021340575749497,0.0,0.0
2024-08-29,101778.38584559936,-0.0005832745247312255,0.06527171444486302,3,0.8003249179846391,0.19967508201536094,0.0,0.0
2024-08-30,102339.26426532827,0.005510781243669558,0.06012063134089818,3,0.803536763243202,0.19646323675679805,0.0,0.0
2024-09-03,100987.74700852776,-0.013192283208933401,0.0725329072661991,3,0.7940115127786757,0.20598848722132437,0.0,0.0
2024-09-04,101091.77327493043,0.0010300880006153083,0.07157753454300841,3,0.7915710072174338,0.2084289927825663,0.0,0.0
2024-09-05,101016.31724244727,-0.0007464112067551616,0.07227051947582874,3,0.7902356040760742,0.20976439592392584,0.0,0.0
2024-09-06,99670.69135620119,-0.013320876497768964,0.08462868930923051,3,0.7874249668999157,0.21257503310008433,0.0,0.0
2024-09-09,100640.92791166728,0.00973442184722779,0.07571807882411685,3,0.7885650437253613,0.2114349562746387,0.0,0.0
2024-09-10,101127.90153217709,0.00488468672558842,0.07124573419389013,3,0.7995788571008225,0.20042114289917756,0.0,0.0
2024-09-11,101941.33426970479,0.00804360344873652,0.06377520317842333,3,0.801336077716127,0.19866392228387295,0.0,0.0
2024-09-12,102534.80837665225,0.005821721985483366,0.058324762695412424,3,0.8034086082255876,0.19659139177441246,0.0,0.0
2024-09-13,103019.40637119832,0.004726180330546312,0.05387423571110095,3,0.8038057963538651,0.19619420364613493,0.0,0.0
2024-09-16,103326.88651068782,0.0029846817247383864,0.051050351433123864,3,0.8025973716617569,0.1974026283382431,0.0,0.0
2024-09-17,103259.65795287512,-0.0006402567043599801,0.051667775595066634,3,0.8008396410044334,0.19916035899556656,0.0,0.0
2024-09-18,102759.47742257235,-0.004843910392682382,0.056261411912577386,3,0.8023510068997964,0.19764899310020356,0.0,0.0
2024-09-19,104099.11975982878,0.013036679154638893,0.04395819473382978,3,0.8055410497505444,0.19445895024945575,0.0,0.0
2024-09-20,103876.66599916035,-0.0021369418029821316,0.04600120043290168,3,0.8058706879246623,0.19412931207533765,0.0,0.0
2024-09-23,104043.02126996756,0.0016014690999859443,0.04447340083397133,3,0.8065926603899571,0.19340733961004303,0.0,0.0
2024-09-24,104274.20985050443,0.0022484778701022602,0.042350174927706874,3,0.8004891329473234,0.19951086705267657,0.0,0.0
2024-09-25,103917.1944075277,-0.003423813457695561,0.04562898928654924,3,0.8014677580922291,0.19853224190777086,0.0,0.0
2024-09-26,104295.9000120983,0.003644301664702659,0.04215097342346208,3,0.8017236073768782,0.19827639262312172,0.0,0.0
2024-09-27,104282.18155477305,-0.00013153400396033254,0.042276963141117285,3,0.8006661902725702,0.1993338097274297,0.0,0.0
2024-09-30,104517.665144443,0.0022581383143222963,0.04011429205707706,3,0.8020636220020148,0.19793637799798525,0.0,0.0
2024-10-01,103918.66793780852,-0.005722854632552599,0.04561545644829812,3,0.7973965013924601,0.2026034986075399,0.0,0.0
2024-10-02,103776.2013464136,-0.001370943202237635,0.046923863450600956,3,0.7988281221351248,0.20117187786487525,0.0,0.0
2024-10-03,103427.99776376742,-0.003355331743969397,0.05012175006598485,3,0.8000523379335593,0.19994766206644057,0.0,0.0
2024-10-04,103925.55021163894,0.004810616647611662,0.04555224994364804,3,0.8034573638231899,0.1965426361768101,0.0,0.0
2024-10-07,103016.77134584414,-0.008744518205043034,0.053898435669778255,3,0.803217645472975,0.19678235452702492,0.0,0.0
2024-10-08,103829.61673325462,0.00790339030779658,0.04643329885233827,3,0.8012334923240895,0.19876650767591064,0.0,0.0
2024-10-09,104288.51978175448,0.0044197702248948,0.0422187531391548,3,0.8032331172367985,0.19676688276320153,0.0,0.0
2024-10-10,104061.54407661306,-0.0021764208142603936,0.044303288180331024,3,0.8035764368286645,0.19642356317133552,0.0,0.0
2024-10-11,104479.73181427314,0.00401865781803291,0.04046267011770843,3,0.8051528067152544,0.19484719328474567,0.0,0.0
2024-10-14,105182.92801023505,0.006730455598909067,0.03400454672343978,3,0.8063108727687184,0.19368912723128165,0.0,0.0
2024-10-15,104782.23252125633,-0.0037843627324773994,0.03768451673211071,3,0.7967995266773918,0.2032004733226082,0.0,0.0
2024-10-16,105234.8389166892,0.004319495629576985,0.033527799207860975,3,0.7968207977450151,0.20317920225498484,0.0,0.0
2024-10-17,104903.29961062637,-0.0031504709797227307,0.03657264182916542,3,0.7994077535384293,0.2005922464615707,0.0,0.0
2024-10-18,105241.58605367517,0.003224745497085735,0.033465833794134814,3,0.7999033150219118,0.20009668497808816,0.0,0.0
2024-10-21,104735.42172235085,-0.0048095467799788615,0.038114425080949865,3,0.8024490662513685,0.19755093374863156,0.0,0.0
2024-10-22,104710.33039602349,-0.00022977466207158001,0.0383448627347347,3,0.7997588205764785,0.20024117942352143,0.0,0.0
2024-10-23,103888.34874614392,-0.007850053063253351,0.04589390659081716,3,0.7987210489118404,0.20127895108815957,0.0,0.0
2024-10-24,104201.80931266925,0.003017283172834777,0.04301509833007455,3,0.798040610366051,0.2019593896339489,0.0,0.0
2024-10-25,104055.0030789054,-0.0014088645363474707,0.04436336041985722,3,0.798890663644356,0.20110933635564401,0.0,0.0
2024-10-28,104255.18912112356,0.001923848313822723,0.04252486048217374,3,0.7998214707661674,0.2001785292338325,0.0,0.0
2024-10-29,104360.43308919937,0.0034169683852030602,0.04155830443957986,5,0.19964150720706464,0.5988680077236929,0.20149048506924258,0.0
2024-10-30,104596.5451038836,0.0022624667960358482,0.0393898619274381,5,0.19858827188989794,0.5992691991083388,0.20214252900176324,0.0
2024-10-31,103963.58326756256,-0.006051460262787759,0.04520295600601543,5,0.19588065060336307,0.60389741756803,0.20022193182860692,0.0
2024-11-01,103079.01377405522,-0.008508455227353837,0.05332680390604805,5,0.19839542084005274,0.6004928830929075,0.20111169606703977,0.0
2024-11-04,104025.28075756185,0.009180015881611174,0.044636328931210056,5,0.19616725822331155,0.604266300744298,0.19956644103239038,0.0
2024-11-05,103583.93455690067,-0.000243656765935,0.048689633314580205,0,0.0,0.0,0.0,1.0
2024-11-06,103457.75015101489,-0.0012181851020195,0.049848505430673096,0,0.0,0.0,0.0,1.0
2024-11-07,103634.42471216254,0.0017076976919541,0.048225933916390296,0,0.0,0.0,0.0,1.0
2024-11-08,103558.73046153862,-0.0007303967849886,0.04892110663429339,0,0.0,0.0,0.0,1.0
2024-11-11,103482.99522864584,-0.0007313263937792,0.04961665573157792,0,0.0,0.0,0.0,1.0
2024-11-12,101899.87915273922,-0.01134369575264172,0.06415592517638768,5,0.2016663957702693,0.5977849119164341,0.20054869231329664,0.0
2024-11-13,101126.0155080055,-0.007594352919435343,0.07126305535816069,5,0.2033083543773558,0.5966455089018571,0.2000461367207871,0.0
2024-11-14,101290.40983362301,0.0016256383166257798,0.06975326499488488,5,0.2016732131865582,0.5991264265659346,0.1992003602475072,0.0
2024-11-15,100831.75340460525,-0.004528132819001671,0.0739655457654308,5,0.1999956606205015,0.6002524730217039,0.19975186635779452,0.0
2024-11-18,101404.97762531613,0.005684957380545781,0.06870107936019032,5,0.19967995275747819,0.5979194897330368,0.20240055750948502,0.0
2024-11-19,101560.4361235065,0.003943796377301641,0.0672733552488165,3,0.7997701639625202,0.2002298360374799,0.0,0.0
2024-11-20,101522.94632928915,-0.00036913778286415416,0.06761765989447843,3,0.8003366671737256,0.19966333282627435,0.0,0.0
2024-11-21,101943.42606724579,0.004141721188752882,0.06375599220044426,3,0.8013141675400033,0.19868583245999674,0.0,0.0
2024-11-22,102207.83350899174,0.002593668389872861,0.061327685712206814,3,0.8017184485043287,0.1982815514956712,0.0,0.0
2024-11-25,103010.43564806391,0.007852647996903106,0.0539566224436665,3,0.7981702119988453,0.2018297880011547,0.0,0.0
2024-11-26,103359.97578318995,0.0034005937925919607,0.05074646098822033,3,0.8014516928940131,0.1985483071059869,0.0,0.0
2024-11-27,103251.16860380094,-0.0010527012856238578,0.05174574140912103,3,0.7998653257879279,0.20013467421207198,0.0,0.0
2024-11-29,103977.48859199748,0.007034496539052386,0.04507525010892188,3,0.7992120744050553,0.20078792559494468,0.0,0.0
2024-12-02,104176.60054187954,0.0019149524822953058,0.04324661458871282,3,0.7991143407131678,0.20088565928683225,0.0,0.0
2024-12-03,104034.62608079854,-0.0013628248603094818,0.04455050188753662,3,0.8005760486356668,0.19942395136433327,0.0,0.0
2024-12-04,104774.7719292529,0.0071167389008856404,0.03775303448580336,3,0.7992792636403319,0.20072073635966814,0.0,0.0
2024-12-05,104679.44612539929,-0.0009098163813514797,0.03862850253793393,3,0.7986906837940574,0.20130931620594256,0.0,0.0
2024-12-06,104869.23167211292,0.0018130163440709297,0.03688552030031145,3,0.7987565166276005,0.2012434833723994,0.0,0.0
2024-12-09,104243.34430292682,-0.005968265040245624,0.04263364277925741,3,0.7994142157635953,0.20058578423640472,0.0,0.0
2024-12-10,103885.88308124701,-0.003429103546803351,0.04591655115039328,3,0.7996709985290726,0.20032900147092741,0.0,0.0
2024-12-11,104331.79301428658,0.0042936270188403,0.04182133364660634,3,0.802737852673514,0.19726214732648578,0.0,0.0
2024-12-12,103650.25316968712,-0.006532427220014729,0.048080566048330664,3,0.8038527429050342,0.1961472570949658,0.0,0.0
2024-12-13,103426.12760370123,-0.0021623253116320484,0.05013892553499877,3,0.8054348610261132,0.1945651389738869,0.0,0.0
2024-12-16,103842.09833363071,0.004021911479886036,0.04631866837531118,3,0.8056338419479553,0.19436615805204474,0.0,0.0
2024-12-17,103546.52189916861,-0.002846402751921056,0.04903322954210332,3,0.8046047842952772,0.19539521570472285,0.0,0.0
2024-12-18,100816.87495075673,-0.02634361738402012,0.07410218884089315,3,0.7971572363053266,0.2028427636946734,0.0,0.0
2024-12-19,100482.55766307928,-0.0033160846122313476,0.07717254432497644,3,0.7995638934858303,0.20043610651416974,0.0,0.0
2024-12-20,101562.22983821013,0.010744871550254723,0.0672568818507,3,0.8005654919725165,0.19943450802748358,0.0,0.0
2024-12-23,101863.31979803908,0.0029645859519685054,0.06449168470583921,3,0.8029788608944928,0.19702113910550717,0.0,0.0
2024-12-24,102857.33765706273,0.009758349335113476,0.055362667759295325,3,0.804057773653967,0.19594222634603306,0.0,0.0
2024-12-26,102849.44456041945,-6.0508181751840036e-05,0.05543515761685991,3,0.8001016861340652,0.19989831386593485,0.0,0.0
2024-12-27,101814.65418735125,-0.010061214987508317,0.06493862756571855,3,0.799725559145064,0.20027444085493595,0.0,0.0
2024-12-30,101049.35615353234,-0.007516580397264568,0.0719670915479973,3,0.7965871163993707,0.2034128836006293,0.0,0.0
2024-12-31,100646.47890652186,-0.003986935318997522,0.07566709872789656,3,0.7968660780131407,0.20313392198685934,0.0,0.0
2025-01-02,100505.60670661954,-0.0013996734056952518,0.07696086290781623,3,0.7960222502173656,0.20397774978263447,0.0,0.0
2025-01-03,101445.05010598015,0.00936323403224522,0.06833305543410995,3,0.8024889181101362,0.19751108188986366,0.0,0.0
2025-01-06,101824.49435358218,0.0037403919383512574,0.06484825590542742,3,0.8041040836842306,0.19589591631576947,0.0,0.0
2025-01-07,100673.99582950785,-0.011298838569030946,0.07541438449949978,3,0.8040998489756341,0.19590015102436587,0.0,0.0
2025-01-08,100817.52344961108,0.001425667263135979,0.07409623305551416,3,0.8041282288238666,0.19587177117613344,0.0,0.0
2025-01-10,99448.94958317895,-0.01357476180335004,0.08666515614461012,3,0.8027483769944348,0.19725162300556517,0.0,0.0
2025-01-13,99564.23445788892,0.00117024309896418,0.08560638485055994,3,0.800303917654569,0.19969608234543113,0.0,0.0
2025-01-14,99641.28029943333,0.0007738305021267252,0.08489879918020737,3,0.8007853383582944,0.19921466164170556,0.0,0.0
2025-01-15,101434.81110975773,0.017999877208870082,0.0684270899317615,3,0.8009349166095745,0.19906508339042545,0.0,0.0
2025-01-16,101343.72811374001,-0.0008979461293536586,0.069263592220568,3,0.8001130118163319,0.1998869881836682,0.0,0.0
2025-01-17,102192.73030122329,0.00837745170110997,0.06146639291793121,3,0.8014320254205611,0.19856797457943887,0.0,0.0
2025-01-21,103123.33742593374,0.009112172913981881,0.0529197374077367,3,0.800032913092168,0.199967086907832,0.0,0.0
2025-01-22,103479.28408473574,0.0034516596115563083,0.04965073871644465,3,0.8017628335681387,0.19823716643186126,0.0,0.0
2025-01-23,103772.70781877376,0.0028355794749965707,0.0469559478570708,3,0.8038594127218964,0.19614058727810357,0.0,0.0
2025-01-24,103620.60401920417,-0.0014657399114536556,0.04835286256167026,3,0.8026892675627981,0.19731073243720196,0.0,0.0
2025-01-27,102685.5109413777,-0.009024200222314675,0.056940716870906294,3,0.798541135873705,0.20145886412629493,0.0,0.0
2025-01-28,103376.79703060494,0.0067379451804573205,0.050591975380824605,3,0.8014736503066968,0.19852634969330316,0.0,0.0
2025-01-29,102963.48410368759,-0.003998120843258344,0.05438782339281123,3,0.8010835815242136,0.19891641847578645,0.0,0.0
2025-01-30,103482.9757798215,0.005045397216849796,0.04961683434873798,3,0.8013399844813763,0.19866001551862375,0.0,0.0
2025-01-31,102906.67586618001,-0.005569031130953094,0.05490954778458357,3,0.8015391206531285,0.19846087934687145,0.0,0.0
2025-02-03,102517.87506766857,-0.003778188297686743,0.05848027747139928,3,0.799164431914838,0.20083556808516204,0.0,0.0
2025-02-04,103130.51291235843,0.005979274694272301,0.05285383805132571,3,0.8005798918228227,0.19942010817717729,0.0,0.0
2025-02-05,103804.82140816213,0.006538399516898885,0.046661018043607894,3,0.7986041878290822,0.20139581217091787,0.0,0.0
2025-02-06,104083.64403895693,0.002686027749120284,0.04410032308375489,3,0.7992330776308487,0.20076692236915133,0.0,0.0
2025-02-07,103187.29581813703,-0.008611806678140684,0.05233234630505457,3,0.7987963671426823,0.20120363285731768,0.0,0.0
2025-02-10,103684.27713832482,0.004816303366101174,0.04776809139461835,3,0.8003663652107289,0.19963363478927107,0.0,0.0
2025-02-11,103244.35383332036,-0.0002438879503472,0.051808327965931045,0,0.0,0.0,0.0,1.0
2025-02-12,103105.83987590829,-0.0013416129044276,0.05308043414900265,0,0.0,0.0,0.0,1.0
2025-02-13,103244.35383332036,0.0013434152476599,0.051808327965931045,0,0.0,0.0,0.0,1.0
2025-02-14,103382.86779073245,0.0013416129044276,0.050536221782859214,0,0.0,0.0,0.0,1.0
2025-02-18,103294.72622622269,-0.0008525741875159,0.05134571009214861,0,0.0,0.0,0.0,1.0
2025-02-19,103370.26456943755,0.0007312894469504,0.050651969221134796,0,0.0,0.0,0.0,1.0
2025-02-20,103382.86779073245,0.0001219230824975,0.050536221782859214,0,0.0,0.0,0.0,1.0
2025-02-21,103559.13067361334,0.0017049525385355,0.04891743110394031,0,0.0,0.0,0.0,1.0
2025-02-24,103634.69938603614,0.0007297155927368,0.04822341132343677,0,0.0,0.0,0.0,1.0
2025-02-25,103773.23358958686,0.0013367550093881,0.04695111920070494,0,0.0,0.0,0.0,1.0
2025-02-26,103811.0027611943,0.0003639587040027,0.046604248765198086,0,0.0,0.0,0.0,1.0
2025-02-27,103848.79217894035,0.000364021315091,0.04625719239003134,0,0.0,0.0,0.0,1.0
2025-02-28,104037.66840618545,0.0018187619064422,0.044522561303007024,0,0.0,0.0,0.0,1.0
2025-03-03,104104.59201741479,0.0006432632742985,0.04390793775727242,0,0.0,0.0,0.0,1.0
2025-03-04,104117.22560791761,0.0001213547861627,0.04379191140950711,0,0.0,0.0,0.0,1.0
2025-03-05,104003.56378566935,-0.0010916716382386,0.04483577666007588,0,0.0,0.0,0.0,1.0
2025-03-06,104066.7114920449,0.0006071686784279,0.044255830860908896,0,0.0,0.0,0.0,1.0
2025-03-07,104054.07790154207,-0.0001213989595875,0.04437185720867409,0,0.0,0.0,0.0,1.0
2025-03-10,104243.57163601526,0.0018211081996468,0.04263155496202353,0,0.0,0.0,0.0,1.0
2025-03-11,104180.39356043178,-0.0006060620774207,0.04321177967068035,0,0.0,0.0,0.0,1.0
2025-03-12,104104.59201741478,-0.0007275989313002,0.04390793775727253,0,0.0,0.0,0.0,1.0
2025-03-13,104180.39356043178,0.0007281287169764,0.04321177967068035,0,0.0,0.0,0.0,1.0
2025-03-14,104104.59201741478,-0.0007275989313002,0.04390793775727253,0,0.0,0.0,0.0,1.0
2025-03-17,104066.7114920449,-0.0003638698796643,0.044255830860908896,0,0.0,0.0,0.0,1.0
2025-03-18,104066.7114920449,0.0,0.044255830860908896,0,0.0,0.0,0.0,1.0
2025-03-19,104218.28420887096,0.0014564956906286,0.04286379359721426,0,0.0,0.0,0.0,1.0
2025-03-20,104243.57163601524,0.0002426390660357,0.042631554962023754,0,0.0,0.0,0.0,1.0
2025-03-21,104306.73958852942,0.0006059649676504,0.04205142322319677,0,0.0,0.0,0.0,1.0
2025-03-24,104167.75996992893,-0.0013324126432169,0.04332780601844588,0,0.0,0.0,0.0,1.0
2025-03-25,104205.66074143742,0.0003638435876842,0.042979726975149846,0,0.0,0.0,0.0,1.0
2025-03-26,104180.39356043175,-0.0002424741691179,0.04321177967068057,0,0.0,0.0,0.0,1.0
2025-03-27,104230.94816858172,0.0004852602915215,0.04274748833995923,0,0.0,0.0,0.0,1.0
2025-03-28,104420.37104156971,0.0018173380969501,0.041007836882118176,0,0.0,0.0,0.0,1.0
2025-03-31,104496.17258458673,0.0007259267733001,0.040311678795525885,0,0.0,0.0,0.0,1.0
2025-04-01,104534.18470985768,0.0003637657182149,0.03996257708410034,0,0.0,0.0,0.0,1.0
2025-04-02,104458.13009010786,-0.0007275574010638,0.04066105941644094,0,0.0,0.0,0.0,1.0
2025-04-03,104851.0469024292,0.003761476602945,0.037052528437141796,0,0.0,0.0,0.0,1.0
2025-04-04,104787.68661159808,-0.0006042885855978,0.037634426602737525,0,0.0,0.0,0.0,1.0
2025-04-07,104800.35057130885,0.0001208535097994,0.03751812134548227,0,0.0,0.0,0.0,1.0
2025-04-08,104736.99028047774,-0.0006045809053664,0.038100019511078,0,0.0,0.0,0.0,1.0
2025-04-09,104673.60974350799,-0.0006051399491241,0.03868210361633362,0,0.0,0.0,0.0,1.0
2025-04-10,104660.96602993585,-0.0001207917984593,0.03879822293392887,0,0.0,0.0,0.0,1.0
2025-04-11,104470.8142959573,-0.0018168352652522,0.04054456821952557,0,0.0,0.0,0.0,1.0
2025-04-14,104698.94778599885,0.0021837054834785,0.03844940013199327,0,0.0,0.0,0.0,1.0
2025-04-15,104698.94778599885,0.0,0.03844940013199327,0,0.0,0.0,0.0,1.0
2025-04-16,104838.37281964913,0.0013316755955872,0.037168926664226776,0,0.0,0.0,0.0,1.0
2025-04-17,104876.37482185075,0.0003624818010767,0.036819917922631284,0,0.0,0.0,0.0,1.0
2025-04-21,104813.01453101964,-0.0006041426483204,0.03740181608822701,0,0.0,0.0,0.0,1.0
2025-04-22,104851.04690242921,0.000362859245865,0.037052528437141685,0,0.0,0.0,0.0,1.0
2025-04-23,104774.99228267939,-0.0007253587064381,0.037751010769482285,0,0.0,0.0,0.0,1.0
2025-04-24,104901.74323354957,0.0012097443112017,0.03658693552880099,0,0.0,0.0,0.0,1.0
2025-04-25,104990.44156687154,0.0008455372674265,0.03577233387886514,0,0.0,0.0,0.0,1.0
2025-04-28,105142.52043716327,0.0014485020543024,0.03437564812367344,0,0.0,0.0,0.0,1.0
2025-04-29,105205.91109720233,0.0006029022299969,0.033793471048587875,0,0.0,0.0,0.0,1.0
2025-04-30,105345.3260077833,0.0013251623328669,0.032513090550651325,0,0.0,0.0,0.0,1.0
2025-05-01,105412.40660572794,0.0046553901814778,0.031897025245725574,3,0.801936168690789,0.19806383130921096,0.0,0.0
2025-05-02,106441.25450443893,0.00976021639045925,0.022448130723876525,3,0.8059738285570077,0.19402617144299217,0.0,0.0
2025-05-05,105833.94771475003,-0.005705558361899697,0.0280256099658156,3,0.8059504225053798,0.19404957749462018,0.0,0.0
2025-05-06,105189.29222978979,-0.006091197568267526,0.033946098006810144,3,0.8041121199672157,0.19588788003278435,0.0,0.0
2025-05-07,105632.10394216623,0.004209665289971746,0.029879334427347692,3,0.8041087176530938,0.1958912823469061,0.0,0.0
2025-05-08,105983.64887629158,0.00334450207014964,0.026650760984759603,3,0.8028890342589876,0.19711096574101233,0.0,0.0
2025-05-09,105906.46799050694,-0.0007282338983699384,0.02735958689556306,3,0.8024503475660817,0.19754965243391825,0.0,0.0
2025-05-12,108520.31505820208,0.024680712304837104,0.003354128683674573,3,0.8090025105688101,0.19099748943118977,0.0,0.0
2025-05-13,109015.95733095871,0.004567276389594121,0.0,3,0.8106425361483437,0.18935746385165628,0.0,0.0
2025-05-14,108991.91260094913,-0.00022056156363043196,0.0002205615636303726,3,0.8118576690104797,0.18814233098952024,0.0,0.0
2025-05-15,109604.20578915247,0.00566548491195546,0.0,3,0.7993785613410842,0.20062143865891588,0.0,0.0
2025-05-16,110217.93385613116,0.005599493765406453,0.0,3,0.7999625592261138,0.20003744077388627,0.0,0.0
2025-05-19,110250.52118553777,0.0002956626772659322,0.0,3,0.8006009494937014,0.19939905050629858,0.0,0.0
2025-05-20,109795.34510850771,-0.0041285616805752535,0.004128561680575293,3,0.8012169968370464,0.19878300316295364,0.0,0.0
2025-05-21,107939.98903382554,-0.01689831270031152,0.02095710865460587,3,0.8012557392543429,0.1987442607456571,0.0,0.0
2025-05-22,108086.64265634488,0.00136368866741748,0.019626923355322345,3,0.7992257863700353,0.20077421362996464,0.0,0.0
2025-05-23,107532.99146565575,-0.005122290572475487,0.024648679123328243,3,0.7978574166484281,0.20214258335157184,0.0,0.0
2025-05-27,109620.11337964967,0.019409130961082842,0.005717957603367685,3,0.7989386271590125,0.20106137284098746,0.0,0.0
2025-05-28,109018.28855858791,-0.005490094860397053,0.011176660334114574,3,0.7987012683665099,0.20129873163349016,0.0,0.0
2025-05-29,109565.10624116413,0.005015834405457196,0.006216886206099392,3,0.7978522013298066,0.20214779867019333,0.0,0.0
2025-05-30,109499.20928129426,-0.00059285501554216,0.006814588232006202,3,0.799579397653026,0.20042060234697404,0.0,0.0
2025-06-02,109788.13744649012,0.002638632434811673,0.004193936990733338,3,0.8019671844055821,0.19803281559441793,0.0,0.0
2025-06-03,110251.93407591096,0.004224469420905297,0.0,3,0.8031475758282781,0.19685242417172194,0.0,0.0
2025-06-04,110580.48819812536,0.00298003046357612,0.0,3,0.8005463515976597,0.1994536484023404,0.0,0.0
2025-06-05,110167.9772208206,-0.003730413782996475,0.0037304137829964334,3,0.7996604879644198,0.20033951203558015,0.0,0.0
2025-06-06,110792.52486022882,0.0056704145519798,0.0,3,0.8036581499109394,0.19634185008906055,0.0,0.0
2025-06-09,110895.70718439393,0.000931311244105036,0.0,3,0.8036339963851056,0.19636600361489437,0.0,0.0
2025-06-10,111513.14924416105,0.005567772418281659,0.0,3,0.8037156349776152,0.19628436502238478,0.0,0.0
2025-06-11,111323.79290752033,-0.0016980628555842024,0.0016980628555841593,3,0.8027864754628619,0.19721352453713814,0.0,0.0
2025-06-12,111941.48314424642,0.005548591371111692,0.0,3,0.8015296097133667,0.1984703902866333,0.0,0.0
2025-06-13,110723.84610733944,-0.0108713904934759,0.010877442416391325,3,0.7997502676158095,0.2002497323841905,0.0,0.0
2025-06-16,111342.91448497167,0.00559110254381946,0.005347156768536365,3,0.8028704362405298,0.1971295637594701,0.0,0.0
2025-06-17,110846.13236637112,-0.004461730868986702,0.009785030063107492,3,0.7995772693368618,0.20042273066313823,0.0,0.0
2025-06-18,110871.29347413155,0.0002269913006731328,0.009560259879135558,3,0.7992753340278861,0.20072466597211389,0.0,0.0
2025-06-20,110622.09011691566,-0.0022476815179760627,0.011786452977674111,3,0.7991945913970658,0.20080540860293414,0.0,0.0
2025-06-23,111567.4897768132,0.008549459603594801,0.0033409720590470426,3,0.8010534147816725,0.1989465852183276,0.0,0.0
2025-06-24,112715.94941744661,0.010293855700534814,0.0,3,0.8016507240071888,0.19834927599281107,0.0,0.0
2025-06-25,112794.72484692541,0.0006988844958139658,0.0,3,0.801539772864517,0.19846022713548286,0.0,0.0
2025-06-26,113614.62411253565,0.007268950447132313,0.0,3,0.8019813051700817,0.19801869482991824,0.0,0.0
2025-06-27,113924.07303202932,0.002723671551183172,0.0,3,0.8037765833538165,0.19622341664618348,0.0,0.0
2025-06-30,114582.32360528126,0.00579316996503884,0.0,3,0.7991951504082891,0.2008048495917108,0.0,0.0
2025-07-01,114609.73069331981,0.00023919123976726126,0.0,3,0.7987453867439601,0.20125461325603988,0.0,0.0
2025-07-02,114878.17553661045,0.002342251758787785,0.0,3,0.8004913594174252,0.19950864058257478,0.0,0.0
2025-07-03,115443.30793653039,0.004919406121137806,0.0,3,0.8028508030575704,0.19714919694242955,0.0,0.0
2025-07-07,114535.42746399541,-0.007864297106196287,0.007864297106196183,3,0.8031844626618326,0.1968155373381673,0.0,0.0
2025-07-08,114454.52831362377,-0.0006935952383661601,0.008565066616509576,3,0.8001167689450672,0.1998832310549328,0.0,0.0
2025-07-09,115243.01585530315,0.006889089958230265,0.0017349821726986292,3,0.7994076031396247,0.20059239686037536,0.0,0.0
2025-07-10,115518.79181887521,0.0023929950246902713,0.0,3,0.7997483452364331,0.20025165476356685,0.0,0.0
2025-07-11,114874.90546888478,-0.005573866726376364,0.005573866726376386,3,0.8014038212119231,0.19859617878807692,0.0,0.0
2025-07-14,115002.70308099869,0.0011124937303955502,0.004467573887768084,3,0.8020407026947368,0.19795929730526315,0.0,0.0
2025-07-15,114447.43449870062,-0.004820185500594981,0.009274312025825182,3,0.8004397771333853,0.19956022286661465,0.0,0.0
2025-07-16,114785.93425599471,0.002957687594979888,0.006344054948475897,3,0.8007474260101896,0.19925257398981044,0.0,0.0
2025-07-17,115343.05202148978,0.004853536882425069,0.0015213091707275694,3,0.8017564350238628,0.1982435649761373,0.0,0.0
2025-07-18,115310.2479340595,-0.0002844045380745245,0.0018052810415701837,3,0.8013971232998012,0.19860287670019883,0.0,0.0
2025-07-21,115689.6496584724,0.0032902689154727036,0.0,3,0.8002835391872065,0.19971646081279346,0.0,0.0
2025-07-22,115842.66844604933,0.00132380184331344,0.0,3,0.799056685121573,0.20094331487842698,0.0,0.0
2025-07-23,116501.03015106854,0.005683240155382087,0.0,3,0.8013007355376142,0.1986992644623859,0.0,0.0
2025-07-24,116491.57122111414,-8.119181385884996e-05,8.119181385890517e-05,3,0.8016310757216012,0.19836892427839883,0.0,0.0
2025-07-25,117031.34247162742,0.004633564856711674,0.0,3,0.8013045399033747,0.1986954600966254,0.0,0.0
2025-07-28,116857.13494831139,-0.001488554430265146,0.0014885544302651876,3,0.8022976208479463,0.19770237915205358,0.0,0.0
2025-07-29,117004.1121993904,0.0012669537497840002,0.00023267503954016444,3,0.7968801828029579,0.20311981719704214,0.0,0.0
2025-07-30,116764.23401653182,-0.0020501688218427043,0.0022823668382712103,3,0.7975118046718267,0.2024881953281733,0.0,0.0
2025-07-31,116428.53316703992,-0.0028750314881898706,0.005150836449933416,3,0.7968110641687098,0.2031889358312902,0.0,0.0
2025-08-01,115244.26767157133,-0.010171608825214085,0.015270052981656068,3,0.7918047721560768,0.20819522784392322,0.0,0.0
2025-08-04,116696.83984621297,0.012604290035329667,0.0028582311229621293,3,0.7938343789894192,0.20616562101058075,0.0,0.0
2025-08-05,116438.35341484142,-0.0006406969152520802,0.005066925186556381,2,0.39822713324915726,0.40148372387351544,0.20028914287732727,0.0
2025-08-06,116474.14103095459,0.0003073524750532237,0.004761130043500206,2,0.40115416157947836,0.39904294016162084,0.19980289825890082,0.0
2025-08-07,116551.98348488563,0.000668323915008227,0.0040959881055624425,2,0.40055044279893964,0.398095294454375,0.20135426274668528,0.0
2025-08-08,116709.65493971478,0.0013527994128868864,0.002748729742980016,2,0.4031284049696646,0.39583431415676845,0.201037280873567,0.0
2025-08-11,116332.2715924162,-0.0032335229462678887,0.005973364608550802,2,0.4036364246907616,0.39757335250877324,0.19879022280046504,0.0
2025-08-12,117020.09060175072,0.007509899186168959,9.614407251135049e-05,3,0.8024902414388234,0.19750975856117658,0.0,0.0
2025-08-13,117532.92239784589,0.004382425218251377,0.0,3,0.8017237002922141,0.1982762997077859,0.0,0.0
2025-08-14,117368.90310061343,-0.0013955179015906558,0.0013955179015906483,3,0.802918758978046,0.1970812410219541,0.0,0.0
2025-08-15,116983.47270978293,-0.003283922577857736,0.004674857706703506,3,0.803678184178868,0.19632181582113195,0.0,0.0
2025-08-18,116896.55160577076,-0.0007430203771416545,0.005414404569308973,3,0.8041006765347184,0.19589932346528158,0.0,0.0
2025-08-19,116522.99096977508,-0.0031793009046054404,0.008592753481039273,3,0.7981976296233931,0.20180237037660692,0.0,0.0
2025-08-20,116327.420706116,-0.001678383484936567,0.01025671503044312,3,0.7974151223952353,0.2025848776047647,0.0,0.0
2025-08-21,115838.58817574332,-0.0042022124053420744,0.014415826540646104,3,0.7975675930215604,0.20243240697843953,0.0,0.0
2025-08-22,117431.08821467574,0.013747578108569167,0.0008664311334439789,3,0.798833753409065,0.2011662465909349,0.0,0.0
2025-08-25,116950.37100530107,-0.00409361112702858,0.004956495428343866,3,0.7985870223261841,0.2014129776738159,0.0,0.0
2025-08-26,117102.1552128305,0.0028968180666090805,0.0036650767821228003,2,0.4005146081328733,0.39861486778160854,0.2008705240855181,0.0
2025-08-27,117202.69360820875,0.0008585529036208316,0.0028096705408151568,2,0.4010828109323385,0.39781381973502455,0.20110336933263703,0.0
2025-08-28,117850.74153747428,0.005529292111936059,0.0,2,0.4002898938306021,0.3982287923276707,0.20148131384172735,0.0
2025-08-29,117464.9238450759,-0.003273782475740285,0.0032737824757402834,2,0.39920959656548466,0.3966966561711838,0.2040937472633315,0.0
2025-09-02,117337.47694188156,-0.0010849783835253258,0.004355208876047012,2,0.39668174369906395,0.3941722916619978,0.20914596463893825,0.0
2025-09-03,117913.28746053936,0.00653111220299614,0.0,3,0.7991165172927,0.20088348270729994,0.0,0.0
2025-09-04,118881.3670177533,0.008210097250811748,0.0,3,0.7992332847040254,0.20076671529597456,0.0,0.0
2025-09-05,118970.09258676971,0.000746337052156744,0.0,3,0.7963242237019882,0.20367577629801184,0.0,0.0
2025-09-08,119525.69341025116,0.0046700881826769285,0.0,3,0.794569745282797,0.20543025471720308,0.0,0.0
2025-09-09,119605.71221994347,0.0006694695291802394,0.0,3,0.7958738855411135,0.2041261144588865,0.0,0.0
2025-09-10,119141.65741723111,0.0001206108713063,0.003879871572178839,0,0.0,0.0,0.0,1.0
2025-09-11,119184.77285136712,0.0003618837866676,0.00351939184812744,0,0.0,0.0,0.0,1.0
2025-09-12,119170.39350956594,-0.000120647474146,0.003639614716536399,0,0.0,0.0,0.0,1.0
2025-09-15,119213.49764806817,0.0003617017384336,0.0032792294330730165,0,0.0,0.0,0.0,1.0
2025-09-16,119270.99242400538,0.0004822841127181,0.0027985268406125474,0,0.0,0.0,0.0,1.0
2025-09-17,119213.49764806818,-0.0004820516268768,0.0032792294330729055,0,0.0,0.0,0.0,1.0
2025-09-18,119170.39350956594,-0.0003615709575898,0.003639614716536399,0,0.0,0.0,0.0,1.0
2025-09-19,119213.49764806817,0.0003617017384336,0.0032792294330730165,0,0.0,0.0,0.0,1.0
2025-09-22,119156.0367590323,-0.0004819998588205,0.003759648703769769,0,0.0,0.0,0.0,1.0
2025-09-23,119199.12960190077,0.0003616505217911,0.00339935786089407,0,0.0,0.0,0.0,1.0
2025-09-24,118329.7627796389,-0.0033066255830585005,0.010667964068122648,3,0.8001003007387416,0.19989969926125842,0.0,0.0
2025-09-25,117892.97960641002,-0.003691236785814241,0.014319822872538857,3,0.7993596898451809,0.20064031015481906,0.0,0.0
2025-09-26,118411.61803175259,0.004399230786040459,0.009983588292129864,3,0.8004180995633684,0.1995819004366316,0.0,0.0
2025-09-29,118872.03733985871,0.003888295048739775,0.006134112380315027,3,0.7995586375073329,0.2004413624926672,0.0,0.0
2025-09-30,119160.94237710506,0.0024303868572584982,0.003718633789166481,3,0.8006246152295907,0.19937538477040925,0.0,0.0
2025-10-01,118822.08961473557,0.001160987668592,0.0065517155549134065,0,0.0,0.0,0.0,1.0
2025-10-02,118850.77686350823,0.0002414302665916,0.0063118670707548175,0,0.0,0.0,0.0,1.0
2025-10-03,118807.70663112905,-0.0003623891531533,0.006671968871745482,0,0.0,0.0,0.0,1.0
2025-10-06,118779.00813686491,-0.000241554147268,0.006911911377261992,0,0.0,0.0,0.0,1.0
2025-10-07,118836.42761637617,0.0004834143710401,0.006431838323513017,0,0.0,0.0,0.0,1.0
2025-10-08,118822.0896147356,-0.0001206532536207,0.0065517155549131845,0,0.0,0.0,0.0,1.0
2025-10-09,118807.70663112908,-0.0001210463782715,0.00667196887174526,0,0.0,0.0,0.0,1.0
2025-10-10,119008.62982745253,0.0016911629895126,0.0049920892690555885,0,0.0,0.0,0.0,1.0
2025-10-13,119238.21778156568,0.0019291706361632,0.0030725492249233932,0,0.0,0.0,0.0,1.0
2025-10-14,119152.1447897562,-0.0007218574162786,0.003792188698757082,0,0.0,0.0,0.0,1.0
2025-10-15,119094.74780122793,-0.0004817117528984,0.004272073709790103,0,0.0,0.0,0.0,1.0
2025-10-16,119252.56702869774,0.0013251569056027,0.0029525779721650824,0,0.0,0.0,0.0,1.0
2025-10-17,119238.21778156569,-0.0001203265262089,0.003072549224923171,0,0.0,0.0,0.0,1.0
2025-10-20,119252.56702869777,0.0001203410064243,0.0029525779721648604,0,0.0,0.0,0.0,1.0
2025-10-21,119281.2880139449,0.000240841651989,0.002712447423932285,0,0.0,0.0,0.0,1.0
2025-10-22,119281.2880139449,0.0,0.002712447423932285,0,0.0,0.0,0.0,1.0
2025-10-23,119195.18128566099,-0.0007218795983645,0.003432368961839849,0,0.0,0.0,0.0,1.0
2025-10-24,119266.92752132136,0.0006019222831534,0.002832512698048406,0,0.0,0.0,0.0,1.0
2025-10-27,119238.21778156573,-0.0002407183646991,0.003072549224922838,0,0.0,0.0,0.0,1.0
2025-10-28,119252.56702869781,0.0001203410064243,0.0029525779721645273,0,0.0,0.0,0.0,1.0
2025-10-29,119022.99032007616,-0.0019251301195589,0.004872023994938801,0,0.0,0.0,0.0,1.0
2025-10-30,119037.31707622526,0.0001203696538842,0.004752240784896555,0,0.0,0.0,0.0,1.0
2025-10-31,119080.39855409593,0.0003619157330561,0.004392044962547748,0,0.0,0.0,0.0,1.0
2025-11-03,119084.70557733385,3.616903613212763e-05,0.0043560347824486145,0,0.0,0.0,0.0,1.0
2025-11-04,119127.87701913637,0.0003625271741927,0.003995086789236324,0,0.0,0.0,0.0,1.0
2025-11-05,119041.51164454836,-0.000724980388714,0.00471717081837697,0,0.0,0.0,0.0,1.0
2025-11-06,119185.45393552839,0.0012091772776696,0.0035136974364757823,0,0.0,0.0,0.0,1.0
2025-11-07,119243.05334290338,0.0004832754792891,0.0030321200409992866,0,0.0,0.0,0.0,1.0
2025-11-10,119214.26488470739,-0.0002414267111495,0.003272814717379391,0,0.0,0.0,0.0,1.0
2025-11-11,119315.0244883934,0.0008451975422862,0.002430383350048637,0,0.0,0.0,0.0,1.0
2025-11-12,119271.85304659088,-0.0003618273724339,0.0027913313432610387,0,0.0,0.0,0.0,1.0
2025-11-13,119199.88190110089,-0.0006034210390098,0.003393068034211355,0,0.0,0.0,0.0,1.0
2025-11-14,119243.05334290341,0.0003621768840202,0.0030321200409990645,0,0.0,0.0,0.0,1.0
2025-11-17,119228.6591138054,-0.0001207133555747,0.003152467379189172,0,0.0,0.0,0.0,1.0
2025-11-18,119300.64150478691,0.0006037339639355,0.0025506366668806013,0,0.0,0.0,0.0,1.0
2025-11-19,119286.2472756889,-0.0001206550854752,0.002670984005070709,0,0.0,0.0,0.0,1.0
2025-11-20,119387.0181248664,0.0008447817873304,0.0018284586163820338,0,0.0,0.0,0.0,1.0
2025-11-21,119530.98290682939,0.0012058663012457,0.000624797191765003,0,0.0,0.0,0.0,1.0
2025-11-24,119545.3771359274,0.0001204225778785,0.0005044498535748954,0,0.0,0.0,0.0,1.0
2025-11-25,119617.33703592593,0.0006019463213262,0.0,0,0.0,0.0,0.0,1.0
2025-11-26,119602.9540523194,-0.0001202416302095,0.00012024163020951661,0,0.0,0.0,0.0,1.0
2025-11-28,119602.9540523194,0.0,0.00012024163020951661,0,0.0,0.0,0.0,1.0
2025-12-01,119500.44015196207,-0.0008571184647537,0.0009772570336417097,0,0.0,0.0,0.0,1.0
2025-12-02,119572.63620728174,0.0006041488652916,0.0003736985770780299,0,0.0,0.0,0.0,1.0
2025-12-03,119644.8435080929,0.000603878137185,0.0,0,0.0,0.0,0.0,1.0
2025-12-04,119558.19699621781,-0.0007241976280342,0.0007241976280343287,0,0.0,0.0,0.0,1.0
2025-12-05,119514.86811753454,-0.0003624082645262,0.0010863434373548086,0,0.0,0.0,0.0,1.0
2025-12-08,119485.98969540668,-0.000241630372712,0.0013277113164971155,0,0.0,0.0,0.0,1.0
2025-12-09,119428.22160565946,-0.0004834716596856,0.0018105410653890264,0,0.0,0.0,0.0,1.0
2025-12-10,119630.40429702899,0.0016929222310377,0.00012068393957098689,0,0.0,0.0,0.0,1.0
2025-12-11,119341.311440403,0.00158980921074602,0.002536942326890723,3,0.8005887734191697,0.19941122658083038,0.0,0.0
2025-12-12,118084.64753956573,-0.010529999089752213,0.013040227416249994,3,0.8004090894055134,0.19959091059448658,0.0,0.0
2025-12-15,117958.04893831107,-0.0010721004287389503,0.014098347411585221,3,0.8000575665697028,0.1999424334302972,0.0,0.0
2025-12-16,117829.71977914407,-0.0010879220224650431,0.015170931531420795,3,0.7987405485982912,0.2012594514017087,0.0,0.0
2025-12-17,116772.5234267197,-0.008972238535455618,0.024007052850371524,3,0.7971033331458285,0.20289666685417154,0.0,0.0
2025-12-18,117588.30582963306,0.00699774956738362,0.017188686266456088,3,0.8004397333698959,0.19956026663010412,0.0,0.0
2025-12-19,118353.79963750532,0.006509948438081513,0.010790635289687711,3,0.8024704824113201,0.19752951758867981,0.0,0.0
2025-12-22,118894.74787206789,0.004570603024316828,0.006269351975660142,3,0.803795956231829,0.19620404376817097,0.0,0.0
2025-12-23,119368.91583561039,0.00398813212550583,0.0023062228541747,3,0.8042621235385876,0.19573787646141255,0.0,0.0
2025-12-24,119848.14775658351,0.004014712855674142,0.0,3,0.8038639727926448,0.19613602720735532,0.0,0.0
2025-12-26,119455.3069160048,0.00072507877231,0.0032778215427791135,0,0.0,0.0,0.0,1.0
2025-12-29,119513.02301984976,0.0004831606509163,0.00279624460625294,0,0.0,0.0,0.0,1.0
2025-12-30,119541.88107177224,0.0002414636597192,0.0025554561379897978,0,0.0,0.0,0.0,1.0
2025-12-31,119498.59399388851,-0.000362108053643,0.002916638840384511,0,0.0,0.0,0.0,1.0
