date,wealth,return,drawdown,action,w_SPY,w_TLT,w_GLD,w_SHY
2021-01-05,100302.02365959309,0.0040242608567877,0.0,3,0.8022810932456224,0.19771890675437767,0.0,0.0
2021-01-06,100376.01247351407,0.0007376602307853809,0.0,3,0.8064825767883923,0.19351742321160773,0.0,0.0
2021-01-07,101407.53914217054,0.01027662529360449,0.0,3,0.8101395058926576,0.18986049410734232,0.0,0.0
2021-01-08,101813.4901467012,0.004003163945843633,0.0,3,0.8115068365762736,0.18849316342372643,0.0,0.0
2021-01-11,101224.8463151017,-0.005781589755457031,0.005781589755456951,3,0.8107240391009859,0.18927596089901405,0.0,0.0
2021-01-12,101250.09431560713,0.0008606746067271601,0.005533606895140153,5,0.1998702256592172,0.5990080826307084,0.20112169171007446,0.0
2021-01-13,101899.91987433232,0.006418024231163856,0.0,5,0.1991304033206591,0.6018912591760276,0.19897833750331329,0.0
2021-01-14,101243.75970037158,-0.006439260941224977,0.0064392609412249335,5,0.19971916025070913,0.6001168839279138,0.20016395582137705,0.0
2021-01-15,101085.95027255622,-0.0015587076999351445,0.007987931715549235,5,0.19857214782759555,0.603438849423017,0.19798900274938755,0.0
2021-01-19,101610.02325448634,0.0051844294930904,0.002844915091233635,5,0.19909910460692268,0.6022641357328802,0.19863675966019717,0.0
2021-01-20,102281.91911944165,0.00661477503990104,0.0,5,0.2014352674420653,0.5966439352997137,0.20192079725822093,0.0
2021-01-21,101859.4602753244,-0.004130337480507351,0.004130337480507396,5,0.20245512341444008,0.5949137846557436,0.20263109192981624,0.0
2021-01-22,101820.11519652228,-0.0003862682827473414,0.004515010344888881,5,0.20181649765590015,0.5970700706852403,0.2011134316588595,0.0
2021-01-25,102635.29965807714,0.00800612393711668,0.0,5,0.2010031822873524,0.5993086304901016,0.19968818722254594,0.0
2021-01-26,102436.39102942619,-0.0019380138150676873,0.0019380138150676407,5,0.20107910821280484,0.5993392622413009,0.19958162954589434,0.0
2021-01-27,101962.04343276202,-0.004629580988759581,0.0065596946426622615,5,0.19601941751938967,0.6043233778939698,0.19965720458664044,0.0
2021-01-28,101812.1986859816,-0.0014696130220186766,0.008019667452013657,5,0.19799619771213106,0.6018673201237913,0.20013648216407767,0.0
2021-01-29,101031.72792886542,-0.007665788257096393,0.015623978636530644,5,0.19553133035641965,0.6028678794635886,0.20160079017999175,0.0
2021-02-01,101622.31781796756,0.005845588323679512,0.009869721659938269,5,0.19763074415436657,0.6000590059810265,0.20231024986460686,0.0
2021-02-02,101262.98154647856,-0.0035359975958495506,0.013370819943726686,5,0.20113650471042965,0.5983057436300411,0.2005577516595293,0.0
2021-02-03,100709.02124143128,-0.0054688265089572795,0.018768186219196847,5,0.20125791625680486,0.5979460912694868,0.20079599247370836,0.0
2021-02-04,100343.07469471403,-0.0036337017499153733,0.022333689978004778,5,0.2042876633841424,0.5985230501207233,0.19718928649513442,0.0
2021-02-05,100116.21092313912,-0.002260881204458996,0.024544077362566363,5,0.2055564340268821,0.594856352289815,0.1995872136833029,0.0
2021-02-08,100727.55499674525,0.0061063444967515345,0.018587607457545507,5,0.20578436653795418,0.5938421027909435,0.2003735306711022,0.0
2021-02-09,100823.92689797712,0.0009567580711651156,0.017648633229839006,5,0.20545080462432788,0.5937136140120257,0.20083558136364643,0.0
2021-02-10,101290.81493815364,0.00463704213596292,0.013099632625447333,5,0.19899015899346126,0.6012041252888481,0.19980571571769062,0.0
2021-02-11,100814.22844367291,-0.004705130418505675,0.017743127564015637,5,0.20025371380353493,0.6007395461778636,0.19900674001860147,0.0
2021-02-12,100100.85747423982,-0.007076094123278057,0.024693669646609462,5,0.202677107203699,0.5975066636948224,0.19981622910147848,0.0
2021-02-16,98885.48563181917,-0.012141472841363141,0.03653532496860468,5,0.20499050591975512,0.5956406940083018,0.1993688000719432,0.0
2021-02-17,99040.33955415223,0.0015659924340122422,0.035026546577067386,5,0.20471694234372742,0.5984858447498347,0.19679721290643779,0.0
2021-02-18,98713.9055676847,-0.0032912685673079935,0.03820707011580138,5,0.19980639213635784,0.5995452378742068,0.2006483699894355,0.0
2021-02-19,97974.54548586883,-0.007489928369908563,0.045410830267318514,5,0.20095871053958334,0.5960400545859463,0.2030012348744704,0.0
2021-02-22,97676.58197752917,-0.003041233892558765,0.04831395920377901,5,0.20002131094522224,0.593310168089639,0.20666852096513882,0.0
2021-02-23,97486.73656994478,-0.0019436123146494282,0.050163667912350496,5,0.2006541986538306,0.5927512323419005,0.20659456900426887,0.0
2021-02-24,97308.936549404,-0.0018238380604034686,0.0518960155659659,5,0.20323601681685174,0.5899387828268277,0.2068252003563205,0.0
2021-02-25,95519.36501570247,-0.0183807422666513,0.06933223429055058,5,0.19883558867631654,0.6012531998103967,0.19991121151328675,0.0
2021-02-26,96858.32253845235,0.01401765518991652,0.05628645445446556,5,0.19507651781795987,0.6125434221908445,0.19238005999119556,0.0
2021-03-01,96500.48579742164,-0.0036944346304227118,0.05977294245832798,5,0.20054609874042512,0.6066946023759222,0.1927592988836527,0.0
2021-03-02,96454.96842474888,-0.00047168024385206147,0.060216428986105575,5,0.1990750724244692,0.6070240293989434,0.19390089817658737,0.0
2021-03-03,95359.44271691296,-0.011357898154210878,0.07089039507268191,5,0.19869497888606782,0.6073381537484182,0.19396686736551408,0.0
2021-03-04,94566.14364659842,-0.00831176338429066,0.07861969554685955,5,0.19918054335448687,0.6011270392789027,0.19969241736661048,0.0
2021-03-05,95035.23386440772,0.004960445670306023,0.07404923860492973,5,0.20184356596806718,0.5993247416762241,0.19883169235570874,0.0
2021-03-08,94300.9591767344,-0.007726341671563258,0.08120345055851219,5,0.20240245868857265,0.5992952224328449,0.1983023188785824,0.0
2021-03-09,95754.41812784626,0.015412981626070887,0.06704205622387316,5,0.202176133043682,0.5983774963348731,0.19944637062144494,0.0
2021-03-10,96087.0834299159,0.003474150943358831,0.06380081950338912,5,0.20273028115696698,0.5975005430649255,0.19976917577810754,0.0
2021-03-11,96356.09942875683,0.0031982506042917396,0.06117973299867652,1,0.6041513229040509,0.395848677095949,0.0,0.0
2021-03-12,95625.07337592331,-0.007586712799370096,0.06830229273464339,1,0.6095897656444778,0.3904102343555222,0.0,0.0
2021-03-15,96192.20820322263,0.00593081717249813,0.06277656397281695,1,0.6096095472175854,0.39039045278241447,0.0,0.0
2021-03-16,95967.31609379529,-0.002337945179012983,0.06496774098673463,1,0.6102673669565859,0.3897326330434141,0.0,0.0
2021-03-17,95887.15134225826,-0.0008353338907454584,0.06574880512162873,1,0.6128602542102514,0.38713974578974863,0.0,0.0
2021-03-18,94559.14727789568,-0.013665073568608601,0.0786878628219203,3,0.7992825167332861,0.2007174832667139,0.0,0.0
2021-03-19,94536.93673041578,-0.00023488523447266863,0.07890426543928397,3,0.7979910787992767,0.20200892120072333,0.0,0.0
2021-03-22,95353.33294938211,0.008635738021577508,0.07094992398282496,3,0.7974762988663664,0.2025237011336336,0.0,0.0
2021-03-23,94929.14563569729,-0.004448584024954781,0.07508288130937801,3,0.7947350085537203,0.20526499144627966,0.0,0.0
2021-03-24,94650.49246697506,-0.0029353805604823958,0.07779786503963992,3,0.7930226908183795,0.2069773091816205,0.0,0.0
2021-03-25,94926.53360361182,0.0029234234901538603,0.07510833095578784,3,0.8021554459159768,0.1978445540840231,0.0,0.0
2021-03-26,96087.88955869278,0.01223426065393337,0.0637929652000494,3,0.8052306805144724,0.19476931948552767,0.0,0.0
2021-03-29,95889.94918844031,-0.0020599928998499555,0.06572154504452687,3,0.8064853466874446,0.19351465331255535,0.0,0.0
2021-03-30,95782.01263029657,-0.0011256295269448662,0.06677319645981317,3,0.8052521933203045,0.19474780667969552,0.0,0.0
2021-03-31,95990.56708194023,0.002177386399768393,0.06474120110988535,3,0.8067595262119874,0.19324047378801248,0.0,0.0
2021-04-01,97137.82973993874,0.01195866742992882,0.053563149680985744,3,0.7990833103060789,0.20091668969392107,0.0,0.0
2021-04-05,98166.78389395581,0.010592723316671236,0.043537805988854705,3,0.8020567337128048,0.1979432662871951,0.0,0.0
2021-04-06,98252.26800003047,0.0008708047944913896,0.04270491412456012,3,0.8008855045446802,0.19911449545531973,0.0,0.0
2021-04-07,98207.07515129578,-0.00045996748629429334,0.04314523873885212,3,0.8021813238960046,0.19781867610399542,0.0,0.0
2021-04-08,98741.413713873,0.005440937547055943,0.03793905174122714,3,0.8016276138702184,0.19837238612978159,0.0,0.0
2021-04-09,99244.00575842749,0.0050916181653481,0.03304217857742442,3,0.8017340220302547,0.19826597796974532,0.0,0.0
2021-04-12,99264.42583293768,0.000205756250507447,0.03284322096168979,3,0.8018612307768913,0.19813876922310872,0.0,0.0
2021-04-13,99647.72373579074,0.0038613823596597156,0.02910865883608582,3,0.8011444265701955,0.19885557342980462,0.0,0.0
2021-04-14,99312.11263191637,-0.003367975617428285,0.03237859720029801,3,0.8011063254823709,0.19889367451762902,0.0,0.0
2021-04-15,100497.31387944525,0.011934105680760532,0.02083090112032071,3,0.8001628881470723,0.19983711185292777,0.0,0.0
2021-04-16,100609.91594311195,0.00112061156149136,0.01973379258123309,3,0.8017754153398012,0.19822458466019877,0.0,0.0
2021-04-19,100156.32673090471,-0.004508394703994338,0.024153219559264416,3,0.801449573498981,0.19855042650101892,0.0,0.0
2021-04-20,99660.27677702688,-0.0049527570555836205,0.02898635158626084,3,0.7995416423894991,0.20045835761050088,0.0,0.0
2021-04-21,100454.34908578587,0.00796779152576106,0.021249517267031615,3,0.8007270455743012,0.19927295442569884,0.0,0.0
2021-04-22,99807.08439504997,-0.006443371507819482,0.027555970240737748,3,0.7985594352689309,0.2014405647310691,0.0,0.0
2021-04-23,100625.72218943379,0.008203653652662601,0.019579788584805913,3,0.8020937176027194,0.1979062823972807,0.0,0.0
2021-04-26,100765.76342886171,0.0013917041923366459,0.018215333666327993,3,0.8026509075465124,0.1973490924534877,0.0,0.0
2021-04-27,100574.87776725476,-0.001894350373693182,0.020075177815883527,3,0.8040011343471605,0.19599886565283953,0.0,0.0
2021-04-28,100564.4338530558,-0.00010384217640438756,0.02017693534213172,3,0.8038536006546418,0.19614639934535824,0.0,0.0
2021-04-29,101021.32425225948,0.004543260292911103,0.015725344118393103,3,0.8053176524844693,0.19468234751553082,0.0,0.0
2021-04-30,100536.51843894953,-0.00479375216850948,0.020448921824358424,3,0.7985717676725171,0.20142823232748286,0.0,0.0
2021-05-03,100721.8027825907,0.0018429556395837962,0.018643652640574215,3,0.7988218401264081,0.20117815987359192,0.0,0.0
2021-05-04,100362.92927017239,-0.003563017167126707,0.022140242153284584,3,0.796732277086051,0.20326772291394907,0.0,0.0
2021-05-05,100421.58619202315,0.0005844480853369245,0.02156873389008296,3,0.7965159993851376,0.20348400061486224,0.0,0.0
2021-05-06,101093.9850388393,0.006695760068262729,0.015017392888924563,3,0.7975366640099066,0.20246333599009328,0.0,0.0
2021-05-07,101582.63451024517,0.0048360909305733,0.01025636551302378,3,0.8019441637077016,0.19805583629229845,0.0,0.0
2021-05-10,100572.19772106656,-0.009946944121405975,0.020101290139783012,3,0.8019801934152008,0.19801980658479926,0.0,0.0
2021-05-11,99739.64341747253,-0.008278175504358509,0.028213063636500335,3,0.8014573061442066,0.19854269385579337,0.0,0.0
2021-05-12,97833.2803906145,-0.019113393246040663,0.046787209502581084,3,0.7997153957485195,0.20028460425148045,0.0,0.0
2021-05-13,98803.4683908104,0.009916748128267603,0.037334438346575016,3,0.8013748938882205,0.19862510611177941,0.0,0.0
2021-05-14,100201.8410442066,0.014154466875117361,0.023709762839660975,3,0.8009473447619095,0.19905265523809054,0.0,0.0
2021-05-17,99955.4340948139,-0.0024591060086809227,0.02611056402807843,3,0.8008787360036477,0.19912126399635238,0.0,0.0
2021-05-18,99214.82554701035,-0.0074093875386609396,0.03332648827900231,3,0.799905562555624,0.2000944374443761,0.0,0.0
2021-05-19,98958.72767837366,-0.0025812459702944605,0.03582171038572246,3,0.7998729718387505,0.20012702816124953,0.0,0.0
2021-05-20,99973.22564959642,0.010251728119625703,0.025937216701751198,3,0.8002737921174861,0.199726207882514,0.0,0.0
2021-05-21,99971.8409580437,-1.3576835541539975e-05,0.025950708079058415,3,0.7993559914312505,0.20064400856874962,0.0,0.0
2021-05-24,100860.78561738171,0.008891950481446914,0.01728951000880896,3,0.8003877217801855,0.19961227821981453,0.0,0.0
2021-05-25,100868.18472594897,7.33596166436255e-05,0.01721741874399163,3,0.798553298978213,0.20144670102178683,0.0,0.0
2021-05-26,100993.06321995216,0.0012380364962695778,0.01600069804049853,3,0.7991487410229073,0.20085125897709272,0.0,0.0
2021-05-27,100953.84690857859,-0.0003883069799373851,0.01638279183770308,3,0.7998788862040696,0.20012111379593045,0.0,0.0
2021-05-28,101066.2617482069,0.00111364830158688,0.01528750746670382,3,0.8005394969783367,0.19946050302166327,0.0,0.0
2021-06-01,100990.4676472984,-0.000749944636295469,0.01602598731877236,3,0.8004345874998,0.19956541250019993,0.0,0.0
2021-06-02,101164.2480022392,0.0017207599785329572,0.014332804217834005,3,0.8003161107816127,0.19968388921838737,0.0,0.0
2021-06-03,100787.9483235927,-0.0037196903656928387,0.017999180989764496,3,0.8003229030760497,0.19967709692395025,0.0,0.0
2021-06-04,101801.2807124582,0.010054102754548102,0.008126043850384956,3,0.7996032901250307,0.20039670987496913,0.0,0.0
2021-06-07,101659.6572851654,-0.0013907791424232,0.009505914399451476,3,0.8003369260735951,0.19966307392640495,0.0,0.0
2021-06-08,101819.60747088713,0.0015733889921845593,0.007947481908343823,3,0.7992498603450635,0.20075013965493638,0.0,0.0
2021-06-09,101878.64560223868,0.0005798306713020819,0.007372259430811878,3,0.7975948923955555,0.2024051076044445,0.0,0.0
2021-06-10,102380.08963447942,0.004921973876630643,0.0024865716225114243,3,0.7973780004960588,0.2026219995039413,0.0,0.0
2021-06-11,102481.49446151676,0.0009904740990106893,0.0014985604082881077,3,0.7979050702220196,0.2020949297779804,0.0,0.0
2021-06-14,102343.40325190827,-0.0003478224112049,0.002844015725011806,0,0.0,0.0,0.0,1.0
2021-06-15,102331.5541530031,-0.0001157778472151,0.0029594642982088137,0,0.0,0.0,0.0,1.0
2021-06-16,102236.61571875497,-0.0009277532725261,0.0038844719180473053,0,0.0,0.0,0.0,1.0
2021-06-17,102236.61571875497,0.0,0.0038844719180473053,0,0.0,0.0,0.0,1.0
2021-06-18,102153.57839877157,-0.0008122072449252,0.004693524166737961,0,0.0,0.0,0.0,1.0
2021-06-21,102177.29740272573,0.0002321896533235,0.0044624243011636144,0,0.0,0.0,0.0,1.0
2021-06-22,102236.61571875498,0.0005805430123626,0.0038844719180471943,0,0.0,0.0,0.0,1.0
2021-06-23,102165.44830382058,-0.0006961049564687,0.0045778728743604,0,0.0,0.0,0.0,1.0
2021-06-24,102177.29740272574,0.0001159795126619,0.004462424301163503,0,0.0,0.0,0.0,1.0
2021-06-25,102165.44830382058,-0.0001159660629745,0.0045778728743604,0,0.0,0.0,0.0,1.0
2021-06-28,102201.04761589566,0.0003484476666633,0.004231020356818438,0,0.0,0.0,0.0,1.0
2021-06-29,102189.15690470286,-0.0001163462750156,0.004346874368375997,0,0.0,0.0,0.0,1.0
2021-06-30,102212.91752094467,0.0002325160218707,0.004115369064440877,0,0.0,0.0,0.0,1.0
2021-07-01,102192.71475529598,-0.000197653742195,0.004312209388539823,0,0.0,0.0,0.0,1.0
2021-07-02,102240.21518163578,0.0004648122564661,0.0038494014998500248,0,0.0,0.0,0.0,1.0
2021-07-06,102275.79368756703,0.0003479893490838,0.0035027517014885046,0,0.0,0.0,0.0,1.0
2021-07-07,102287.69480183176,0.00011636296171,0.003386796330340558,0,0.0,0.0,0.0,1.0
2021-07-08,102335.1224066682,0.0004636687230885,0.002924697958781808,0,0.0,0.0,0.0,1.0
2021-07-09,102299.54390073697,-0.0003476666182101,0.003271347757143217,0,0.0,0.0,0.0,1.0
2021-07-12,102275.79368756707,-0.0002321634316663,0.0035027517014880605,0,0.0,0.0,0.0,1.0
2021-07-13,101738.48514382509,-0.00425778380760306,0.008737875928064964,3,0.8006820436492784,0.19931795635072158,0.0,0.0
2021-07-14,102090.41692021221,0.003459180426066015,0.005308921391374843,3,0.7991123373849961,0.20088766261500404,0.0,0.0
2021-07-15,102037.99886285976,-0.0005134473825630076,0.005819642922145207,3,0.7967921410006072,0.2032078589993928,0.0,0.0
2021-07-16,101361.19100454463,-0.006632900153449457,0.012413941965163322,3,0.7958210682335372,0.20417893176646282,0.0,0.0
2021-07-19,100623.77349829447,-0.007275146423813259,0.019598775143483183,3,0.7898145425980828,0.21018545740191721,0.0,0.0
2021-07-20,100666.43792763606,0.0009643346013610753,0.01918308551736314,4,0.25333827921063373,0.24735150599040584,0.24943518588839816,0.24987502891056235
2021-07-21,100455.37694744192,-0.002096637017650788,0.02123950256780549,4,0.25592593890092447,0.2447315490518166,0.24902959708459968,0.2503129149626593
2021-07-22,100793.46538760113,0.003365558424374884,0.01794542693022738,4,0.25560168163940433,0.24621638798163323,0.24867961637960576,0.24950231399935657
2021-07-23,100816.86211626895,0.00023212545156432593,0.017717467068992798,4,0.25817136863917983,0.24451269206796897,0.24784261985850686,0.24947331943434425
2021-07-26,100742.57887353984,-0.0007368136755084184,0.01844122627246947,4,0.258995959891051,0.24396792694506075,0.24743680263848195,0.2495993105254063
2021-07-27,100535.85850900083,-0.0015117800170477203,0.020455351677935996,3,0.7975597137498446,0.2024402862501555,0.0,0.0
2021-07-28,100504.33958300036,-0.0003135092937775059,0.020762448028854963,3,0.7974827026042371,0.2025172973957629,0.0,0.0
2021-07-29,100723.87244128351,0.002184312231631224,0.018623487466411848,3,0.799044795730511,0.20095520426948896,0.0,0.0
2021-07-30,100428.22552432318,-0.002935221907127142,0.021504045305140496,3,0.7975052143276868,0.20249478567231313,0.0,0.0
2021-08-02,100441.54728635713,0.00013264958097585823,0.021374248226763592,3,0.7957262414989504,0.20427375850104948,0.0,0.0
2021-08-03,100586.49382716365,0.0019899056532494998,0.019961999796745955,4,0.25153340546554254,0.24963608934242024,0.24932699364017985,0.24950351155185735
2021-08-04,100510.86937982713,-0.0007518350074560052,0.020698826673935966,4,0.2504844523274615,0.2503377096773478,0.24957346352877652,0.24960437446641418
2021-08-05,100431.25975859309,-0.0007920498720709726,0.021474482042987852,4,0.2522705424503525,0.24925886857492674,0.24878417568963967,0.24968641328508098
2021-08-06,99421.92003986672,-0.010050055342853635,0.03130871765285037,4,0.2552527004567059,0.24758429517251884,0.2450293379022496,0.2521336664685256
2021-08-09,98872.195557545,-0.005529208067006601,0.036664813305643196,4,0.2564630200896612,0.24806804681096906,0.24202177091692967,0.25344716218243996
2021-08-10,98594.25363528439,-0.0024600570143618,0.039372867193404604,5,0.20074265930886845,0.5987021243799814,0.20055521631115025,0.0
2021-08-11,98879.77429166935,0.0028959157948610587,0.03659097190653782,5,0.2006603736263849,0.5966068581192964,0.2027327682543188,0.0
2021-08-12,98847.44651162758,-0.00032694026936611243,0.03690594911369238,5,0.20132759236744,0.5958238813092748,0.20284852632328523,0.0
2021-08-13,100101.2380711472,0.012684106709546051,0.0246899614009215,5,0.19916772744573422,0.5976548998556387,0.2031773726986271,0.0
2021-08-16,100394.60566706122,0.0029307089659121655,0.021831611526255124,5,0.19905330359226936,0.5973524910968531,0.20359420531087752,0.0
2021-08-17,100208.34008751911,-0.00185174699043038,0.023646441123505113,5,0.19905754138100668,0.6008709841618917,0.20007147445710166,0.0
2021-08-18,100207.88879703321,-4.503522216782843e-06,0.02365083815344904,5,0.19687975488347806,0.602892090833206,0.2002281542833159,0.0
2021-08-19,100624.57925309049,0.004158260003873141,0.01959092448392752,5,0.1963680763610924,0.604817641592258,0.19881428204664964,0.0
2021-08-20,100833.05698890364,0.002071837093487846,0.01755967659448121,5,0.197521331991924,0.603968275299817,0.19851039270825913,0.0
2021-08-23,101211.5570321983,0.0037537297251268847,0.013871861149350684,5,0.19851364994405818,0.6013099935880472,0.20017635646789458,0.0
2021-08-24,100761.66065811552,-0.0044436289683513,0.018255307932100617,5,0.20121160654334347,0.5979909523568702,0.20079744109978634,0.0
2021-08-25,100163.32876232751,-0.0059380908559868535,0.024084997110982664,5,0.20283831539256567,0.5965661077026103,0.20059557690482407,0.0
2021-08-26,100231.68868242847,0.000682484507510398,0.023418950240863934,5,0.20150336816284534,0.5978104487894212,0.2006861830477335,0.0
2021-08-27,101122.28183591629,0.008885345195665178,0.01474169050220897,5,0.20151446971515496,0.5965771502860201,0.2019083799988248,0.0
2021-08-30,101268.52835137142,0.0014462343293680743,0.01331677611171822,5,0.2021083678923144,0.5972699448652624,0.2006216872424232,0.0
2021-08-31,100865.31961569596,-0.00397886069442914,0.017245334190846173,5,0.20050144936840497,0.598296464617327,0.2012020860142679,0.0
2021-09-01,100978.37256142417,0.0011208306894674599,0.01614383260119001,5,0.20038344372749212,0.5986278939941102,0.20098866227839782,0.0
2021-09-02,101250.66844691175,0.0026965762923335866,0.013490789385116053,5,0.20045938423247106,0.599624009610945,0.19991660615658385,0.0
2021-09-03,100910.08485051099,-0.0033637663990271484,0.016809175920113217,5,0.20108715056195015,0.596176331855051,0.2027365175829989,0.0
2021-09-07,99929.37519467347,-0.009718648609703824,0.02636446205563081,5,0.2023345633281193,0.5969485571639499,0.20071687950793082,0.0
2021-09-08,100262.74319762838,0.00333909773045132,0.023116378754217903,5,0.19909153525275577,0.6020732754572057,0.19883518929003863,0.0
2021-09-09,100995.94417032864,0.0073127958533414925,0.015972628259574462,5,0.19680021920464216,0.6049349166519393,0.19826486414341862,0.0
2021-09-10,100199.26555252206,-0.00788822387226755,0.023734856464301957,5,0.19680096422051208,0.6043687074054102,0.19883032837407774,0.0
2021-09-13,100683.74656327677,0.004835175268832316,0.019014443386455193,5,0.19635518099305338,0.6051084151036973,0.1985364039032494,0.0
2021-09-14,101444.34156092271,0.007554297725382512,0.011603786427496487,5,0.19383132873647588,0.6078521237289101,0.19831654753461403,0.0
2021-09-15,101280.58067624037,-0.0016064534332757999,0.013199347459888933,5,0.201994991844487,0.5988579409415908,0.1991470672139222,0.0
2021-09-16,100513.51410240839,-0.007573678672755894,0.02067305851629364,5,0.20321392248058476,0.6006627183305782,0.1961233591888371,0.0
2021-09-17,99993.28808724477,-0.005175682293164883,0.02574174362655013,5,0.20228128840197865,0.6008874803354028,0.19683123126261853,0.0
2021-09-20,100541.78169966019,0.005485304292992853,0.020397640630381297,5,0.19782331967536496,0.6050207168412696,0.19715596348336542,0.0
2021-09-21,100602.86426568085,0.0006075341513554763,0.019802498742315988,5,0.1975164385302277,0.6041332623124088,0.19835029915736346,0.0
2021-09-22,100443.9884302597,-0.0005798175119933,0.021350463584338453,0,0.0,0.0,0.0,1.0
2021-09-23,100385.7052429452,-0.0005802556053912,0.021918330463557067,0,0.0,0.0,0.0,1.0
2021-09-24,100350.77619519265,-0.0003479484222183,0.022258652437272874,0,0.0,0.0,0.0,1.0
2021-09-27,100339.08890925265,-0.0001164643302536,0.022372524428478036,0,0.0,0.0,0.0,1.0
2021-09-28,100350.77619519267,0.0001164778957738,0.022258652437272763,0,0.0,0.0,0.0,1.0
2021-09-29,100385.70524294522,0.0003480695324629,0.021918330463556956,0,0.0,0.0,0.0,1.0
2021-09-30,100409.04916634814,0.0002325423061622,0.02169088509650785,0,0.0,0.0,0.0,1.0
2021-10-01,100456.80970985301,0.0004756597527952,0.021225542824755528,0,0.0,0.0,0.0,1.0
2021-10-04,100410.18316000141,-0.000464145238001,0.02167983632813042,0,0.0,0.0,0.0,1.0
2021-10-05,100398.51630637948,-0.0001161919364627,0.021793509242427955,0,0.0,0.0,0.0,1.0
2021-10-06,100633.08434154563,0.0030886860526145245,0.019508057395474676,4,0.2502660208375206,0.25063620489628086,0.24989647931182918,0.24920129495436946
2021-10-07,100445.7617056026,-0.0018614418624719746,0.02133318614325519,4,0.2529005042987367,0.2484777647769183,0.2490426686897206,0.24957906223462445
2021-10-08,100226.67320898277,-0.002181162180460746,0.023467817184911532,4,0.2529911191857373,0.24727791867815324,0.24969347370666772,0.25003748842944185
2021-10-11,99912.59666373814,-0.003133662279598516,0.026527939251013266,4,0.2519490744844223,0.24742584200439247,0.2500055899253356,0.2506194935858496
2021-10-12,100397.77440053351,0.004856021692923027,0.021800737806561665,4,0.2501142748021376,0.25044071814389807,0.24992060299815877,0.24952440405580556
2021-10-13,100287.45452764587,-0.0003486139031747,0.02287561042110242,0,0.0,0.0,0.0,1.0
2021-10-14,100287.45452764587,0.0,0.02287561042110242,0,0.0,0.0,0.0,1.0
2021-10-15,100229.14783832665,-0.0005813956450867,0.023443706285911636,0,0.0,0.0,0.0,1.0
2021-10-18,100159.1798111436,-0.0006980806351453,0.024125421323682783,0,0.0,0.0,0.0,1.0
2021-10-19,100194.13316389936,0.0003489780249965,0.023784862540571994,0,0.0,0.0,0.0,1.0
2021-10-20,100229.14783832664,0.000349468310385,0.02344370628591186,0,0.0,0.0,0.0,1.0
2021-10-21,100112.4833582953,-0.001163977570871,0.02458039590848804,0,0.0,0.0,0.0,1.0
2021-10-22,100089.1811231248,-0.0002327605348387,0.024807435097228492,0,0.0,0.0,0.0,1.0
2021-10-25,100135.84691513733,0.0004662421201659,0.02435275924819802,0,0.0,0.0,0.0,1.0
2021-10-26,100112.48335829531,-0.0002333186122829,0.02458039590848793,0,0.0,0.0,0.0,1.0
2021-10-27,100089.18112312481,-0.0002327605348387,0.02480743509722838,0,0.0,0.0,0.0,1.0
2021-10-28,100100.81180015291,0.0001162031390165,0.024694114660041122,0,0.0,0.0,0.0,1.0
2021-10-29,100112.48335829533,0.0001165980368442,0.024580395908487707,0,0.0,0.0,0.0,1.0
2021-11-01,100066.9928983199,-0.000454393482705,0.025023620219489673,0,0.0,0.0,0.0,1.0
2021-11-02,100171.97559993023,0.0010491241774097,0.02400074892705839,0,0.0,0.0,0.0,1.0
2021-11-03,100148.66314448114,-0.0002327243254361,0.024227887694390438,0,0.0,0.0,0.0,1.0
2021-11-04,100241.94362711329,0.0009314201478414,0.023319033889287244,0,0.0,0.0,0.0,1.0
2021-11-05,100288.61963940441,0.0004656335522059,0.022864258461665177,0,0.0,0.0,0.0,1.0
2021-11-08,100171.97559993026,-0.0011630835073168,0.02400074892705817,0,0.0,0.0,0.0,1.0
2021-11-09,100230.31295008522,0.0005823719638708,0.02343235432647417,0,0.0,0.0,0.0,1.0
2021-11-10,100032.019105007,-0.0019783819808781,0.02536437815978332,0,0.0,0.0,0.0,1.0
2021-11-11,99962.0817386597,-0.0006991498019637,0.02604579446177968,0,0.0,0.0,0.0,1.0
2021-11-12,100043.7111037066,0.0008166032922394,0.025250460251046603,0,0.0,0.0,0.0,1.0
2021-11-15,100032.01910500701,-0.0001168689023088,0.025364378159783096,0,0.0,0.0,0.0,1.0
2021-11-16,100032.01910500701,0.0,0.025364378159783096,0,0.0,0.0,0.0,1.0
2021-11-17,99896.18398536844,-0.00035827467838489975,0.02668785185831668,3,0.7983427046101447,0.20165729538985527,0.0,0.0
2021-11-18,100242.8017924482,0.003469780258378324,0.023310672581454916,3,0.7982843231572463,0.2017156768427538,0.0,0.0
2021-11-19,100313.20251161586,0.0007023019898568934,0.02262474172333684,3,0.7962976093302222,0.2037023906697777,0.0,0.0
2021-11-22,99848.67548354855,-0.004630766603364313,0.027150738428319054,3,0.7977501441989497,0.20224985580105032,0.0,0.0
2021-11-23,99662.2982914603,-0.0018665965390692828,0.02896665549300481,3,0.800301752812904,0.19969824718709595,0.0,0.0
2021-11-24,99539.39566244128,-0.0002334242208008,0.03016412487662301,0,0.0,0.0,0.0,1.0
2021-11-26,99736.96902620781,0.0019848760629062,0.028239120863142952,0,0.0,0.0,0.0,1.0
2021-11-29,99783.42931927496,0.0004658282031304,0.02778644723894219,0,0.0,0.0,0.0,1.0
2021-11-30,99702.09834592242,-0.0008150749468863,0.028578874148820987,0,0.0,0.0,0.0,1.0
2021-12-01,99713.6981428982,0.0001163445621328,0.02846585458328732,0,0.0,0.0,0.0,1.0
2021-12-02,99585.7846661504,-0.0012828074690851,0.02971214584149906,0,0.0,0.0,0.0,1.0
2021-12-03,99643.94659813342,0.0005840384968396,0.029145460381654442,0,0.0,0.0,0.0,1.0
2021-12-06,99562.55451961684,-0.0008168291330817,0.02993848265359922,0,0.0,0.0,0.0,1.0
2021-12-07,99434.66141125704,-0.0012845502907883,0.031184575457789077,0,0.0,0.0,0.0,1.0
2021-12-08,99469.51172315441,0.0003504845433448,0.030845020626133035,0,0.0,0.0,0.0,1.0
2021-12-09,99434.66141125704,-0.000350361746968,0.031184575457789077,0,0.0,0.0,0.0,1.0
2021-12-10,99481.1420727122,0.0004674492857468,0.030731703379566433,0,0.0,0.0,0.0,1.0
2021-12-13,99539.30400469522,0.0005846528374242,0.030165017919721815,0,0.0,0.0,0.0,1.0
2021-12-14,99481.1420727122,-0.0005843112182126,0.030731703379566433,0,0.0,0.0,0.0,1.0
2021-12-15,99516.03312138561,0.0003507302785878,0.030391751639866293,0,0.0,0.0,0.0,1.0
2021-12-16,99504.94170796825,0.0008894359035482801,0.030499817904146798,5,0.19806017354600264,0.59970019334933,0.20223963310466744,0.0
2021-12-17,99928.29843750173,0.004254630194910014,0.026374953155431147,5,0.19512205463981783,0.6039262464471743,0.20095169891300788,0.0
2021-12-20,99183.83759987085,-0.007449950106940729,0.033628411177290984,5,0.1944962323451383,0.6039004142274179,0.2016033534274438,0.0
2021-12-21,99290.0136873386,0.001070497875834212,0.03259391244418963,5,0.1977386321234813,0.6009579586322976,0.201303409244221,0.0
2021-12-22,99950.27145404206,0.006649790267756201,0.02616086485819291,5,0.1983964212296278,0.5997501952927026,0.20185338347766957,0.0
2021-12-23,99599.17440354693,-0.0035108704517137594,0.029581686463086898,5,0.20195347121095283,0.5968894888857113,0.20115703990333583,0.0
2021-12-27,100075.3808139988,0.00478122849214006,0.024941894773109707,5,0.2038369639030162,0.5954892747000162,0.2006737613969676,0.0
2021-12-28,99735.96201599482,-0.003391631340727234,0.028248932401827354,5,0.20436351425014385,0.5951476571606363,0.20048882858921985,0.0
2021-12-29,99107.6718998422,-0.006299534324959541,0.03437051160747817,5,0.20592216486468434,0.5923778369578396,0.2016999981774761,0.0
2021-12-30,99687.0631244125,0.005846078446437859,0.028725365868141894,5,0.2041593487797052,0.5938737232193461,0.20196692800094862,0.0
2021-12-31,99889.684170583,0.0020387098927635,0.026751181091115628,5,0.19909003252822968,0.5999533421332061,0.20095662533856437,0.0
2022-01-03,98122.86936336177,-0.01768766036144453,0.043965675647153035,5,0.20384835537614304,0.5947236952983023,0.20142794932555472,0.0
2022-01-04,98019.10695746503,-0.0010574742317460129,0.04497665730982092,5,0.20399584379512872,0.5928775837413898,0.20312657246348154,0.0
2022-01-05,97259.85542666202,-0.007745954379409713,0.052374224553570436,5,0.20164058913143715,0.5942628524445804,0.20409655842398236,0.0
2022-01-06,97148.00159951081,-0.0011500513409209295,0.053464042847313875,5,0.20168307167634386,0.5964872395586103,0.2018296887650458,0.0
2022-01-07,96740.27233839085,-0.00419349268967902,0.05743664547504801,5,0.20004820466647105,0.5981955042650549,0.201756291068474,0.0
2022-01-10,96917.94851095664,0.001836630890848696,0.055705504501545655,5,0.1994329889955823,0.5985683363148768,0.20199867468954089,0.0
2022-01-11,97716.60943786905,0.008240588448094402,0.047923962190341896,5,0.1996046252281292,0.5976305571809416,0.2027648175909292,0.0
2022-01-12,97597.95852239226,-0.0012142348794063533,0.049080006123297326,5,0.2003875913825786,0.5960646052681315,0.20354780334928993,0.0
2022-01-13,97777.65053211211,0.001841145167791658,0.04732922437161469,5,0.19726335150444949,0.600253096302234,0.20248355219331657,0.0
2022-01-14,96842.65240168148,-0.00955978283707428,0.05643913230334485,5,0.20201300232515057,0.5966380807363584,0.20134891693849113,0.0
2022-01-18,95650.75513726538,-0.01230756526031901,0.06805206925960483,5,0.20090810615829946,0.5955703999112484,0.20352149393045202,0.0
2022-01-19,96154.77236260739,0.005269349150654401,0.06314131022230374,5,0.19777980224915911,0.5965504211246696,0.20566977662617117,0.0
2022-01-20,96248.62576475582,0.0009760659803189003,0.062226874326845705,5,0.1954000269789394,0.5996441916403271,0.20495578138073348,0.0
2022-01-21,96502.24859128363,0.00263507997659815,0.05975576714079245,5,0.19106076166167962,0.6051890107464334,0.20375022759188696,0.0
2022-01-24,96213.71565242877,-0.002980996381225399,0.06256701180823232,5,0.20144985150845707,0.5968500414554275,0.20170010703611535,0.0
2022-01-25,95946.38878832922,-0.0027784693927139785,0.06517164067364345,5,0.199544782894457,0.5975464719517041,0.2029087451538389,0.0
2022-01-26,94890.26562143861,-0.01100743008911526,0.07546169848425066,5,0.2012595280690709,0.5968901910314373,0.20185028089949175,0.0
2022-01-27,95588.96085001634,0.007363191830078353,0.06865414561593541,5,0.19880186964925436,0.6034077256843781,0.19779040466636763,0.0
2022-01-28,96024.69027045163,0.004558365490749032,0.06440873081335896,5,0.2028146807797879,0.60087981361445,0.19630550560576202,0.0
2022-01-31,97250.88652467114,0.01337476596543728,0.052461610687003724,3,0.803660104962334,0.19633989503766608,0.0,0.0
2022-02-01,97715.60699627188,0.004778573113396259,0.04793372921592187,3,0.8052425449494697,0.1947574550505304,0.0,0.0
2022-02-02,98544.42741169197,0.008481965582547268,0.03985833587482712,3,0.8062264238351432,0.19377357616485677,0.0,0.0
2022-02-03,96527.9040466782,-0.020463088760861926,0.05950579997082228,3,0.8037225915831167,0.19627740841688332,0.0,0.0
2022-02-04,96613.41477465266,0.0008858653756027688,0.058672648723061216,3,0.8067873058506904,0.1932126941493097,0.0,0.0
2022-02-07,96673.26811835713,0.00122704566144154,0.05808948343875975,5,0.1991138115321522,0.5996525948770293,0.2012335935908185,0.0
2022-02-08,96503.52591375621,-0.0017558339332555623,0.059743321885828204,5,0.20110523311790654,0.5966909919706966,0.2022037749113968,0.0
2022-02-09,96962.2444655765,0.004753386443415994,0.05527391853874897,5,0.2030832446780255,0.5949855109412248,0.20193124438074989,0.0
2022-02-10,95617.29488892267,-0.013870858539493776,0.06837808037326831,5,0.20223997039923283,0.5937658550761973,0.2039941745245699,0.0
2022-02-11,96449.50120245229,0.008703512418923533,0.06026969742605559,5,0.19654150382897737,0.5973709232231234,0.2060875729478993,0.0
2022-02-14,95899.33178420905,-0.00510384399679694,0.06563012819476866,3,0.8014749873223698,0.19852501267763023,0.0,0.0
2022-02-15,96922.73166057892,0.010671605915594065,0.05565890114345917,3,0.805801173772379,0.194198826227621,0.0,0.0
2022-02-16,97121.80020107873,0.0020538890834911074,0.053719329269425575,3,0.8050506740964292,0.19494932590357075,0.0,0.0
2022-02-17,95592.44516972154,-0.01574677392913689,0.06862019706493205,3,0.800458397609069,0.19954160239093097,0.0,0.0
2022-02-18,95297.80651306544,-0.003082237891634445,0.07149093118504146,3,0.7977343874458859,0.20226561255411413,0.0,0.0
2022-02-22,95225.04578794034,-0.00016587367881444045,0.07219985613939439,5,0.1978864413562412,0.6016625015170238,0.20045105712673505,0.0
2022-02-23,94187.21363486235,-0.010898730943004002,0.08231170027621149,5,0.19651796765219523,0.5999088069390938,0.20357322540871098,0.0
2022-02-24,94379.3134218819,0.0020395527121577443,0.08044002661559446,5,0.19906942783424622,0.5990821014206579,0.2018484707450959,0.0
2022-02-25,94771.74782887589,0.004158055327651925,0.07661644536916801,5,0.2026191772500919,0.5970376821731341,0.20034314057677383,0.0
2022-02-28,96159.62334967716,0.014644401444481899,0.06309404590792134,5,0.19918382371433968,0.6013179420101256,0.19949823427553476,0.0
2022-03-01,95153.15579088085,-0.00987174867644334,0.0729002973842584,3,0.7956706109132591,0.20432938908674095,0.0,0.0
2022-03-02,95881.33492296356,0.007652706061405326,0.06580547587052388,3,0.8041538901200492,0.19584610987995082,0.0,0.0
2022-03-03,95688.72638451839,-0.0020088220361129928,0.06768210641661121,3,0.8017608817669483,0.19823911823305174,0.0,0.0
2022-03-04,95392.90750118,-0.003091470589227687,0.07056433976443488,3,0.7977131480536579,0.20228685194634208,0.0,0.0
2022-03-07,93002.42030736747,-0.02505938079078837,0.09385542189481577,3,0.7940967740055213,0.20590322599447866,0.0,0.0
2022-03-08,92753.83906696345,-0.0020799859420801594,0.09627740771482263,5,0.19889735817496487,0.5952025730544602,0.20590006877057504,0.0
2022-03-09,92140.0291089789,-0.006617623207395488,0.10225790331457663,5,0.20559046978743703,0.5932961017645509,0.2011134284480121,0.0
2022-03-10,91326.92003239725,-0.008824710437414037,0.11018021736530248,5,0.20648430422181252,0.5899783887086737,0.20353730706951373,0.0
2022-03-11,91136.84095085865,-0.002081303973364762,0.11203220281447868,5,0.2042839965468477,0.5931876098431406,0.2025283936100117,0.0
2022-03-14,89460.27469118036,-0.018396141913480497,0.12836738442610418,5,0.2065915190275692,0.5901945904568576,0.20321389051557315,0.0
2022-03-15,90948.84419101865,0.01724308768112982,0.1138638997108321,3,0.8037333710243111,0.19626662897568886,0.0,0.0
2022-03-16,92744.8325539308,0.019747236799843974,0.09636516030153164,3,0.805646405789164,0.19435359421083598,0.0,0.0
2022-03-17,93545.27713303473,0.008630611076239445,0.08856623944515418,3,0.8087457048858794,0.19125429511412056,0.0,0.0
2022-03-18,94592.40888469102,0.01119384947854833,0.07836378711983594,3,0.8085529706041,0.19144702939589994,0.0,0.0
2022-03-21,94150.70594761445,-0.004669538943817483,0.08266740330791222,3,0.8121088367773769,0.1878911632226231,0.0,0.0
2022-03-22,93453.52938695654,-0.0067969516181086796,0.08946015943548746,5,0.20372495623759843,0.5963664296424352,0.1999086141199664,0.0
2022-03-23,94684.90538396736,0.013176345560071244,0.07746257184999716,5,0.19848601470788338,0.6015100086229515,0.20000397666916525,0.0
2022-03-24,94659.59040580061,-0.00026736023090563274,0.07770922166980654,5,0.20153191461513073,0.5969581306761627,0.20150995470870645,0.0
2022-03-25,93890.72037057868,-0.008122473717938382,0.08520050427709047,5,0.20417453841916017,0.5934973765064616,0.20232808507437822,0.0
2022-03-28,94157.68630360592,0.0028433686734275396,0.08259939204848465,5,0.20504380085286902,0.5968744714406761,0.19808172770645494,0.0
2022-03-29,95175.10137439071,0.01140718128256628,0.07268647637352454,3,0.8007623117120624,0.19923768828793761,0.0,0.0
2022-03-30,94852.43627558858,-0.0033902259534546544,0.07583027874831239,3,0.7985248680222932,0.2014751319777068,0.0,0.0
2022-03-31,93733.08206193658,-0.01180100646439665,0.08673641160300327,3,0.7956237539658687,0.20437624603413126,0.0,0.0
2022-04-01,94017.35876509834,0.003032832132564594,0.08396663644661162,3,0.795466036851397,0.20453396314860298,0.0,0.0
2022-04-04,94524.40922281583,0.005393157863372308,0.07902632390885223,3,0.7979769480401483,0.20202305195985173,0.0,0.0
2022-04-05,93141.92369152313,-0.0146237052558754,0.09249620742746967,3,0.8016174554497827,0.1983825445502174,0.0,0.0
2022-04-06,92245.75216655216,-0.009621569852250371,0.1012278185588884,3,0.8013115432037934,0.19868845679620667,0.0,0.0
2022-04-07,92480.19622213894,0.0025415160056745873,0.09894357467430093,3,0.8033079629277613,0.19669203707223876,0.0,0.0
2022-04-08,92084.5337615131,-0.0042783479792306576,0.10279860761076587,3,0.804602328247983,0.195397671752017,0.0,0.0
2022-04-11,90533.39830872812,-0.016844690301654905,0.1179116872037761,3,0.8043996208203436,0.1956003791796565,0.0,0.0
2022-04-12,90239.6414261173,-0.00324034959627216,0.1207738299908041,3,0.799626856932147,0.20037314306785306,0.0,0.0
2022-04-13,91102.88119924646,0.009566081596588862,0.1123630807066398,3,0.8011219476147814,0.19887805238521858,0.0,0.0
2022-04-14,89830.89014981355,-0.013962138548077364,0.12475639035420227,3,0.8023489754293929,0.19765102457060715,0.0,0.0
2022-04-18,89772.29690725978,-0.0006522616268865241,0.12532727817495182,3,0.8032027046538629,0.19679729534613707,0.0,0.0
2022-04-19,90803.94543352143,0.011491836143252483,0.11527568257676557,3,0.8068960122961043,0.19310398770389575,0.0,0.0
2022-04-20,91114.94555361067,0.00343188231215452,0.1122455348485929,3,0.7966726026195624,0.20332739738043776,0.0,0.0
2022-04-21,89892.422189206,-0.013417374690580902,0.12415686914076551,3,0.7954321179643346,0.20456788203566545,0.0,0.0
2022-04-22,87814.6950432017,-0.02311348493459303,0.14440065615094733,3,0.791909948163497,0.20809005183650295,0.0,0.0
2022-04-25,88400.61619694848,0.006672244929604567,0.13869188776717745,3,0.7912218982215196,0.20877810177848036,0.0,0.0
2022-04-26,86560.7549332626,-0.020812765146193662,0.15661809122559056,3,0.7846379059848267,0.21536209401517326,0.0,0.0
2022-04-27,86532.0978911648,-0.00031570551197669997,0.1568973035647494,3,0.8025027796451636,0.19749722035483636,0.0,0.0
2022-04-28,88311.6198850183,0.020564877510443468,0.1395589998838339,3,0.8061942389812287,0.1938057610187713,0.0,0.0
2022-04-29,85458.49037164179,-0.03230752099317496,0.16735771555847534,3,0.802321943779934,0.19767805622006593,0.0,0.0
2022-05-02,85578.38246425321,0.0014029278084603484,0.16618957854313232,3,0.8060206027895387,0.19397939721046129,0.0,0.0
2022-05-03,86006.50210342207,0.0050026610323896156,0.16201830763930958,3,0.8056849503345443,0.1943150496654556,0.0,0.0
2022-05-04,88196.0866129791,0.02546418990678144,0.14068466787938805,3,0.8038917962774353,0.19610820372256466,0.0,0.0
2022-05-05,85202.21650854465,-0.03394561164116169,0.16985465242085018,3,0.8025626533119699,0.19743734668803012,0.0,0.0
2022-05-06,84546.19378201567,-0.0076995969519546995,0.17624643700874998,3,0.8039625763179884,0.19603742368201152,0.0,0.0
2022-05-09,82515.71721250603,-0.024016179542568197,0.196029850476378,3,0.7973715133886264,0.20262848661137353,0.0,0.0
2022-05-10,82819.37995672005,0.003680059441669389,0.19307119253680316,3,0.7962835523939475,0.20371644760605231,0.0,0.0
2022-05-11,82085.76765200819,-0.00885429517229674,0.2002189507365243,3,0.7943243582152999,0.20567564178470019,0.0,0.0
2022-05-12,81986.20629491647,-0.0012128942682707341,0.20118900058704747,3,0.7944587019047364,0.20554129809526353,0.0,0.0
2022-05-13,83294.34656699361,0.01595561413552384,0.18844348051320226,3,0.8006771316745414,0.19932286832545876,0.0,0.0
2022-05-16,83006.57000190316,-0.003454935142074613,0.1912473556521569,3,0.8001930437836635,0.19980695621633648,0.0,0.0
2022-05-17,84172.46269700253,0.014045788123429812,0.1798877873653837,3,0.8053415283072196,0.19465847169278042,0.0,0.0
2022-05-18,81816.39106283047,-0.027985810700922844,0.2028435505581756,3,0.7898554566614047,0.2101445433385954,0.0,0.0
2022-05-19,81461.79420229048,-0.0043340564883591086,0.20629847164011628,3,0.7884351812161342,0.2115648187838658,0.0,0.0
2022-05-20,81685.43223215277,0.002745311861250553,0.20411951342001722,3,0.7866197049965534,0.21338029500344652,0.0,0.0
2022-05-23,82600.87405211925,0.011206916520497316,0.1952001472466226,3,0.7924566205321519,0.20754337946784807,0.0,0.0
2022-05-24,82439.46273277867,-0.0019541115174971776,0.19677281590816798,3,0.7879469369797991,0.21205306302020094,0.0,0.0
2022-05-25,83086.32987919908,0.00785871937765048,0.1904702363027554,3,0.8007748437771541,0.1992251562228458,0.0,0.0
2022-05-26,84340.83752162059,0.01509884531240527,0.17824727162490261,3,0.8046263102003274,0.19537368979967254,0.0,0.0
2022-05-27,86047.03350888127,0.02022977287631639,0.16162340056938118,3,0.8080328641062814,0.19196713589371864,0.0,0.0
2022-05-31,85307.36764954746,-0.0085960646075901,0.16883013998357843,3,0.8104659699771378,0.1895340300228622,0.0,0.0
2022-06-01,84729.65263511789,-0.00677215849401065,0.17445895401105427,3,0.8093918097881939,0.19060819021180617,0.0,0.0
2022-06-02,86028.4441665608,0.0153381898945325,0.16180452092838438,3,0.8029196030627107,0.19708039693728932,0.0,0.0
2022-06-03,84858.3696647733,-0.01360101897835219,0.17320483354680638,3,0.8006316766514215,0.19936832334857849,0.0,0.0
2022-06-06,84753.20460407977,-0.0012393009800796893,0.1742294816069171,3,0.8040659732390925,0.19593402676090754,0.0,0.0
2022-06-07,85586.22886560483,0.009828823174492286,0.16611312919892263,3,0.8038774997990961,0.19612250020090394,0.0,0.0
2022-06-08,84689.49101689011,-0.01047759505939742,0.17485025815652444,3,0.8035569899522069,0.19644301004779302,0.0,0.0
2022-06-09,83134.27378260676,-0.01836026532672014,0.19000310751210148,3,0.7955807027359368,0.20441929726406316,0.0,0.0
2022-06-10,81111.10400529239,-0.024336169491356707,0.20971532917515923,3,0.7917813257803937,0.20821867421960635,0.0,0.0
2022-06-13,78142.75277262526,-0.036596114293715586,0.23863667731323646,3,0.7906537247299829,0.20934627527001706,0.0,0.0
2022-06-14,77750.24053925139,-0.005023015179871914,0.2424610168404897,3,0.7922507388602763,0.2077492611397237,0.0,0.0
2022-06-15,78929.72807954285,0.015170210820068123,0.23096899076153987,3,0.7915374187920606,0.20846258120793926,0.0,0.0
2022-06-16,76964.60412298738,-0.024888881282491237,0.2501156582638724,3,0.793266667286213,0.2067333327137871,0.0,0.0
2022-06-17,77147.495911506,0.0023763103910253787,0.24833370031053748,3,0.7930922218849481,0.20690777811505195,0.0,0.0
2022-06-21,78417.15257764944,0.016457522712076428,0.2359631351114957,3,0.7998929457682591,0.2001070542317409,0.0,0.0
2022-06-22,78734.95917914646,0.004052768954883043,0.23286667022508944,3,0.7952199537803494,0.2047800462196506,0.0,0.0
2022-06-23,79481.16384512145,0.009477424942548643,0.2255962216712203,3,0.7954760251561225,0.2045239748438775,0.0,0.0
2022-06-24,81282.35796032057,0.02266652561499856,0.20804676138611677,3,0.8071400384423667,0.1928599615576332,0.0,0.0
2022-06-27,80898.05846752334,-0.004727956993875991,0.2117910822394441,3,0.8078764882401542,0.1921235117598457,0.0,0.0
2022-06-28,79635.07820850986,-0.01561199715961668,0.22409659762470646,3,0.8039201122627679,0.19607988773723206,0.0,0.0
2022-06-29,79826.65811978551,0.002405722648680515,0.222229989236424,3,0.8013376092088975,0.1986623907911026,0.0,0.0
2022-06-30,79446.23182454988,-0.0047656547849564655,0.22593657260981503,3,0.798633289541876,0.20136671045812404,0.0,0.0
2022-07-01,80281.46651306245,0.01051458818118892,0.21779868348886833,3,0.8000491106839676,0.1999508893160325,0.0,0.0
2022-07-05,80528.89516368252,0.003082014584023758,0.21538792762373837,3,0.7990972858778417,0.2009027141221584,0.0,0.0
2022-07-06,80474.56884847838,-0.0006746189065890835,0.21591724176210148,3,0.8023372122527095,0.1976627877472905,0.0,0.0
2022-07-07,81301.64044222239,0.010277428081674558,0.20785888760423032,3,0.8060697951959609,0.19393020480403916,0.0,0.0
2022-07-08,81073.08711880518,-0.0028111772674455178,0.21008573669200636,3,0.8076771880225061,0.19232281197749387,0.0,0.0
2022-07-11,80611.17030308164,-0.00568990228761406,0.2145863014807523,3,0.7953867953431428,0.20461320465685717,0.0,0.0
2022-07-12,80141.80953929885,-0.005822527597826696,0.21915939441609178,3,0.7929655759716909,0.20703442402830904,0.0,0.0
2022-07-13,79998.3105271916,-0.0017905636637375647,0.22055753923162114,3,0.7902159558597414,0.2097840441402587,0.0,0.0
2022-07-14,79707.87764144185,-0.0036304877420007984,0.22338729553103576,3,0.791169391394655,0.208830608605345,0.0,0.0
2022-07-15,81006.38487958205,0.016290826911505532,0.2107356323852556,3,0.7933603526949892,0.2066396473050109,0.0,0.0
2022-07-18,80301.95954747425,-0.008689341623190941,0.21759901500755552,3,0.8003489656539334,0.1996510343460666,0.0,0.0
2022-07-19,81951.99143189914,0.02054784084626723,0.20152236408996815,3,0.8054240703648233,0.19457592963517656,0.0,0.0
2022-07-20,82414.48842098998,0.00564351129252504,0.1970161465348812,3,0.8060082160332419,0.19399178396675812,0.0,0.0
2022-07-21,83367.13342356928,0.011559193302432358,0.18773430095394583,3,0.8049118554695095,0.19508814453049064,0.0,0.0
2022-07-22,83017.95700817293,-0.0041884181578160035,0.19113640935680143,3,0.8007979226835538,0.19920207731644618,0.0,0.0
2022-07-25,82936.118371712,-0.0009849972553520401,0.19193378254841842,3,0.8017616973452887,0.1982383026547113,0.0,0.0
2022-07-26,82162.01767735108,-0.009333698146945709,0.1994760287048557,3,0.7997404664905302,0.20025953350946982,0.0,0.0
2022-07-27,83775.79382411108,0.01964138895781842,0.1837526260145903,3,0.8047014870021996,0.1952985129978005,0.0,0.0
2022-07-28,84751.57150448085,0.01164748951729939,0.17424539328257216,3,0.805413199327896,0.19458680067210407,0.0,0.0
2022-07-29,85701.89487816024,0.011213047225078812,0.1649861678811232,3,0.8080938987893356,0.19190610121066445,0.0,0.0
2022-08-01,85910.98439115746,0.0024478440498450797,0.16294895930187425,3,0.7956833595238795,0.20431664047612036,0.0,0.0
2022-08-02,85088.59262020944,-0.009572603279734537,0.17096171683936634,3,0.7980736776450039,0.20192632235499605,0.0,0.0
2022-08-03,86422.50254091894,0.015676718578051613,0.1579651169838261,3,0.7980601507338833,0.20193984926611688,0.0,0.0
2022-08-04,86370.04802068991,-0.0006069544237532782,0.15847619378102729,3,0.7980052890733718,0.2019947109266283,0.0,0.0
2022-08-05,85838.27073395521,-0.006156964120331439,0.16365742566232222,3,0.8015918061170775,0.19840819388292258,0.0,0.0
2022-08-08,86035.53289656175,0.0022996632274185406,0.1617354537553497,3,0.7972380502057127,0.20276194979428727,0.0,0.0
2022-08-09,85695.34893046976,-0.003953993828352198,0.16504994659772743,3,0.7972243891493,0.20277561085069987,0.0,0.0
2022-08-10,87016.81235558708,0.015420480126517776,0.15217461589260262,3,0.8016080761503246,0.19839192384967533,0.0,0.0
2022-08-11,86614.41436065515,-0.004624370670894825,0.15609527473290896,3,0.8053322308992213,0.19466776910077868,0.0,0.0
2022-08-12,87966.26451479312,0.0156076810553608,0.14292387893982839,3,0.8063800993406273,0.19361990065937273,0.0,0.0
2022-08-15,88240.45017864344,0.0031233411103188603,0.14025242316619346,3,0.800795307664261,0.199204692335739,0.0,0.0
2022-08-16,88451.93900416222,0.002396733301910959,0.13819183751755848,3,0.8004453809064817,0.19955461909351835,0.0,0.0
2022-08-17,87765.16801235935,-0.007764340720337968,0.1448832097266406,3,0.8009829028869795,0.1990170971130205,0.0,0.0
2022-08-18,87995.36750351335,0.0026229026431257288,0.14264032163725127,3,0.8012094674405748,0.19879053255942533,0.0,0.0
2022-08-19,86766.28554695703,-0.013967575696609634,0.15461555784400394,3,0.8016398232038132,0.19836017679618675,0.0,0.0
2022-08-22,85262.45156768944,-0.01733039687261996,0.1692677679927298,3,0.7971569375737539,0.2028430624262461,0.0,0.0
2022-08-23,85002.84212235268,-0.0030448273602672023,0.17179720422180134,3,0.7976571641333348,0.20234283586666527,0.0,0.0
2022-08-24,85094.0111665323,0.0010725411280765173,0.17090892266094126,3,0.7993533140247512,0.20064668597524887,0.0,0.0
2022-08-25,86292.2388256821,0.014081221965254643,0.15923430717151787,3,0.799381955078832,0.2006180449211681,0.0,0.0
2022-08-26,84087.7838923745,-0.025546387059916204,0.18071283298721286,3,0.7925707490766947,0.20742925092330533,0.0,0.0
2022-08-29,83503.23623167304,-0.0069442582806685405,0.1864082191033819,3,0.8002676513234408,0.19973234867655917,0.0,0.0
2022-08-30,82811.10253518939,-0.008288705057650437,0.19315184141256259,3,0.7980977473661875,0.2019022526338125,0.0,0.0
2022-08-31,82148.34171359666,-0.008003284599563197,0.19960927685437135,3,0.7984148652552926,0.20158513474470735,0.0,0.0
2022-09-01,82050.97796813342,-0.0011852186353643475,0.2005579148550164,3,0.8018706515576649,0.19812934844233504,0.0,0.0
2022-09-02,81449.17368438104,-0.007334516890049945,0.20642143633112886,3,0.7992776634829343,0.20072233651706578,0.0,0.0
2022-09-06,80799.78335807302,-0.00797223510391832,0.2127485998749722,3,0.8033862174315768,0.19661378256842318,0.0,0.0
2022-09-07,82217.19669903906,0.01754229135348809,0.1989384064455374,3,0.8037199426708403,0.19628005732915954,0.0,0.0
2022-09-08,82483.57811623078,0.0032399720239406995,0.19634298929296756,3,0.8063606472091134,0.19363935279088657,0.0,0.0
2022-09-09,83552.32470807654,0.012957083291655198,0.18592993846731387,3,0.808413042569739,0.19158695743026094,0.0,0.0
2022-09-12,84146.72492476704,0.007114107462207509,0.18013855656780453,3,0.8113295539273915,0.1886704460726085,0.0,0.0
2022-09-13,81257.85927221284,-0.03432034971542034,0.20828545789881125,3,0.7924100139101825,0.20758998608981755,0.0,0.0
2022-09-14,81561.52238275761,0.0037370306486600915,0.20532679638998919,3,0.7924720790997988,0.2075279209002012,0.0,0.0
2022-09-15,80816.73359532983,-0.009131619490040708,0.21258344970428744,3,0.790695334088747,0.20930466591125296,0.0,0.0
2022-09-16,80188.22009845618,-0.007777021773990324,0.21870720536113752,3,0.7908132123928389,0.20918678760716106,0.0,0.0
2022-09-19,80719.17507358354,0.0066213587790755766,0.21353398545632696,3,0.7917038989541655,0.2082961010458345,0.0,0.0
2022-09-20,79816.32050151663,-0.011176927929343399,0.22233071109628422,3,0.7997558891944534,0.20024411080554652,0.0,0.0
2022-09-21,78970.57559049348,-0.010596140058937938,0.23057100380104278,3,0.7942207853243988,0.20577921467560123,0.0,0.0
2022-09-22,78028.56010759801,-0.011928689589149572,0.23974928345759106,3,0.797057283888852,0.202942716111148,0.0,0.0
2022-09-23,77051.20197981429,-0.012525646076718343,0.24927191486257283,3,0.7936436147207153,0.2063563852792847,0.0,0.0
2022-09-26,76142.40714551903,-0.011794687311086231,0.25812651788241936,3,0.7951713130273473,0.2048286869726527,0.0,0.0
2022-09-27,75585.56399936792,-0.00730838682702822,0.26355197236061734,3,0.8038325578491827,0.19616744215081727,0.0,0.0
2022-09-28,77277.50213346542,0.02238440840517701,0.24706701894075034,3,0.8017032367890112,0.1982967632109888,0.0,0.0
2022-09-29,75904.03833994456,-0.017773139084500476,0.26044900153442385,3,0.7991600402402814,0.2008399597597185,0.0,0.0
2022-09-30,74769.21596041128,-0.01495075103186011,0.2715058443878462,3,0.798744085494668,0.20125591450533206,0.0,0.0
2022-10-03,76585.03931190874,0.024285708070804077,0.2538138479933625,3,0.8003938428958609,0.19960615710413904,0.0,0.0
2022-10-04,78440.73195363951,0.024230888326767543,0.23573339567420049,3,0.8052768372543823,0.19472316274561774,0.0,0.0
2022-10-05,78147.60505365762,-0.0037369220388603097,0.23858940039147047,3,0.8064152991445803,0.19358470085541962,0.0,0.0
2022-10-06,77413.41520440971,-0.009394911702589027,0.24574278574420794,3,0.8056656234939196,0.19433437650608046,0.0,0.0
2022-10-07,75527.64859906354,-0.02435968753434804,0.2641162558040069,3,0.802747118383505,0.19725288161649496,0.0,0.0
2022-10-10,74833.12355066663,-0.009195639759471196,0.2708831776204841,3,0.8040113655364909,0.19598863446350911,0.0,0.0
2022-10-11,74519.92924792175,-0.00418124167512446,0.27393470378924134,3,0.7982713770043399,0.20172862299566008,0.0,0.0
2022-10-12,74397.46221456987,-0.0016434131726623031,0.27512792906124695,3,0.7969478650672743,0.20305213493272561,0.0,0.0
2022-10-13,75817.70436337357,0.019089927351387075,0.2612901738879767,3,0.8026575991208659,0.19734240087913424,0.0,0.0
2022-10-14,74307.42743787565,-0.019919845083406506,0.27600515918571844,3,0.8003079282854848,0.1996920717145152,0.0,0.0
2022-10-17,75763.36098208858,0.019593378406622147,0.26181965430520193,3,0.8050990777615955,0.19490092223840447,0.0,0.0
2022-10-18,76510.6437291584,0.00986852844289556,0.2545387017522367,3,0.8014900611632956,0.19850993883670442,0.0,0.0
2022-10-19,75799.58029030164,-0.009293653852578496,0.2614667610186453,3,0.8032757731057764,0.1967242268942237,0.0,0.0
2022-10-20,75034.11706269608,-0.010098515383250673,0.2689248502935405,3,0.8046658933359421,0.19533410666405795,0.0,0.0
2022-10-21,76237.2285085641,0.016034192084418676,0.25720265091500194,3,0.8112134145185836,0.1887865854814164,0.0,0.0
2022-10-24,76875.0302144355,0.008366013801246056,0.250988398041028,3,0.8143269695202483,0.18567303047975178,0.0,0.0
2022-10-25,78303.59588826851,0.01859755422729144,0.23706954479470643,3,0.7979353521337564,0.2020646478662435,0.0,0.0
2022-10-26,78060.80899382025,-0.003100584228528909,0.23943507493158023,3,0.7943866207310663,0.20561337926893375,0.0,0.0
2022-10-27,77897.7337096525,-0.0020890801193293273,0.2410239559959998,3,0.7917988057383378,0.20820119426166214,0.0,0.0
2022-10-28,79253.64171650578,0.017406257438851266,0.22781302358414546,3,0.7967674201984525,0.20323257980154752,0.0,0.0
2022-10-31,78682.70407448725,-0.007203929430281615,0.23337580406922775,3,0.7967518996621,0.20324810033790003,0.0,0.0
2022-11-01,79168.34081838629,0.00677288379498344,0.2286441304100003,5,0.19778527557041786,0.6015332309135621,0.20068149351602,0.0
2022-11-02,78457.89515235455,-0.008973860746450528,0.23556617056965823,5,0.19456760190659553,0.6043456414517759,0.20108675664162848,0.0
2022-11-03,77984.77759585742,-0.006030209650391473,0.24017586682497483,5,0.19373243178765887,0.6047308463300938,0.2015367218822473,0.0
2022-11-04,77892.35285781618,-0.001185163834411532,0.24107638290812705,5,0.19675403032591374,0.5952763401112,0.20796962956288628,0.0
2022-11-07,77512.17559991998,-0.004880803364486538,0.24478053985181725,5,0.19961034478887488,0.5922280866769455,0.2081615685341796,0.0
2022-11-08,77969.42918254518,0.006503413686633441,0.2403254100461022,3,0.7991193885912831,0.20088061140871694,0.0,0.0
2022-11-09,76737.26355964305,-0.015803188965476892,0.2523306911434149,3,0.7952228831901006,0.2047771168098994,0.0,0.0
2022-11-10,80695.31734744532,0.05157929282591544,0.21376643692495123,3,0.7977750087827422,0.20222499121725776,0.0,0.0
2022-11-11,81258.60056637018,0.006980370577137284,0.2082782352945044,3,0.7999126356933847,0.20008736430661522,0.0,0.0
2022-11-14,80665.79550200568,-0.007295290101388153,0.214054075247614,3,0.7989364225177218,0.20106357748227827,0.0,0.0
2022-11-15,81594.35445208549,0.01211737964291942,0.20500690577304492,5,0.1992909274650627,0.6024085813105794,0.1983004912243579,0.0
2022-11-16,82508.05218061534,0.011198050829195503,0.19610453269503203,5,0.1955804667250272,0.6087653061871641,0.1956542270878087,0.0
2022-11-17,81811.33785579803,-0.008444197946791363,0.2028927851494836,5,0.19664251225037319,0.6074710590286775,0.1958864287209493,0.0
2022-11-18,81432.12872848548,-0.004635165947059287,0.20658750936791392,5,0.19845519567921674,0.6061028394951576,0.1954419648256257,0.0
2022-11-21,81492.43604988747,0.0007405838744936983,0.20599992087153007,5,0.19758726796812032,0.6082071041505738,0.194205627881306,0.0
2022-11-22,82551.30321478969,0.01360404904747986,0.19568312763928186,3,0.7998840950760265,0.20011590492397344,0.0,0.0
2022-11-23,83255.54724623854,0.008530986235510662,0.1888215114721835,3,0.7981160157808438,0.2018839842191561,0.0,0.0
2022-11-25,83183.69244454154,-0.0008630632321047786,0.1895216098003063,3,0.7986265311754412,0.20137346882455878,0.0,0.0
2022-11-28,82170.84578396058,-0.012176024300150136,0.1993900143741243,3,0.7955699058664937,0.20443009413350635,0.0,0.0
2022-11-29,81861.56761675907,-0.003763843054684485,0.20240338470803332,3,0.7972037917994502,0.20279620820054975,0.0,0.0
2022-11-30,84044.71868972278,0.026671686650005605,0.18113242744248503,3,0.8037629838990167,0.19623701610098337,0.0,0.0
2022-12-01,84521.86000071357,0.005677231340999648,0.17648352679543322,3,0.7986372610661969,0.20136273893380308,0.0,0.0
2022-12-02,84658.00902209865,0.0016108143074931394,0.175156994677939,3,0.7964328833733051,0.20356711662669497,0.0,0.0
2022-12-05,83203.7218230762,-0.017178377046911608,0.18932645882786914,3,0.7957760267348283,0.2042239732651718,0.0,0.0
2022-12-06,82468.14661969275,-0.008840652644692566,0.1964933420136148,3,0.7913006273628302,0.2086993726371698,0.0,0.0
2022-12-07,82743.83591029374,0.0033517076308226808,0.19380723604890837,3,0.795971315405959,0.2040286845940411,0.0,0.0
2022-12-08,83213.51482576132,0.00567630096309277,0.18923104328645446,3,0.7976789162711698,0.20232108372883023,0.0,0.0
2022-12-09,82279.68596398056,-0.011222081698340533,0.19832955875717218,3,0.8007056297901175,0.19929437020988242,0.0,0.0
2022-12-12,83281.94849407123,0.012181166205829128,0.188564277870093,3,0.802474449738312,0.19752555026168805,0.0,0.0
2022-12-13,83946.70428324783,0.0079819913102049,0.18208740498726228,3,0.8021464284198611,0.197853571580139,0.0,0.0
2022-12-14,83588.86813661213,-0.004260521384158881,0.1855738871997935,3,0.7982863554202075,0.20171364457979246,0.0,0.0
2022-12-15,82022.37804535523,-0.01874041515548144,0.20083657066713423,3,0.7936319563762557,0.20636804362374428,0.0,0.0
2022-12-16,81064.76784127842,-0.0116749870815412,0.2101667933806357,3,0.7935265935982155,0.2064734064017844,0.0,0.0
2022-12-19,80238.01358786994,-0.010198687733581433,0.21822205561655994,3,0.7949047260407992,0.2050952739592007,0.0,0.0
2022-12-20,80033.06819664311,-0.0025542181574870555,0.22021888703722692,3,0.798030726838098,0.20196927316190205,0.0,0.0
2022-12-21,81030.50394313844,0.01246478912385526,0.2105006346443542,3,0.8019657221114243,0.19803427788857578,0.0,0.0
2022-12-22,80100.33603271098,-0.011479231464241858,0.21956348060014375,3,0.7997046945341297,0.2002953054658703,0.0,0.0
2022-12-23,80233.60687175288,0.001663798750950055,0.21826499129397048,3,0.8029689186897281,0.19703108131027205,0.0,0.0
2022-12-27,79666.95767620463,-0.00706249186147147,0.22378598843078412,3,0.8054911084147003,0.19450889158529966,0.0,0.0
2022-12-28,78778.14644561247,-0.01115658557220961,0.23244588647320408,3,0.8044555101941657,0.19554448980583425,0.0,0.0
2022-12-29,80091.05772072228,0.016670462336030478,0.21965388138836783,3,0.8010464709047287,0.19895352909527134,0.0,0.0
2022-12-30,79744.7999071698,-0.004323301794313765,0.22302755316314715,3,0.8024054192897019,0.19759458071029812,0.0,0.0
2023-01-03,79776.13654170957,0.00039296147932212685,0.22272223292104565,3,0.7987136190279119,0.20128638097208804,0.0,0.0
2023-01-04,80488.04469348614,0.008923823371721701,0.21578594341686685,3,0.7977607067609788,0.20223929323902118,0.0,0.0
2023-01-05,79823.24724325271,-0.008259580075091972,0.2222632222132278,3,0.7952238515864922,0.20477614841350775,0.0,0.0
2023-01-06,81580.97007818129,0.02202506838957242,0.20513731289368276,3,0.800710064367161,0.1992899356328389,0.0,0.0
2023-01-09,81630.49241741201,0.0006070329781967183,0.2046548050294712,3,0.7997705343905508,0.20022946560944913,0.0,0.0
2023-01-10,81817.82018344775,0.0022948258731291193,0.20282962629798396,3,0.8035351792223,0.19646482077770006,0.0,0.0
2023-01-11,82910.57919343741,0.013356002488694339,0.1921826168029066,3,0.8029737741850956,0.19702622581490434,0.0,0.0
2023-01-12,83474.47033810924,0.006801196544004641,0.18668849200811966,3,0.8004530915893099,0.19954690841069006,0.0,0.0
2023-01-13,83577.0282407172,0.0012290676449712601,0.185689246105885,3,0.8021177535690637,0.19788224643093635,0.0,0.0
2023-01-17,83347.33094066716,-0.002748330550692296,0.18792724122856952,3,0.8028549232973975,0.19714507670260253,0.0,0.0
2023-01-18,82689.01801471128,-0.0078984284022785,0.19434133977116652,3,0.7964703269631477,0.20352967303685235,0.0,0.0
2023-01-19,82104.22016903477,-0.007072255297220707,0.20003916349872153,3,0.7963037742890531,0.20369622571094692,0.0,0.0
2023-01-20,83051.06804190509,0.011532268023750342,0.19081380072368526,3,0.8018905277613478,0.19810947223865208,0.0,0.0
2023-01-23,83769.90648289725,0.008657285542222361,0.1838099877725181,3,0.8026501539180315,0.19734984608196846,0.0,0.0
2023-01-24,83935.46652016634,0.0019763665046337578,0.18219689717093512,3,0.8002070865897402,0.19979291341025984,0.0,0.0
2023-01-25,84001.3013798672,0.0007843509118404818,0.18155545256152517,3,0.7998795109507871,0.20012048904921279,0.0,0.0
2023-01-26,84661.56165894974,0.007860119643822331,0.17512238049682471,3,0.8023639564836559,0.19763604351634398,0.0,0.0
2023-01-27,84775.41291142318,0.0013447809164220822,0.17401310081573318,3,0.8031274675049557,0.1968725324950443,0.0,0.0
2023-01-30,83862.25131248104,-0.010768444414536041,0.18291025025636698,3,0.7985617407517297,0.20143825924827027,0.0,0.0
2023-01-31,84981.98068281906,0.013352007045050325,0.17200046216135156,3,0.7996267593221218,0.20037324067787818,0.0,0.0
2023-02-01,85908.87857514023,0.01090699328108928,0.1629694767654004,3,0.7994059247666875,0.2005940752333125,0.0,0.0
2023-02-02,86930.89946300097,0.011896568839119622,0.15301168552529554,3,0.8015076699866965,0.19849233001330344,0.0,0.0
2023-02-03,85932.23485989486,-0.011488027954101176,0.162741910958778,3,0.8022040264475562,0.19779597355244385,0.0,0.0
2023-02-06,85384.68140335244,-0.00636973153234114,0.16807685379390924,3,0.8002081363154997,0.19979186368450033,0.0,0.0
2023-02-07,86141.36325576418,0.008862032860873713,0.16070432353450947,3,0.8035525135105781,0.1964474864894219,0.0,0.0
2023-02-08,85465.01222261443,-0.007851640693700049,0.16729417162189242,3,0.8010555478636168,0.1989444521363833,0.0,0.0
2023-02-09,84710.41976058505,-0.008829255883844766,0.17464634445661165,3,0.8011848391029072,0.19881516089709284,0.0,0.0
2023-02-10,84680.3538674733,-0.00035492555929631734,0.17493928356442257,3,0.8033397256299031,0.19666027437009692,0.0,0.0
2023-02-13,85617.83198961263,0.011074163254322422,0.1658052124869036,3,0.8005260546756784,0.19947394532432158,0.0,0.0
2023-02-14,85546.99426861126,-0.0008273711136479634,0.1664954011572477,3,0.8008203912929404,0.19917960870705964,0.0,0.0
2023-02-15,85610.5586913354,0.000743035138377239,0.1658760779523084,3,0.8028242984536268,0.1971757015463732,0.0,0.0
2023-02-16,84425.06296019885,-0.0138475411124321,0.177426643255727,3,0.8028884007428548,0.1971115992571452,0.0,0.0
2023-02-17,84385.12171421536,-0.00047309702336041263,0.17781580026229837,3,0.8012614976681564,0.1987385023318437,0.0,0.0
2023-02-21,82702.70744360126,-0.019936096636885,0.19420796042765032,3,0.7998982789883057,0.20010172101169435,0.0,0.0
2023-02-22,82763.18599538665,0.0007312765646351881,0.19361870359314148,3,0.7982120519710657,0.20178794802893427,0.0,0.0
2023-02-23,83277.80264088947,0.006217941459279942,0.18860467189822527,3,0.7974993127484423,0.2025006872515576,0.0,0.0
2023-02-24,82349.10796341048,-0.011151767314078881,0.19765316379694697,3,0.7978780005838484,0.2021219994161516,0.0,0.0
2023-02-27,82619.04231971783,0.0032779269014946042,0.19502312951822787,3,0.79797967914787,0.2020203208521299,0.0,0.0
2023-02-28,82569.61209685693,-0.0004003905103021396,0.1955047398708607,1,0.5980217797465774,0.4019782202534225,0.0,0.0
2023-03-01,82023.64614110433,-0.006612189907252682,0.20082421531031924,1,0.5996932786716944,0.4003067213283055,0.0,0.0
2023-03-02,82115.0341222751,0.0011141662858241057,0.199933800594571,1,0.6036846036484423,0.39631539635155766,0.0,0.0
2023-03-03,83698.43618345815,0.019282730356358895,0.18450633980419917,1,0.6017626726247494,0.3982373273752506,0.0,0.0
2023-03-06,83474.90990262717,-0.0026706147811536283,0.1866842092270551,1,0.6037921298414627,0.39620787015853737,0.0,0.0
2023-03-07,82537.43853012826,-0.011036534216572181,0.19581821454123105,3,0.7965278744611016,0.2034721255388984,0.0,0.0
2023-03-08,82661.25118718058,0.0015000787431406115,0.19461187853924344,3,0.7966329094493511,0.20336709055064894,0.0,0.0
2023-03-09,81487.58315249952,-0.014198527336869963,0.20604720379859442,3,0.7931973030311419,0.20680269696885809,0.0,0.0
2023-03-10,81136.08540749272,-0.004313512947721003,0.20947192946488846,3,0.7851386059016336,0.21486139409836627,0.0,0.0
2023-03-13,81084.91142228473,-0.0006307179469034385,0.20997052970650587,3,0.7845143488779586,0.21548565112204135,0.0,0.0
2023-03-14,81889.28441461637,0.00993577111606852,0.20213333339089745,3,0.8052235934835189,0.19477640651648118,0.0,0.0
2023-03-15,81784.87386261448,-0.0012750209352574873,0.20315063009436818,3,0.801208968111543,0.198791031888457,0.0,0.0
2023-03-16,82807.37337636456,0.012502305933340596,0.19318817548901823,3,0.8051994895145481,0.1948005104854518,0.0,0.0
2023-03-17,82269.87713680678,-0.006490922458255289,0.19842512848032257,3,0.8009838662977574,0.1990161337022426,0.0,0.0
2023-03-20,82759.4595284544,0.005950931357700847,0.19365501144185104,3,0.8039017161485643,0.19609828385143574,0.0,0.0
2023-03-21,83486.25751102527,0.00878598927136452,0.18657364679448174,3,0.8034454037293883,0.1965545962706117,0.0,0.0
2023-03-22,82561.62347139292,-0.011075284330600683,0.1955825749382365,3,0.7985939964423747,0.20140600355762525,0.0,0.0
2023-03-23,82739.87873320459,0.0021590571298956947,0.1938457917612445,3,0.7990279066733816,0.20097209332661833,0.0,0.0
2023-03-24,83244.02196958438,0.00609311065109721,0.18893380496859802,3,0.7994001579719094,0.20059984202809067,0.0,0.0
2023-03-27,82976.1893390001,-0.003217439814262504,0.19154336163649432,3,0.8034801859869833,0.1965198140130166,0.0,0.0
2023-03-28,82908.00504241638,-0.00061837892616566,0.19220769736514598,1,0.5990235626383583,0.40097643736164157,0.0,0.0
2023-03-29,83563.0742259654,0.007901157231004381,0.185825203372033,1,0.602966221469308,0.39703377853069194,0.0,0.0
2023-03-30,84010.74305138241,0.005357256534225167,0.18146346012279635,1,0.6032648038991596,0.39673519610084046,0.0,0.0
2023-03-31,85224.38754332378,0.014446301126024956,0.1696386347850758,1,0.6030557739867238,0.39694422601327617,0.0,0.0
2023-04-03,85579.33616909808,0.004164871535085812,0.16618028637125726,1,0.6028430374417492,0.39715696255825084,0.0,0.0
2023-04-04,85972.33415593003,0.0050947539121341,0.16235121403317088,4,0.2473527328077394,0.24996940722801472,0.2533693850742872,0.24930847488995886
2023-04-05,86152.6138050429,0.002096949569682409,0.1605947067718928,4,0.2461888453103734,0.25205421789198884,0.25263744737721794,0.24911948942041984
2023-04-06,86128.42699120803,-0.0002807438192136091,0.16083036461978173,4,0.24721861619773294,0.2527771958631817,0.2509055490031694,0.24909863893591594
2023-04-10,85563.76672713489,-0.00655602666621081,0.16633198312680875,4,0.24910551280076598,0.25034250046254697,0.2506924226141904,0.24985956412249666
2023-04-11,85746.59371343354,0.0021367337284448904,0.1645506565568302,4,0.24864115482219193,0.25032340032573863,0.25173903887446025,0.24929640597760916
2023-04-12,85765.22764199218,0.00021937681342569997,0.1643691017835629,4,0.24892631616911554,0.24968818882957422,0.251166184679418,0.25021931032189215
2023-04-13,86184.74268734138,0.0048914351058494294,0.16028166747249462,4,0.25100501365986694,0.24652022512611813,0.2533217576509627,0.24915300356305228
2023-04-14,85501.25409112316,-0.007930505735774623,0.16694105852503904,4,0.2523934490201645,0.2462179705065152,0.2508245152818609,0.25056406519145946
2023-04-17,85201.40963770445,-0.0035069012332749725,0.1698625139542883,4,0.25419054073687125,0.24414534637611612,0.2505861852823762,0.2510779276046363
2023-04-18,85367.2816911431,0.0019468228770389753,0.1682463833053669,4,0.25386211682698506,0.24453918584897236,0.2510698667295396,0.2505288305945029
2023-04-19,85203.36558998212,-0.00156522348300076,0.16984345664862266,5,0.20027967744748315,0.6003639893809273,0.19935633317158968,0.0
2023-04-20,85614.45982393852,0.004824859101630876,0.16583806829465542,5,0.1982303164018412,0.60258925103648,0.19918043256167894,0.0
2023-04-21,85169.10978520452,-0.005201808662343323,0.17017721905679728,5,0.19942167103659886,0.6023361085441498,0.19824222041925132,0.0
2023-04-24,85734.45718037925,0.006637939466556899,0.16466890566892634,5,0.19831333883207486,0.6041531317492853,0.1975335294186399,0.0
2023-04-25,86312.35600906055,0.006740566718296689,0.15903830069572,5,0.19385859913441875,0.6089324531443029,0.1972089477212782,0.0
2023-04-26,85690.21502441962,-0.00680463988485078,0.16509996745865185,1,0.6015519789462848,0.3984480210537152,0.0,0.0
2023-04-27,86377.61042627676,0.008021865759833264,0.15840251147472473,1,0.6086452498411894,0.39135475015881066,0.0,0.0
2023-04-28,87371.63713676005,0.011507920925083898,0.14871747412602676,1,0.6068565278280504,0.3931434721719496,0.0,0.0
2023-05-01,86327.63659375957,-0.011948963956876921,0.15888941834481407,1,0.613575264356587,0.3864247356434129,0.0,0.0
2023-05-02,86563.60780204121,0.002733437605758506,0.1565902950503164,1,0.6050253218480878,0.3949746781519123,0.0,0.0
2023-05-03,86846.30620182812,0.0036723007912737803,0.15383589767700812,5,0.19790050072538373,0.6011416617322786,0.20095783754233776,0.0
2023-05-04,86331.57118898402,-0.005926964949411594,0.1588510826529268,5,0.19767030918498452,0.5987519278906756,0.20357776292433996,0.0
2023-05-05,86200.57794528076,-0.0015173272291836213,0.1601273808090159,5,0.20163569625159444,0.5976675929930177,0.20069671075538775,0.0
2023-05-08,85504.38987174498,-0.008076373617561115,0.1669105058727619,5,0.2033315887590765,0.5940893604708889,0.20257905077003466,0.0
2023-05-09,85369.16984874672,-0.0015814395401344294,0.16822798653924542,5,0.202760579004611,0.5929017144517564,0.20433770654363256,0.0
2023-05-10,85921.01168039435,0.006471325993109159,0.1628512610511721,5,0.19964253725480915,0.6019272578566881,0.1984302048885029,0.0
2023-05-11,86291.52120125241,0.004312210873822833,0.15924129915606977,5,0.1984386304774714,0.6056789289739353,0.19588244054859344,0.0
2023-05-12,85802.76665015108,-0.005663992757312046,0.16400335034829683,5,0.19930752975951935,0.60403111589677,0.19666135434371063,0.0
2023-05-15,85361.08755916083,-0.005147608966866129,0.1683067341983141,5,0.20102994695401524,0.6008678424953506,0.19810221055063415,0.0
2023-05-16,84880.94846299881,-0.005624800595813017,0.17298484297532912,5,0.2008160853707443,0.602451279778652,0.19673263485060363,0.0
2023-05-17,84879.46845799906,-1.4168925986899689e-05,0.1729992630140944,5,0.2024306400784661,0.5982589136926411,0.19931044622889277,0.0
2023-05-18,84449.30881749472,-0.005067888010127992,0.1771904101334324,5,0.20542177973878872,0.5968513531492633,0.19772686711194798,0.0
2023-05-19,84232.91967906416,-0.0025623553521107053,0.179298740689795,5,0.20564982289538122,0.5941530693913707,0.20019710771324814,0.0
2023-05-22,84022.24770817766,-0.0025010645682136514,0.18135136753054415,5,0.20624916636319085,0.5935217010449196,0.20022913259188949,0.0
2023-05-23,83991.52228514444,-0.00036568199341586343,0.18165073259437292,5,0.20400911342887856,0.5954479976993753,0.20054288887174615,0.0
2023-05-24,83484.50614287218,-0.00603199114737284,0.1865907107886331,5,0.19975594203821823,0.600653821425309,0.19959023653647281,0.0
2023-05-25,83343.97656672992,-0.0016833012810994771,0.1879599236872208,5,0.2018255508308081,0.6001705767629002,0.19800387240629164,0.0
2023-05-26,84031.79636696851,0.008252783567242935,0.181258332689484,5,0.2027659264380053,0.6000662467529482,0.19716782680904668,0.0
2023-05-30,84644.64952418506,0.0072931102715001455,0.17528715942591644,5,0.20137451591651517,0.6016734718313433,0.19695201225214143,0.0
2023-05-31,85019.69533997453,0.004430827204054999,0.17163299933636733,5,0.19937446265115583,0.6042407205698274,0.19638481677901687,0.0
2023-06-01,85515.35428377196,0.00583419630091352,0.16680367701306642,5,0.20072909969932948,0.5988605078019558,0.20041039249871465,0.0
2023-06-02,84949.62107027628,-0.006615574691047501,0.17231574952009265,5,0.2049879998321052,0.5962421734121379,0.19876982675575688,0.0
2023-06-05,84923.57232706969,-0.00030663754444567427,0.1725695485862362,5,0.20465797088678372,0.5953141892635258,0.20002783984969055,0.0
2023-06-06,85278.05338570279,0.004174118550593648,0.16911575578966398,5,0.2042510225654885,0.5963338813297266,0.1994150961047849,0.0
2023-06-07,84258.70924412453,-0.011953182572869979,0.17904746685763118,5,0.2060072053218392,0.5945892755722175,0.19940351910594337,0.0
2023-06-08,85174.09436226229,0.01087005471245368,0.17012865314356496,5,0.19904605416434543,0.6004907437244559,0.20046320211119875,0.0
2023-06-09,85088.53417007234,-0.0010045330429466492,0.1709622863328769,5,0.19960373292428543,0.600270179238678,0.20012608783703656,0.0
2023-06-12,85377.98068015791,0.003401709912019744,0.1681421405248572,5,0.20073169611333053,0.5999959663567831,0.19927233752988632,0.0
2023-06-13,84859.47184605715,-0.006073097887418927,0.1731940947338685,5,0.20328968064924544,0.5976975081645743,0.19901281118618008,0.0
2023-06-14,85295.29217312159,0.005135788823374612,0.16894779420650274,5,0.2024918154054747,0.5994025633347828,0.19810562125974246,0.0
2023-06-15,86118.1093065002,0.00964920458533972,0.160930892262242,5,0.20054443604479544,0.599974283304846,0.19948128065035853,0.0
2023-06-16,85832.18379129181,-0.003320155510971209,0.1637167321843832,5,0.20052714096972207,0.5996351308144015,0.19983772821587656,0.0
2023-06-20,85921.50201446361,0.001040614594975147,0.16284648361036091,5,0.1992793600664606,0.6031569676440981,0.1975636722894413,0.0
2023-06-21,85934.64103796365,0.0001529189224116688,0.16271846699674142,5,0.19822801549015942,0.6045242357430218,0.19724774876681872,0.0
2023-06-22,85200.9822754593,-0.008537404167200037,0.16986667784572307,5,0.2006566334229766,0.6023700792084625,0.1969732873685608,0.0
2023-06-23,85628.54029491785,0.0050212706685041205,0.16570087893557295,5,0.19749631781148033,0.6029542247929895,0.19954945739553007,0.0
2023-06-26,85644.12615570986,0.00018201712581262608,0.1655490222074888,5,0.19665359009037062,0.6034861933151955,0.19986021659443384,0.0
2023-06-27,85615.24697808891,-0.0003371997464070501,0.16583039886558948,5,0.1988766542785636,0.6021140883326,0.1990092573888364,0.0
2023-06-28,85804.36588311128,0.0022089395487087226,0.163987768643313,5,0.1985383761338225,0.603349180808899,0.19811244305727857,0.0
2023-06-29,84918.93920791334,-0.010319133136000745,0.1726146901620077,5,0.20139916480681677,0.5986372714183733,0.19996356377480984,0.0
2023-06-30,85833.3381222012,0.01076931739812178,0.16370548526530926,5,0.200204078305735,0.6006083709495856,0.1991875507446794,0.0
2023-07-03,85580.05343207189,-0.002950889429101648,0.16617329790845548,5,0.20102765485297966,0.5989711491328255,0.20000119601419494,0.0
2023-07-05,85006.95193135738,-0.006696671452412573,0.17175716138061137,5,0.20208196952259483,0.5972792330538281,0.20063879742357701,0.0
2023-07-06,84103.52592946727,-0.010627671988752481,0.18055945459649136,5,0.20265326998897915,0.5951570709808938,0.20218965903012712,0.0
2023-07-07,83886.7556635108,-0.002577421856703853,0.18267149856848375,5,0.20266398921727632,0.5931033338801769,0.20423267690254684,0.0
2023-07-10,84007.84075791234,0.00145034185032126,0.18149173785452932,5,0.20021582936802904,0.5999173067799914,0.1998668638519794,0.0
2023-07-11,84436.94760798539,0.0051079380948452985,0.17731084832137078,5,0.20046692521172355,0.5999367132257668,0.19959636156250954,0.0
2023-07-12,85365.23225801357,0.010993820552797642,0.16826635141708246,5,0.19988239049754927,0.6000182856620789,0.20009932384037185,0.0
2023-07-13,86051.3219709107,0.008037109426744862,0.1615816170695159,5,0.19986252696490558,0.6014916762310664,0.19864579680402802,0.0
2023-07-14,85681.35690482332,-0.004299353660277873,0.16518627421301235,5,0.200600501962242,0.6005317125737691,0.19886778546398887,0.0
2023-07-17,85759.49703859273,0.00126295967083305,0.16442493640789335,4,0.2505515997717618,0.24980789146341317,0.2498635715691375,0.24977693719568755
2023-07-18,86261.89435828425,0.005858212058606573,0.1595299604944871,4,0.2509432813117248,0.24948032778796983,0.2512541778873104,0.24832221301299495
2023-07-19,86564.5978634661,0.0035091219296041988,0.15658064864768306,4,0.2506218626467771,0.2514162916296762,0.25041647991790034,0.2475453658056462
2023-07-20,86020.26861657975,-0.006288127714113573,0.16188417724554116,4,0.2505345064435866,0.24993529891937732,0.2507251153773057,0.24880507925973036
2023-07-21,85963.15489308658,-0.0006639565815325325,0.16244064976214545,4,0.25070096099663686,0.2501751455684574,0.2501228306318346,0.2490010628030711
2023-07-24,85748.74395414919,-0.00214514462518552,0.16452970625295993,5,0.20132532610641254,0.5991028581510456,0.19957181574254182,0.0
2023-07-25,85794.8681615094,0.0005378995100485086,0.1640803071912934,5,0.20176638541733827,0.5976585001707211,0.2005751144119405,0.0
2023-07-26,85932.15033430995,0.0016001210298746123,0.16274273451154386,5,0.20147504276288444,0.597293208923085,0.2012317483140306,0.0
2023-07-27,84547.22489680082,-0.01611649926274652,0.1762363906135177,5,0.2034176477952449,0.5952678671387915,0.20131448506596353,0.0
2023-07-28,85109.94513874118,0.006655691450869204,0.17075367420098686,5,0.20405108785522172,0.5943693092201248,0.2015796029246534,0.0
2023-07-31,85310.53053369712,0.00236242373967736,0.16879932325521896,5,0.1999085181061568,0.6000252410329721,0.2000662408608712,0.0
2023-08-01,84246.00290505568,-0.012478267594654879,0.17917126772449843,5,0.20185526808414736,0.5976502902473567,0.2004944416684959,0.0
2023-08-02,83390.2543537034,-0.010157734751127415,0.18750902826305726,5,0.20108990311375918,0.5973234684752119,0.20158662841102887,0.0
2023-08-03,82187.37477159976,-0.014424702160057916,0.19922896853809868,5,0.20344831514245318,0.592083016385747,0.20446866847179979,0.0
2023-08-04,83034.49712197586,0.01030720780083649,0.19097525511593072,5,0.20046196713477168,0.596422655508527,0.2031153773567012,0.0
2023-08-07,83109.26403448166,0.00130048955797324,0.19024678340342172,1,0.6044509699820019,0.39554903001799796,0.0,0.0
2023-08-08,83272.57249468699,0.001964985036295906,0.1886556304497169,1,0.6006421251708015,0.39935787482919854,0.0,0.0
2023-08-09,83110.16828883249,-0.0019502724725463142,0.19023797303940626,1,0.5977925455314008,0.4022074544685993,0.0,0.0
2023-08-10,82577.7013188459,-0.006406760820602667,0.19542592466774922,1,0.6018631570461848,0.3981368429538152,0.0,0.0
2023-08-11,82473.05922799202,-0.001267195492035218,0.19644547730901862,1,0.6022754612813349,0.39772453871866514,0.0,0.0
2023-08-14,82371.84221521947,-0.0008253302030159598,0.197431658604438,5,0.2012701073349388,0.5991733103002939,0.19955658236476742,0.0
2023-08-15,81834.26588577505,-0.00652621472322858,0.20266939193045075,5,0.2002323189820886,0.5994333918937723,0.20033428912413914,0.0
2023-08-16,81235.52355950834,-0.007316523460996679,0.2085030800305624,5,0.20022792638807158,0.5991268960863892,0.20064517752553923,0.0
2023-08-17,80879.04828950918,-0.004388169785574355,0.21197630290014746,5,0.19957799701824,0.5992024063873799,0.20121959659438013,0.0
2023-08-18,81060.76353088675,0.002246752962857587,0.21020580832388625,5,0.19922645598097263,0.5999706675288815,0.20080287649014594,0.0
2023-08-21,80912.53195676756,-0.00142844658194664,0.21165006361044958,1,0.6047676603351341,0.395232339664866,0.0,0.0
2023-08-22,81025.39914565756,0.0013949284018241693,0.2105503718936036,1,0.6022893738674058,0.3977106261325942,0.0,0.0
2023-08-23,82367.37806497462,0.016562447497538584,0.19747515387614,1,0.5990754476153615,0.40092455238463853,0.0,0.0
2023-08-24,81465.76023896763,-0.010946297517152488,0.20625982960671874,1,0.5973111208148071,0.40268887918519297,0.0,0.0
2023-08-25,81915.95020157933,0.005526124856517919,0.20187352232149158,1,0.5982161830490144,0.40178381695098553,0.0,0.0
2023-08-28,82261.8856076142,0.0042248444361685,0.19850299183941256,1,0.6012645765300255,0.39873542346997454,0.0,0.0
2023-08-29,83317.51213962327,0.012832510757708387,0.1882177728599208,1,0.6022276620061379,0.39777233799386214,0.0,0.0
2023-08-30,83489.75832612225,0.0020673467327052423,0.18653953752497465,1,0.6034604702604763,0.39653952973952367,0.0,0.0
2023-08-31,83563.99737247817,0.0008891994400791242,0.1858162089372154,1,0.6020421390527861,0.3979578609472139,0.0,0.0
2023-09-01,83139.78190742542,-0.005076533894876489,0.1899494405492046,1,0.6062426609836743,0.39375733901632576,0.0,0.0
2023-09-05,82521.91233957419,-0.006935163379728325,0.1959694898880736,4,0.25065787474738443,0.2482158512114351,0.24969122802991134,0.2514350460112691
2023-09-06,82316.72244384987,-0.0024864898292706996,0.1979687035738903,4,0.24959343535241396,0.249446521497538,0.2491786469506798,0.2517813961993683
2023-09-07,82370.97613174077,0.0006590846462321871,0.19744009706061805,4,0.24866328872920093,0.249973551301342,0.2492805848362454,0.25208257513321175
2023-09-08,82477.33835462492,0.001291258497581108,0.19640378476612985,4,0.24871657874423692,0.25060723909595933,0.24904302022264768,0.25163316193715607
2023-09-11,82506.50330578702,0.00035361169193752967,0.1961196237488263,4,0.25026383911833244,0.24871343791998624,0.2494163278025892,0.25160639515909206
2023-09-12,82383.86498467636,-0.0009858791587818796,0.19731451791797883,1,0.597297478544648,0.40270252145535207,0.0,0.0
2023-09-13,82434.20976750567,0.0006111000356524477,0.19682399679126084,1,0.5976286968105423,0.4023713031894576,0.0,0.0
2023-09-14,82619.575769194,0.002248653832081661,0.19501793199380946,1,0.6014292460794282,0.39857075392057173,0.0,0.0
2023-09-15,81820.20919047487,-0.00967526849753182,0.2028063496374678,1,0.5999881236474381,0.4000118763525618,0.0,0.0
2023-09-18,82035.61230239367,0.0026326394670704227,0.20070762617062554,1,0.598763732239178,0.401236267760822,0.0,0.0
2023-09-19,81691.24594212805,-0.00419653560478158,0.2040628690686621,1,0.6012789058747253,0.39872109412527473,0.0,0.0
2023-09-20,81341.46452309685,-0.004281749102945495,0.20747087216502835,1,0.5983130166197941,0.4016869833802059,0.0,0.0
2023-09-21,79698.18546282007,-0.02020223105044018,0.22348172871975414,1,0.6005563765928752,0.39944362340712475,0.0,0.0
2023-09-22,79846.78605005852,0.001864541662718021,0.22203387805109043,1,0.5980908153755067,0.40190918462449327,0.0,0.0
2023-09-25,79257.88352030987,-0.007375406811984253,0.22777169468640535,1,0.6050685837212946,0.3949314162787054,0.0,0.0
2023-09-26,78448.64318046301,-0.01020520203656978,0.23565631472008575,1,0.5972806177132939,0.402719382286706,0.0,0.0
2023-09-27,78303.81305052558,-0.0018461776273716146,0.23706742893147226,1,0.5986241763004442,0.4013758236995559,0.0,0.0
2023-09-28,78671.5536170031,0.004696330257125982,0.2334844456138162,1,0.5992803091128458,0.40071969088715426,0.0,0.0
2023-09-29,78560.69841239371,-0.0014090887940139067,0.23456453409193923,1,0.5986695125487159,0.4013304874512841,0.0,0.0
2023-10-02,78014.19394452787,-0.0069564614229502076,0.23988925638228653,1,0.6026234992662787,0.3973765007337213,0.0,0.0
2023-10-03,76716.11661243024,-0.0166364093669522,0.25253673085181205,1,0.6019831361593612,0.39801686384063883,0.0,0.0
2023-10-04,77483.18755015991,0.009998823866501423,0.24506297727691995,1,0.6003639265223709,0.399636073477629,0.0,0.0
2023-10-05,77311.30706991233,-0.002218293873574907,0.2467376494493615,1,0.6014720035831983,0.39852799641680176,0.0,0.0
2023-10-06,77490.05248833733,0.0023120216847886434,0.2449960905605535,1,0.6072092642931974,0.3927907357068026,0.0,0.0
2023-10-09,78505.6486718066,0.013106149123103497,0.23510089673491397,1,0.603191135320815,0.3968088646791849,0.0,0.0
2023-10-10,78707.1413107015,0.0025697998583317197,0.23313770629686625,1,0.6015769275370421,0.3984230724629579,0.0,0.0
2023-10-11,79556.06147135593,0.010785808587600313,0.2248664763839361,1,0.5975956328451086,0.40240436715489136,0.0,0.0
2023-10-12,78397.75842041454,-0.014559582632913994,0.236152096972566,1,0.6027278827551455,0.3972721172448544,0.0,0.0
2023-10-13,78719.67409698026,0.004106184705427803,0.23301559639588176,1,0.5972732559445214,0.4027267440554786,0.0,0.0
2023-10-16,78704.12949397688,-0.0001974678272197419,0.2331670511395728,1,0.603676627221187,0.39632337277881297,0.0,0.0
2023-10-17,78354.72045165965,-0.0044358658485213545,0.2365714260815398,1,0.6026457177708567,0.3973542822291432,0.0,0.0
2023-10-18,77451.59351057732,-0.011526133152877531,0.24537080547723544,1,0.6015489849506582,0.3984510150493418,0.0,0.0
2023-10-19,76410.40565552058,-0.013443078545757178,0.25551534501212647,1,0.6043883441457236,0.39561165585427643,0.0,0.0
2023-10-20,76014.58109307068,-0.005180244222683224,0.25937195734500373,1,0.600070143069701,0.39992985693029903,0.0,0.0
2023-10-23,76300.7224754945,0.00376429598518048,0.2565840141775254,1,0.5967835240043872,0.4032164759956127,0.0,0.0
2023-10-24,77047.8032101903,0.00979451483100258,0.24930502987890069,1,0.5986601404244243,0.4013398595755757,0.0,0.0
2023-10-25,75697.42232438405,-0.0175265332630228,0.26246211024311206,1,0.6005943927143802,0.3994056072856198,0.0,0.0
2023-10-26,75616.76937853973,-0.0010654648912443835,0.2632479309706105,1,0.5940354756029912,0.4059645243970088,0.0,0.0
2023-10-27,75282.74012967614,-0.004417396453310995,0.26650245694731034,1,0.5939666089713451,0.40603339102865493,0.0,0.0
2023-10-30,75679.66471977315,0.005272451419984248,0.2626351267848873,1,0.5979153817043503,0.40208461829564984,0.0,0.0
2023-10-31,75816.90774882276,0.0018155614087466596,0.26129793549196145,1,0.6026740460144,0.39732595398559994,0.0,0.0
2023-11-01,76957.35880161995,0.015042173133404968,0.2501862511436279,1,0.6000749934340422,0.39992500656595775,0.0,0.0
2023-11-02,78543.9954933799,0.020617088689984443,0.23472727458248632,1,0.5992208452298843,0.4007791547701156,0.0,0.0
2023-11-03,79186.77640645903,0.0081837053111629,0.22846450811499897,1,0.5997793474783154,0.4002206525216846,0.0,0.0
2023-11-06,78988.61726597253,-0.002502427166240012,0.2303952194896104,1,0.6026672211646372,0.39733277883536283,0.0,0.0
2023-11-07,79589.32268995092,0.00760764940152218,0.2245424044641795,1,0.59716465178196,0.40283534821804,0.0,0.0
2023-11-08,80170.26707506453,0.007299275398745943,0.21888212591431422,1,0.5932715267463997,0.4067284732536003,0.0,0.0
2023-11-09,79049.3171134944,-0.013982115845024897,0.22980380651839982,1,0.5969920003276402,0.4030079996723598,0.0,0.0
2023-11-10,79964.12494146805,0.01157262151499963,0.22089061747894378,1,0.599371589846005,0.40062841015399503,0.0,0.0
2023-11-13,79845.63910568856,-0.0014817374149496804,0.22204505300136368,1,0.5996889476178501,0.40031105238215,0.0,0.0
2023-11-14,81499.01833465746,0.020707512620094917,0.20593578811416569,1,0.5992318182846306,0.40076818171536954,0.0,0.0
2023-11-15,81143.9983094181,-0.0043561263987444586,0.20939483218985988,1,0.6031276595375749,0.39687234046242514,0.0,0.0
2023-11-16,81604.05108106614,0.005669584704142685,0.20491242922342756,1,0.6004610179455326,0.3995389820544674,0.0,0.0
2023-11-17,81817.79871883524,0.002619326307180009,0.20282983543278055,1,0.5996371974518694,0.4003628025481306,0.0,0.0
2023-11-20,82395.54152839252,0.007061334069163625,0.19720075059080122,1,0.6000161082587372,0.39998389174126275,0.0,0.0
2023-11-21,82228.15245361686,-0.0018319131931571803,0.19883166193741697,3,0.7997214252764001,0.20027857472359983,0.0,0.0
2023-11-22,82540.2485781447,0.003795489929119844,0.19579083557877064,3,0.7997735401640647,0.2002264598359353,0.0,0.0
2023-11-24,82386.25909245353,-0.0018656290518119746,0.19729119155964836,3,0.8017614541528634,0.19823854584713668,0.0,0.0
2023-11-27,82540.10917103391,0.001867424013119925,0.19579219385522384,3,0.7988257603415552,0.20117423965844486,0.0,0.0
2023-11-28,82638.12445547155,0.0011874867312636544,0.19483720775624846,3,0.7986682483336888,0.2013317516663111,0.0,0.0
2023-11-29,83002.2988465056,0.00460644032686674,0.19128897052941451,1,0.5968287675147464,0.4031712324852534,0.0,0.0
2023-11-30,82810.78979948148,-0.0023072740115099195,0.1931548884705333,1,0.6005643622883896,0.3994356377116104,0.0,0.0
2023-12-01,83728.00949511184,0.011076089213148548,0.1842182000340401,1,0.5974993462004184,0.4025006537995816,0.0,0.0
2023-12-04,83331.28756513692,-0.0047382223985400415,0.18808355563096013,1,0.5971923313697983,0.4028076686302016,0.0,0.0
2023-12-05,84042.68219219126,0.008536945099981458,0.1811522695196095,1,0.5920206443198981,0.40797935568010185,0.0,0.0
2023-12-06,83978.13407157967,-0.0005601768994480205,0.18178117712573172,3,0.7972228236572482,0.20277717634275186,0.0,0.0
2023-12-07,84391.27944772212,0.004919677969866528,0.17775580400830704,3,0.7993732040918834,0.20062679590811663,0.0,0.0
2023-12-08,84542.75592019035,0.0017949303939878028,0.1762799329096415,3,0.8013714466578631,0.19862855334213683,0.0,0.0
2023-12-11,84770.75511526866,0.002696850754351544,0.17405848282533454,3,0.8023247656621172,0.1976752343378828,0.0,0.0
2023-12-12,85131.13236251274,0.0042511977952070104,0.17054724206855154,3,0.8025772930817978,0.1974227069182021,0.0,0.0
2023-12-13,86616.8945934006,0.0176587854581142,0.1560711092386422,1,0.5977190451088863,0.40228095489111365,0.0,0.0
2023-12-14,87689.46346967321,0.0123829061444362,0.1456208169917662,1,0.5923029124209407,0.4076970875790592,0.0,0.0
2023-12-15,87643.64888888088,-0.0005224639196039442,0.1460671992885486,1,0.591636777536003,0.4083632224639971,0.0,0.0
2023-12-18,87650.16256684087,7.432002252944833e-05,0.14600373498356112,1,0.5949205718158833,0.4050794281841168,0.0,0.0
2023-12-19,88158.56263713013,0.0058003323142904965,0.1410502728513029,1,0.5950864731933785,0.4049135268066215,0.0,0.0
2023-12-20,87282.82378137232,-0.009730759362765259,0.14958280365381693,3,0.7966664112709956,0.20333358872900442,0.0,0.0
2023-12-21,87829.84380531825,0.00626721272579469,0.14425305817864142,3,0.7992114772550457,0.20078852274495435,0.0,0.0
2023-12-22,87890.7014881495,0.0006929043727568119,0.14366010738068014,3,0.8002631706428048,0.19973682935719506,0.0,0.0
2023-12-26,88237.60316537687,0.003946966759323748,0.14028016228982876,3,0.8004827247555245,0.19951727524447546,0.0,0.0
2023-12-27,88677.26721072267,0.004982728786521656,0.13599641150612662,3,0.7979540897283145,0.20204591027168559,0.0,0.0
2023-12-28,88575.07480582428,-0.00115036458701276,0.13699209627772901,3,0.8012239222239459,0.19877607777605408,0.0,0.0
2023-12-29,88210.81498881841,-0.004112441539613702,0.14054116583001142,3,0.8022034576012284,0.19779654239877162,0.0,0.0
2024-01-02,87714.22693251405,-0.005629559780932944,0.14537954071622217,3,0.8022302757735262,0.19776972422647376,0.0,0.0
2024-01-03,87211.91302747995,-0.005726709595475079,0.1502737039008918,3,0.800261637107777,0.1997383628922231,0.0,0.0
2024-01-04,86722.42369938431,-0.005612642941812377,0.15504291419916494,3,0.8021862658717798,0.1978137341282203,0.0,0.0
2024-01-05,86651.32427590854,-0.0008176660338090199,0.15573565269861522,3,0.8017511380427196,0.19824886195728042,0.0,0.0
2024-01-08,87812.60520180714,0.013401767781424089,0.14442101796994655,3,0.8024428279357375,0.1975571720642624,0.0,0.0
2024-01-09,87595.09901984528,-0.002476935759530077,0.14654023214563916,3,0.8032149845100321,0.1967850154899679,0.0,0.0
2024-01-10,87912.71892561259,0.003626000875863467,0.14344558627988502,3,0.8048391910614648,0.19516080893853524,0.0,0.0
2024-01-11,87977.87681583354,0.0007411656813401689,0.14281073754423534,3,0.8038887584871334,0.19611124151286655,0.0,0.0
2024-01-12,87991.71760974066,0.00016121068488744012,0.14267588341555615,3,0.8004250301212593,0.19957496987874057,0.0,0.0
2024-01-16,87423.85383854149,-0.006453604800826203,0.14820871445020967,3,0.8026666227393984,0.19733337726060166,0.0,0.0
2024-01-17,87006.49755979155,-0.004773940525668648,0.1522751153877071,3,0.8020337049576375,0.19796629504236257,0.0,0.0
2024-01-18,87466.94701318108,0.005292127212373999,0.14778884745724374,3,0.8049063721359417,0.19509362786405826,0.0,0.0
2024-01-19,88399.18300274508,0.010658151694988443,0.1387058517172821,3,0.8063462942798036,0.1936537057201964,0.0,0.0
2024-01-22,88653.37198808746,0.0028818321691116205,0.13622922831198991,3,0.7993878080941952,0.20061219190580476,0.0,0.0
2024-01-23,88719.12318120209,0.0007416660149540096,0.13558859888591834,3,0.8011249343588229,0.19887506564117718,0.0,0.0
2024-01-24,88693.48209419001,-0.0002890142067759968,0.13583842606133945,3,0.8022326312053094,0.19776736879469053,0.0,0.0
2024-01-25,89195.09647121678,0.005655594584662681,0.13095107854349852,3,0.8020597747199268,0.19794022528007305,0.0,0.0
2024-01-26,89070.39048249737,-0.0013981260590893868,0.13216611848721038,3,0.8021624149297167,0.1978375850702832,0.0,0.0
2024-01-29,89839.64708976184,0.00863868311467566,0.1246710694170835,3,0.7994294287335798,0.2005705712664201,0.0,0.0
2024-01-30,89947.4633935807,0.0012000971432038808,0.12362058966812728,3,0.797853625678632,0.20214637432136787,0.0,0.0
2024-01-31,88955.02048948352,-0.011033584124041228,0.1332901956166016,3,0.7935909931731346,0.20640900682686536,0.0,0.0
2024-02-01,90239.12576685431,0.014435444680973405,0.12077885418096779,3,0.7925369275437806,0.20746307245621942,0.0,0.0
2024-02-02,90578.48897049842,0.0037607102325093516,0.11747235822124746,3,0.7978796556476366,0.20212034435236337,0.0,0.0
2024-02-05,89948.63276341565,-0.0069516006698675005,0.12360919622124455,3,0.8026669650328506,0.19733303496714935,0.0,0.0
2024-02-06,90331.72596016414,0.004259021899266865,0.11987662859563486,3,0.8015832988830501,0.19841670111694987,0.0,0.0
2024-02-07,90848.90780259711,0.005725362124277863,0.11483760358030459,3,0.8036676640429108,0.19633233595708932,0.0,0.0
2024-02-08,90777.43429332742,-0.0007867294279970142,0.11553398688612437,3,0.8046555786429945,0.19534442135700544,0.0,0.0
2024-02-09,91163.7603710254,0.004255750128932445,0.11176992053677859,3,0.8058763957439303,0.19412360425606973,0.0,0.0
2024-02-12,91117.01795145037,9.320259383517993e-05,0.11222534298627451,5,0.19989359084667885,0.6006473931499337,0.19945901600338753,0.0
2024-02-13,89677.77606842904,-0.015795533209704036,0.12624821706386846,5,0.20030433483844814,0.5998299420701316,0.19986572309142034,0.0
2024-02-14,90104.0830349225,0.004753763810647573,0.12209460745865774,5,0.20116836547704992,0.6000301093523256,0.1988015251706244,0.0
2024-02-15,90629.19193120001,0.005827803564395449,0.11697834728280332,5,0.2013827158752937,0.5996386630864903,0.19897862103821592,0.0
2024-02-16,90289.80170867745,-0.0037448223391442718,0.12028510649384683,5,0.20113306797405112,0.5984088580761331,0.20045807394981577,0.0
2024-02-20,90346.4678769253,0.0006291953404947199,0.11973299461385412,5,0.1987738435701195,0.6001398369904901,0.20108631943939023,0.0
2024-02-21,89978.2699671408,-0.004075399054737378,0.12332043393552139,5,0.19976803123102993,0.5983120245520844,0.20191994421688567,0.0
2024-02-22,90620.81854110978,0.00714115279393155,0.11705993120293734,5,0.20245655526891856,0.5969696648486306,0.20057377988245098,0.0
2024-02-23,91460.37876794567,0.00926454031592128,0.10887989733902459,5,0.20073647496831531,0.5994077717287867,0.1998557533028982,0.0
2024-02-26,91188.927975149,-0.002967960514196,0.11152470661712877,5,0.20059662468779987,0.5993990337349318,0.2000043415772684,0.0
2024-02-27,90817.51399509968,-0.00407241767175422,0.11514348087205517,5,0.20119088294370407,0.5982047087303652,0.2006044083259306,0.0
2024-02-28,91171.23526477876,0.003894857435738189,0.11169709087896829,5,0.20014544290532832,0.5996670592344114,0.20018749786026016,0.0
2024-02-29,91716.67944131771,0.005982634489429462,0.1063826992578003,5,0.19967041664108878,0.6003077241582885,0.20002185920062276,0.0
2024-03-01,92578.60336641615,0.009397679139157216,0.09798477059222532,5,0.19966853046429467,0.598424495681665,0.20190697385404038,0.0
2024-03-04,92638.27582105836,0.0006445598925923251,0.09740336775284164,5,0.19932592864397972,0.5956334138361392,0.20504065751988096,0.0
2024-03-05,92860.99622717606,0.002750778382215175,0.09523335015792367,4,0.24682251339870911,0.252864846712452,0.2508150986647609,0.24949754122407802
2024-03-06,93311.95505310429,0.004856278138832313,0.09083955165555102,4,0.24687433514228935,0.25311946293074333,0.25165354588494854,0.24835265604201887
2024-03-07,93680.32555017795,0.003947730993997721,0.08725043077510475,4,0.2483445390698107,0.25188775965119314,0.25208872673879523,0.2476789745402009
2024-03-08,93709.80883363415,0.0003147222566001744,0.08696316817096739,4,0.24677622707691835,0.2513620544214169,0.2541395354005187,0.24772218310114597
2024-03-11,93701.46505143141,-8.903851482124492e-05,0.08704446361445062,4,0.24658598903796042,0.25125322067304706,0.254628558311734,0.24753223197725852
2024-03-12,93539.30974504957,-0.0009788212824762,0.08862438111770776,0,0.0,0.0,0.0,1.0
2024-03-13,93493.47620535814,-0.0004899922804258,0.0890709481355284,0,0.0,0.0,0.0,1.0
2024-03-14,93413.32005038715,-0.0008573448996049,0.08985192851204626,0,0.0,0.0,0.0,1.0
2024-03-15,93355.9851389182,-0.0006137766159903,0.09041055611541426,0,0.0,0.0,0.0,1.0
2024-03-18,93367.45785279262,0.0001228921087099,0.090298774750595,0,0.0,0.0,0.0,1.0
2024-03-19,93689.78358866836,0.0044566845087248,0.08715827886906546,1,0.6006573496017513,0.3993426503982487,0.0,0.0
2024-03-20,94198.2027719392,0.0054266235206923375,0.082204630514507,1,0.6029409913253783,0.3970590086746218,0.0,0.0
2024-03-21,94466.43582847083,0.002847539004337903,0.07959117240189639,1,0.6032159776704342,0.3967840223295658,0.0,0.0
2024-03-22,94716.76275429457,0.0026499033612137524,0.07715217795595342,1,0.6004811397226067,0.3995188602773933,0.0,0.0
2024-03-25,94370.38115313403,-0.0036570253362552614,0.0805270558226765,1,0.6010200921753763,0.39897990782462367,0.0,0.0
2024-03-26,94427.22080542026,0.0011028553666065,0.07997325364666508,4,0.24926332553866962,0.2504189442538922,0.25053218955155443,0.24978554065588365
2024-03-27,95056.81242575782,0.006667480149976208,0.07383899357790713,4,0.24969324597994874,0.2512275124857315,0.25067483849001015,0.24840440304430964
2024-03-28,95325.06190750175,0.0028219911324444354,0.07122537543056806,4,0.24894302980768518,0.2503088710620922,0.25319403879294605,0.24755406033727656
2024-04-01,95036.1507063874,-0.0030308000365600386,0.07404030559666908,4,0.24926541928109516,0.24638961969982684,0.2565562342849698,0.24778872673410815
2024-04-02,95128.2562096051,0.0009691628136565358,0.07314289989390854,4,0.24744076055998773,0.24479466506778877,0.2600941019323893,0.24767047243983417
2024-04-03,95134.3485191422,0.00057209817724744,0.07308354108112791,1,0.600315609175902,0.39968439082409807,0.0,0.0
2024-04-04,94709.97976903484,-0.004460731131427015,0.0772182661856593,1,0.5956451516441262,0.4043548483558738,0.0,0.0
2024-04-05,94766.27579323931,0.0005944043525483382,0.07666976070662801,1,0.601510230823131,0.3984897691768691,0.0,0.0
2024-04-08,94794.02295338467,0.00029279572203402425,0.07639941356253821,1,0.6016704974529341,0.39832950254706584,0.0,0.0
2024-04-09,95211.23503034678,0.004401248770371168,0.0723344176171663,1,0.5997269577181359,0.40027304228186417,0.0,0.0
2024-04-10,93809.19519092546,-0.014725302377295661,0.08599482338489084,1,0.6028694639182197,0.39713053608178034,0.0,0.0
2024-04-11,94066.70361499983,0.0027450232735744665,0.08348585790291485,1,0.6057564588613638,0.3942435411386362,0.0,0.0
2024-04-12,93478.40214184896,-0.006254088328200473,0.089217818301635,1,0.6011548971492865,0.39884510285071345,0.0,0.0
2024-04-15,92196.28461883629,-0.013715655099314886,0.10170979257641144,1,0.601878726285831,0.39812127371416917,0.0,0.0
2024-04-16,91851.45899096837,-0.0037401249876121948,0.10506951022732369,1,0.6030363840368462,0.3969636159631538,0.0,0.0
2024-04-17,91932.76782230628,0.0008882599826989204,0.10427729905233041,1,0.5959197254726445,0.4040802745273554,0.0,0.0
2024-04-18,91632.81204900114,-0.003262773224503899,0.10719983909756281,1,0.5966402370229048,0.40335976297709525,0.0,0.0
2024-04-19,91288.75500280797,-0.003754736305693397,0.11055206827543207,1,0.5936616041261256,0.40633839587387444,0.0,0.0
2024-04-22,91725.4241525855,0.004783383777816896,0.10629749746760797,1,0.596276419094747,0.4037235809052531,0.0,0.0
2024-04-23,92386.93651174943,0.007211875717941668,0.0998522260905309,1,0.5990320708570125,0.4009679291429875,0.0,0.0
2024-04-24,91914.84353854094,-0.00471280224411076,0.1044519395885305,5,0.20085165604636207,0.5985751000642332,0.20057324388940467,0.0
2024-04-25,91568.80034852546,-0.003764823794432951,0.10782352023542596,5,0.2008447862482846,0.5966233609916499,0.20253185276006552,0.0
2024-04-26,92089.43600981249,0.005685732032148534,0.1027508438460989,5,0.20160131700627887,0.5963589802896581,0.2020397027040631,0.0
2024-04-29,92577.94985173085,0.005304776129439209,0.09799113794037428,5,0.20124769942951995,0.5981869388978721,0.20056536167260802,0.0
2024-04-30,91439.61612446827,-0.012295948755461673,0.10908219268523178,5,0.2005253505099139,0.6004609125354051,0.1990137369546809,0.0
2024-05-01,91950.279279077,0.00558569538574376,0.10410668078718133,5,0.198243243558437,0.6010653271669296,0.20069142927463332,0.0
2024-05-02,92300.95878134952,0.0038137948576336643,0.10068992745337924,5,0.19933725804769878,0.6013509987697465,0.19931174318255457,0.0
2024-05-03,93076.01539768894,0.00839705921338753,0.09313836752300952,5,0.20012763854212065,0.6023779667572801,0.19749439470059935,0.0
2024-05-06,93680.14714444068,0.006490734956480853,0.0872521690243998,5,0.2008903894744036,0.600824911905907,0.19828469861968942,0.0
2024-05-07,93958.69293289194,0.002973370526647176,0.08453823152551565,5,0.20051586087271495,0.6026967367103073,0.1967874024169778,0.0
2024-05-08,93563.24433415107,-0.0042055503795145515,0.08839118075505248,5,0.2008640645367054,0.5988819696954613,0.20025396576783325,0.0
2024-05-09,94240.51996161252,0.0072386932740664,0.08179232412660453,5,0.20056954259892062,0.5974786301483929,0.2019518272526865,0.0
2024-05-10,94102.41520265045,-0.001465449883110995,0.08313791145788485,5,0.20112266938299025,0.5949883774092535,0.20388895320775624,0.0
2024-05-13,94032.93561114445,-0.0007383401515930312,0.08381486755132894,5,0.20129829616919817,0.5969477728216113,0.2017539310091906,0.0
2024-05-14,94597.16718342055,0.006000361135266124,0.07831742588987523,5,0.2010156943681225,0.596736682532799,0.20224762309907854,0.0
2024-05-15,95735.11280179839,0.012635936705872321,0.06723015258167786,3,0.7998002765098429,0.20019972349015716,0.0,0.0
2024-05-16,95558.84507903321,-0.001841202434576969,0.0689475706956445,3,0.7996269456082306,0.2003730543917695,0.0,0.0
2024-05-17,95539.66440617619,-0.00020072106188771986,0.06913445252792749,3,0.8009372090079018,0.19906279099209823,0.0,0.0
2024-05-20,95571.62518003899,0.0003345288479025723,0.06882305114877951,3,0.801591681522969,0.198408318477031,0.0,0.0
2024-05-21,95857.32950697743,0.0029894262695674256,0.06603936631626817,3,0.8011627313134254,0.19883726868657448,0.0,0.0
2024-05-22,95659.42774137291,-0.00206338461837418,0.06796757002652976,3,0.79934574625691,0.20065425374309004,0.0,0.0
2024-05-23,94977.42984745083,-0.007129437317625945,0.0746124368140203,3,0.7992051724608602,0.2007948275391398,0.0,0.0
2024-05-24,95536.17217557595,0.005882895852441508,0.0691684781566525,3,0.7997879598166915,0.20021204018330857,0.0,0.0
2024-05-28,95315.35745589634,-0.002311320567395048,0.0713199281978687,3,0.8022009564559465,0.1977990435440535,0.0,0.0
2024-05-29,94551.77719129065,-0.008011093752221633,0.07875967131889539,3,0.8030166711318915,0.19698332886810857,0.0,0.0
2024-05-30,94953.2343211237,0.00485183965153334,0.07484817954978207,5,0.19771399587926228,0.6028741663695746,0.19941183775116303,0.0
2024-05-31,95401.87212216567,0.004724829061901223,0.07047699534184793,5,0.19857656479811694,0.6041132401697251,0.1973101950321578,0.0
2024-06-03,96517.37305814975,0.011692652472853322,0.05960840588285776,5,0.19644152988080302,0.606789457756243,0.19676901236295385,0.0
2024-06-04,97052.21058046176,0.005541360123734274,0.05439735740252216,5,0.19557736525272895,0.6104946543593037,0.19392798038796735,0.0
2024-06-05,97935.5002343309,0.009101180164637599,0.04579125738808498,5,0.19611691880667076,0.6094276805354272,0.194455400657902,0.0
2024-06-06,97849.58487070602,0.0001228580928207,0.046628351096693055,0,0.0,0.0,0.0,1.0
2024-06-07,97597.3504363923,-0.0025777772552333,0.04908593084902024,0,0.0,0.0,0.0,1.0
2024-06-10,97609.34082018837,0.0001228556281749,0.048969105703714266,0,0.0,0.0,0.0,1.0
2024-06-11,97717.43279123328,0.0011073937200747,0.04791594006377353,0,0.0,0.0,0.0,1.0
2024-06-12,97849.58487070604,0.0013523900055283,0.046628351096692944,0,0.0,0.0,0.0,1.0
2024-06-13,98005.70780016645,0.0015955400287768,0.04510720846856664,0,0.0,0.0,0.0,1.0
2024-06-14,98017.69818396251,0.0001223437294133,0.044990383323260885,0,0.0,0.0,0.0,1.0
2024-06-17,97921.60651431813,-0.0009803501961863,0.04592662718832974,0,0.0,0.0,0.0,1.0
2024-06-18,98053.73875858197,0.0013493676111666,0.04463923148038107,0,0.0,0.0,0.0,1.0
2024-06-20,98017.69818396254,-0.0003675594125805,0.04499038332326055,0,0.0,0.0,0.0,1.0
2024-06-21,98053.73875858197,0.0003676945621777,0.04463923148038107,0,0.0,0.0,0.0,1.0
2024-06-24,98065.76881279587,0.0001226883784974,0.044522019816811254,0,0.0,0.0,0.0,1.0
2024-06-25,98077.75919659193,0.000122268799207,0.0444051946715055,0,0.0,0.0,0.0,1.0
2024-06-26,97981.69727976095,-0.0009794464883566,0.045341148647876195,0,0.0,0.0,0.0,1.0
2024-06-27,98053.73875858197,0.00073525444875,0.04463923148038107,0,0.0,0.0,0.0,1.0
2024-06-28,98065.76881279587,0.0001226883784974,0.044522019816811254,0,0.0,0.0,0.0,1.0
2024-07-01,97981.38983402259,-0.0008604325423111,0.04534414416442256,0,0.0,0.0,0.0,1.0
2024-07-02,98065.73905998249,0.0008608698662346,0.04452230970550919,0,0.0,0.0,0.0,1.0
2024-07-03,98210.35756826554,0.0014747098188347,0.04311325737395433,0,0.0,0.0,0.0,1.0
2024-07-05,98391.13566242158,0.0018407233069117,0.04135189364472769,0,0.0,0.0,0.0,1.0
2024-07-08,98379.06593778981,-0.0001226708539393,0.041469491826561566,0,0.0,0.0,0.0,1.0
2024-07-09,98354.95624133966,-0.0002450693775177,0.04170439830153139,0,0.0,0.0,0.0,1.0
2024-07-10,98391.13566242158,0.000367845429092,0.04135189364472769,0,0.0,0.0,0.0,1.0
2024-07-11,98620.08356145561,0.0023269159105911,0.039121200113391374,0,0.0,0.0,0.0,1.0
2024-07-12,98764.68223452973,0.0014662193323331,0.037712341040968655,0,0.0,0.0,0.0,1.0
2024-07-15,98764.68223452973,0.0,0.037712341040968655,0,0.0,0.0,0.0,1.0
2024-07-16,98800.81206758933,0.000365817337151,0.03736031953199492,0,0.0,0.0,0.0,1.0
2024-07-17,98812.86195701218,0.0001219614411125,0.037242914609292965,0,0.0,0.0,0.0,1.0
2024-07-18,98764.68223452974,-0.000487585538241,0.037712341040968544,0,0.0,0.0,0.0,1.0
2024-07-19,98716.46284162944,-0.0004882250599034,0.038182153990908074,0,0.0,0.0,0.0,1.0
2024-07-22,98728.52264865676,0.0001221661177899,0.0380646524386401,0,0.0,0.0,0.0,1.0
2024-07-23,98776.73212395259,0.0004883034203539,0.037594936118266475,0,0.0,0.0,0.0,1.0
2024-07-24,98824.92176403949,0.0004878642879826,0.03712541305702499,0,0.0,0.0,0.0,1.0
2024-07-25,98836.97165346234,0.0001219316869445,0.037008008134323034,0,0.0,0.0,0.0,1.0
2024-07-26,98969.53035471808,0.0013411853786911,0.035716457355036035,0,0.0,0.0,0.0,1.0
2024-07-29,98981.57032653647,0.0001216533187056,0.03559914906190009,0,0.0,0.0,0.0,1.0
2024-07-30,99017.74974761838,0.0003655167417788,0.035246644405096506,0,0.0,0.0,0.0,1.0
2024-07-31,99222.58795020224,0.0020687018550307,0.033250857348730234,0,0.0,0.0,0.0,1.0
2024-08-01,99394.22201304317,0.0017297882103928,0.0315785860793647,0,0.0,0.0,0.0,1.0
2024-08-02,99950.41118894645,0.0055957898219707,0.02615950338796902,0,0.0,0.0,0.0,1.0
2024-08-05,99926.26182207846,-0.000241613481933,0.02639479638120279,0,0.0,0.0,0.0,1.0
2024-08-06,99805.33647085812,-0.0012101458517047,0.027573000679560145,0,0.0,0.0,0.0,1.0
2024-08-07,99744.87875405018,-0.0006057563547776,0.028162054513955814,0,0.0,0.0,0.0,1.0
2024-08-08,99696.49076187401,-0.0004851175597244,0.028633510166517606,0,0.0,0.0,0.0,1.0
2024-08-09,99720.6996343688,0.000242825723451,0.02839763739588763,0,0.0,0.0,0.0,1.0
2024-08-12,100190.3747439503,0.00571562150166092,0.023821481715081916,5,0.1989678560577921,0.5987593256575424,0.2022728182846654,0.0
2024-08-13,100903.20447310038,0.007114752599456841,0.016876213064580314,5,0.20081128150181415,0.5986526194998574,0.2005360989983285,0.0
2024-08-14,101180.86148714228,0.002751716513779328,0.014170935104980797,5,0.20089199907366476,0.6007532405379951,0.1983547603883401,0.0
2024-08-15,101101.71081846468,-0.0007822691714050131,0.014942118790723269,5,0.20449531416546082,0.5963715448948048,0.1991331409397343,0.0
2024-08-16,101809.91949621333,0.007004912894305992,0.008041874137002636,5,0.2035280947344107,0.5942968423397144,0.20217506292587498,0.0
2024-08-19,102252.76848971033,0.0043554907289685,0.0037270916501553897,5,0.2010366502116528,0.6001568541662339,0.19880649562211347,0.0
2024-08-20,102782.94659690597,0.005184975575981457,0.0,5,0.1996744453221296,0.6018186946682987,0.19850686000957168,0.0
2024-08-21,102863.88861734571,0.0007875043781064417,0.0,5,0.20020300239557748,0.6017108635870653,0.19808613401735736,0.0
2024-08-22,101843.8786886821,-0.009916112859178892,0.009916112859178927,5,0.2006210654328778,0.601704724448268,0.19767421011885428,0.0
2024-08-23,102694.7830701508,0.00835498797202876,0.0016439738908178292,5,0.20107275866154412,0.6006260212641863,0.19830122007426965,0.0
2024-08-26,102554.6104584887,-0.00136324737700626,0.0030066737998553084,5,0.19979563147811807,0.5992926084764841,0.20091176004539782,0.0
2024-08-27,102532.039661707,-0.00022008563711369998,0.0032260977112502642,5,0.2001140294853034,0.5983860610644616,0.20149990945023494,0.0
2024-08-28,102192.60051724753,-0.003310566585619526,0.006525984085585024,5,0.19961311860903186,0.5996382924888755,0.2007485889020927,0.0
2024-08-29,102100.24195538613,-0.000903769562511608,0.007423855662314627,5,0.19981155103530288,0.5982178529349204,0.20197059602977682,0.0
2024-08-30,101496.75223381384,-0.0059107570169715335,0.013290732072337219,5,0.20291836797777113,0.5953579404543646,0.20172369156786435,0.0
2024-09-03,101986.76621951142,0.004832542970508359,0.008527019633655764,5,0.194942105904193,0.6068803110990212,0.1981775829967857,0.0
2024-09-04,102756.17629107657,0.007544214804390418,0.0010471344970228724,5,0.19308642886498745,0.6101003122352703,0.19681325889974235,0.0
2024-09-05,103231.00154170535,0.004620892561083144,0.0,5,0.19173084013567437,0.6107288052362898,0.19754035462803574,0.0
2024-09-06,102740.60569509858,-0.004750470684997124,0.004750470684997232,5,0.1894037274773684,0.6135823271587747,0.19701394536385686,0.0
2024-09-09,103315.88503298552,0.005599337613349991,0.0,5,0.1904579235558538,0.612801133800428,0.19674094264371833,0.0
2024-09-10,103722.66907287855,0.004301646345166,0.0,4,0.25001345221272303,0.2506718700108126,0.25002550308968746,0.24928917468677686
2024-09-11,103905.01523082754,0.0017580164449960628,0.0,4,0.2521350734702168,0.25003313358203827,0.2491897438705928,0.2486420490771522
2024-09-12,104462.28639191523,0.005363274908816459,0.0,4,0.2529024527395255,0.2475375277695085,0.2522146345807287,0.24734538491023736
2024-09-13,104969.32074156906,0.0048537550456397216,0.0,4,0.25299535834619374,0.2470060458984216,0.2534921882055538,0.24650640754983089
2024-09-16,105259.43531468278,0.0027638034719493967,0.0,4,0.2526706538317241,0.2485821804626842,0.2527723456111333,0.24597482009445834
2024-09-17,105104.21574701414,-0.0007211566330591,0.0014746380427046457,0,0.0,0.0,0.0,1.0
2024-09-18,105066.30042946976,-0.000360740216507,0.0018348462979648206,0,0.0,0.0,0.0,1.0
2024-09-19,105154.77983770498,0.000842129282877,0.0009942621928848983,0,0.0,0.0,0.0,1.0
2024-09-20,105192.68482128438,0.0003604684793017,0.0006341521137639416,0,0.0,0.0,0.0,1.0
2024-09-23,105192.68482128438,0.0,0.0006341521137639416,0,0.0,0.0,0.0,1.0
2024-09-24,105293.83367059602,0.0009615578258459,0.0,0,0.0,0.0,0.0,1.0
2024-09-25,105205.32326046584,-0.0008406039275489,0.0008406039275489219,0,0.0,0.0,0.0,1.0
2024-09-26,105104.21574701417,-0.0009610494062297,0.0018008454718730915,0,0.0,0.0,0.0,1.0
2024-09-27,105268.54645826812,0.0015635025682461,0.00024015853014736077,0,0.0,0.0,0.0,1.0
2024-09-30,105116.85418619562,-0.001441002817804,0.0016808152788326813,0,0.0,0.0,0.0,1.0
2024-10-01,105184.09729637858,0.0006396986544503,0.0010421918396547047,0,0.0,0.0,0.0,1.0
2024-10-02,105158.69641043578,-0.0002414897935685,0.0012834299545310124,0,0.0,0.0,0.0,1.0
2024-10-03,105019.18788308524,-0.0013266475537699,0.002608374849091377,0,0.0,0.0,0.0,1.0
2024-10-04,104664.07151020566,-0.0033814427633445,0.00598099754217829,0,0.0,0.0,0.0,1.0
2024-10-07,104524.52164699516,-0.0013333120066602,0.007306335013003706,0,0.0,0.0,0.0,1.0
2024-10-08,104569.25654374695,0.0014294141209332798,0.006881477305839767,5,0.20160331371195456,0.6001544416649163,0.19824224462312912,0.0
2024-10-09,104245.60860264327,-0.0030950582590043214,0.009955236991674554,5,0.2036299623759456,0.598595332897719,0.1977747047263353,0.0
2024-10-10,104115.40029653301,-0.0012490531529877771,0.011191855524509187,5,0.20352784150041217,0.5969960591157404,0.19947609938384755,0.0
2024-10-11,104217.90158853345,0.0009844969304108875,0.010218376941507734,5,0.20454523962137947,0.5940000284305258,0.2014547319480947,0.0
2024-10-14,104404.2753461566,0.001788308484265718,0.008448342067421954,5,0.2058499802870966,0.5933825927780214,0.20076742693488211,0.0
2024-10-15,104350.46715946718,0.0004851021208107,0.008959370917010157,0,0.0,0.0,0.0,1.0
2024-10-16,104413.66076775486,0.0006055900851034,0.008359206538102848,0,0.0,0.0,0.0,1.0
2024-10-17,104325.20001665874,-0.0008472143438479,0.009199338842268645,0,0.0,0.0,0.0,1.0
2024-10-18,104413.66076775483,0.0008479327246146,0.008359206538103181,0,0.0,0.0,0.0,1.0
2024-10-21,104261.96520634445,-0.0014528325153525,0.009799894526394515,0,0.0,0.0,0.0,1.0
2024-10-22,104249.31618418028,-0.0001213196215815,0.009920025228480567,0,0.0,0.0,0.0,1.0
2024-10-23,104186.1019748793,-0.0006063752896882,0.0105203852599971,0,0.0,0.0,0.0,1.0
2024-10-24,104236.69806353604,0.0004856318424211,0.010039862451652781,0,0.0,0.0,0.0,1.0
2024-10-25,104198.75099704349,-0.0003640470889573,0.010400254557910937,0,0.0,0.0,0.0,1.0
2024-10-28,104148.1858099067,-0.0004852763267597,0.010880483887341308,0,0.0,0.0,0.0,1.0
2024-10-29,104399.55281132722,0.0034169683852030602,0.008493193077825478,5,0.19964150720706464,0.5988680077236929,0.20149048506924258,0.0
2024-10-30,104635.75333308383,0.0022624667960358482,0.006249941849120533,5,0.19858827188989794,0.5992691991083388,0.20214252900176324,0.0
2024-10-31,104002.5542297218,-0.006051460262787759,0.012263580837163612,5,0.19588065060336307,0.60389741756803,0.20022193182860692,0.0
2024-11-01,103117.65315352778,-0.008508455227353837,0.020667691936037458,5,0.19839542084005274,0.6004928830929075,0.20111169606703977,0.0
2024-11-04,104064.27484715162,0.009180015881611174,0.011677405794635498,5,0.19616725822331155,0.604266300744298,0.19956644103239038,0.0
2024-11-05,104814.22083648115,0.0074123456667128,0.004554994508180865,2,0.4018580588404224,0.39916593055058786,0.19897601060898965,0.0
2024-11-06,104081.95522131574,-0.006986319311649537,0.011509491173733455,2,0.4147479727944829,0.39096489476705515,0.19428713243846202,0.0
2024-11-07,105250.61544812683,0.011228269341463516,0.00041045349915169727,2,0.4133140721487594,0.391467304858484,0.1952186229927566,0.0
2024-11-08,105823.264525958,0.005440814530090828,0.0,2,0.41285818811032116,0.3942939563516141,0.19284785553806458,0.0
2024-11-11,105182.89680853765,-0.006051294299877423,0.0060512942998773855,2,0.41576748319718093,0.3947645743347926,0.1894679424680264,0.0
2024-11-12,103967.29642557037,-0.01134369575264172,0.017538375032196907,5,0.2016663957702693,0.5977849119164341,0.20054869231329664,0.0
2024-11-13,103177.73208443505,-0.007594352919435343,0.024999535342004275,5,0.2033083543773558,0.5966455089018571,0.2000461367207871,0.0
2024-11-14,103345.46175913405,0.0016256383166257798,0.0234145372279283,5,0.2016732131865582,0.5991264265659346,0.1992003602475072,0.0
2024-11-15,102877.49978204763,-0.004528132819001671,0.027836645912466595,5,0.1999956606205015,0.6002524730217039,0.19975186635779452,0.0
2024-11-18,103462.35398372567,0.005684957380545781,0.0223099386775506,5,0.19967995275747819,0.5979194897330368,0.20240055750948502,0.0
2024-11-19,104039.57355501175,0.005581443903316221,0.01685537654632374,5,0.1996169230015715,0.5997112505154768,0.20067182648295165,0.0
2024-11-20,103964.70231639422,-0.0007196419214266211,0.017562888632186247,5,0.1998283846986103,0.5982242661420609,0.20194734915932866,0.0
2024-11-21,104203.16020257087,0.0022936427543547313,0.015309528870088185,5,0.20044135083041148,0.5963931490901799,0.20316550007940873,0.0
2024-11-22,104575.23769003371,0.0035706929304209416,0.01179350156617176,5,0.20034724019791056,0.5946001871119937,0.20505257269009575,0.0
2024-11-25,105624.34276218618,0.010032060125572458,0.0018797545574019692,5,0.19903015658871484,0.6039345549046127,0.19703528850667237,0.0
2024-11-26,105518.718419424,0.0,0.0028778748028445156,0,0.0,0.0,0.0,1.0
2024-11-27,105582.9577899938,0.0006087959703457,0.0022708308710818192,0,0.0,0.0,0.0,1.0
2024-11-29,105711.36354369727,0.0012161598461644,0.0010574327182402143,0,0.0,0.0,0.0,1.0
2024-12-02,105704.91979576477,-6.095605729117271e-05,0.0011183243186020375,0,0.0,0.0,0.0,1.0
2024-12-03,105717.80729162978,0.0001219195463173,0.0009965411178781691,0,0.0,0.0,0.0,1.0
2024-12-04,105833.74262053183,0.0010966490118569,0.0,0,0.0,0.0,0.0,1.0
2024-12-05,105833.74262053183,0.0,0.0,0,0.0,0.0,0.0,1.0
2024-12-06,105936.81130712207,0.0009738735873661,0.0,0,0.0,0.0,0.0,1.0
2024-12-09,105898.14881952708,-0.0003649580076836,0.0003649580076835468,0,0.0,0.0,0.0,1.0
2024-12-10,105885.25089688548,-0.0001217955439766,0.0004867091014011393,0,0.0,0.0,0.0,1.0
2024-12-11,105859.51761226184,-0.0002430299253736,0.0007296207418981959,0,0.0,0.0,0.0,1.0
2024-12-12,105807.97805557842,-0.0004868674810345,0.001216132994319996,0,0.0,0.0,0.0,1.0
2024-12-13,105756.44892567162,-0.0004870060921091,0.0017025468222520157,0,0.0,0.0,0.0,1.0
2024-12-16,105769.33642153663,0.0001218601418251,0.0015808941530240928,0,0.0,0.0,0.0,1.0
2024-12-17,105782.20306384844,0.0001216481330708,0.00145943833277562,0,0.0,0.0,0.0,1.0
2024-12-18,105588.28587283123,-0.0018331740633173,0.0032899369915943,0,0.0,0.0,0.0,1.0
2024-12-19,105704.65912635006,0.0011021417059369,0.0021914212624257745,0,0.0,0.0,0.0,1.0
2024-12-20,105717.58832932141,0.0001223144095843,0.0020693748952392843,0,0.0,0.0,0.0,1.0
2024-12-23,105652.94231446463,-0.0006114972529965,0.0026796067311718463,0,0.0,0.0,0.0,1.0
2024-12-24,105704.65912635007,0.0004894971285467,0.0021914212624256635,0,0.0,0.0,0.0,1.0
2024-12-26,105592.56486649401,-6.0508181751840036e-05,0.003249545048416236,3,0.8001016861340652,0.19989831386593485,0.0,0.0
2024-12-27,104530.1753702898,-0.010061214987508317,0.013278065664580785,3,0.799725559145064,0.20027444085493595,0.0,0.0
2024-12-30,103744.46590317885,-0.007516580397264568,0.020694840413757465,3,0.7965871163993707,0.2034128836006293,0.0,0.0
2024-12-31,103330.84342791892,-0.003986935318997522,0.024599266742588388,3,0.7968660780131407,0.20313392198685934,0.0,0.0
2025-01-02,103186.2139943848,-0.0013996734056952518,0.025964509208824427,3,0.7960222502173656,0.20397774978263447,0.0,0.0
2025-01-03,104151.95637284577,0.00936323403224522,0.01684829769986007,3,0.8024889181101362,0.19751108188986366,0.0,0.0
2025-01-06,104541.52551082626,0.0037403919383512574,0.013170924998400446,3,0.8041040836842306,0.19589591631576947,0.0,0.0
2025-01-07,103360.32769031922,-0.011298838569030946,0.024320947412069582,3,0.8040998489756341,0.19590015102436587,0.0,0.0
2025-01-08,103507.68512581433,0.001425667263135979,0.02292995372746731,3,0.8041282288238666,0.19587177117613344,0.0,0.0
2025-01-10,102102.59295541524,-0.01357476180335004,0.03619344687080517,3,0.8027483769944348,0.19725162300556517,0.0,0.0
2025-01-13,102162.52645567575,0.00078990145883066,0.03562769923765474,1,0.6004560497338102,0.3995439502661899,0.0,0.0
2025-01-14,102180.03303368636,0.00017136007318904896,0.03546244432961476,1,0.6011791650919134,0.3988208349080866,0.0,0.0
2025-01-15,103999.79319642986,0.017809351873507104,0.018284655605468325,1,0.6014040157113726,0.39859598428862736,0.0,0.0
2025-01-16,104013.2833527268,0.00012971329925101445,0.01815731406922161,1,0.6001695416747634,0.39983045832523656,0.0,0.0
2025-01-17,104711.69482823207,0.006714637332780161,0.011564596515353465,1,0.6021518900824671,0.3978481099175329,0.0,0.0
2025-01-21,105661.27128853566,0.009070656661538161,0.002600984635903303,1,0.6000493716694699,0.39995062833053013,0.0,0.0
2025-01-22,105796.69796027674,0.0012817058709359312,0.0013226124622452984,1,0.6026500899365816,0.3973499100634184,0.0,0.0
2025-01-23,105818.02871401102,0.0002016202220440658,0.0011212589056196487,1,0.6058171827190842,0.39418281728091586,0.0,0.0
2025-01-24,105818.22741962901,1.8778049489304845e-06,0.0011193832061763276,1,0.604047507382088,0.39595249261791193,0.0,0.0
2025-01-27,105408.87000470793,-0.003868496240234077,0.00498354911668597,1,0.5978156870802566,0.4021843129197435,0.0,0.0
2025-01-28,105798.97125994238,0.0042029404529137756,0.0013011534468417851,4,0.25109277695593635,0.2487843857341608,0.25110870949268743,0.24901412781721563
2025-01-29,105508.12141147234,-0.0027490801187040267,0.004046656590473652,4,0.25065623614399796,0.24896099189808696,0.25083391168040786,0.24954886027750722
2025-01-30,106165.39421824977,0.006229594442442228,0.0,4,0.2504413805516249,0.2483474655471789,0.25305648216236665,0.24815467173882966
2025-01-31,105907.07716427803,-0.0024331568292461094,0.0024331568292460526,4,0.24971615235455644,0.24731861942319117,0.2541750705767166,0.2487901576455358
2025-02-03,106067.73306575594,0.0015169515180623917,0.0009198962921295184,4,0.24765996043278882,0.24895466744580177,0.25514462988048997,0.2482407422409195
2025-02-04,106613.31191548497,0.005148854630864674,0.0,4,0.2503879074727036,0.2494810779260202,0.25116887225776796,0.2489621423435083
2025-02-05,107343.14160310524,0.006845577484721776,0.0,4,0.24969378770349718,0.25187588011667716,0.25101020620626285,0.2474201259735629
2025-02-06,107343.15353865892,1.1119065012794542e-07,0.0,4,0.25056160286043816,0.25176376342825213,0.2503449369921919,0.24732969671911775
2025-02-07,106941.33477503197,-0.003743310592065339,0.003743310592065341,4,0.24920092041281564,0.2510784102726881,0.2517339105956011,0.2479867587188952
2025-02-10,107510.04521586889,0.005317966547110067,0.0,4,0.24956611550171734,0.24899492494155112,0.2546436533572754,0.24679530619945605
2025-02-11,107378.59668228295,-0.0006725991431316201,0.0012226628062708134,3,0.8011472017038886,0.19885279829611135,0.0,0.0
2025-02-12,106811.71564706703,-0.005279274014850872,0.006495482049139523,3,0.8028045431160227,0.19719545688397724,0.0,0.0
2025-02-13,108067.12783213466,0.011753506415118537,0.0,3,0.8018555389731453,0.19814446102685465,0.0,0.0
2025-02-14,108176.35591942113,0.001010742947255229,0.0,3,0.8010064944799871,0.1989935055200129,0.0,0.0
2025-02-18,108177.21477317398,7.939385141617622e-06,0.0,3,0.8033517894590836,0.19664821054091644,0.0,0.0
2025-02-19,108407.65175165422,0.00213353930221368,0.0,3,0.8001766455297309,0.1998233544702691,0.0,0.0
2025-02-20,108127.81267293941,-0.0025813591032844098,0.0025813591032842753,3,0.7989099880085182,0.2010900119914818,0.0,0.0
2025-02-21,106913.07530491466,-0.011234273014465274,0.01378663242483491,3,0.7941674013317075,0.20583259866829245,0.0,0.0
2025-02-24,106590.54982382644,-0.0030167075464659805,0.016761749733224418,3,0.7929456201411704,0.20705437985882952,0.0,0.0
2025-02-25,106550.84653116617,-0.0003724841716821293,0.017127990418441263,3,0.7892960747876656,0.2107039252123344,0.0,0.0
2025-02-26,106718.62324577995,0.0015853373342620402,0.015580343994016088,3,0.7991370198723694,0.20086298012763068,0.0,0.0
2025-02-27,105205.80800242972,-0.014175738004660328,0.029535219124194767,3,0.7976889294506033,0.2023110705493967,0.0,0.0
2025-02-28,106776.5401185556,0.014930089373864235,0.015046093211531386,3,0.7982199321814092,0.20178006781859079,0.0,0.0
2025-03-03,105383.83853755759,-0.013043142055845437,0.027892986936233433,3,0.7945992071328883,0.2054007928671116,0.0,0.0
2025-03-04,104126.07655376871,-0.011935055709141117,0.03949513829239626,3,0.7946781694345173,0.20532183056548264,0.0,0.0
2025-03-05,104854.54342799512,0.007001367183308639,0.032775438506856935,3,0.802976339496608,0.19702366050339212,0.0,0.0
2025-03-06,103291.63364372021,-0.014905503692819582,0.04719240777997891,3,0.8006566863506343,0.1993433136493657,0.0,0.0
2025-03-07,103689.12264781627,0.0038482207132778156,0.04352579386782951,3,0.8020578672558373,0.1979421327441628,0.0,0.0
2025-03-10,101688.09142478622,-0.019298371631772938,0.06198418855397325,3,0.7960572543216125,0.2039427456783875,0.0,0.0
2025-03-11,100867.1147135106,-0.008073479399334258,0.06955723988393248,3,0.7958651183661001,0.20413488163389998,0.0,0.0
2025-03-12,100927.48718125395,0.0007945554390886597,0.06900033761026592,1,0.6027050102286965,0.39729498977130356,0.0,0.0
2025-03-13,100469.10997279399,-0.004541648873480557,0.07322861117816892,1,0.5973837296575675,0.4026162703424325,0.0,0.0
2025-03-14,101494.66116539967,0.01020762693014196,0.06376847459154622,1,0.6035622931861653,0.3964377068138347,0.0,0.0
2025-03-17,102167.84584251494,0.006632710227173656,0.05755872217796709,1,0.6042089558070475,0.3957910441929525,0.0,0.0
2025-03-18,101540.7946260943,-0.006137461461086374,0.06334291919993684,1,0.6013693170489294,0.3986306829510705,0.0,0.0
2025-03-19,102510.3444304717,0.009748944284001321,0.05439936412138491,3,0.8009047014844504,0.1990952985155497,0.0,0.0
2025-03-20,102286.36712609879,-0.0021849239276024576,0.05646542957667211,3,0.800337402548972,0.19966259745102805,0.0,0.0
2025-03-21,102192.49519259682,-0.0009177365091698042,0.05733134569961351,3,0.8013368434964749,0.1986631565035251,0.0,0.0
2025-03-24,103450.85779569043,0.012313649849942961,0.04572365396604172,3,0.8057655714920837,0.19423442850791636,0.0,0.0
2025-03-25,103649.01547857895,0.0019154764601358152,0.04389576008874907,3,0.8061584844776204,0.19384151552237966,0.0,0.0
2025-03-26,102612.88592458707,-0.0097923812413742,0.05345347614707219,1,0.598699629744238,0.401300370255762,0.0,0.0
2025-03-27,102329.66876013245,-0.002760054567247748,0.05606599620334485,1,0.5987621926354291,0.401237807364571,0.0,0.0
2025-03-28,101663.79304245138,-0.006507161859791966,0.06220832755101113,1,0.590547040354747,0.40945295964525286,0.0,0.0
2025-03-31,102477.81310444372,0.008006981026690911,0.05469944742272326,1,0.5897888368698786,0.4102111631301215,0.0,0.0
2025-04-01,103012.78826173587,0.0052203998220271206,0.049764600586286845,1,0.5883830668129287,0.4116169331870713,0.0,0.0
2025-04-02,103498.89473939425,0.0049315550114111,0.04528054000750059,3,0.8011119111740121,0.198888088825988,0.0,0.0
2025-04-03,99507.38100286345,-0.038565761949258114,0.08210002342989564,3,0.7921837269682159,0.2078162730317841,0.0,0.0
2025-04-04,95117.6908118201,-0.04411421692343639,0.12259246211032637,3,0.7802260268208204,0.21977397317917957,0.0,0.0
2025-04-07,94355.10414303775,-0.008017295860252054,0.1296268979316032,3,0.78513087605245,0.21486912394755003,0.0,0.0
2025-04-08,92812.05074314914,-0.016353682335503734,0.1438607031561967,3,0.785682363828895,0.214317636171105,0.0,0.0
2025-04-09,100717.51307952886,0.08519264826522052,0.07093723134730678,3,0.8146161917008563,0.1853838082991436,0.0,0.0
2025-04-10,96607.58486240821,-0.04080649026624936,0.10884902217306769,3,0.8120576983884462,0.1879423016115538,0.0,0.0
2025-04-11,98106.12796752209,0.015511650635383926,0.09502579954163559,3,0.8139218856933204,0.18607811430667964,0.0,0.0
2025-04-14,99011.05184906835,0.00922392821216865,0.08667838248274284,3,0.8143069504338316,0.18569304956616844,0.0,0.0
2025-04-15,98850.35807527322,-0.001622988250241861,0.08816069273666527,3,0.8133462037962665,0.18665379620373343,0.0,0.0
2025-04-16,99324.20089372009,0.00541020122213412,0.08378975756013018,5,0.19450211178429966,0.6001009648482453,0.20539692336745502,0.0
2025-04-17,98735.74014569553,-0.005924646186222379,0.08921797907877949,5,0.19594048934840777,0.5983456400326925,0.20571387061889979,0.0
2025-04-21,97870.91455415977,-0.008758992339143052,0.09719551182265762,5,0.19296676972445417,0.5930814789137864,0.2139517513617595,0.0
2025-04-22,98389.01407702427,0.005293702681993508,0.0924163332822775,5,0.19694478886210132,0.5932512875177436,0.20980392362015501,0.0
2025-04-23,98761.25195785293,0.003783327684707128,0.08898264686979618,5,0.1992426959553178,0.5967559950347578,0.20400130900992422,0.0
2025-04-24,100384.5096937944,0.01684368775503432,0.07400900147011436,1,0.6024814098434959,0.3975185901565042,0.0,0.0
2025-04-25,101115.44739763255,0.007281379428636341,0.06726650966231629,1,0.6024478740324889,0.39755212596751116,0.0,0.0
2025-04-28,101391.92694730089,0.002734295864618018,0.06471614033689532,1,0.6010342332967251,0.3989657667032748,0.0,0.0
2025-04-29,102114.98195819042,0.00713128779242303,0.058046361966029636,1,0.6005377739401715,0.39946222605982856,0.0,0.0
2025-04-30,101809.20076895205,-0.0029944791976123366,0.06086702254023757,1,0.6025805001471357,0.3974194998528642,0.0,0.0
2025-05-01,102035.35219907024,0.0022239122921005,0.05878090199003638,1,0.6029112989936348,0.3970887010063653,0.0,0.0
2025-05-02,102509.97136270523,0.0046515168851380415,0.05440280546302856,1,0.609028158675654,0.39097184132434604,0.0,0.0
2025-05-05,101928.09925403215,-0.005676248865725181,0.05977025046595208,1,0.6089925203776135,0.3910074796223864,0.0,0.0
2025-05-06,101541.7712345444,-0.0037902013509043364,0.06333391053279647,1,0.6062000491331211,0.39379995086687897,0.0,0.0
2025-05-07,101969.6640091897,0.0042139581518322545,0.05938683882954121,1,0.6061948928114577,0.39380510718854234,0.0,0.0
2025-05-08,101940.59634351847,-0.00027886872990981996,0.059654971799876444,1,0.604349257832079,0.39565074216792095,0.0,0.0
2025-05-09,101922.42147154348,-0.00017828885279164508,0.059822624836182614,1,0.6036868138182052,0.3963131861817949,0.0,0.0
2025-05-12,103579.94344427068,0.01626258431458073,0.044532911001919806,1,0.6136574550828735,0.3863425449171264,0.0,0.0
2025-05-13,103837.28190347213,0.0024844429398622457,0.04215910753838781,1,0.6161790367011879,0.38382096329881227,0.0,0.0
2025-05-14,103654.56806297951,-0.0017596169424242381,0.04384454060090992,1,0.6180541029876048,0.38194589701239523,0.0,0.0
2025-05-15,104589.7203879934,0.00944381701410092,0.03521828304525165,5,0.19909662503487133,0.5996115474443519,0.20129182752077687,0.0
2025-05-16,104634.73533691409,0.0004303955374744643,0.03480304529963729,5,0.20027153683045137,0.6009552105964434,0.19877325257310513,0.0
2025-05-19,104743.41597572017,0.0010386669250526147,0.03380052714662862,5,0.2002825917286348,0.5985927243611585,0.20112468391020658,0.0
2025-05-20,104613.42265951227,-0.001241064318906945,0.0349996428373337,5,0.19985722577911247,0.5950181241939151,0.2051246500269725,0.0
2025-05-21,103355.65445429432,-0.01202300979398835,0.04660185158270269,5,0.19888062021075123,0.5919665330902796,0.2091528466989692,0.0
2025-05-22,103555.20531825066,0.00233277543781496,0.044761106388687355,1,0.5988398023560897,0.40116019764391025,0.0,0.0
2025-05-23,103200.81505338065,-0.0034222351622101976,0.04803015851871473,1,0.5967947094752862,0.4032052905247138,0.0,0.0
2025-05-27,105062.04858349719,0.018035066187740992,0.030861319418866384,1,0.5984100501505047,0.4015899498494952,0.0,0.0
2025-05-28,104516.20751139216,-0.0051954162274993835,0.035896398246654915,1,0.5980550599936542,0.40194494000634584,0.0,0.0
2025-05-29,105151.74578383281,0.00608076285557329,0.03003391287618895,1,0.5967869282836595,0.4032130717163406,0.0,0.0
2025-05-30,105068.05050294481,-0.00059285501554216,0.03080595506634476,3,0.799579397653026,0.20042060234697404,0.0,0.0
2025-06-02,105345.28646886432,0.002638632434811673,0.02824860822375641,3,0.8019671844055821,0.19803281559441793,0.0,0.0
2025-06-03,105790.31441018854,0.004224469420905297,0.0241434741844756,3,0.8031475758282781,0.19685242417172194,0.0,0.0
2025-06-04,106105.5727698822,0.00298003046357612,0.02123539200946578,3,0.8005463515976597,0.1994536484023404,0.0,0.0
2025-06-05,105709.7550787687,-0.003730413782996475,0.024886588993422665,3,0.7996604879644198,0.20033951203558015,0.0,0.0
2025-06-06,106309.13711900976,0.0056704145519798,0.019357624657822647,3,0.8036581499109394,0.19634185008906055,0.0,0.0
2025-06-09,106408.14401375978,0.000931311244105036,0.01844434138722062,3,0.8036339963851056,0.19636600361489437,0.0,0.0
2025-06-10,107000.60034308014,0.005567772418281659,0.012979262864188157,3,0.8037156349776152,0.19628436502238478,0.0,0.0
2025-06-11,106818.90659811234,-0.0016980628555842024,0.014655286115609845,3,0.8027864754628619,0.19721352453713814,0.0,0.0
2025-06-12,107411.60106153422,0.005548591371111692,0.009188010938580238,3,0.8015296097133667,0.1984703902866333,0.0,0.0
2025-06-13,106243.72509118238,-0.0108713904934759,0.019961014056729787,3,0.7997502676158095,0.2002497323841905,0.0,0.0
2025-06-16,106837.74465280455,0.00559110254381946,0.014481515589380045,3,0.8028704362405298,0.1971295637594701,0.0,0.0
2025-06-17,106361.06338951422,-0.004461730868986702,0.01887863383323185,3,0.7995772693368618,0.20042273066313823,0.0,0.0
2025-06-18,106385.206425634,0.0002269913006731328,0.018655927818207463,3,0.7992753340278861,0.20072466597211389,0.0,0.0
2025-06-20,106146.08636336503,-0.0022476815179760627,0.02086167675202577,3,0.7991945913970658,0.20080540860293414,0.0,0.0
2025-06-23,107053.49181893558,0.008549459603594801,0.012491368559673477,3,0.8010534147816725,0.1989465852183276,0.0,0.0
2025-06-24,108155.48501595808,0.010293855700534814,0.002326097204594202,3,0.8016507240071888,0.19834927599281107,0.0,0.0
2025-06-25,108231.07320757298,0.0006988844958139658,0.001628838382052189,3,0.801539772864517,0.19846022713548286,0.0,0.0
2025-06-26,109017.79951555879,0.007268950447132313,0.0,3,0.8019813051700817,0.19801869482991824,0.0,0.0
2025-06-27,109314.7281946719,0.002723671551183172,0.0,3,0.8037765833538165,0.19622341664618348,0.0,0.0
2025-06-30,109947.59176697265,0.00579316996503884,0.0,3,0.7991951504082891,0.2008048495917108,0.0,0.0
2025-07-01,109973.89026775681,0.00023919123976726126,0.0,3,0.7987453867439601,0.20125461325603988,0.0,0.0
2025-07-02,110231.4768056572,0.002342251758787785,0.0,3,0.8004913594174252,0.19950864058257478,0.0,0.0
2025-07-03,110773.75020739701,0.004919406121137806,0.0,3,0.8028508030575704,0.19714919694242955,0.0,0.0
2025-07-07,109902.59252419847,-0.007864297106196287,0.007864297106196294,3,0.8031844626618326,0.1968155373381673,0.0,0.0
2025-07-08,109826.0148713822,-0.0006935952383661601,0.008555594933279842,3,0.8001167689450672,0.1998832310549328,0.0,0.0
2025-07-09,110582.61616758509,0.006889089958230265,0.00172544523819107,3,0.7994076031396247,0.20059239686037536,0.0,0.0
2025-07-10,110847.23981789137,0.0023929950246902713,0.0,3,0.7997483452364331,0.20025165476356685,0.0,0.0
2025-07-11,110229.39207615977,-0.005573866726376364,0.005573866726376386,3,0.8014038212119231,0.19859617878807692,0.0,0.0
2025-07-14,110352.0215837498,0.0011124937303955502,0.004467573887768084,3,0.8020407026947368,0.19795929730526315,0.0,0.0
2025-07-15,109819.88025916755,-0.004820185500594981,0.009268246646570999,3,0.8004397771333853,0.19956022286661465,0.0,0.0
2025-07-16,110144.69315669227,0.002957687594979888,0.006337971629724826,3,0.8007474260101896,0.19925257398981044,0.0,0.0
2025-07-17,110679.28448733166,0.004853536882425069,0.001515196326364432,3,0.8017564350238628,0.1982435649761373,0.0,0.0
2025-07-18,110647.80679655263,-0.0002844045380745245,0.001799169935727707,3,0.8013971232998012,0.19860287670019883,0.0,0.0
2025-07-21,111011.86783582057,0.0032902689154727036,0.0,3,0.8002835391872065,0.19971646081279346,0.0,0.0
2025-07-22,111158.79403320825,0.00132380184331344,0.0,3,0.799056685121573,0.20094331487842698,0.0,0.0
2025-07-23,111790.53615508163,0.005683240155382087,0.0,3,0.8013007355376142,0.1986992644623859,0.0,0.0
2025-07-24,111781.45967867893,-8.119181385884996e-05,8.119181385901619e-05,3,0.8016310757216012,0.19836892427839883,0.0,0.0
2025-07-25,112299.406321878,0.004633564856711674,0.0,3,0.8013045399033747,0.1986954600966254,0.0,0.0
2025-07-28,112132.24254308142,-0.001488554430265146,0.0014885544302652987,3,0.8022976208479463,0.19770237915205358,0.0,0.0
2025-07-29,112274.05094445024,0.0012669537497840002,0.0002257837174587385,3,0.7968801828029579,0.20311981719704214,0.0,0.0
2025-07-30,112043.87018570195,-0.0020501688218427043,0.0022754896445634776,3,0.7975118046718267,0.2024881953281733,0.0,0.0
2025-07-31,111721.74053085939,-0.0028750314881898706,0.005143979028374268,3,0.7968110641687098,0.2031889358312902,0.0,0.0
2025-08-01,110585.35068890742,-0.010171608825214085,0.015263265311106555,3,0.7918047721560768,0.20819522784392322,0.0,0.0
2025-08-04,111979.20052264904,0.012604290035329667,0.0028513578986444355,3,0.7938343789894192,0.20616562101058075,0.0,0.0
2025-08-05,111874.57954288933,-0.00039066747665495,0.003782983302431875,4,0.24882970364326093,0.25086456368239207,0.25029880640476704,0.25000692626958004
2025-08-06,111876.5228874762,1.737074315546495e-05,0.003765678272507733,4,0.25073132393250835,0.24941175806005206,0.24976355727562893,0.25009336073181077
2025-08-07,112027.6064921471,0.0013504495918493019,0.0024203140393446176,4,0.2501834421137354,0.24864995869164527,0.2515313786010503,0.24963522059356905
2025-08-08,112112.34529787926,0.0007564100348613421,0.0016657347543100887,4,0.25194368848722126,0.24738509097608802,0.2512850667049344,0.24938615383175636
2025-08-11,111683.29887050111,-0.003826932941579208,0.005486293040686041,4,0.25241145561943623,0.24861995222339384,0.248624387843191,0.25034420431397897
2025-08-12,111524.24287922925,-0.0010731669299211802,0.006902649515590054,5,0.2023463669919238,0.5976204573202072,0.20003317568786902,0.0
2025-08-13,112221.39994962203,0.006251170618999286,0.0006946285364357596,5,0.20177765932252426,0.5988256698349252,0.19939667084255067,0.0
2025-08-14,111583.41571824985,-0.005685049657717567,0.0063757291964300356,5,0.2029502094016168,0.5977842020098534,0.19926558858852986,0.0
2025-08-15,111068.18998564855,-0.004617404201913317,0.010963694079561548,5,0.20341430887675335,0.5962784696984664,0.2003072214247802,0.0
2025-08-18,110836.90962892519,-0.0020823275931052647,0.013023191669962464,5,0.20379438970854738,0.5957937989850794,0.20041181130637314,0.0
2025-08-19,110980.82603349612,0.0013026636585313997,0.01174164968069824,5,0.1986561975852331,0.6026972279777668,0.1986465744370001,0.0
2025-08-20,111292.06335453346,0.002804424261028656,0.00897015398689871,5,0.19757426993987165,0.6023295746896729,0.2000961553704554,0.0
2025-08-21,110794.64528787998,-0.004469483731907241,0.01339954576148883,5,0.19766510049742925,0.6020378323207228,0.20029706718184795,0.0
2025-08-22,111862.61752106404,0.009639204407479571,0.0038895023145716356,5,0.19878450515869367,0.6007067069345535,0.2005087879067528,0.0
2025-08-25,111517.58897459455,-0.003084395431785101,0.00696190098318572,5,0.1985219327752307,0.6008346115720634,0.2006434556527059,0.0
2025-08-26,111805.04472700485,0.002929534266281,0.004402174606838005,4,0.2503134644321679,0.24912616544433944,0.2510799644514856,0.24948040567200713
2025-08-27,111913.56917804202,0.0009706579099554284,0.003435789702485925,4,0.25064050564487345,0.24859768160876275,0.25134285889366126,0.2494189538527026
2025-08-28,112394.508825777,0.004297420333095175,0.0,4,0.25045183212505306,0.24916225011071594,0.2521240979017976,0.24826181986243348
2025-08-29,112324.5794438738,-0.0006221779216242876,0.0006221779216242229,4,0.24911319662623535,0.24754508148085513,0.25471554907300686,0.24862617281990276
2025-09-02,112572.56047232992,0.0022077182900117147,0.0,4,0.24672251109261487,0.24516171753988428,0.2601633092535378,0.24795246211396316
2025-09-03,113245.09384927379,0.00653111220299614,0.0,3,0.7991165172927,0.20088348270729994,0.0,0.0
2025-09-04,114174.84708295362,0.008210097250811748,0.0,3,0.7992332847040254,0.20076671529597456,0.0,0.0
2025-09-05,114260.06000175596,0.000746337052156744,0.0,3,0.7963242237019882,0.20367577629801184,0.0,0.0
2025-09-08,114793.66455772212,0.0046700881826769285,0.0,3,0.794569745282797,0.20543025471720308,0.0,0.0
2025-09-09,114870.51541828645,0.0006694695291802394,0.0,3,0.7958738855411135,0.2041261144588865,0.0,0.0
2025-09-10,115267.01392290051,0.00345583990829786,0.0,3,0.7995496047179651,0.20045039528203484,0.0,0.0
2025-09-11,116187.37495555346,0.007984600288756848,0.0,3,0.7998078717236297,0.2001921282763703,0.0,0.0
2025-09-12,116055.86666786027,-0.0011318638341170598,0.0011318638341170084,3,0.8004462278245466,0.1995537721754534,0.0,0.0
2025-09-15,116604.50486603247,0.004727362897925243,0.0,3,0.8009214522676207,0.19907854773237937,0.0,0.0
2025-09-16,116524.84566597811,-0.0006831571399910676,0.0006831571399911196,3,0.8003655257795917,0.1996344742204083,0.0,0.0
2025-09-17,116352.20599987872,-0.0004820516268768,0.0021637145704072047,0,0.0,0.0,0.0,1.0
2025-09-18,116310.13642133765,-0.0003615709575898,0.0025245031916478755,0,0.0,0.0,0.0,1.0
2025-09-19,116352.2059998787,0.0003617017384336,0.0021637145704073157,0,0.0,0.0,0.0,1.0
2025-09-22,116296.1242530133,-0.0004819998588205,0.0026446715191104087,0,0.0,0.0,0.0,1.0
2025-09-23,116338.1828070317,0.0003616505217911,0.002283977444154095,0,0.0,0.0,0.0,1.0
2025-09-24,116282.09003564362,-0.0004821527209267,0.002765028939141545,0,0.0,0.0,0.0,1.0
2025-09-25,116183.89461214644,-0.0008444587078464,0.0036071526942228482,0,0.0,0.0,0.0,1.0
2025-09-26,116254.0326254269,0.0006036810309604,0.0030056492329196827,0,0.0,0.0,0.0,1.0
2025-09-29,116296.12425301332,0.0003620659570755,0.0026446715191102976,0,0.0,0.0,0.0,1.0
2025-09-30,116352.20599987872,0.0004822322947184,0.0021637145704072047,0,0.0,0.0,0.0,1.0
2025-10-01,116487.28947625805,0.001160987668592,0.0010052389477497314,0,0.0,0.0,0.0,1.0
2025-10-02,116515.41303361085,0.0002414302665916,0.000764051376265229,0,0.0,0.0,0.0,1.0
2025-10-03,116473.18911175229,-0.0003623891531533,0.0011261636454873436,0,0.0,0.0,0.0,1.0
2025-10-06,116445.05452987681,-0.000241554147268,0.0013674457632563142,0,0.0,0.0,0.0,1.0
2025-10-07,116501.3457426731,0.0004834143710401,0.0008846924351497698,0,0.0,0.0,0.0,1.0
2025-10-08,116487.28947625807,-0.0001206532536207,0.0010052389477496204,0,0.0,0.0,0.0,1.0
2025-10-09,116473.1891117523,-0.0001210463782715,0.0011261636454872326,0,0.0,0.0,0.0,1.0
2025-10-10,116670.16425844861,0.0016911629895126,0.0,0,0.0,0.0,0.0,1.0
2025-10-13,116895.24091345236,0.0019291706361632,0.0,0,0.0,0.0,0.0,1.0
2025-10-14,116810.85921687131,-0.0007218574162786,0.0007218574162786151,0,0.0,0.0,0.0,1.0
2025-10-15,116754.59005312038,-0.0004817117528984,0.0012032214419757103,0,0.0,0.0,0.0,1.0
2025-10-16,116909.3082043901,0.0013251569056027,0.0,0,0.0,0.0,0.0,1.0
2025-10-17,116895.24091345238,-0.0001203265262089,0.0001203265262088582,0,0.0,0.0,0.0,1.0
2025-10-20,116909.30820439012,0.0001203410064243,0.0,0,0.0,0.0,0.0,1.0
2025-10-21,116937.46483531097,0.000240841651989,0.0,0,0.0,0.0,0.0,1.0
2025-10-22,116937.46483531097,0.0,0.0,0,0.0,0.0,0.0,1.0
2025-10-23,116853.0500651619,-0.0007218795983645,0.0007218795983644499,0,0.0,0.0,0.0,1.0
2025-10-24,116923.38651985057,0.0006019222831534,0.00012039183062695358,0,0.0,0.0,0.0,1.0
2025-10-27,116895.24091345244,-0.0002407183646991,0.0003610812148013842,0,0.0,0.0,0.0,1.0
2025-10-28,116909.30820439018,0.0001203410064243,0.00024078366125379613,0,0.0,0.0,0.0,1.0
2025-10-29,116684.24257390913,-0.0019251301195589,0.0021654502409340637,0,0.0,0.0,0.0,1.0
2025-10-30,116698.2878158015,0.0001203696538842,0.0020453412415457617,0,0.0,0.0,0.0,1.0
2025-10-31,116740.52276218274,0.0003619157330561,0.0016841657496645679,0,0.0,0.0,0.0,1.0
2025-11-03,116744.7451543686,3.616903613212763e-05,0.0016480576281842074,0,0.0,0.0,0.0,1.0
2025-11-04,116787.06829693126,0.0003625271741927,0.0012861279196664244,0,0.0,0.0,0.0,1.0
2025-11-05,116702.39996276058,-0.000724980388714,0.0020101758908612766,0,0.0,0.0,0.0,1.0
2025-11-06,116843.51385304506,0.0012091772776696,0.0008034292722030045,0,0.0,0.0,0.0,1.0
2025-11-07,116899.98145820423,0.0004832754792891,0.0003205420705804096,0,0.0,0.0,0.0,1.0
2025-11-10,116871.75868014734,-0.0002414267111495,0.000561891394312064,0,0.0,0.0,0.0,1.0
2025-11-11,116970.53840334648,0.0008451975422862,0.0,0,0.0,0.0,0.0,1.0
2025-11-12,116928.2152607838,-0.0003618273724339,0.0003618273724339538,0,0.0,0.0,0.0,1.0
2025-11-13,116857.65831564159,-0.0006034210390098,0.0009650300771947284,0,0.0,0.0,0.0,1.0
2025-11-14,116899.98145820426,0.0003621768840202,0.0006032027047607746,0,0.0,0.0,0.0,1.0
2025-11-17,116885.87006917581,-0.0001207133555747,0.0007238432457129518,0,0.0,0.0,0.0,1.0
2025-11-18,116956.43803884073,0.0006037339639355,0.00012054629052937749,0,0.0,0.0,0.0,1.0
2025-11-19,116942.32664981228,-0.0001206550854752,0.00024118683148155462,0,0.0,0.0,0.0,1.0
2025-11-20,117041.1173975341,0.0008447817873304,0.0,0,0.0,0.0,0.0,1.0
2025-11-21,117182.25333686393,0.0012058663012457,0.0,0,0.0,0.0,0.0,1.0
2025-11-24,117196.36472589237,0.0001204225778785,0.0,0,0.0,0.0,0.0,1.0
2025-11-25,117266.91064651194,0.0006019463213262,0.0,0,0.0,0.0,0.0,1.0
2025-11-26,117252.81028200618,-0.0001202416302095,0.00012024163020951661,0,0.0,0.0,0.0,1.0
2025-11-28,117252.81028200618,0.0,0.00012024163020951661,0,0.0,0.0,0.0,1.0
2025-12-01,117152.31073326922,-0.0008571184647537,0.0009772570336415987,0,0.0,0.0,0.0,1.0
2025-12-02,117223.08816886503,0.0006041488652916,0.00037369857707780785,0,0.0,0.0,0.0,1.0
2025-12-03,117293.87662898352,0.000603878137185,0.0,0,0.0,0.0,0.0,1.0
2025-12-04,117208.93268174586,-0.0007241976280342,0.0007241976280342177,0,0.0,0.0,0.0,1.0
2025-12-05,117166.45519586571,-0.0003624082645262,0.0010863434373549197,0,0.0,0.0,0.0,1.0
2025-12-08,117138.14422162739,-0.000241630372712,0.0013277113164972265,0,0.0,0.0,0.0,1.0
2025-12-09,117081.51124862806,-0.0004834716596856,0.0018105410653891374,0,0.0,0.0,0.0,1.0
2025-12-10,117279.72114186436,0.0016929222310377,0.00012068393957120893,0,0.0,0.0,0.0,1.0
2025-12-11,117293.87662898352,0.0001206985059423,0.0,0,0.0,0.0,0.0,1.0
2025-12-12,117308.03211610267,0.000120683939571,0.0,0,0.0,0.0,0.0,1.0
2025-12-15,117378.79852717578,0.0006032529043116,0.0,0,0.0,0.0,0.0,1.0
2025-12-16,117435.42047565243,0.000482386505801,0.0,0,0.0,0.0,0.0,1.0
2025-12-17,117449.5649382489,0.0001204446029927,0.0,0,0.0,0.0,0.0,1.0
2025-12-18,117534.50888548655,0.000723237649133,0.0,0,0.0,0.0,0.0,1.0
2025-12-19,117513.2205321944,-0.0001811242799583,0.00018112427995831126,0,0.0,0.0,0.0,1.0
2025-12-22,117456.41116683223,-0.0004834295673704,0.0006644662864964124,0,0.0,0.0,0.0,1.0
2025-12-23,117399.6238505154,-0.0004834756634626,0.0011476206966802849,0,0.0,0.0,0.0,1.0
2025-12-24,117470.63280108746,0.0006048481949352,0.0005434666380520481,0,0.0,0.0,0.0,1.0
2025-12-26,117555.80826330135,0.00072507877231,0.0,0,0.0,0.0,0.0,1.0
2025-12-29,117612.60660414085,0.0004831606509163,0.0,0,0.0,0.0,0.0,1.0
2025-12-30,117641.0057745606,0.0002414636597192,0.0,0,0.0,0.0,0.0,1.0
2025-12-31,117598.40701893097,-0.000362108053643,0.0003621080536430066,0,0.0,0.0,0.0,1.0
