date,wealth,return,drawdown,action,w_SPY,w_TLT,w_GLD,w_SHY
2021-01-05,99352.34293260257,-0.0024865167409381396,0.006476570673974336,5,0.20187939691139858,0.5970282583937376,0.20109234469486376,0.0
2021-01-06,97930.14386255378,-0.014314700872364474,0.020698561374462132,5,0.20603566070392842,0.5932649948804082,0.2006993444156635,0.0
2021-01-07,97671.91932824401,-0.0026368238024055365,0.023280806717559943,5,0.20964967399875106,0.5895901691793825,0.20076015682186643,0.0
2021-01-08,96931.9241825012,-0.007576334639804923,0.030680758174988054,5,0.21245381451825027,0.5921738145635745,0.19537237091817528,0.0
2021-01-11,96661.10048528864,-0.0027939577130714974,0.033388995147113576,5,0.21161297864317957,0.5928515441452384,0.1955354772115819,0.0
2021-01-12,96739.8002822432,0.0008606746067271601,0.032601997177567954,5,0.1998702256592172,0.5990080826307084,0.20112169171007446,0.0
2021-01-13,97360.67866457258,0.006418024231163856,0.026393213354274248,5,0.1991304033206591,0.6018912591760276,0.19897833750331329,0.0
2021-01-14,96733.74784923665,-0.006439260941224977,0.03266252150763349,5,0.19971916025070913,0.6001168839279138,0.20016395582137705,0.0
2021-01-15,96582.96821162046,-0.0015587076999351445,0.03417031788379532,5,0.19857214782759555,0.603438849423017,0.19798900274938755,0.0
2021-01-19,97083.69580054701,0.0051844294930904,0.029163041994529904,5,0.19909910460692268,0.6022641357328802,0.19863675966019717,0.0
2021-01-20,97724.99754965845,0.00661477503990104,0.022750024503415456,5,0.2014352674420653,0.5966439352997137,0.20192079725822093,0.0
2021-01-21,97321.3603294966,-0.004130337480507351,0.02678639670503402,5,0.20245512341444008,0.5949137846557436,0.20263109192981624,0.0
2021-01-22,97283.7681747675,-0.0003862682827473414,0.02716231825232507,5,0.20181649765590015,0.5970700706852403,0.2011134316588595,0.0
2021-01-25,98062.63407984441,0.00800612393711668,0.01937365920155587,5,0.2010031822873524,0.5993086304901016,0.19968818722254594,0.0
2021-01-26,97872.58734025575,-0.0019380138150676873,0.021274126597442544,5,0.20107910821280484,0.5993392622413009,0.19958162954589434,0.0
2021-01-27,97419.05776594824,-0.004629580988759581,0.02580942234051764,5,0.19601941751938967,0.6043233778939698,0.19965720458664044,0.0
2021-01-28,97275.88945006262,-0.0014696130220186766,0.027241105499373752,5,0.19799619771213106,0.6018673201237913,0.20013648216407767,0.0
2021-01-29,96530.19307901771,-0.007665788257096393,0.03469806920982288,5,0.19553133035641965,0.6028678794635886,0.20160079017999175,0.0
2021-02-01,97094.46884856294,0.005845588323679512,0.029055311514370574,5,0.19763074415436657,0.6000590059810265,0.20231024986460686,0.0
2021-02-02,96751.14304014413,-0.0035359975958495506,0.032488569598558725,5,0.20113650471042965,0.5983057436300411,0.2005577516595293,0.0
2021-02-03,96375.28356796375,0.0001156560952795,0.03624716432036246,0,0.0,0.0,0.0,1.0
2021-02-04,96375.28356796375,0.0,0.03624716432036246,0,0.0,0.0,0.0,1.0
2021-02-05,96397.57376792411,0.000231285440988,0.03602426232075884,0,0.0,0.0,0.0,1.0
2021-02-08,96386.46784228482,-0.0001152095971422,0.036135321577151824,0,0.0,0.0,0.0,1.0
2021-02-09,96364.13846798359,-0.0002316650334959,0.036358615320164045,0,0.0,0.0,0.0,1.0
2021-02-10,96423.73910630158,0.00463704213596292,0.03576260893698413,5,0.19899015899346126,0.6012041252888481,0.19980571571769062,0.0
2021-02-11,95970.05283836648,-0.004705130418505675,0.04029947161633518,5,0.20025371380353493,0.6007395461778636,0.19900674001860147,0.0
2021-02-12,95290.95971146623,-0.007076094123278057,0.04709040288533772,5,0.202677107203699,0.5975066636948224,0.19981622910147848,0.0
2021-02-16,94133.98711210204,-0.012141472841363141,0.058660128878979645,5,0.20499050591975512,0.5956406940083018,0.1993688000719432,0.0
2021-02-17,94281.400223703,0.0015659924340122422,0.05718599776296995,5,0.20471694234372742,0.5984858447498347,0.19679721290643779,0.0
2021-02-18,93969.32178972008,-0.0032912685673079935,0.06030678210279916,5,0.19980639213635784,0.5995452378742068,0.2006483699894355,0.0
2021-02-19,93265.49830054618,-0.007489928369908563,0.06734501699453821,5,0.20095871053958334,0.5960400545859463,0.2030012348744704,0.0
2021-02-22,92981.85610610819,-0.003041233892558765,0.07018143893891815,5,0.20002131094522224,0.593310168089639,0.20666852096513882,0.0
2021-02-23,92801.13542554139,-0.0019436123146494282,0.07198864574458608,5,0.2006541986538306,0.5927512323419005,0.20659456900426887,0.0
2021-02-24,92631.88118270364,-0.0018238380604034686,0.07368118817296354,5,0.20323601681685174,0.5899387828268277,0.2068252003563205,0.0
2021-02-25,90925.57901374759,-0.0183807422666513,0.09074420986252418,5,0.19883558867631654,0.6012531998103967,0.19991121151328675,0.0
2021-02-26,92200.1424283058,0.01401765518991652,0.07799857571694202,5,0.19507651781795987,0.6125434221908445,0.19238005999119556,0.0
2021-03-01,91859.51502918875,-0.0036944346304227118,0.08140484970811246,5,0.20054609874042512,0.6066946023759222,0.1927592988836527,0.0
2021-03-02,91816.18671073965,-0.00047168024385206147,0.08183813289260344,5,0.1990750724244692,0.6070240293989434,0.19390089817658737,0.0
2021-03-03,90773.34781317107,-0.011357898154210878,0.09226652186828932,5,0.19869497888606782,0.6073381537484182,0.19396686736551408,0.0
2021-03-04,90016.21893557238,-0.00831176338429066,0.09983781064427621,5,0.19918054335448687,0.6011270392789027,0.19969241736661048,0.0
2021-03-05,90462.73949904866,0.004960445670306023,0.09537260500951339,5,0.20184356596806718,0.5993247416762241,0.19883169235570874,0.0
2021-03-08,89763.79346513339,-0.007726341671563258,0.1023620653486661,5,0.20240245868857265,0.5992952224328449,0.1983023188785824,0.0
2021-03-09,91147.32116449792,0.015412981626070887,0.08852678835502081,5,0.202176133043682,0.5983774963348731,0.19944637062144494,0.0
2021-03-10,91463.98071630619,0.003474150943358831,0.08536019283693808,5,0.20273028115696698,0.5975005430649255,0.19976917577810754,0.0
2021-03-11,91236.76628469773,-0.0024733016304293795,0.08763233715302265,5,0.20252876480340132,0.5971489800960997,0.200322255100499,0.0
2021-03-12,90102.08702799,-0.012436644818899473,0.09897912972010003,5,0.2053554598598384,0.5918372482252371,0.2028072919149246,0.0
2021-03-15,90606.31499785582,0.005596185243846719,0.09393685002144181,5,0.2054304620641007,0.5920041961276248,0.20256534180827454,0.0
2021-03-16,90384.23237391608,-0.0024510722452953525,0.09615767626083926,5,0.2056754607186615,0.5910736742507428,0.2032508650305957,0.0
2021-03-17,90179.12243065426,-0.002269311116271833,0.09820877569345743,5,0.20684618967901938,0.5879851292836277,0.205168681037353,0.0
2021-03-18,89259.69950474128,-0.01014794688696926,0.10740300495258726,5,0.19911062967962562,0.6000128912257607,0.20087647909461367,0.0
2021-03-19,89633.75050313551,0.004190592176196648,0.10366249496864488,5,0.19791285274160486,0.6012121629366585,0.2008749843217367,0.0
2021-03-22,90352.81232323444,0.008022221719638553,0.09647187676765567,5,0.1979055589076203,0.603111084131787,0.19898335696059263,0.0
2021-03-23,90572.7154168221,0.0024338267723307966,0.09427284583177897,5,0.195871177413739,0.607077757345622,0.19705106524063895,0.0
2021-03-24,90840.22994414784,0.0029535884630887813,0.09159770055852157,5,0.19430155340347036,0.6085477224126936,0.19715072418383608,0.0
2021-03-25,90443.54524047217,-0.004332796745550679,0.09556454759527833,5,0.20200034794751776,0.5978592149633849,0.2001404370890973,0.0
2021-03-26,90600.1958438919,0.0017320263486269478,0.09399804156108105,5,0.20490066542895308,0.5947368494538384,0.2003624851172086,0.0
2021-03-29,89917.4834414318,-0.007535440691943299,0.100825165585682,5,0.2063521330406153,0.5941657090189405,0.19948215794044422,0.0
2021-03-30,89841.61414783147,-0.0008437657582994471,0.10158385852168528,5,0.20597848779441652,0.5977832890701409,0.19623822313544262,0.0
2021-03-31,89884.39211354005,0.00047614867691700343,0.10115607886459954,5,0.2067149613747303,0.5941651128090024,0.19911992581626733,0.0
2021-04-01,91198.17308979113,0.01464359473248976,0.08801826910208865,5,0.1992421984578815,0.6011550852613363,0.19960271628078216,0.0
2021-04-05,91213.01928837215,0.00016279052614790734,0.08786980711627856,5,0.202069063136441,0.5984346297449259,0.1994963071186332,0.0
2021-04-06,91719.01953549165,0.005547456394572066,0.08280980464508347,5,0.2008355644985073,0.599175865229415,0.19998857027207756,0.0
2021-04-07,91305.88020276191,-0.004504401974880088,0.08694119797238087,5,0.20197777487532215,0.5976949326251857,0.20032729249949222,0.0
2021-04-08,92040.60189781988,0.008046816847133835,0.07959398102180115,5,0.20131659078616262,0.5978185150926606,0.20086489412117675,0.0
2021-04-09,91834.8223460069,-0.00222704106099112,0.08165177653993105,5,0.20190368418018503,0.5991607735190018,0.19893554230081323,0.0
2021-04-12,91706.8132476846,-0.0013939058741791763,0.08293186752315407,5,0.20225919945845805,0.5997355249000782,0.19800527564146383,0.0
2021-04-13,92302.58652028507,0.006496499567501053,0.07697413479714932,5,0.20154933160453514,0.6003293276174639,0.19812134077800092,0.0
2021-04-14,91983.5587212575,-0.0034563256681594207,0.08016441278742492,5,0.20155761405946923,0.6004975850838089,0.19794480085672178,0.0
2021-04-15,93401.33393182005,0.015413354628503835,0.06598666068179959,5,0.20063043514082823,0.6012786741637033,0.1980908906954685,0.0
2021-04-16,93140.79707990868,-0.0027818187566798994,0.06859202920091323,5,0.20122825406652384,0.597000900567576,0.2017708453659001,0.0
2021-04-19,92837.0489366518,-0.003261171825663864,0.071629510633482,5,0.20089477951881757,0.5972339941161391,0.2018712263650434,0.0
2021-04-20,93022.69743210846,0.0019997242219896697,0.06977302567891541,5,0.19902591801400862,0.598789204191189,0.20218487779480232,0.0
2021-04-21,93496.0905510191,0.005089006575584945,0.06503909448980905,5,0.19989189150435266,0.5969532015581318,0.20315490693751567,0.0
2021-04-22,93445.83562542975,-0.0005375083096326382,0.06554164374570248,5,0.19817280205410986,0.5998808263533855,0.2019463715925046,0.0
2021-04-23,93444.33085774342,-8.317678929379862e-06,0.06555669142256582,5,0.20217013575100545,0.598594489898038,0.1992353743509566,0.0
2021-04-26,93453.13792311508,9.424932781712873e-05,0.06546862076884918,5,0.20257304125883557,0.5976835828194585,0.19974337592170596,0.0
2021-04-27,92914.83229502616,-0.005760166432632587,0.07085167704973838,5,0.2037027835891585,0.5959023609520646,0.2003948554587769,0.0
2021-04-28,93000.14092799851,0.0009181379427288064,0.06999859072001491,5,0.20345745319266792,0.5957420131907417,0.20080053361659045,0.0
2021-04-29,92879.82090667482,-0.0012937617096391522,0.07120179093325174,5,0.20501929836379595,0.5947512239670504,0.20022947766915372,0.0
2021-04-30,92822.1447367324,-0.0005999938187607399,0.07177855263267596,5,0.19880518501452796,0.601748951557272,0.19944586342820006,0.0
2021-05-03,93135.67834655955,0.003377788896350252,0.06864321653440453,5,0.19856323994913627,0.6000825499490767,0.20135421010178695,0.0
2021-05-04,93263.42529708687,0.0013716220549978306,0.06736574702913134,5,0.1970679007451802,0.6033275356747495,0.19960456358007025,0.0
2021-05-05,93439.07548643019,0.00188337699139606,0.0656092451356981,5,0.19675897885344265,0.6031864400197858,0.2000545811267715,0.0
2021-05-06,93990.46672497559,0.0059010776345437025,0.060095332750244146,5,0.19716675084440713,0.6006350291896853,0.20219821996590776,0.0
2021-05-07,94017.21582895363,0.0002959301492168202,0.059827841710463736,5,0.20139601049971978,0.5968643268285156,0.20173966267176455,0.0
2021-05-10,93318.91053890783,-0.007427419370897276,0.06681089461092171,5,0.20089381656858912,0.5952409552398826,0.20386522819152827,0.0
2021-05-11,92840.54502772405,-0.005126136904313038,0.07159454972275958,5,0.20012676195499815,0.594921867351968,0.20495137069303382,0.0
2021-05-12,91676.42659204498,-0.012538901353190378,0.0832357340795502,5,0.19836225755088954,0.5961456757724355,0.20549206667667502,0.0
2021-05-13,92056.90178562977,0.004150196596098511,0.07943098214370226,5,0.19991538360508296,0.5946013220744902,0.20548329432042675,0.0
2021-05-14,93135.82274989541,0.014154466875117361,0.06864177250104597,3,0.8009473447619095,0.19905265523809054,0.0,0.0
2021-05-17,92906.7918885477,-0.0024591060086809227,0.07093208111452298,3,0.8008787360036477,0.19912126399635238,0.0,0.0
2021-05-18,92218.40946247173,-0.0074093875386609396,0.07781590537528271,3,0.799905562555624,0.2000944374443761,0.0,0.0
2021-05-19,91980.37106465976,-0.0025812459702944605,0.0801962893534024,3,0.7998729718387505,0.20012702816124953,0.0,0.0
2021-05-20,92923.32882115695,0.010251728119625703,0.07076671178843053,3,0.8002737921174861,0.199726207882514,0.0,0.0
2021-05-21,92921.9654510854,-1.3576835541539975e-05,0.07078034548914602,3,0.7993559914312505,0.20064400856874962,0.0,0.0
2021-05-24,93748.22296651517,0.008891950481446914,0.06251777033484829,3,0.8003877217801855,0.19961227821981453,0.0,0.0
2021-05-25,93755.100300213,7.33596166436255e-05,0.06244899699786999,3,0.798553298978213,0.20144670102178683,0.0,0.0
2021-05-26,93871.17253609608,0.0012380364962695778,0.061288274639039186,3,0.7991487410229073,0.20085125897709272,0.0,0.0
2021-05-27,93834.7217045854,-0.0003883069799373851,0.061652782954146,3,0.7998788862040696,0.20012111379593045,0.0,0.0
2021-05-28,93939.17507369921,0.00111364830158688,0.060608249263007896,3,0.8005394969783367,0.19946050302166327,0.0,0.0
2021-06-01,93868.72589321467,-0.000749944636295469,0.06131274106785334,3,0.8004345874998,0.19956541250019993,0.0,0.0
2021-06-02,94030.25143996759,0.0017207599785329572,0.059697485600324174,3,0.8003161107816127,0.19968388921838737,0.0,0.0
2021-06-03,93680.48801960266,-0.0037196903656928387,0.06319511980397341,3,0.8003229030760497,0.19967709692395025,0.0,0.0
2021-06-04,94622.36127224797,0.010054102754548102,0.05377638727752021,3,0.7996032901250307,0.20039670987496913,0.0,0.0
2021-06-07,94232.93554047908,-0.0001160424170598,0.05767064459520921,0,0.0,0.0,0.0,1.0
2021-06-08,94254.77938453938,0.0002318068935771,0.05745220615460622,0,0.0,0.0,0.0,1.0
2021-06-09,94232.93554047907,-0.0002317531715945,0.05767064459520932,0,0.0,0.0,0.0,1.0
2021-06-10,94265.71567121928,0.0003478627780424,0.057342843287807144,0,0.0,0.0,0.0,1.0
2021-06-11,94243.87182715898,-0.0002317262846281,0.05756128172841024,0,0.0,0.0,0.0,1.0
2021-06-14,94211.09169641876,-0.0003478224112049,0.057889083035812416,0,0.0,0.0,0.0,1.0
2021-06-15,94200.18413903838,-0.0001157778472151,0.05799815860961621,0,0.0,0.0,0.0,1.0
2021-06-16,94112.78960993081,-0.0009277532725261,0.05887210390069186,0,0.0,0.0,0.0,1.0
2021-06-17,94112.78960993081,0.0,0.05887210390069186,0,0.0,0.0,0.0,1.0
2021-06-18,94036.35052036951,-0.0008122072449252,0.05963649479630495,0,0.0,0.0,0.0,1.0
2021-06-21,94419.22842602138,0.008104010735132922,0.05580771573978627,3,0.8049295696895353,0.19507043031046453,0.0,0.0
2021-06-22,94870.54086288491,0.004779878467415586,0.05129459137115089,3,0.8053832813217316,0.1946167186782684,0.0,0.0
2021-06-23,94730.88718999669,-0.0014720446580995124,0.05269112810003307,3,0.8055984587629528,0.1944015412370472,0.0,0.0
2021-06-24,95211.92049974843,0.005077893008506979,0.04788079500251563,3,0.8062700976848003,0.19372990231519965,0.0,0.0
2021-06-25,95293.07216696747,0.0008523267548126798,0.04706927833032537,3,0.8084449184487049,0.19155508155129514,0.0,0.0
2021-06-28,95639.47365664023,0.00366902085407478,0.04360526343359772,3,0.7986824331973378,0.2013175668026623,0.0,0.0
2021-06-29,95712.76494712917,0.0007663288774681484,0.0428723505287083,3,0.7985001295797632,0.20149987042023682,0.0,0.0
2021-06-30,95863.00153122832,0.0015696608930078034,0.0413699846877168,3,0.7979198731316568,0.20208012686834326,0.0,0.0
2021-07-01,96287.55629956716,0.0044287656505365355,0.037124437004328326,3,0.7987997879208084,0.20120021207919164,0.0,0.0
2021-07-02,96992.36481689275,0.007319829730986129,0.03007635183107249,3,0.7990565045245457,0.20094349547545431,0.0,0.0
2021-07-06,97078.03250679228,0.0008870189131111401,0.029219674932077222,3,0.797835175264016,0.202164824735984,0.0,0.0
2021-07-07,97525.61412563866,0.004610534508052158,0.0247438587436134,3,0.7969801618503797,0.20301983814962035,0.0,0.0
2021-07-08,96969.8853581011,-0.005698285240445981,0.030301146418988956,3,0.7950167398436554,0.20498326015634463,0.0,0.0
2021-07-09,97513.29532145837,0.005603904360106219,0.02486704678541629,3,0.7990255979864981,0.20097440201350206,0.0,0.0
2021-07-12,97766.98878913013,0.002601629519702359,0.02233011210869862,3,0.7998069349839263,0.20019306501607367,0.0,0.0
2021-07-13,97350.64290727384,-0.00425778380760306,0.026493570927261567,3,0.8006820436492784,0.19931795635072158,0.0,0.0
2021-07-14,97687.39634568362,0.003459180426066015,0.023126036543163808,3,0.7991123373849961,0.20088766261500404,0.0,0.0
2021-07-15,97637.23900772053,-0.0005134473825630076,0.023627609922794668,3,0.7967921410006072,0.2032078589993928,0.0,0.0
2021-07-16,96989.62095012385,-0.006632900153449457,0.03010379049876155,3,0.7958210682335372,0.20417893176646282,0.0,0.0
2021-07-19,96284.00725612155,-0.007275146423813259,0.03715992743878449,3,0.7898145425980828,0.21018545740191721,0.0,0.0
2021-07-20,97198.23938582215,0.009536291138267481,0.028017606141778506,3,0.8037990013595888,0.1962009986404111,0.0,0.0
2021-07-21,97589.2230864271,0.0040225389171193995,0.024107769135728985,3,0.8070602827329206,0.1929397172670793,0.0,0.0
2021-07-22,97932.16342103272,0.0035141209629458727,0.02067836578967286,3,0.8059184125215499,0.19408158747844995,0.0,0.0
2021-07-23,98617.0061930174,0.006993032197607946,0.01382993806982602,3,0.8085554000487221,0.1914445999512778,0.0,0.0
2021-07-26,98756.8024024314,0.0014175669573703053,0.012431975975685905,3,0.8093928745374369,0.19060712546256312,0.0,0.0
2021-07-27,98603.79901036371,-0.0015117800170477203,0.01396200989636287,3,0.7975597137498446,0.2024402862501555,0.0,0.0
2021-07-28,98572.8858029722,-0.0003135092937775059,0.014271141970278012,3,0.7974827026042371,0.2025172973957629,0.0,0.0
2021-07-29,98788.19976313882,0.002184312231631224,0.012118002368611824,3,0.799044795730511,0.20095520426948896,0.0,0.0
2021-07-30,98498.23447502841,-0.002935221907127142,0.015017655249715878,3,0.7975052143276868,0.20249478567231313,0.0,0.0
2021-08-02,98511.30022455839,0.00013264958097585823,0.014886997754416043,3,0.7957262414989504,0.20427375850104948,0.0,0.0
2021-08-03,99161.24344697398,0.00661485956167672,0.00838756553026021,3,0.8012087032239708,0.19879129677602922,0.0,0.0
2021-08-04,98810.98081085572,-0.0035322533677743257,0.011890191891442803,3,0.8000937446419026,0.19990625535809733,0.0,0.0
2021-08-05,99210.93919455449,0.004047711908298641,0.007890608054455073,3,0.8019146948457226,0.19808530515427727,0.0,0.0
2021-08-06,99014.19585778398,-0.0019830810832733516,0.00985804142216018,3,0.8048358410353786,0.1951641589646214,0.0,0.0
2021-08-09,98880.04778526904,-0.0013548367620703013,0.01119952214730957,3,0.8052718992970738,0.19472810070292623,0.0,0.0
2021-08-10,98397.98890373419,-0.0024600570143618,0.016020110962658096,5,0.20074265930886845,0.5987021243799814,0.20055521631115025,0.0
2021-08-11,98682.94119398309,0.0028959157948610587,0.01317058806016913,5,0.2006603736263849,0.5966068581192964,0.2027327682543188,0.0
2021-08-12,98650.67776660729,-0.00032694026936611243,0.013493222333927135,5,0.20132759236744,0.5958238813092748,0.20284852632328523,0.0
2021-08-13,99901.97349036798,0.012684106709546051,0.0009802650963202098,5,0.19916772744573422,0.5976548998556387,0.2031773726986271,0.0
2021-08-16,100194.7570997885,0.0029307089659121655,0.0,5,0.19905330359226936,0.5973524910968531,0.20359420531087752,0.0
2021-08-17,99770.82292377518,-0.0002320295078086,0.004231101389777447,0,0.0,0.0,0.0,1.0
2021-08-18,99770.82292377518,0.0,0.004231101389777447,0,0.0,0.0,0.0,1.0
2021-08-19,99770.82292377518,0.0,0.004231101389777447,0,0.0,0.0,0.0,1.0
2021-08-20,99770.82292377518,0.0,0.004231101389777447,0,0.0,0.0,0.0,1.0
2021-08-23,99770.82292377518,0.0,0.004231101389777447,0,0.0,0.0,0.0,1.0
2021-08-24,98930.1684912155,-0.0044436289683513,0.012621305197771382,5,0.20121160654334347,0.5979909523568702,0.20079744109978634,0.0
2021-08-25,98342.71216231657,-0.0059380908559868535,0.018484449596772756,5,0.20283831539256567,0.5965661077026103,0.20059557690482407,0.0
2021-08-26,98409.82953979391,0.000682484507510398,0.017814580439742045,5,0.20150336816284534,0.5978104487894212,0.2006861830477335,0.0
2021-08-27,99284.23484590155,0.008885345195665178,0.009087523940799924,5,0.20151446971515496,0.5965771502860201,0.2019083799988248,0.0
2021-08-30,99427.82311470072,0.0014462343293680743,0.007654432300524094,5,0.2021083678923144,0.5972699448652624,0.2006216872424232,0.0
2021-08-31,99031.1322037634,-0.00397886069442914,0.01161363059013365,5,0.20050144936840497,0.598296464617327,0.2012020860142679,0.0
2021-09-01,99142.12933595009,0.0011208306894674599,0.01050581681424767,5,0.20038344372749212,0.5986278939941102,0.20098866227839782,0.0
2021-09-02,99409.47365148888,0.0026965762923335866,0.007837570258466986,5,0.20045938423247106,0.599624009610945,0.19991660615658385,0.0
2021-09-03,99075.08340427502,-0.0033637663990271484,0.01117497290200875,5,0.20108715056195015,0.596176331855051,0.2027365175829989,0.0
2021-09-07,98112.20748269177,-0.009718648609703824,0.020785015876854995,5,0.2023345633281193,0.5969485571639499,0.20071687950793082,0.0
2021-09-08,98438.61219816921,0.00333909773045132,0.017527313329082417,5,0.19909153525275577,0.6020732754572057,0.19883518929003863,0.0
2021-09-09,99158.47367326067,0.0073127958533414925,0.010342691139974103,5,0.19680021920464216,0.6049349166519393,0.19826486414341862,0.0
2021-09-10,98376.28943409365,-0.00788822387226755,0.018149329549087767,5,0.19680096422051208,0.6043687074054102,0.19883032837407774,0.0
2021-09-13,98851.95603580486,0.004835175268832316,0.013401909469637041,5,0.19635518099305338,0.6051084151036973,0.1985364039032494,0.0
2021-09-14,99598.71314243575,0.007554297725382512,0.005948853758476869,5,0.19383132873647588,0.6078521237289101,0.19831654753461403,0.0
2021-09-15,99435.5892274639,-0.0016064534332757999,0.007576922129453489,5,0.201994991844487,0.5988579409415908,0.1991470672139222,0.0
2021-09-16,98682.49602601894,-0.007573678672755894,0.015093215628672385,5,0.20321392248058476,0.6006627183305782,0.1961233591888371,0.0
2021-09-17,98171.74677869176,-0.005175682293164883,0.02019078023296106,5,0.20228128840197865,0.6008874803354028,0.19683123126261853,0.0
2021-09-20,98710.24868274751,0.005485304292992853,0.014816228513459095,5,0.19782331967536496,0.6050207168412696,0.19715596348336542,0.0
2021-09-21,98770.21852991106,0.0006075341513554763,0.014217695726919999,5,0.1975164385302277,0.6041332623124088,0.19835029915736346,0.0
2021-09-22,99240.96442988755,0.004782683382573221,0.009519387016937664,5,0.20098971792743867,0.6007055131423891,0.19830476893017218,0.0
2021-09-23,97908.96868316666,-0.013421833961135303,0.02281345334611995,5,0.20619929817193275,0.5951189636169667,0.19868173821110063,0.0
2021-09-24,97347.76814136725,-0.005731860414294071,0.028414550230266067,5,0.20772963026848115,0.5926998829196176,0.1995704868119013,0.0
2021-09-27,97118.27340164884,-0.0023574730484333625,0.030705036742348257,5,0.2076247614800452,0.5919166632614462,0.20045857525850863,0.0
2021-09-28,95627.34100412883,-0.015351718531424098,0.045585380192206815,5,0.2066126178912484,0.591781552290794,0.20160582981795755,0.0
2021-09-29,95669.75360697364,0.00047640908163175996,0.04516207857371435,5,0.20024124714139302,0.6007545114914039,0.19900424136720302,0.0
2021-09-30,95769.91171972337,0.001046915132249658,0.04416244430492733,5,0.19758697106154754,0.6000432212657386,0.2023698076727138,0.0
2021-10-01,96522.11544030724,0.007854280191729178,0.036655028324720784,5,0.19837704841822767,0.6003778311096074,0.20124512047216486,0.0
2021-10-04,96218.48328648535,-0.0031457262663256934,0.03968544790565243,5,0.19643666489811862,0.6007386952487773,0.2028246398531041,0.0
2021-10-05,95766.12462000948,-0.004701369747525605,0.04420024168897729,5,0.19941813516272994,0.5977480879972052,0.20283377684006482,0.0
2021-10-06,96219.98964503864,0.00475069554197954,0.03967041360049617,5,0.19988163441488144,0.6005318753687671,0.1995864902163515,0.0
2021-10-07,95680.7759150002,-0.0056039678660083185,0.0450520697434561,5,0.20274593190158183,0.5976008958488659,0.1996531722495522,0.0
2021-10-08,95253.32508766344,-0.004467468237470133,0.04931826929031491,5,0.20328436250368584,0.5960810113198693,0.20063462617644473,0.0
2021-10-11,94932.99988269387,-0.0033628768830356497,0.05251529490564277,5,0.20249361527833531,0.5965747645227414,0.2009316201989233,0.0
2021-10-12,95940.25085013027,0.010610124705645306,0.042462364027900046,5,0.19987443100552996,0.6004059074104485,0.19971966158402166,0.0
2021-10-13,96910.45750538462,0.01011425333582948,0.032779156210068994,5,0.19870974450901416,0.5997696464224404,0.20152060906854558,0.0
2021-10-14,97498.09875836004,0.0060637548114223965,0.026914166164829778,5,0.20083433584794388,0.5983696192266331,0.2007960449254231,0.0
2021-10-15,96996.1460078946,-0.005148333730173445,0.031923936785517304,5,0.20341109385609438,0.5979614816174026,0.1986274245265031,0.0
2021-10-18,97278.75719576742,0.002913633164866558,0.02910331826162227,5,0.2034206030907444,0.5990201658117755,0.19755923109748005,0.0
2021-10-19,96689.30473149715,-0.006059416066387774,0.034986385213750415,5,0.20623963577118076,0.5943579805559848,0.19940238367283453,0.0
2021-10-20,96540.71524846333,-0.001511851881645999,0.036469391783503724,5,0.20108955771409062,0.5968521683545056,0.2020582739314038,0.0
2021-10-21,96505.21502088004,-0.0003677228565369786,0.0368237040111179,5,0.20168823836079225,0.5963608165558338,0.20195094508337386,0.0
2021-10-22,97238.08201158242,0.007594066191591953,0.029509279465205984,5,0.19996074302741318,0.5983843651880563,0.2016548917845306,0.0
2021-10-25,97389.10499672565,0.0015531259154747377,0.028001985176415722,5,0.2007213138632308,0.5965443923510878,0.20273429378568136,0.0
2021-10-26,97741.02413860345,0.0036135370777832508,0.02448963431031903,5,0.20017864273803068,0.5993117478146525,0.20050960944731688,0.0
2021-10-27,98772.43432198533,0.01055526187287118,0.0141955808764187,5,0.19703420508863154,0.6045354668919217,0.19843032801944663,0.0
2021-10-28,98753.45529406007,-0.0001921490348551927,0.014385002244109213,5,0.1989736122516192,0.6026051369477881,0.19842125080059278,0.0
2021-10-29,98808.51210450208,0.0005575178132053782,0.013835504325898085,5,0.19926625923458788,0.6041102593206011,0.19662348144481112,0.0
2021-11-01,98514.01796442216,-0.002980453139183487,0.016774721392781244,5,0.20020572538311862,0.6015534562018641,0.1982408184150174,0.0
2021-11-02,98814.84514212547,0.003053648444345668,0.013772297050320903,5,0.2004032099560924,0.6023842091818099,0.19721258086209764,0.0
2021-11-03,98157.37949528414,-0.0066424352602299,0.020334173797888933,5,0.20256656549570823,0.5977702613271337,0.19966317317715804,0.0
2021-11-04,99090.07385183945,0.009502029917171145,0.01102535980848629,5,0.2016055474909955,0.5983675703324879,0.20002688217651668,0.0
2021-11-05,100305.05608121773,0.012261391904853574,0.0,5,0.19985453264551178,0.5999601953396373,0.20018527201485092,0.0
2021-11-08,100281.4081177521,-0.00023576043311785818,0.00023576043311790418,5,0.20007230164118814,0.5989760606103883,0.2009516377484235,0.0
2021-11-09,101096.3825334946,0.00812687447293848,0.0,5,0.1978034915860497,0.6018824858029078,0.2003140226110424,0.0
2021-11-10,100043.40729372627,-0.010406863439978901,0.010415558038582295,5,0.20047736597900034,0.5952247778304024,0.20429785619059723,0.0
2021-11-11,100075.96336111338,0.0003254194181083981,0.010093528045310052,5,0.2004769527008585,0.5941475300543567,0.20537551724478476,0.0
2021-11-12,100005.19091500441,-0.0007071872578791968,0.010793577288768619,5,0.2021329045654126,0.5919567219746541,0.20591037345993338,0.0
2021-11-15,99236.86152716828,-0.007682895065808516,0.018393546432882824,5,0.20376760269657537,0.5890489521168585,0.2071834451865661,0.0
2021-11-16,99019.4817303042,-0.0021905146285241092,0.020543769728875394,5,0.20502318894320193,0.5888405584114825,0.20613625264531554,0.0
2021-11-17,99618.73145372861,0.00609674650923738,0.014616260668638859,5,0.19830515340680568,0.6010904439954513,0.20060440259774304,0.0
2021-11-18,99846.86122296915,0.0022900288521189574,0.012359703475161132,5,0.1985240508703541,0.6019721865387143,0.19950376259093158,0.0
2021-11-19,100293.70945769335,0.004475335821787597,0.007939681477082683,5,0.19728613333602518,0.6056176465030048,0.1970962201609702,0.0
2021-11-22,99082.43174439653,-0.012077304946107014,0.019921096468816013,5,0.19913577602612734,0.6058315217462926,0.19503270222758007,0.0
2021-11-23,98073.44763159718,-0.010183279669621143,0.029901514041769772,5,0.2014512523865375,0.6032144028749874,0.19533434473847514,0.0
2021-11-24,97658.35269384853,-0.0002334242208008,0.03400744669085465,0,0.0,0.0,0.0,1.0
2021-11-26,97852.1924204534,0.0019848760629062,0.03209007119484575,0,0.0,0.0,0.0,1.0
2021-11-29,97897.774731421,0.0004658282031304,0.03163919145191829,0,0.0,0.0,0.0,1.0
2021-11-30,97817.9807078815,-0.0008150749468863,0.03242847808651228,0,0.0,0.0,0.0,1.0
2021-12-01,97829.36129801568,0.0001163445621328,0.0323159064014632,0,0.0,0.0,0.0,1.0
2021-12-02,97703.86506264676,-0.0012828074690851,0.03355725878444615,0,0.0,0.0,0.0,1.0
2021-12-03,97760.92788113336,0.0005840384968396,0.032992819018585084,0,0.0,0.0,0.0,1.0
2021-12-06,97681.07390716297,-0.0008168291330817,0.03378269865590988,0,0.0,0.0,0.0,1.0
2021-12-07,97555.597655271,-0.0012845502907883,0.03502385337131608,0,0.0,0.0,0.0,1.0
2021-12-08,97589.78938436594,0.0003504845433448,0.0346856441472263,0,0.0,0.0,0.0,1.0
2021-12-09,97555.59765527099,-0.000350361746968,0.035023853371316194,0,0.0,0.0,0.0,1.0
2021-12-10,97601.19994971555,0.0004674492857468,0.034572775960811986,0,0.0,0.0,0.0,1.0
2021-12-13,97658.26276820216,0.0005846528374242,0.03400833619495092,0,0.0,0.0,0.0,1.0
2021-12-14,97601.19994971555,-0.0005843112182126,0.034572775960811986,0,0.0,0.0,0.0,1.0
2021-12-15,97635.43164576443,0.0003507302785878,0.03423417140156826,0,0.0,0.0,0.0,1.0
2021-12-16,97713.0174950988,0.0007946485003094,0.03346672703422249,0,0.0,0.0,0.0,1.0
2021-12-17,97667.44517586968,-0.0004663894371228,0.03391750794336157,0,0.0,0.0,0.0,1.0
2021-12-20,97690.20635613803,0.0002330477696776,0.03369236457326308,0,0.0,0.0,0.0,1.0
2021-12-21,97633.1535293899,-0.0005840178752427,0.03425670550533577,0,0.0,0.0,0.0,1.0
2021-12-22,97621.74296404028,-0.0001168718302865,0.03436957369175031,0,0.0,0.0,0.0,1.0
2021-12-23,96889.88964853814,-0.0035108704517137594,0.04160873791466069,5,0.20195347121095283,0.5968894888857113,0.20115703990333583,0.0
2021-12-27,97353.14234952604,0.00478122849214006,0.03702645030576024,5,0.2038369639030162,0.5954892747000162,0.2006737613969676,0.0
2021-12-28,97022.9563808151,-0.003391631340727234,0.04029250157719466,5,0.20436351425014385,0.5951476571606363,0.20048882858921985,0.0
2021-12-29,96411.7569367851,-0.006299534324959541,0.04633821190543019,5,0.20592216486468434,0.5923778369578396,0.2016999981774761,0.0
2021-12-30,96975.38763099644,0.005846078446437859,0.04076303028085915,5,0.2041593487797052,0.5938737232193461,0.20196692800094862,0.0
2021-12-31,97170.71107607774,0.0020387098927635,0.03883097850821937,5,0.19909003252822968,0.5999533421332061,0.20095662533856437,0.0
2022-01-03,95451.98854148402,-0.01768766036144453,0.05583180971030799,5,0.20384835537614304,0.5947236952983023,0.20142794932555472,0.0
2022-01-04,95351.0505232325,-0.0010574742317460129,0.05683024324197361,5,0.20399584379512872,0.5928775837413898,0.20312657246348154,0.0
2022-01-05,94612.46563585075,-0.007745954379409713,0.06413599314986018,5,0.20164058913143715,0.5942628524445804,0.20409655842398236,0.0
2022-01-06,94503.6564428784,-0.0011500513409209295,0.06521228480585783,5,0.20168307167634386,0.5964872395586103,0.2018296887650458,0.0
2022-01-07,94106.03374404694,-0.00419349268967902,0.06914538991671304,5,0.20004820466647105,0.5981955042650549,0.201756291068474,0.0
2022-01-10,94278.8717926365,0.001836630890848696,0.06743575358494514,5,0.1994329889955823,0.5985683363148768,0.20199867468954089,0.0
2022-01-11,95055.78517443029,0.008240588448094402,0.059750875428831285,5,0.1996046252281292,0.5976305571809416,0.2027648175909292,0.0
2022-01-12,94940.36512458214,-0.0012142348794063533,0.060892558711216904,5,0.2003875913825786,0.5960646052681315,0.20354780334928993,0.0
2022-01-13,95115.16411905964,0.001841145167791658,0.05916352558365079,5,0.19726335150444949,0.600253096302234,0.20248355219331657,0.0
2022-01-14,94204.852572008,-0.00955978283707428,0.06816791846338655,5,0.20201300232515057,0.5966380807363584,0.20134891693849113,0.0
2022-01-18,93045.42020113928,-0.01230756526031901,0.07963650261855737,5,0.20090810615829946,0.5955703999112484,0.20352149393045202,0.0
2022-01-19,93535.70900704843,0.005269349150654401,0.07478678600533728,5,0.19777980224915911,0.5965504211246696,0.20566977662617117,0.0
2022-01-20,93627.0060305552,0.0009760659803189003,0.07388371686261563,5,0.1954000269789394,0.5996441916403271,0.20495578138073348,0.0
2022-01-21,93873.72067941516,0.00263507997659815,0.07144332638891882,5,0.19106076166167962,0.6051890107464334,0.20375022759188696,0.0
2022-01-24,93590.53682565271,-0.002980996381225399,0.07424445385427214,5,0.20144985150845707,0.5968500414554275,0.20170010703611535,0.0
2022-01-25,93330.49838363497,-0.0027784693927139785,0.07681663730437327,5,0.199544782894457,0.5975464719517041,0.2029087451538389,0.0
2022-01-26,92303.16944749482,-0.01100743008911526,0.08697851362867981,5,0.2012595280690709,0.5968901910314373,0.20185028089949175,0.0
2022-01-27,92982.81539066094,0.007363191830078353,0.08025576127954459,5,0.19880186964925436,0.6034077256843781,0.19779040466636763,0.0
2022-01-28,93406.66504757042,0.004558365490749032,0.07606323088144595,5,0.2028146807797879,0.60087981361445,0.19630550560576202,0.0
2022-01-31,93562.65491131632,0.0016848107243245605,0.07452024922535938,5,0.2032597634661795,0.5958937174247453,0.2008465191090753,0.0
2022-02-01,93521.72702753973,-0.00043743824729409753,0.0749250894654444,5,0.20472274806178475,0.5941754814651443,0.20110177047307085,0.0
2022-02-02,93964.13676960523,0.004730555734232967,0.07054897104281999,5,0.2057382037755112,0.5933811096342843,0.20088068659020453,0.0
2022-02-03,93047.66550838627,-0.009753415427697684,0.07961429304794043,5,0.20288107835463182,0.5945480098724093,0.20257091177295888,0.0
2022-02-04,92349.94593999091,-0.007498517717593611,0.08651582157854043,5,0.20537511377571152,0.5902087763066992,0.2044161099175893,0.0
2022-02-07,92459.642226504,0.00122704566144154,0.08543075519175114,5,0.1991138115321522,0.5996525948770293,0.2012335935908185,0.0
2022-02-08,92297.29844922604,-0.0017558339332555623,0.08703658690609728,5,0.20110523311790654,0.5966909919706966,0.2022037749113968,0.0
2022-02-09,92736.02317643851,0.004753386443415994,0.08269691899496201,5,0.2030832446780255,0.5949855109412248,0.20193124438074989,0.0
2022-02-10,91449.69491744292,-0.013870858539493776,0.09542070026942462,5,0.20223997039923283,0.5937658550761973,0.2039941745245699,0.0
2022-02-11,92245.62847286365,0.008703512418923533,0.08754768310031835,5,0.19654150382897737,0.5973709232231234,0.2060875729478993,0.0
2022-02-14,91593.20987267833,-0.007048444845055819,0.09400111480415974,5,0.20076114989701452,0.596741414900068,0.20249743520291746,0.0
2022-02-15,91093.05757206115,-0.005460582736563401,0.09894839667600586,5,0.20511889161148655,0.593206105197064,0.20167500319144951,0.0
2022-02-16,91623.17575174381,0.005819523395219097,0.0937047057901621,5,0.20416063137042703,0.5932691505123033,0.20257021811726963,0.0
2022-02-17,91881.61479404452,0.0028206732650368923,0.09114834288355567,5,0.19923751476102905,0.5960010874351839,0.2047613978037872,0.0
2022-02-18,92325.76222269241,0.004833909696117818,0.08675503604588786,5,0.1969952322257875,0.5993778672717694,0.203626900502443,0.0
2022-02-22,92309.10860562504,-0.00016587367881444045,0.08691976614453267,5,0.1978864413562412,0.6016625015170238,0.20045105712673505,0.0
2022-02-23,91303.05646734379,-0.010898730943004002,0.09687118194269861,5,0.19651796765219523,0.5999088069390938,0.20357322540871098,0.0
2022-02-24,91489.27386379005,0.0020395527121577443,0.09502920311240204,5,0.19906942783424622,0.5990821014206579,0.2018484707450959,0.0
2022-02-25,91869.69132640239,0.004158055327651925,0.09126628446903418,5,0.2026191772500919,0.5970376821731341,0.20034314057677383,0.0
2022-02-28,93215.06796676687,0.014644401444481899,0.07795842313266299,5,0.19918382371433968,0.6013179420101256,0.19949823427553476,0.0
2022-03-01,93915.88322848284,0.0075235729842279,0.07102627339442902,5,0.19548325511621154,0.6024046666557722,0.20211207822801625,0.0
2022-03-02,92122.19078195776,-0.01909892538795924,0.08876867328624316,5,0.20295561795306272,0.5931412195014812,0.20390316254545607,0.0
2022-03-03,92697.48338965354,0.006244886306030406,0.08307813725242241,5,0.2006918743928568,0.5954640260597219,0.20384409954742133,0.0
2022-03-04,93800.26435358968,0.011896557744729556,0.07216992336484063,5,0.1967210662148802,0.5986224791690553,0.20465645461606455,0.0
2022-03-07,93113.19215844246,-0.007324842844335971,0.07896613286244147,5,0.1923306780428698,0.5984385031609307,0.20923081879619954,0.0
2022-03-08,92916.08713479651,-0.0020799859420801594,0.08091580720989544,5,0.19889735817496487,0.5952025730544602,0.20590006877057504,0.0
2022-03-09,92301.20348023291,-0.006617623207395488,0.08699796009365346,5,0.20559046978743703,0.5932961017645509,0.2011134284480121,0.0
2022-03-10,91486.67208649502,-0.008824710437414037,0.09505493872459536,5,0.20648430422181252,0.5899783887086737,0.20353730706951373,0.0
2022-03-11,91296.26051237147,-0.002081303973364762,0.09693840447630475,5,0.2042839965468477,0.5931876098431406,0.2025283936100117,0.0
2022-03-14,89616.7615478158,-0.018396141913480497,0.11355125374417285,5,0.2065915190275692,0.5901945904568576,0.20321389051557315,0.0
2022-03-15,89578.25973202431,-0.00039042106955104055,0.11393209640962354,5,0.2044778864784218,0.5991865500577235,0.19633556346385472,0.0
2022-03-16,90620.95081170555,0.011640001522696295,0.10361826466261936,5,0.20660715833787463,0.598101254209455,0.19529158745267042,0.0
2022-03-17,90537.71078928423,-0.0009185516337638892,0.10444163757008951,5,0.20938430631201954,0.5941889669853416,0.19642672670263886,0.0
2022-03-18,91246.03697326926,0.00782354863857314,0.09743519316293825,5,0.21003445050392397,0.5967768061958935,0.19318874330018262,0.0
2022-03-21,90114.17608878101,-0.012404493630992818,0.10863105256090677,5,0.21261039007131038,0.5902797018523017,0.19710990807638784,0.0
2022-03-22,90145.1348266699,0.0018960466156112792,0.10832482263345478,1,0.6058719811805393,0.39412801881946075,0.0,0.0
2022-03-23,90220.377702286,0.0008346859290938658,0.10758055390958454,1,0.5975706256734019,0.4024293743265981,0.0,0.0
2022-03-24,90748.68743488779,0.0058557694620291955,0.10235475136984729,1,0.6030472205204888,0.39695277947951135,0.0,0.0
2022-03-25,90516.21608027324,-0.002561704870732759,0.10465425357545322,1,0.6075486828622237,0.39245131713777626,0.0,0.0
2022-03-28,91211.09010033631,0.007676790415618416,0.09778087193063667,1,0.6072087151727291,0.392791284827271,0.0,0.0
2022-03-29,91708.59558162364,0.00709483186086712,0.09285977120655786,5,0.20104778789042035,0.6002724540177069,0.19867975809187266,0.0
2022-03-30,92170.69522357393,0.005038782232129963,0.08828888913966304,5,0.19880460573815317,0.6019226568821471,0.19927273737969975,0.0
2022-03-31,92030.51459281861,-0.0015208806922339857,0.08967549296506572,5,0.19604291740521815,0.6043034585803964,0.19965362401438555,0.0
2022-04-01,92176.39430865238,0.0015851233308779745,0.08823251635029483,5,0.1962873633843712,0.6056439443912367,0.1980686922243921,0.0
2022-04-04,92031.92859280668,-0.0015672745384458983,0.08966150631240188,5,0.19827965896124644,0.6023792332842306,0.19934110775452288,0.0
2022-04-05,90435.70465402493,-0.017334888928547797,0.10545063643536057,5,0.20095728167047058,0.5967896524106587,0.20225306591887077,0.0
2022-04-06,89859.97360016503,-0.006366191937824163,0.11114550938167145,5,0.20022246056568663,0.5957516829973047,0.20402585643700855,0.0
2022-04-07,89616.81114009206,-0.002706015262756784,0.11355076319965463,5,0.20177745210493203,0.5928687863884775,0.20535376150659052,0.0
2022-04-08,89108.31794074047,-0.005674082718215721,0.11858054949475882,5,0.20238626618010092,0.5897940458455265,0.20781968797437259,0.0
2022-04-11,88060.23164128813,-0.011761935627034805,0.12894774833201783,5,0.2012946172461243,0.5873692991552435,0.2113360835986322,0.0
2022-04-12,88052.77892247247,-3.411098009173993e-05,0.12902146727852115,5,0.19926574374209738,0.5991920311312732,0.2015422251266295,0.0
2022-04-13,88445.99476382535,0.004465683493068343,0.12513195282212997,5,0.20065202596677784,0.5977409694027181,0.20160700463050388,0.0
2022-04-14,87106.33171291073,-0.015146678540864232,0.13838329789840675,5,0.20120105740701621,0.5947675591395213,0.2040313834534625,0.0
2022-04-18,86911.15613299991,-0.0022406589288376144,0.1403138870552063,5,0.20173578856079646,0.5931412929750123,0.20512291846419123,0.0
2022-04-19,86538.60608965222,-0.004286561816961439,0.1439989847215274,5,0.20587488551410676,0.5912324872851371,0.20289262720075618,0.0
2022-04-20,87652.42011688669,0.012906241044801179,0.13298163672823549,5,0.19730520378877606,0.6042766392730518,0.19841815693817225,0.0
2022-04-21,86940.07459753283,-0.00812693498255865,0.1400278385952296,5,0.19594723809382084,0.6047205374131774,0.19933222449300175,0.0
2022-04-22,85973.2522623245,-0.011120560221324717,0.1495912108047941,5,0.1927136998796283,0.6076721812709454,0.19961411884942634,0.0
2022-04-25,86283.37715912945,0.003607225371196746,0.14652359464452058,5,0.1931342977026608,0.6115434189066243,0.19532228339071486,0.0
2022-04-26,86357.64737758426,0.0008607708796310573,0.14578894700833833,5,0.1873796689238768,0.617168417189822,0.19545191388630118,0.0
2022-04-27,85605.25461138923,-0.00864444039661522,0.15323127825046512,5,0.20231122358743114,0.597469396770495,0.20021937964207395,0.0
2022-04-28,86211.4186783209,0.007080921255165981,0.14723537561041922,5,0.2059630769918454,0.5941520633332404,0.19988485967491418,0.0
2022-04-29,84888.77701263441,-0.015341838540224388,0.16031835279061935,5,0.2014420962616472,0.5955815967185376,0.20297630701981514,0.0
2022-05-02,83795.88077206677,-0.012874449120700349,0.17112879143520232,5,0.2052977398240084,0.5928910255927486,0.201811234583243,0.0
2022-05-03,84254.48226173027,0.005472840495715412,0.16659251151923637,5,0.2051162859533965,0.5936392076184838,0.20124450642811983,0.0
2022-05-04,85209.52028639709,0.01136089207842278,0.15714570441562514,5,0.2037754910485567,0.5965287223569251,0.1996957865945183,0.0
2022-05-05,83134.87493251145,-0.02434757697159385,0.17766716425320428,5,0.20143723342573405,0.5946635975790097,0.2038991689952562,0.0
2022-05-06,82334.50746993627,-0.009627337061911729,0.18558403964001646,5,0.2021813810325946,0.5915964482171251,0.20622217075028035,0.0
2022-05-09,81984.20854178068,-0.004254582178480805,0.18904903927083438,5,0.19654425017432262,0.5993511927067783,0.20410455711889913,0.0
2022-05-10,82325.7533332238,0.004165982663222981,0.1856706316277127,5,0.1961810990480167,0.6022776655179368,0.20154123543404648,0.0
2022-05-11,81399.73801193308,-0.00885429517229674,0.19483035918753833,3,0.7943243582152999,0.20567564178470019,0.0,0.0
2022-05-12,81301.00873625967,-0.0012128942682707341,0.19580694482986527,3,0.7944587019047364,0.20554129809526353,0.0,0.0
2022-05-13,82598.21626048429,0.01595561413552384,0.1829755507511025,3,0.8006771316745414,0.19932286832545876,0.0,0.0
2022-05-16,82312.84478045326,-0.003454935142074613,0.18579831723274665,3,0.8001930437836635,0.19980695621633648,0.0,0.0
2022-05-17,83468.99355807627,0.014045788123429812,0.17436221290685783,3,0.8053415283072196,0.19465847169278042,0.0,0.0
2022-05-18,81131.31260711371,-0.027985810700922844,0.19748550270595677,3,0.7898554566614047,0.2101445433385954,0.0,0.0
2022-05-19,80779.68491529975,-0.0043340564883591086,0.2009636458699564,3,0.7884351812161342,0.2115648187838658,0.0,0.0
2022-05-20,81001.45034244581,0.002745311861250553,0.19877004188939273,3,0.7866197049965534,0.21338029500344652,0.0,0.0
2022-05-23,81909.2268344728,0.011206916520497316,0.18979072463512558,3,0.7924566205321519,0.20754337946784807,0.0,0.0
2022-05-24,81749.16707092628,-0.0019541115174971776,0.19137396391169903,3,0.7879469369797991,0.21205306302020094,0.0,0.0
2022-05-25,82387.63854918246,0.00785871937765048,0.1850584908724472,3,0.8007748437771541,0.1992251562228458,0.0,0.0
2022-05-26,83631.59675929093,0.01509884531240527,0.17275381508747212,3,0.8046263102003274,0.19537368979967254,0.0,0.0
2022-05-27,85323.44496701506,0.02022977287631639,0.1560188126538924,3,0.8080328641062814,0.19196713589371864,0.0,0.0
2022-05-31,84589.99912153644,-0.0085960646075901,0.1632737294679102,3,0.8104659699771378,0.1895340300228622,0.0,0.0
2022-06-01,84017.14224047717,-0.00677215849401065,0.16894017238805592,3,0.8093918097881939,0.19060819021180617,0.0,0.0
2022-06-02,84363.85777655899,0.006580330985898101,0.16551061806184708,5,0.20247637255291012,0.5963853474883963,0.20113827995869343,0.0
2022-06-03,83803.0851367549,-0.006647072035151692,0.17105752909615923,5,0.20048602162480383,0.59908539447259,0.20042858390260626,0.0
2022-06-06,82854.29887456595,-0.01132161495773891,0.18044249657384925,5,0.2033992832302685,0.5947697118888792,0.2018310048808524,0.0
2022-06-07,83657.18037800722,0.009690281787994626,0.17250075342418447,5,0.20337950857618728,0.5954235224381071,0.20119696898570544,0.0
2022-06-08,83015.2742298591,-0.0076730550234618555,0.17885020067503388,5,0.20272385293780443,0.5947110317383766,0.20256511532381893,0.0
2022-06-09,81296.40102758213,-0.01836026532672014,0.19585252221415994,3,0.7955807027359368,0.20441929726406316,0.0,0.0
2022-06-10,79317.95803313759,-0.024336169491356707,0.21542239152960319,3,0.7917813257803937,0.20821867421960635,0.0,0.0
2022-06-13,76415.22897541276,-0.036596114293715586,0.24413488336147582,3,0.7906537247299829,0.20934627527001706,0.0,0.0
2022-06-14,76031.39412029587,-0.005023015179871914,0.24793160531628677,3,0.7922507388602763,0.2077492611397237,0.0,0.0
2022-06-15,77184.80639804444,0.015170210820068123,0.23652256921782466,3,0.7915374187920606,0.20846258120793926,0.0,0.0
2022-06-16,77032.46341204658,0.0003933371798311608,0.23802947759753246,5,0.19330475289833923,0.6045261314125555,0.20216911568910517,0.0
2022-06-17,77086.55611607537,0.0007022065974893534,0.23749441686960904,5,0.19358555772828584,0.6060484244244674,0.2003660178472468,0.0
2022-06-21,76612.54413390871,-0.006149087545860884,0.24218313045448547,5,0.19968669257724203,0.5994609558537767,0.20085235156898143,0.0
2022-06-22,77909.09772080326,0.016923515614209794,0.22935820483002034,5,0.19600753811740637,0.6056955566711424,0.19829690521145132,0.0
2022-06-23,78351.76169400806,0.005681800792908019,0.22497957166717553,5,0.19681066109255546,0.6072212978195134,0.19596804108793103,0.0
2022-06-24,78181.3105331599,-0.002146637291489299,0.2266655979776786,5,0.20680270509839802,0.5929671658800677,0.20023012902153425,0.0
2022-06-27,77706.69268038578,-0.0060707328840800935,0.23136030456242584,5,0.20727103646748,0.5915009037925757,0.20122805973994426,0.0
2022-06-28,77565.9872714206,-0.0018107244577235681,0.2327520992581319,5,0.20340421891082394,0.5953349214820111,0.20126085960716492,0.0
2022-06-29,78261.92043814238,0.008972143476837918,0.22586824101037306,5,0.20143129741081411,0.5992503933011453,0.19931830928804053,0.0
2022-06-30,78450.91698171488,0.0024149234073788735,0.22399877210519348,5,0.19931347653819606,0.6030567417517779,0.19762978171002613,0.0
2022-07-01,79086.10731849882,0.00810898529051644,0.21771575464338178,5,0.20048955752897937,0.6012840680576579,0.1982263744133629,0.0
2022-07-05,79157.17552281653,0.0008986180598256696,0.21701277989258738,5,0.20068786836661764,0.6054642631196344,0.19384786851374805,0.0
2022-07-06,78163.014995707,-0.012559322898313515,0.2268465692151692,5,0.20392679968762936,0.602869802478176,0.19320339783419455,0.0
2022-07-07,77995.44366879862,-0.002143869794654025,0.2285041095020619,5,0.20742578221345817,0.598848258540908,0.1937259592456339,0.0
2022-07-08,77471.30487639189,-0.006720120660284195,0.23368865497512137,5,0.20865734137364053,0.596221865287222,0.19512079333913732,0.0
2022-07-11,78010.13594380471,0.006990105605413081,0.22835878011798405,5,0.19634282347821774,0.6061101525718222,0.19754702394996002,0.0
2022-07-12,78098.2638838103,0.0011296985826185222,0.22748705812559333,5,0.19438581176753714,0.609023480434224,0.19659070779823878,0.0
2022-07-13,78637.43689412315,0.006903777158414121,0.2221538009229015,5,0.19203912742035023,0.6117833154544632,0.19617755712518659,0.0
2022-07-14,77991.549444399,-0.00821348552590502,0.22854262942040138,5,0.19315930661367237,0.6118170292732914,0.19502366411303623,0.0
2022-07-15,78517.38143434697,0.006742166217928925,0.22334133559790725,5,0.19553135088987678,0.6111401344577677,0.19332851465235545,0.0
2022-07-18,77646.92153139788,-0.008689341623190941,0.23195153391692924,3,0.8003489656539334,0.1996510343460666,0.0,0.0
2022-07-19,79242.39811722764,0.02054784084626723,0.21616979627363464,3,0.8054240703648233,0.19457592963517656,0.0,0.0
2022-07-20,79689.60348584897,0.00564351129252504,0.21174624166748268,3,0.8060082160332419,0.19399178396675812,0.0,0.0
2022-07-21,80610.75101673609,0.011559193302432358,0.20263466410354836,3,0.8049118554695095,0.19508814453049064,0.0,0.0
2022-07-22,80273.1194834624,-0.0041884181578160035,0.20597436355483012,3,0.8007979226835538,0.19920207731644618,0.0,0.0
2022-07-25,79585.66421475356,-0.00617560304383086,0.21277436224401247,5,0.20148729663085607,0.5978210207273421,0.20069168264180182,0.0
2022-07-26,79413.50286362857,-0.002163220635571067,0.21447730498845696,5,0.19953510764356405,0.5995766264144915,0.20088826594194445,0.0
2022-07-27,79719.94126029595,0.003858769423552492,0.21144615403143974,5,0.2039294230341484,0.593916333721795,0.20215424324405654,0.0
2022-07-28,80497.13922493446,0.009749103578750267,0.2037584609096703,5,0.20449352496345263,0.5928644946073124,0.20264198042923504,0.0
2022-07-29,80653.2725989823,0.0019396139484104396,0.20221405971414685,5,0.20707313711288558,0.5901086267573189,0.20281823612979566,0.0
2022-08-01,81859.1504809117,0.014991540563194619,0.19028605742850735,5,0.19646249166236016,0.6053748259866666,0.19816268235097326,0.0
2022-08-02,80608.14543782553,-0.015282409305944142,0.2026604373196147,5,0.1981952802576522,0.6017616443931492,0.20004307534919863,0.0
2022-08-03,81661.37025442094,0.01306598496807961,0.19224241057917757,5,0.19870267377694442,0.6033528368164932,0.1979444894065624,0.0
2022-08-04,81901.23850142764,0.0029373527073986473,0.18986974163697057,5,0.19798686178615021,0.6013839676707207,0.20062917054312907,0.0
2022-08-05,80516.63484051419,-0.016905771954709978,0.20356561903846615,5,0.20105113251438037,0.5971646682396571,0.20178419924596264,0.0
2022-08-08,81413.19522422664,0.011146562814437561,0.19469724648897946,5,0.1975656790567345,0.6029637289033973,0.19947059203986814,0.0
2022-08-09,81208.20425735608,-0.0025179083845803816,0.1967249250441706,5,0.19727786116487156,0.602136201794521,0.20058593704060737,0.0
2022-08-10,81184.41205014607,-0.000292977876159037,0.19696026686960266,5,0.2014805066095026,0.5983787815576427,0.20014071183285478,0.0
2022-08-11,80009.20377749781,-0.014475787198192057,0.2085848991580913,5,0.20443993561223744,0.593015374084359,0.20254469030340364,0.0
2022-08-12,80916.32111872938,0.011337662398868766,0.199612101927379,5,0.20557024435122054,0.5923135799956261,0.20211617565315332,0.0
2022-08-15,80730.26728181714,-0.00226866040240368,0.20145246290024166,5,0.2012807538183635,0.6008437400230614,0.19787550615857508,0.0
2022-08-16,80935.80614999852,0.002545995140383608,0.1994193647514203,5,0.2011628452109392,0.6018095811565793,0.19702757363248144,0.0
2022-08-17,80208.72684484208,-0.008983407217924585,0.20661130660864302,5,0.20154555185473003,0.6009268440801644,0.19752760406510553,0.0
2022-08-18,80285.66714457274,0.0009592509787557144,0.20585024772797378,5,0.2019376356741097,0.6012403762678933,0.19682198805799692,0.0
2022-08-19,79174.85193377286,-0.013835784770893074,0.21683793277626762,5,0.20201910154228156,0.5998585929224052,0.1981223055353133,0.0
2022-08-22,78579.70693833177,-0.00750882804533466,0.22272483971128,5,0.19731709299063158,0.6025072583536686,0.2001756486556998,0.0
2022-08-23,78391.6038359325,-0.002393787273180927,0.22458547109773885,5,0.19731206169659884,0.6006292012599213,0.20205873704347993,0.0
2022-08-24,78143.21925287055,-0.0031685100305104846,0.22704237981036912,5,0.19857288443867274,0.5981283693423013,0.20329874621902586,0.0
2022-08-25,79062.32587096732,0.011761821779092088,0.2179509900389076,5,0.1990352314893006,0.5994139661240341,0.20155080238666526,0.0
2022-08-26,78693.21783262289,-0.004668570450948213,0.22160204093800528,5,0.19319999464015158,0.6067647116164052,0.2000352937434432,0.0
2022-08-29,78206.12873900612,-0.006162688993201141,0.22642010743465157,5,0.19990957706496046,0.598725828051512,0.20136459488352754,0.0
2022-08-30,78019.52663086476,-0.0023860292172765895,0.22826589166021016,5,0.198187911198853,0.6016493971755872,0.20016269162555975,0.0
2022-08-31,77332.41293018473,-0.00880694526552286,0.23506251171189585,5,0.1984274144882214,0.6011914681552729,0.2003811173565056,0.0
2022-09-01,76393.18638322168,-0.012145315416589642,0.24435291878112875,5,0.20149732037694978,0.5974409870960171,0.20106169252703304,0.0
2022-09-02,76624.29385913609,0.0030252367633297234,0.24206690745092263,5,0.19877130701633713,0.5990084747722527,0.20222021821141017,0.0
2022-09-06,75337.59787535275,-0.01678354017302108,0.25479432609379093,5,0.20264648380866537,0.5951273373823712,0.20222617880896343,0.0
2022-09-07,76475.86860898571,0.015108933198484265,0.24353506334761077,5,0.20321663657248382,0.5955413714504051,0.201241991977111,0.0
2022-09-08,76017.9053540373,-0.005988336756133155,0.24806503013249226,5,0.20577716822534758,0.5929836652452256,0.20123916652942692,0.0
2022-09-09,76441.8530501013,0.005576945248485317,0.24387152997511974,5,0.2078150094014903,0.5910044978939774,0.20118049270453245,0.0
2022-09-12,76319.29858168217,-0.0016032378014018286,0.24508378372097972,5,0.21038579397020374,0.5870893976962247,0.20252480833357164,0.0
2022-09-13,75559.64931293576,-0.00990243619815568,0.25259789302647084,5,0.19321687404634702,0.6074111254249578,0.1993720005286952,0.0
2022-09-14,75715.13391321323,0.0020577729210139862,0.25105990920963195,5,0.19355582767293608,0.6082471227106566,0.19819704961640724,0.0
2022-09-15,75238.58543057887,-0.006293966054139174,0.25577371271765037,5,0.19257038602579843,0.6117028176165792,0.19572679635762238,0.0
2022-09-16,74826.12137479232,-0.005482081480215039,0.2598536218642501,5,0.19215465489178854,0.6099475479265254,0.19789779718168596,0.0
2022-09-19,75055.61288251755,0.003066997239851014,0.25758359496542205,5,0.19305274282530038,0.6095026235919893,0.19744463358271036,0.0
2022-09-20,74036.5391639316,-0.011176927929343399,0.2676638143862142,3,0.7997558891944534,0.20024411080554652,0.0,0.0
2022-09-21,73252.03762547152,-0.010596140058937938,0.27542375117920637,3,0.7942207853243988,0.20577921467560123,0.0,0.0
2022-09-22,72378.23680686456,-0.011928689589149572,0.28406699633506005,3,0.797057283888852,0.202942716111148,0.0,0.0
2022-09-23,71471.65262896486,-0.012525646076718343,0.29303451975360906,3,0.7936436147207153,0.2063563852792847,0.0,0.0
2022-09-26,70628.66683459964,-0.011794687311086231,0.3013729565328471,3,0.7951713130273473,0.2048286869726527,0.0,0.0
2022-09-27,70111.13101131916,-0.00730838682702822,0.306492188401594,3,0.8038325578491827,0.19616744215081727,0.0,0.0
2022-09-28,71680.52720162539,0.02238440840517701,0.29096842631459485,3,0.8017032367890112,0.1982967632109888,0.0,0.0
2022-09-29,70406.53922202058,-0.017773139084500476,0.30357014308900776,3,0.7991600402402814,0.2008399597597185,0.0,0.0
2022-09-30,69353.90858309726,-0.01495075103186011,0.31398229249083787,3,0.798744085494668,0.20125591450533206,0.0,0.0
2022-10-03,71038.2173605156,0.024285708070804077,0.29732186671486815,3,0.8003938428958609,0.19960615710413904,0.0,0.0
2022-10-04,71391.14190752611,0.007387410874021581,0.2938308956418568,5,0.2046852584881988,0.5939367788516552,0.20137796266014593,0.0
2022-10-05,70872.06444046335,-0.00727089458430458,0.2989653767583378,5,0.2057043128721431,0.592566255837624,0.20172943129023277,0.0
2022-10-06,70472.12555050044,-0.005643110485357437,0.3029213925913514,5,0.20473766197115542,0.5926165604127072,0.20264577761613745,0.0
2022-10-07,69507.68806774094,-0.013685375249088838,0.3124611749118511,5,0.20178827384006126,0.5950065854590307,0.20320514070090787,0.0
2022-10-10,68542.94410630567,-0.01387967271325507,0.3220039887817304,5,0.2030660662955779,0.5940011708056945,0.20293276289872747,0.0
2022-10-11,68608.27967919444,0.0009772251640259798,0.32135771864573304,5,0.19853938518043904,0.6020670855039892,0.19939352931557186,0.0
2022-10-12,68839.20449623615,0.0033658447365463727,0.31907351409503903,5,0.19722065696882635,0.6029916465912023,0.19978769643997135,0.0
2022-10-13,68705.18707623627,-0.0019468182553913486,0.3203991542083783,5,0.20282040093620643,0.5983881283156086,0.19879147074818504,0.0
2022-10-14,67878.2686789884,-0.012035749154285865,0.32857865951336673,5,0.2006128740825688,0.6006807983118353,0.19870632760559598,0.0
2022-10-17,68068.44816378226,0.0028017727690323947,0.32669748948504407,5,0.20519318049021773,0.5960857422780544,0.19872107723172766,0.0
2022-10-18,68352.02478539018,0.0041869106230162595,0.32389247693660816,5,0.20150620867145566,0.5988992816783596,0.19959450965018463,0.0
2022-10-19,67326.366705561,-0.015005525923328752,0.3340378259008935,5,0.20312627776732772,0.5969535438796347,0.1999201783530375,0.0
2022-10-20,66503.39348896676,-0.012223639219881814,0.34217830725116916,5,0.2039155674411851,0.5940104910258288,0.20207394153298605,0.0
2022-10-21,66360.55787993096,-0.002147794293527168,0.34359117292901353,5,0.20932062069873134,0.5845602335264475,0.2061191457748213,0.0
2022-10-24,66165.56963156804,-0.0029383153878199644,0.34551990908629704,5,0.21250633478297626,0.5814376286500056,0.20605603656701804,0.0
2022-10-25,67557.77190613183,0.02111700669419892,0.33174886961213446,5,0.19899164169888917,0.6046982513160521,0.19631010698505863,0.0
2022-10-26,68129.45124217877,0.008462080970362048,0.32609407443825644,5,0.1958352279348316,0.6082631596971143,0.19590161236805423,0.0
2022-10-27,68471.44024313282,0.005019694048883318,0.32271127287420687,5,0.19381658718041875,0.611562098243699,0.1946213145758822,0.0
2022-10-28,68363.26538912294,-0.0015798536386230162,0.323781289934155,5,0.1987415789230401,0.6083195086712068,0.19293891240575314,0.0
2022-10-31,67861.04255732102,-0.007346384479197612,0.3287490525703257,5,0.19876622827403476,0.6084532712151924,0.1927805005107729,0.0
2022-11-01,68318.34738057796,0.00677288379498344,0.3242255986959457,5,0.19778527557041786,0.6015332309135621,0.20068149351602,0.0
2022-11-02,67705.26804475702,-0.008973860746450528,0.3302899040692644,5,0.19456760190659553,0.6043456414517759,0.20108675664162848,0.0
2022-11-03,67296.99108401118,-0.006030209650391473,0.3343283963527105,5,0.19373243178765887,0.6047308463300938,0.2015367218822473,0.0
2022-11-04,67217.2331240137,-0.001185163834411532,0.335117326262948,5,0.19675403032591374,0.5952763401112,0.20796962956288628,0.0
2022-11-07,66889.15902643054,-0.004880803364486538,0.33836248785391254,5,0.19961034478887488,0.5922280866769455,0.2081615685341796,0.0
2022-11-08,67707.00808017622,0.0122599763458154,0.3302726924205822,5,0.19864373070044347,0.5992147052663646,0.20214156403319186,0.0
2022-11-09,67494.62291963726,-0.003136826844976826,0.33237351101781143,5,0.19516344031639335,0.6030763066732043,0.20176025301040226,0.0
2022-11-10,70199.13084766021,0.04006997611117988,0.3056217335531042,5,0.19795637381908296,0.6021506141393717,0.19989301204154541,0.0
2022-11-11,70271.45272181589,0.0010302388830514399,0.3049063580634648,5,0.19966660222478025,0.599326912413378,0.20100648536184182,0.0
2022-11-14,70079.73062169043,-0.002728307053568973,0.30680278694965113,5,0.198509676383808,0.5994929945408879,0.20199732907530418,0.0
2022-11-15,70928.34664938354,0.01211737964291942,0.29840865843163056,5,0.1992909274650627,0.6024085813105794,0.1983004912243579,0.0
2022-11-16,71722.60588039414,0.011198050829195503,0.29055220292742456,5,0.1955804667250272,0.6087653061871641,0.1956542270878087,0.0
2022-11-17,71116.96599908039,-0.008444197946791363,0.29654292055882037,5,0.19664251225037319,0.6074710590286775,0.1958864287209493,0.0
2022-11-18,70787.32706002328,-0.004635165947059287,0.299803560858664,5,0.19845519567921674,0.6061028394951576,0.1954419648256257,0.0
2022-11-21,70839.75101296244,0.0007405838744936983,0.299285006666858,5,0.19758726796812032,0.6082071041505738,0.194205627881306,0.0
2022-11-22,71647.88059939511,0.011441058706928041,0.29129135183786425,5,0.2003986664764874,0.6016315723895695,0.1979697611339431,0.0
2022-11-23,72578.58723037747,0.012990009239578404,0.28208521995006897,5,0.19907552777402043,0.6042754674190586,0.19664900480692094,0.0
2022-11-25,72438.94290736013,-0.001924043004227502,0.28346651886025565,5,0.19941462419913758,0.60338813763508,0.1971972381657824,0.0
2022-11-28,72218.71499058614,-0.0030401867826209505,0.28564491447892204,5,0.19683101296603364,0.6069337044399283,0.19623528259403805,0.0
2022-11-29,71750.33056024762,-0.006485637835007036,0.29027796284920715,5,0.19777558907407833,0.6037322945740784,0.19849211635184327,0.0
2022-11-30,72701.33787400177,0.013269523551450921,0.2808710257272081,5,0.20359851924050876,0.5964977243095699,0.19990375644992137,0.0
2022-12-01,74342.99096492899,0.0225807824028269,0.26463253083958616,5,0.19895606067305338,0.6019604532519088,0.1990834860750377,0.0
2022-12-02,74837.56330856192,0.0066525752759428155,0.25974044339551694,5,0.19741319788048547,0.6055024042659847,0.1970843978535298,0.0
2022-12-05,73683.99289214738,-0.015414323575158017,0.2711510437306214,5,0.19689697392589092,0.6063678370009552,0.19673518907315388,0.0
2022-12-06,74090.00489205304,0.005510179130763893,0.2671349554223068,5,0.19299528969420515,0.6108120401523353,0.1961926701534596,0.0
2022-12-07,75242.94014405618,0.015605202256208161,0.25573063784822203,5,0.19659193768491728,0.6047011042430399,0.19870695807204292,0.0
2022-12-08,75246.70623119023,5.005236540246747e-05,0.2556933854061497,5,0.19812207976253232,0.6030136648296018,0.1988642554078658,0.0
2022-12-09,74007.98700628954,-0.016462105611570778,0.26794623950298435,5,0.19993338034661653,0.5971572418776107,0.2029093777757729,0.0
2022-12-12,74238.58284804999,0.0031158237250915504,0.26566528902798536,5,0.20218587469186952,0.5972059471801355,0.20060817812799486,0.0
2022-12-13,75034.69628730943,0.010723715468665497,0.25779049252875674,5,0.201554996506123,0.5965750069914013,0.20186999650247564,0.0
2022-12-14,74875.00550029853,-0.00133550602364464,0.25937008205519685,2,0.39797411649596376,0.4022456800959204,0.1997802034081159,0.0
2022-12-15,74018.88302381683,-0.011434022218245948,0.26783846099247544,2,0.3927294957339435,0.4084856566412241,0.19878484762483248,0.0
2022-12-16,73466.07860630541,-0.007468424203774488,0.27330655395147196,2,0.39101310554013,0.4069620778934542,0.20202481656641574,0.0
2022-12-19,72678.22591479104,-0.01072403354664356,0.2810996388450224,2,0.3919001897937178,0.4044604298215225,0.2036393803847596,0.0
2022-12-20,72440.82410586537,-0.003266477764661099,0.28344791088974186,2,0.3937225067643746,0.3985803846613819,0.20769710857424356,0.0
2022-12-21,72920.69375615602,0.006655291948368201,0.2787012558832518,2,0.40329696879184995,0.3983543026206744,0.1983487285874755,0.0
2022-12-22,72320.73884302976,-0.008227498700608668,0.28463574036322303,2,0.40084136559195416,0.401581455321421,0.19757717908662484,0.0
2022-12-23,72104.56174856405,-0.0029891438876876795,0.2867740670673865,2,0.40435583398755215,0.396880453777412,0.1987637122350359,0.0
2022-12-27,71544.55618046358,-0.007766576129444824,0.292313390573002,2,0.40591377837259823,0.39207801692979766,0.20200820469760408,0.0
2022-12-28,70953.2458966918,-0.008264923501380837,0.29816236626286763,2,0.4042098802111672,0.39301621431515843,0.20277390547367433,0.0
2022-12-29,71711.9326059361,0.011530251021607459,0.2906577781635562,5,0.20127927096219872,0.5998936053698516,0.1988271236679496,0.0
2022-12-30,71262.06029558116,-0.006273325707550367,0.29510771295925375,5,0.20201638175078168,0.5969651942379826,0.20101842401123576,0.0
2023-01-03,72133.2181867551,0.012224708176560418,0.2864906104542724,5,0.19873644562693404,0.6010105092163767,0.2002530451566892,0.0
2023-01-04,72973.78548425176,0.011652984833151392,0.27817609635958485,5,0.19796384475415837,0.6022267235373733,0.19980943170846846,0.0
2023-01-05,72811.08001868661,-0.002229642665313918,0.2797855057319849,5,0.19614175300858533,0.6060957952009278,0.19776245179048682,0.0
2023-01-06,74225.93784873406,0.0202729987049229,0.2657903676806438,2,0.4010425441689767,0.39926433484576135,0.1996931209852619,0.0
2023-01-09,74400.12528570362,0.002346719246909823,0.26406738380521333,2,0.39987673444236493,0.4004503862251433,0.19967287933249184,0.0
2023-01-10,74170.2893496664,-0.0030891874866423377,0.26634081763417417,2,0.4039287954599386,0.3950433059261718,0.20102789861388956,0.0
2023-01-11,75015.15968769729,0.01139095378269137,0.25798373979559797,2,0.404430834793358,0.3969418854974377,0.1986272797092042,0.0
2023-01-12,75884.03527710699,0.01158266666400478,0.24938921279437887,2,0.40125562071265225,0.40011997923148007,0.1986244000558677,0.0
2023-01-13,75883.44038259595,0.0011991084065362501,0.24939509722363473,4,0.25066929863282145,0.24736020966507158,0.2526974343803592,0.24927305732174768
2023-01-17,75613.35167632152,-0.003559257525919526,0.2520666933728337,4,0.2511038591355016,0.24663927757344267,0.2519402300346679,0.25031663325638775
2023-01-18,75752.48070005282,0.0018400060392360631,0.250690491571694,4,0.2466855327106062,0.25215164515644045,0.25075532874289935,0.25040749339005397
2023-01-19,75793.66277936932,0.0005436400093556756,0.25028313694352167,4,0.2447566297050389,0.2504370984962875,0.2545960361119489,0.2502102356867246
2023-01-20,75750.9682793711,-0.000563299073202276,0.25070545175764547,4,0.24945672798790067,0.2465161466168205,0.25388987100748267,0.2501372543877961
2023-01-23,75905.19437359436,0.0020521035756274003,0.24917991651732996,4,0.2524815459327517,0.2483133852782116,0.2499611622459981,0.24924390654303868
2023-01-24,76231.26439463522,0.004295753719251111,0.2459545783512207,4,0.25113173211549894,0.25080677864501066,0.24979260299849396,0.24826888624099624
2023-01-25,76384.05998212485,0.002004369056488917,0.2444431930408808,4,0.2507232807131154,0.2509121179648206,0.25044066253658465,0.24792393878547928
2023-01-26,76320.57002738434,-0.0008311937694247586,0.24507120715127173,4,0.25368973482082446,0.24995258107269952,0.24837930683271775,0.24797837727375832
2023-01-27,76290.50802414377,-0.000393891230500217,0.24536856698242704,4,0.25437281709020765,0.2494200371655891,0.24813105347320263,0.2480760922710006
2023-01-30,75912.55159302773,-0.004936768817420075,0.2491071422078146,4,0.2480880260543974,0.250322135702087,0.25059545300059843,0.2509943852429172
2023-01-31,76445.55686589278,0.007021306248833867,0.24383489349319365,4,0.24998059435148123,0.25056400983504523,0.2497530782303276,0.24970231758314607
2023-02-01,77152.62407682188,0.00924929112844989,0.236840902281937,4,0.25032203895575633,0.2512521679370952,0.25058147041631507,0.2478443226908334
2023-02-02,77059.98339906416,-0.0012007456501475602,0.2377572622488926,4,0.25427128711643615,0.25187981163579287,0.24567641453128045,0.24817248671649056
2023-02-03,76018.78438621119,-0.013511539542657275,0.24805633514112002,4,0.2550142213301303,0.25151100974190427,0.24282582981273926,0.2506489391152261
2023-02-06,75745.57142327707,-0.0035654247336763746,0.2507588350336716,4,0.249361274266508,0.2490369765338387,0.25141525463532977,0.25018649456432357
2023-02-07,75868.0681206367,0.0016172126641583353,0.2495471527331793,4,0.25221464970583146,0.2466394325571025,0.2512403546158678,0.24990556312119816
2023-02-08,75801.98963586091,-0.0008709656962757921,0.2502007714198212,4,0.2496742283199145,0.2480292543914142,0.2520808725919493,0.2502156446967219
2023-02-09,75294.61678918994,-0.006693397483473653,0.2552194756895103,4,0.24917757713236946,0.24733508509716903,0.25177151010633353,0.251715827664128
2023-02-10,75156.84519724941,-0.0018297668255123586,0.25658225038518145,4,0.25021693257924227,0.2450157961477321,0.2527140951683056,0.2520531761047199
2023-02-13,75594.15410403577,0.0070462761109322015,0.25225658713366517,2,0.4018639610188759,0.40054356417204073,0.19759247480908346,0.0
2023-02-14,75521.74550739427,-0.0009578597379612372,0.2529728204431757,2,0.40206422620877186,0.40000477571293763,0.19793099807829045,0.0
2023-02-15,75189.68611650105,-0.0043968712410215995,0.2562574027652307,2,0.4051512118208682,0.39802469644736277,0.196824091731769,0.0
2023-02-16,74334.10552375285,-0.011378962154763321,0.26472042163205045,2,0.4041718213475632,0.396901756242991,0.19892642240944583,0.0
2023-02-17,74532.64741054874,0.0026709393406562755,0.2627565344798063,2,0.40208806493647176,0.3989228488504188,0.19898908621310943,0.0
2023-02-21,73601.58688038851,-0.011301546440777648,0.2719661669792852,4,0.2477851774397709,0.24794272846590834,0.25191275251813294,0.2523593415761878
2023-02-22,73648.53732682658,0.000637899920749846,0.2715017542548981,4,0.24728590730196834,0.25005543671117725,0.25033567918149946,0.25232297680535504
2023-02-23,73927.06536889715,0.003781854360997682,0.26874667998724766,4,0.24766470534502577,0.25154766775901616,0.24926022248226432,0.2515274044136938
2023-02-24,73318.16483555618,-0.008236503509270203,0.2747696505236983,4,0.24705395761813784,0.25033922399620573,0.2495220653696007,0.2530847530160557
2023-02-27,73518.5307636342,0.002732827922349585,0.2727877207745142,4,0.2472197601941907,0.25034930878816136,0.2498175670066645,0.25261336401098355
2023-02-28,73205.7212242044,-0.00204824733764022,0.2758818922135977,3,0.7986790088214651,0.20132099117853497,0.0,0.0
2023-03-01,72823.13351824689,-0.005226199531396942,0.2796662779291871,3,0.7997954668355597,0.20020453316444023,0.0,0.0
2023-03-02,73146.81979107574,0.004444827586933438,0.27646451872952815,3,0.8024488831292013,0.1975511168707988,0.0,0.0
2023-03-03,74438.24408408538,0.017655235001306172,0.2636903297759148,3,0.8011733914956102,0.1988266085043899,0.0,0.0
2023-03-06,74364.81887289791,-0.0009863909619431972,0.26441661897981517,3,0.802520122700561,0.19747987729943897,0.0,0.0
2023-03-07,73543.34764438523,-0.011036534216572181,0.27254224333873356,3,0.7965278744611016,0.2034721255388984,0.0,0.0
2023-03-08,73653.66845688596,0.0015000787431406115,0.27145099942143325,3,0.7966329094493511,0.20336709055064894,0.0,0.0
2023-03-09,72607.89483184011,-0.014198527336869963,0.28179532232239735,3,0.7931973030311419,0.20680269696885809,0.0,0.0
2023-03-10,72294.6997373762,-0.004313512947721003,0.2848933074986735,3,0.7851386059016336,0.21486139409836627,0.0,0.0
2023-03-13,72249.10217278585,-0.0006307179469034385,0.28534433812358484,3,0.7845143488779586,0.21548565112204135,0.0,0.0
2023-03-14,71923.72523398747,-0.0023705539912345745,0.28856282063150807,4,0.25473640101890727,0.24647385496868002,0.2491428403680676,0.2496469036443451
2023-03-15,72396.77494788596,0.006577102511856031,0.2838836253720559,4,0.25148911018529274,0.24959171308469005,0.24944654875039288,0.24947262797962427
2023-03-16,72538.83011017392,0.0019621752818440494,0.28247847952283733,4,0.2554003966297426,0.24715429301454772,0.2494609675856259,0.24798434277008385
2023-03-17,73208.34478577798,0.00922974184429485,0.27585594112110723,4,0.2501057312721192,0.24856967911034483,0.25437748598869714,0.24694710362883873
2023-03-20,73209.43284955085,1.4862564862635737e-05,0.2758451784830622,4,0.2525068554857427,0.24637917808512722,0.2544705880801956,0.2466433783489344
2023-03-21,72644.99515569942,-0.006304338020536819,0.2814283425855406,5,0.2039116445401753,0.5986184616616971,0.1974698937981276,0.0
2023-03-22,73216.47724349737,0.007866778524426835,0.27577549850273064,5,0.1988711561576819,0.6018654529791725,0.19926339086314565,0.0
2023-03-23,73438.76701962916,0.0030360621611514186,0.27357670789755606,5,0.19880523378902673,0.6000436830580022,0.20115108315297117,0.0
2023-03-24,73554.72910701863,0.0015790309681871448,0.27242966302331384,5,0.19979427849037945,0.6016316154597731,0.19857410604984757,0.0
2023-03-27,72407.4561660803,-0.015597541515911154,0.28377797156005335,5,0.2033394900741978,0.596807330925724,0.1998531790000782,0.0
2023-03-28,72571.69072570108,0.0022815879894293404,0.28215343707617735,5,0.19909678951994608,0.5997243989886321,0.20117881149142194,0.0
2023-03-29,72621.8313654331,0.0006909118311923791,0.28165746839287253,5,0.20185119408419125,0.5981062080360007,0.20004259787980805,0.0
2023-03-30,73038.83770533996,0.005742162268099424,0.27753262901230713,5,0.20187386028580237,0.5974276845542466,0.200698455159951,0.0
2023-03-31,73823.94815048779,0.010749218769268981,0.2697666691879018,5,0.20254206257484259,0.5999288553292752,0.1975290820958823,0.0
2023-04-03,74194.27742215309,0.005016383991145916,0.26610353839741485,5,0.20229906725714913,0.599741809070674,0.19795912367217702,0.0
2023-04-04,74068.54057514727,0.0023145608709305,0.2673472708026189,0,0.0,0.0,0.0,1.0
2023-04-05,74167.59401296797,0.0013373213114709,0.26636747869395583,0,0.0,0.0,0.0,1.0
2023-04-06,74140.56607765007,-0.0003644170432866,0.26663482688822915,0,0.0,0.0,0.0,1.0
2023-04-10,73879.49200295671,-0.0035213391063123,0.2692172543515151,0,0.0,0.0,0.0,1.0
2023-04-11,73870.48011267472,-0.0001219809454245,0.2693063959217292,0,0.0,0.0,0.0,1.0
2023-04-12,73951.50203440327,0.0010968105473927,0.26850496346986374,0,0.0,0.0,0.0,1.0
2023-04-13,73996.54601475704,0.0006091016289677,0.26805940865153133,0,0.0,0.0,0.0,1.0
2023-04-14,73825.46707443353,-0.0023119854849629,0.2697516446745841,0,0.0,0.0,0.0,1.0
2023-04-17,73717.44042397152,-0.0014632708026498,0.27082019577161487,0,0.0,0.0,0.0,1.0
2023-04-18,73699.42437893566,-0.0002443932525635,0.27099840239567385,0,0.0,0.0,0.0,1.0
2023-04-19,73636.42623777114,-0.0008547982795714,0.2716215517071108,0,0.0,0.0,0.0,1.0
2023-04-20,73816.45518415155,0.0024448354649788,0.269840786244798,0,0.0,0.0,0.0,1.0
2023-04-21,73771.46535249476,-0.0006094824188529,0.2702858054485453,0,0.0,0.0,0.0,1.0
2023-04-24,73852.49500975144,0.0010983875251697,0.2694842964803107,0,0.0,0.0,0.0,1.0
2023-04-25,74140.56607765013,0.0039006274312147,0.2666348268882286,0,0.0,0.0,0.0,1.0
2023-04-26,73519.99650890352,-0.005386334760650599,0.27277322228077394,4,0.25028923927871705,0.24867489985570235,0.24998716799552276,0.25104869287005777
2023-04-27,73670.00219141493,0.00204033854236157,0.27128943345715606,4,0.25475223520172907,0.2457059281719156,0.24949164498021922,0.25005019164613607
2023-04-28,74147.3434480483,0.006479452184528393,0.26656778818488114,4,0.2552725808742326,0.24806213048669745,0.2479525736757175,0.24871271496335245
2023-05-01,73475.0348826222,-0.009067196937367695,0.27321796248961794,4,0.25734821316424844,0.24311373278202741,0.24909754795523278,0.25044050609849133
2023-05-02,74121.56239241254,0.008799281426993365,0.26682280280548054,4,0.2522363065664927,0.24699863891649398,0.2516896062123606,0.2490754483046525
2023-05-03,74288.71467181291,0.0036723007912737803,0.26516940754828644,5,0.19790050072538373,0.6011416617322786,0.20095783754233776,0.0
2023-05-04,73848.40806381624,-0.005926964949411594,0.26952472271350303,5,0.19767030918498452,0.5987519278906756,0.20357776292433996,0.0
2023-05-05,73736.35586342915,-0.0015173272291836213,0.2706330927419752,5,0.20163569625159444,0.5976675929930177,0.20069671075538775,0.0
2023-05-08,73140.83350427866,-0.008076373617561115,0.27652373238927597,5,0.2033315887590765,0.5940893604708889,0.20257905077003466,0.0
2023-05-09,73025.16569817661,-0.0015814395401344294,0.27766786636522445,5,0.202760579004611,0.5929017144517564,0.20433770654363256,0.0
2023-05-10,73495.64851945965,0.006471325993109159,0.2730140616543867,5,0.19964253725480915,0.6019272578566881,0.1984302048885029,0.0
2023-05-11,73812.57725418393,0.004312210873822833,0.26987914498593635,5,0.1984386304774714,0.6056789289739353,0.19588244054859344,0.0
2023-05-12,73394.50335121769,-0.005663992757312046,0.2740145442206986,5,0.19930752975951935,0.60403111589677,0.19666135434371063,0.0
2023-05-15,73016.69714764827,-0.005147608966866129,0.2777516334626825,5,0.20102994695401524,0.6008678424953506,0.19810221055063415,0.0
2023-05-16,72605.99278602788,-0.005624800595813017,0.28181413650510656,5,0.2008160853707443,0.602451279778652,0.19673263485060363,0.0
2023-05-17,72588.17619111067,0.001166061650877725,0.28199037025819174,4,0.2527400043903744,0.24898068858655176,0.2488443599022954,0.24943494712077843
2023-05-18,72363.55721728133,-0.0030944292254702424,0.28421220024063376,4,0.25596680833325997,0.24790317772742118,0.24637852500711852,0.24975148893220028
2023-05-19,72372.98534058922,0.00013028827866465138,0.2841189414803139,4,0.25556105998216183,0.24611803058794654,0.24878497016060308,0.24953593926928844
2023-05-22,72268.27623068947,-0.0014467982688151232,0.2851546769564577,4,0.25603525803522115,0.24559692297768895,0.24856205982940785,0.24980575915768202
2023-05-23,72131.07070576404,-0.0018985581514003656,0.28651185237151255,4,0.25364342920464716,0.24677242683108996,0.24933389092820676,0.25025025303605614
2023-05-24,71826.77551561598,-0.0012233120810168,0.28952180369244374,0,0.0,0.0,0.0,1.0
2023-05-25,71668.42952954219,-0.0022045537327423,0.2910880910521455,0,0.0,0.0,0.0,1.0
2023-05-26,71650.83469312049,-0.0002455033065075,0.2912621312698148,0,0.0,0.0,0.0,1.0
2023-05-30,71791.60092621572,0.0019646140020297,0.2898697349291387,0,0.0,0.0,0.0,1.0
2023-05-31,71861.97273018098,0.0009802233556204,0.2891736486577833,0,0.0,0.0,0.0,1.0
2023-06-01,71973.97483721003,0.001558572674446,0.2880657741303051,0,0.0,0.0,0.0,1.0
2023-06-02,71771.14023559759,-0.0028181659005384,0.29007212288907724,0,0.0,0.0,0.0,1.0
2023-06-05,71788.78032234871,0.0002457824509018,0.2898976350754774,0,0.0,0.0,0.0,1.0
2023-06-06,71753.49260712489,-0.0004915491677859,0.29024668530199893,0,0.0,0.0,0.0,1.0
2023-06-07,71700.57234687153,-0.000737528701817,0.2907701487427984,0,0.0,0.0,0.0,1.0
2023-06-08,71815.23668161462,0.0015992108708473,0.2896359406547384,0,0.0,0.0,0.0,1.0
2023-06-09,71682.92471839885,-0.0018423940284758,0.29094471115571985,0,0.0,0.0,0.0,1.0
2023-06-12,71744.7065014964,0.0008618758698848,0.29033359351185084,0,0.0,0.0,0.0,1.0
2023-06-13,71612.40208000218,-0.0018441001147793,0.29164228941351067,0,0.0,0.0,0.0,1.0
2023-06-14,71568.29809226359,-0.0006158708053016,0.2920785462471712,0,0.0,0.0,0.0,1.0
2023-06-15,71718.21997534421,0.0020948085545831,0.2905955863298769,0,0.0,0.0,0.0,1.0
2023-06-16,71621.20326907381,-0.0013527483853301,0.2915552320050152,0,0.0,0.0,0.0,1.0
2023-06-20,71647.65208661814,0.0003692875340974,0.29129361218359817,0,0.0,0.0,0.0,1.0
2023-06-21,71647.65208661814,0.0,0.29129361218359817,0,0.0,0.0,0.0,1.0
2023-06-22,71568.29809226358,-0.0011075588947231,0.29207854624717133,0,0.0,0.0,0.0,1.0
2023-06-23,71630.03462503172,0.0008626240166917,0.29146787619923276,0,0.0,0.0,0.0,1.0
2023-06-26,71682.92471839882,0.000738378721216,0.2909447111557202,0,0.0,0.0,0.0,1.0
2023-06-27,71577.1294482215,-0.0014758782596125,0.29199119044138866,0,0.0,0.0,0.0,1.0
2023-06-28,71656.46835913294,0.0011084394068754,0.29120640557645894,0,0.0,0.0,0.0,1.0
2023-06-29,71480.13536711581,-0.0024608105319028,0.2929506123185617,0,0.0,0.0,0.0,1.0
2023-06-30,71506.58418466015,0.0003700163326285,0.2926889924971444,0,0.0,0.0,0.0,1.0
2023-07-03,71423.4668712424,-0.0011623728690929,0.2935111516222765,0,0.0,0.0,0.0,1.0
2023-07-05,71405.72874211088,-0.000248351555988,0.29368660922705925,0,0.0,0.0,0.0,1.0
2023-07-06,71361.5493371566,-0.0006187095311896,0.2941236120539372,0,0.0,0.0,0.0,1.0
2023-07-07,71441.1446666014,0.0011153811847433,0.2933362908120676,0,0.0,0.0,0.0,1.0
2023-07-10,71547.2416056415,0.0014850957320915,0.29228682755352864,0,0.0,0.0,0.0,1.0
2023-07-11,71538.39516624044,-0.000123644730426,0.29237433255795475,0,0.0,0.0,0.0,1.0
2023-07-12,71750.6041277638,0.0029663645798907,0.2902752568422332,0,0.0,0.0,0.0,1.0
2023-07-13,71953.95910816453,0.0028341918911041,0.2882637607302594,0,0.0,0.0,0.0,1.0
2023-07-14,71768.28192312278,-0.0025804999105419,0.2901003960320244,0,0.0,0.0,0.0,1.0
2023-07-17,71562.25943887561,0.0011338734306702,0.2921382778937113,5,0.2004671247237419,0.5996162440861219,0.1999166311901361,0.0
2023-07-18,72027.53720183179,0.006501719853515561,0.28753595928154907,5,0.2006521411555721,0.5984471273968858,0.20090073144754209,0.0
2023-07-19,72548.96522559089,0.00723928713955595,0.28237822751418007,5,0.1996530030435205,0.6008576080452637,0.19948938891121584,0.0
2023-07-20,71850.31044142022,-0.009630113703182348,0.28928900677909775,5,0.20025690319412434,0.5993338363363822,0.20040926046949353,0.0
2023-07-21,71818.88795460426,-0.00043733265205002424,0.2895998239026042,5,0.20034452039455217,0.5997729648218889,0.19988251478355895,0.0
2023-07-24,71443.46729489422,-0.0012322538934996,0.2933133164164007,0,0.0,0.0,0.0,1.0
2023-07-25,71434.6392487703,-0.0001235668768355,0.29340063948279227,0,0.0,0.0,0.0,1.0
2023-07-26,71505.17338219663,0.00098739398936,0.29270294752133197,0,0.0,0.0,0.0,1.0
2023-07-27,71399.3421035354,-0.001480050654455,0.29374978298674703,0,0.0,0.0,0.0,1.0
2023-07-28,71496.36037533355,0.0013588118453173,0.2927901218261115,0,0.0,0.0,0.0,1.0
2023-07-31,71513.97134979884,0.0002463198738067,0.2926159219781648,0,0.0,0.0,0.0,1.0
2023-08-01,71453.88198303872,-0.0008402465368089,0.29321029899991646,0,0.0,0.0,0.0,1.0
2023-08-02,71489.22424605618,0.0004946164160242,0.29286070921112495,0,0.0,0.0,0.0,1.0
2023-08-03,71515.74598258013,0.0003709892896959,0.29259836810791917,0,0.0,0.0,0.0,1.0
2023-08-04,71657.18271132385,0.0019777005301486,0.29119933952549826,0,0.0,0.0,0.0,1.0
2023-08-07,71041.23317950658,-0.0046142391028946,0.29729203558822037,5,0.20268090219658227,0.596849160838274,0.20046993696514373,0.0
2023-08-08,71380.71858642966,0.0047787093738261115,0.2939339984516235,5,0.20083974359666487,0.600908900995559,0.1982513554077762,0.0
2023-08-09,71439.35398862799,0.0008214459501038561,0.2933540033941455,5,0.19933333973513873,0.603520570709801,0.1971460895550601,0.0
2023-08-10,70719.62945792031,-0.010074622606781247,0.30047319512654236,5,0.20143427830500363,0.5996260613340065,0.1989396603609899,0.0
2023-08-11,70613.72967828253,-0.0014974594811868489,0.3015207081728444,5,0.201618754591227,0.599143234198884,0.19923801120988893,0.0
2023-08-14,70724.77186499967,0.003975570302384501,0.30042232874586194,3,0.8012306234735216,0.19876937652647853,0.0,0.0
2023-08-15,69978.9904772717,-0.010544839779073811,0.3077992632022545,3,0.8003367013847511,0.19966329861524898,0.0,0.0
2023-08-16,69458.676030998,-0.007435295118221198,0.3129459799613957,3,0.8004149112973791,0.19958508870262087,0.0,0.0
2023-08-17,68975.95006377266,-0.006949829665770116,0.31772088837184664,3,0.7998748447066419,0.2001251552933581,0.0,0.0
2023-08-18,69051.26044473064,0.001091835355487539,0.31697595191546024,3,0.7993870843152506,0.20061291568474923,0.0,0.0
2023-08-21,69226.40693121098,0.0025389284072403805,0.31524348155310766,3,0.8031658620941455,0.19683413790585463,0.0,0.0
2023-08-22,69180.37088915348,-0.0006650069546906216,0.3156988494001446,3,0.80152334299357,0.19847665700642997,0.0,0.0
2023-08-23,70138.17321120016,0.01384500125883046,0.30622469910867056,3,0.799383156490126,0.200616843509874,0.0,0.0
2023-08-24,69268.34784829256,-0.012401597063105478,0.3148286208426596,3,0.7982033881496979,0.20179661185030204,0.0,0.0
2023-08-25,69703.78353734985,0.006286214448350369,0.3105214866194046,3,0.7988090182882048,0.20119098171179514,0.0,0.0
2023-08-28,70071.70250374898,0.0052831104104539,0.30688219748581735,3,0.8008421635364814,0.19915783646351856,0.0,0.0
2023-08-29,71027.79761995001,0.013644525279657276,0.29742493410763204,3,0.8014823561803065,0.19851764381969345,0.0,0.0
2023-08-30,71247.62178324474,0.0030949032725320416,0.29525053223700226,3,0.8023003466061348,0.19769965339386522,0.0,0.0
2023-08-31,71226.93200136368,-0.000290392596457546,0.29545518626479805,3,0.8013591131202075,0.19864088687979253,0.0,0.0
2023-09-01,71112.98417420042,-0.0015997856984920995,0.29658230698175847,3,0.8041402355831676,0.19585976441683237,0.0,0.0
2023-09-05,70463.27091120736,-0.006935163379728325,0.30300897870542576,4,0.25065787474738443,0.2482158512114351,0.24969122802991134,0.2514350460112691
2023-09-06,70288.0647047495,-0.0024864898292706996,0.3047420397909677,4,0.24959343535241396,0.249446521497538,0.2491786469506798,0.2517813961993683
2023-09-07,70334.39048900978,0.0006590846462321871,0.3042838059442232,4,0.24866328872920093,0.249973551301342,0.2492805848362454,0.25208257513321175
2023-09-08,70425.21036840089,0.001291258497581108,0.303385456496744,4,0.24871657874423692,0.25060723909595933,0.24904302022264768,0.25163316193715607
2023-09-11,70450.11354619432,0.00035361169193752967,0.3031391254493875,4,0.25026383911833244,0.24871343791998624,0.2494163278025892,0.25160639515909206
2023-09-12,70067.73925258378,-0.00323576007192604,0.30692140018591285,3,0.7981942523031873,0.20180574769681264,0.0,0.0
2023-09-13,70129.9529117353,0.000887907328182074,0.3063060106181318,3,0.7984160010889702,0.2015839989110299,0.0,0.0
2023-09-14,70510.70139959356,0.005429184992288127,0.3025398176217393,3,0.800951697211695,0.19904830278830493,0.0,0.0
2023-09-15,69744.73168817886,-0.010863169649580508,0.3101164459067417,3,0.7999920823532649,0.2000079176467351,0.0,0.0
2023-09-18,69856.99399520282,0.0016096170177537636,0.30900599759780467,3,0.7991749715293687,0.20082502847063124,0.0,0.0
2023-09-19,69637.7448188604,-0.00313525318754254,0.31117471195580637,3,0.8008516962170706,0.1991483037829294,0.0,0.0
2023-09-20,69168.37800661108,-0.006740120799003909,0.3158174776066329,3,0.798873761124642,0.201126238875358,0.0,0.0
2023-09-21,67897.89648063875,-0.01836795313966867,0.3283845101169346,3,0.8003707458333306,0.19962925416666946,0.0,0.0
2023-09-22,67884.79424547631,-0.0001929696771412762,0.3285141115411805,3,0.7987251820312837,0.2012748179687162,0.0,0.0
2023-09-25,67776.56628244749,-0.0015942887392052442,0.32958465393168557,3,0.8033648433224557,0.1966351566775443,0.0,0.0
2023-09-26,67067.33165645639,-0.00886514866100138,0.33660008423905696,2,0.3976487138545113,0.4021748898123358,0.20017639633315285,0.0
2023-09-27,66772.33270496946,-0.004398549102833228,0.33951808134334693,2,0.3995649329721247,0.4018607427892785,0.19857432423859672,0.0
2023-09-28,66942.69850356811,0.0025514429659273447,0.3378328993978683,2,0.4008586609479489,0.4020621642206834,0.19707917483136758,0.0
2023-09-29,66745.05346116933,-0.002952451078563041,0.33978791536823005,2,0.40106996877757056,0.4032983207704492,0.19563171045198025,0.0
2023-10-02,66146.70533224515,-0.008964681244465202,0.34570650626069777,2,0.4045369750940216,0.40013413294368255,0.19532889196229583,0.0
2023-10-03,65050.69438313244,-0.015011289454965802,0.356547754202973,3,0.8013199094727387,0.19868009052726127,0.0,0.0
2023-10-04,65612.6178410964,0.00863823919625482,0.3509894597924109,3,0.8002425441247142,0.19975745587528587,0.0,0.0
2023-10-05,65527.50357690264,-0.001297224024804144,0.35183137185751934,3,0.8009801334222076,0.1990198665777924,0.0,0.0
2023-10-06,65992.63450954978,0.007098255041888841,0.3472305056248127,3,0.8047774744654023,0.19522252553459762,0.0,0.0
2023-10-09,66635.01219798035,0.009734081586599268,0.3408763941093217,3,0.8021217811382656,0.19787821886173443,0.0,0.0
2023-10-10,66607.2134691429,0.0011932273991980202,0.3411513666468232,2,0.4016027032110715,0.3989708770361676,0.19942641975276082,0.0
2023-10-11,67368.83432494965,0.011434510109923648,0.3336177552878369,2,0.3986889870266899,0.40269920167995,0.1986118112933601,0.0
2023-10-12,66428.32150292405,-0.013960651560172435,0.34292088561214884,2,0.4018687460133362,0.397321707235776,0.20080954675088786,0.0
2023-10-13,67196.4457248791,0.011563203834997381,0.3353229458767626,2,0.39529619734518984,0.39980783228588274,0.20489597036892734,0.0
2023-10-16,66976.55341734283,-0.0032723800368336057,0.33749802179961685,2,0.40076673691199494,0.3946646707235973,0.20456859236440772,0.0
2023-10-17,66719.74953215392,-0.0022408810803944725,0.34003821046664295,3,0.8017599316119535,0.1982400683880465,0.0,0.0
2023-10-18,65890.58614156356,-0.012427555504997311,0.3482399222372461,3,0.8010313253775313,0.1989686746224687,0.0,0.0
2023-10-19,65158.42554461895,-0.011111763300626722,0.35548212595014383,3,0.802914903098858,0.19708509690114198,0.0,0.0
2023-10-20,64588.48086567085,-0.008747060325418918,0.3611197626752687,3,0.8000467593132659,0.19995324068673417,0.0,0.0
2023-10-23,64654.057395988384,0.0010152976109458652,0.3604711090966324,3,0.7978499196012656,0.20215008039873453,0.0,0.0
2023-10-24,65213.855129384734,0.00866702912261914,0.35493384139854356,3,0.7991057618216277,0.2008942381783722,0.0,0.0
2023-10-25,64174.272143830734,-0.015941136795109858,0.3652169292747055,3,0.800396065627484,0.199603934372516,0.0,0.0
2023-10-26,63755.68246154528,-0.006522702452273787,0.36935743036678725,3,0.796003787479432,0.20399621252056796,0.0,0.0
2023-10-27,63470.38743643591,-0.004474817209923891,0.37217944059069263,3,0.7959574138952827,0.20404258610471723,0.0,0.0
2023-10-30,64016.05258777888,0.008597161186221716,0.366781966045427,3,0.7986078360274939,0.2013921639725062,0.0,0.0
2023-10-31,64274.83028722339,0.004047978833037481,0.36422225329449087,3,0.8017787336632143,0.19822126633678563,0.0,0.0
2023-11-01,65100.67216539345,0.012848604570088086,0.35605339643261,3,0.8000499924984373,0.1999500075015628,0.0,0.0
2023-11-02,66395.5680790436,0.019890668876050257,0.3432448677671939,3,0.7994802259995963,0.2005197740004036,0.0,0.0
2023-11-03,66970.1047028913,0.008653237564948823,0.3375618095859839,3,0.7998528712652716,0.20014712873472837,0.0,0.0
2023-11-06,66963.31081880856,-0.00010144652024794514,0.3376290116352807,3,0.8017742039478247,0.19822579605217527,0.0,0.0
2023-11-07,67312.84256249653,0.00522688394051044,0.33417160064857043,3,0.7981052910549475,0.20189470894505257,0.0,0.0
2023-11-08,67583.68143462921,0.004023583937659628,0.3314925841957024,3,0.7954890580373128,0.20451094196268724,0.0,0.0
2023-11-09,66846.48988462362,-0.010907833582854675,0.3387845518361998,3,0.7979896275520395,0.20201037244796047,0.0,0.0
2023-11-10,67754.50600132128,0.0135836020449973,0.3298028643223382,3,0.7995808403938762,0.20041915960612386,0.0,0.0
2023-11-13,67672.0131210865,-0.0012175261115943258,0.33061884683494147,3,0.7997925779793054,0.20020742202069464,0.0,0.0
2023-11-14,69029.05752184674,0.020054105246815758,0.31719557325430037,3,0.7994875508113397,0.20051244918866032,0.0,0.0
2023-11-15,68951.63012759882,-0.0011216637895340236,0.3179614502551146,3,0.802079685900515,0.197920314099485,0.0,0.0
2023-11-16,69188.8646940295,0.0034405940220943306,0.31561483249802447,3,0.8003072272659526,0.19969277273404734,0.0,0.0
2023-11-17,69322.48744314387,0.0019312753534153997,0.3142930962917848,3,0.7997580584870817,0.20024194151291816,0.0,0.0
2023-11-20,69834.04711877409,0.007379418923041146,0.3092329777909004,3,0.8000107386950067,0.1999892613049932,0.0,0.0
2023-11-21,69799.78132102882,0.0011111461703839799,0.30957191966880515,2,0.39868520498458554,0.3993795944136517,0.20193520060176273,0.0
2023-11-22,69945.67052274014,0.00209010972456122,0.30812884922399486,2,0.3993897217739878,0.3999551676553846,0.20065511057062765,0.0
2023-11-24,69706.44496387859,-0.0034201624928846827,0.31049516098378793,2,0.4010069872461482,0.3966019649084363,0.20239104784541556,0.0
2023-11-27,70212.95301920737,0.007266301639557946,0.3054850108415613,2,0.3973971783845901,0.40031796255418006,0.20228485906122992,0.0
2023-11-28,70485.34156825076,0.003879462938538941,0.30279066568086144,2,0.3962533803588488,0.39955707435617055,0.2041895452849807,0.0
2023-11-29,70671.39428748176,0.0038273650072165747,0.30095031576359943,4,0.24887165384813215,0.2521775847796637,0.24941525673845927,0.24953550463374483
2023-11-30,70450.51803057746,-0.0031253983189551103,0.303135124471578,4,0.2506348843690226,0.25004606789166034,0.24915441310944755,0.2501646346298696
2023-12-01,71241.24532320099,0.01122386768370287,0.29531360531522677,4,0.24931931385935666,0.2519279413560901,0.2506444815825321,0.2481082632020213
2023-12-04,70664.67321300802,-0.00809323458029433,0.30101679761295264,4,0.25003406639108416,0.2529728717298842,0.24722807027902788,0.24976499160000376
2023-12-05,71000.89725888311,0.004758021661850503,0.2976910203947253,4,0.24880101224701812,0.25718446892769264,0.24512736384904182,0.24888715497624733
2023-12-06,71224.8119335149,0.0031825172916414494,0.2954761570235498,4,0.24820266505404728,0.25252581379704175,0.25012569448857985,0.249145826660331
2023-12-07,71298.95865452517,0.001041023752782658,0.2947427309686096,4,0.24983643702862904,0.25081593231084764,0.25027793858442166,0.24906969207610177
2023-12-08,70952.01506813876,-0.0048660400226529675,0.2981745410659833,4,0.2521374394764234,0.24997993155588147,0.24814662440211369,0.24973600456558145
2023-12-11,70793.9937230608,-0.0022271579591671624,0.29973761722279435,4,0.2536831629704693,0.2500078812667796,0.2459541459770055,0.2503548097857456
2023-12-12,70921.24674013835,0.0017975114891152038,0.29847888754435725,4,0.2543845459840171,0.2503000575731664,0.24537911720726896,0.24993627923554754
2023-12-13,72069.60956778369,0.016211126791968424,0.2871197983379272,4,0.24940438944141388,0.25178376887819415,0.2515625214354468,0.24724932024494523
2023-12-14,72736.16962188097,0.009248836757889732,0.2805264857248232,4,0.24791192230276193,0.2559660772707742,0.25071846588262875,0.24540353454383512
2023-12-15,72540.35182959247,-0.002692165305190816,0.2824634273579584,4,0.24817184784178498,0.25694207837683564,0.24909084584672284,0.2457952279346565
2023-12-18,72573.06072842724,0.00045090626127090297,0.2821398856246632,4,0.24945535528154417,0.2547799760054014,0.25011030879007234,0.245654359922982
2023-12-19,72913.009087062,0.004684222426650265,0.2787772691777084,4,0.2498021179367337,0.25495855090120023,0.2506404897690841,0.24459884139298188
2023-12-20,72707.54797202053,-0.0027955602306235,0.28080959822739915,4,0.24722683818255334,0.25239934570648614,0.2493355367766682,0.25103827933429224
2023-12-21,72907.88215755159,0.002755342342285461,0.27882798246122975,4,0.24888524902374456,0.2501130321908037,0.250408536220507,0.2505931825649446
2023-12-22,72949.05404848423,0.0005647111082403584,0.27842072861197353,4,0.24924468991645668,0.24883486295160748,0.25137699673033054,0.25054345040160536
2023-12-26,73208.2683376683,0.003553360527633222,0.275856697311465,4,0.2494108545100925,0.24865882832610878,0.2523958204222419,0.24953449674155692
2023-12-27,73669.99659069591,0.006307050603873392,0.2712894888569525,4,0.24829580040092986,0.2514788840832856,0.25195207832617017,0.24827323718961433
2023-12-28,73432.83025639605,-0.0032056271247058,0.27363543169245685,4,0.25089873234369026,0.24898241078889358,0.2493454491207141,0.2507734077467021
2023-12-29,73194.86860074205,-0.0032405349871866998,0.2759892414895103,4,0.2509857285298368,0.2475387450614371,0.2497641338575222,0.2517113925512039
2024-01-02,72922.13113633738,-0.0037261828543251455,0.278687037964219,4,0.2505145959362882,0.24703232500296624,0.25010816033288885,0.25234491872785675
2024-01-03,72700.50714825696,-0.0030391869330597563,0.28087924289308475,4,0.24922618500075494,0.24881877562860558,0.24877914253895794,0.25317589683168157
2024-01-04,72374.23516440725,-0.004487891441862359,0.28410657878457046,4,0.24954331539419974,0.24614280819788045,0.2501517230501689,0.2541621533577509
2024-01-05,72051.42406542497,-0.00324700104006922,0.28729968115769755,2,0.40185260250306915,0.39746408749873186,0.200683309998199,0.0
2024-01-08,72634.29553389816,0.008089659240376962,0.2815341784377554,2,0.4043186715734474,0.39816445776857917,0.19751687065797344,0.0
2024-01-09,72409.93504261038,-0.003088905724749133,0.2837534516270156,2,0.4049561665918605,0.3968516875424003,0.19819214586573924,0.0
2024-01-10,72409.09154539865,-1.164891545933919e-05,0.28376179512250554,2,0.40725112601759345,0.39500789761443467,0.19774097636797192,0.0
2024-01-11,72584.94755124694,0.0024286453827145264,0.2820223065133062,2,0.4060854507488278,0.39626339373889513,0.197651155512277,0.0
2024-01-12,72688.4360613895,0.0014501342820361402,0.2809986446616244,2,0.39969741866503566,0.39863621095707247,0.20166637037789198,0.0
2024-01-16,71932.33337077328,-0.010401966689414493,0.2884776728094981,2,0.40241597698614984,0.3957314359542445,0.20185258705960563,0.0
2024-01-17,71566.4486126379,-0.005086513129630318,0.2920968404687777,2,0.4022249919865383,0.397125412285384,0.20064959572807764,0.0
2024-01-18,71676.47011580807,0.0015373335592724364,0.29100855718491525,2,0.40517900750385233,0.39282999983473615,0.20199099266141163,0.0
2024-01-19,72171.84830219307,0.0069113083496525635,0.28610849870635513,2,0.4074142640304484,0.39138163120464625,0.20120410476490533,0.0
2024-01-22,72266.17429244664,0.0028818321691116205,0.28517546838529184,3,0.7993878080941952,0.20061219190580476,0.0,0.0
2024-01-23,72319.77165795008,0.0007416660149540096,0.2846453073235379,3,0.8011249343588229,0.19887506564117718,0.0,0.0
2024-01-24,72298.87021651014,-0.0002890142067759968,0.28485205499260524,3,0.8022326312053094,0.19776736879469053,0.0,0.0
2024-01-25,72707.76331538385,0.005655594584662681,0.28080746814758895,3,0.8020597747199268,0.19794022528007305,0.0,0.0
2024-01-26,72606.10869679452,-0.0013981260590893868,0.2818129899678742,3,0.8021624149297167,0.1978375850702832,0.0,0.0
2024-01-29,73155.19002772096,0.00918589395683546,0.2763817241088359,2,0.3994979770671685,0.40092363178110985,0.19957839115172177,0.0
2024-01-30,73418.64856407358,0.003601364937371951,0.2737757106219999,2,0.3977565276864313,0.403106722068618,0.19913675024495067,0.0
2024-01-31,73221.93280840365,-0.0026793704258700262,0.27572153450550785,2,0.3923173944139553,0.40815908667562967,0.19952351891041495,0.0
2024-02-01,74336.09485144491,0.015216233719978755,0.26470074409619593,2,0.3914949842876776,0.4099279136089679,0.19857710210335436,0.0
2024-02-02,73829.82001458407,-0.0068106192270739226,0.2697085873461076,2,0.3983292622228215,0.4036220102930156,0.1980487274841629,0.0
2024-02-05,73043.45490171945,-0.0106367161777616,0.2774869577799268,2,0.40282834316512933,0.39613609624165846,0.20103556059321223,0.0
2024-02-06,73488.41070335577,0.0060916587562158024,0.27308565487980685,2,0.401551714349878,0.3975859606864538,0.20086232496366813,0.0
2024-02-07,73589.21275786032,0.001371672805817819,0.27208856624044664,2,0.4043462497439477,0.39511976056550246,0.20053398969054967,0.0
2024-02-08,73419.97387378206,-0.002299778428601185,0.27376260125373897,2,0.4054572551675143,0.39372777619597427,0.20081496863651144,0.0
2024-02-09,73476.46459158437,0.000769418930867755,0.27320382045083935,2,0.4074870262053778,0.3926301881149061,0.1998827856797161,0.0
2024-02-12,73457.43598358391,-0.00022903430664655995,0.27339204289286545,2,0.39991603738801357,0.40056065882940195,0.19952330378258448,0.0
2024-02-13,72346.54793995775,-0.015122880737008355,0.28438044837075793,2,0.40046409380334475,0.3997423127511866,0.19979359344546863,0.0
2024-02-14,72748.40213104422,0.005554573127939291,0.28040548723945,2,0.4018712318414332,0.3995572541364255,0.1985715140221412,0.0
2024-02-15,73197.56854367754,0.00617424437480044,0.27596253486690103,2,0.40216091893515904,0.39915910811539235,0.1986799729494485,0.0
2024-02-16,72935.12779975691,-0.0035853751585207343,0.27855848080822754,2,0.40159809814781516,0.3982767258492858,0.20012517600289897,0.0
2024-02-20,72887.62785730863,-0.0006443742397224802,0.27902832890029505,2,0.3980543182412971,0.400603099770892,0.2013425819878109,0.0
2024-02-21,72707.12600492185,-0.0024764402093060845,0.2808137721363769,2,0.3994039836730609,0.39874282288479584,0.20185319344214323,0.0
2024-02-22,73455.89892163221,0.010298480463382156,0.2734072468191898,2,0.4035142609709321,0.39660487952340684,0.19988085950566106,0.0
2024-02-23,73949.3112812246,0.006717123700559355,0.26852663341614436,2,0.4010983704288091,0.3992323442973823,0.19966928527380856,0.0
2024-02-26,73719.74567784845,-0.0031043643192716686,0.2707973932358648,2,0.400873774313515,0.3992811499980171,0.19984507568846782,0.0
2024-02-27,73550.64155824011,-0.0022903911362143203,0.27247009521956156,2,0.4016630647965713,0.3980908299103717,0.20024610529305692,0.0
2024-02-28,73724.12879761557,0.00235874542628011,0.2707540373841787,2,0.400188268270102,0.3996755534210151,0.20013617830888292,0.0
2024-02-29,74114.13764442697,0.005290111299680902,0.2668962450770981,2,0.3995134862626721,0.40037817610205284,0.2001083376352752,0.0
2024-03-01,74857.47950791259,0.010029690516698705,0.2595434412985915,2,0.3992597248906572,0.39887240277358493,0.20186787233575795,0.0
2024-03-04,74949.74761202457,0.0012325836338402455,0.2586307666627665,2,0.39834057111477733,0.3967788767817829,0.2048805521034398,0.0
2024-03-05,75165.86313534812,0.00290305121163454,0.2564930489926813,2,0.3948560605275607,0.40452232595775234,0.20062161351468696,0.0
2024-03-06,75618.57194062746,0.00602279793507028,0.25201505686344416,2,0.39448101672607405,0.40446011948762134,0.20105886378630475,0.0
2024-03-07,75972.42125473097,0.004679396939436375,0.24851493840978656,2,0.3965412637936727,0.40219886018175427,0.20125987602457304,0.0
2024-03-08,75866.65928741981,-0.0013921099994502926,0.2495610882784638,2,0.3947105725737881,0.4020454546988292,0.2032439727273828,0.0
2024-03-11,75853.28412998102,-0.0001762982259193009,0.24969338932726104,2,0.39444071484734294,0.4019064520114213,0.2036528331412358,0.0
2024-03-12,75475.92117184437,-0.0009788212824762,0.2534260941845454,0,0.0,0.0,0.0,1.0
2024-03-13,75438.93855311214,-0.0004899922804258,0.2537919096351623,0,0.0,0.0,0.0,1.0
2024-03-14,75374.26136391202,-0.0008573448996049,0.2544316673354805,0,0.0,0.0,0.0,1.0
2024-03-15,75327.99840483932,-0.0006137766159903,0.2548892797436927,0,0.0,0.0,0.0,1.0
2024-03-18,75337.2556214082,0.0001228921087099,0.254797711516058,0,0.0,0.0,0.0,1.0
2024-03-19,75401.97135022769,0.0008590136219548,0.2541575725991383,0,0.0,0.0,0.0,1.0
2024-03-20,75522.13017545005,0.0015935767072221,0.2529690154795743,0,0.0,0.0,0.0,1.0
2024-03-21,75522.13017545005,0.0,0.2529690154795743,0,0.0,0.0,0.0,1.0
2024-03-22,75577.60410354841,0.0007345387103023,0.2524202923036487,0,0.0,0.0,0.0,1.0
2024-03-25,75540.66002443554,-0.0004888231050863,0.2527857265376643,0,0.0,0.0,0.0,1.0
2024-03-26,75559.09737833455,0.0002440719195868,0.2526033525155976,0,0.0,0.0,0.0,1.0
2024-03-27,75642.31212444403,0.0011013200130329,0.2517802296300493,0,0.0,0.0,0.0,1.0
2024-03-28,75596.10312083841,-0.0006108883019017,0.2522373083350199,0,0.0,0.0,0.0,1.0
2024-04-01,75438.42983013674,-0.0020857330496208,0.2537969416942989,0,0.0,0.0,0.0,1.0
2024-04-02,75475.50494395543,0.0004914618968365,0.2534302113238387,0,0.0,0.0,0.0,1.0
2024-04-03,75531.17927807441,0.0007376477197513,0.2528795058215866,0,0.0,0.0,0.0,1.0
2024-04-04,75605.35262948342,0.0009820229489059,0.2521458163507053,0,0.0,0.0,0.0,1.0
2024-04-05,75484.79299221978,-0.0015945912963922,0.25333833812292295,0,0.0,0.0,0.0,1.0
2024-04-08,75410.58880911532,-0.0009830348625599,0.25407233256708506,0,0.0,0.0,0.0,1.0
2024-04-09,75484.79299221978,0.0009840021709988,0.25333833812292295,0,0.0,0.0,0.0,1.0
2024-04-10,75178.75758285238,-0.0040542657300384,0.25636550291060467,0,0.0,0.0,0.0,1.0
2024-04-11,75271.50703079008,0.0012337188179183,0.25544806703789225,0,0.0,0.0,0.0,1.0
2024-04-12,75317.85477702536,0.0006157409099878,0.25498961595315695,0,0.0,0.0,0.0,1.0
2024-04-15,75290.02917185167,-0.0003694423487773,0.2552648543393028,0,0.0,0.0,0.0,1.0
2024-04-16,75243.65830184476,-0.0006158965605003,0.25572353415399895,0,0.0,0.0,0.0,1.0
2024-04-17,75299.30180426827,0.0007395108595105,0.2551731336250277,0,0.0,0.0,0.0,1.0
2024-04-18,75262.20356667797,-0.0004926770461528,0.25554009272544853,0,0.0,0.0,0.0,1.0
2024-04-19,75280.7719552828,0.0002467159839185,0.25535642256693736,0,0.0,0.0,0.0,1.0
2024-04-22,75317.85477702536,0.0004925935372259,0.25498961595315695,0,0.0,0.0,0.0,1.0
2024-04-23,75382.77861978936,0.0008619980342801,0.25434741846659026,0,0.0,0.0,0.0,1.0
2024-04-24,75354.96072253953,-0.0003690219140121,0.2546225806094159,0,0.0,0.0,0.0,1.0
2024-04-25,75299.30180426827,-0.000738623147535,0.2551731336250277,0,0.0,0.0,0.0,1.0
2024-04-26,75317.85477702536,0.0002463897049844,0.25498961595315695,0,0.0,0.0,0.0,1.0
2024-04-29,75354.96072253953,0.0004926580241035,0.2546225806094159,0,0.0,0.0,0.0,1.0
2024-04-30,75262.20356667797,-0.0012309362910173,0.25554009272544853,0,0.0,0.0,0.0,1.0
2024-05-01,75412.96284966753,0.0020031207677302,0.2540488496244444,0,0.0,0.0,0.0,1.0
2024-05-02,75524.61212693648,0.0014805051154338,0.25294446513044966,0,0.0,0.0,0.0,1.0
2024-05-03,75645.54174454592,0.0016011948185339,0.2517482836788594,0,0.0,0.0,0.0,1.0
2024-05-06,75636.27682005319,-0.0001224781299606,0.25183992814981426,0,0.0,0.0,0.0,1.0
2024-05-07,75645.54174454593,0.0001224931326906,0.25174828367885926,0,0.0,0.0,0.0,1.0
2024-05-08,75626.94252424562,-0.0002458733174668,0.2519322588106514,0,0.0,0.0,0.0,1.0
2024-05-09,75692.08989680186,0.0008614307333045,0.2512878502677972,0,0.0,0.0,0.0,1.0
2024-05-10,75626.9425242456,-0.000860689309082,0.2519322588106515,0,0.0,0.0,0.0,1.0
2024-05-13,75645.54174454592,0.0002459337860227,0.2517482836788594,0,0.0,0.0,0.0,1.0
2024-05-14,75719.98487329038,0.0009841046415643,0.2510119256917692,0,0.0,0.0,0.0,1.0
2024-05-15,75859.55225081948,0.0018432039805957,0.24963138789178552,0,0.0,0.0,0.0,1.0
2024-05-16,75803.73917407081,-0.000735742238026,0.25018346577380246,0,0.0,0.0,0.0,1.0
2024-05-17,75757.22956143423,-0.000613553013919,0.25064351796826323,0,0.0,0.0,0.0,1.0
2024-05-20,75738.62263321005,-0.0002456125749568,0.2508275693433757,0,0.0,0.0,0.0,1.0
2024-05-21,75775.82878173453,0.0004912440605722,0.2504595428364712,0,0.0,0.0,0.0,1.0
2024-05-22,75719.98487329036,-0.0007369620278916,0.25101192569176933,0,0.0,0.0,0.0,1.0
2024-05-23,75682.78643268974,-0.0004912631805575,0.2513798759553537,0,0.0,0.0,0.0,1.0
2024-05-24,75710.68911710214,0.0003686794015864,0.2511038751360053,0,0.0,0.0,0.0,1.0
2024-05-28,75645.54174454589,-0.000860477870641,0.2517482836788597,0,0.0,0.0,0.0,1.0
2024-05-29,75617.62364428575,-0.0003690647144073,0.25202443698484855,0,0.0,0.0,0.0,1.0
2024-05-30,75701.37023714231,0.001107500987475,0.251196053310202,0,0.0,0.0,0.0,1.0
2024-05-31,75803.73917407078,0.0013522732363733,0.2501834657738028,0,0.0,0.0,0.0,1.0
2024-06-03,75889.61315391569,0.0011328462260642,0.24933403894276396,0,0.0,0.0,0.0,1.0
2024-06-04,75964.27981245243,0.0009838850856347,0.24859546989938608,0,0.0,0.0,0.0,1.0
2024-06-05,76038.97730268464,0.000983323878231,0.24785659588272713,0,0.0,0.0,0.0,1.0
2024-06-06,75710.9775452078,-0.00031483335970686915,0.25110102213475616,3,0.8002370291150344,0.1997629708849656,0.0,0.0
2024-06-07,75359.8564775026,-0.004637650695971168,0.2545741540006651,3,0.802988125869802,0.1970118741301981,0.0,0.0
2024-06-10,75447.85113023048,0.0011676595052187864,0.2537037504261481,3,0.8045297586491774,0.19547024135082267,0.0,0.0
2024-06-11,75746.56527202338,0.003959213381402825,0.2507490043283447,3,0.8032870483199621,0.19671295168003797,0.0,0.0
2024-06-12,76358.25728568019,0.008075508261794847,0.24469842172264022,3,0.8033966022740866,0.19660339772591343,0.0,0.0
2024-06-13,76382.71854535394,0.00253955652188825,0.2444564619307984,4,0.24986879253668862,0.25303227054962063,0.24733434320937514,0.24976459370431567
2024-06-14,76804.13371495985,0.005517153325142414,0.24028801238745012,4,0.24864894589753386,0.25376149716126717,0.2491650024618071,0.24842455447939182
2024-06-17,76644.55391011218,-0.002077750208601065,0.24186650412818878,4,0.25114978430264373,0.25176496087001565,0.24838751162084427,0.2486977432064964
2024-06-18,76972.51508191785,0.004278988591809149,0.23862245954828487,4,0.2507150786589791,0.25299235578147106,0.24832030813400957,0.24797225742554047
2024-06-20,77022.00232898557,0.0006429210090776914,0.23813295393168854,4,0.24987334767516525,0.2511459193997651,0.2512588856168468,0.2477218473082228
2024-06-21,76704.20050112503,-0.004116537828037251,0.24127650684521884,4,0.2506968511299611,0.25103338843961204,0.24714406837896052,0.25112569205146634
2024-06-24,76796.94929750847,0.0012091749314572576,0.24035907741738827,4,0.24958011494640023,0.25174421148515097,0.24782249668598832,0.2508531768824605
2024-06-25,76811.46578459252,0.00018902426745909218,0.24021548684846517,4,0.25049389466219224,0.2521235317476871,0.24654613936417727,0.25083643422594365
2024-06-26,76365.19308963981,-0.0058099749873830485,0.24462981586567656,4,0.2522722167287311,0.2499741234537534,0.24569847212026524,0.25205518769725027
2024-06-27,76698.24989115869,0.004361369205574084,0.24133536760578433,4,0.25157271272266685,0.24987719847114445,0.24740491324567163,0.251145175560517
2024-06-28,76269.3474973136,-0.005581264490055727,0.24557787740778425,4,0.250413859684879,0.24672562657200972,0.25142652203899574,0.2514339917041155
2024-07-01,76017.32938271575,-0.00330431717154449,0.2480707273820586,4,0.2517611159295175,0.2432712762485243,0.2529171032963476,0.2520505045256105
2024-07-02,76305.70378994923,0.003793535100156383,0.2452182572935474,4,0.25249752499625433,0.24423877693949733,0.2519495797833857,0.2513141182808626
2024-07-03,76881.45072024544,0.007545267282785296,0.2395232273046607,4,0.2517250253068055,0.24559330110761776,0.25288174711928185,0.24979992646629487
2024-07-05,77446.92826285932,0.007355188245231376,0.23392977748536048,4,0.25132802859940306,0.24581850213869832,0.25442099784241073,0.24843247141948785
2024-07-08,77381.67686868168,0.00135513154113488,0.23457521496336353,3,0.7998391198264558,0.20016088017354414,0.0,0.0
2024-07-09,77373.40244560302,-0.00010693000479561752,0.23465706183929813,3,0.8007025003368039,0.19929749966319607,0.0,0.0
2024-07-10,78034.87778869999,0.008549130866540643,0.22811404490317966,3,0.8017713200479702,0.19822867995202975,0.0,0.0
2024-07-11,77645.6843325603,-0.004987429559299583,0.23196377173203775,3,0.7988422529558388,0.20115774704416123,0.0,0.0
2024-07-12,78103.70201068817,0.005898816940889622,0.22743326661751373,3,0.7991667331650465,0.20083326683495342,0.0,0.0
2024-07-15,78095.6921312018,-9.922167859464001e-05,0.22751249674707563,3,0.8022797446165553,0.19772025538344476,0.0,0.0
2024-07-16,78685.07594023208,0.007546943921569011,0.2216825768799131,3,0.8009923115950636,0.1990076884049363,0.0,0.0
2024-07-17,77804.7079674649,-0.011188500007751078,0.23039078137452496,3,0.7986978161136721,0.20130218388632795,0.0,0.0
2024-07-18,77207.41083631033,-0.007676876461053463,0.2362989762692006,3,0.7986912052983866,0.20130879470161347,0.0,0.0
2024-07-19,76706.46738727143,-0.006488281935797116,0.24125408382582292,3,0.7985688130087442,0.20143118699125584,0.0,0.0
2024-07-22,77294.10966025133,0.00766669076077954,0.23544139045091206,3,0.8020983524732469,0.19790164752675304,0.0,0.0
2024-07-23,77175.40389297275,-0.0015357673152632118,0.23661557457406057,3,0.8020720513984095,0.19792794860159055,0.0,0.0
2024-07-24,75607.49421562867,-0.020316183631749536,0.25212463274263164,3,0.8001511725196915,0.1998488274803085,0.0,0.0
2024-07-25,75416.10916400183,-0.00253129737484776,0.25401772769648356,3,0.7980021182864545,0.2019978817135454,0.0,0.0
2024-07-26,76208.99580106392,0.010513491690984372,0.246174849274999,3,0.7985439008541861,0.20145609914581383,0.0,0.0
2024-07-29,76326.35128050492,0.00154574976000738,0.24501402159254337,3,0.7992350079270328,0.20076499207296708,0.0,0.0
2024-07-30,76076.2833355593,-0.0032762989550830764,0.24748758136470217,3,0.7977993773265075,0.20220062267349245,0.0,0.0
2024-07-31,77220.18946366993,0.01503630406160948,0.23617257582796458,3,0.7987570390074081,0.20124296099259192,0.0,0.0
2024-08-01,76480.76445097616,-0.009575539995814834,0.24348663587802422,3,0.7950589729176878,0.20494102708231227,0.0,0.0
2024-08-02,75837.06904716867,-0.008416435275305022,0.24985378164206007,3,0.7868789857083347,0.2131210142916653,0.0,0.0
2024-08-05,74146.5015615029,-0.02224078268553772,0.26657611574838347,3,0.7943683732093464,0.2056316267906536,0.0,0.0
2024-08-06,74348.4794925327,0.0027240385827544873,0.26457824079016834,3,0.7995141826207712,0.20048581737922883,0.0,0.0
2024-08-07,73846.23394828619,-0.006755290056697905,0.26954622808763773,3,0.7995716279621319,0.2004283720378681,0.0,0.0
2024-08-08,75120.15258074093,0.017250962768756314,0.25694519726408005,3,0.8041826399769579,0.19581736002304218,0.0,0.0
2024-08-09,75531.6053109669,0.005477261641391429,0.25287529169560286,3,0.8033287962212282,0.19667120377877165,0.0,0.0
2024-08-12,75617.27295831687,0.00114752650059178,0.25202790581291235,3,0.7995028733216257,0.20049712667837433,0.0,0.0
2024-08-13,76716.65855709754,0.014538815746326879,0.241153277352132,3,0.8010055152483523,0.19899448475164772,0.0,0.0
2024-08-14,77006.24465931593,0.003774748635628446,0.23828882172116583,3,0.8005107843908161,0.1994892156091838,0.0,0.0
2024-08-15,77938.87136234382,0.012111052904267046,0.22906369734325938,3,0.8044885582859159,0.19551144171408422,0.0,0.0
2024-08-16,78132.80464227729,0.0024882741633742316,0.2271453964597513,3,0.8042909200055944,0.1957090799944055,0.0,0.0
2024-08-19,78423.32878587917,0.00534414361330712,0.22427166214482042,2,0.40167790255810254,0.399711107624011,0.1986109898178864,0.0
2024-08-20,78679.0502244877,0.003260782761552018,0.2217421805530948,2,0.3997213454914121,0.40158665603003396,0.19869199847855396,0.0
2024-08-21,78785.50113767096,0.00135297659134841,0.22068921594134927,2,0.4005531221315863,0.40128796296149866,0.19815891490691506,0.0
2024-08-22,78037.037579383,-0.009500016468513551,0.22809268122399662,2,0.4012209367910028,0.4011152944712037,0.19766376873779357,0.0
2024-08-23,78752.87006046847,0.009172983794487154,0.22101198789801824,2,0.40179832945102606,0.40007165163363617,0.19813001891533782,0.0
2024-08-26,78437.5402066307,-0.00241508276975408,0.22413108915501223,3,0.8000251694323385,0.19997483056766158,0.0,0.0
2024-08-27,78496.53575838459,0.0007521341388125055,0.22354753165992236,3,0.8005216500075448,0.1994783499924552,0.0,0.0
2024-08-28,78112.55600345269,-0.004891677718285706,0.22734568689860946,3,0.7997865942425051,0.20021340575749497,0.0,0.0
2024-08-29,78066.99493947423,-0.0005832745247312255,0.22779635647586527,3,0.8003249179846391,0.19967508201536094,0.0,0.0
2024-08-30,78497.20507093634,0.005510781243669558,0.22354091112083907,3,0.803536763243202,0.19646323675679805,0.0,0.0
2024-09-03,77460.55185649732,-0.013192283208933401,0.23379501901728694,3,0.7940115127786757,0.20598848722132437,0.0,0.0
2024-09-04,77540.34304148574,0.0010300880006153083,0.23300576046036492,3,0.7915710072174338,0.2084289927825663,0.0,0.0
2024-09-05,77482.46606046394,-0.0007464112067551616,0.23357825355627393,3,0.7902356040760742,0.20976439592392584,0.0,0.0
2024-09-06,76450.33169932992,-0.013320876497768964,0.2437876629858552,3,0.7874249668999157,0.21257503310008433,0.0,0.0
2024-09-09,77194.53147845168,0.00973442184722779,0.23642637309128156,3,0.7885650437253613,0.2114349562746387,0.0,0.0
2024-09-10,77568.05447011779,0.00488468672558842,0.23273165145727703,3,0.7995788571008225,0.20042114289917756,0.0,0.0
2024-09-11,78191.9811405654,0.00804360344873652,0.22656004912283245,3,0.801336077716127,0.19866392228387295,0.0,0.0
2024-09-12,78647.19311625994,0.005821721985483366,0.22205729675635966,3,0.8034086082255876,0.19659139177441246,0.0,0.0
2024-09-13,79018.89393341867,0.004726180330546312,0.21838059925399766,3,0.8038057963538651,0.19619420364613493,0.0,0.0
2024-09-16,79254.74018205078,0.0029846817247383864,0.21604771411289014,3,0.8025973716617569,0.1974026283382431,0.0,0.0
2024-09-17,79203.17391442975,-0.0006402567043599801,0.21655778446683138,3,0.8008396410044334,0.19916035899556656,0.0,0.0
2024-09-18,78819.52083717221,-0.004843910392682382,0.2203527083567185,3,0.8023510068997964,0.19764899310020356,0.0,0.0
2024-09-19,79847.06564144879,0.013036679154638893,0.21018869676178198,3,0.8055410497505444,0.19445895024945575,0.0,0.0
2024-09-20,79676.43710903412,-0.0021369418029821316,0.21187647755213956,3,0.8058706879246623,0.19412931207533765,0.0,0.0
2024-09-23,79804.0364610612,0.0016014690999859443,0.21061432208396735,3,0.8065926603899571,0.19340733961004303,0.0,0.0
2024-09-24,79561.24956622701,0.0009615578258459,0.21301586097932546,0,0.0,0.0,0.0,1.0
2024-09-25,79494.37006736094,-0.0008406039275489,0.21367740293750492,0,0.0,0.0,0.0,1.0
2024-09-26,79417.97205020911,-0.0009610494062297,0.21443309780251674,0,0.0,0.0,0.0,1.0
2024-09-27,79542.1422534745,0.0015635025682461,0.21320486193340182,0,0.0,0.0,0.0,1.0
2024-09-30,79427.52180235308,-0.001441002817804,0.2143386359443904,0,0.0,0.0,0.0,1.0
2024-10-01,79478.33148117637,0.0006396986544503,0.21383604942695034,0,0.0,0.0,0.0,1.0
2024-10-02,79459.13827531382,-0.0002414897935685,0.2140258999970852,0,0.0,0.0,0.0,1.0
2024-10-03,79353.7240038962,-0.0013266475537699,0.2150686106141806,0,0.0,0.0,0.0,1.0
2024-10-04,79085.39392811879,-0.0033814427633445,0.21772281118054115,0,0.0,0.0,0.0,1.0
2024-10-07,78979.94842284298,-0.0013333120066602,0.21876583074893063,0,0.0,0.0,0.0,1.0
2024-10-08,79047.04655871644,0.0008495591249848,0.21810212613169344,0,0.0,0.0,0.0,1.0
2024-10-09,78970.36743684081,-0.0009700441093478,0.21886060155835096,0,0.0,0.0,0.0,1.0
2024-10-10,79037.4577642497,0.0008495633183238,0.21819697417893735,0,0.0,0.0,0.0,1.0
2024-10-11,79104.5480916586,0.0008488421731505,0.21753334679952385,0,0.0,0.0,0.0,1.0
2024-10-14,79066.19291379167,-0.000484866910844,0.21791273898849972,0,0.0,0.0,0.0,1.0
2024-10-15,79104.5480916586,0.0004851021208107,0.21753334679952385,0,0.0,0.0,0.0,1.0
2024-10-16,79152.45302166948,0.0006055900851034,0.21705949275242165,0,0.0,0.0,0.0,1.0
2024-10-17,79085.39392811878,-0.0008472143438479,0.21772281118054138,0,0.0,0.0,0.0,1.0
2024-10-18,79152.45302166947,0.0008479327246146,0.21705949275242176,0,0.0,0.0,0.0,1.0
2024-10-21,79037.45776424967,-0.0014528325153525,0.21819697417893769,0,0.0,0.0,0.0,1.0
2024-10-22,79027.86896978295,-0.0001213196215815,0.2182918222261815,0,0.0,0.0,0.0,1.0
2024-10-23,78979.94842284296,-0.0006063752896882,0.21876583074893075,0,0.0,0.0,0.0,1.0
2024-10-24,79018.30360070987,0.0004856318424211,0.218386438559955,0,0.0,0.0,0.0,1.0
2024-10-25,78989.53721730968,-0.0003640470889573,0.21867098270168683,0,0.0,0.0,0.0,1.0
2024-10-28,78951.20546483643,-0.0004852763267597,0.21905014317719207,0,0.0,0.0,0.0,1.0
2024-10-29,78979.94842284296,0.0003640597738476,0.21876583074893075,0,0.0,0.0,0.0,1.0
2024-10-30,78912.88932929227,-0.0008490647928975,0.21942914917705025,0,0.0,0.0,0.0,1.0
2024-10-31,78932.04349283208,0.0002427254115595,0.21923968479603295,0,0.0,0.0,0.0,1.0
2024-11-01,78906.0881566697,-0.0003288314227508,0.2194964233213087,0,0.0,0.0,0.0,1.0
2024-11-04,78963.76928429652,0.0007310098494843,0.21892586751919885,0,0.0,0.0,0.0,1.0
2024-11-05,78944.52922764668,-0.000243656765935,0.21911618151627443,0,0.0,0.0,0.0,1.0
2024-11-06,78848.3601782556,-0.0012181851020195,0.22006744255035948,0,0.0,0.0,0.0,1.0
2024-11-07,78983.00934094639,0.0017076976919541,0.21873555352212282,0,0.0,0.0,0.0,1.0
2024-11-08,78925.32040485503,-0.0007303967849886,0.21930618656205625,0,0.0,0.0,0.0,1.0
2024-11-11,78867.60023490548,-0.0007313263937792,0.21987712855328356,0,0.0,0.0,0.0,1.0
2024-11-12,78790.68685909336,-0.0009752214544759,0.22063792111464586,0,0.0,0.0,0.0,1.0
2024-11-13,78906.08815666972,0.0014646565752465,0.2194964233213086,0,0.0,0.0,0.0,1.0
2024-11-14,78790.68685909336,-0.0014625144937768,0.22063792111464586,0,0.0,0.0,0.0,1.0
2024-11-15,78877.22807169495,0.0010983685515568,0.2197818943169223,0,0.0,0.0,0.0,1.0
2024-11-18,78934.92481625086,0.0007314753061995,0.21921118403916529,0,0.0,0.0,0.0,1.0
2024-11-19,79046.59929399978,0.004428050530464776,0.2181065502733437,4,0.24980768103977935,0.25016662671023143,0.25112782458493504,0.2488978676650542
2024-11-20,79092.2742846788,0.0005778236013562998,0.21765475378434573,4,0.2497480388600595,0.24922274763053562,0.2523963474037969,0.24863286610560806
2024-11-21,79344.73764592795,0.003192010389541338,0.21515749963021713,4,0.2502897939730458,0.24823739844481454,0.25369142118947896,0.24778138639266065
2024-11-22,79674.30394477297,0.004153599956630794,0.21189757785471908,4,0.2500270546697016,0.24734744427193384,0.2558991616330946,0.24672633942527006
2024-11-25,79689.78682776952,0.0001943271824161221,0.21174442813156824,4,0.25082643031509233,0.2537015012314427,0.24831241109034646,0.24715965736311848
2024-11-26,79785.13003550873,0.0034005937925919607,0.2108013359521066,3,0.8014516928940131,0.1985483071059869,0.0,0.0
2024-11-27,79701.14012654668,-0.0010527012856238578,0.21163212640036233,3,0.7998653257879279,0.20013467421207198,0.0,0.0
2024-11-29,80261.79752092541,0.007034496539052386,0.20608635532202568,3,0.7992120744050553,0.20078792559494468,0.0,0.0
2024-12-02,80415.49504932159,0.0019149524822953058,0.20456604841742143,3,0.7991143407131678,0.20088565928683225,0.0,0.0
2024-12-03,80305.90281351427,-0.0013628248603094818,0.20565008558137243,3,0.8005760486356668,0.19942395136433327,0.0,0.0
2024-12-04,80072.39432167106,0.0010966490118569,0.20795984668252598,0,0.0,0.0,0.0,1.0
2024-12-05,80072.39432167106,0.0,0.20795984668252598,0,0.0,0.0,0.0,1.0
2024-12-06,80150.3747115781,0.0009738735873661,0.20718849969707676,0,0.0,0.0,0.0,1.0
2024-12-09,80121.12319050827,-0.0003649580076836,0.20747784260269597,0,0.0,0.0,0.0,1.0
2024-12-10,80111.36479472526,-0.0001217955439766,0.20757436826996967,0,0.0,0.0,0.0,1.0
2024-12-11,80091.89533571762,-0.0002430299253736,0.2077669514121132,0,0.0,0.0,0.0,1.0
2024-12-12,80052.90119638423,-0.0004868674810345,0.2081526639208715,0,0.0,0.0,0.0,1.0
2024-12-13,80013.9149458106,-0.0004870060921091,0.20853829839756233,0,0.0,0.0,0.0,1.0
2024-12-16,80023.66545283388,0.0001218601418251,0.20844185076235577,0,0.0,0.0,0.0,1.0
2024-12-17,80033.4001823377,0.0001216481330708,0.20834555919128406,0,0.0,0.0,0.0,1.0
2024-12-18,79886.68502892434,-0.0018331740633173,0.20979679957928465,0,0.0,0.0,0.0,1.0
2024-12-19,79974.73147624377,0.0011021417059369,0.208925883675936,0,0.0,0.0,0.0,1.0
2024-12-20,79984.51353830595,0.0001223144095843,0.20882912391246045,0,0.0,0.0,0.0,1.0
2024-12-23,79935.60322799502,-0.0006114972529965,0.2093129227298388,0,0.0,0.0,0.0,1.0
2024-12-24,79974.73147624377,0.0004894971285467,0.208925883675936,0,0.0,0.0,0.0,1.0
2024-12-26,79650.01278125343,-6.0508181751840036e-05,0.21213785513181638,3,0.8001016861340652,0.19989831386593485,0.0,0.0
2024-12-27,78848.63687890346,-0.010061214987508317,0.22006470555185453,3,0.799725559145064,0.20027444085493595,0.0,0.0
2024-12-30,78255.96476058847,-0.007516580397264568,0.22592715189723822,3,0.7965871163993707,0.2034128836006293,0.0,0.0
2024-12-31,77943.96329076226,-0.003986935318997522,0.22901333027481607,3,0.7968660780131407,0.20313392198685934,0.0,0.0
2025-01-02,77834.86719820969,-0.0013996734056952518,0.23009245981257598,3,0.7960222502173656,0.20397774978263447,0.0,0.0
2025-01-03,78562.40324943628,0.00936323403224522,0.2228960000284136,3,0.8024889181101362,0.19751108188986366,0.0,0.0
2025-01-06,78856.25742920797,0.0037403919383512574,0.21998932649165936,3,0.8041040836842306,0.19589591631576947,0.0,0.0
2025-01-07,77965.2733063574,-0.011298838569030946,0.2288025411737512,3,0.8040998489756341,0.19590015102436587,0.0,0.0
2025-01-08,78076.42584417172,0.001425667263135979,0.22770307020328895,3,0.8041282288238666,0.19587177117613344,0.0,0.0
2025-01-10,77016.55696088017,-0.01357476180335004,0.23818681706673783,3,0.8027483769944348,0.19725162300556517,0.0,0.0
2025-01-13,77105.83738221232,0.00117024309896418,0.23730369524679962,3,0.800303917654569,0.19969608234543113,0.0,0.0
2025-01-14,77165.5042310707,0.0007738305021267252,0.23671349758232219,3,0.8007853383582944,0.19921466164170556,0.0,0.0
2025-01-15,78554.47383199053,0.017999877208870082,0.22297443426361607,3,0.8009349166095745,0.19906508339042545,0.0,0.0
2025-01-16,78483.93614626968,-0.0008979461293536586,0.2236721613627778,3,0.8001130118163319,0.1998869881836682,0.0,0.0
2025-01-17,79141.43153064806,0.00837745170110997,0.21716851239036739,3,0.8014320254205611,0.19856797457943887,0.0,0.0
2025-01-21,79862.12447842541,0.009112172913981881,0.21003974151136418,3,0.800032913092168,0.199967086907832,0.0,0.0
2025-01-22,80137.78134798068,0.0034516596115563083,0.2073130675924042,3,0.8017628335681387,0.19823716643186126,0.0,0.0
2025-01-23,80365.01839594278,0.0028355794749965707,0.2050653407967712,3,0.8038594127218964,0.19614058727810357,0.0,0.0
2025-01-24,80247.22418099515,-0.0014657399114536556,0.2062305082537631,3,0.8026892675627981,0.19731073243720196,0.0,0.0
2025-01-27,79523.05716270088,-0.009024200222314675,0.21339364307764608,3,0.798541135873705,0.20145886412629493,0.0,0.0
2025-01-28,80058.41198233832,0.0067379451804573205,0.20809815370185092,3,0.8014736503066968,0.19852634969330316,0.0,0.0
2025-01-29,79738.32877671358,-0.003998120843258344,0.21126427297935024,3,0.8010835815242136,0.19891641847578645,0.0,0.0
2025-01-30,80140.64031879987,0.005045397216849796,0.20728478793741023,3,0.8013399844813763,0.19866001551862375,0.0,0.0
2025-01-31,79694.33459800995,-0.005569031130953094,0.21169944363136695,3,0.8015391206531285,0.19846087934687145,0.0,0.0
2025-02-03,79393.23439563983,-0.003778188297686743,0.21467779156849875,3,0.799164431914838,0.20083556808516204,0.0,0.0
2025-02-04,79867.68141252342,0.005979274694272301,0.20998477481563516,3,0.8005798918228227,0.19942010817717729,0.0,0.0
2025-02-05,80389.8882220869,0.006538399516898885,0.20481933964894694,3,0.7986041878290822,0.20139581217091787,0.0,0.0
2025-02-06,80605.8176926001,0.002686027749120284,0.20268346232968026,3,0.7992330776308487,0.20076692236915133,0.0,0.0
2025-02-07,79911.65597349798,-0.008611806678140684,0.2095497982133815,3,0.7987963671426823,0.20120363285731768,0.0,0.0
2025-02-10,80296.53475115387,0.004816303366101174,0.20574275024578115,3,0.8003663652107289,0.19963363478927107,0.0,0.0
2025-02-11,80242.40977840201,-0.0006725991431316201,0.20627813016141683,3,0.8011472017038886,0.19885279829611135,0.0,0.0
2025-02-12,79818.78810956988,-0.005279274014850872,0.21046840540387446,3,0.8028045431160227,0.19719545688397724,0.0,0.0
2025-02-13,80756.9387476627,0.011753506415118537,0.20118864074185017,3,0.8018555389731453,0.19814446102685465,0.0,0.0
2025-02-14,80838.56325394382,0.001010742947255229,0.20038124779429267,3,0.8010064944799871,0.1989935055200129,0.0,0.0
2025-02-18,80839.20506243178,7.939385141617622e-06,0.20037489931305252,3,0.8033517894590836,0.19664821054091644,0.0,0.0
2025-02-19,81010.59254722949,0.00213353930221368,0.19867961130666978,3,0.8001766455297309,0.1998233544702691,0.0,0.0
2025-02-20,80801.47511669523,-0.0025813591032844098,0.20074810698667078,3,0.7989099880085182,0.2010900119914818,0.0,0.0
2025-02-21,79893.72928526276,-0.011234273014465274,0.2097271209601107,3,0.7941674013317075,0.20583259866829245,0.0,0.0
2025-02-24,79652.71326921259,-0.0030167075464659805,0.21211114311807777,3,0.7929456201411704,0.20705437985882952,0.0,0.0
2025-02-25,79623.04389428828,-0.0003724841716821293,0.21240461924631104,3,0.7892960747876656,0.2107039252123344,0.0,0.0
2025-02-26,79745.85875741384,0.0015853373342620402,0.2111897897929933,3,0.7991370198723694,0.20086298012763068,0.0,0.0
2025-02-27,78615.40235671209,-0.014175738004660328,0.2223717566682889,3,0.7976889294506033,0.2023110705493967,0.0,0.0
2025-02-28,79789.1373400601,0.014930089373864235,0.2107616974957054,3,0.7982199321814092,0.20178006781859079,0.0,0.0
2025-03-03,78748.43628722033,-0.013043142055845437,0.22105584479118323,3,0.7945992071328883,0.2054007928671116,0.0,0.0
2025-03-04,77808.56931312461,-0.011935055709141117,0.23035258667791036,3,0.7946781694345173,0.20532183056548264,0.0,0.0
2025-03-05,78351.66774418687,0.007001367183308639,0.22498050097660127,3,0.802976339496608,0.19702366050339212,0.0,0.0
2025-03-06,77183.79667128732,-0.014905503692819582,0.2365325569813017,3,0.8006566863506343,0.1993433136493657,0.0,0.0
2025-03-07,77480.81695636718,0.0038482207132778156,0.23359456575316395,3,0.8020578672558373,0.1979421327441628,0.0,0.0
2025-03-10,75985.56335640984,-0.019298371631772938,0.24838494264386968,3,0.7960572543216125,0.2039427456783875,0.0,0.0
2025-03-11,75372.09547600505,-0.008073479399334258,0.25445309132566385,3,0.7958651183661001,0.20413488163389998,0.0,0.0
2025-03-12,75600.76926697917,0.0030505216968273806,0.25219115291359107,3,0.8017992842505459,0.19820071574945405,0.0,0.0
2025-03-13,74924.4461669735,-0.008945981721657848,0.25888103719092004,3,0.7982520087570051,0.20174799124299492,0.0,0.0
2025-03-14,76079.80748864939,0.01542035184485825,0.2474527220255075,3,0.8023678330278925,0.1976321669721075,0.0,0.0
2025-03-17,76625.57089088365,0.00717356444830251,0.242054275626563,3,0.8027961630989376,0.19720383690106227,0.0,0.0
2025-03-18,75975.7030299705,-0.008481083447177034,0.24848247656340505,3,0.8009118375370485,0.1990881624629515,0.0,0.0
2025-03-19,76716.10611422591,0.009748944284001321,0.24115874186884156,3,0.8009047014844504,0.1990952985155497,0.0,0.0
2025-03-20,76548.48725834445,-0.0021849239276024576,0.24281675229098432,3,0.800337402548972,0.19966259745102805,0.0,0.0
2025-03-21,76478.23591686574,-0.0009177365091698042,0.2435116470015387,3,0.8013368434964749,0.1986631565035251,0.0,0.0
2025-03-24,77419.96213508736,0.012313649849942961,0.2341965143071555,3,0.8057655714920837,0.19423442850791636,0.0,0.0
2025-03-25,77568.25825010173,0.0019154764601358152,0.23272963575722094,3,0.8061584844776204,0.19384151552237966,0.0,0.0
2025-03-26,76723.55714048723,-0.010865411686759701,0.24108503966432548,3,0.7991321460532764,0.20086785394672357,0.0,0.0
2025-03-27,76515.78926282545,-0.002708006320423156,0.24314018617357813,3,0.7991739430074285,0.20082605699257147,0.0,0.0
2025-03-28,75496.93582856732,-0.013315597265270953,0.25321822664075877,3,0.7936479891513157,0.20635201084868432,0.0,0.0
2025-03-31,76052.97293004069,0.007365028730913878,0.24771815742424508,3,0.7931341341833495,0.20686586581665045,0.0,0.0
2025-04-01,76359.67196179024,0.004032702732497712,0.24468442838208138,3,0.7921796710091292,0.20782032899087077,0.0,0.0
2025-04-02,76733.8434740323,0.0049315550114111,0.24098329187387757,3,0.8011119111740121,0.198888088825988,0.0,0.0
2025-04-03,73774.54433316113,-0.038565761949258114,0.2702553495549791,3,0.7921837269682159,0.2078162730317841,0.0,0.0
2025-04-04,70520.03808102038,-0.04411421692343639,0.3024474633634281,3,0.7802260268208204,0.21977397317917957,0.0,0.0
2025-04-07,69954.6580716486,-0.008017295860252054,0.30803994842771276,3,0.78513087605245,0.21486912394755003,0.0,0.0
2025-04-08,68810.64181565608,-0.016353682335503734,0.3193560432999847,3,0.785682363828895,0.214317636171105,0.0,0.0
2025-04-09,74668.52606868214,0.08519264826522052,0.2614124838349834,3,0.8146161917008563,0.1853838082991436,0.0,0.0
2025-04-10,71621.56558646528,-0.04080649026624936,0.29155164812414447,3,0.8120576983884462,0.1879423016115538,0.0,0.0
2025-04-11,72732.53428980176,0.015511650635383926,0.2805624447966327,3,0.8139218856933204,0.18607811430667964,0.0,0.0
2025-04-14,73403.41396477999,0.00922392821216865,0.2739264044342987,3,0.8143069504338316,0.18569304956616844,0.0,0.0
2025-04-15,73284.2810863875,-0.001622988250241861,0.27510481334871273,3,0.8133462037962665,0.18665379620373343,0.0,0.0
2025-04-16,73433.99276761965,0.004305977241838499,0.2736239326536736,4,0.24339495604248124,0.2503169873416244,0.2570284439365045,0.24925961267938987
2025-04-17,73220.90082909906,-0.0029018160458048133,0.2757317423811877,4,0.24445156526570247,0.24882814974809225,0.2566446467337297,0.25007563825247553
2025-04-21,73046.65688454367,-0.002379702278753527,0.277455285204272,4,0.23920218623937387,0.24506185974720956,0.2652152323871864,0.2505207216262302
2025-04-22,73332.80629283535,0.003917351190266835,0.27462482380574604,4,0.24446805284349066,0.24546809615072002,0.2604301285791152,0.2496337224266742
2025-04-23,73314.22132422555,-0.0002534332115368653,0.2748086579662179,4,0.24831907720279037,0.24791523271279867,0.2542498060398967,0.2495158840445143
2025-04-24,74195.10596995914,0.01344246534889512,0.2660953427747299,5,0.2015011341823614,0.5982790582395282,0.2002198075781104,0.0
2025-04-25,74469.05850982934,0.003692326283368547,0.26338552731937037,5,0.2022104157736139,0.6004690673978159,0.1973205168285702,0.0
2025-04-28,74965.78672139914,0.006670263079856769,0.2584721149981607,5,0.20094716536857138,0.6002481382178435,0.19880469641358506,0.0
2025-04-29,75292.82475955198,0.004362497246486981,0.25523720164164676,5,0.20133468767821897,0.6026518681397106,0.19601344418207023,0.0
2025-04-30,74821.19836691939,-0.00626389558551881,0.2599023180465423,5,0.20268417584657855,0.6015426934329257,0.19577313072049587,0.0
2025-05-01,74989.92046343166,0.0046553901814778,0.2582333948636938,3,0.801936168690789,0.19806383130921096,0.0,0.0
2025-05-02,75721.83831425809,0.00976021639045925,0.250993592286347,3,0.8059738285570077,0.19402617144299217,0.0,0.0
2025-05-05,75289.80294648575,-0.005705558361899697,0.2552670920589941,3,0.8059504225053798,0.19404957749462018,0.0,0.0
2025-05-06,74831.19788186278,-0.006091197568267526,0.25980340733685314,3,0.8041121199672157,0.19588788003278435,0.0,0.0
2025-05-07,75146.21217819306,0.004209665289971746,0.2566874274329638,3,0.8041087176530938,0.1958912823469061,0.0,0.0
2025-05-08,75396.2996915916,0.00334450207014964,0.25421367409845963,3,0.8028890342589876,0.19711096574101233,0.0,0.0
2025-05-09,75341.39355034452,-0.0007282338983699384,0.2547567809819219,3,0.8024503475660817,0.19754965243391825,0.0,0.0
2025-05-12,77200.87280920609,0.024680712304837104,0.23636364749620598,3,0.8090025105688101,0.19099748943118977,0.0,0.0
2025-05-13,77553.47053284364,0.004567276389594121,0.23287590921317958,3,0.8106425361483437,0.18935746385165628,0.0,0.0
2025-05-14,77536.36521811795,-0.00022056156363043196,0.23304510730214212,3,0.8118576690104797,0.18814233098952024,0.0,0.0
2025-05-15,77376.39663343654,0.0019446358589496,0.2346274446783425,0,0.0,0.0,0.0,1.0
2025-05-16,77357.64134312478,-0.0002423903299686,0.23481296358457593,0,0.0,0.0,0.0,1.0
2025-05-19,77385.80044181127,0.0003640118571039,0.23453442643041844,0,0.0,0.0,0.0,1.0
2025-05-20,77395.18929977523,0.0001213253324299,0.23444155606524142,0,0.0,0.0,0.0,1.0
2025-05-21,77348.2524851608,-0.0006064564870126,0.23490583394975306,0,0.0,0.0,0.0,1.0
2025-05-22,77065.69600933207,-0.000655007810441225,0.23770075567442628,4,0.2502625744151581,0.2514747268474655,0.24794703389691344,0.250315664840463
2025-05-23,77396.47660990011,0.004292189880799742,0.23442882257179076,4,0.24749208921454155,0.250815191932721,0.2522957318541378,0.24939698699859958
2025-05-27,77741.70972432444,0.004460579209107897,0.23101393169466222,4,0.25151568656849044,0.2531863525604164,0.24691813510933203,0.24837982576176107
2025-05-28,77486.09259463291,-0.0032880307186187794,0.23354238150944007,4,0.2508854474258436,0.252925214231402,0.24717132109929033,0.24901801724346403
2025-05-29,77878.74136574134,0.005067345093300347,0.2296584762571593,4,0.2506058967904525,0.2539790216058759,0.2473821700241069,0.24803291157956486
2025-05-30,77780.45444324665,-0.0012437338674048,0.23063068634056283,4,0.25003139845467365,0.25068901790632486,0.2486650375472225,0.25061454609177897
2025-06-02,78206.55205484424,0.00547820933482072,0.22641592018454915,4,0.2500698442837205,0.2470028017192177,0.25388398603412676,0.2490433679629351
2025-06-03,78103.48757850402,-0.0013178496383263474,0.2274353876843489,4,0.2518277530053183,0.2468931247246335,0.25196775901359714,0.24931136325645092
2025-06-04,78573.51423084154,0.006017998259873788,0.22278609519179315,4,0.25025413134407326,0.2494001723933648,0.25207394820266443,0.24827174805989738
2025-06-05,78370.7719838201,-0.0025802873780825424,0.2247915304204401,4,0.24968895752266523,0.25021901001060415,0.2514498180781254,0.2486422143886052
2025-06-06,78025.98973102216,-0.00439272694084115,0.2282019615769032,4,0.2536816117939645,0.24790797927562375,0.24773421031562082,0.25067619861479085
2025-06-09,78169.70735054518,0.0018419198528396234,0.22678037144754903,4,0.25344341450582486,0.24771311653258155,0.24844553606378417,0.25039793289780937
2025-06-10,78387.4551246237,0.0027855774501243957,0.22462650828625974,4,0.25417240269715363,0.2482971165343284,0.24782811315517497,0.24970236761334297
2025-06-11,78525.62938128613,0.0017627087962322362,0.2232597506120506,4,0.25300148938191874,0.24861064285063061,0.2487309906644941,0.2496568771029566
2025-06-12,79097.25848140857,0.0072795226810199835,0.2176054523493699,4,0.25217130027300716,0.24976512796411487,0.250000395824771,0.24806317593810695
2025-06-13,78801.9978118484,-0.0007273215081519,0.2205260382512675,0,0.0,0.0,0.0,1.0
2025-06-16,78792.42075395897,-0.0001215331864085,0.22062077020556126,0,0.0,0.0,0.0,1.0
2025-06-17,78830.66827516556,0.0004854213240386,0.2202424429079063,0,0.0,0.0,0.0,1.0
2025-06-18,78868.91579637215,0.0004851858045029,0.21986411561025132,0,0.0,0.0,0.0,1.0
2025-06-20,78926.29466697594,0.000727521990437,0.21929654959882872,0,0.0,0.0,0.0,1.0
2025-06-23,79031.47535029409,0.00133264438375,0.21825614953027728,0,0.0,0.0,0.0,1.0
2025-06-24,79098.41610119952,0.0008470138082166,0.2175940016944411,0,0.0,0.0,0.0,1.0
2025-06-25,79107.98557029506,0.0001209818042791,0.21749934480508726,0,0.0,0.0,0.0,1.0
2025-06-26,79203.60437331155,0.0012087123989716,0.21655352656094962,0,0.0,0.0,0.0,1.0
2025-06-27,79174.91114361271,-0.0003622717668706,0.21683734709913094,0,0.0,0.0,0.0,1.0
2025-06-30,79232.2824254226,0.0007246144135966,0.2162698561526485,0,0.0,0.0,0.0,1.0
2025-07-01,79149.78464704227,-0.0010412142103566,0.21708588711550714,0,0.0,0.0,0.0,1.0
2025-07-02,79140.18482277117,-0.000121286802155,0.2171808442646208,0,0.0,0.0,0.0,1.0
2025-07-03,79053.86229227018,-0.001090754724598,0.218034707957245,0,0.0,0.0,0.0,1.0
2025-07-07,79034.67023252188,-0.0002427719429741,0.21822454719053253,0,0.0,0.0,0.0,1.0
2025-07-08,79044.26246799908,0.0001213674384796,0.21812966510635878,0,0.0,0.0,0.0,1.0
2025-07-09,79111.41570513345,0.0008495649783759,0.2174654154522021,0,0.0,0.0,0.0,1.0
2025-07-10,79111.41570513345,0.0,0.2174654154522021,0,0.0,0.0,0.0,1.0
2025-07-11,79092.22364538514,-0.0002425953268216,0.21765525468548974,0,0.0,0.0,0.0,1.0
2025-07-14,79101.81588086236,0.0001212791224611,0.2175603726013159,0,0.0,0.0,0.0,1.0
2025-07-15,79025.07799704467,-0.0009701153249536,0.21831942927470627,0,0.0,0.0,0.0,1.0
2025-07-16,79130.59258729398,0.0013352038735507,0.21727572634879444,0,0.0,0.0,0.0,1.0
2025-07-17,79101.81588086236,-0.00036366094946,0.2175603726013159,0,0.0,0.0,0.0,1.0
2025-07-18,79168.95394040893,0.0008487549722966,0.2168962730770393,0,0.0,0.0,0.0,1.0
2025-07-21,79216.93029538277,0.0006059996069918,0.21642171252629017,0,0.0,0.0,0.0,1.0
2025-07-22,79004.51062247451,0.00132380184331344,0.2185228725043723,3,0.799056685121573,0.20094331487842698,0.0,0.0
2025-07-23,79453.51222970047,0.005683240155382087,0.21408155031287646,3,0.8013007355376142,0.1986992644623859,0.0,0.0
2025-07-24,79447.06125492508,-8.119181385884996e-05,0.21414536045735177,3,0.8016310757216012,0.19836892427839883,0.0,0.0
2025-07-25,79815.18436592493,0.004633564856711674,0.210504052017083,3,0.8013045399033747,0.1986954600966254,0.0,0.0
2025-07-28,79696.3751196346,-0.001488554430265146,0.2116792597081294,3,0.8022976208479463,0.19770237915205358,0.0,0.0
2025-07-29,79796.61336474669,0.0012669537497840002,0.2106877480179966,3,0.7968801828029579,0.20311981719704214,0.0,0.0
2025-07-30,79633.01683593765,-0.0020501688218427043,0.21230597138770857,3,0.7975118046718267,0.2024881953281733,0.0,0.0
2025-07-31,79404.06940503478,-0.0028750314881898706,0.214570616523028,3,0.7968110641687098,0.2031889358312902,0.0,0.0
2025-08-01,78596.40227191662,-0.010171608825214085,0.22255969697158484,3,0.7918047721560768,0.20819522784392322,0.0,0.0
2025-08-04,79587.0541218853,0.012604290035329667,0.21276061390706014,3,0.7938343789894192,0.20616562101058075,0.0,0.0
2025-08-05,79380.9674361193,-0.00181551997992192,0.21479913082132973,1,0.5980437458995203,0.4019562541004798,0.0,0.0
2025-08-06,79560.36889999824,0.0022600060149594683,0.21302457213403447,1,0.6012657529269102,0.39873424707308985,0.0,0.0
2025-08-07,79466.113417885,-0.0011847039350924517,0.21395690502024833,1,0.6014746802477,0.39852531975230004,0.0,0.0
2025-08-08,79701.54544993679,0.0029626720362393136,0.21162811712347285,1,0.6043741496537541,0.39562585034624576,0.0,0.0
2025-08-11,79642.41844505184,-0.0007418551867616425,0.2122129748938818,1,0.6036268612113641,0.39637313878863584,0.0,0.0
2025-08-12,79741.71851686391,0.0020630116963015594,0.21123074319257273,2,0.40342615824190964,0.39716671429553785,0.19940712746255254,0.0
2025-08-13,80162.57259963486,0.00527771523612138,0.20706784366813602,2,0.402681860330183,0.39835304455445214,0.19896509511536492,0.0
2025-08-14,79827.71318820851,-0.0041772538051988205,0.2103801225354378,2,0.40440863270774025,0.3970581298435565,0.19853323744870324,0.0
2025-08-15,79535.59258429629,-0.0036593883533089576,0.21326964831857287,2,0.40494367823533356,0.39567717417973536,0.19937914758493105,0.0
2025-08-18,79412.7640155051,-0.0015443220424994242,0.21448461334217794,2,0.4054817112564264,0.39514252496340924,0.19937576378016436,0.0
2025-08-19,79336.12731286125,-0.0009431364650162603,0.21524266917685098,2,0.3982055217368596,0.402701362175013,0.1990931160881273,0.0
2025-08-20,79482.12122298061,0.0018401945628583813,0.21379856300350697,2,0.39641797129323647,0.40284305596584846,0.20073897274091498,0.0
2025-08-21,79141.80701023847,-0.004281644821574623,0.21716479831493762,2,0.39652539870888603,0.4025719780545561,0.20090262323655794,0.0
2025-08-22,80029.94871414502,0.011222155993881449,0.20837969956412616,2,0.39814674665630834,0.4010530915872663,0.20080016175642545,0.0
2025-08-25,79758.71893762737,-0.0033891034653344278,0.2110625826675625,2,0.3977424090415954,0.40126113103552696,0.20099645992287768,0.0
2025-08-26,79887.94471240797,0.0032344434374157005,0.20978433935615826,3,0.8007596404074439,0.1992403595925562,0.0,0.0
2025-08-27,80015.35147726253,0.001594818408624958,0.20852408887377982,3,0.8013061955427574,0.19869380445724247,0.0,0.0
2025-08-28,80346.99973177846,0.004144807819911643,0.2052435733280723,3,0.8008246928055719,0.1991753071944282,0.0,0.0
2025-08-29,79849.51069875945,-0.006191756191018618,0.21016451135326997,3,0.8010084359053888,0.19899156409461108,0.0,0.0
2025-09-02,79257.30855636798,-0.007416478037362282,0.2160223089079477,3,0.8010134597269261,0.19898654027307394,0.0,0.0
2025-09-03,79774.62353667337,0.00653111220299614,0.21090526151870015,3,0.7991165172927,0.20088348270729994,0.0,0.0
2025-09-04,80429.58095405635,0.008210097250811748,0.20442671697566484,3,0.7992332847040254,0.20076671529597456,0.0,0.0
2025-09-05,80489.6085304118,0.000746337052156744,0.20383295115683786,3,0.7963242237019882,0.20367577629801184,0.0,0.0
2025-09-08,80865.50210003796,0.0046700881826769285,0.20011478083059864,3,0.794569745282797,0.20543025471720308,0.0,0.0
2025-09-09,80919.6390896558,0.0006694695291802394,0.19957928204952313,3,0.7958738855411135,0.2041261144588865,0.0,0.0
2025-09-10,81197.9442576211,0.00345583990829786,0.19682641235239928,3,0.7995496047179651,0.20045039528203484,0.0,0.0
2025-09-11,81846.27738678697,0.007984600288756848,0.19041339229254628,3,0.7998078717236297,0.2001921282763703,0.0,0.0
2025-09-12,81753.63854545576,-0.0011318638341170598,0.1913297340943958,3,0.8004462278245466,0.1995537721754534,0.0,0.0
2025-09-15,82140.11766308594,0.004727362897925243,0.18750685628269825,3,0.8009214522676207,0.19907854773237937,0.0,0.0
2025-09-16,82084.00305522469,-0.0006831571399910676,0.1880619167750226,3,0.8003655257795917,0.1996344742204083,0.0,0.0
2025-09-17,81960.50757149862,-0.0015030413265074002,0.18928347862156203,3,0.8002088561330013,0.19979114386699873,0.0,0.0
2025-09-18,82097.96651738226,0.001677136342325993,0.18792379648023416,3,0.8026016839253599,0.19739831607464006,0.0,0.0
2025-09-19,82393.42980601353,0.003598911168752486,0.18500120636150874,3,0.8036844754494596,0.19631552455054044,0.0,0.0
2025-09-22,82648.56791246079,0.0030965831504763132,0.1824774948294694,3,0.8049940154626214,0.19500598453737863,0.0,0.0
2025-09-23,82399.06248189604,-0.0030188717949598243,0.18494549046207354,3,0.8030363178563452,0.1969636821436547,0.0,0.0
2025-09-24,82029.89621551971,-0.0004821527209267,0.1885971173267046,0,0.0,0.0,0.0,1.0
2025-09-25,81960.62535535677,-0.0008444587078464,0.1892823135565499,0,0.0,0.0,0.0,1.0
2025-09-26,82010.10343016945,0.0006036810309604,0.18879289866777982,0,0.0,0.0,0.0,1.0
2025-09-29,82039.79649675776,0.0003620659570755,0.18849918819224953,0,0.0,0.0,0.0,1.0
2025-09-30,82079.35873608063,0.0004822322947184,0.1881078562936055,0,0.0,0.0,0.0,1.0
2025-10-01,82174.65185941916,0.001160987668592,0.18716525952653562,0,0.0,0.0,0.0,1.0
2025-10-02,82194.49130752466,0.0002414302665916,0.18696901661844811,0,0.0,0.0,0.0,1.0
2025-10-03,82164.70491542586,-0.0003623891531533,0.18726365022800318,0,0.0,0.0,0.0,1.0
2025-10-06,82144.85769019448,-0.000241554147268,0.18745997006392612,0,0.0,0.0,0.0,1.0
2025-10-07,82184.56769490897,0.0004834143710401,0.18706717653640959,0,0.0,0.0,0.0,1.0
2025-10-08,82174.65185941917,-0.0001206532536207,0.1871652595265355,0,0.0,0.0,0.0,1.0
2025-10-09,82164.70491542587,-0.0001210463782715,0.18726365022800306,0,0.0,0.0,0.0,1.0
2025-10-10,82303.65882342307,0.0016911629895126,0.18588918059303694,0,0.0,0.0,0.0,1.0
2025-10-13,82462.43662527401,0.0019291706361632,0.1843186219056543,0,0.0,0.0,0.0,1.0
2025-10-14,82402.91050383165,-0.0007218574162786,0.18490742755775214,0,0.0,0.0,0.0,1.0
2025-10-15,82363.21605336892,-0.0004817117528984,0.1853000672295978,0,0.0,0.0,0.0,1.0
2025-10-16,82472.36023788969,0.0013251569056027,0.18422046198769293,0,0.0,0.0,0.0,1.0
2025-10-17,82462.43662527401,-0.0001203265262089,0.1843186219056543,0,0.0,0.0,0.0,1.0
2025-10-20,82472.3602378897,0.0001203410064243,0.18422046198769282,0,0.0,0.0,0.0,1.0
2025-10-21,82492.22301737283,0.000240841651989,0.18402398829609912,0,0.0,0.0,0.0,1.0
2025-10-22,82492.22301737283,0.0,0.18402398829609912,0,0.0,0.0,0.0,1.0
2025-10-23,82432.67356455285,-0.0007218795983645,0.18461302473170305,0,0.0,0.0,0.0,1.0
2025-10-24,82482.29162763128,0.0006019222831534,0.1841222251418959,0,0.0,0.0,0.0,1.0
2025-10-27,82462.43662527404,-0.0002407183646991,0.18431862190565407,0,0.0,0.0,0.0,1.0
2025-10-28,82472.36023788973,0.0001203410064243,0.1842204619876926,0,0.0,0.0,0.0,1.0
2025-10-29,82313.59021316466,-0.0019251301195589,0.18579094374723992,0,0.0,0.0,0.0,1.0
2025-10-30,82323.49827152859,0.0001203696538842,0.18569293768494932,0,0.0,0.0,0.0,1.0
2025-10-31,82353.29244075327,0.0003619157330561,0.18539822714755883,0,0.0,0.0,0.0,1.0
2025-11-03,82356.27107996316,3.616903613212763e-05,0.18536876378660327,0,0.0,0.0,0.0,1.0
2025-11-04,82386.12746619483,0.0003625271741927,0.18507343782652974,0,0.0,0.0,0.0,1.0
2025-11-05,82326.39913947973,-0.000724980388714,0.18566424360234768,0,0.0,0.0,0.0,1.0
2025-11-06,82425.94635067155,0.0012091772776696,0.18467956730931767,0,0.0,0.0,0.0,1.0
2025-11-07,82465.78078940004,0.0004832754792891,0.18428554293643484,0,0.0,0.0,0.0,1.0
2025-11-10,82445.87134716168,-0.0002414267111495,0.18448247819504082,0,0.0,0.0,0.0,1.0
2025-11-11,82515.55439499595,0.0008451975422862,0.18379320478991978,0,0.0,0.0,0.0,1.0
2025-11-12,82485.69800876429,-0.0003618273724339,0.18408853074999332,0,0.0,0.0,0.0,1.0
2025-11-13,82435.92440316839,-0.0006034210390098,0.18458086889650815,0,0.0,0.0,0.0,1.0
2025-11-14,82465.78078940006,0.0003621768840202,0.18428554293643462,0,0.0,0.0,0.0,1.0
2025-11-17,82455.82606828088,-0.0001207133555747,0.18438401056573772,0,0.0,0.0,0.0,1.0
2025-11-18,82505.60745100265,0.0006037339639355,0.18389159549138734,0,0.0,0.0,0.0,1.0
2025-11-19,82495.65272988347,-0.0001206550854752,0.18399006312069033,0,0.0,0.0,0.0,1.0
2025-11-20,82565.34355484361,0.0008447817873304,0.18330071278773408,0,0.0,0.0,0.0,1.0
2025-11-21,82664.90632028718,0.0012058663012457,0.18231588263903342,0,0.0,0.0,0.0,1.0
2025-11-24,82674.86104140636,0.0001204225778785,0.18221741500973032,0,0.0,0.0,0.0,1.0
2025-11-25,82724.62686987639,0.0006019463213262,0.1817251537910508,0,0.0,0.0,0.0,1.0
2025-11-26,82714.67992588309,-0.0001202416302095,0.18182354449251836,0,0.0,0.0,0.0,1.0
2025-11-28,82714.67992588309,0.0,0.18182354449251836,0,0.0,0.0,0.0,1.0
2025-12-01,82643.78364641243,-0.0008571184647537,0.1825248186399605,0,0.0,0.0,0.0,1.0
2025-12-02,82693.71279452583,0.0006041488652916,0.18203094193673763,0,0.0,0.0,0.0,1.0
2025-12-03,82743.6497197651,0.000603878137185,0.18153698830567933,0,0.0,0.0,0.0,1.0
2025-12-04,82683.72696490315,-0.0007241976280342,0.18212971727738214,0,0.0,0.0,0.0,1.0
2025-12-05,82653.76169890925,-0.0003624082645262,0.1824261202271512,0,0.0,0.0,0.0,1.0
2025-12-08,82633.7900396639,-0.000241630372712,0.18262367090844023,0,0.0,0.0,0.0,1.0
2025-12-09,82593.83894404731,-0.0004834716596856,0.1830188491988538,0,0.0,0.0,0.0,1.0
2025-12-10,82733.66389014244,0.0016929222310377,0.18163576364632372,0,0.0,0.0,0.0,1.0
2025-12-11,82743.64971976512,0.0001206985059423,0.18153698830567921,0,0.0,0.0,0.0,1.0
2025-12-12,82753.63554938779,0.000120683939571,0.1814382129650347,0,0.0,0.0,0.0,1.0
2025-12-15,82803.55692037531,0.0006032529043116,0.18094441318964727,0,0.0,0.0,0.0,1.0
2025-12-16,82843.50023886602,0.000482386505801,0.18054931182706913,0,0.0,0.0,0.0,1.0
2025-12-17,82853.47829136283,0.0001204446029927,0.18045061341425994,0,0.0,0.0,0.0,1.0
2025-12-18,82913.40104622477,0.000723237649133,0.17985788444255724,0,0.0,0.0,0.0,1.0
2025-12-19,82898.38341616138,-0.0001811242799583,0.18000643209270106,0,0.0,0.0,0.0,1.0
2025-12-22,82858.3078865308,-0.0004834295673704,0.18040284122848094,0,0.0,0.0,0.0,1.0
2025-12-23,82818.24791115198,-0.0004834756634626,0.18079909650859005,0,0.0,0.0,0.0,1.0
2025-12-24,82868.34037890873,0.0006048481949352,0.18030360432082393,0,0.0,0.0,0.0,1.0
2025-12-26,82928.42645341405,0.00072507877231,0.17970925986457786,0,0.0,0.0,0.0,1.0
2025-12-29,82968.49420591876,0.0004831606509163,0.17931292765663331,0,0.0,0.0,0.0,1.0
2025-12-30,82988.52808217112,0.0002414636597192,0.17911476155266093,0,0.0,0.0,0.0,1.0
2025-12-31,82958.4772677926,-0.000362108053643,0.17941201070861934,0,0.0,0.0,0.0,1.0
