date,wealth,return,drawdown,action,w_SPY,w_TLT,w_GLD,w_SHY
2021-01-05,100302.02365959309,0.0040242608567877,0.0,3,0.8022810932456224,0.19771890675437767,0.0,0.0
2021-01-06,100376.01247351407,0.0007376602307853809,0.0,3,0.8064825767883923,0.19351742321160773,0.0,0.0
2021-01-07,101407.53914217054,0.01027662529360449,0.0,3,0.8101395058926576,0.18986049410734232,0.0,0.0
2021-01-08,101813.4901467012,0.004003163945843633,0.0,3,0.8115068365762736,0.18849316342372643,0.0,0.0
2021-01-11,101224.8463151017,-0.005781589755457031,0.005781589755456951,3,0.8107240391009859,0.18927596089901405,0.0,0.0
2021-01-12,101123.6214687866,0.0,0.006775808165701558,0,0.0,0.0,0.0,1.0
2021-01-13,101111.9204829122,-0.0001157097194943,0.006890733858333609,0,0.0,0.0,0.0,1.0
2021-01-14,101123.62146878662,0.000115723109783,0.006775808165701447,0,0.0,0.0,0.0,1.0
2021-01-15,101135.38414702944,0.0001163197883142,0.006660276537958643,0,0.0,0.0,0.0,1.0
2021-01-19,101170.47682259128,0.0003469871188783,0.00631560044924695,0,0.0,0.0,0.0,1.0
2021-01-20,101737.8570706848,0.00661477503990104,0.000742859083874059,5,0.2014352674420653,0.5966439352997137,0.20192079725822093,0.0
2021-01-21,101317.64538643924,-0.004130337480507351,0.004870128305664578,5,0.20245512341444008,0.5949137846557436,0.20263109192981624,0.0
2021-01-22,101278.50959354381,-0.0003862682827473414,0.0052545154123145865,5,0.20181649765590015,0.5970700706852403,0.2011134316588595,0.0
2021-01-25,102089.3578935162,0.00800612393711668,0.0,5,0.2010031822873524,0.5993086304901016,0.19968818722254594,0.0
2021-01-26,101891.50730754717,-0.0019380138150676873,0.0019380138150676407,5,0.20107910821280484,0.5993392622413009,0.19958162954589434,0.0
2021-01-27,99891.24881551405,-0.01904374304000688,0.02153122640162819,3,0.7955989000172984,0.20440109998270167,0.0,0.0
2021-01-28,100461.86847363914,0.005712408893585419,0.015941812677229272,3,0.797883358293267,0.2021166417067331,0.0,0.0
2021-01-29,98735.01758572471,-0.017189117763298987,0.03285690474505887,3,0.7955856106157194,0.20441438938428064,0.0,0.0
2021-02-01,100065.93879489442,0.013479728283981618,0.019820078609293357,3,0.7980706135027186,0.2019293864972814,0.0,0.0
2021-02-02,101064.8929066125,0.009982958474667842,0.010034983156346766,3,0.8013556084282808,0.19864439157171923,0.0,0.0
2021-02-03,100975.50509581843,0.0001156560952795,0.010910567180367203,0,0.0,0.0,0.0,1.0
2021-02-04,100975.50509581843,0.0,0.010910567180367203,0,0.0,0.0,0.0,1.0
2021-02-05,100998.85926004351,0.000231285440988,0.01068180519472095,0,0.0,0.0,0.0,1.0
2021-02-08,100987.22322215633,-0.0001152095971422,0.010795784145389953,0,0.0,0.0,0.0,1.0
2021-02-09,100963.8280137059,-0.0002316650334959,0.011024948173190219,0,0.0,0.0,0.0,1.0
2021-02-10,100975.50509581844,0.0001156560952795,0.010910567180367092,0,0.0,0.0,0.0,1.0
2021-02-11,100975.50509581844,0.0,0.010910567180367092,0,0.0,0.0,0.0,1.0
2021-02-12,100987.22322215633,0.0001160491975431,0.010795784145389953,0,0.0,0.0,0.0,1.0
2021-02-16,100952.08936525536,-0.0003479039801271,0.011139932229244254,0,0.0,0.0,0.0,1.0
2021-02-17,100975.50509581846,0.0002319489443984,0.010910567180366981,0,0.0,0.0,0.0,1.0
2021-02-18,100975.50509581846,0.0,0.010910567180366981,0,0.0,0.0,0.0,1.0
2021-02-19,100987.22322215635,0.0001160491975431,0.010795784145389842,0,0.0,0.0,0.0,1.0
2021-02-22,100963.82801370592,-0.0002316650334959,0.011024948173190108,0,0.0,0.0,0.0,1.0
2021-02-23,100975.50509581846,0.0001156560952795,0.010910567180366981,0,0.0,0.0,0.0,1.0
2021-02-24,100952.08936525536,-0.0002318951565617,0.011139932229244254,0,0.0,0.0,0.0,1.0
2021-02-25,100800.10259877834,-0.0015055336391021,0.012628694325637846,0,0.0,0.0,0.0,1.0
2021-02-26,100928.72493997395,0.0012760139908545,0.011368794725428955,0,0.0,0.0,0.0,1.0
2021-03-01,100919.37711765013,-9.261805625093712e-05,0.011460359826010458,0,0.0,0.0,0.0,1.0
2021-03-02,100942.76206504421,0.0002317191015439,0.01123129630874875,0,0.0,0.0,0.0,1.0
2021-03-03,100884.28430497451,-0.0005793160289395,0.011804105867710746,0,0.0,0.0,0.0,1.0
2021-03-04,99655.6551154225,-0.01118978824901458,0.023838946862925203,3,0.7990411080306,0.20095889196939992,0.0,0.0
2021-03-05,101159.56157142424,0.015091029748988221,0.009107671370230053,3,0.8016431743155147,0.19835682568448543,0.0,0.0
2021-03-08,100599.7967132485,-0.0055334844228295006,0.014590758635404155,3,0.80209031115875,0.19790968884125013,0.0,0.0
2021-03-09,102027.76303171286,0.014194524890886686,0.0006033426311444767,3,0.8021559733643567,0.1978440266356432,0.0,0.0
2021-03-10,102577.63908297473,0.005389474736312197,0.0,3,0.8028222757354391,0.19717772426456087,0.0,0.0
2021-03-11,103261.41233191323,0.006668750500156322,0.0,3,0.8027580074531094,0.1972419925468907,0.0,0.0
2021-03-12,102940.83044830065,-0.003104566133398767,0.003104566133398712,3,0.8063424912590051,0.1936575087409948,0.0,0.0
2021-03-15,103553.04716715452,0.005947268116914454,0.0,3,0.8063554704836383,0.19364452951636177,0.0,0.0
2021-03-16,103367.12922172545,-0.0017953884556285106,0.0017953884556285438,3,0.8067868421387945,0.1932131578612056,0.0,0.0
2021-03-17,103502.05279682136,0.0013052851144437772,0.0004924468350105959,3,0.8084825958575913,0.19151740414240861,0.0,0.0
2021-03-18,102389.3793741384,-0.01014794688696926,0.0112374075399031,5,0.19911062967962562,0.6000128912257607,0.20087647909461367,0.0
2021-03-19,102818.4515062693,0.004190592176196648,0.007093906755823887,5,0.19791285274160486,0.6012121629366585,0.2008749843217367,0.0
2021-03-22,103643.2839211225,0.008022221719638553,0.0,5,0.1979055589076203,0.603111084131787,0.19898335696059263,0.0
2021-03-23,103895.533720302,0.0024338267723307966,0.0,5,0.195871177413739,0.607077757345622,0.19705106524063895,0.0
2021-03-24,104202.39837006472,0.0029535884630887813,0.0,5,0.19430155340347036,0.6085477224126936,0.19715072418383608,0.0
2021-03-25,104110.27261831395,0.0001160120644412,0.0008841039476231716,0,0.0,0.0,0.0,1.0
2021-03-26,104110.27261831395,0.0,0.0008841039476231716,0,0.0,0.0,0.0,1.0
2021-03-29,104086.08757227969,-0.0002323022063626,0.001116200774688214,0,0.0,0.0,0.0,1.0
2021-03-30,104086.08757227969,0.0,0.001116200774688214,0,0.0,0.0,0.0,1.0
2021-03-31,104049.93172227839,-0.0003473648673383,0.0014631779130923617,0,0.0,0.0,0.0,1.0
2021-04-01,104048.70394751253,-1.1799861331263097e-05,0.00147496050912721,0,0.0,0.0,0.0,1.0
2021-04-05,104024.62474413052,-0.0002314224249652,0.0017060415951546393,0,0.0,0.0,0.0,1.0
2021-04-06,104048.70394751253,0.0002314759937009,0.00147496050912721,0,0.0,0.0,0.0,1.0
2021-04-07,104060.80176266227,0.0001162706952682,0.0013588613085427914,0,0.0,0.0,0.0,1.0
2021-04-08,104096.99994972449,0.0003478561230458,0.0010114778737234653,0,0.0,0.0,0.0,1.0
2021-04-09,104522.39510350114,0.0050916181653481,0.0,3,0.8017340220302547,0.19826597796974532,0.0,0.0
2021-04-12,104543.90123961169,0.000205756250507447,0.0,3,0.8018612307768913,0.19813876922310872,0.0,0.0
2021-04-13,104947.58521566834,0.0038613823596597156,0.0,3,0.8011444265701955,0.19885557342980462,0.0,0.0
2021-04-14,104594.124307554,-0.003367975617428285,0.003367975617428187,3,0.8011063254823709,0.19889367451762902,0.0,0.0
2021-04-15,105842.36164062694,0.011934105680760532,0.0,3,0.8001628881470723,0.19983711185292777,0.0,0.0
2021-04-16,105960.95255499094,0.00112061156149136,0.0,3,0.8017754153398012,0.19822458466019877,0.0,0.0
2021-04-19,105483.23875766183,-0.004508394703994338,0.004508394703994223,3,0.801449573498981,0.19855042650101892,0.0,0.0
2021-04-20,104960.80590265902,-0.0049527570555836205,0.009438822775898248,3,0.7995416423894991,0.20045835761050088,0.0,0.0
2021-04-21,105797.11172246728,0.00796779152576106,0.0015462378222641515,3,0.8007270455743012,0.19927295442569884,0.0,0.0
2021-04-22,105115.42162718513,-0.006443371507819482,0.007979646345355418,3,0.7985594352689309,0.2014405647310691,0.0,0.0
2021-04-23,105977.59947195616,0.008203653652662601,0.0,3,0.8020937176027194,0.1979062823972807,0.0,0.0
2021-04-26,106125.08894143504,0.0013917041923366459,0.0,3,0.8026509075465124,0.1973490924534877,0.0,0.0
2021-04-27,105924.0508395406,-0.001894350373693182,0.0018943503736932321,3,0.8040011343471605,0.19599886565283953,0.0,0.0
2021-04-28,105913.05145556787,-0.00010384217640438756,0.0019979958366318495,3,0.8038536006546418,0.19614639934535824,0.0,0.0
2021-04-29,106394.24201674701,0.004543260292911103,0.0,3,0.8053176524844693,0.19468234751553082,0.0,0.0
2021-04-30,105883.6513329066,-0.00479375216850948,0.004799044329485858,3,0.7985717676725171,0.20142823232748286,0.0,0.0
2021-05-03,106078.7902052703,0.0018429556395837962,0.002964933115713664,3,0.7988218401264081,0.20117815987359192,0.0,0.0
2021-05-04,105700.8296547009,-0.003563017167126707,0.006517386175249662,3,0.796732277086051,0.20326772291394907,0.0,0.0
2021-05-05,105762.60630221112,0.0005844480853369245,0.005936747163784228,3,0.7965159993851376,0.20348400061486224,0.0,0.0
2021-05-06,106470.76733820485,0.006695760068262729,0.0,3,0.7975366640099066,0.20246333599009328,0.0,0.0
2021-05-07,106985.40610884986,0.0048360909305733,0.0,3,0.8019441637077016,0.19805583629229845,0.0,0.0
2021-05-10,105921.22825247921,-0.009946944121405975,0.009946944121405843,3,0.8019801934152008,0.19801980658479926,0.0,0.0
2021-05-11,105044.39373536796,-0.008278175504358509,0.018142777076595396,3,0.8014573061442066,0.19854269385579337,0.0,0.0
2021-05-12,103036.63892961195,-0.019113393246040663,0.036909400289795835,3,0.7997153957485195,0.20028460425148045,0.0,0.0
2021-05-13,104058.42732586016,0.009916748128267603,0.02735867338776754,3,0.8013748938882205,0.19862510611177941,0.0,0.0
2021-05-14,105531.1737941555,0.014154466875117361,0.013592810155945712,3,0.8009473447619095,0.19905265523809054,0.0,0.0
2021-05-17,105271.66145057515,-0.0024591060086809227,0.01601849000349731,3,0.8008787360036477,0.19912126399635238,0.0,0.0
2021-05-18,104491.66291404913,-0.0074093875386609396,0.023309190341938124,3,0.799905562555624,0.2000944374443761,0.0,0.0
2021-05-19,104221.94423022287,-0.0025812459702944605,0.02583026955859158,3,0.7998729718387505,0.20012702816124953,0.0,0.0
2021-05-20,105290.3992665699,0.010251728119625703,0.015843346339737274,3,0.8002737921174861,0.199726207882514,0.0,0.0
2021-05-21,105352.624908335,0.0007914229458974201,0.015261718956823156,1,0.5990347641720557,0.40096523582794436,0.0,0.0
2021-05-24,106152.44797288917,0.007591866507835799,0.0077857173819876335,1,0.6005818646722864,0.39941813532771364,0.0,0.0
2021-05-25,106403.78175643783,0.0023676682765983604,0.005436483101445289,1,0.5978338656532854,0.40216613434671444,0.0,0.0
2021-05-26,106456.36200231836,0.0004941576794788838,0.00494501190184049,1,0.5987244687935984,0.40127553120640164,0.0,0.0
2021-05-27,106318.00446864526,-0.0012996643044226866,0.0062382493508092995,1,0.5998183568054752,0.4001816431945247,0.0,0.0
2021-05-28,106415.09871923443,0.00111364830158688,0.00533070266644764,3,0.8005394969783367,0.19946050302166327,0.0,0.0
2021-06-01,106335.29328672908,-0.000749944636295469,0.006076649570870729,3,0.8004345874998,0.19956541250019993,0.0,0.0
2021-06-02,106518.27080372245,0.0017207599785329572,0.004366346047722902,3,0.8003161107816127,0.19968388921838737,0.0,0.0
2021-06-03,106122.05581804358,-0.0037196903656928387,0.008069794958088794,3,0.8003229030760497,0.19967709692395025,0.0,0.0
2021-06-04,107189.01787176209,0.010054102754548102,0.0,3,0.7996032901250307,0.20039670987496913,0.0,0.0
2021-06-07,107039.89915760735,-0.0013907791424232,0.0013911753005624306,3,0.8003369260735951,0.19966307392640495,0.0,0.0
2021-06-08,107208.31455666646,0.0015733889921845593,0.0,3,0.7992498603450635,0.20075013965493638,0.0,0.0
2021-06-09,107270.47722566502,0.0005798306713020819,0.0,3,0.7975948923955555,0.2024051076044445,0.0,0.0
2021-06-10,107798.45971230345,0.004921973876630643,0.0,3,0.7973780004960588,0.2026219995039413,0.0,0.0
2021-06-11,107905.23129456175,0.0009904740990106893,0.0,3,0.7979050702220196,0.2020949297779804,0.0,0.0
2021-06-14,107933.00502697125,0.00025948551903866,0.0,3,0.8015833417433255,0.19841665825667443,0.0,0.0
2021-06-15,107748.54000137377,-0.0017090696729085992,0.0017090696729086252,3,0.8014829127726691,0.1985170872273308,0.0,0.0
2021-06-16,107248.16719396139,-0.0046438940834465,0.00634502701781281,3,0.8007264113821781,0.19927358861782193,0.0,0.0
2021-06-17,107539.66182582757,0.0027179451126564747,0.0036443273403292675,3,0.7982911659237456,0.2017088340762543,0.0,0.0
2021-06-18,106789.47643263415,-0.0069758950368323846,0.010594799932155508,3,0.793054113431396,0.2069458865686039,0.0,0.0
2021-06-21,107654.151737323,0.008104010735132922,0.0025835775588622933,3,0.8049295696895353,0.19507043031046453,0.0,0.0
2021-06-22,108168.72549914011,0.004779878467415586,0.0,3,0.8053832813217316,0.1946167186782684,0.0,0.0
2021-06-23,108009.49630459568,-0.0014720446580995124,0.0014720446580993585,3,0.8055984587629528,0.1944015412370472,0.0,0.0
2021-06-24,108557.95697073314,0.005077893008506979,0.0,3,0.8062700976848003,0.19372990231519965,0.0,0.0
2021-06-25,108650.4838219071,0.0008523267548126798,0.0,3,0.8084449184487049,0.19155508155129514,0.0,0.0
2021-06-28,109048.20380188989,0.00366902085407478,0.0,3,0.7986824331973378,0.2013175668026623,0.0,0.0
2021-06-29,109131.77058949931,0.0007663288774681484,0.0,3,0.7985001295797632,0.20149987042023682,0.0,0.0
2021-06-30,109303.07046197835,0.0015696608930078034,0.0,3,0.7979198731316568,0.20208012686834326,0.0,0.0
2021-07-01,109787.14814593854,0.0044287656505365355,0.0,3,0.7987997879208084,0.20120021207919164,0.0,0.0
2021-07-02,110590.77137701737,0.007319829730986129,0.0,3,0.7990565045245457,0.20094349547545431,0.0,0.0
2021-07-06,110688.76304839869,0.0008870189131111401,0.0,3,0.797835175264016,0.202164824735984,0.0,0.0
2021-07-07,111199.09741008695,0.004610534508052158,0.0,3,0.7969801618503797,0.20301983814962035,0.0,0.0
2021-07-08,110565.45323456413,-0.005698285240445981,0.005698285240446022,3,0.7950167398436554,0.20498326015634463,0.0,0.0
2021-07-09,111185.05146002243,0.005603904360106219,0.00012631352584391298,3,0.7990255979864981,0.20097440201350206,0.0,0.0
2021-07-12,111474.31377205046,0.002601629519702359,0.0,3,0.7998069349839263,0.20019306501607367,0.0,0.0
2021-07-13,110999.65881375309,-0.00425778380760306,0.004257976050590195,3,0.8006820436492784,0.19931795635072158,0.0,0.0
2021-07-14,111383.62666082162,0.003459180426066015,0.0008135247319330796,3,0.7991123373849961,0.20088766261500404,0.0,0.0
2021-07-15,111326.43702925225,-0.0005134473825630076,0.0013265544123518547,3,0.7967921410006072,0.2032078589993928,0.0,0.0
2021-07-16,110588.01988799794,-0.006632900153449457,0.007950655662836037,3,0.7958210682335372,0.20417893176646282,0.0,0.0
2021-07-19,109783.4758505932,-0.007275146423813259,0.01516795990253672,3,0.7898145425980828,0.21018545740191721,0.0,0.0
2021-07-20,110829.27418012643,0.009536291138267481,0.005786441468866421,3,0.8037990013595888,0.1962009986404111,0.0,0.0
2021-07-21,111275.08924867208,0.0040225389171193995,0.0017871787377472526,3,0.8070602827329206,0.1929397172670793,0.0,0.0
2021-07-22,111666.12337245452,0.0035141209629458727,0.0,3,0.8059184125215499,0.19408158747844995,0.0,0.0
2021-07-23,112447.00816858016,0.006993032197607946,0.0,3,0.8085554000487221,0.1914445999512778,0.0,0.0
2021-07-26,112606.4093318151,0.0014175669573703053,0.0,3,0.8093928745374369,0.19060712546256312,0.0,0.0
2021-07-27,112435.11711352732,-0.0015117800170477203,0.0015211586916250575,3,0.7975597137498446,0.2024402862501555,0.0,0.0
2021-07-28,112399.86765936526,-0.0003135092937775059,0.0018341910880154133,3,0.7974827026042371,0.2025172973957629,0.0,0.0
2021-07-29,112645.38406512733,0.002184312231631224,0.0,3,0.799044795730511,0.20095520426948896,0.0,0.0
2021-07-30,112314.74486608262,-0.002935221907127142,0.002935221907127139,3,0.7975052143276868,0.20249478567231313,0.0,0.0
2021-08-02,112329.64336992652,0.00013264958097585823,0.0028029616821073633,3,0.7957262414989504,0.20427375850104948,0.0,0.0
2021-08-03,113072.20494006942,0.00661485956167672,0.0,3,0.8012087032239708,0.19879129677602922,0.0,0.0
2021-08-04,112672.8052633682,-0.0035322533677743257,0.003532253367774296,3,0.8000937446419026,0.19990625535809733,0.0,0.0
2021-08-05,113128.87231897414,0.004047711908298641,0.0,3,0.8019146948457226,0.19808530515427727,0.0,0.0
2021-08-06,112904.52859230633,-0.0019830810832733516,0.001983081083273386,3,0.8048358410353786,0.1951641589646214,0.0,0.0
2021-08-09,112751.56138636527,-0.0013548367620703013,0.003335231094189872,3,0.8052718992970738,0.19472810070292623,0.0,0.0
2021-08-10,112406.10865264363,-0.0024600570143618,0.006388852390330935,5,0.20074265930886845,0.5987021243799814,0.20055521631115025,0.0
2021-08-11,112731.6272781297,0.0028959157948610587,0.003511438174017889,5,0.2006603736263849,0.5966068581192964,0.2027327682543188,0.0
2021-08-12,112694.77076954131,-0.00032694026936611243,0.0038372304128414525,5,0.20132759236744,0.5958238813092748,0.20284852632328523,0.0
2021-08-13,114124.20326759,0.012684106709546051,0.0,5,0.19916772744573422,0.5976548998556387,0.2031773726986271,0.0
2021-08-16,114458.6680933339,0.0029307089659121655,0.0,5,0.19905330359226936,0.5973524910968531,0.20359420531087752,0.0
2021-08-17,113780.7801055556,-0.00532481024689474,0.005922557016175611,3,0.7990103270883826,0.20098967291161748,0.0,0.0
2021-08-18,112862.57206015446,-0.008069974951387403,0.013944737080794245,3,0.7966945105269853,0.20330548947301466,0.0,0.0
2021-08-19,113170.81306849976,0.0027311180555146114,0.011251703748500486,3,0.7957549023012916,0.20424509769870836,0.0,0.0
2021-08-20,113902.7462543502,0.006467508414978068,0.004856965822198522,3,0.7969325031792723,0.20306749682072764,0.0,0.0
2021-08-23,114685.86195599278,0.006875301319722786,0.0,3,0.798453066684998,0.20154693331500198,0.0,0.0
2021-08-24,114652.94806167288,-0.0002854452416556799,0.00028699173340585027,3,0.8014987712894134,0.19850122871058665,0.0,0.0
2021-08-25,114656.73602906184,3.3038552021524525e-05,0.0002539626631756775,3,0.8031541572993218,0.1968458427006782,0.0,0.0
2021-08-26,114175.62698475827,-0.004196081808761951,0.004448978823826555,3,0.8017771848795292,0.19822281512047077,0.0,0.0
2021-08-27,115148.09940458504,0.008517338117675391,0.0,3,0.8021139415952112,0.19788605840478876,0.0,0.0
2021-08-30,115613.73026595249,0.004043756377874789,0.0,3,0.8023966777237794,0.19760332227622057,0.0,0.0
2021-08-31,115319.0285165329,-0.0025466297604371203,0.0025490203347100504,3,0.8008542072873972,0.19914579271260285,0.0,0.0
2021-09-01,115406.6016800275,0.000759399074212855,0.001791556984179321,3,0.800671926650857,0.19932807334914307,0.0,0.0
2021-09-02,115791.29872103466,0.003333405848599154,0.0,3,0.8004669719371985,0.19953302806280154,0.0,0.0
2021-09-03,115558.69393602906,-0.0020088278443616144,0.002008827844361627,3,0.8018835750913621,0.19811642490863787,0.0,0.0
2021-09-07,115034.22994505023,-0.004538507429559202,0.0065382181938243855,3,0.80265924092727,0.19734075907272997,0.0,0.0
2021-09-08,115078.3851560452,0.0003865043733646,0.006156883745703667,3,0.7987165779346307,0.20128342206536934,0.0,0.0
2021-09-09,114965.25748143428,-0.0009830488536793824,0.007133880081874655,3,0.7960804786570974,0.20391952134290256,0.0,0.0
2021-09-10,114036.95973372608,-0.008074593734181948,0.015150870632646973,3,0.7962330660531436,0.20376693394685644,0.0,0.0
2021-09-13,114410.2565822163,0.0032734724720991744,0.011926994118492296,3,0.7956660953695285,0.2043339046304715,0.0,0.0
2021-09-14,114202.42347125405,-0.0018165601334257358,0.013721888149890615,3,0.7928126292602116,0.20718737073978843,0.0,0.0
2021-09-15,114244.94046892898,0.0007654083476178,0.013354701684719639,2,0.403032508146571,0.39829241269341215,0.19867507916001684,0.0
2021-09-16,113449.51371985915,-0.006962468060335298,0.020224188061119808,2,0.4052150297436179,0.39924685983307745,0.19553811042330463,0.0
2021-09-17,112748.95943424199,-0.006175031189177571,0.026274334258244214,2,0.40376092498233146,0.39979787022843527,0.19644120478923321,0.0
2021-09-20,112707.15284772457,-0.00037079354636348745,0.026635385451029725,2,0.3971758667664135,0.40490613546371973,0.19791799776986677,0.0
2021-09-21,112774.37383667077,0.0005964216755347804,0.026054849696714233,2,0.39656413633614374,0.40431670258877,0.19911916107508632,0.0
2021-09-22,113398.74897704957,0.005540839021373061,0.020662603929758494,2,0.4016763522165523,0.40016839628004813,0.1981552515033995,0.0
2021-09-23,112667.29904060884,-0.006450246965147505,0.026979571996616047,2,0.4091961006865022,0.39366503105748285,0.19713886825601504,0.0
2021-09-24,112281.23289777187,-0.003426603336766028,0.030313727041953897,2,0.41127942664289785,0.3911579163477023,0.19756265700939987,0.0
2021-09-27,112033.85435830265,-0.002203204694897361,0.03245014439111249,2,0.4110082437892418,0.3905806264828338,0.19841112972792438,0.0
2021-09-28,110208.34648248793,-0.01629425218181322,0.04821564573688064,2,0.40939651841391295,0.3908656203126209,0.19973786127346616,0.0
2021-09-29,110237.76250136159,0.00047640908163175996,0.04796160230530533,5,0.20024124714139302,0.6007545114914039,0.19900424136720302,0.0
2021-09-30,110353.17208306961,0.001046915132249658,0.046964898900276,5,0.19758697106154754,0.6000432212657386,0.2023698076727138,0.0
2021-10-01,111219.91681665614,0.007854280191729178,0.039479494183685904,5,0.19837704841822767,0.6003778311096074,0.20124512047216486,0.0
2021-10-04,110870.04940298742,-0.0031457262663256934,0.04250102876817674,5,0.19643666489811862,0.6007386952487773,0.2028246398531041,0.0
2021-10-05,110348.80830681756,-0.004701369747525605,0.04700258546481284,5,0.19941813516272994,0.5977480879972052,0.20283377684006482,0.0
2021-10-06,110872.72770904521,0.00475069554197954,0.042477898307707096,5,0.19988163441488144,0.6005318753687671,0.1995864902163515,0.0
2021-10-07,110251.40050574702,-0.0056039678660083185,0.04784382139658361,5,0.20274593190158183,0.5976008958488659,0.1996531722495522,0.0
2021-10-08,109758.855875851,-0.004467468237470133,0.05209754888160523,5,0.20328436250368584,0.5960810113198693,0.20063462617644473,0.0
2021-10-11,109389.75035671768,-0.0033628768830356497,0.055285228121844,5,0.20249361527833531,0.5965747645227414,0.2009316201989233,0.0
2021-10-12,110550.38924952186,0.010610124705645306,0.04526168658095153,5,0.19987443100552996,0.6004059074104485,0.19971966158402166,0.0
2021-10-13,111668.47856568471,0.01011425333582948,0.03560561286459607,5,0.19870974450901416,0.5997696464224404,0.20152060906854558,0.0
2021-10-14,112345.6088398716,0.0060637548114223965,0.02975776175949496,5,0.20083433584794388,0.5983696192266331,0.2007960449254231,0.0
2021-10-15,111767.21615244441,-0.005148333730173445,0.03475289260106762,5,0.20341109385609438,0.5979614816174026,0.1986274245265031,0.0
2021-10-18,112092.86482017097,0.002913633164866558,0.03194051661665864,5,0.2034206030907444,0.5990201658117755,0.19755923109748005,0.0
2021-10-19,111413.6475141522,-0.006059416066387774,0.03780639180349066,5,0.20623963577118076,0.5943579805559848,0.19940238367283453,0.0
2021-10-20,111331.52147046442,-0.00034350221588015976,0.03851565100167653,1,0.6025636021962067,0.3974363978037933,0.0,0.0
2021-10-21,111453.81865434487,0.0010984955766809414,0.03745946469725403,1,0.6034723971684973,0.39652760283150273,0.0,0.0
2021-10-22,111870.84162129459,0.0037416660279990317,0.033857959475739774,1,0.6005998623096279,0.39940013769037214,0.0,0.0
2021-10-25,112162.94675193036,0.002611092635064049,0.03133527310930129,1,0.6022481339774743,0.39775186602252577,0.0,0.0
2021-10-26,112592.67009052896,0.003831241519973733,0.02762408458870358,1,0.6004896344121824,0.3995103655878175,0.0,0.0
2021-10-27,113112.7391208686,0.004619522868034801,0.023132650119239706,1,0.5945951124446055,0.40540488755539444,0.0,0.0
2021-10-28,113606.48563025659,0.004365083130560303,0.018868542929479926,1,0.5977232235661217,0.40227677643387844,0.0,0.0
2021-10-29,113883.96412208333,0.002442452913558301,0.016472175543574274,1,0.5974767672510289,0.40252323274897106,0.0,0.0
2021-11-01,113670.94324152493,-0.0018705081281683612,0.018311872333499846,1,0.5996261059561636,0.40037389404383633,0.0,0.0
2021-11-02,114148.5363240481,0.004201540595193248,0.014187269813289882,1,0.5995314797109722,0.4004685202890278,0.0,0.0
2021-11-03,114447.18213255687,0.0028173244826559603,0.011608096664638357,3,0.8026228717272067,0.19737712827279325,0.0,0.0
2021-11-04,115117.51491994971,0.005857136671276325,0.005818950202020279,3,0.8017097028574892,0.19829029714251076,0.0,0.0
2021-11-05,115779.11006158618,0.0057471284200021604,0.00010526403609867341,3,0.7998941777136807,0.20010582228631943,0.0,0.0
2021-11-08,115814.70819090902,0.00030746590903911925,0.0,3,0.8003309090593814,0.19966909094061866,0.0,0.0
2021-11-09,115809.39656273613,-4.586315724360588e-05,4.586315724364187e-05,3,0.7977222136473328,0.20227778635266735,0.0,0.0
2021-11-10,114640.33526810049,-0.010092446749055902,0.01014010172933033,3,0.8016547596062542,0.19834524039374582,0.0,0.0
2021-11-11,114636.28627900341,-3.531906189572999e-05,0.010175062652345468,3,0.8019423043562474,0.19805769564375272,0.0,0.0
2021-11-12,115230.38153408369,0.00518243633289335,0.005045357933831096,3,0.8038287973157607,0.1961712026842392,0.0,0.0
2021-11-15,114978.22339545516,-0.0021882956150234855,0.007222612814211771,3,0.805867356026151,0.194132643973849,0.0,0.0
2021-11-16,115288.17196123593,0.0026957153852928306,0.004546367537404228,3,0.8068817281102436,0.19311827188975642,0.0,0.0
2021-11-17,115246.07403089979,-0.00035827467838489975,0.00490986135432725,3,0.7983427046101447,0.20165729538985527,0.0,0.0
2021-11-18,115645.95258342782,0.003469780258378324,0.001457117235947436,3,0.7982843231572463,0.2017156768427538,0.0,0.0
2021-11-19,115727.17096604605,0.0007023019898568934,0.0007558385824248948,3,0.7962976093302222,0.2037023906697777,0.0,0.0
2021-11-22,115191.26544763464,-0.004630766603364313,0.005383105073724304,3,0.7977501441989497,0.20224985580105032,0.0,0.0
2021-11-23,114976.24983021907,-0.0018665965390692828,0.007239653527493561,3,0.800301752812904,0.19969824718709595,0.0,0.0
2021-11-24,115590.96986627145,0.005346799159574361,0.0019318645112740285,3,0.7978696625718324,0.2021303374281675,0.0,0.0
2021-11-26,114124.4512060561,-0.012687138639912669,0.014594493318298651,3,0.7900989129989373,0.2099010870010627,0.0,0.0
2021-11-29,115037.96882679785,0.008004574051290304,0.006706741969515595,3,0.7934396659503253,0.20656033404967458,0.0,0.0
2021-11-30,113623.1918539486,-0.01229834799134315,0.01892260811422941,3,0.7876883832135335,0.2123116167864664,0.0,0.0
2021-12-01,112777.91817114665,-0.007439270707061881,0.026221108417045946,3,0.7847776455598686,0.21522235444013135,0.0,0.0
2021-12-02,113016.7928028576,0.0027044566972880798,0.02415854973652687,5,0.20251553546633466,0.5991282744259164,0.1983561901077489,0.0
2021-12-03,113814.15663210074,0.007055268597420189,0.01727372619642198,5,0.19934695682221243,0.6020296218298812,0.19862342134790642,0.0
2021-12-06,113086.11143548066,-0.006396789451890805,0.023560019258784815,5,0.20300648559407805,0.5975832329591471,0.1994102814467749,0.0
2021-12-07,113094.99318332844,7.853968745616896e-05,0.02348332996787772,5,0.2071893604195211,0.5927082691845665,0.20010237039591242,0.0
2021-12-08,112010.61466721533,-0.00958820974820099,0.032846376622760465,5,0.209749086565516,0.5881023420953736,0.20214857133911035,0.0
2021-12-09,112097.02437675229,0.0007833491291322599,0.032100273550993985,5,0.19849419980237143,0.6028836663484276,0.19862213384920083,0.0
2021-12-10,112237.41473012755,0.0012524003572425416,0.030888075587814368,5,0.2001120859233272,0.6006771064724666,0.19921080760420637,0.0
2021-12-13,113091.21563245261,0.007607097012863505,0.02351594716248817,5,0.1968420656140372,0.6049526235878978,0.19820531079806514,0.0
2021-12-14,112565.58410798454,-0.004647854579407636,0.02805450303918755,5,0.19640061182272683,0.6063286876644904,0.19727070051278273,0.0
2021-12-15,112349.6298161359,-0.0019184752920704984,0.02991915646034593,5,0.1998527639251561,0.6016491278563512,0.19849810821849267,0.0
2021-12-16,112449.37216694684,0.0008894359035482801,0.029057932939007713,5,0.19806017354600264,0.59970019334933,0.20223963310466744,0.0
2021-12-17,112927.802661167,0.004254630194910014,0.024926933502981696,5,0.19512205463981783,0.6039262464471743,0.20095169891300788,0.0
2021-12-20,112086.49616565487,-0.007449950106940729,0.03219117919900605,5,0.1944962323451383,0.6039004142274179,0.2016033534274438,0.0
2021-12-21,112206.4845217099,0.001070497875834212,0.031155141912124984,5,0.1977386321234813,0.6009579586322976,0.201303409244221,0.0
2021-12-22,112952.63411046151,0.006649790267756201,0.024712526803846502,5,0.1983964212296278,0.5997501952927026,0.20185338347766957,0.0
2021-12-23,112555.86343535563,-0.0035108704517137594,0.028138436010921142,5,0.20195347121095283,0.5968894888857113,0.20115703990333583,0.0
2021-12-27,113094.01873657017,0.00478122849214006,0.02349174381076069,5,0.2038369639030162,0.5954892747000162,0.2006737613969676,0.0
2021-12-28,112710.44551817443,-0.003391631340727234,0.026803699816931092,5,0.20436351425014385,0.5951476571606363,0.20048882858921985,0.0
2021-12-29,112000.4221978512,-0.006299534324959541,0.032934383314857874,5,0.20592216486468434,0.5923778369578396,0.2016999981774761,0.0
2021-12-30,112655.185452054,0.005846078446437859,0.027280841856863858,5,0.2041593487797052,0.5938737232193461,0.20196692800094862,0.0
2021-12-31,112884.16512922975,0.0020387098927635,0.025303720982041145,5,0.19909003252822968,0.5999533421332061,0.20095662533856437,0.0
2022-01-03,110887.50835623872,-0.01768766036144453,0.042543817720874455,5,0.20384835537614304,0.5947236952983023,0.20142794932555472,0.0
2022-01-04,110770.24767352948,-0.0010574742317460129,0.043556302961660576,5,0.20399584379512872,0.5928775837413898,0.20312657246348154,0.0
2022-01-05,109912.22638845441,-0.007745954379409713,0.050964872205393474,5,0.20164058913143715,0.5942628524445804,0.20409655842398236,0.0
2022-01-06,109785.82168511277,-0.0011500513409209295,0.05205631132669464,5,0.20168307167634386,0.5964872395586103,0.2018296887650458,0.0
2022-01-07,109325.05161038025,-0.00419349268967902,0.056034822190556444,5,0.20004820466647105,0.5981955042650549,0.201756291068474,0.0
2022-01-10,109525.8413773115,0.001836630890848696,0.05430110658510612,5,0.1994329889955823,0.5985683363148768,0.20199867468954089,0.0
2022-01-11,110428.39876053321,0.008240588448094402,0.046507991208655564,5,0.1996046252281292,0.5976305571809416,0.2027648175909292,0.0
2022-01-12,110294.31274708117,-0.0012142348794063533,0.04766575446296528,5,0.2003875913825786,0.5960646052681315,0.20354780334928993,0.0
2022-01-13,110497.38058803037,0.001841145167791658,0.045912368868672226,5,0.19726335150444949,0.600253096302234,0.20248355219331657,0.0
2022-01-14,109440.75012385944,-0.00955978283707428,0.05503582547169006,5,0.20201300232515057,0.5966380807363584,0.20134891693849113,0.0
2022-01-18,108093.80094957177,-0.01230756526031901,0.06666603371836077,5,0.20090810615829946,0.5955703999112484,0.20352149393045202,0.0
2022-01-19,108663.3849277964,0.005269349150654401,0.06174797117585762,5,0.19777980224915911,0.5965504211246696,0.20566977662617117,0.0
2022-01-20,108769.44756113071,0.0009760659803189003,0.06083217528955731,5,0.1954000269789394,0.5996441916403271,0.20495578138073348,0.0
2022-01-21,109056.06375446469,0.00263507997659815,0.058357392959997645,5,0.19106076166167962,0.6051890107464334,0.20375022759188696,0.0
2022-01-24,108729.99605102403,-0.002980996381225399,0.061172818638946413,5,0.20144985150845707,0.5968500414554275,0.20170010703611535,0.0
2022-01-25,108427.89308492636,-0.0027784693927139785,0.0637813212274061,5,0.199544782894457,0.5975464719517041,0.2029087451538389,0.0
2022-01-26,107234.38063208396,-0.01100743008911526,0.07408668288211928,5,0.2012595280690709,0.5968901910314373,0.20185028089949175,0.0
2022-01-27,108023.96794745763,0.007363191830078353,0.06726900551015624,5,0.19880186964925436,0.6034077256843781,0.19779040466636763,0.0
2022-01-28,108516.3806751231,0.004558365490749032,0.06301727673272162,5,0.2028146807797879,0.60087981361445,0.19630550560576202,0.0
2022-01-31,108698.80864842657,0.0016848107243245605,0.06144210570174391,5,0.2032597634661795,0.5958937174247453,0.2008465191090753,0.0
2022-02-01,108651.25963208843,-0.00043743824729409753,0.06185266682200985,5,0.20472274806178475,0.5941754814651443,0.20110177047307085,0.0
2022-02-02,109165.24047137264,0.004730555734232967,0.05741470857548936,5,0.2057382037755112,0.5933811096342843,0.20088068659020453,0.0
2022-02-03,108100.50653079082,-0.009753415427697684,0.0666081344987901,5,0.20288107835463182,0.5945480098724093,0.20257091177295888,0.0
2022-02-04,107289.91296728885,-0.007498517717593611,0.0736071899397086,5,0.20537511377571152,0.5902087763066992,0.2044161099175893,0.0
2022-02-07,107420.51080096302,0.00122704566144154,0.07247954531050582,5,0.1991138115321522,0.5996525948770293,0.2012335935908185,0.0
2022-02-08,107231.89822297105,-0.0017558339332555623,0.07410811719863819,5,0.20110523311790654,0.5966909919706966,0.2022037749113968,0.0
2022-02-09,107741.61287428589,0.004753386443415994,0.06970699527486124,5,0.2030832446780255,0.5949855109412248,0.20193124438074989,0.0
2022-02-10,106247.14420328976,-0.013870858539493776,0.08261095794368434,5,0.20223997039923283,0.5937658550761973,0.2039941745245699,0.0
2022-02-11,107171.86754233827,0.008703512418923533,0.07462645102316268,5,0.19654150382897737,0.5973709232231234,0.2060875729478993,0.0
2022-02-14,106415.824726985,-0.007048444845055819,0.08115448901732669,5,0.20076114989701452,0.596741414900068,0.20249743520291746,0.0
2022-02-15,105834.73231158368,-0.005460582736563401,0.08617192095216741,5,0.20511889161148655,0.593206105197064,0.20167500319144951,0.0
2022-02-16,106450.64001229769,0.005819523395219097,0.08085387706694036,5,0.20416063137042703,0.5932691505123033,0.20257021811726963,0.0
2022-02-17,106750.90248662645,0.0028206732650368923,0.07826126617132068,5,0.19923751476102905,0.5960010874351839,0.2047613978037872,0.0
2022-02-18,107266.92670922588,0.004833909696117818,0.07380566436857894,5,0.1969952322257875,0.5993778672717694,0.203626900502443,0.0
2022-02-22,107248.74496753968,-0.00016587367881444045,0.07396265428782334,5,0.1978864413562412,0.6016625015170238,0.20045105712673505,0.0
2022-02-23,106079.8697521636,-0.010898730943004002,0.08405528616191393,5,0.19651796765219523,0.5999088069390938,0.20357322540871098,0.0
2022-02-24,106296.22523822197,0.0020395527121577443,0.0821871686366189,5,0.19906942783424622,0.5990821014206579,0.2018484707450959,0.0
2022-02-25,106738.21082388306,0.004158055327651925,0.07837085210338102,5,0.2026191772500919,0.5970376821731341,0.20034314057677383,0.0
2022-02-28,108301.32803265375,0.014644401444481899,0.06487414487864707,5,0.19918382371433968,0.6013179420101256,0.19949823427553476,0.0
2022-03-01,109115.99716965006,0.0075235729842279,0.057839898972216974,5,0.19548325511621154,0.6024046666557722,0.20211207822801625,0.0
2022-03-02,107031.99888107415,-0.01909892538795924,0.0758341444452586,5,0.20295561795306272,0.5931412195014812,0.20390316254545607,0.0
2022-03-03,107700.40154519364,0.006244886306030406,0.07006283374940381,5,0.2006918743928568,0.5954640260597219,0.20384409954742133,0.0
2022-03-04,108981.6655913066,0.011896557744729556,0.05899978255213334,5,0.1967210662148802,0.5986224791690553,0.20465645461606455,0.0
2022-03-07,108183.3920179363,-0.007324842844335971,0.065892461261425,5,0.1923306780428698,0.5984385031609307,0.20923081879619954,0.0
2022-03-08,107957.37553920221,-0.0020799859420801594,0.06784399645297878,5,0.19889735817496487,0.5952025730544602,0.20590006877057504,0.0
2022-03-09,107242.95430542449,-0.006617623207395488,0.07401265365496457,5,0.20559046978743703,0.5932961017645509,0.2011134284480121,0.0
2022-03-10,106296.56628722629,-0.008824710437414037,0.08218422385516888,5,0.20648430422181252,0.5899783887086737,0.20353730706951373,0.0
2022-03-11,106075.33082145765,-0.002081303973364762,0.08409447747687604,5,0.2042839965468477,0.5931876098431406,0.2025283936100117,0.0
2022-03-14,104123.95398214673,-0.018396141913480497,0.10094360544855185,5,0.2065915190275692,0.5901945904568576,0.20321389051557315,0.0
2022-03-15,105856.51899645549,0.01724308768112982,0.08598380421628704,3,0.8037333710243111,0.19626662897568886,0.0,0.0
2022-03-16,107946.89274388568,0.019747236799843974,0.06793450995925343,3,0.805646405789164,0.19435359421083598,0.0,0.0
2022-03-17,108878.54039204669,0.008630611076239445,0.05989021521712723,3,0.8087457048858794,0.19125429511412056,0.0,0.0
2022-03-18,110097.31038463932,0.01119384947854833,0.04936676779295712,3,0.8085529706041,0.19144702939589994,0.0,0.0
2022-03-21,109583.20670618869,-0.004669538943817483,0.05380578669203495,3,0.8121088367773769,0.1878911632226231,0.0,0.0
2022-03-22,109394.95912048954,-0.0007185692450687,0.05543120706082649,0,0.0,0.0,0.0,1.0
2022-03-23,109486.7036592655,0.0008386541712119,0.05463904050263135,0,0.0,0.0,0.0,1.0
2022-03-24,109460.5089483942,-0.0002392501554602,0.054865218259157134,0,0.0,0.0,0.0,1.0
2022-03-25,109159.17233134244,-0.0027529254152638,0.05746710382066145,0,0.0,0.0,0.0,1.0
2022-03-28,109054.33616901505,-0.0009603971896121,0.05837230976526897,0,0.0,0.0,0.0,1.0
2022-03-29,109106.81730090515,0.0004812383783507,0.05791916238261008,0,0.0,0.0,0.0,1.0
2022-03-30,109185.35557844535,0.0007198292415,0.057241025047836236,0,0.0,0.0,0.0,1.0
2022-03-31,109185.35557844535,0.0,0.057241025047836236,0,0.0,0.0,0.0,1.0
2022-04-01,108957.3068329911,-0.002088638574707,0.05921010780957259,0,0.0,0.0,0.0,1.0
2022-04-04,109022.9025159695,0.0006020310604679,0.05864372307309973,0,0.0,0.0,0.0,1.0
2022-04-05,108826.29888732928,-0.0018033241099175,0.060341293543304086,0,0.0,0.0,0.0,1.0
2022-04-06,108904.96326632224,0.0007228434652033,0.05966206738782043,0,0.0,0.0,0.0,1.0
2022-04-07,108983.57032647304,0.000721795020109,0.05898333615084128,0,0.0,0.0,0.0,1.0
2022-04-08,108852.45920689529,-0.0012030356427578,0.0601154127378809,0,0.0,0.0,0.0,1.0
2022-04-11,108878.69977284035,0.000241065439736,0.0598888390465514,0,0.0,0.0,0.0,1.0
2022-04-12,108417.3688272668,-0.00324034959627216,0.06387219273953049,3,0.799626856932147,0.20037314306785306,0.0,0.0
2022-04-13,109454.49822395589,0.009566081596588862,0.05491711775044117,3,0.8011219476147814,0.19887805238521858,0.0,0.0
2022-04-14,107926.27935504273,-0.013962138548077364,0.06811249589182578,3,0.8023489754293929,0.19765102457060715,0.0,0.0
2022-04-18,107855.88318448681,-0.0006522616268865241,0.06872033035133052,3,0.8032027046538629,0.19679729534613707,0.0,0.0
2022-04-19,109095.34532112873,0.011491836143252483,0.05801821698418552,3,0.8068960122961043,0.19310398770389575,0.0,0.0
2022-04-20,109468.99280234845,0.00343188231215452,0.054791964575866214,3,0.7966726026195624,0.20332739738043776,0.0,0.0
2022-04-21,108000.20630891885,-0.013417374690580902,0.06747417494769958,3,0.7954321179643346,0.20456788203566545,0.0,0.0
2022-04-22,105503.9451674647,-0.02311348493459303,0.08902809655616495,3,0.791909948163497,0.20809005183650295,0.0,0.0
2022-04-25,106207.8933306616,0.006672244929604567,0.08294986889239964,3,0.7912218982215196,0.20877810177848036,0.0,0.0
2022-04-26,103997.41339009855,-0.020812765146193662,0.1020362178984282,3,0.7846379059848267,0.21536209401517326,0.0,0.0
2022-04-27,103962.98371979497,-0.00031570551197669997,0.10233350026300336,3,0.8025027796451636,0.19749722035483636,0.0,0.0
2022-04-28,106100.96974561278,0.020564877510443468,0.0838730986506836,3,0.8061942389812287,0.1938057610187713,0.0,0.0
2022-04-29,102673.11043816018,-0.03230752099317496,0.11347088774843894,3,0.802321943779934,0.19767805622006593,0.0,0.0
2022-05-02,102817.153399975,0.0014029278084603484,0.11222715140385142,3,0.8060206027895387,0.19397939721046129,0.0,0.0
2022-05-03,103331.51276675028,0.0050026610323896156,0.10778592476856597,3,0.8056849503345443,0.1943150496654556,0.0,0.0
2022-05-04,105962.16363813561,0.02546418990678144,0.08507161747135328,3,0.8038917962774353,0.19610820372256466,0.0,0.0
2022-05-05,102365.21318261823,-0.03394561164116169,0.11612942102414692,3,0.8025626533119699,0.19743734668803012,0.0,0.0
2022-05-06,101577.04229921116,-0.0076995969519546995,0.12293486823995181,3,0.8039625763179884,0.19603742368201152,0.0,0.0
2022-05-09,99137.54981395026,-0.024016179542568197,0.14399862191482726,3,0.7973715133886264,0.20262848661137353,0.0,0.0
2022-05-10,99502.38189016706,0.003680059441669389,0.14084848596132293,3,0.7962835523939475,0.20371644760605231,0.0,0.0
2022-05-11,99301.53772388324,-0.0018225602009889783,0.14258267127699753,1,0.5915465110418962,0.40845348895810385,0.0,0.0
2022-05-12,99164.55734559165,-0.0013794386414486418,0.14376542587208574,1,0.5917452305300307,0.4082547694699693,0.0,0.0
2022-05-13,99969.06720419222,0.008112877021140004,0.13681890007093778,1,0.6010165579412883,0.3989834420587117,0.0,0.0
2022-05-16,99684.01490040876,-0.0028514050571387052,0.13928017902450196,1,0.6002896355659273,0.3997103644340727,0.0,0.0
2022-05-17,100433.46067485715,0.007518214181051481,0.13280910306053195,1,0.6080661494176351,0.3919338505823648,0.0,0.0
2022-05-18,99931.99635450174,-0.0044952481339155005,0.13713898765108667,4,0.24100547672268463,0.25648229898701563,0.25126235786856077,0.2512498664217388
2022-05-19,100251.19862166153,0.003194194840533856,0.13438284145734403,4,0.23876679289588076,0.2562780275365425,0.2541434360866381,0.25081174348093876
2022-05-20,100589.17511872927,0.0033712963207874233,0.13146458951553874,4,0.238068381693739,0.25831593688350696,0.25346632098969585,0.2501493604330583
2022-05-23,100716.16764365391,0.001262486990023905,0.13036807485942692,4,0.24221692289342345,0.25374521425713636,0.25432395234574345,0.24971391050369676
2022-05-24,101284.33424841045,0.005641265131997217,0.12546225060245975,4,0.23901952571629762,0.2573006895314628,0.2547995496568195,0.24888023509542007
2022-05-25,101472.48234466754,0.001869745739330025,0.1238376892734534,4,0.2517380353057725,0.2505201046249732,0.24802875056050913,0.24971310950874534
2022-05-26,101827.37909581458,0.003497467913927452,0.12077333970429482,4,0.2558731402455291,0.24851725028952584,0.246707319686115,0.24890228977883003
2022-05-27,102547.94318318793,0.007076329507561336,0.11455164214420976,4,0.26031254566868023,0.24737337328223602,0.24510144083891014,0.24721264021017364
2022-05-31,101573.20323613286,-0.00950521206762609,0.12296801656056033,4,0.261336038122046,0.24446219498581515,0.24500547904702,0.24919628784511896
2022-06-01,101441.4985145668,-0.0012966483026027866,0.12410521859321544,4,0.25955876646452974,0.24449976454473635,0.24688605145670975,0.24905541753402413
2022-06-02,102072.71737085903,0.006580330985898101,0.11865497081249554,5,0.20247637255291012,0.5963853474883963,0.20113827995869343,0.0
2022-06-03,101394.23266567125,-0.006647072035151692,0.12451333470932768,5,0.20048602162480383,0.59908539447259,0.20042858390260626,0.0
2022-06-06,100246.28620449513,-0.01132161495773891,0.1344252576343835,5,0.2033992832302685,0.5947697118888792,0.2018310048808524,0.0
2022-06-07,101217.70096601665,0.009690281787994626,0.1260375944722898,5,0.20337950857618728,0.5954235224381071,0.20119696898570544,0.0
2022-06-08,100441.0519771561,-0.0076730550234618555,0.132743556098341,5,0.20272385293780443,0.5947110317383766,0.20256511532381893,0.0
2022-06-09,98538.03802012365,-0.01836026532672014,0.14917509563903142,3,0.7955807027359368,0.20441929726406316,0.0,0.0
2022-06-10,96139.99962552017,-0.024336169491356707,0.16988091471902733,3,0.7917813257803937,0.20821867421960635,0.0,0.0
2022-06-13,92621.64921102686,-0.036596114293715586,0.2002600476413644,3,0.7906537247299829,0.20934627527001706,0.0,0.0
2022-06-14,92156.4092610551,-0.005023015179871914,0.20427715356201193,3,0.7922507388602763,0.2077492611397237,0.0,0.0
2022-06-15,93554.44141796579,0.015170210820068123,0.19220587022720292,3,0.7915374187920606,0.20846258120793926,0.0,0.0
2022-06-16,91225.20402483382,-0.024888881282491237,0.21231762830625844,3,0.793266667286213,0.2067333327137871,0.0,0.0
2022-06-17,91441.98342508145,0.0023763103910253787,0.21044585050157505,3,0.7930922218849481,0.20690777811505195,0.0,0.0
2022-06-21,92946.89194413704,0.016457522712076428,0.1974517451537905,3,0.7998929457682591,0.2001070542317409,0.0,0.0
2022-06-22,93323.58422226111,0.004052768954883043,0.19419920250175415,3,0.7952199537803494,0.2047800462196506,0.0,0.0
2022-06-23,94208.05148709721,0.009477424942548643,0.18656228592481872,3,0.7954760251561225,0.2045239748438775,0.0,0.0
2022-06-24,93949.84275800335,-0.002146637291489299,0.1887917845189716,5,0.20680270509839802,0.5929671658800677,0.20023012902153425,0.0
2022-06-27,93379.49835811817,-0.0060707328840800935,0.19371641290852826,5,0.20727103646748,0.5915009037925757,0.20122805973994426,0.0
2022-06-28,93210.41381659117,-0.0018107244577235681,0.19517637031953594,5,0.20340421891082394,0.5953349214820111,0.20126085960716492,0.0
2022-06-29,94046.71102288907,0.008972143476837918,0.18795537724049327,5,0.20143129741081411,0.5992503933011453,0.19931830928804053,0.0
2022-06-30,94273.82662672525,0.0024149234073788735,0.18599435167315514,5,0.19931347653819606,0.6030567417517779,0.19762978171002613,0.0
2022-07-01,94463.08819008937,0.0030105833119919,0.1843601761325826,0,0.0,0.0,0.0,1.0
2022-07-05,94451.65971935616,-0.0001209834545131,0.1844588550561126,0,0.0,0.0,0.0,1.0
2022-07-06,94189.83842375843,-0.0027720137091892,0.18671954629030496,0,0.0,0.0,0.0,1.0
2022-07-07,94121.51604437505,-0.0007253688988826,0.18730947463749514,0,0.0,0.0,0.0,1.0
2022-07-08,94007.61891126774,-0.0012101072942091,0.18829291737017084,0,0.0,0.0,0.0,1.0
2022-07-11,94041.7751320591,0.0003633346018858,0.18799799610045553,0,0.0,0.0,0.0,1.0
2022-07-12,94087.32007238115,0.0004843054085068,0.1876047391382486,0,0.0,0.0,0.0,1.0
2022-07-13,93984.86134780767,-0.0010889748426743,0.18848941713963496,0,0.0,0.0,0.0,1.0
2022-07-14,93950.68525141504,-0.0003636340566186,0.1887845100248693,0,0.0,0.0,0.0,1.0
2022-07-15,94019.01756859905,0.00072732111534,0.18819449586991954,0,0.0,0.0,0.0,1.0
2022-07-18,93108.85215166284,-0.008689341623190941,0.19605330267566567,3,0.8003489656539334,0.1996510343460666,0.0,0.0
2022-07-19,95022.03802705383,0.02054784084626723,0.17953393389016314,3,0.8054240703648233,0.19457592963517656,0.0,0.0
2022-07-20,95558.29597169826,0.00564351129252504,0.17490362438093854,3,0.8060082160332419,0.19399178396675812,0.0,0.0
2022-07-21,96662.87278648616,0.011559193302432358,0.16536617588202152,3,0.8049118554695095,0.19508814453049064,0.0,0.0
2022-07-22,96258.00825492058,-0.0041884181578160035,0.16886197134608472,3,0.8007979226835538,0.19920207731644618,0.0,0.0
2022-07-25,96080.50782924084,-0.0008448516922417,0.17039459555636327,0,0.0,0.0,0.0,1.0
2022-07-26,96034.06767416133,-0.0004833462700057,0.17079558223417768,0,0.0,0.0,0.0,1.0
2022-07-27,96184.92474499108,0.0015708703638546,0.16949300958873204,0,0.0,0.0,0.0,1.0
2022-07-28,96393.84973492025,0.0021721178290994,0.16768905054766803,0,0.0,0.0,0.0,1.0
2022-07-29,96382.25235704325,-0.0001203124256256,0.16778918789687136,0,0.0,0.0,0.0,1.0
2022-08-01,96379.93288146786,-2.4065380489379784e-05,0.167809215366712,0,0.0,0.0,0.0,1.0
2022-08-02,96043.01132889093,-0.0034957645487395,0.17071835840942073,0,0.0,0.0,0.0,1.0
2022-08-03,96077.85410609347,0.0003627830564705,0.17041750908080966,0,0.0,0.0,0.0,1.0
2022-08-04,96205.65822316946,0.0013302141088087,0.16931398674696818,0,0.0,0.0,0.0,1.0
2022-08-05,95810.6687514931,-0.0041056781791369,0.17272451618529538,0,0.0,0.0,0.0,1.0
2022-08-08,95903.59970522366,0.0009699436914651,0.1719221055486655,0,0.0,0.0,0.0,1.0
2022-08-09,95810.6687514931,-0.0009690038123303,0.17272451618529538,0,0.0,0.0,0.0,1.0
2022-08-10,95903.59970522366,0.0009699436914651,0.1719221055486655,0,0.0,0.0,0.0,1.0
2022-08-11,95868.73667059254,-0.0003635216481788,0.1722231297896769,0,0.0,0.0,0.0,1.0
2022-08-12,95891.99219863236,0.0002425767653508,0.1720223303540691,0,0.0,0.0,0.0,1.0
2022-08-15,95973.28525962871,0.0008477565136821,0.17132040689144334,0,0.0,0.0,0.0,1.0
2022-08-16,95891.99219863238,-0.0008470384313346,0.1720223303540689,0,0.0,0.0,0.0,1.0
2022-08-17,95810.66875149313,-0.0008480733925185,0.17272451618529505,0,0.0,0.0,0.0,1.0
2022-08-18,95950.08037516043,0.0014550741110981,0.17152076904605007,0,0.0,0.0,0.0,1.0
2022-08-19,95880.35430589817,-0.0007266910980129,0.1721228175280729,0,0.0,0.0,0.0,1.0
2022-08-22,95752.55018882219,-0.0013329541593916,0.17322633986191427,0,0.0,0.0,0.0,1.0
2022-08-23,95799.05111618753,0.0004856364376055,0.17282482844689873,0,0.0,0.0,0.0,1.0
2022-08-24,95694.48226972278,-0.0010915436556667,0.1737277262575324,0,0.0,0.0,0.0,1.0
2022-08-25,95752.55018882222,0.000606805300809,0.17322633986191394,0,0.0,0.0,0.0,1.0
2022-08-26,95729.32504692531,-0.0002425537685535,0.17342687692892123,0,0.0,0.0,0.0,1.0
2022-08-29,95659.64962123457,-0.000727837845473,0.17402848812994332,0,0.0,0.0,0.0,1.0
2022-08-30,95613.16895129783,-0.0004858963013222,0.1744298246325584,0,0.0,0.0,0.0,1.0
2022-08-31,95601.54118727792,-0.0001216125785542,0.17453022435036236,0,0.0,0.0,0.0,1.0
2022-09-01,95531.76447444415,-0.0007298701670204,0.17513271011338605,0,0.0,0.0,0.0,1.0
2022-09-02,95741.13512780269,0.0021916338980061,0.17332490299951409,0,0.0,0.0,0.0,1.0
2022-09-06,94882.88642515839,-0.00797223510391832,0.18073543587612906,3,0.8033862174315768,0.19661378256842318,0.0,0.0
2022-09-07,96547.34966328845,0.01754229135348809,0.16636365819667953,3,0.8037199426708403,0.19628005732915954,0.0,0.0
2022-09-08,96860.16037518311,0.0032399720239406995,0.1636626997710966,3,0.8063606472091134,0.19363935279088657,0.0,0.0
2022-09-09,98115.18554080745,0.012957083291655198,0.15282620771211264,3,0.808413042569739,0.19158695743026094,0.0,0.0
2022-09-12,98813.18751441917,0.007114107462207509,0.1467993223146108,3,0.8113295539273915,0.1886704460726085,0.0,0.0
2022-09-13,98377.63102879404,-0.0034112893933313,0.15056012690004528,0,0.0,0.0,0.0,1.0
2022-09-14,98293.44258581518,-0.0008557681466657,0.15128705048595192,0,0.0,0.0,0.0,1.0
2022-09-15,98185.17486560211,-0.0011014744968216,0.1522218861549638,0,0.0,0.0,0.0,1.0
2022-09-16,98233.2705772417,0.0004898469825553,0.1518066046040204,0,0.0,0.0,0.0,1.0
2022-09-19,98125.02380463824,-0.0011019359527315,0.15274125940127647,0,0.0,0.0,0.0,1.0
2022-09-20,98076.96998821785,-0.0004897203033149,0.15315617920870872,0,0.0,0.0,0.0,1.0
2022-09-21,97992.75012382457,-0.0008587119321018,0.15388337410224895,0,0.0,0.0,0.0,1.0
2022-09-22,97812.26551951854,-0.0018418158902366,0.1554417651488207,0,0.0,0.0,0.0,1.0
2022-09-23,97692.03671422436,-0.0012291792308009,0.15647987859030166,0,0.0,0.0,0.0,1.0
2022-09-26,97475.50127379822,-0.0022165106564373,0.1583495499283255,0,0.0,0.0,0.0,1.0
2022-09-27,96666.34949172649,-0.00730838682702822,0.1653361563336011,3,0.8038325578491827,0.19616744215081727,0.0,0.0
2022-09-28,98830.16853778687,0.02238440840517701,0.14665269997593766,3,0.8017032367890112,0.1982967632109888,0.0,0.0
2022-09-29,97073.64620662016,-0.017773139084500476,0.16181936022664822,3,0.7991600402402814,0.2008399597597185,0.0,0.0
2022-09-30,95622.32229043012,-0.01495075103186011,0.1743507902916248,3,0.798744085494668,0.20125591450533206,0.0,0.0
2022-10-03,97944.57809462785,0.024285708070804077,0.15429931461575708,3,0.8003938428958609,0.19960615710413904,0.0,0.0
2022-10-04,99636.19045673241,0.017475013691002877,0.1396931183171306,1,0.6079678119401757,0.39203218805982437,0.0,0.0
2022-10-05,99121.65968654858,-0.0051640951729007775,0.14413582493204247,1,0.6097007401543884,0.39029925984561176,0.0,0.0
2022-10-06,98283.17798938608,-0.008459116804682339,0.15137567995788548,1,0.6085590506892173,0.3914409493107827,0.0,0.0
2022-10-07,96241.34134139687,-0.020775036885861808,0.16900588150899976,1,0.6041348763186931,0.3958651236813068,0.0,0.0
2022-10-10,95205.12891311086,-0.01076681199413312,0.17795303895102266,1,0.6060473710746301,0.3939526289253698,0.0,0.0
2022-10-11,95259.47019115367,0.0009772251640259798,0.17748383017010316,5,0.19853938518043904,0.6020670855039892,0.19939352931557186,0.0
2022-10-12,95580.09877750276,0.0033658447365463727,0.17471536844915692,5,0.19722065696882635,0.6029916465912023,0.19978769643997135,0.0
2022-10-13,95394.02169635061,-0.0019468182553913486,0.176322047635754,5,0.20282040093620643,0.5983881283156086,0.19879147074818504,0.0
2022-10-14,94245.88318039483,-0.012035749154285865,0.18623562885432587,5,0.2006128740825688,0.6006807983118353,0.19870632760559598,0.0
2022-10-17,94509.93872948307,0.0028017727690323947,0.18395564599884118,5,0.20519318049021773,0.5960857422780544,0.19872107723172766,0.0
2022-10-18,94462.07675995436,0.0004940714647831,0.18436890930776229,0,0.0,0.0,0.0,1.0
2022-10-19,94287.08093117134,-0.0018525511484119,0.18587990762150464,0,0.0,0.0,0.0,1.0
2022-10-20,94182.06720146335,-0.0011137658380224,0.18678664676844337,0,0.0,0.0,0.0,1.0
2022-10-21,94427.11614623845,0.0026018641558474,0.1846707760936137,0,0.0,0.0,0.0,1.0
2022-10-24,94403.74143526876,-0.0002475423577851,0.18487260461207056,0,0.0,0.0,0.0,1.0
2022-10-25,94497.07795476577,0.0009886951309128,0.1840666921251768,0,0.0,0.0,0.0,1.0
2022-10-26,94578.73726405179,0.0008641463953531,0.18336160629832832,0,0.0,0.0,0.0,1.0
2022-10-27,94777.02664161363,0.0020965534463444,0.18164948025959593,0,0.0,0.0,0.0,1.0
2022-10-28,94637.08273401126,-0.0014765593790101,0.18285782339483647,0,0.0,0.0,0.0,1.0
2022-10-31,94497.07795476574,-0.0014793860419283,0.18406669212517712,0,0.0,0.0,0.0,1.0
2022-11-01,94404.75596265457,-0.0009769825068598,0.18486384469373507,0,0.0,0.0,0.0,1.0
2022-11-02,94358.01668598906,-0.0004950945128654,0.1852674141314654,0,0.0,0.0,0.0,1.0
2022-11-03,94182.67591789486,-0.0018582498260611,0.18678139081744183,0,0.0,0.0,0.0,1.0
2022-11-04,94287.88240780616,0.0011170471521007,0.1858729872860192,0,0.0,0.0,0.0,1.0
2022-11-07,94206.08106468612,-0.0008675700528116,0.18657929950143493,0,0.0,0.0,0.0,1.0
2022-11-08,94723.92343946466,0.006503413686633441,0.18210799889663665,3,0.7991193885912831,0.20088061140871694,0.0,0.0
2022-11-09,93226.98337779944,-0.015803188965476892,0.19503330074342518,3,0.7952228831901006,0.2047771168098994,0.0,0.0
2022-11-10,98035.5652527197,0.05157929282591544,0.15351368764735973,3,0.7977750087827422,0.20222499121725776,0.0,0.0
2022-11-11,98719.88982792279,0.006980370577137284,0.14760489949866407,3,0.7999126356933847,0.20008736430661522,0.0,0.0
2022-11-14,97999.69959285102,-0.007295290101388153,0.15382336903782323,3,0.7989364225177218,0.20106357748227827,0.0,0.0
2022-11-15,99127.79233148658,0.01211737964291942,0.1440828727204123,5,0.1992909274650627,0.6024085813105794,0.1983004912243579,0.0
2022-11-16,100237.8303886005,0.011198050829195503,0.13449826922355657,5,0.1955804667250272,0.6087653061871641,0.1956542270878087,0.0
2022-11-17,99391.40230704226,-0.008444197946791363,0.14180673716152337,5,0.19664251225037319,0.6074710590286775,0.1958864287209493,0.0
2022-11-18,98930.70666363818,-0.004635165947059287,0.14578460534942805,5,0.19845519567921674,0.6061028394951576,0.1954419648256257,0.0
2022-11-21,99003.97314968552,0.0007405838744936983,0.14515198720280564,5,0.19758726796812032,0.6082071041505738,0.194205627881306,0.0
2022-11-22,100135.8615865201,0.011441058706928041,0.13537871699805093,5,0.2003986664764874,0.6016315723895695,0.1979697611339431,0.0
2022-11-23,101436.62735374215,0.012990009239578404,0.12414727854311935,5,0.19907552777402043,0.6042754674190586,0.19664900480692094,0.0
2022-11-25,101241.45892050974,-0.001924043004227502,0.12583245684457212,5,0.19941462419913758,0.60338813763508,0.1971972381657824,0.0
2022-11-28,100933.66597524635,-0.0030401867826209505,0.12849008945506957,5,0.19683101296603364,0.6069337044399283,0.19623528259403805,0.0
2022-11-29,100279.04677237132,-0.006485637835007036,0.13414238710448334,5,0.19777558907407833,0.6037322945740784,0.19849211635184327,0.0
2022-11-30,101609.3227078951,0.013269523551450921,0.1226561436358995,5,0.20359851924050876,0.5964977243095699,0.19990375644992137,0.0
2022-12-01,103903.7407140607,0.0225807824028269,0.10284503292288472,5,0.19895606067305338,0.6019604532519088,0.1990834860750377,0.0
2022-12-02,104594.96817061302,0.0066525752759428155,0.09687664197021828,5,0.19741319788048547,0.6055024042659847,0.1970843978535298,0.0
2022-12-05,102982.70748689784,-0.015414323575158017,0.11079767763917259,5,0.19689697392589092,0.6063678370009552,0.19673518907315388,0.0
2022-12-06,103550.1606525217,0.005510179130763893,0.10589801355947315,5,0.19299528969420515,0.6108120401523353,0.1961926701534596,0.0
2022-12-07,105164.9447932675,0.015605202256208161,0.09195518914649814,5,0.19659193768491728,0.6047011042430399,0.19870695807204292,0.0
2022-12-08,105170.20854751182,5.005236540246747e-05,0.09190973935582347,5,0.19812207976253232,0.6030136648296018,0.1988642554078658,0.0
2022-12-09,103438.88546721176,-0.016462105611570778,0.10685881713138667,5,0.19993338034661653,0.5971572418776107,0.2029093777757729,0.0
2022-12-12,103761.18280064751,0.0031158237250915504,0.10407594664394848,5,0.20218587469186952,0.5972059471801355,0.20060817812799486,0.0
2022-12-13,104873.88820169384,0.010723715468665497,0.09446831201422468,5,0.201554996506123,0.5965750069914013,0.20186999650247564,0.0
2022-12-14,104957.15761825103,0.0007974234268745799,0.09374932374530875,5,0.19856297106822476,0.6020826030781427,0.19935442585363258,0.0
2022-12-15,104351.60946342481,-0.0057694793625102,0.09897791831922098,5,0.19482986253514814,0.6079390918850526,0.1972310455797992,0.0
2022-12-16,103582.17428947812,-0.007373486407187533,0.10562159239106994,5,0.19395982284396798,0.6056136590873912,0.2004265180686409,0.0
2022-12-19,102299.1051883683,-0.012386968220266057,0.11670022930301394,5,0.194727184806306,0.6029043331631176,0.20236848203057636,0.0
2022-12-20,101574.71268211369,-0.007081122605332158,0.12295498327658105,5,0.1963842480332667,0.5964219045982534,0.20719384736847996,0.0
2022-12-21,102229.9021919255,0.006655291948368201,0.117297761322252,2,0.40329696879184995,0.3983543026206744,0.1983487285874755,0.0
2022-12-22,101388.80580447808,-0.008227498700608668,0.12456019284399766,2,0.40084136559195416,0.401581455321421,0.19757717908662484,0.0
2022-12-23,101085.74007532767,-0.0029891438876876795,0.1271770083925965,2,0.40435583398755215,0.396880453777412,0.1987637122350359,0.0
2022-12-27,100300.64997943137,-0.007766576129444824,0.13395585460444515,2,0.40591377837259823,0.39207801692979766,0.20200820469760408,0.0
2022-12-28,99471.6727802126,-0.008264923501380837,0.14111364321495812,2,0.4042098802111672,0.39301621431515843,0.20277390547367433,0.0
2022-12-29,100750.18940181307,0.01286014609477208,0.13007431460487373,2,0.40202997870307833,0.39940395954674723,0.19856606175017447,0.0
2022-12-30,100289.4526363321,-0.004573061035582188,0.13405253786060645,2,0.4028130521569834,0.3967753668266687,0.20041158101634796,0.0
2023-01-03,101047.02876569949,0.0075538963415673855,0.127511260494362,2,0.39811002286329683,0.40131593513277947,0.20057404200392379,0.0
2023-01-04,102103.9141581516,0.010459341609170317,0.11838560271771814,2,0.39703079845935746,0.4026030732977797,0.20036612824286268,0.0
2023-01-05,101558.35892335845,-0.005343137325256016,0.1230961895103202,2,0.39460781658315,0.40645797357587177,0.19893420984097823,0.0
2023-01-06,103148.50683316814,0.015963351180239223,0.10936608618710075,4,0.2517148371249068,0.2505987418959214,0.250675257049987,0.24701116392918485
2023-01-09,103354.46676834841,0.001996732105035626,0.10758772885755696,4,0.25107078106023917,0.2514309600572983,0.2507373970654511,0.2467608618170113
2023-01-10,103179.76094893785,-0.0016903557714843093,0.10909622309062605,4,0.25325958506294877,0.24768846604965686,0.25208523265125643,0.24696671623613783
2023-01-11,103929.61180356763,0.007267421902643033,0.10262164946916752,4,0.25461243684378254,0.24989771317389212,0.2500945593639125,0.24539529061841286
2023-01-12,104894.06985560374,0.009279915851691942,0.09429405388911138,4,0.25318981452500794,0.2524732317754026,0.25066153551179604,0.2436754181877933
2023-01-13,104635.2774427781,-0.0017121490387791,0.09652859228987343,0,0.0,0.0,0.0,1.0
2023-01-17,104699.34758800252,0.0006123187780475,0.0959753797815035,0,0.0,0.0,0.0,1.0
2023-01-18,104930.06880091949,0.0022036547335984,0.09398322164786954,0,0.0,0.0,0.0,1.0
2023-01-19,104904.40972149017,-0.0002445350481757,0.09420477450441189,0,0.0,0.0,0.0,1.0
2023-01-20,104814.7358920856,-0.0008548146797893,0.09497906156004865,0,0.0,0.0,0.0,1.0
2023-01-23,104712.1771277172,-0.0009784765805641,0.09586460335323221,0,0.0,0.0,0.0,1.0
2023-01-24,104750.61035161198,0.0003670368141415,0.09553275237769432,0,0.0,0.0,0.0,1.0
2023-01-25,104814.7358920856,0.0006121734303827,0.09497906156004865,0,0.0,0.0,0.0,1.0
2023-01-26,104750.61035161198,-0.0006117989033493,0.09553275237769432,0,0.0,0.0,0.0,1.0
2023-01-27,104750.61035161198,0.0,0.09553275237769432,0,0.0,0.0,0.0,1.0
2023-01-30,104648.07374534324,-0.0009788640459904,0.09641810284716767,0,0.0,0.0,0.0,1.0
2023-01-31,104840.35065531559,0.0018373669298514,0.0947578913509266,0,0.0,0.0,0.0,1.0
2023-02-01,105022.73397378087,0.0017396290390605,0.09318310589134027,0,0.0,0.0,0.0,1.0
2023-02-02,105035.51919729616,0.0001217376755635,0.09307271211048973,0,0.0,0.0,0.0,1.0
2023-02-03,104650.28955531125,-0.0036676130601241,0.09639897047613621,0,0.0,0.0,0.0,1.0
2023-02-06,104354.95532372769,-0.0028221062057116,0.09894902854904297,0,0.0,0.0,0.0,1.0
2023-02-07,104406.35103593522,0.0004925085928895,0.09850525320297188,0,0.0,0.0,0.0,1.0
2023-02-08,104444.85073412905,0.0003687486231616,0.09817282825630302,0,0.0,0.0,0.0,1.0
2023-02-09,104367.77378439253,-0.0007379679246489,0.09883834778262668,0,0.0,0.0,0.0,1.0
2023-02-10,104316.42238838435,-0.000492023487195,0.09928174048127714,0,0.0,0.0,0.0,1.0
2023-02-13,104946.41323873411,0.0070462761109322015,0.09384209589562331,2,0.4018639610188759,0.40054356417204073,0.19759247480908346,0.0
2023-02-14,104845.88929484929,-0.0009578597379612372,0.09471006806820015,2,0.40206422620877186,0.40000477571293763,0.19793099807829045,0.0
2023-02-15,104384.89541946942,-0.0043968712410215995,0.09869051133469753,2,0.4051512118208682,0.39802469644736277,0.196824091731769,0.0
2023-02-16,103197.10364496235,-0.011378962154763321,0.10894647789594913,2,0.4041718213475632,0.396901756242991,0.19892642240944583,0.0
2023-02-17,103472.73684892946,0.0026709393406562755,0.10656652798913113,2,0.40208806493647176,0.3989228488504188,0.19898908621310943,0.0
2023-02-21,101760.38803787793,-0.01654673859462508,0.12135177278056897,2,0.39857076099296984,0.3988241870979195,0.20260505190911063,0.0
2023-02-22,101960.4111003068,0.0019656279450743397,0.11962467727125636,2,0.39724057703109666,0.40168955462396577,0.20106986834493748,0.0
2023-02-23,102565.21694912274,0.0059317713835123145,0.11440249212514364,2,0.39699878023695484,0.40322304759839667,0.19977817216464844,0.0
2023-02-24,101445.15784355758,-0.010920457625714992,0.12407362218332985,2,0.3970944051169754,0.4023748746574234,0.20053072022560123,0.0
2023-02-27,101775.30493853443,0.003254439166884536,0.12122297307205598,2,0.39715430710826166,0.40218187328025284,0.20066381961148558,0.0
2023-02-28,101902.23653871228,0.0012500240952367002,0.12012698446956682,2,0.3980240187201256,0.4013156177966443,0.2006603634832302,0.0
2023-03-01,101425.36326496505,-0.004679713517044037,0.12424453811362679,2,0.3983615660946919,0.39887093477133057,0.20276749913397762,0.0
2023-03-02,101368.80539296055,-0.0005576304603095309,0.12473288603495714,2,0.4016836917010022,0.3955544762670799,0.2027618320319178,0.0
2023-03-03,103213.60659108833,0.018198904396439584,0.10880398350655962,2,0.4008310769903226,0.39789580865821605,0.2012731143514614,0.0
2023-03-06,102819.0849813139,-0.0038223798470433078,0.1122104731997694,2,0.4026478857906246,0.3963257883839003,0.20102632582547503,0.0
2023-03-07,102048.71374631149,-0.0071956702577619745,0.11886222967384807,4,0.2479519829969537,0.2533561906850192,0.24741016178566336,0.25128166453236384
2023-03-08,102090.70658156613,0.0004114979377302467,0.1184996432985026,4,0.24825451977004706,0.25350094781587945,0.2471910593141486,0.251053473099925
2023-03-09,102017.98118069167,-0.0007123606380015426,0.11912758945500102,4,0.243847943140078,0.254304507082758,0.24980367248729116,0.25204387728987293
2023-03-10,103243.32501583728,0.012011057472067793,0.10854738030638611,4,0.23747700096208937,0.2599522637632532,0.25216142791319096,0.25040930736146644
2023-03-13,104124.6676102033,0.008536557634411948,0.10093744364002422,4,0.23513131111380106,0.25833777927454415,0.25576473142641476,0.2507661781852401
2023-03-14,103975.87099754227,-0.0011228369255504194,0.1022222252967353,2,0.40706912765059233,0.39386556742368467,0.199065304925723,0.0
2023-03-15,104663.48087053181,0.0066131677127841,0.0962850703038125,2,0.4018655536638608,0.3988336190572605,0.19930082727887874,0.0
2023-03-16,105117.03959605316,0.004333495520585576,0.09236882570408778,2,0.4071519740062071,0.39400627255432724,0.19884175343946567,0.0
2023-03-17,105846.91806852401,0.006943483903995566,0.08606670325459953,2,0.3996166419225141,0.39716235187652466,0.2032210062009612,0.0
2023-03-20,105891.98549552412,0.00042577930300183005,0.08567756937252113,2,0.4032874210645553,0.39350069582394376,0.20321188311150098,0.0
2023-03-21,105202.67785854409,-0.006304338020536819,0.09162938367786633,5,0.2039116445401753,0.5986184616616971,0.1974698937981276,0.0
2023-03-22,106030.28402543388,0.007866778524426835,0.08448343322116292,5,0.1988711561576819,0.6018654529791725,0.19926339086314565,0.0
2023-03-23,106352.19855869963,0.0030360621611514186,0.08170386801485852,5,0.19880523378902673,0.6000436830580022,0.20115108315297117,0.0
2023-03-24,106520.1319737586,0.0015790309681871448,0.08025384998448759,5,0.19979427849037945,0.6016316154597731,0.19857410604984757,0.0
2023-03-27,104858.67979301757,-0.015597541515911154,0.09459962874345396,5,0.2033394900741978,0.596807330925724,0.1998531790000782,0.0
2023-03-28,105097.57312394638,0.0022815879894293404,0.09253690860487696,5,0.19909678951994608,0.5997243989886321,0.20117881149142194,0.0
2023-03-29,105170.18628064732,0.0006909118311923791,0.09190993161866157,5,0.20185119408419125,0.5981062080360007,0.20004259787980805,0.0
2023-03-30,105774.09055603703,0.005742162268099424,0.0866955310919666,5,0.20187386028580237,0.5974276845542466,0.200698455159951,0.0
2023-03-31,106911.07939554435,0.010749218769268981,0.07687822155272306,5,0.20254206257484259,0.5999288553292752,0.1975290820958823,0.0
2023-04-03,107447.38642270029,0.005016383991145916,0.07224748824144189,5,0.20229906725714913,0.599741809070674,0.19795912367217702,0.0
2023-04-04,107588.38385905902,0.0023145608709305,0.07103004843123828,0,0.0,0.0,0.0,1.0
2023-04-05,107732.26409766045,0.0013373213114709,0.06978771711728937,0,0.0,0.0,0.0,1.0
2023-04-06,107693.0046245114,-0.0003644170432866,0.07012670232704632,0,0.0,0.0,0.0,1.0
2023-04-10,107313.78103585084,-0.0035213391063123,0.07340110153405766,0,0.0,0.0,0.0,1.0
2023-04-11,107300.69079938301,-0.0001219809454245,0.07351412894372189,0,0.0,0.0,0.0,1.0
2023-04-12,107418.3793287943,0.0010968105473927,0.07249794946833699,0,0.0,0.0,0.0,1.0
2023-04-13,107483.80803862454,0.0006091016289677,0.07193300645848733,0,0.0,0.0,0.0,1.0
2023-04-14,107235.3070345707,-0.0023119854849629,0.07407868387662853,0,0.0,0.0,0.0,1.0
2023-04-17,107078.39274077381,-0.0014632708026498,0.075433557504063,0,0.0,0.0,0.0,1.0
2023-04-18,107052.22350409262,-0.0002443932525635,0.0756595153041556,0,0.0,0.0,0.0,1.0
2023-04-19,106960.71544761703,-0.0008547982795714,0.07644963996021181,0,0.0,0.0,0.0,1.0
2023-04-20,107222.21679810288,0.0024448354649788,0.07419171128629254,0,0.0,0.0,0.0,1.0
2023-04-21,107156.866742054,-0.0006094824188529,0.0747559751614918,0,0.0,0.0,0.0,1.0
2023-04-24,107274.56650771975,0.0010983875251697,0.07373969866687136,0,0.0,0.0,0.0,1.0
2023-04-25,107693.00462451144,0.0039006274312147,0.0701267023270461,0,0.0,0.0,0.0,1.0
2023-04-26,107562.24833114128,-0.0012141577238564,0.0712557151736235,0,0.0,0.0,0.0,1.0
2023-04-27,107353.02927274544,-0.0019450974820807,0.07306221334353624,0,0.0,0.0,0.0,1.0
2023-04-28,107470.68409339327,0.0010959618135126,0.07204632492585883,0,0.0,0.0,0.0,1.0
2023-05-01,107236.04862736631,-0.0021832508837764,0.07407228060706794,0,0.0,0.0,0.0,1.0
2023-05-02,107590.00187970398,0.0033006927881837,0.07101607766128826,0,0.0,0.0,0.0,1.0
2023-05-03,107852.14369669512,0.002436488636595,0.06875261889093054,0,0.0,0.0,0.0,1.0
2023-05-04,108022.5864408845,0.0015803371017706,0.06728093410363722,0,0.0,0.0,0.0,1.0
2023-05-05,107760.36597011202,-0.0024274596583186,0.06954507200864524,0,0.0,0.0,0.0,1.0
2023-05-08,107590.00187970398,-0.001580953153549,0.07101607766128826,0,0.0,0.0,0.0,1.0
2023-05-09,107563.77646175039,-0.0002437532995205,0.07124252055755986,0,0.0,0.0,0.0,1.0
2023-05-10,107825.95198750496,0.0024373960675116,0.06897877072949488,0,0.0,0.0,0.0,1.0
2023-05-11,107891.50429613447,0.0006079455587566,0.06841276050805167,0,0.0,0.0,0.0,1.0
2023-05-12,107707.99378798621,-0.0017008800585872,0.06999727866653771,0,0.0,0.0,0.0,1.0
2023-05-15,107721.0503156906,0.0001212215291104,0.06988454231458086,0,0.0,0.0,0.0,1.0
2023-05-16,107590.001879704,-0.001216553641118,0.07101607766128815,0,0.0,0.0,0.0,1.0
2023-05-17,107480.88896748549,-1.4168925986899689e-05,0.07195821112536127,5,0.2024306400784661,0.5982589136926411,0.19931044622889277,0.0
2023-05-18,106936.18785896926,-0.005067888010127992,0.07666142298009682,5,0.20542177973878872,0.5968513531492633,0.19772686711194798,0.0
2023-05-19,106662.17934567452,-0.0025623553521107053,0.07902734452473403,5,0.20564982289538122,0.5941530693913707,0.20019710771324814,0.0
2023-05-22,106395.4103481446,-0.0025010645682136514,0.0813307566016368,5,0.20624916636319085,0.5935217010449196,0.20022913259188949,0.0
2023-05-23,106356.50346239819,-0.00036568199341586343,0.08166669740185262,5,0.20400911342887856,0.5954479976993753,0.20054288887174615,0.0
2023-05-24,105714.48076029736,-0.00603199114737284,0.08721023079350543,5,0.19975594203821823,0.600653821425309,0.19959023653647281,0.0
2023-05-25,105536.53143940278,-0.0016833012810994771,0.0887467309813853,5,0.2018255508308081,0.6001705767629002,0.19800387240629164,0.0
2023-05-26,106407.5015918097,0.008252783567242935,0.08122635497723196,5,0.2027659264380053,0.6000662467529482,0.19716782680904668,0.0
2023-05-30,107183.5432346336,0.0072931102715001455,0.07452563746953278,5,0.20137451591651517,0.6016734718313433,0.19695201225214143,0.0
2023-05-31,107658.45499382462,0.004430827204054999,0.07042502048737742,5,0.19937446265115583,0.6042407205698274,0.19638481677901687,0.0
2023-06-01,108235.95003171718,0.00572040724363905,0.06543865004347305,4,0.25093976319873224,0.2495534433256819,0.2505413341240648,0.24896545935152117
2023-06-02,107856.86494595393,-0.0035023953284667687,0.06871185334972629,4,0.255463390905317,0.2476861207247521,0.24771408079632934,0.2491364075736016
2023-06-05,107921.7673154106,0.0006017453732703416,0.06815145501629805,4,0.25482055137090737,0.24707611645867353,0.24905555458783885,0.24904777758258037
2023-06-06,108155.1153196175,0.002162195912942392,0.06613661590085296,4,0.25482441408950746,0.24799619932191821,0.24879109238834612,0.24838829420022823
2023-06-07,107318.68274633256,-0.007733638587626137,0.07335877780369315,4,0.25592249456644534,0.24621917213877487,0.24771874340606326,0.25013958988871654
2023-06-08,108191.4877655755,0.008138945305726675,0.06582255867508124,4,0.24948160246203874,0.25088229561905745,0.2512578363200324,0.24837826559887136
2023-06-09,108080.21033580524,-0.0010285229648692607,0.06678338162674669,4,0.25018659738601107,0.25079616741266486,0.2508413256134568,0.24817590958786728
2023-06-12,108404.59136592111,0.003001299026972749,0.06398251949806821,4,0.251700847058328,0.25078167505464394,0.24987093280598513,0.2476465450810429
2023-06-13,108066.79329504294,-0.00311608638178366,0.06689923082217164,4,0.2541522237956137,0.24907995062674673,0.24880529284737196,0.24796253273026758
2023-06-14,108313.31424680178,0.0022811905881744343,0.06477065012970495,4,0.2538757450646111,0.25050193107894114,0.24837651881432524,0.24724580504212268
2023-06-15,109320.23100763961,0.00964920458533972,0.05607644559759983,5,0.20054443604479544,0.599974283304846,0.19948128065035853,0.0
2023-06-16,108957.27084019895,-0.003320155510971209,0.05921041858868448,5,0.20052714096972207,0.5996351308144015,0.19983772821587656,0.0
2023-06-20,109070.65336646391,0.001040614594975147,0.058231419219467395,5,0.1992793600664606,0.6031569676440981,0.1975636722894413,0.0
2023-06-21,109087.33233324345,0.0001529189224116688,0.05808740498293319,5,0.19822801549015942,0.6045242357430218,0.19724774876681872,0.0
2023-06-22,108156.00968759289,-0.008537404167200037,0.06612889349677009,5,0.2006566334229766,0.6023700792084625,0.1969732873685608,0.0
2023-06-23,108698.76128575006,0.0050212706685041205,0.06144251465391615,5,0.19749631781148033,0.6029542247929895,0.19954945739553007,0.0
2023-06-26,108718.5463218587,0.00018201712581262608,0.0612716811180235,5,0.19665359009037062,0.6034861933151955,0.19986021659443384,0.0
2023-06-27,108681.88645560923,-0.0003371997464070501,0.06158822006909559,5,0.1988766542785636,0.6021140883326,0.1990092573888364,0.0
2023-06-28,108921.95817282931,0.0022089395487087226,0.0595153251754319,5,0.1985383761338225,0.603349180808899,0.19811244305727857,0.0
2023-06-29,107797.97798500999,-0.010319133136000745,0.06922031174731491,5,0.20139916480681677,0.5986372714183733,0.19996356377480984,0.0
2023-06-30,108958.73617336396,0.01076931739812178,0.059197766196014356,5,0.200204078305735,0.6006083709495856,0.1991875507446794,0.0
2023-07-03,108637.2109905817,-0.002950889429101648,0.06197396956262169,5,0.20102765485297966,0.5989711491328255,0.20000119601419494,0.0
2023-07-05,107909.70328107136,-0.006696671452412573,0.06825562170227162,5,0.20208196952259483,0.5972792330538281,0.20063879742357701,0.0
2023-07-06,106762.87435019652,-0.010627671988752481,0.07815789533218398,5,0.20265326998897915,0.5951570709808938,0.20218965903012712,0.0
2023-07-07,106487.7013843618,-0.002577421856703853,0.08053387132118461,5,0.20266398921727632,0.5931033338801769,0.20423267690254684,0.0
2023-07-10,106539.19996939275,0.0014850957320915,0.08008920772158334,0,0.0,0.0,0.0,1.0
2023-07-11,106526.02695873273,-0.000123644730426,0.08020294984351051,0,0.0,0.0,0.0,1.0
2023-07-12,106842.0219919396,0.0029663645798907,0.07747449645323834,0,0.0,0.0,0.0,1.0
2023-07-13,107144.83278429833,0.0028341918911041,0.07485988215174932,0,0.0,0.0,0.0,1.0
2023-07-14,106868.34555288342,-0.0025804999105419,0.07724720614309555,0,0.0,0.0,0.0,1.0
2023-07-17,106882.53120975503,0.0011338734306702,0.07712472034579732,5,0.2004671247237419,0.5996162440861219,0.1999166311901361,0.0
2023-07-18,107577.4514849155,0.006501719853515561,0.07112444381775096,5,0.2006521411555721,0.5984471273968858,0.20090073144754209,0.0
2023-07-19,108356.23554595644,0.00723928713955595,0.06440004694963297,5,0.1996530030435205,0.6008576080452637,0.19948938891121584,0.0
2023-07-20,107312.75267720007,-0.009630113703182348,0.07340998087820005,5,0.20025690319412434,0.5993338363363822,0.20040926046949353,0.0
2023-07-21,107265.82130647296,-0.00043733265205002424,0.07381520894862559,5,0.20034452039455217,0.5997729648218889,0.19988251478355895,0.0
2023-07-24,107102.74820009567,-0.0011709074839815002,0.07522326073172458,4,0.2514111969585776,0.24938271069689294,0.249221446925703,0.24998464541882648
2023-07-25,107271.50438013423,0.0015756475242193445,0.07376613855204106,4,0.2517009216404931,0.2485237155305296,0.25021482667297906,0.24956053615599816
2023-07-26,107459.38956365491,0.0017514920165086927,0.07214384733829482,4,0.2512994968148498,0.2483342862966076,0.250996036040074,0.24937018084846865
2023-07-27,106297.79538716475,-0.01080961078605492,0.08217361121401423,4,0.25236131396499856,0.24616445154502672,0.24975211601390487,0.25172211847606984
2023-07-28,106943.07268677771,0.0060704673814042,0.07660197605909691,4,0.2532944179144641,0.24593584183184586,0.2502264933890295,0.2505432468646605
2023-07-31,107157.76337899678,0.00236242373967736,0.07474823316605117,5,0.1999085181061568,0.6000252410329721,0.2000662408608712,0.0
2023-08-01,105820.62013270895,-0.012478267594654879,0.08629377230503232,5,0.20185526808414736,0.5976502902473567,0.2004944416684959,0.0
2023-08-02,104745.72234220107,-0.010157734751127415,0.09557495780641112,5,0.20108990311375918,0.5973234684752119,0.20158662841102887,0.0
2023-08-03,103234.7964948747,-0.014424702160057916,0.10862101966615145,5,0.20344831514245318,0.592083016385747,0.20446866847179979,0.0
2023-08-04,104298.85899462442,0.01030720780083649,0.09943339128655293,5,0.20046196713477168,0.596422655508527,0.2031153773567012,0.0
2023-08-07,103817.22772974778,-0.0046142391028946,0.10359202771883325,5,0.20268090219658227,0.596849160838274,0.20046993696514373,0.0
2023-08-08,104313.34008906457,0.0047787093738261115,0.09930835453892084,5,0.20083974359666487,0.600908900995559,0.1982513554077762,0.0
2023-08-09,104399.02785982254,0.0008214459501038561,0.09856848503446436,5,0.19933333973513873,0.603520570709801,0.1971460895550601,0.0
2023-08-10,103347.24705361998,-0.010074622606781247,0.10765006735360128,5,0.20143427830500363,0.5996260613340065,0.1989396603609899,0.0
2023-08-11,103192.48873866498,-0.0014974594811868489,0.10898632522077911,5,0.201618754591227,0.599143234198884,0.19923801120988893,0.0
2023-08-14,103107.15395553554,-0.0008253302030159598,0.10972314685995099,5,0.2012701073349388,0.5991733103002939,0.19955658236476742,0.0
2023-08-15,102434.25452932074,-0.00652621472322858,0.11553328476666314,5,0.2002323189820886,0.5994333918937723,0.20033428912413914,0.0
2023-08-16,101684.79190284725,-0.007316523460996679,0.1220045062391385,5,0.20022792638807158,0.5991268960863892,0.20064517752553923,0.0
2023-08-17,101238.58177136676,-0.004388169785574355,0.1258572995367303,5,0.19957799701824,0.5992024063873799,0.20121959659438013,0.0
2023-08-18,101466.03985491708,0.002246752962857587,0.12389331683450422,5,0.19922645598097263,0.5999706675288815,0.20080287649014594,0.0
2023-08-21,100841.98858811824,-0.006149548203163979,0.12928167619357755,5,0.20254683218721894,0.5956647260158543,0.2017884417969267,0.0
2023-08-22,101281.19888644849,0.004355430753395475,0.1254893228285261,5,0.20112221909769795,0.597632985417061,0.201244795485241,0.0
2023-08-23,103215.00363749953,0.019093422790335646,0.1087919207346284,5,0.19955216133080547,0.6009662484889322,0.19948159018026232,0.0
2023-08-24,102515.91455042623,-0.006773134354851748,0.11482819279362211,5,0.19812849036130833,0.6010747434977655,0.20079676614092606,0.0
2023-08-25,102833.74141852166,0.0031002685728281935,0.11208392245818666,5,0.1989085718753438,0.6011741469656741,0.19991728115898216,0.0
2023-08-28,103087.88439821372,0.00247257385225342,0.10988952950359632,5,0.20077185204531212,0.5991485887737708,0.20007955918091705,0.0
2023-08-29,104230.03379255926,0.011079375631898643,0.10002766124708073,5,0.20144212248917112,0.5987378044827523,0.19982007302807675,0.0
2023-08-30,104303.81842449158,0.0007079018325866245,0.0993905691792003,5,0.20212870658657886,0.597693002160466,0.2001782912529551,0.0
2023-08-31,104516.8464318808,0.0020423797575869432,0.09755118270819996,5,0.20142156840426503,0.5991405101079608,0.1994379214877743,0.0
2023-09-01,103591.0249905141,-0.008858107309715903,0.10554517117329687,5,0.2036007712093278,0.5950782809203692,0.20132094787030308,0.0
2023-09-05,102460.33443591934,-0.01091007904626306,0.11530809828555044,5,0.20133216700343964,0.5981120911445418,0.20055574185201858,0.0
2023-09-06,102379.19385945474,-0.0007919218389371176,0.1160087051232489,5,0.20013720182448141,0.6000581956037182,0.1998046025718003,0.0
2023-09-07,102508.51741761058,0.0012631820322142261,0.11489206320292678,5,0.19927106128536393,0.6009631954397967,0.19976574327483942,0.0
2023-09-08,102782.09382694845,0.0026688163698958454,0.11252987265207803,5,0.19903993082234028,0.6016588976708082,0.1993011715068515,0.0
2023-09-11,102508.98853385505,-0.002657129106099124,0.11488799535824767,5,0.20088274594872235,0.5989147917621079,0.2002024622891697,0.0
2023-09-12,102394.27941115355,-0.0009200812123827997,0.11587844920036605,2,0.3981720942692041,0.4026760000545879,0.1991519056762079,0.0
2023-09-13,102385.97412429797,-8.111084821678415e-05,0.11595016104927813,2,0.398668686169838,0.4026233336461753,0.19870798018398658,0.0
2023-09-14,102450.71511171995,0.000632322815460957,0.11539115616610507,2,0.4018520413342835,0.3994646222890206,0.19868333637669588,0.0
2023-09-15,101839.68959421753,-0.005964092264618259,0.12066704492882774,2,0.39939244171167815,0.3994122059589246,0.20119535232939714,0.0
2023-09-18,102216.10165941373,0.003696123453400355,0.11741692177024132,2,0.39815508471425065,0.40021026219301514,0.20163465309273412,0.0
2023-09-19,101809.98602900619,-0.00397127059897184,0.12092351982459293,2,0.40076194582451824,0.39863091810230133,0.2006071360731804,0.0
2023-09-20,101576.52487090738,-0.0022931066706197044,0.12293933596526796,2,0.3979902697592659,0.40079566990900967,0.20121406033172443,0.0
2023-09-21,99714.95274173174,-0.018326794813481626,0.1390130467940085,2,0.3987193336644517,0.3977958645572037,0.2034848017783445,0.0
2023-09-22,100009.76417595842,0.002956541883846174,0.13646750280540987,2,0.39665007084451054,0.39981546896254144,0.20353446019294816,0.0
2023-09-25,99087.74210630421,-0.009219320505865686,0.14442868566427736,2,0.4020244894316711,0.39360521747838717,0.20437029308994176,0.0
2023-09-26,98208.68651484077,-0.00886514866100138,0.15201887524550406,2,0.3976487138545113,0.4021748898123358,0.20017639633315285,0.0
2023-09-27,97776.71078488049,-0.004398549102833228,0.15574876186101239,2,0.3995649329721247,0.4018607427892785,0.19857432423859672,0.0
2023-09-28,98026.18248584407,0.0025514429659273447,0.15359470297798739,2,0.4008586609479489,0.4020621642206834,0.19707917483136758,0.0
2023-09-29,97736.76497763633,-0.002952451078563041,0.15609367321008139,2,0.40106996877757056,0.4032983207704492,0.19563171045198025,0.0
2023-10-02,96860.5860337466,-0.008964681244465202,0.16365902442994062,2,0.4045369750940216,0.40013413294368255,0.19532889196229583,0.0
2023-10-03,95452.09488700295,-0.01453682385446998,0.17582061572300756,2,0.4004670511651145,0.3971688662073716,0.20236408262751393,0.0
2023-10-04,96263.00453337385,0.00849546201506481,0.16881883107028284,2,0.39998524751961156,0.3993790933450398,0.20063565913534864,0.0
2023-10-05,96021.456579856,-0.0025092500975710044,0.1709044724995189,2,0.40084037682894014,0.39838789995774876,0.20077172321331108,0.0
2023-10-06,96114.23814078493,0.0009662586283699255,0.17010335179232872,2,0.4052079287291483,0.39318056343809027,0.20161150783276147,0.0
2023-10-09,97606.7762975969,0.015528793503265751,0.15721605811325934,2,0.4015662507149194,0.39625511394886714,0.20217863533621333,0.0
2023-10-10,97722.87741501156,0.0011932273991980202,0.15621358511800476,2,0.4016027032110715,0.3989708770361676,0.19942641975276082,0.0
2023-10-11,98840.29064478434,0.011434510109923648,0.14656530082642039,2,0.3986889870266899,0.40269920167995,0.1986118112933601,0.0
2023-10-12,97460.41578698634,-0.013960651560172435,0.1584798052909433,2,0.4018687460133362,0.397321707235776,0.20080954675088786,0.0
2023-10-13,98587.37044057486,0.011563203834997381,0.14874913574825588,2,0.39529619734518984,0.39980783228588274,0.20489597036892734,0.0
2023-10-16,98264.7550976612,-0.0032723800368336057,0.15153475208277067,2,0.40076673691199494,0.3946646707235973,0.20456859236440772,0.0
2023-10-17,97954.81719113438,-0.0028595239943850475,0.15421090532244308,4,0.25070542409766283,0.24795382487349982,0.25118182890880675,0.25015892212003055
2023-10-18,97769.94596088138,-0.0018873112681356723,0.1558071726112943,4,0.2478325062741253,0.24623708831105603,0.2552984628053465,0.25063194260947214
2023-10-19,97403.93333258704,-0.003743610827408909,0.1589675020203276,4,0.2465780302412463,0.24210214455469034,0.2594031045027528,0.25191672070131055
2023-10-20,97351.18198204132,-0.0005415731042975585,0.15942298260107357,4,0.24368005527540504,0.2436088449873273,0.2602524535026692,0.25245864623459846
2023-10-23,97524.5855543693,0.001781216917941268,0.15792573259685005,4,0.24282514103105632,0.24609701938326398,0.25891238526131144,0.2521654543243684
2023-10-24,98300.0124238475,0.00826473997082858,0.1512303233384683,2,0.3997122991500769,0.40194878657978916,0.19833891427013403,0.0
2023-10-25,96938.55943557946,-0.01384997778431346,0.16298576450422952,2,0.399508738620128,0.3985202799929428,0.2019709813869292,0.0
2023-10-26,97098.28170058032,0.0016476649326215129,0.16160664550029802,2,0.3940755012139321,0.40396747331739974,0.20195702546866817,0.0
2023-10-27,96986.24866178034,-0.0011538107249463275,0.1625739927444435,2,0.39274238043452553,0.40271587186862307,0.20454174769685138,0.0
2023-10-30,97153.83133915998,0.001727901426150251,0.1611270031522114,2,0.39675231909937714,0.40021048880258203,0.2030371920980409,0.0
2023-10-31,97101.84662548095,-0.0005318303573821197,0.16157586422081882,2,0.402726340596578,0.3982591299497616,0.19901452945366047,0.0
2023-11-01,98296.48932727441,0.012302986434451345,0.15126074345201102,2,0.40207460549263274,0.4019489838797634,0.19597641062760385,0.0
2023-11-02,100018.65583676887,0.017520122247301977,0.1363907279212061,2,0.4027243205475032,0.40403345631061144,0.19324222314188536,0.0
2023-11-03,100730.41321107329,0.007116246147778672,0.1302450717655893,2,0.4035269307305146,0.40389806402815004,0.1925750052413353,0.0
2023-11-06,100278.11218329378,-0.004490213167613444,0.13415045679694415,2,0.40627949263951335,0.40178432008212717,0.19193618727835945,0.0
2023-11-07,101118.65470421154,0.008590164997749481,0.1268928076257162,5,0.19886097510810777,0.6036643907509182,0.19747463414097413,0.0
2023-11-08,101974.13594944686,0.00846017233652624,0.11950617030996913,5,0.1973371029432075,0.6087967606746412,0.1938661363821514,0.0
2023-11-09,100467.97127664692,-0.014770065554138357,0.1325111218945053,5,0.1987334389701308,0.6037103436651186,0.19755621736475065,0.0
2023-11-10,100902.64569620864,0.0043264974303581965,0.12875793349251752,5,0.20096514249099554,0.6044756892623321,0.19455916824667252,0.0
2023-11-13,100854.06180329772,-0.0004814927554742527,0.1291774302358053,5,0.20087033272445243,0.603392418221351,0.19573724905419645,0.0
2023-11-14,102710.18304987995,0.01861120846652328,0.11315078495407993,2,0.4003100258078651,0.40159296353297197,0.19809701065916294,0.0
2023-11-15,102164.69817393455,-0.005310913287736048,0.11786076423448555,2,0.40329934807013834,0.3980708403382246,0.1986298115916371,0.0
2023-11-16,102949.50768549992,0.007681807175989835,0.1110843407229598,2,0.40071443758315567,0.3999452929541174,0.19934026946272695,0.0
2023-11-17,103191.550891524,0.002351086580846061,0.10899442304492957,2,0.4002717536847497,0.4008772014988556,0.19885104481639482,0.0
2023-11-20,103728.66518727932,0.0052050220305336235,0.1043567193875502,2,0.40126433435366543,0.40123740311952516,0.19749826252680944,0.0
2023-11-21,103843.66310612793,0.0011111461703839799,0.10336377194033086,2,0.39868520498458554,0.3993795944136517,0.20193520060176273,0.0
2023-11-22,104060.7077562201,0.00209010972456122,0.10148970384066947,2,0.3993897217739878,0.3999551676553846,0.20065511057062765,0.0
2023-11-24,103704.80322656925,-0.0034201624928846827,0.1045627550550643,2,0.4010069872461482,0.3966019649084363,0.20239104784541556,0.0
2023-11-27,104458.35360828451,0.007266301639557946,0.09805623793399965,2,0.3973971783845901,0.40031796255418006,0.20228485906122992,0.0
2023-11-28,104863.59591972866,0.003879462938538941,0.09455718053641804,2,0.3962533803588488,0.39955707435617055,0.2041895452849807,0.0
2023-11-29,105391.98013409878,0.00504298709247264,0.08999485660862183,2,0.39771302078146453,0.4029961125154738,0.19929086670306154,0.0
2023-11-30,104978.85669863132,-0.00391987544917371,0.0935619634288235,2,0.4008502421525648,0.3999085247690159,0.19924123307841934,0.0
2023-12-01,106379.76599208798,0.013344680419585062,0.08146583751062497,2,0.3979116689343038,0.40207501795362066,0.2000133131120756,0.0
2023-12-04,105527.47873109086,-0.008011742205378654,0.08882489642732327,2,0.39901962599510155,0.4037095509484726,0.1972708230564258,0.0
2023-12-05,106355.84682746987,0.007849785727278616,0.08167236710424686,2,0.39583381357193675,0.40917160347422155,0.19499458295384167,0.0
2023-12-06,106828.43435925644,0.00445266849861888,0.07759181862151399,2,0.3966220922279416,0.4035303834789065,0.1998475242931518,0.0
2023-12-07,106939.64743919001,0.0010410438063667904,0.07663155129734778,2,0.3992328138879395,0.4007980245608137,0.1999691615512467,0.0
2023-12-08,106487.18559076588,-0.004231001871232369,0.08053832493164559,2,0.40265281203882053,0.39920736326688794,0.19813982469429142,0.0
2023-12-11,106331.03127261491,-0.001466414172603553,0.08188663656313155,2,0.4048126209029431,0.3989478232490268,0.19623955584803013,0.0
2023-12-12,106642.17729834894,0.002926201523770623,0.07920005184004852,2,0.405475012085068,0.39896456161196786,0.19556042630296408,0.0
2023-12-13,108711.8565072145,0.019413279654451783,0.06132944420138908,2,0.39779354760931923,0.40158859624252635,0.20061785614815458,0.0
2023-12-14,110114.17363935366,0.01289939457566063,0.049221162325588264,2,0.3939880056237947,0.4067878759299787,0.19922411844622656,0.0
2023-12-15,109891.39805295756,-0.002023132708834839,0.05114471409095522,2,0.3941366838751165,0.40806521609972585,0.19779810002515763,0.0
2023-12-18,109876.5437908564,-0.0001351722005939064,0.05127297294799671,2,0.3964073205575349,0.40486862872126284,0.19872405072120225,0.0
2023-12-19,110529.88822113759,0.005946168378983526,0.045631682299453136,2,0.3964603791295938,0.4046441422815399,0.19889547858886622,0.0
2023-12-20,110095.87001873562,-0.0039220785085308,0.04937920460626177,2,0.3960103045699705,0.40429567639691827,0.19969401903311126,0.0
2023-12-21,110383.05826777447,0.0026085288121160863,0.04689948287208057,2,0.3987251402496883,0.4006921030062283,0.20058275674408352,0.0
2023-12-22,110368.51341506696,-0.0001317670749094928,0.04702507013931723,2,0.3995791214758177,0.39892210327163286,0.20149877525254944,0.0
2023-12-26,110849.39473227729,0.00435705168377006,0.04287290911657704,2,0.39952555168306814,0.3983208981140551,0.2021535502028768,0.0
2023-12-27,111813.54368897904,0.008697827886479274,0.03454798241458634,2,0.39679666521788926,0.4018834890313763,0.20131984575073456,0.0
2023-12-28,111375.1964258359,-0.0039171506018809005,0.03833288391794787,2,0.40172472755711686,0.39865642287768954,0.1996188495651937,0.0
2023-12-29,110810.34411017895,-0.005071616785278302,0.04321009100571982,2,0.4026036177298827,0.39707434711054607,0.20032203515957117,0.0
2024-01-02,110254.79362396723,-0.0050135255031727305,0.04800698161564099,2,0.40236780135494576,0.39677469930863085,0.20085749933642333,0.0
2024-01-03,109890.318690574,-0.0033057513547783096,0.051154033825904555,2,0.40040545989704207,0.39975091817213726,0.1998436219308206,0.0
2024-01-04,109103.1812885135,-0.007162936748567533,0.05795055746574296,2,0.4019951630045453,0.39651720643206373,0.20148763056339095,0.0
2024-01-05,108748.54439534477,-0.00324700104006922,0.06101266329589483,2,0.40185260250306915,0.39746408749873186,0.200683309998199,0.0
2024-01-08,109628.28306239011,0.008089659240376962,0.053416575710929615,2,0.4043186715734474,0.39816445776857917,0.19751687065797344,0.0
2024-01-09,109289.65163124427,-0.003088905724749133,0.0563404826691688,2,0.4049561665918605,0.3968516875424003,0.19819214586573924,0.0
2024-01-10,109288.37852533183,-1.164891545933919e-05,0.056351475279108554,2,0.40725112601759345,0.39500789761443467,0.19774097636797192,0.0
2024-01-11,109553.80124122174,0.0024286453827145264,0.05405968764663982,2,0.4060854507488278,0.39626339373889513,0.197651155512277,0.0
2024-01-12,109712.0013130855,0.0014501342820361402,0.052693711991777636,2,0.39969741866503566,0.39863621095707247,0.20166637037789198,0.0
2024-01-16,108570.78072999777,-0.010401966689414493,0.06254756044431209,2,0.40241597698614984,0.3957314359542445,0.20185258705960563,0.0
2024-01-17,108018.53402832043,-0.005086513129630318,0.06731592458651603,2,0.4022249919865383,0.397125412285384,0.20064959572807764,0.0
2024-01-18,108184.5945457056,0.0015373335592724364,0.06588207805718371,2,0.40517900750385233,0.39282999983473615,0.20199099266141163,0.0
2024-01-19,108932.2916372931,0.0069113083496525635,0.059426101063700276,2,0.4074142640304484,0.39138163120464625,0.20120410476490533,0.0
2024-01-22,109200.50133329393,0.0024708085202248204,0.0571102493019473,2,0.3998577827810048,0.4013888900584298,0.1987533271605653,0.0
2024-01-23,109065.15080935853,-0.0012394679720590263,0.05827893094912018,2,0.4015215805487656,0.39870251074831264,0.19977590870292183,0.0
2024-01-24,108678.64043568655,-0.003543848523600192,0.06161624776931929,2,0.4033901026410328,0.39777688462896926,0.19883301272999795,0.0
2024-01-25,109285.35734854275,0.005582669330642218,0.05637756157536822,2,0.4033324321739895,0.398153429475539,0.19851413835047135,0.0
2024-01-26,109130.92484542677,-0.001413112487004549,0.057711006226123684,2,0.4033901007780249,0.39795294266523307,0.19865695655674206,0.0
2024-01-29,110133.01658517728,0.00918589395683546,0.04905846325119634,2,0.3994979770671685,0.40092363178110985,0.19957839115172177,0.0
2024-01-30,110529.64576955413,0.003601364937371951,0.045633775743258664,2,0.3977565276864313,0.403106722068618,0.19913675024495067,0.0
2024-01-31,110233.49590549729,-0.0026793704258700262,0.04819087637998154,2,0.3923173944139553,0.40815908667562967,0.19952351891041495,0.0
2024-02-01,111910.83454296566,0.015216233719978755,0.0337079262981711,2,0.3914949842876776,0.4099279136089679,0.19857710210335436,0.0
2024-02-02,111148.65246150945,-0.0068106192270739226,0.04028897367429396,2,0.3983292622228215,0.4036220102930156,0.1980487274841629,0.0
2024-02-05,110820.65502710764,-0.0019529327884858,0.043121061580271625,0,0.0,0.0,0.0,1.0
2024-02-06,110996.85458102716,0.0015899522871112,0.041599669723642596,0,0.0,0.0,0.0,1.0
2024-02-07,110956.17134640177,-0.0003665260135429,0.041950948376077046,0,0.0,0.0,0.0,1.0
2024-02-08,110929.11342468241,-0.0002438613498558,0.04218457951103405,0,0.0,0.0,0.0,1.0
2024-02-09,110888.41885452217,-0.0003668520274245,0.04253595603993887,0,0.0,0.0,0.0,1.0
2024-02-12,110787.8551888429,9.320259383517993e-05,0.043404271189630306,5,0.19989359084667885,0.6006473931499337,0.19945901600338753,0.0
2024-02-13,109037.90194297566,-0.015795533209704036,0.05851421079231556,5,0.20030433483844814,0.5998299420701316,0.19986572309142034,0.0
2024-02-14,109556.24237522112,0.004753763810647573,0.054038609719341046,5,0.20116836547704992,0.6000301093523256,0.1988015251706244,0.0
2024-02-15,110194.7146350372,0.005827803564395449,0.048525732557282875,5,0.2013827158752937,0.5996386630864903,0.19897862103821592,0.0
2024-02-16,109782.0550060163,-0.0037448223391442718,0.05208883464912328,5,0.20113306797405112,0.5984088580761331,0.20045807394981577,0.0
2024-02-20,109689.49632530766,-0.0006443742397224802,0.05288803090108862,2,0.3980543182412971,0.400603099770892,0.2013425819878109,0.0
2024-02-21,109417.85684606913,-0.0024764402093060845,0.05523349706408032,2,0.3994039836730609,0.39874282288479584,0.20185319344214323,0.0
2024-02-22,110544.69450714352,0.010298480463382156,0.04550383769113686,2,0.4035142609709321,0.39660487952340684,0.19988085950566106,0.0
2024-02-23,111287.23689458855,0.006717123700559355,0.039092368897198915,2,0.4010983704288091,0.3992323442973823,0.19966928527380856,0.0
2024-02-26,110941.76076718267,-0.0031043643192716686,0.042075376261310304,2,0.400873774313515,0.3992811499980171,0.19984507568846782,0.0
2024-02-27,110687.56402565072,-0.0022903911362143203,0.044270233421533245,2,0.4016630647965713,0.3980908299103717,0.20024610529305692,0.0
2024-02-28,110948.6478110423,0.00235874542628011,0.0420159102058566,2,0.400188268270102,0.3996755534210151,0.20013617830888292,0.0
2024-02-29,111535.57850651181,0.005290111299680902,0.03694806774752213,2,0.3995134862626721,0.40037817610205284,0.2001083376352752,0.0
2024-03-01,112654.24584053308,0.010029690516698705,0.02728895491552097,2,0.3992597248906572,0.39887240277358493,0.20186787233575795,0.0
2024-03-04,112793.10162023874,0.0012325836338402455,0.026090007200894272,2,0.39834057111477733,0.3967788767817829,0.2048805521034398,0.0
2024-03-05,113119.99367984378,0.00290305121163454,0.023267463633576346,2,0.3948560605275607,0.40452232595775234,0.20062161351468696,0.0
2024-03-06,113801.2925441939,0.00602279793507028,0.01738480093043282,2,0.39448101672607405,0.40446011948762134,0.20105886378630475,0.0
2024-03-07,114333.81396422909,0.004679396939436375,0.01278675437526311,2,0.3965412637936727,0.40219886018175427,0.20125987602457304,0.0
2024-03-08,114174.6487185342,-0.0013921099994502926,0.01416106380608706,2,0.3947105725737881,0.4020454546988292,0.2032439727273828,0.0
2024-03-11,114154.51993052017,-0.0001762982259193009,0.014334865461580248,2,0.39444071484734294,0.4019064520114213,0.2036528331412358,0.0
2024-03-12,113848.99339276546,-0.00238078798727265,0.016972928817497568,4,0.2532924037845111,0.24850133487802475,0.24785493322351176,0.25035132811395244
2024-03-13,113850.39415894504,1.2303720374072672e-05,0.01696083392729364,4,0.2528922489743936,0.24729348988387642,0.24958868195150458,0.2502255791902254
2024-03-14,113218.05172933333,-0.005554152309116341,0.022420783181488213,4,0.2538019809018165,0.2448558242506267,0.24993479026470794,0.25140740458284877
2024-03-15,112903.9239288893,-0.002774538120431511,0.025133113984292743,4,0.2527605062008108,0.24545778781964991,0.24982955854512887,0.2519521474344104
2024-03-18,113038.734041957,0.0011940250469293914,0.02396909850496798,4,0.2539594827733048,0.24442649022799692,0.24993143195595283,0.25168259504274537
2024-03-19,113288.38857074313,0.00256506063709438,0.021813460998420853,5,0.20059688679069393,0.6001441856756697,0.19925892753363642,0.0
2024-03-20,113745.51900661798,0.004035104052957651,0.01786637653034695,5,0.20163860658554503,0.5975392596782696,0.20082213373618524,0.0
2024-03-21,113943.92807892677,0.0017443242955113938,0.01615321698949035,5,0.20195273352763227,0.5977830396262493,0.2002642268461184,0.0
2024-03-22,114368.48558327142,0.0037260213115575657,0.012487382908685896,5,0.20082159123994248,0.6012579509116964,0.1979204578483612,0.0
2024-03-25,114033.43913601726,-0.002929534701324869,0.01538033538845096,5,0.2008551789289115,0.6000087487640461,0.19913607230704233,0.0
2024-03-26,114119.24480705489,0.0011028553666065,0.014639447876165557,4,0.24926332553866962,0.2504189442538922,0.25053218955155443,0.24978554065588365
2024-03-27,114880.1326065362,0.006667480149976208,0.008069575954310348,4,0.24969324597994874,0.2512275124857315,0.25067483849001015,0.24840440304430964
2024-03-28,115204.3233220459,0.0028219911324444354,0.005270357093651423,4,0.24894302980768518,0.2503088710620922,0.25319403879294605,0.24755406033727656
2024-04-01,114855.16205470955,-0.0030308000365600386,0.008285183731739365,4,0.24926541928109516,0.24638961969982684,0.2565562342849698,0.24778872673410815
2024-04-02,114966.47540672947,0.0009691628136565358,0.007324050610060029,4,0.24744076055998773,0.24479466506778877,0.2600941019323893,0.24767047243983417
2024-04-03,114964.72368990924,0.0007376477197513,0.007339175777213547,0,0.0,0.0,0.0,1.0
2024-04-04,115077.62168688736,0.0009820229489059,0.006364360067346975,0,0.0,0.0,0.0,1.0
2024-04-05,114894.11991293594,-0.0015945912963922,0.007948802810568534,0,0.0,0.0,0.0,1.0
2024-04-08,114781.17498755839,-0.0009830348625599,0.00892402372285006,0,0.0,0.0,0.0,1.0
2024-04-09,114894.11991293594,0.0009840021709988,0.007948802810568534,0,0.0,0.0,0.0,1.0
2024-04-10,114428.30861999,-0.0040542657300384,0.011970841981777336,0,0.0,0.0,0.0,1.0
2024-04-11,114569.48097763705,0.0012337188179183,0.01075189181687819,0,0.0,0.0,0.0,1.0
2024-04-12,114640.02609411106,0.0006157409099878,0.01014277128654173,0,0.0,0.0,0.0,1.0
2024-04-15,114597.67321360696,-0.0003694423487773,0.010508466466071842,0,0.0,0.0,0.0,1.0
2024-04-16,114527.09290083336,-0.0006158965605003,0.011117890898219573,0,0.0,0.0,0.0,1.0
2024-04-17,114611.7869297417,0.0007395108595105,0.010386601839763032,0,0.0,0.0,0.0,1.0
2024-04-18,114555.32033310288,-0.0004926770461528,0.010874161645601732,0,0.0,0.0,0.0,1.0
2024-04-19,114583.58296167197,0.0002467159839185,0.010630128491172841,0,0.0,0.0,0.0,1.0
2024-04-22,114640.02609411109,0.0004925935372259,0.010142771286541508,0,0.0,0.0,0.0,1.0
2024-04-23,114738.84557125403,0.0008619980342801,0.009289516301172474,0,0.0,0.0,0.0,1.0
2024-04-24,114083.90597827679,-0.00471280224411076,0.014944580353120407,5,0.20085165604636207,0.5985751000642332,0.20057324388940467,0.0
2024-04-25,113654.40017448792,-0.003764823794432951,0.018653140435842097,5,0.2008447862482846,0.5966233609916499,0.20253185276006552,0.0
2024-04-26,114300.60863815465,0.005685732032148534,0.01307346516176966,5,0.20160131700627887,0.5963589802896581,0.2020397027040631,0.0
2024-04-29,114906.9477784387,0.005304776129439209,0.007838040838249682,5,0.20124769942951995,0.5981869388978721,0.20056536167260802,0.0
2024-04-30,113494.0578369085,-0.012295948755461673,0.020037613445221147,5,0.2005253505099139,0.6004609125354051,0.1990137369546809,0.0
2024-05-01,113885.10485227623,0.0037973202645984502,0.016661125074477035,4,0.24824554457453613,0.2508900795963191,0.2513112288592952,0.24955314696984965
2024-05-02,114225.86294956319,0.0029921217329428236,0.013718855455964851,4,0.24981998955641543,0.2512149538320798,0.24978801297859807,0.24917704363290663
2024-05-03,114892.76461243919,0.0058384471402108335,0.007960505128157824,4,0.25144853810014367,0.2522840926724803,0.2481400229983059,0.24812734622907
2024-05-06,115600.40530870575,0.006159140644353029,0.0018503943544890822,4,0.2524900738663657,0.25171658167218974,0.2492150985024321,0.24657824595901237
2024-05-07,115681.01746889755,0.0006973345809345581,0.0011543501175264037,4,0.25259255112564827,0.253075086127306,0.24789576141035255,0.2464366013366932
2024-05-08,115415.7016508066,-0.002287857470863339,0.0034452147428865043,4,0.25059748206384713,0.24905452684344284,0.24983632443397313,0.2505116666587369
2024-05-09,116202.46341901761,0.0068167654570206355,0.0,4,0.2503349014427142,0.2485750529122307,0.2520601588675577,0.2490298867774975
2024-05-10,116290.10411793014,0.0007542068931576357,0.0,4,0.2504685001434588,0.24698997043226,0.2539134969838739,0.2486280324404074
2024-05-13,116043.66459046252,-0.0021191788358682277,0.0021191788358680963,4,0.25103411103399603,0.2481462524949198,0.25160232193885873,0.24921731453222545
2024-05-14,116615.38540520958,0.004926773182877121,0.0,4,0.25094949474018513,0.24832351099959343,0.25248744377228005,0.24823955048794133
2024-05-15,116742.50292537652,0.0018432039805957,0.0,0,0.0,0.0,0.0,1.0
2024-05-16,116656.61053500145,-0.000735742238026,0.0007357422380259715,0,0.0,0.0,0.0,1.0
2024-05-17,116585.03552001413,-0.000613553013919,0.0013488438350772736,0,0.0,0.0,0.0,1.0
2024-05-20,116556.40076923864,-0.0002456125749568,0.0015941251170265014,0,0.0,0.0,0.0,1.0
2024-05-21,116613.6584088382,0.0004912440605722,0.0011036641609499798,0,0.0,0.0,0.0,1.0
2024-05-22,116527.71857065735,-0.0007369620278916,0.0018398128302634653,0,0.0,0.0,0.0,1.0
2024-05-23,116470.47279300922,-0.0004912631805575,0.002330172178518275,0,0.0,0.0,0.0,1.0
2024-05-24,116513.41305722104,0.0003686794015864,0.0019623518634162007,0,0.0,0.0,0.0,1.0
2024-05-28,116413.15584365245,-0.000860477870641,0.0028211411737042447,0,0.0,0.0,0.0,1.0
2024-05-29,116370.19185553775,-0.0003690647144073,0.003189164704450076,0,0.0,0.0,0.0,1.0
2024-05-30,116817.86656527236,0.00485183965153334,0.0,5,0.19771399587926228,0.6028741663695746,0.19941183775116303,0.0
2024-05-31,117369.81101616926,0.004724829061901223,0.0,5,0.19857656479811694,0.6041132401697251,0.1973101950321578,0.0
2024-06-03,118742.1754271858,0.011692652472853322,0.0,5,0.19644152988080302,0.606789457756243,0.19676901236295385,0.0
2024-06-04,119400.16858310346,0.005541360123734274,0.0,5,0.19557736525272895,0.6104946543593037,0.19392798038796735,0.0
2024-06-05,120486.8510290664,0.009101180164637599,0.0,5,0.19611691880667076,0.6094276805354272,0.194455400657902,0.0
2024-06-06,120624.08864914838,0.0014989921618679784,0.0,4,0.24962115977637014,0.2492514725434444,0.25147088626578,0.24965648141440544
2024-06-07,118875.88255344651,-0.014493009773419047,0.014493009773419052,4,0.25298418717054827,0.24827709020372654,0.24606377959184325,0.25267494303388194
2024-06-10,119043.91488858746,0.0014135107267482213,0.013099985071448494,4,0.2534076559905635,0.24627382713494525,0.2479692297260304,0.2523492871484608
2024-06-11,119537.36007785115,0.004145068563357594,0.009009216844391155,4,0.25296940165859316,0.24779365129349779,0.24765105067363985,0.25158589637426926
2024-06-12,120127.7549651705,0.004938998878131832,0.004114714478146486,4,0.2537935511878817,0.24842860596236546,0.2470898519296109,0.250687990920142
2024-06-13,120229.2668177504,0.0015955400287768,0.003273159083061583,0,0.0,0.0,0.0,1.0
2024-06-14,120243.97611463751,0.0001223437294133,0.003151215804137464,0,0.0,0.0,0.0,1.0
2024-06-17,120126.09490906331,-0.0009803501961863,0.004128476705291928,0,0.0,0.0,0.0,1.0
2024-06-18,120288.18917078953,0.0013493676111666,0.0027846799268748113,0,0.0,0.0,0.0,1.0
2024-06-20,120243.97611463754,-0.0003675594125805,0.0031512158041372418,0,0.0,0.0,0.0,1.0
2024-06-21,120288.18917078953,0.0003676945621777,0.0027846799268748113,0,0.0,0.0,0.0,1.0
2024-06-24,120302.94713367129,0.0001226883784974,0.002662333196242206,0,0.0,0.0,0.0,1.0
2024-06-25,120317.65643055839,0.000122268799207,0.0025403899173181976,0,0.0,0.0,0.0,1.0
2024-06-26,120199.81172448018,-0.0009794464883566,0.003517348229691186,0,0.0,0.0,0.0,1.0
2024-06-27,120288.18917078953,0.00073525444875,0.0027846799268748113,0,0.0,0.0,0.0,1.0
2024-06-28,120302.94713367129,0.0001226883784974,0.002662333196242206,0,0.0,0.0,0.0,1.0
2024-07-01,120199.43456302155,-0.0008604325423111,0.0035204749804327307,0,0.0,0.0,0.0,1.0
2024-07-02,120302.9106341753,0.0008608698662346,0.0026626357850235705,0,0.0,0.0,0.0,1.0
2024-07-03,120480.32251772193,0.0014747098188347,0.0011918525813249259,0,0.0,0.0,0.0,1.0
2024-07-05,120702.09345540454,0.0018407233069117,0.0,0,0.0,0.0,0.0,1.0
2024-07-08,120687.2868265281,-0.0001226708539393,0.00012267085393935506,0,0.0,0.0,0.0,1.0
2024-07-09,120657.71006827122,-0.0002450693775177,0.00036771016858727634,0,0.0,0.0,0.0,1.0
2024-07-10,120702.09345540455,0.000367845429092,0.0,0,0.0,0.0,0.0,1.0
2024-07-11,120982.9570771076,0.0023269159105911,0.0,0,0.0,0.0,0.0,1.0
2024-07-12,121160.34462765689,0.0014662193323331,0.0,0,0.0,0.0,0.0,1.0
2024-07-15,121160.34462765689,0.0,0.0,0,0.0,0.0,0.0,1.0
2024-07-16,121204.66718229688,0.000365817337151,0.0,0,0.0,0.0,0.0,1.0
2024-07-17,121219.449478176,0.0001219614411125,0.0,0,0.0,0.0,0.0,1.0
2024-07-18,121160.3446276569,-0.000487585538241,0.0004875855382410199,0,0.0,0.0,0.0,1.0
2024-07-19,121101.19111114314,-0.0004882250599034,0.0009755725466659149,0,0.0,0.0,0.0,1.0
2024-07-22,121115.98557352093,0.0001221661177899,0.0008535256107865541,0,0.0,0.0,0.0,1.0
2024-07-23,121175.12692353602,0.0004883034203539,0.00036563896990771116,0,0.0,0.0,0.0,1.0
2024-07-24,121234.24394055377,0.0004878642879826,0.0,0,0.0,0.0,0.0,1.0
2024-07-25,121249.0262364329,0.0001219316869445,0.0,0,0.0,0.0,0.0,1.0
2024-07-26,121411.64365760173,0.0013411853786911,0.0,0,0.0,0.0,0.0,1.0
2024-07-29,121477.71636097091,0.00154574976000738,0.0,3,0.7992350079270328,0.20076499207296708,0.0,0.0
2024-07-30,121079.71904579159,-0.0032762989550830764,0.003276298955083079,3,0.7977993773265075,0.20220062267349245,0.0,0.0
2024-07-31,122900.31051705836,0.01503630406160948,0.0,3,0.7987570390074081,0.20124296099259192,0.0,0.0
2024-08-01,121723.4736782042,-0.009575539995814834,0.009575539995814841,3,0.7950589729176878,0.20494102708231227,0.0,0.0
2024-08-02,120698.9959405063,-0.008416435275305022,0.01791138335851905,3,0.7868789857083347,0.2131210142916653,0.0,0.0
2024-08-05,118013.0073307576,-0.02224078268553772,0.03976640226325889,3,0.7943683732093464,0.2056316267906536,0.0,0.0
2024-08-06,118334.47931599346,0.0027240385827544873,0.03715068889456685,3,0.7995141826207712,0.20048581737922883,0.0,0.0
2024-08-07,117535.0955845056,-0.006755290056697905,0.043655015271975905,3,0.7995716279621319,0.2004283720378681,0.0,0.0
2024-08-08,119562.68914245612,0.017250962768756314,0.027157143546345908,3,0.8041826399769579,0.19581736002304218,0.0,0.0
2024-08-09,120217.56527343769,0.005477261641391429,0.021828628685590656,3,0.8033287962212282,0.19667120377877165,0.0,0.0
2024-08-12,120405.82108954438,0.00176964793110666,0.020296852115501807,1,0.5992547730726723,0.4007452269273277,0.0,0.0
2024-08-13,121927.0750075151,0.012634388472293088,0.007918901957600588,1,0.6015101709974854,0.3984898290025146,0.0,0.0
2024-08-14,122463.1002956637,0.004396277759599765,0.0035574378905575132,1,0.6007666660875624,0.39923333391243765,0.0,0.0
2024-08-15,123329.57590931439,0.0070754015826707236,0.0,1,0.606770826490557,0.3932291735094429,0.0,0.0
2024-08-16,123667.17016753032,0.0027373341368185644,0.0,1,0.6064710886631449,0.39352891133685497,0.0,0.0
2024-08-19,123513.54482432551,-0.0002424908822434,0.0012422483913612226,0,0.0,0.0,0.0,1.0
2024-08-20,123693.15880521171,0.0014542047282479,0.0,0,0.0,0.0,0.0,1.0
2024-08-21,123827.86008242154,0.0010889953697597,0.0,0,0.0,0.0,0.0,1.0
2024-08-22,123663.26202187329,-0.0013292490109955,0.0013292490109955146,0,0.0,0.0,0.0,1.0
2024-08-23,123947.61910693202,0.0022994467427879,0.0,0,0.0,0.0,0.0,1.0
2024-08-26,123887.73959467678,-0.0004831033680734,0.00048310336807344534,0,0.0,0.0,0.0,1.0
2024-08-27,123962.5859155109,0.0006041463108374,0.0,0,0.0,0.0,0.0,1.0
2024-08-28,123947.61910693203,-0.0001207364985841,0.0001207364985841286,0,0.0,0.0,0.0,1.0
2024-08-29,123932.62774247363,-0.000120949192622,0.00024167108822403804,0,0.0,0.0,0.0,1.0
2024-08-30,123932.62774247363,0.0,0.00024167108822403804,0,0.0,0.0,0.0,1.0
2024-09-03,124064.81204203072,0.0010665819160371,0.0,0,0.0,0.0,0.0,1.0
2024-09-04,124335.18455369213,0.0021792844176462,0.0,0,0.0,0.0,0.0,1.0
2024-09-05,124380.2568705855,0.0003625065346961,0.0,0,0.0,0.0,0.0,1.0
2024-09-06,124605.54478741376,0.0018112835790544,0.0,0,0.0,0.0,0.0,1.0
2024-09-09,124620.58526363125,0.000120704710558,0.0,0,0.0,0.0,0.0,1.0
2024-09-10,125104.08846442137,0.00488468672558842,0.0,3,0.7995788571008225,0.20042114289917756,0.0,0.0
2024-09-11,126110.37614184483,0.00804360344873652,0.0,3,0.801336077716127,0.19866392228387295,0.0,0.0
2024-09-12,126844.55569122739,0.005821721985483366,0.0,3,0.8034086082255876,0.19659139177441246,0.0,0.0
2024-09-13,127444.04593537215,0.004726180330546312,0.0,3,0.8038057963538651,0.19619420364613493,0.0,0.0
2024-09-16,127824.42585020217,0.0029846817247383864,0.0,3,0.8025973716617569,0.1974026283382431,0.0,0.0
2024-09-17,127742.25360959928,-0.0006402567043599801,0.0006428524130370761,3,0.8008396410044334,0.19916035899556656,0.0,0.0
2024-09-18,127123.48157975507,-0.004843910392682382,0.005483648886235093,3,0.8023510068997964,0.19764899310020356,0.0,0.0
2024-09-19,128780.74962213097,0.013036679154638893,0.0,3,0.8055410497505444,0.19445895024945575,0.0,0.0
2024-09-20,128505.55265484405,-0.0021369418029821316,0.002136941802982184,3,0.8058706879246623,0.19412931207533765,0.0,0.0
2024-09-23,128711.3503265974,0.0016014690999859443,0.0005388949492621808,3,0.8065926603899571,0.19340733961004303,0.0,0.0
2024-09-24,128895.24748554997,0.00163568693018852,0.0,1,0.6007341482911318,0.39926585170886814,0.0,0.0
2024-09-25,128296.70275625912,-0.004643652430691415,0.004643652430691425,1,0.6022056839013376,0.3977943160986625,0.0,0.0
2024-09-26,128722.99864836468,0.003322734590579748,0.001336347464669707,1,0.602590993384456,0.39740900661554407,0.0,0.0
2024-09-27,128876.55450954055,0.0011929170605740772,0.00014502455578524476,1,0.6010001182451633,0.39899988175483664,0.0,0.0
2024-09-30,128941.75896335208,0.0005059450422124116,0.0,1,0.6031034384077473,0.39689656159225273,0.0,0.0
2024-10-01,129487.65202815789,0.0046386138720332,0.0,5,0.19729311271313354,0.6015417647363737,0.2011651225504929,0.0
2024-10-02,128847.30792297226,-0.0049452136567151115,0.004945213656715075,5,0.1983572824814058,0.5994366883073957,0.2022060292111985,0.0
2024-10-03,128054.97282437213,-0.006149411356532247,0.01106421486022624,5,0.19921977782801742,0.597463844682858,0.20331637748912473,0.0
2024-10-04,127293.70714460948,-0.00594483496401765,0.01694327489289338,5,0.2022323447039858,0.5936436197565634,0.2041240355394508,0.0
2024-10-07,126403.52133318582,-0.006993164323609272,0.023817952110996576,5,0.20181543869124782,0.5933193937568353,0.2048651675519169,0.0
2024-10-08,126583.35865228956,0.0014294141209332798,0.02242911451693297,5,0.20160331371195456,0.6001544416649163,0.19824224462312912,0.0
2024-10-09,126191.57578264028,-0.0030950582590043214,0.025454753359809512,5,0.2036299623759456,0.598595332897719,0.1977747047263353,0.0
2024-10-10,126033.95579702848,-0.0012490531529877771,0.026672012172854753,5,0.20352784150041217,0.5969960591157404,0.19947609938384755,0.0
2024-10-11,126158.0358396382,0.0009844969304108875,0.025713773756555813,5,0.20454523962137947,0.5940000284305258,0.2014547319480947,0.0
2024-10-14,126383.64532548854,0.001788308484265718,0.02397144943206131,5,0.2058499802870966,0.5933825927780214,0.20076742693488211,0.0
2024-10-15,127195.97822961489,0.00643417599790694,0.017698010294021405,5,0.197177363203192,0.6034120080136229,0.19941062878318502,0.0
2024-10-16,127755.3053345891,0.00439736470255765,0.013378470197236147,5,0.19716733977273226,0.6033020661980365,0.1995305940292312,0.0
2024-10-17,126689.03757200064,-0.008346172081041294,0.02161298326383021,5,0.1988438610234,0.5987413046905163,0.20241483428608367,0.0
2024-10-18,127114.83877504808,0.003360994851708758,0.018324629537601167,5,0.19894010814215624,0.5971810152681372,0.2038788765897066,0.0
2024-10-21,125741.92038746043,-0.010800614631760406,0.028927326907456252,5,0.20078196140205098,0.5931541171601067,0.20606392143784238,0.0
2024-10-22,126047.92091305199,0.0027776674268406003,0.02656416315555643,4,0.24917507958028878,0.24955079223579762,0.251996867416794,0.24927726076711978
2024-10-23,125273.92316517091,-0.006140503883558623,0.03254154969209477,4,0.248423695795637,0.25041263646832435,0.25049835119040736,0.2506653165456313
2024-10-24,125798.92487808106,0.004190829979978727,0.028487095814160646,4,0.24792198830883475,0.2509655412785108,0.2513720424801104,0.24974042793254397
2024-10-25,125664.59171222981,-0.001067840333146195,0.02952451647742227,4,0.2481013407957999,0.24982390340513919,0.25215837435027577,0.24991638144878517
2024-10-28,125661.79285425307,-2.227244714365425e-05,0.029546131341333326,4,0.24887381825781069,0.2491515755681513,0.25217393955669576,0.24980066661734232
2024-10-29,126113.93776766605,0.0036002914474705253,0.026054331881453785,4,0.24950629951073827,0.2494827563547522,0.25181709965807836,0.2491938444764311
2024-10-30,126259.22996917035,0.0011520709294794654,0.02493227739032211,4,0.24846526786399145,0.2499267801031832,0.2529122044174588,0.24869574761536656
2024-10-31,125208.3512941287,-0.008323182988667377,0.03304794447194559,4,0.24563902751693503,0.2524339419853729,0.2510830981541402,0.2508439323435519
2024-11-01,124753.26674261614,-0.0036346181928673593,0.03656244600459846,4,0.247575611668961,0.2497829708049576,0.25096522367681423,0.2516761938492671
2024-11-04,125238.00530444123,0.0038855781053428683,0.03281893413892889,4,0.24608614644160293,0.2526781936351633,0.25035032286998776,0.250885337053246
2024-11-05,126512.42999645343,0.010735882566105722,0.022976878374916243,3,0.8010733103759659,0.1989266896240342,0.0,0.0
2024-11-06,128343.1589195183,0.014470743492289165,0.008838627395843957,3,0.8092813968335295,0.19071860316647046,0.0,0.0
2024-11-07,129452.91331600309,0.00864677483262425,0.0002682781841409909,3,0.8085475679393425,0.1914524320606576,0.0,0.0
2024-11-08,130221.09609238678,0.005934070981535094,0.0,3,0.8072597113500702,0.19274028864992976,0.0,0.0
2024-11-11,130199.15008573185,-0.000168528812254548,0.00016852881225459804,3,0.8081650526472108,0.19183494735278916,0.0,0.0
2024-11-12,129942.1049041325,-0.0009752214544759,0.0021424423279031712,0,0.0,0.0,0.0,1.0
2024-11-13,130132.42546248171,0.0014646565752465,0.0006809236948993602,0,0.0,0.0,0.0,1.0
2024-11-14,129942.1049041325,-0.0014625144937768,0.0021424423279031712,0,0.0,0.0,0.0,1.0
2024-11-15,130084.8292256823,0.0010983685515568,0.0010464269676228044,0,0.0,0.0,0.0,1.0
2024-11-18,130179.98306597208,0.0007314753061995,0.00031571709690980665,0,0.0,0.0,0.0,1.0
2024-11-19,130775.66876345065,0.005581443903316221,0.0,5,0.1996169230015715,0.5997112505154768,0.20067182648295165,0.0
2024-11-20,130681.55710990587,-0.0007196419214266211,0.0007196419214265948,5,0.1998283846986103,0.5982242661420609,0.20194734915932866,0.0
2024-11-21,130981.2939164988,0.0022936427543547313,0.0,5,0.20044135083041148,0.5963931490901799,0.20316550007940873,0.0
2024-11-22,131448.98789670382,0.0035706929304209416,0.0,5,0.20034724019791056,0.5946001871119937,0.20505257269009575,0.0
2024-11-25,132767.6920467292,0.010032060125572458,0.0,5,0.19903015658871484,0.6039345549046127,0.19703528850667237,0.0
2024-11-26,132829.43692529303,0.00081928404353775,0.0,4,0.2510996232559314,0.2488255027942618,0.2502795272914738,0.2497953466583328
2024-11-27,133051.47300945752,0.0016715879349046107,0.0,4,0.24992103026180107,0.2501314276671241,0.2504172328665446,0.2495303092045303
2024-11-29,133929.27495623278,0.006597461320197899,0.0,4,0.24982533912101648,0.25105682563919574,0.25092152286352004,0.24819631237626757
2024-12-02,133773.8092304451,-0.001160804654833563,0.0011608046548335915,4,0.2505639895866083,0.2519524912879109,0.24901391114031593,0.24846960798516476
2024-12-03,133569.6128252907,-0.001526430370257518,0.0026854631376120874,4,0.2510634426109082,0.2501601882990394,0.24989657011931593,0.2488797989707365
2024-12-04,133615.65495144908,0.0010966490118569,0.00234168373483834,0,0.0,0.0,0.0,1.0
2024-12-05,133615.65495144908,0.0,0.00234168373483834,0,0.0,0.0,0.0,1.0
2024-12-06,133745.77970866492,0.0009738735873661,0.0013700906514114708,0,0.0,0.0,0.0,1.0
2024-12-09,133696.96811536636,-0.0003649580076836,0.0017345486335406113,0,0.0,0.0,0.0,1.0
2024-12-10,133680.68442040673,-0.0001217955439766,0.0018561329172228636,0,0.0,0.0,0.0,1.0
2024-12-11,133648.19601364815,-0.0002430299253736,0.0020987117467520244,0,0.0,0.0,0.0,1.0
2024-12-12,133583.12705311016,-0.0004868674810345,0.0025845574332851173,0,0.0,0.0,0.0,1.0
2024-12-13,133518.07125643233,-0.0004870060921091,0.0030703048301786717,0,0.0,0.0,0.0,1.0
2024-12-16,133534.34178753186,0.0001218601418251,0.002948818836135625,0,0.0,0.0,0.0,1.0
2024-12-17,133550.58599091115,0.0001216481330708,0.002827529421370989,0,0.0,0.0,0.0,1.0
2024-12-18,131108.8869136376,-0.0173002531818924,0.02105878676276607,5,0.1974553350579164,0.6029282662734005,0.19961639866868322,0.0
2024-12-19,129941.21511421981,-0.008906122436894336,0.02977735706637885,5,0.19916852636885032,0.5991350678655111,0.20169640576563858,0.0
2024-12-20,130968.82295208324,0.007908251719519076,0.022104592182082605,5,0.1999792557223598,0.5978188899812383,0.20220185429640183,0.0
2024-12-23,130282.80380871815,-0.005238033967947288,0.027226841545332614,5,0.20223607155293072,0.5954544976368933,0.20230943081017588,0.0
2024-12-24,130956.22596705449,0.0051689258954316355,0.02219864917621528,5,0.20343241838069018,0.5948975649447487,0.20167001667456116,0.0
2024-12-26,131080.96386194846,0.0011493094555372202,0.021267277786840344,2,0.39956741011534025,0.39931350198130433,0.20111908790335548,0.0
2024-12-27,129919.36853948113,-0.008861662961913416,0.029940477300889334,2,0.39889621393238267,0.39958065759390166,0.20152312847371567,0.0
2024-12-30,129661.65715685413,-0.0019836255788812183,0.031864712183152566,2,0.39512800296767076,0.4035923997280225,0.20127959730430675,0.0
2024-12-31,129357.83339046413,-0.0023432044063916844,0.03413325105554832,2,0.3946151376674829,0.4023748672532066,0.20300999507931058,0.0
2025-01-02,129732.29513522053,0.0028947744016868775,0.031337284715263314,2,0.39250929338568324,0.40231620365747883,0.20517450295683792,0.0
2025-01-03,130893.64928689519,0.00936323403224522,0.02266588593367369,3,0.8024889181101362,0.19751108188986366,0.0,0.0
2025-01-06,131383.24283746927,0.0037403919383512574,0.019010273292344282,3,0.8041040836842306,0.19589591631576947,0.0,0.0
2025-01-07,129898.76478597292,-0.011298838569030946,0.030094317852291885,3,0.8040998489756341,0.19590015102436587,0.0,0.0
2025-01-08,130083.9572024501,0.001425667263135979,0.028711555072924222,3,0.8041282288238666,0.19587177117613344,0.0,0.0
2025-01-10,128318.09846898966,-0.01357476180335004,0.04189656435515554,3,0.8027483769944348,0.19725162300556517,0.0,0.0
2025-01-13,128467.90875897984,0.00117024309896418,0.040777986732457694,3,0.800303917654569,0.19969608234543113,0.0,0.0
2025-01-14,128567.32114532198,0.0007738305021267252,0.040035711480279734,3,0.8007853383582944,0.19921466164170556,0.0,0.0
2025-01-15,130881.51713901115,0.017999877208870082,0.022756472162024477,3,0.8009349166095745,0.19906508339042545,0.0,0.0
2025-01-16,130763.99258729223,-0.0008979461293536586,0.02363398420528251,3,0.8001130118163319,0.1998869881836682,0.0,0.0
2025-01-17,131859.46161943657,0.00837745170110997,0.01545452506535716,3,0.8014320254205611,0.19856797457943887,0.0,0.0
2025-01-21,132905.30254945287,0.008487594232719175,0.007645620474795667,4,0.25016512224283066,0.2501136636866209,0.2517346829112208,0.24798653115932762
2025-01-22,133082.17540422716,0.0013308186459188717,0.006324976763164347,4,0.2512370582075968,0.2484750873277684,0.25269121862972665,0.24759663583490815
2025-01-23,132960.13022216462,-0.0009170663290696126,0.007236242669012238,4,0.25284017026664485,0.24677061037663,0.25256531256135645,0.24782390679536867
2025-01-24,133238.25373971878,0.0020917813263978775,0.005159597979902619,4,0.25157582113718685,0.24736152101690043,0.2536054547254368,0.24745720312047598
2025-01-27,132849.9211632708,-0.0029145726962661943,0.008059132652772916,4,0.24874216829901857,0.2510143181590958,0.2517003382876687,0.24854317525421693
2025-01-28,132782.33218985135,0.0002428774734624,0.008563794336647002,0,0.0,0.0,0.0,1.0
2025-01-29,132701.65558253528,-0.0006075854067748,0.00916617650695617,0,0.0,0.0,0.0,1.0
2025-01-30,132782.33218985138,0.000607954791234,0.00856379433664678,0,0.0,0.0,0.0,1.0
2025-01-31,132798.45970138165,0.0001214582637938,0.008443376216444642,0,0.0,0.0,0.0,1.0
2025-02-03,132706.19836019797,-0.0006947470730545,0.00913225727858602,0,0.0,0.0,0.0,1.0
2025-02-04,132835.72609808153,0.0009760488920946,0.008165121916090534,0,0.0,0.0,0.0,1.0
2025-02-05,132916.67605305067,0.0006093989723019,0.007560698760693096,0,0.0,0.0,0.0,1.0
2025-02-06,132868.11128669116,-0.0003653775267457,0.00792331377802502,0,0.0,0.0,0.0,1.0
2025-02-07,132722.40397105768,-0.0010966311948176,0.009011256019787361,0,0.0,0.0,0.0,1.0
2025-02-10,132787.16133172202,0.0004879158207415,0.008527736933422458,0,0.0,0.0,0.0,1.0
2025-02-11,132754.7761431124,-0.0002438879503472,0.008769545071487972,0,0.0,0.0,0.0,1.0
2025-02-12,132576.6706223144,-0.0013416129044276,0.010099392641081617,0,0.0,0.0,0.0,1.0
2025-02-13,132754.77614311242,0.0013434152476599,0.00876954507148775,0,0.0,0.0,0.0,1.0
2025-02-14,132932.88166391043,0.0013416129044276,0.007439697501893883,0,0.0,0.0,0.0,1.0
2025-02-18,132819.54652033167,-0.0008525741875159,0.008285928795356834,0,0.0,0.0,0.0,1.0
2025-02-19,132916.67605305073,0.0007312894469504,0.007560698760692652,0,0.0,0.0,0.0,1.0
2025-02-20,132932.88166391046,0.0001219230824975,0.007439697501893661,0,0.0,0.0,0.0,1.0
2025-02-21,133159.52591795818,0.0017049525385355,0.005747429294500006,0,0.0,0.0,0.0,1.0
2025-02-24,133256.69450034195,0.0007297155927368,0.005021907690537564,0,0.0,0.0,0.0,1.0
2025-02-25,133434.82605424977,0.0013367550093881,0.0036918657414115597,0,0.0,0.0,0.0,1.0
2025-02-26,133483.39082060932,0.0003639587040027,0.0033292507240794134,0,0.0,0.0,0.0,1.0
2025-02-27,133531.98162007864,0.000364021315091,0.0029664413272152412,0,0.0,0.0,0.0,1.0
2025-02-28,133774.844501541,0.0018187619064422,0.001153074671256582,0,0.0,0.0,0.0,1.0
2025-03-03,133860.89694603384,0.0006432632742985,0.0005105531275465536,0,0.0,0.0,0.0,1.0
2025-03-04,133877.1416065583,0.0001213547861627,0.00038926029944930107,0,0.0,0.0,0.0,1.0
2025-03-05,134679.6501677652,0.007001367183308639,0.0,3,0.802976339496608,0.19702366050339212,0.0,0.0
2025-03-06,132672.18214484194,-0.014905503692819582,0.014905503692819622,3,0.8006566863506343,0.1993433136493657,0.0,0.0
2025-03-07,133182.73398424746,0.0038482207132778156,0.011114642647594541,3,0.8020578672558373,0.1979421327441628,0.0,0.0
2025-03-10,130612.5240888839,-0.019298371631772938,0.030198519774999766,3,0.7960572543216125,0.2039427456783875,0.0,0.0
2025-03-11,129558.02656635725,-0.008073479399334258,0.03802819204704022,3,0.7958651183661001,0.20413488163389998,0.0,0.0
2025-03-12,129952.70879610533,0.0030505216968273806,0.035097665948580326,3,0.8017992842505459,0.19820071574945405,0.0,0.0
2025-03-13,128790.15423853546,-0.008945981721657848,0.0437296645921893,3,0.7982520087570051,0.20174799124299492,0.0,0.0
2025-03-14,130776.14373104725,0.01542035184485825,0.028983639561400043,3,0.8023678330278925,0.1976321669721075,0.0,0.0
2025-03-17,131714.27482640237,0.00717356444830251,0.022017991119437808,3,0.8027961630989376,0.19720383690106227,0.0,0.0
2025-03-18,130597.19507041524,-0.008481083447177034,0.030312338146591733,3,0.8009118375370485,0.1990881624629515,0.0,0.0
2025-03-19,131491.3413507037,0.007250414973908901,0.02367327813140263,2,0.4014456905520189,0.39917832646053936,0.19937598298744175,0.0
2025-03-20,131339.6759237718,-0.0011534252017962499,0.024799397977593007,2,0.4007470622352402,0.3999023367490855,0.19935060101567428,0.0
2025-03-21,130835.39879386626,-0.00383948815435047,0.028543669137173433,2,0.40242436906495654,0.399067613382414,0.19850801755262945,0.0
2025-03-24,131127.3004415853,0.0022310601749219497,0.026376291605709423,2,0.40871925952267046,0.3940965193961236,0.19718422108120584,0.0
2025-03-25,131364.1693828976,0.0018064044673736155,0.024617533389325263,2,0.4089630831764363,0.3933421299261964,0.19769478689736736,0.0
2025-03-26,129886.03349895941,-0.010865411686759701,0.0355927318108904,3,0.7991321460532764,0.20086785394672357,0.0,0.0
2025-03-27,129534.30129930955,-0.002708006320423156,0.03820435278860845,3,0.7991739430074285,0.20082605699257147,0.0,0.0
2025-03-28,127809.47471116968,-0.013315597265270953,0.0510112362783659,3,0.7936479891513157,0.20635201084868432,0.0,0.0
2025-03-31,128750.79516450047,0.007365028730913878,0.04402190676824158,3,0.7931341341833495,0.20686586581665045,0.0,0.0
2025-04-01,129270.0088479716,0.004032702732497712,0.0401667312994578,3,0.7921796710091292,0.20782032899087077,0.0,0.0
2025-04-02,129702.02310824458,0.0035348117299929998,0.03695901387715361,1,0.6016701881370834,0.39832981186291655,0.0,0.0
2025-04-03,126093.58306499117,-0.027821000449946287,0.06375177758539408,1,0.5883890335571739,0.4116109664428262,0.0,0.0
2025-04-04,122315.22441988689,-0.029964717896523215,0.09180619145116908,1,0.5710544996653254,0.4289455003346747,0.0,0.0
2025-04-07,120608.62129221216,-0.013952499664442845,0.1044777652601957,1,0.5781032951026274,0.42189670489737263,0.0,0.0
2025-04-08,118555.9354927593,-0.017019395275894904,0.11971901215158509,1,0.5789011527662458,0.42109884723375435,0.0,0.0
2025-04-09,126302.78821526685,0.06536591854096493,0.062198423756399945,1,0.6223323040985677,0.37766769590143234,0.0,0.0
2025-04-10,121543.47326390218,-0.03768178849110618,0.09753646439903729,1,0.6183633218276795,0.3816366781723206,0.0,0.0
2025-04-11,123136.79377291253,0.013109058563357364,0.08570601705954983,1,0.6212526751832028,0.37874732481679724,0.0,0.0
2025-04-14,124211.72309462327,0.008729554252428709,0.07772463813280217,1,0.6218512057985973,0.3781487942014027,0.0,0.0
2025-04-15,124161.76869885299,-0.00040217134522990445,0.0780955508557567,1,0.6203589490482444,0.3796410509517556,0.0,0.0
2025-04-16,124634.0582459521,0.004305977241838499,0.07458878835295246,4,0.24339495604248124,0.2503169873416244,0.2570284439365045,0.24925961267938987
2025-04-17,124272.39313588021,-0.0029018160458048133,0.07727416145587762,4,0.24445156526570247,0.24882814974809225,0.2566446467337297,0.25007563825247553
2025-04-21,123976.66183874861,-0.002379702278753527,0.0794699742365258,4,0.23920218623937387,0.24506185974720956,0.2652152323871864,0.2505207216262302
2025-04-22,124462.32196256793,0.003917351190266835,0.07586393484442489,4,0.24446805284349066,0.24546809615072002,0.2604301285791152,0.2496337224266742
2025-04-23,124430.77907659764,-0.0002534332115368653,0.07609814161531425,4,0.24831907720279037,0.24791523271279867,0.2542498060398967,0.2495158840445143
2025-04-24,125903.21591750666,0.011837681306517075,0.06516525874047108,4,0.25227589608627815,0.2496783060129685,0.25067169758596564,0.24737410031478754
2025-04-25,126048.43937090316,0.0011534530896466489,0.06408697071985625,4,0.2538059147554646,0.2512277460258473,0.24766832154563673,0.24729801767305132
2025-04-28,126749.90300953445,0.005565032317196778,0.05887858446582672,4,0.2524975555101323,0.2514113387657968,0.24980546392029482,0.2462856418037761
2025-04-29,126929.15208111174,0.0014141949407550382,0.057547655321341984,4,0.25372931308169644,0.2531612846480406,0.24702328804155949,0.2460861142287035
2025-04-30,126488.67118750222,-0.0034702894204165,0.060818237722327084,4,0.2547139315594168,0.2519869542605076,0.246028796334151,0.24727031784592468
2025-05-01,125713.87767577183,-0.005779396719960759,0.06657110024287316,5,0.20258821125781717,0.6004277976185108,0.19698399112367201,0.0
2025-05-02,125318.1763138838,-0.0031476346860334794,0.06950919342469475,5,0.20624466363070823,0.5958038990391399,0.1979514373301519,0.0
2025-05-05,125493.83963910567,0.0014017386016047689,0.06820488854267981,5,0.20477492642859602,0.591646635009176,0.20357843856222804,0.0
2025-05-06,126241.83779082478,0.005960437212457601,0.06265098228596355,5,0.20186019816990924,0.590096310710204,0.20804349111988674,0.0
2025-05-07,126270.12830391874,0.00022409776021187712,0.06244092447055705,5,0.20266368786601782,0.5924579425095293,0.20487836962445274,0.0
2025-05-08,125408.5264224363,-0.006483243772039175,0.06883834145529955,4,0.2533847231458173,0.24882595403429247,0.24667569055956393,0.2511136322603263
2025-05-09,125654.4052546557,0.001960622927592391,0.06701268455826181,4,0.25256666695898344,0.2487105024029244,0.24797904893339592,0.2507437817046961
2025-05-12,125476.71117571133,-0.0014141492181213243,0.06833206784091095,4,0.2612828389802616,0.24674517383930486,0.24132965474180898,0.2506423324386245
2025-05-13,125688.88299108336,0.0016909258569498167,0.06675668644433219,4,0.2625643099636869,0.24532890696268952,0.24194835921876812,0.2501584238548555
2025-05-14,124863.75617360097,-0.006564835312769304,0.07288327510456827,4,0.2646371884463636,0.24531126280544668,0.23842350227991965,0.25162804646827
2025-05-15,125012.9444626164,0.0019446358589496,0.07177554807357589,0,0.0,0.0,0.0,1.0
2025-05-16,124982.64253375775,-0.0002423903299686,0.07200054070476325,0,0.0,0.0,0.0,1.0
2025-05-19,125028.13769757224,0.0003640118571039,0.07166273789819366,0,0.0,0.0,0.0,1.0
2025-05-20,125043.30677794149,0.0001213253324299,0.07155010707126208,0,0.0,0.0,0.0,1.0
2025-05-21,124967.47345338849,-0.0006064564870126,0.07211317153169494,0,0.0,0.0,0.0,1.0
2025-05-22,125043.30677794147,0.0006068244996668,0.07155010707126219,0,0.0,0.0,0.0,1.0
2025-05-23,125119.1280252012,0.0006063599021286,0.0709871322850546,0,0.0,0.0,0.0,1.0
2025-05-27,125164.65942089554,0.0003639043558965,0.07064906045580921,0,0.0,0.0,0.0,1.0
2025-05-28,125073.6570159733,-0.0007270614991747,0.07132475574317354,0,0.0,0.0,0.0,1.0
2025-05-29,125210.15458471004,0.0010913374726007,0.07031125764923951,0,0.0,0.0,0.0,1.0
2025-05-30,125361.83331110932,0.0012113931725614,0.06918503905414841,0,0.0,0.0,0.0,1.0
2025-06-02,125258.35506222096,-0.000825436627363,0.06995336781621064,0,0.0,0.0,0.0,1.0
2025-06-03,125227.89612854959,-0.000243168878086,0.07017952621232637,0,0.0,0.0,0.0,1.0
2025-06-04,125456.18112627228,0.001822956424089,0.06848450400638562,0,0.0,0.0,0.0,1.0
2025-06-05,125319.18838851074,-0.001091956861206,0.06950167874355562,0,0.0,0.0,0.0,1.0
2025-06-06,125106.1690895036,-0.0016998139051678,0.07108335272876265,0,0.0,0.0,0.0,1.0
2025-06-09,125197.47342675805,0.0007298148278294,0.07040541558576652,0,0.0,0.0,0.0,1.0
2025-06-10,125197.47342675805,0.0,0.07040541558576652,0,0.0,0.0,0.0,1.0
2025-06-11,125395.31156810264,0.0015802087368825,0.06893646210171644,0,0.0,0.0,0.0,1.0
2025-06-12,125501.8332948995,0.0008494873170676,0.06814553543488766,0,0.0,0.0,0.0,1.0
2025-06-13,125410.55311223162,-0.0007273215081519,0.06882329322943326,0,0.0,0.0,0.0,1.0
2025-06-16,125395.31156810264,-0.0001215331864085,0.06893646210171644,0,0.0,0.0,0.0,1.0
2025-06-17,125456.18112627226,0.0004854213240386,0.06848450400638573,0,0.0,0.0,0.0,1.0
2025-06-18,125517.05068444189,0.0004851858045029,0.06803254591105512,0,0.0,0.0,0.0,1.0
2025-06-20,125608.36709898962,0.000727521990437,0.06735451909383372,0,0.0,0.0,0.0,1.0
2025-06-23,125775.7583839561,0.00133264438375,0.06611163433167433,0,0.0,0.0,0.0,1.0
2025-06-24,125882.29218804622,0.0008470138082166,0.06532061799062039,0,0.0,0.0,0.0,1.0
2025-06-25,125897.52165488193,0.0001209818042791,0.06520753879256236,0,0.0,0.0,0.0,1.0
2025-06-26,126049.69555030599,0.0012087123989716,0.06407764355423573,0,0.0,0.0,0.0,1.0
2025-06-27,126004.03130438547,-0.0003622717668706,0.06441670179995906,0,0.0,0.0,0.0,1.0
2025-06-30,126095.3356416399,0.0007246144135966,0.06373876465696315,0,0.0,0.0,0.0,1.0
2025-07-01,125964.04338631014,-0.0010412142103566,0.06471361315980839,0,0.0,0.0,0.0,1.0
2025-07-02,125948.7656103013,-0.000121286802155,0.06482705105476727,0,0.0,0.0,0.0,1.0
2025-07-03,125811.38639915458,-0.001090754724598,0.0658470953671455,0,0.0,0.0,0.0,1.0
2025-07-07,125780.8429244302,-0.0002427719429741,0.0660738814828381,0,0.0,0.0,0.0,1.0
2025-07-08,125796.10862314574,0.0001213674384796,0.06596053326210449,0,0.0,0.0,0.0,1.0
2025-07-09,125902.98059144795,0.0008495649783759,0.06516700604274295,0,0.0,0.0,0.0,1.0
2025-07-10,125902.98059144795,0.0,0.06516700604274295,0,0.0,0.0,0.0,1.0
2025-07-11,125872.43711672355,-0.0002425953268216,0.06539379215843566,0,0.0,0.0,0.0,1.0
2025-07-14,125887.70281543912,0.0001212791224611,0.06528044393770183,0,0.0,0.0,0.0,1.0
2025-07-15,125765.57722571465,-0.0009701153249536,0.06618722970357183,0,0.0,0.0,0.0,1.0
2025-07-16,125933.49991158576,0.0013352038735507,0.06494039927550088,0,0.0,0.0,0.0,1.0
2025-07-17,125887.70281543909,-0.00036366094946,0.06528044393770205,0,0.0,0.0,0.0,1.0
2025-07-18,125994.55062915469,0.0008487549722966,0.06448709606679126,0,0.0,0.0,0.0,1.0
2025-07-21,126070.90327731907,0.0006059996069918,0.063920175614672,0,0.0,0.0,0.0,1.0
2025-07-22,126162.48539231913,0.0007264334007237,0.06324017596449494,0,0.0,0.0,0.0,1.0
2025-07-23,126055.63757860352,-0.0008469063793675,0.06403352383540573,0,0.0,0.0,0.0,1.0
2025-07-24,125948.76561030134,-0.0008478158561971,0.06482705105476694,0,0.0,0.0,0.0,1.0
2025-07-25,126025.1182584657,0.0006062199005634,0.06426013060264779,0,0.0,0.0,0.0,1.0
2025-07-28,126009.84048245689,-0.0001212280235873,0.06437356849760656,0,0.0,0.0,0.0,1.0
2025-07-29,126116.72452805238,0.0008482198309771,0.06357995160401986,0,0.0,0.0,0.0,1.0
2025-07-30,125979.29700773249,-0.0010896851375911,0.06460035461329927,0,0.0,0.0,0.0,1.0
2025-07-31,125979.29700773249,0.0,0.06460035461329927,0,0.0,0.0,0.0,1.0
2025-08-01,126607.29210410241,0.0049849071338394,0.059937474248020206,0,0.0,0.0,0.0,1.0
2025-08-04,126637.93219717313,0.0002420089124528,0.05970997073852535,0,0.0,0.0,0.0,1.0
2025-08-05,126591.96601892044,-0.0003629732218078,0.060051270839880044,0,0.0,0.0,0.0,1.0
2025-08-06,126637.93219717314,0.0003631050192065,0.05970997073852524,0,0.0,0.0,0.0,1.0
2025-08-07,126576.65201103172,-0.0004839007166194,0.06016497775751495,0,0.0,0.0,0.0,1.0
2025-08-08,126546.01191796102,-0.0002420674949439,0.0603924812670098,0,0.0,0.0,0.0,1.0
2025-08-11,126546.01191796102,0.0,0.0603924812670098,0,0.0,0.0,0.0,1.0
2025-08-12,126637.93219717314,0.0007263783174116,0.05970997073852524,0,0.0,0.0,0.0,1.0
2025-08-13,126806.39836124223,0.0013302978116129,0.058459104970317144,0,0.0,0.0,0.0,1.0
2025-08-14,126668.54813565729,-0.0010870920345221,0.05948264657748081,0,0.0,0.0,0.0,1.0
2025-08-15,126622.61818928446,-0.000362599453841,0.05982367765615981,0,0.0,0.0,0.0,1.0
2025-08-18,126622.61818928446,0.0,0.05982367765615981,0,0.0,0.0,0.0,1.0
2025-08-19,126683.88629813258,0.000483863860377,0.059368760311395374,0,0.0,0.0,0.0,1.0
2025-08-20,126729.84039909198,0.0003627462205513,0.05902754988426584,0,0.0,0.0,0.0,1.0
2025-08-21,126622.61818928445,-0.0008460691615319,0.059823677656159924,0,0.0,0.0,0.0,1.0
2025-08-22,126898.30656316107,0.0021772443013656,0.05777668411605785,0,0.0,0.0,0.0,1.0
2025-08-25,126837.06260889952,-0.0004826223132541,0.058231422112371756,0,0.0,0.0,0.0,1.0
2025-08-26,126944.24858682719,0.0008450682767557,0.057435563363153475,0,0.0,0.0,0.0,1.0
2025-08-27,127036.16886603931,0.0007240995967552,0.056753052834668916,0,0.0,0.0,0.0,1.0
2025-08-28,126990.2026877866,-0.0003618353628184,0.05709435293602383,0,0.0,0.0,0.0,1.0
2025-08-29,127097.44905218073,0.0008445247123338,0.0562980458156791,0,0.0,0.0,0.0,1.0
2025-09-02,127032.88384226509,-0.0005079976852181,0.0567774442239406,0,0.0,0.0,0.0,1.0
2025-09-03,127125.06982192952,0.0007256859552908,0.056092960862500374,0,0.0,0.0,0.0,1.0
2025-09-04,127217.27995618053,0.0007253497235453,0.0554082981526095,0,0.0,0.0,0.0,1.0
2025-09-05,127401.65191550941,0.0014492682078439,0.05403933142972883,0,0.0,0.0,0.0,1.0
2025-09-08,127478.46350081872,0.0006029088646373,0.053469003357049516,0,0.0,0.0,0.0,1.0
2025-09-09,127370.91520409244,-0.0008436585582599,0.054267552333025604,0,0.0,0.0,0.0,1.0
2025-09-10,127386.27752115429,0.0001206108713063,0.05415348671848974,0,0.0,0.0,0.0,1.0
2025-09-11,127432.37654963315,0.0003618837866676,0.053811200200656994,0,0.0,0.0,0.0,1.0
2025-09-12,127417.00215527801,-0.000120647474146,0.053925355489418125,0,0.0,0.0,0.0,1.0
2025-09-15,127463.08910646358,0.0003617017384336,0.053583158645810536,0,0.0,0.0,0.0,1.0
2025-09-16,127524.5625292976,0.0004822841127181,0.05312671683921655,0,0.0,0.0,0.0,1.0
2025-09-17,127463.08910646361,-0.0004820516268768,0.053583158645810314,0,0.0,0.0,0.0,1.0
2025-09-18,127417.00215527802,-0.0003615709575898,0.053925355489418014,0,0.0,0.0,0.0,1.0
2025-09-19,127463.0891064636,0.0003617017384336,0.053583158645810425,0,0.0,0.0,0.0,1.0
2025-09-22,127401.65191550946,-0.0004819998588205,0.0540393314297285,0,0.0,0.0,0.0,1.0
2025-09-23,127447.72678940176,0.0003616505217911,0.05369722426034618,0,0.0,0.0,0.0,1.0
2025-09-24,127386.27752115433,-0.0004821527209267,0.05415348671848941,0,0.0,0.0,0.0,1.0
2025-09-25,127278.70506984145,-0.0008444587078464,0.05495221504291625,0,0.0,0.0,0.0,1.0
2025-09-26,127355.54080973733,0.0006036810309604,0.0543817076217864,0,0.0,0.0,0.0,1.0
2025-09-29,127401.65191550949,0.0003620659570755,0.05403933142972828,0,0.0,0.0,0.0,1.0
2025-09-30,127463.08910646362,0.0004822322947184,0.0535831586458102,0,0.0,0.0,0.0,1.0
2025-10-01,127611.07218111688,0.001160987668592,0.05248438036365022,0,0.0,0.0,0.0,1.0
2025-10-02,127641.88135629361,0.0002414302665916,0.05225562141500162,0,0.0,0.0,0.0,1.0
2025-10-03,127595.62532300201,-0.0003623891531533,0.052599073697762844,0,0.0,0.0,0.0,1.0
2025-10-06,127564.80407053199,-0.000241554147268,0.05282792232063671,0,0.0,0.0,0.0,1.0
2025-10-07,127626.4707300586,0.0004834143710401,0.05237004572643855,0,0.0,0.0,0.0,1.0
2025-10-08,127611.0721811169,-0.0001206532536207,0.052484380363649996,0,0.0,0.0,0.0,1.0
2025-10-09,127595.62532300204,-0.0001210463782715,0.05259907369776262,0,0.0,0.0,0.0,1.0
2025-10-10,127811.41032217203,0.0016911629895126,0.0509968643149703,0,0.0,0.0,0.0,1.0
2025-10-13,128057.98034193218,0.0019291706361632,0.04916607533197981,0,0.0,0.0,0.0,1.0
2025-10-14,127965.54073910869,-0.0007218574162786,0.049852441852150764,0,0.0,0.0,0.0,1.0
2025-10-15,127903.89823416866,-0.0004817117528984,0.05031013909789828,0,0.0,0.0,0.0,1.0
2025-10-16,128073.39096816718,0.0013251569056027,0.049051651020542986,0,0.0,0.0,0.0,1.0
2025-10-17,128057.9803419322,-0.0001203265262089,0.0491660753319797,0,0.0,0.0,0.0,1.0
2025-10-20,128073.39096816721,0.0001203410064243,0.049051651020542764,0,0.0,0.0,0.0,1.0
2025-10-21,128104.23637522382,0.000240841651989,0.04882262304921836,0,0.0,0.0,0.0,1.0
2025-10-22,128104.23637522382,0.0,0.04882262304921836,0,0.0,0.0,0.0,1.0
2025-10-23,128011.76054052048,-0.0007218795983645,0.0495092585920649,0,0.0,0.0,0.0,1.0
2025-10-24,128088.81367169553,0.0006019222831534,0.04893713703488034,0,0.0,0.0,0.0,1.0
2025-10-27,128057.98034193224,-0.0002407183646991,0.049166075331979364,0,0.0,0.0,0.0,1.0
2025-10-28,128073.39096816725,0.0001203410064243,0.04905165102054243,0,0.0,0.0,0.0,1.0
2025-10-29,127355.75167215418,-0.00460795217995518,0.054380141962708795,2,0.40204471524904384,0.3977903881619635,0.2001648965889927,0.0
2025-10-30,126998.55804131027,-0.0028046917877993308,0.05703231421292598,2,0.3987413343755472,0.39658811499688534,0.20467055062756748,0.0
2025-10-31,126873.34876019416,-0.0009859110453473033,0.05796199646974909,2,0.4004440967658438,0.395795937212178,0.20375996602197824,0.0
2025-11-03,126889.4642607244,0.00012702037652285729,0.05784233844784181,2,0.40114467262278086,0.3947559641578992,0.2040993632193198,0.0
2025-11-04,125944.0755547603,-0.007450490168526248,0.06486187484243788,2,0.3993651513816484,0.3986055163586125,0.20202933225973904,0.0
2025-11-05,125968.28755742329,0.0005931165496057599,0.06468210007592479,3,0.8022964528570238,0.19770354714297628,0.0,0.0
2025-11-06,125107.89491618899,-0.006830232099821813,0.07107053841952404,3,0.7991466795867013,0.20085332041329873,0.0,0.0
2025-11-07,125153.1402244131,0.000361650303958905,0.07073459079738709,3,0.7996442998960323,0.20035570010396775,0.0,0.0
2025-11-10,126709.19816007739,0.012433231262708322,0.059180819060335677,3,0.8021489423890892,0.1978510576109108,0.0,0.0
2025-11-11,127056.6446052855,0.002742077530702808,0.05660101992382682,3,0.8017866421849705,0.19821335781502947,0.0,0.0
2025-11-12,127158.16917575516,0.00080083774713944,0.05584719727620935,3,0.7998045985802127,0.20019540141978728,0.0,0.0
2025-11-13,125261.50104744745,-0.014915818154680838,0.06993000879186972,3,0.7984420605206174,0.20155793947938266,0.0,0.0
2025-11-14,125101.08117111003,-0.0012806798177890989,0.07112113065874126,3,0.7993351680033537,0.20066483199664636,0.0,0.0
2025-11-17,124231.59341349316,-0.006950281720008551,0.0775771004844259,3,0.7974305054064116,0.2025694945935884,0.0,0.0
2025-11-18,123391.21680283405,-0.006764596569746963,0.08381691926634494,3,0.7961195414404401,0.20388045855955989,0.0,0.0
2025-11-19,123722.20405325318,0.0026863123628768403,0.08135933009079521,3,0.8009389687727585,0.1990610312272414,0.0,0.0
2025-11-20,122308.7682197388,-0.011424269752792305,0.09185412890972378,3,0.7978456051055091,0.20215439489449089,0.0,0.0
2025-11-21,123355.63412325774,0.008559205678844986,0.08408112161266812,3,0.7989547129449829,0.201045287055017,0.0,0.0
2025-11-24,124947.53414168203,0.012904964007024141,0.07226122145372571,3,0.8003851217761091,0.19961487822389098,0.0,0.0
2025-11-25,125951.91831261644,0.008038447319780677,0.06480364215586376,3,0.8014709056954389,0.19852909430456117,0.0,0.0
2025-11-26,126759.00953153204,0.00640941146871,0.05881096829674526,3,0.8003928190206998,0.19960718097930022,0.0,0.0
2025-11-28,127192.76826370394,0.0034219163890201903,0.05559029812399385,3,0.8020172745249787,0.19798272547502133,0.0,0.0
2025-12-01,126413.55722031696,-0.006126221278331423,0.061375960935089346,3,0.8032767395312189,0.19672326046878108,0.0,0.0
2025-12-02,126612.85534986974,0.0015765566125589257,0.05989616699959477,3,0.8034978705759919,0.19650212942400813,0.0,0.0
2025-12-03,127035.16980015658,0.0033354784482180666,0.05676047092553471,3,0.8035997923001899,0.1964002076998101,0.0,0.0
2025-12-04,126972.07142054799,-0.0004931020675356001,0.05722897807958505,3,0.800979804638964,0.19902019536103593,0.0,0.0
2025-12-05,127048.28907796773,0.0006002710404501967,0.056663059937350546,3,0.8020198243640463,0.19798017563595383,0.0,0.0
2025-12-08,126659.44346986532,-0.0030606127081630823,0.05955024896418604,3,0.8020652000486992,0.19793479995130078,0.0,0.0
2025-12-09,126597.4255764972,-0.0004896428696441051,0.06001073347903929,3,0.8017654295850662,0.19823457041493375,0.0,0.0
2025-12-10,127367.60791295847,0.006083712468512027,0.05429210905803816,3,0.8022026291115115,0.19779737088848848,0.0,0.0
2025-12-11,127569.81711955732,0.00158980921074602,0.05279070029771715,3,0.8005887734191697,0.19941122658083038,0.0,0.0
2025-12-12,126226.50706140854,-0.010529999089752213,0.06276481336138695,3,0.8004090894055134,0.19959091059448658,0.0,0.0
2025-12-15,126091.17956906979,-0.0010721004287389503,0.06376962360681138,3,0.8000575665697028,0.1999424334302972,0.0,0.0
2025-12-16,125954.00219797801,-0.0010879220224650431,0.06478816925139019,3,0.7987405485982912,0.2012594514017087,0.0,0.0
2025-12-17,124823.91284576246,-0.008972238535455618,0.07317911287804679,3,0.7971033331458285,0.20289666685417154,0.0,0.0
2025-12-18,125697.03522438773,0.00699774956738362,0.06669615589428834,3,0.8004397333698959,0.19956026663010412,0.0,0.0
2025-12-19,126515.3164425182,0.006509948438081513,0.0606203959920969,3,0.8024704824113201,0.19752951758867981,0.0,0.0
2025-12-22,127093.56773047279,0.004570603024316828,0.05632686473303683,3,0.803795956231829,0.19620404376817097,0.0,0.0
2025-12-23,127600.43367088382,0.00398813212550583,0.052563371586301866,3,0.8042621235385876,0.19573787646141255,0.0,0.0
2025-12-24,128112.71277233193,0.004014712855674142,0.04875968557427279,3,0.8038639727926448,0.19613602720735532,0.0,0.0
2025-12-26,128017.41557338364,-0.0007399932385684801,0.049467269822001225,3,0.800511245176467,0.19948875482353307,0.0,0.0
2025-12-29,127748.2690045993,-0.002102421514907604,0.05146569028455128,3,0.7993390480821987,0.20066095191780137,0.0,0.0
2025-12-30,127562.44851134864,-0.0014545832573587341,0.052845412410493675,3,0.7995259326953834,0.20047406730461656,0.0,0.0
2025-12-31,126603.0711350789,-0.0075208447898707596,0.059968815055768454,3,0.7996160801659968,0.20038391983400317,0.0,0.0
