date,wealth,return,drawdown,action,w_SPY,w_TLT,w_GLD,w_SHY
2021-01-05,100000.0,0.0,0.0,0,0.0,0.0,0.0,1.0
2021-01-06,99942.087188302,-0.00057912811698,0.0005791281169800211,0,0.0,0.0,0.0,1.0
2021-01-07,99965.27670160167,0.0002320295078086,0.00034723298398331437,0,0.0,0.0,0.0,1.0
2021-01-08,99953.71243072744,-0.0001156828776532,0.00046287569272562834,0,0.0,0.0,0.0,1.0
2021-01-11,99942.087188302,-0.0001163062595948,0.0005791281169800211,0,0.0,0.0,0.0,1.0
2021-01-12,100028.1048048883,0.0008606746067271601,0.0,5,0.1998702256592172,0.5990080826307084,0.20112169171007446,0.0
2021-01-13,100670.08760532345,0.006418024231163856,0.0,5,0.1991304033206591,0.6018912591760276,0.19897833750331329,0.0
2021-01-14,100021.8466422568,-0.006439260941224977,0.0064392609412249335,5,0.19971916025070913,0.6001168839279138,0.20016395582137705,0.0
2021-01-15,99865.94181973378,-0.0015587076999351445,0.007987931715549124,5,0.19857214782759555,0.603438849423017,0.19798900274938755,0.0
2021-01-19,100383.68975385927,0.0051844294930904,0.002844915091233413,5,0.19909910460692268,0.6022641357328802,0.19863675966019717,0.0
2021-01-20,101305.77663964986,0.00918562455765034,0.0,2,0.40184424250033224,0.3967493432960829,0.20140641420358477,0.0
2021-01-21,101048.0132691391,-0.002544409401525446,0.0025444094015254493,2,0.4032366018090572,0.3949698561145215,0.20179354207642133,0.0
2021-01-22,100872.43999037943,-0.0017375233127250313,0.004277511743598139,2,0.4025087317665173,0.3969380100547575,0.20055325817872527,0.0
2021-01-25,101521.90870364792,0.0064385149534444425,0.0,2,0.4015110449747488,0.39904680737254056,0.19944214765271065,0.0
2021-01-26,101331.8082552129,-0.0018725066427772532,0.0018725066427772719,2,0.4016363485763764,0.39904101257219593,0.19932263885142762,0.0
2021-01-27,99948.91940507373,-0.01364713483308476,0.015494087125232148,1,0.5934344694713177,0.4065655305286822,0.0,0.0
2021-01-28,100234.39717910485,0.00285623672302193,0.01268210518284707,1,0.5968334155956729,0.40316658440432696,0.0,0.0
2021-01-29,98793.65277355633,-0.014373752385362471,0.02687356812858621,1,0.5934147532278837,0.4065852467721163,0.0,0.0
2021-02-01,99816.05635225965,0.01034887920428204,0.016802800234654858,1,0.597112883209268,0.40288711679073197,0.0,0.0
2021-02-02,100399.55110485156,0.005845700320324371,0.011055324049044635,1,0.6020368641301488,0.3979631358698513,0.0,0.0
2021-02-03,100090.57149745162,-0.0030774998891904,0.014098801179699194,1,0.6023254714593992,0.39767452854060076,0.0,0.0
2021-02-04,100669.40639313473,0.005783111106502728,0.00839722500688711,1,0.6056686418615146,0.3943313581384854,0.0,0.0
2021-02-05,100576.98544194168,-0.0009180639332680823,0.009307579750736927,1,0.6086111663209477,0.3913888336790523,0.0,0.0
2021-02-08,101191.90528279623,0.006113921968853465,0.0032505635981983083,1,0.6092814397485993,0.3907185602514007,0.0,0.0
2021-02-09,101180.12562581971,-0.00011640908374644098,0.003366594286814517,1,0.6089467145657238,0.3910532854342762,0.0,0.0
2021-02-10,101649.30213166866,0.00463704213596292,0.0,5,0.19899015899346126,0.6012041252888481,0.19980571571769062,0.0
2021-02-11,101171.02890818908,-0.004705130418505675,0.004705130418505621,5,0.20025371380353493,0.6007395461778636,0.19900674001860147,0.0
2021-02-12,100455.13318508586,-0.007076094123278057,0.011747930596080036,5,0.202677107203699,0.5975066636948224,0.19981622910147848,0.0
2021-02-16,99235.45991374362,-0.012141472841363141,0.02374676625716865,5,0.20499050591975512,0.5956406940083018,0.1993688000719432,0.0
2021-02-17,99390.86189315427,0.0015659924340122422,0.02221796107944729,5,0.20471694234372742,0.5984858447498347,0.19679721290643779,0.0
2021-02-18,99063.73987352768,-0.0032912685673079935,0.025436104369824908,5,0.19980639213635784,0.5995452378742068,0.2006483699894355,0.0
2021-02-19,98321.7595578197,-0.007489928369908563,0.03273551813999387,5,0.20095871053958334,0.5960400545859463,0.2030012348744704,0.0
2021-02-22,98022.74009027645,-0.003041233892558765,0.035677195665294814,5,0.20002131094522224,0.593310168089639,0.20666852096513882,0.0
2021-02-23,97832.2218855213,-0.0019436123146494282,0.03755146534309717,5,0.2006541986538306,0.5927512323419005,0.20659456900426887,0.0
2021-02-24,97653.79175571265,-0.0018238380604034686,0.03930681561178395,5,0.20323601681685174,0.5899387828268277,0.2068252003563205,0.0
2021-02-25,95707.18002853531,-0.01993380586845948,0.0584570870485307,2,0.3983013476765691,0.40147065116057384,0.20022800116285708,0.0
2021-02-26,96317.56613644684,0.006377641758220535,0.052452263649734654,2,0.3937378704728759,0.4121144279235339,0.19414770160359016,0.0
2021-03-01,96680.22690303279,0.0037652609086092355,0.04888449919901383,2,0.40176935376624917,0.4051459155126604,0.19308473072109042,0.0
2021-03-02,96481.60341416685,-0.00205443755386674,0.05083850660192413,2,0.3994548725986799,0.4060088209853442,0.19453630641597594,0.0
2021-03-03,95339.38046945605,-0.011838764119700395,0.062075405633766456,2,0.39888620880613174,0.40641660057740026,0.19469719061646804,0.0
2021-03-04,94433.94560529265,-0.009496966098426481,0.07098284370934282,2,0.39883775222640666,0.4012308851569891,0.19993136261660432,0.0
2021-03-05,95212.49198282551,0.008244348708958418,0.06332370231627771,2,0.40285376765335684,0.39872500447589027,0.19842122787075298,0.0
2021-03-08,94530.4688657201,-0.007163168434121295,0.07003327240483537,2,0.4037400994788692,0.3984792053910436,0.1977806951300872,0.0
2021-03-09,95995.08412720189,0.01549357872711129,0.05562475969724556,2,0.4032566308872725,0.3978374195115425,0.19890594960118504,0.0
2021-03-10,96409.90346107952,0.004321256006484335,0.0515438725177122,2,0.4040208608563222,0.3969192998591425,0.19905983928453524,0.0
2021-03-11,96718.24649308363,0.0031982506042917396,0.048510472134847826,1,0.6041513229040509,0.395848677095949,0.0,0.0
2021-03-12,95984.47293448192,-0.007586712799370096,0.05572914991436895,1,0.6095897656444778,0.3904102343555222,0.0,0.0
2021-03-15,96553.73929485492,0.00593081717249813,0.05012885214119167,1,0.6096095472175854,0.39039045278241447,0.0,0.0
2021-03-16,96328.00194555485,-0.002337945179012983,0.05234959881201173,1,0.6102673669565859,0.3897326330434141,0.0,0.0
2021-03-17,96247.53590090193,-0.0008353338907454584,0.053141203308702534,1,0.6128602542102514,0.38713974578974863,0.0,0.0
2021-03-18,95017.44666851782,-0.0127804750622461,0.06524250854728397,1,0.5989247394517425,0.4010752605482575,0.0,0.0
2021-03-19,95148.34145416116,0.0013775868562327731,0.0639547989132937,1,0.5969941663027154,0.40300583369728465,0.0,0.0
2021-03-22,96031.61721721565,0.009283144083809692,0.055265356442647295,1,0.596226352746863,0.4037736472531372,0.0,0.0
2021-03-23,95930.98160772219,-0.0010479424632185033,0.05625538399210461,1,0.5921541482584654,0.40784585174153465,0.0,0.0
2021-03-24,95852.77679525198,-0.0008152195584739096,0.05702474306127858,1,0.5896245273284875,0.41037547267151253,0.0,0.0
2021-03-25,95873.98321505556,0.0002212394936546201,0.056816119692904565,1,0.6032419035586973,0.3967580964413027,0.0,0.0
2021-03-26,96672.8700838525,0.008332676311204825,0.048956873716359484,1,0.6078976584317949,0.392102341568205,0.0,0.0
2021-03-29,96321.42597705791,-0.0036353953957273715,0.05241429151878918,1,0.6098075265433922,0.3901924734566078,0.0,0.0
2021-03-30,96362.52257468243,0.0004266610176049965,0.05200999363614078,1,0.607930354675273,0.3920696453247269,0.0,0.0
2021-03-31,96389.18019313016,0.00027663886058064885,0.05174774276093852,1,0.6102256903453879,0.3897743096546121,0.0,0.0
2021-04-01,97541.86634290329,0.01195866742992882,0.04040790937693717,3,0.7990833103060789,0.20091668969392107,0.0,0.0
2021-04-05,98575.10034486538,0.010592723316671236,0.03024321586410106,3,0.8020567337128048,0.1979432662871951,0.0,0.0
2021-04-06,98660.94001486315,0.0008708047944913896,0.02939874700698497,3,0.8008855045446802,0.19911449545531973,0.0,0.0
2021-04-07,98615.55919028909,-0.00045996748629429334,0.029845192025518275,3,0.8021813238960046,0.19781867610399542,0.0,0.0
2021-04-08,99152.12028901145,0.005440937547055943,0.02456664030435307,3,0.8016276138702184,0.19837238612978159,0.0,0.0
2021-04-09,99440.95580977893,0.0029130544049443,0.021725149859161963,1,0.6026066831027896,0.39739331689721036,0.0,0.0
2021-04-12,99445.56660044895,4.6367119387359236e-05,0.021679790072391958,1,0.6027983566497384,0.39720164335026165,0.0,0.0
2021-04-13,99919.22036038409,0.004762944956995239,0.017020104762190735,1,0.6017190990836282,0.3982809009163719,0.0,0.0
2021-04-14,99587.44441814841,-0.0033204416631659184,0.020284032160392762,1,0.6016617863192454,0.3983382136807546,0.0,0.0
2021-04-15,100894.94080343762,0.013129128806632449,0.007421215024712158,1,0.600244381979268,0.39975561802073206,0.0,0.0
2021-04-16,100783.84088905204,-0.0011011445519554803,0.008514187746174406,1,0.6026690463419746,0.39733095365802545,0.0,0.0
2021-04-19,100370.42286840083,-0.004102026842838151,0.012581289162332587,1,0.6021783072690841,0.39782169273091605,0.0,0.0
2021-04-20,100111.93417286895,-0.002575347280052705,0.015124235253561547,1,0.5993128572806173,0.4006871427193827,0.0,0.0
2021-04-21,100760.16760420255,0.006475086478843496,0.00874707950591136,1,0.6010915603791301,0.3989084396208698,0.0,0.0
2021-04-22,100382.43101192695,-0.00374886824086477,0.012463156098216022,1,0.5978430369594994,0.4021569630405007,0.0,0.0
2021-04-23,100941.062902629,0.0055650364816895006,0.006967477534890243,1,0.6031488173218972,0.3968511826781028,0.0,0.0
2021-04-26,101010.9562430416,0.000692417321581232,0.006279884615441822,1,0.6039895813338502,0.39601041866614994,0.0,0.0
2021-04-27,100648.87870442338,-0.0035845372827381784,0.009841911417644678,1,0.6060318694206364,0.3939681305793637,0.0,0.0
2021-04-28,100657.0798443976,8.148267600980943e-05,0.009761230686914368,1,0.605808379952949,0.39419162004705105,0.0,0.0
2021-04-29,100928.4495910258,0.002695982707303824,0.00709156408874434,1,0.6080298536909909,0.39197014630900895,0.0,0.0
2021-04-30,100738.94350631142,-0.0018776280174943498,0.008955876786817862,4,0.2488245789162915,0.2510496720254327,0.24962645204898204,0.2504992970092938
2021-05-03,101132.18003241654,0.0039035204501672058,0.005087315784837232,4,0.24839161276397845,0.25022334179537925,0.2518829618050729,0.24950208363556958
2021-05-04,100962.2263284466,-0.0016805106338600693,0.006759277130423125,4,0.24727470771412774,0.25234557814122266,0.2504576337954168,0.24992208034923286
2021-05-05,101122.64953109687,0.0015889428005319923,0.005181074434624344,4,0.24695965875555287,0.2523607279344189,0.2510960941932542,0.24958351911677418
2021-05-06,101787.60974935598,0.006575779227922841,0.0,4,0.2473055902377467,0.25112483008260206,0.25361654497796876,0.24795303470168237
2021-05-07,102031.30288646552,0.0023941336053533995,0.0,1,0.602923349900028,0.397076650099972,0.0,0.0
2021-05-10,101011.84264556959,-0.009991641898666385,0.009991641898666415,1,0.6029776605525747,0.3970223394474253,0.0,0.0
2021-05-11,100241.28706908933,-0.007628368677363733,0.017543790647934876,1,0.602189948498062,0.397810051501938,0.0,0.0
2021-05-12,98539.81904532062,-0.016973724834518616,0.034219732007441106,1,0.5995732454429809,0.40042675455701926,0.0,0.0
2021-05-13,99310.65165206594,0.007822549444613882,0.026664868108436934,1,0.6020658913089988,0.39793410869100115,0.0,0.0
2021-05-14,100597.07460863735,0.01295352447266582,0.014056747657374191,1,0.6014227018793307,0.39857729812066944,0.0,0.0
2021-05-17,100358.31202627665,-0.0023734545292652762,0.016396839135245367,1,0.6013195534293553,0.39868044657064466,0.0,0.0
2021-05-18,99736.029649175,-0.006200606253109513,0.0224957750450816,1,0.59985836055352,0.40014163944647996,0.0,0.0
2021-05-19,99482.63854426653,-0.002540617526081474,0.024979239410820697,1,0.5998094880086107,0.40019051199138933,0.0,0.0
2021-05-20,100452.16119765342,0.00974564675378492,0.01547703150051194,1,0.6004108287783304,0.39958917122166954,0.0,0.0
2021-05-21,100531.66134299022,0.0007914229458974201,0.014697857432478423,1,0.5990347641720557,0.40096523582794436,0.0,0.0
2021-05-24,101294.88429571716,0.007591866507835799,0.007217575096221229,1,0.6005818646722864,0.39941813532771364,0.0,0.0
2021-05-25,101534.71697984582,0.0023676682765983604,0.004866995643212246,1,0.5978338656532854,0.40216613434671444,0.0,0.0
2021-05-26,101584.89113997512,0.0004941576794788838,0.004375243027006537,1,0.5987244687935984,0.40127553120640164,0.0,0.0
2021-05-27,101452.86488309184,-0.0012996643044226866,0.005669220984243717,1,0.5998183568054752,0.4001816431945247,0.0,0.0
2021-05-28,101452.86488309184,0.0,0.005669220984243717,0,0.0,0.0,0.0,1.0
2021-06-01,101431.69223534479,-0.0002086944293929,0.005876732278798258,0,0.0,0.0,0.0,1.0
2021-06-02,101443.46398009997,0.0001160558844652,0.005761358423695295,0,0.0,0.0,0.0,1.0
2021-06-03,101408.17966985743,-0.0003478224112049,0.006107176905321476,0,0.0,0.0,0.0,1.0
2021-06-04,101443.46398009997,0.000347943433729,0.005761358423695295,0,0.0,0.0,0.0,1.0
2021-06-07,101431.6922353448,-0.0001160424170598,0.005876732278798147,0,0.0,0.0,0.0,1.0
2021-06-08,101455.20480083216,0.0002318068935771,0.005646287652274817,0,0.0,0.0,0.0,1.0
2021-06-09,101431.69223534479,-0.0002317531715945,0.005876732278798258,0,0.0,0.0,0.0,1.0
2021-06-10,101466.97654558733,0.0003478627780424,0.005530913797172077,0,0.0,0.0,0.0,1.0
2021-06-11,101443.46398009997,-0.0002317262846281,0.005761358423695295,0,0.0,0.0,0.0,1.0
2021-06-14,101408.17966985743,-0.0003478224112049,0.006107176905321476,0,0.0,0.0,0.0,1.0
2021-06-15,101396.43884912526,-0.0001157778472151,0.006222247676741954,0,0.0,0.0,0.0,1.0
2021-06-16,101302.3679711605,-0.0009277532725261,0.0071442282386234846,0,0.0,0.0,0.0,1.0
2021-06-17,101302.3679711605,0.0,0.0071442282386234846,0,0.0,0.0,0.0,1.0
2021-06-18,101220.08945396624,-0.0008122072449252,0.00795063288961384,0,0.0,0.0,0.0,1.0
2021-06-21,101243.59171144593,0.0002321896533235,0.007720289290984672,0,0.0,0.0,0.0,1.0
2021-06-22,101302.36797116051,0.0005805430123626,0.0071442282386232625,0,0.0,0.0,0.0,1.0
2021-06-23,101231.85089071377,-0.0006961049564687,0.007835360062404928,0,0.0,0.0,0.0,1.0
2021-06-24,101243.59171144594,0.0001159795126619,0.007720289290984561,0,0.0,0.0,0.0,1.0
2021-06-25,101231.85089071377,-0.0001159660629745,0.007835360062404928,0,0.0,0.0,0.0,1.0
2021-06-28,101267.12489294865,0.0003484476666633,0.007489642608672797,0,0.0,0.0,0.0,1.0
2021-06-29,101255.34284018581,-0.0001163462750156,0.0076051174916696995,0,0.0,0.0,0.0,1.0
2021-06-30,101278.88632969618,0.0002325160218707,0.007374369781463885,0,0.0,0.0,0.0,1.0
2021-07-01,101258.86817880777,-0.000197653742195,0.00757056595187533,0,0.0,0.0,0.0,1.0
2021-07-02,101305.93454181316,0.0004648122564661,0.007109272587252136,0,0.0,0.0,0.0,1.0
2021-07-06,101341.1879280327,0.0003479893490838,0.006763757189308328,0,0.0,0.0,0.0,1.0
2021-07-07,101352.98028880321,0.00011636296171,0.0066481812784171535,0,0.0,0.0,0.0,1.0
2021-07-08,101399.97449575494,0.0004636687230885,0.006187595109052757,0,0.0,0.0,0.0,1.0
2021-07-09,101364.72110953541,-0.0003476666182101,0.0065331105069964535,0,0.0,0.0,0.0,1.0
2021-07-12,101341.18792803273,-0.0002321634316663,0.006763757189307995,0,0.0,0.0,0.0,1.0
2021-07-13,101258.86817880781,-0.0008123029827061,0.007570565951874886,0,0.0,0.0,0.0,1.0
2021-07-14,101329.46772331589,0.0006972183846989,0.00687862590494015,0,0.0,0.0,0.0,1.0
2021-07-15,101341.18792803273,0.0001156643272699,0.006763757189307995,0,0.0,0.0,0.0,1.0
2021-07-16,101329.46772331587,-0.0001156509505806,0.006878625904940261,0,0.0,0.0,0.0,1.0
2021-07-19,101376.4310062446,0.0004634711302042,0.006418342819258349,0,0.0,0.0,0.0,1.0
2021-07-20,101423.466445227,0.0004639681878275,0.0059573525383175285,0,0.0,0.0,0.0,1.0
2021-07-21,101388.18213498445,-0.0003478909909039,0.00630317101994371,0,0.0,0.0,0.0,1.0
2021-07-22,101399.97449575497,0.0001163090265767,0.006187595109052535,0,0.0,0.0,0.0,1.0
2021-07-23,101411.72562449482,0.0001158888727368,0.0060724233097378955,0,0.0,0.0,0.0,1.0
2021-07-26,101388.18213498445,-0.0002321574686298,0.00630317101994371,0,0.0,0.0,0.0,1.0
2021-07-27,101411.72562449482,0.0002322113782355,0.0060724233097378955,0,0.0,0.0,0.0,1.0
2021-07-28,101423.466445227,0.0001157737989356,0.0059573525383175285,0,0.0,0.0,0.0,1.0
2021-07-29,101423.466445227,0.0,0.0059573525383175285,0,0.0,0.0,0.0,1.0
2021-07-30,101446.98931872202,0.0002319273272692,0.0057268068839000374,0,0.0,0.0,0.0,1.0
2021-08-02,101484.63416272019,0.0003710789669657,0.005357853014516856,0,0.0,0.0,0.0,1.0
2021-08-03,101484.63416272019,0.0,0.005357853014516856,0,0.0,0.0,0.0,1.0
2021-08-04,101449.32923646232,-0.0003478844511698,0.005703873551931249,0,0.0,0.0,0.0,1.0
2021-08-05,101402.29379747993,-0.0004636347951868,0.0061648638328721805,0,0.0,0.0,0.0,1.0
2021-08-06,101367.08164329105,-0.0003472520479586,0.006509975119239453,0,0.0,0.0,0.0,1.0
2021-08-09,101331.75610101785,-0.0003484912626519,0.006856197712442169,0,0.0,0.0,0.0,1.0
2021-08-10,101201.2748703681,-0.0012876637657368002,0.008135033000813752,2,0.4010140130576751,0.39866620337096276,0.2003197835713622,0.0
2021-08-11,101556.8061922808,0.0035131110983345733,0.004650501177199673,2,0.40060309848155196,0.39702666354201605,0.20237023797643194,0.0
2021-08-12,101617.66999580838,0.0005993079716621774,0.00405398028796522,2,0.4015630809575909,0.3961385697693984,0.2022983492730107,0.0
2021-08-13,102622.30023642463,0.009886373508246154,0.0,2,0.3983556007325345,0.39845675086024074,0.2031876484072248,0.0
2021-08-16,102921.65435278449,0.0029170474221510037,0.0,2,0.3981321646577687,0.39826055977992336,0.20360727556230793,0.0
2021-08-17,102897.77349198217,-0.0002320295078086,0.00023202950780865095,0,0.0,0.0,0.0,1.0
2021-08-18,102897.77349198217,0.0,0.00023202950780865095,0,0.0,0.0,0.0,1.0
2021-08-19,102897.77349198217,0.0,0.00023202950780865095,0,0.0,0.0,0.0,1.0
2021-08-20,102897.77349198217,0.0,0.00023202950780865095,0,0.0,0.0,0.0,1.0
2021-08-23,102897.77349198217,0.0,0.00023202950780865095,0,0.0,0.0,0.0,1.0
2021-08-24,102885.87492110913,-0.0001156348720602,0.0003476375491664463,0,0.0,0.0,0.0,1.0
2021-08-25,102873.89263117984,-0.0001164619529988,0.0004640590156171909,0,0.0,0.0,0.0,1.0
2021-08-26,102873.89263117984,0.0,0.0004640590156171909,0,0.0,0.0,0.0,1.0
2021-08-27,102945.50381894074,0.0006961065235242,0.0,0,0.0,0.0,0.0,1.0
2021-08-30,102969.40560950714,0.000232179062511,0.0,0,0.0,0.0,0.0,1.0
2021-08-31,102957.45471422395,-0.0001160625839535,0.00011606258395346902,0,0.0,0.0,0.0,1.0
2021-09-01,102949.09327347852,-8.12125821159082e-05,0.00019726574032730149,0,0.0,0.0,0.0,1.0
2021-09-02,102949.09327347852,0.0,0.00019726574032730149,0,0.0,0.0,0.0,1.0
2021-09-03,102949.09327347852,0.0,0.00019726574032730149,0,0.0,0.0,0.0,1.0
2021-09-07,102913.29291203909,-0.0003477481957449,0.000544945337267011,0,0.0,0.0,0.0,1.0
2021-09-08,102937.17377284143,0.0002320483596103,0.00031302343132821875,0,0.0,0.0,0.0,1.0
2021-09-09,102961.01277411562,0.000231587874433,8.150804932638422e-05,0,0.0,0.0,0.0,1.0
2021-09-10,102925.26473708637,-0.0003471997415923,0.0004286794913449521,0,0.0,0.0,0.0,1.0
2021-09-13,102949.09327347853,0.0002315129958909,0.00019726574032719046,0,0.0,0.0,0.0,1.0
2021-09-14,102961.01277411562,0.0001157805305329,8.150804932638422e-05,0,0.0,0.0,0.0,1.0
2021-09-15,102961.01277411562,0.0,8.150804932638422e-05,0,0.0,0.0,0.0,1.0
2021-09-16,102925.26473708637,-0.0003471997415923,0.0004286794913449521,0,0.0,0.0,0.0,1.0
2021-09-17,102901.38387628405,-0.000232021368741,0.0006606013972835223,0,0.0,0.0,0.0,1.0
2021-09-20,102925.26473708639,0.0002320752151501,0.00042867949134473005,0,0.0,0.0,0.0,1.0
2021-09-21,102949.09327347855,0.0002315129958909,0.00019726574032707944,0,0.0,0.0,0.0,1.0
2021-09-22,102889.40158635475,-0.0005798175119933,0.0007769688741895431,0,0.0,0.0,0.0,1.0
2021-09-23,102829.69943434892,-0.0005802556053912,0.0013567736390364127,0,0.0,0.0,0.0,1.0
2021-09-24,102793.92000267356,-0.0003479484222183,0.0017042499740076433,0,0.0,0.0,0.0,1.0
2021-09-27,102781.94817762631,-0.0001164643302536,0.0018205158199293692,0,0.0,0.0,0.0,1.0
2021-09-28,102793.92000267358,0.0001164778957738,0.0017042499740074213,0,0.0,0.0,0.0,1.0
2021-09-29,102967.99955575512,0.00169348102569708,1.3655063304529591e-05,3,0.7999918046183595,0.20000819538164055,0.0,0.0
2021-09-30,101958.35223784426,-0.00980544753969076,0.009818968708988352,3,0.7980391531072852,0.20196084689271473,0.0,0.0
2021-10-01,103098.64570857157,0.011183914271851628,0.0,3,0.7985919201289979,0.20140807987100215,0.0,0.0
2021-10-04,101983.9703902913,-0.01081173579555172,0.010811735795551725,3,0.79690905126402,0.20309094873598005,0.0,0.0
2021-10-05,102629.60944480285,0.006330789554875015,0.00454939306472113,3,0.8001354348792485,0.19986456512075151,0.0,0.0
2021-10-06,103117.11855559147,0.0047501799278581195,0.0,1,0.5996452109682815,0.4003547890317184,0.0,0.0
2021-10-07,103220.00236329366,0.0009977374188044471,0.0,1,0.6042267014373817,0.39577329856261845,0.0,0.0
2021-10-08,102820.3267918841,-0.003872074813589512,0.003872074813589532,1,0.6054692309017771,0.3945307690982229,0.0,0.0
2021-10-11,102266.69668980839,-0.005384442156036947,0.009235668006768782,1,0.6043398766430923,0.39566012335690764,0.0,0.0
2021-10-12,102806.47148040765,0.005278109179926864,0.004006305690931411,1,0.5996869210241375,0.40031307897586266,0.0,0.0
2021-10-13,103302.35544679253,0.0048234703442709605,0.0,3,0.7990241117138955,0.20097588828610435,0.0,0.0
2021-10-14,104767.87425074875,0.014186693010219485,0.0,3,0.8010991659433955,0.19890083405660444,0.0,0.0
2021-10-15,105285.64728093227,0.004942097316437866,0.0,3,0.8032305957354405,0.1967694042645595,0.0,0.0
2021-10-18,105633.16211973362,0.0033006857798392733,0.0,3,0.8029582616358389,0.19704173836416092,0.0,0.0
2021-10-19,106000.38361639508,0.0034763845869274,0.0,3,0.8063497093684087,0.19365029063159145,0.0,0.0
2021-10-20,105840.12673696943,-0.001511851881645999,0.0015118518816460425,5,0.20108955771409062,0.5968521683545056,0.2020582739314038,0.0
2021-10-21,105801.20690322947,-0.0003677228565369786,0.0018790187956905235,5,0.20168823836079225,0.5963608165558338,0.20195094508337386,0.0
2021-10-22,106604.6682716029,0.007594066191591953,0.0,5,0.19996074302741318,0.5983843651880563,0.2016548917845306,0.0
2021-10-25,106770.2387446061,0.0015531259154747377,0.0,5,0.2007213138632308,0.5965443923510878,0.20273429378568136,0.0
2021-10-26,107156.0569611135,0.0036135370777832508,0.0,5,0.20017864273803068,0.5993117478146525,0.20050960944731688,0.0
2021-10-27,107131.11525998403,-0.0002327605348387,0.00023276053483867187,0,0.0,0.0,0.0,1.0
2021-10-28,107143.56423186358,0.0001162031390165,0.00011658444332696138,0,0.0,0.0,0.0,1.0
2021-10-29,107156.05696111351,0.0001165980368442,0.0,0,0.0,0.0,0.0,1.0
2021-11-01,107107.36594719802,-0.000454393482705,0.00045439348270492896,0,0.0,0.0,0.0,1.0
2021-11-02,107219.7348743919,0.0010491241774097,0.0,0,0.0,0.0,0.0,1.0
2021-11-03,107194.78223391982,-0.0002327243254361,0.00023272432543608446,0,0.0,0.0,0.0,1.0
2021-11-04,107294.62561383596,0.0009314201478414,0.0,0,0.0,0.0,0.0,1.0
2021-11-05,107344.58559149315,0.0004656335522059,0.0,0,0.0,0.0,0.0,1.0
2021-11-08,107219.73487439193,-0.0011630835073168,0.0011630835073167534,0,0.0,0.0,0.0,1.0
2021-11-09,107282.17664195645,0.0005823719638708,0.0005813888906720521,0,0.0,0.0,0.0,1.0
2021-11-10,107069.93151681863,-0.0019783819808781,0.0025586206622449925,0,0.0,0.0,0.0,1.0
2021-11-11,106995.07359540237,-0.0006991498019637,0.00325598160507945,0,0.0,0.0,0.0,1.0
2021-11-12,107082.44612475377,0.0008166032922394,0.0024420371581381772,0,0.0,0.0,0.0,1.0
2021-11-15,107069.93151681863,-0.0001168689023088,0.0025586206622449925,0,0.0,0.0,0.0,1.0
2021-11-16,107069.93151681863,0.0,0.0025586206622449925,0,0.0,0.0,0.0,1.0
2021-11-17,107107.36594719806,0.0003496259860178,0.0022098892364988965,0,0.0,0.0,0.0,1.0
2021-11-18,107094.91697531853,-0.0001162289051686,0.0023258612886610797,0,0.0,0.0,0.0,1.0
2021-11-19,107069.93151681864,-0.000233302001678,0.0025586206622447705,0,0.0,0.0,0.0,1.0
2021-11-22,106945.11361774521,-0.001165760520299,0.00372139844358943,0,0.0,0.0,0.0,1.0
2021-11-23,106945.11361774521,0.0,0.00372139844358943,0,0.0,0.0,0.0,1.0
2021-11-24,106920.15003793055,-0.0002334242208008,0.003953953999858095,0,0.0,0.0,0.0,1.0
2021-11-26,107132.37328438318,0.0019848760629062,0.0019769260456000692,0,0.0,0.0,0.0,1.0
2021-11-29,107182.27856532735,0.0004658282031304,0.0015120187503770977,0,0.0,0.0,0.0,1.0
2021-11-30,107094.91697531856,-0.0008150749468863,0.0023258612886607466,0,0.0,0.0,0.0,1.0
2021-12-01,107107.3768865407,0.0001163445621328,0.0022097873278411617,0,0.0,0.0,0.0,1.0
2021-12-02,107397.04414929046,0.0027044566972880798,0.0,5,0.20251553546633466,0.5991282744259164,0.1983561901077489,0.0
2021-12-03,108154.7591423327,0.007055268597420189,0.0,5,0.19934695682221243,0.6020296218298812,0.19862342134790642,0.0
2021-12-06,107462.91591987923,-0.006396789451890805,0.006396789451890816,5,0.20300648559407805,0.5975832329591471,0.1994102814467749,0.0
2021-12-07,107471.3560237087,7.853968745616896e-05,0.006318752166279085,5,0.2071893604195211,0.5927082691845665,0.20010237039591242,0.0
2021-12-08,106440.89812022979,-0.00958820974820099,0.015846376393362838,5,0.209749086565516,0.5881023420953736,0.20214857133911035,0.0
2021-12-09,106403.60530121555,-0.000350361746968,0.01619118617621451,0,0.0,0.0,0.0,1.0
2021-12-10,106453.34359051449,0.0004674492857468,0.015731305448881128,0,0.0,0.0,0.0,1.0
2021-12-13,106515.58183989798,0.0005846528374242,0.01515584996382402,0,0.0,0.0,0.0,1.0
2021-12-14,106453.34359051449,-0.0005843112182126,0.015731305448881128,0,0.0,0.0,0.0,1.0
2021-12-15,106490.6800013686,0.0003507302785878,0.015386092615435887,0,0.0,0.0,0.0,1.0
2021-12-16,106575.30266052861,0.0007946485003094,0.014603670650549017,0,0.0,0.0,0.0,1.0
2021-12-17,106525.59706510957,-0.0004663894371228,0.01506324908993728,0,0.0,0.0,0.0,1.0
2021-12-20,106550.42261791918,0.0002330477696776,0.0148337117768641,0,0.0,0.0,0.0,1.0
2021-12-21,106488.19526649565,-0.0005840178752427,0.015409066499272872,0,0.0,0.0,0.0,1.0
2021-12-22,106475.74979621095,-0.0001168718302865,0.015524137443754582,0,0.0,0.0,0.0,1.0
2021-12-23,106820.98506556002,0.0032423840171103007,0.012332088641771377,3,0.8023761433620811,0.19762385663791882,0.0,0.0
2021-12-27,108085.15280314886,0.01183445122522477,0.0006435809180826979,3,0.8042140901561833,0.1957859098438168,0.0,0.0
2021-12-28,107930.24806370879,-0.001433173154893923,0.0020758317100817436,3,0.8047101762688954,0.19528982373110457,0.0,0.0
2021-12-29,107811.09903935975,-0.0011039446910073366,0.0031774847976934195,3,0.8066300958441948,0.19336990415580518,0.0,0.0
2021-12-30,107745.51041460117,-0.0006083661639941572,0.003783917887450028,3,0.8048897849398283,0.19511021506017173,0.0,0.0
2021-12-31,107570.51393170675,-0.0016241649626146004,0.005401937143210467,3,0.7992818429529605,0.20071815704703957,0.0,0.0
2022-01-03,107501.55121057655,-0.0006410931640057021,0.006039567162241299,3,0.8044253606302427,0.19557463936975727,0.0,0.0
2022-01-04,107385.17834429414,-0.0010825226703422637,0.007115551864211422,3,0.8050275647214495,0.19497243527855052,0.0,0.0
2022-01-05,105611.55546052914,-0.016516458892292196,0.023514487036642384,3,0.80282922151343,0.19717077848657005,0.0,0.0
2022-01-06,105585.79464520635,-0.00024392042338986232,0.023752671796398395,3,0.8022705660089088,0.19772943399109127,0.0,0.0
2022-01-07,105143.02138722772,-0.00419349268967902,0.02784655783053891,5,0.20004820466647105,0.5981955042650549,0.201756291068474,0.0
2022-01-10,105336.13030826466,0.001836630890848696,0.02606107078800568,5,0.1994329889955823,0.5985683363148768,0.20199867468954089,0.0
2022-01-11,106204.16200684993,0.008240588448094402,0.018035240898791716,5,0.1996046252281292,0.5976305571809416,0.2027648175909292,0.0
2022-01-12,106075.20520900309,-0.0012142348794063533,0.019227576759640264,5,0.2003875913825786,0.5960646052681315,0.20354780334928993,0.0
2022-01-13,106270.50506049617,0.001841145167791658,0.017421832351887767,5,0.19726335150444949,0.600253096302234,0.20248355219331657,0.0
2022-01-14,106133.4034538297,-0.0012901190842034,0.01868947519769215,0,0.0,0.0,0.0,1.0
2022-01-18,105971.46752509614,-0.0015257772149368,0.02018673643721325,0,0.0,0.0,0.0,1.0
2022-01-19,106021.23437173408,0.0004696249641551,0.019726591668433824,0,0.0,0.0,0.0,1.0
2022-01-20,105996.36731549907,-0.0002345478845098,0.01995651272259935,0,0.0,0.0,0.0,1.0
2022-01-21,106083.57113885588,0.0008227057734653,0.019150225287369094,0,0.0,0.0,0.0,1.0
2022-01-24,106145.87517180978,0.0005873108558189,0.018574161566752734,0,0.0,0.0,0.0,1.0
2022-01-25,106096.0755910039,-0.0004691617147182,0.019034608995980862,0,0.0,0.0,0.0,1.0
2022-01-26,105909.11984658502,-0.0017621362842825,0.020763203705094435,0,0.0,0.0,0.0,1.0
2022-01-27,105821.89420044958,-0.0008235895668077,0.02156969291395716,0,0.0,0.0,0.0,1.0
2022-01-28,105859.22206327536,0.0003527423422895,0.021224559115668562,0,0.0,0.0,0.0,1.0
2022-01-31,105859.22206327536,0.0,0.021224559115668562,0,0.0,0.0,0.0,1.0
2022-02-01,105850.55842016409,-8.184117493414966e-05,0.021304663247747158,0,0.0,0.0,0.0,1.0
2022-02-02,105875.45821056703,0.0002352353239754,0.02107443953313315,0,0.0,0.0,0.0,1.0
2022-02-03,105788.2325644316,-0.0008238514157073,0.021880928741995764,0,0.0,0.0,0.0,1.0
2022-02-04,105576.31156127392,-0.0020032568653475,0.023840352486620753,0,0.0,0.0,0.0,1.0
2022-02-07,105601.29864279134,0.000236673181208,0.023609321677476758,0,0.0,0.0,0.0,1.0
2022-02-08,105489.04226958126,-0.0010630207644491,0.024647245242748195,0,0.0,0.0,0.0,1.0
2022-02-09,105476.63601993704,-0.0001176069985783,0.024761953552790206,0,0.0,0.0,0.0,1.0
2022-02-10,104940.62493152606,-0.0050817992366543,0.029717917512781855,0,0.0,0.0,0.0,1.0
2022-02-11,105264.72592816866,0.0030884225899556,0.02672127641059907,0,0.0,0.0,0.0,1.0
2022-02-14,105040.3550298095,-0.0021314917830334,0.02879581201253112,0,0.0,0.0,0.0,1.0
2022-02-15,105077.72653819252,0.0003557823883251,0.028450274666977582,0,0.0,0.0,0.0,1.0
2022-02-16,105214.87179041622,0.0013051790968645,0.027182228273908482,0,0.0,0.0,0.0,1.0
2022-02-17,105277.15400059147,0.000591952535943,0.026606366326924813,0,0.0,0.0,0.0,1.0
2022-02-18,105289.63662996086,0.0001185692136902,0.02649095180916916,0,0.0,0.0,0.0,1.0
2022-02-22,104721.35188790709,-0.0053973473576606,0.031745318298080694,1,0.5967818907739462,0.40321810922605383,0.0,0.0
2022-02-23,103030.81029483624,-0.016143236910084912,0.047376083014093684,1,0.5958140571558682,0.40418594284413173,0.0,0.0
2022-02-24,103982.0796534575,0.009232863023197377,0.03858063687594093,1,0.5992479129927296,0.4007520870072703,0.0,0.0
2022-02-25,105387.37848336367,0.013514817501146524,0.02558722964125071,1,0.6043026289568593,0.39569737104314073,0.0,0.0
2022-02-28,106138.4671496024,0.007126931868385754,0.018642656215218767,1,0.5984910427398716,0.4015089572601283,0.0,0.0
2022-03-01,106368.28451923837,0.00216525992703524,0.01651776248461989,2,0.3930569049412319,0.4037503769092839,0.2031927181494843,0.0
2022-03-02,105444.47056665216,-0.008685050781458387,0.025059355660103422,2,0.4037945938599055,0.39336550563082584,0.2028399005092686,0.0
2022-03-03,105782.29805668433,0.003203842631260819,0.021935799260818345,2,0.40050109815017176,0.39610305942432894,0.2033958424254993,0.0
2022-03-04,106504.19311014988,0.006824346480719357,0.015261150274586188,2,0.3945546820088718,0.4002101494202581,0.2052351685708701,0.0
2022-03-07,105265.08629113526,-0.011634347745661988,0.02671794449095488,2,0.38743103196211814,0.4018316252765205,0.21073734276136133,0.0
2022-03-08,105127.9267936575,-0.0013029913555422,0.027986122595787477,0,0.0,0.0,0.0,1.0
2022-03-09,105065.5716486344,-0.0005931358766875,0.028562658899114135,0,0.0,0.0,0.0,1.0
2022-03-10,104978.33991032124,-0.0008302599695062,0.029369204436313856,0,0.0,0.0,0.0,1.0
2022-03-11,104940.959555667,-0.0003560768315272,0.029714823574580884,0,0.0,0.0,0.0,1.0
2022-03-14,104666.65147149801,-0.0026139277297485,0.03225107890300327,0,0.0,0.0,0.0,1.0
2022-03-15,105122.65908444331,0.004356761265735839,0.028034827888610225,2,0.40702280680759634,0.39756962738297774,0.19540756580942603,0.0
2022-03-16,106609.94741416234,0.01414812317983983,0.014283344907063844,2,0.4102441190592231,0.3958680556138864,0.1938878253268903,0.0
2022-03-17,106943.59753950762,0.0031296340861054883,0.011198412464043073,2,0.41408067391979486,0.3916915140691121,0.19422781201109296,0.0
2022-03-18,107757.6323774737,0.007611814607838972,0.0036718380957825314,2,0.41545368894409973,0.3934800934092953,0.19106621764660492,0.0
2022-03-21,106920.01942345493,-0.007773119504747647,0.011416415964209614,2,0.4185859873643615,0.3873796442687398,0.19403436836689872,0.0
2022-03-22,106717.47484214681,-0.0018943560092890203,0.01328914521731217,2,0.40544855904758964,0.3956247580535031,0.1989266828989073,0.0
2022-03-23,107375.47997804846,0.0061658611851054855,0.007205223056885535,2,0.39777446840293434,0.4018172670270522,0.20040826457001332,0.0
2022-03-24,107837.60620635963,0.004303833877209754,0.0029323992627608986,2,0.40204028650134704,0.3969614743892844,0.2009982391093686,0.0
2022-03-25,107366.71587143865,-0.004366661608009767,0.007286256075490605,2,0.4057756155911275,0.3931713934039828,0.20105299100488971,0.0
2022-03-28,107644.56207170214,0.0025878243365120538,0.00471728728977272,2,0.40760705042480844,0.3955093850937336,0.19688356448145802,0.0
2022-03-29,108512.02560157818,0.008058591285811741,0.0,2,0.4017111503077212,0.39979904037031105,0.1984898093219678,0.0
2022-03-30,108754.45685784082,0.0022341418374474953,0.0,2,0.3983406764495326,0.4020199924820275,0.1996393310684398,0.0
2022-03-31,108202.27861647165,-0.0050772929893893705,0.005077292989389415,2,0.3942112518921137,0.4050528426509587,0.2007359054569276,0.0
2022-04-01,108351.74070604083,0.0013813210912033663,0.003702985270078729,2,0.3947831243851096,0.4060339638598992,0.1991829117549911,0.0
2022-04-04,108517.05644175052,0.0015257321629765,0.0021829028708277853,2,0.3975585490538507,0.40259805303823604,0.1998433979079132,0.0
2022-04-05,106852.11873346807,-0.015342636106022201,0.01749204749244815,2,0.4011013714098275,0.39705478039130926,0.2018438481988632,0.0
2022-04-06,106130.67821501322,-0.006751766151258121,0.024125711429530572,2,0.3997898390007894,0.3965180675485107,0.2036920934506999,0.0
2022-04-07,106109.34901732442,-0.0002009710862828551,0.02432183394538001,2,0.40188526251927537,0.39361059320825476,0.2045041442724699,0.0
2022-04-08,105678.93278819573,-0.004056345959284045,0.02827952213181739,2,0.40244309077850504,0.39093321105364387,0.206623698167851,0.0
2022-04-11,104406.51716301635,-0.012040390564215714,0.03997941620459666,2,0.400385173823378,0.3894357470626237,0.21017907911399827,0.0
2022-04-12,104354.41534346598,-0.0004990284224214801,0.04045849376202015,2,0.39871686423230995,0.3996471633626768,0.20163597240501327,0.0
2022-04-13,105016.5313099797,0.006344877352189543,0.034370320590605075,2,0.4007409963405498,0.3979348667224058,0.20132413693704448,0.0
2022-04-14,103584.94942036513,-0.013631967003261077,0.04753375251768355,2,0.40122043862865797,0.39534732742038,0.20343223395096205,0.0
2022-04-18,103463.81646621376,-0.0011694068957816212,0.04864757311548862,2,0.4018553053442168,0.39384348062582225,0.20430121402996096,0.0
2022-04-19,103510.301321326,0.0004492861050358078,0.04822014368909733,2,0.40815903689964544,0.39071769567144543,0.20112326742890904,0.0
2022-04-20,104297.53888611446,0.00760540308297094,0.040981474235600834,1,0.5950295771443305,0.4049704228556696,0.0,0.0
2022-04-21,103057.03330421509,-0.011893910394701725,0.05238795464790158,1,0.5931870777280722,0.4068129222719278,0.0,0.0
2022-04-22,101115.7528040042,-0.01883695307316305,0.07023807827776307,1,0.587986410448018,0.4120135895519819,0.0,0.0
2022-04-25,101877.09153768289,0.007529378089627933,0.06323754923577729,1,0.5869757574902027,0.41302424250979725,0.0,0.0
2022-04-26,100568.83390135755,-0.01284152910707546,0.07526701151368143,1,0.5773910107502928,0.4226089892497073,0.0,0.0
2022-04-27,100014.00031948274,-0.00551695351682222,0.08036872042663257,2,0.40334997561359814,0.39706030201714454,0.1995897223692574,0.0
2022-04-28,101199.88362026494,0.011857172965725108,0.06946449328004001,2,0.40869242048396953,0.3929918709148386,0.19831570860119177,0.0
2022-04-29,99153.21414931753,-0.020224029887496466,0.08828367117932123,2,0.4017132396633432,0.39590038881597,0.20238637152068675,0.0
2022-05-02,98340.47812756481,-0.008196769300174109,0.09575679959386596,2,0.4074712355280684,0.3922531229340059,0.2002756415379257,0.0
2022-05-03,98836.40236760829,0.005042930942436137,0.09119676357905027,2,0.40728523192886373,0.39291611460485537,0.1997986534662809,0.0
2022-05-04,100452.32953402339,0.016349514224575843,0.0763382721378455,2,0.40555057000804245,0.3957338247322617,0.19871560525969575,0.0
2022-05-05,97839.15136347091,-0.02601411219306161,0.10036651195488877,2,0.40158296229743806,0.3951715132715253,0.2032455244310367,0.0
2022-05-06,97067.84406351438,-0.007883421812308436,0.10745870221762666,2,0.40235798725642086,0.3924422630758392,0.20519974966774004,0.0
2022-05-09,95864.10027778146,-0.012401056161763227,0.118527156978119,2,0.3943660415399666,0.40086605967933403,0.2047678987806993,0.0
2022-05-10,96134.18732578719,0.0028173951168696514,0.11604369969453576,2,0.3941667418404237,0.4033650986298752,0.20246815952970101,0.0
2022-05-11,95958.97698201278,-0.0018225602009889783,0.11765476326688606,1,0.5915465110418962,0.40845348895810385,0.0,0.0
2022-05-12,95826.60746116992,-0.0013794386414486418,0.11887190438153383,1,0.5917452305300307,0.4082547694699693,0.0,0.0
2022-05-13,96604.03694285545,0.008112877021140004,0.11172342050190986,1,0.6010165579412883,0.3989834420587117,0.0,0.0
2022-05-16,96328.57970337658,-0.0028514050571387052,0.11425625683282858,1,0.6002896355659273,0.3997103644340727,0.0,0.0
2022-05-17,97052.79859734306,0.007518214181051481,0.10759704566217154,1,0.6080661494176351,0.3919338505823648,0.0,0.0
2022-05-18,96325.73808896208,-0.0074913914785439215,0.11428238554972536,2,0.38677282231028143,0.41161049118391363,0.20161668650580503,0.0
2022-05-19,96477.96634999574,0.0015803487629968535,0.11288264281336435,2,0.383797533306038,0.41194536985699404,0.20425709683696802,0.0
2022-05-20,96958.97155868533,0.004985648297608473,0.10845978767172781,2,0.3820601887917749,0.4145541499945954,0.20338566121362978,0.0
2022-05-23,97082.41461177183,0.0012731473024317885,0.10732472565539253,2,0.3887137693991007,0.4072145642122348,0.20407166638866453,0.0
2022-05-24,97723.44326194134,0.0066029327013853055,0.10143045089470448,2,0.3832160737498696,0.4125259629726483,0.20425796327748189,0.0
2022-05-25,98396.03004505063,0.0068825530564500595,0.0952459982980769,1,0.6011633924750058,0.3988366075249943,0.0,0.0
2022-05-26,99400.3665373023,0.010207083474727848,0.08601109867861134,1,0.6069798288673481,0.3930201711326519,0.0,0.0
2022-05-27,100976.87317927771,0.0158601693021302,0.07151507996338613,1,0.6121715112795176,0.38782848872048237,0.0,0.0
2022-05-31,99801.31189598487,-0.01164188636744294,0.08232439589633667,1,0.6159070584610541,0.3840929415389458,0.0,0.0
2022-06-01,99260.30164936902,-0.005420873096134158,0.08729899888960091,1,0.6142550657650199,0.3857449342349802,0.0,0.0
2022-06-02,100281.27441119851,0.0102858115970271,0.07791112834776137,2,0.4034674777406961,0.3961319681876687,0.2004005540716352,0.0
2022-06-03,99327.83059370505,-0.00950769546050956,0.0866780685269557,2,0.40065516902931014,0.39907463878720395,0.20027019218348596,0.0
2022-06-06,98630.30464734595,-0.007022462306785662,0.09309183736468585,2,0.4047172221027325,0.3944844212553061,0.20079835664196158,0.0
2022-06-07,99562.50845938898,0.009451494805537981,0.08452019957643819,2,0.40477360218967123,0.39501148320038443,0.2002149146099443,0.0
2022-06-08,98757.44802611427,-0.008085979810392885,0.09192275075948575,2,0.40363665184871333,0.39470305079165746,0.20166029735962918,0.0
2022-06-09,97479.76681842016,-0.012937568084548478,0.10367106199756437,1,0.5934074720299319,0.40659252797006806,0.0,0.0
2022-06-10,95556.68770060812,-0.01972798233498288,0.12135382345281043,1,0.5877973506699156,0.4122026493300845,0.0,0.0
2022-06-13,92188.12298648462,-0.0352520037600891,0.15232786177223978,1,0.5861424823135453,0.41385751768645473,0.0,0.0
2022-06-14,91544.06738887481,-0.0069863185923010425,0.15824996939171598,1,0.5884876238022829,0.41151237619771697,0.0,0.0
2022-06-15,93014.87877500529,0.01606670348044004,0.14472582124528133,1,0.5874390012777657,0.4125609987222343,0.0,0.0
2022-06-16,93139.22885748842,0.001336883777314,0.1435824190705487,0,0.0,0.0,0.0,1.0
2022-06-17,93116.60628630055,-0.0002428898270403,0.1437904341886549,0,0.0,0.0,0.0,1.0
2022-06-21,93082.68724132878,-0.000364264187931,0.14410232067084394,0,0.0,0.0,0.0,1.0
2022-06-22,93353.99022840288,0.0029146449797985,0.141607682796566,0,0.0,0.0,0.0,1.0
2022-06-23,93433.12479213033,0.0008476827132277,0.14088003846810515,0,0.0,0.0,0.0,1.0
2022-06-24,94085.35439598955,0.00698071059177664,0.13488277065303267,2,0.4098564600674053,0.3917283116584809,0.19841522827411404,0.0
2022-06-27,93602.87716010201,-0.005128080124531061,0.1393191611222362,2,0.4103954095893543,0.3903894144620214,0.19921517594862423,0.0
2022-06-28,92957.49827829056,-0.006894861583235092,0.14525343637364097,2,0.4048009307958078,0.39493138611974515,0.20026768308444703,0.0
2022-06-29,93485.5875040877,0.0056809750216833006,0.14039764249581,2,0.4021864525071609,0.3988297630395438,0.19898378445329531,0.0
2022-06-30,93394.51748544254,-0.0009741610560149371,0.1412350336361492,2,0.39930794777628675,0.402724649505255,0.19796740271845817,0.0
2022-07-01,94157.64587340229,0.00817101911874732,0.13421804867747955,2,0.40095444238925865,0.4008313802756797,0.19821417733506166,0.0
2022-07-05,94129.63681894707,-0.0002974697826757825,0.1344755926463841,2,0.40183123360228473,0.4041009117485358,0.1940678546491795,0.0
2022-07-06,93329.29834912452,-0.008502513096506969,0.14183472525525465,2,0.40664578054083383,0.40072297472877266,0.19263124473039334,0.0
2022-07-07,93578.57634582622,0.0026709511494364575,0.13954260772826865,2,0.41163680609525344,0.39613845146759846,0.19222474243714813,0.0
2022-07-08,93144.04661187418,-0.0046434745100867305,0.14353811969629815,2,0.413216926350052,0.39357823848863993,0.19320483516130807,0.0
2022-07-11,93261.07378299726,0.001256410639004441,0.14246205187798278,2,0.39493436136506344,0.40638736162650374,0.19867827700843282,0.0
2022-07-12,93091.47692205138,-0.0018185171376055706,0.14402149933278974,2,0.3921527706228804,0.4095467720526225,0.19830045732449705,0.0
2022-07-13,93425.3020003891,0.00358598971007019,0.14095196923735587,2,0.3886993633492122,0.4127627329894867,0.1985379036613013,0.0
2022-07-14,92761.94314546103,-0.007100419701349228,0.14705157079938824,2,0.39052839337729095,0.41232273621144655,0.19714887041126258,0.0
2022-07-15,93632.59322227749,0.0093858542338982,0.13904592117387882,2,0.3942887833545422,0.4107878335585451,0.1949233830869127,0.0
2022-07-18,92778.49933430798,-0.00912175833838048,0.14689933622137363,1,0.6005236769124703,0.3994763230875296,0.0,0.0
2022-07-19,94083.96533225567,0.014070781563772745,0.13489554312943508,1,0.6081916456250778,0.3918083543749223,0.0,0.0
2022-07-20,94545.3715191362,0.004904195792036122,0.13065290149237863,1,0.6090805212163154,0.39091947878368466,0.0,0.0
2022-07-21,95770.29903838635,0.012955975523373176,0.11938966176279842,1,0.6074132995240319,0.3925867004759682,0.0,0.0
2022-07-22,95862.63067940519,0.0009640947344419892,0.11854066997260881,1,0.6011980789933375,0.3988019210066625,0.0,0.0
2022-07-25,95481.51436898678,-0.00397565044603232,0.12204504415119155,2,0.4020845296767306,0.3976670621744879,0.20024840814878153,0.0
2022-07-26,95033.75091569798,-0.004689530284976748,0.12616224050548996,2,0.39919946323025024,0.3998472086052296,0.2009533281645202,0.0
2022-07-27,95999.87623012024,0.010166128402942703,0.11727869363912902,2,0.40544349276721653,0.39359942796703407,0.2009570792657493,0.0
2022-07-28,97023.93248566303,0.010667266414886111,0.10786247029408125,2,0.4061956624642427,0.39254541381621605,0.20125892371954118,0.0
2022-07-29,97549.87125576811,0.005420711742258,0.10302644991109522,2,0.40989555017169105,0.38936790417498746,0.20073654565332147,0.0
2022-08-01,98484.64600790905,0.00958253188966314,0.09443117226318398,2,0.3950301451868938,0.4057454824727069,0.19922437234039933,0.0
2022-08-02,97265.93612374295,-0.012374618111215256,0.10563724067984792,2,0.397340974115474,0.4021363133331083,0.20052271255141774,0.0
2022-08-03,98534.53921176677,0.013042624567041413,0.0939724029832919,2,0.39836738027575663,0.40320894935775,0.19842367036649325,0.0
2022-08-04,98818.07344012072,0.0028775110800953714,0.09136529853400421,2,0.39695597556154494,0.40191717339246685,0.20112685104598824,0.0
2022-08-05,97582.87259768418,-0.012499746245154401,0.10272300173187066,2,0.4013011703359895,0.39731663822839797,0.2013821914356126,0.0
2022-08-08,98332.91271943404,0.007686186128606121,0.0958263637142649,2,0.3964882322656391,0.4033561971806406,0.20015557055372032,0.0
2022-08-09,98084.14079745875,-0.0025298947737375293,0.09811382787125544,2,0.39591537733365384,0.4028074583602945,0.2012771643060516,0.0
2022-08-10,98592.15149975951,0.0051793358046514255,0.09344265652822892,2,0.4021483065760577,0.3981146327650098,0.19973706065893237,0.0
2022-08-11,97625.28672250656,-0.009806711412067258,0.10233300277414692,2,0.40613111723827394,0.39268582839111615,0.20118305437060988,0.0
2022-08-12,98865.9180929607,0.012708094512239927,0.09092536573288212,2,0.4078239079349031,0.3916903435758923,0.20048574848920464,0.0
2022-08-15,99076.11707056615,0.0021261015085887198,0.08899258078154704,1,0.6011941486408494,0.3988058513591506,0.0,0.0
2022-08-16,99357.0599256583,0.0028356264193522595,0.08640930407538516,1,0.6006684434996873,0.39933155650031277,0.0,0.0
2022-08-17,98519.34104068692,-0.008431397684252785,0.09411215055335898,1,0.6014761679926963,0.3985238320073036,0.0,0.0
2022-08-18,98749.73884786271,0.0023386048337516708,0.0919936368498061,1,0.6018169480853,0.3981830519147,0.0,0.0
2022-08-19,97317.98517093633,-0.014498809755154867,0.10515864836559075,1,0.6024647870745165,0.3975352129254836,0.0,0.0
2022-08-22,96247.38351251265,-0.0110010668279167,0.11500285787530418,2,0.3960276726302287,0.4030898415880477,0.2008824857817236,0.0
2022-08-23,96076.82366496659,-0.001772098537347574,0.1165711600164202,2,0.3957709377804613,0.4015831237026128,0.20264593851692583,0.0
2022-08-24,95973.5751339751,-0.0010746455498105302,0.11752053288788289,2,0.39746502816009366,0.3990727969330086,0.20346217490689772,0.0
2022-08-25,97105.6853569984,0.0117960617955819,0.10711075056049613,2,0.39837698374527947,0.39991701645398475,0.20170599980073586,0.0
2022-08-26,95850.91243377684,-0.012921724599424925,0.11864841953954075,2,0.3899307770734601,0.40820607671688575,0.20186314620965423,0.0
2022-08-29,95153.45335235674,-0.00727649913507068,0.1250615735524544,1,0.6004016113499229,0.39959838865007713,0.0,0.0
2022-08-30,94620.79317129496,-0.005597906983883253,0.12995939748033292,1,0.5971533897640547,0.40284661023594526,0.0,0.0
2022-08-31,93826.3970465384,-0.0083955766817388,0.13726389007501305,1,0.597626999789293,0.402373000210707,0.0,0.0
2022-09-01,93311.16819584469,-0.005491299537358895,0.14200143247630703,1,0.6028125539720836,0.39718744602791634,0.0,0.0
2022-09-02,92927.70467939207,-0.004109513618431901,0.14552738927414077,1,0.5989174726606863,0.40108252733931365,0.0,0.0
2022-09-06,91796.65721623458,-0.01217126224154244,0.15592739949750056,1,0.6051009171656443,0.39489908283435565,0.0,0.0
2022-09-07,93367.84995612639,0.017116012581925855,0.14148024224724098,1,0.605605981418122,0.39439401858187784,0.0,0.0
2022-09-08,93359.7200500073,-8.707393522408463e-05,0.14155499694101614,1,0.6096174372201868,0.39038256277981315,0.0,0.0
2022-09-09,94324.82803464375,0.010337520122377134,0.13268080444793962,1,0.6127536854781697,0.3872463145218303,0.0,0.0
2022-09-12,94645.86362811536,0.0034035110390415865,0.12972887399150557,1,0.6172384609827488,0.3827615390172512,0.0,0.0
2022-09-13,92264.71748292616,-0.02515848082432058,0.15162357342715016,1,0.5887220204996845,0.4112779795003155,0.0,0.0
2022-09-14,92602.3963010457,0.0036598910973962176,0.14851860809629536,1,0.5888133836039116,0.41118661639608856,0.0,0.0
2022-09-15,91958.67224453576,-0.006951483786847377,0.1544376671869162,1,0.5862034663040878,0.41379653369591224,0.0,0.0
2022-09-16,91230.21768410126,-0.007921542826297121,0.16113582541859872,1,0.5863762665216116,0.4136237334783885,0.0,0.0
2022-09-19,91733.20202439027,0.005513352407320434,0.1565108716022554,1,0.5876835713519829,0.41231642864801704,0.0,0.0
2022-09-20,90735.58511183389,-0.0108751999335107,0.16568398451532362,1,0.5996339454890072,0.40036605451099283,0.0,0.0
2022-09-21,90395.08514315615,-0.0037526618499023148,0.1688148903973955,1,0.5913933525655494,0.40860664743445074,0.0,0.0
2022-09-22,89002.37786868608,-0.01540689156124454,0.18162086924836396,1,0.5956021030360916,0.4043978969639084,0.0,0.0
2022-09-23,88261.2149944585,-0.008327450254431294,0.1884358807489629,1,0.5905405817149947,0.4094594182850053,0.0,0.0
2022-09-26,87054.95681818508,-0.013666911070158607,0.19952745539449845,1,0.5928004251575837,0.4071995748424163,0.0,0.0
2022-09-27,87054.95681818508,0.0,0.19952745539449845,0,0.0,0.0,0.0,1.0
2022-09-28,87430.95464985954,0.0043190858443562,0.19607014575829707,0,0.0,0.0,0.0,1.0
2022-09-29,87312.78417002216,-0.0013515862924136,0.19715672632935222,0,0.0,0.0,0.0,1.0
2022-09-30,87237.59582862005,-0.000861137828977,0.19784808504304974,0,0.0,0.0,0.0,1.0
2022-10-03,87429.05576539767,0.0021946952453131,0.1960876060492749,0,0.0,0.0,0.0,1.0
2022-10-04,88956.87971188946,0.017475013691002877,0.182039225958619,1,0.6079678119401757,0.39203218805982437,0.0,0.0
2022-10-05,88497.49791877298,-0.0051640951729007775,0.18626325324346826,1,0.6097007401543884,0.39029925984561176,0.0,0.0
2022-10-06,87748.88724695594,-0.008459116804682339,0.193146747432544,1,0.6085590506892173,0.3914409493107827,0.0,0.0
2022-10-07,85925.9008777071,-0.020775036885861808,0.2099091535161105,1,0.6041348763186931,0.3958651236813068,0.0,0.0
2022-10-10,85000.75285753031,-0.01076681199413312,0.21841591311848796,1,0.6060473710746301,0.3939526289253698,0.0,0.0
2022-10-11,84828.24402776932,-0.0020294976686869195,0.22000213620069675,1,0.5974126561840323,0.4025873438159677,0.0,0.0
2022-10-12,84828.64244072682,4.696701694946793e-06,0.2199984727834079,1,0.5954391978304402,0.4045608021695597,0.0,0.0
2022-10-13,85833.36608243258,0.011844155615337007,0.21076001331485394,1,0.6039996856325747,0.3960003143674252,0.0,0.0
2022-10-14,84371.48065639859,-0.017031668368103138,0.2242020870309216,1,0.600462070283865,0.39953792971613494,0.0,0.0
2022-10-17,85509.20870850753,0.013484746780044314,0.21374064862204667,1,0.6076976804815927,0.39230231951840727,0.0,0.0
2022-10-18,86192.21959277673,0.00798757110006152,0.2074603461498271,1,0.6022392625426299,0.39776073745737023,0.0,0.0
2022-10-19,85200.21820010235,-0.011509175623521252,0.2165818242145935,1,0.6049338624259677,0.39506613757403236,0.0,0.0
2022-10-20,84192.66680838073,-0.011825690274117338,0.22584628491654568,1,0.6070398992778206,0.39296010072217935,0.0,0.0
2022-10-21,84838.40570357027,0.007669775999128395,0.21990869933296242,1,0.6170592371497896,0.38294076285021034,0.0,0.0
2022-10-24,85210.48312211793,0.004385719126402777,0.21648743799528658,1,0.6218823387813118,0.3781176612186882,0.0,0.0
2022-10-25,86795.18970271522,0.01859755422729144,0.20191602063563996,3,0.7979353521337564,0.2020646478662435,0.0,0.0
2022-10-26,86526.0739064108,-0.003100584228528909,0.20439054723509864,3,0.7943866207310663,0.20561337926893375,0.0,0.0
2022-10-27,86345.31400560931,-0.0020890801193293273,0.20605263912562022,3,0.7917988057383378,0.20820119426166214,0.0,0.0
2022-10-28,87848.26276982938,0.017406257438851266,0.19223298696934443,3,0.7967674201984525,0.20323257980154752,0.0,0.0
2022-10-31,87215.4100842627,-0.007203929430281615,0.19805208352732662,3,0.7967518996621,0.20324810033790003,0.0,0.0
2022-11-01,87312.4622731847,0.0011127871648856803,0.19715968617896895,1,0.596710544939085,0.40328945506091496,0.0,0.0
2022-11-02,85852.09820718694,-0.01672572308668333,0.21058777095076542,1,0.591630716471165,0.408369283528835,0.0,0.0
2022-11-03,85139.89370503895,-0.008295714572161222,0.21713650948273155,1,0.5904369289593103,0.4095630710406896,0.0,0.0
2022-11-04,85277.5826426072,0.001617208239010242,0.21587045619584666,1,0.5979681154182844,0.40203188458171557,0.0,0.0
2022-11-07,85423.32110319754,0.0017089891161797203,0.21453038733981034,1,0.6026580583877097,0.3973419416122904,0.0,0.0
2022-11-08,86073.50675983033,0.0076113366728896795,0.20855191367152948,1,0.5986805353065027,0.4013194646934973,0.0,0.0
2022-11-09,85125.42433064056,-0.011014799615812037,0.2172695557487555,1,0.5928768598756848,0.40712314012431516,0.0,0.0
2022-11-10,89232.25813233801,0.04824450314333684,0.179507114370691,1,0.5966717697778798,0.4033282302221201,0.0,0.0
2022-11-11,89615.7023374183,0.004297147837630893,0.17598133514141756,1,0.5998689678494934,0.40013103215050666,0.0,0.0
2022-11-14,89070.47519747776,-0.006084058102760598,0.18099471257617628,1,0.598406751955013,0.401593248044987,0.0,0.0
2022-11-15,90013.47554174614,0.010587126005308381,0.17232380039920658,2,0.39918539649294293,0.40221384124200654,0.19860076226505044,0.0
2022-11-16,90490.04994555289,0.005294478420463946,0.1679416866212884,2,0.3940538014120554,0.4088449920173429,0.1971012065706017,0.0
2022-11-17,89860.92728283991,-0.006952396015821752,0.17372648552415393,2,0.39559842107175947,0.40736289938592757,0.19703867954231305,0.0
2022-11-18,89648.52823058912,-0.0023636418927912577,0.17567950021787304,2,0.39833606967276936,0.4055199496888936,0.1961439806383371,0.0
2022-11-21,89573.62071687367,-0.0008355688062471776,0.17636827671384092,2,0.3972195945701791,0.4075697484792276,0.19521065695059342,0.0
2022-11-22,90585.283693514,0.01129420658162298,0.16706600988386888,2,0.40085553356341797,0.4011459577037904,0.1979985087327916,0.0
2022-11-23,91559.67446732374,0.01075661226724749,0.15810646190797828,2,0.39908876569931695,0.40379908927229036,0.19711214502839283,0.0
2022-11-25,91441.66328021104,-0.0012888991556519243,0.159191577778374,2,0.39951431757692796,0.4029497184729462,0.1975359639501259,0.0
2022-11-28,90819.80015104177,-0.006800654175150558,0.16490962508545715,2,0.3958312691008285,0.40685210944541195,0.19731662145375958,0.0
2022-11-29,90413.29446202175,-0.004475958858574564,0.16864745524676616,2,0.39692792627936,0.40388908937157475,0.19918298434906526,0.0
2022-11-30,92049.65844367119,0.018098709834501223,0.15360104676910336,2,0.4052655653009258,0.39577888933050775,0.19895554536856644,0.0
2022-12-01,93522.71223634874,0.0160028164969126,0.14005627963737033,2,0.39858869526163326,0.4019893150428944,0.19942198969547228,0.0
2022-12-02,93888.03833740926,0.0039062821460659845,0.13669709683589615,2,0.3965796493566237,0.4054607860510122,0.197959564592364,0.0
2022-12-05,92366.1001451578,-0.016210139429924164,0.15069135726644445,2,0.3958625825674415,0.40636876087182955,0.19776865656072887,0.0
2022-12-06,92372.47326212861,6.899844164465675e-05,0.1506327562936206,2,0.3901293539073349,0.4115743048462024,0.19829634124646275,0.0
2022-12-07,93347.23081160606,0.01055246779753678,0.14166983580612635,2,0.3951497838990621,0.4051497287206974,0.19970048738024063,0.0
2022-12-08,93548.23004217906,0.002153242563549126,0.13982164276300602,2,0.3973896252569228,0.4031712409820914,0.19943913376098582,0.0
2022-12-09,92355.49778690831,-0.012749917927180013,0.15078884622051425,2,0.3995148015817655,0.3977544196442555,0.20273077877397894,0.0
2022-12-12,92850.25323444013,0.005357076290935864,0.14623955728260396,2,0.4031151485102263,0.39690007104535496,0.19998478044441878,0.0
2022-12-13,93806.60727716128,0.010299961598450761,0.1374458575083385,2,0.4020258656028738,0.396647048762979,0.20132708563414708,0.0
2022-12-14,93681.32798808497,-0.00133550602364464,0.13859780376135566,2,0.39797411649596376,0.4022456800959204,0.1997802034081159,0.0
2022-12-15,92610.17360243443,-0.011434022218245948,0.1484470956119942,2,0.3927294957339435,0.4084856566412241,0.19878484762483248,0.0
2022-12-16,91918.52154038625,-0.007468424203774488,0.15480685393392002,2,0.39101310554013,0.4069620778934542,0.20202481656641574,0.0
2022-12-19,90932.78423182927,-0.01072403354664356,0.1638707335857259,2,0.3919001897937178,0.4044604298215225,0.2036393803847596,0.0
2022-12-20,90635.75431405728,-0.003266477764661099,0.1666019312428504,2,0.3937225067643746,0.3985803846613819,0.20769710857424356,0.0
2022-12-21,91238.9617199779,0.006655291948368201,0.1610554237860654,2,0.40329696879184995,0.3983543026206744,0.1983487285874755,0.0
2022-12-22,90488.2932809819,-0.008227498700608668,0.16795783919674823,2,0.40084136559195416,0.401581455321421,0.19757717908662484,0.0
2022-12-23,90217.81075221377,-0.0029891438876876795,0.1704449329360116,2,0.40435583398755215,0.396880453777412,0.1987637122350359,0.0
2022-12-27,89517.12725677485,-0.007766576129444824,0.1768877355179308,2,0.40591377837259823,0.39207801692979766,0.20200820469760408,0.0
2022-12-28,88777.27504793424,-0.008264923501380837,0.1836906954169235,2,0.4042098802111672,0.39301621431515843,0.20277390547367433,0.0
2022-12-29,90139.16880722102,0.01534056726286586,0.17116804762266347,1,0.6015717623615686,0.3984282376384314,0.0,0.0
2022-12-30,89596.81416805394,-0.00601685866803368,0.17615501233966835,1,0.6036190104815803,0.3963809895184197,0.0,0.0
2023-01-03,90046.89910972628,0.00502344805283057,0.17201646984057184,1,0.5980735262658115,0.4019264737341885,0.0,0.0
2023-01-04,90958.50365301625,0.010123663916279115,0.1636342428530233,1,0.5966504359615992,0.4033495640384008,0.0,0.0
2023-01-05,90492.47947761454,-0.0051234811115569556,0.16791934701211886,1,0.5928782952781244,0.4071217047218757,0.0,0.0
2023-01-06,92327.03339686948,0.0202729987049229,0.1510505770117042,2,0.4010425441689767,0.39926433484576135,0.1996931209852619,0.0
2023-01-09,92543.69902315199,0.002346719246909823,0.14905833106112465,2,0.39987673444236493,0.4004503862251433,0.19967287933249184,0.0
2023-01-10,92257.81418616207,-0.0030891874866423377,0.15168704941667321,2,0.4039287954599386,0.3950433059261718,0.20102789861388956,0.0
2023-01-11,93308.71868364877,0.01139095378269137,0.14202395580331995,2,0.404430834793358,0.3969418854974377,0.1986272797092042,0.0
2023-01-12,94389.48246900688,0.01158266666400478,0.13208630527768828,2,0.40125562071265225,0.40011997923148007,0.1986244000558677,0.0
2023-01-13,94408.65073278677,0.00020307626738178,0.13191005260415467,2,0.40147027618856307,0.39617046137653444,0.20235926243490246,0.0
2023-01-17,93972.43703538772,-0.004620484394313708,0.1359210486589577,2,0.40259503616527387,0.39543696865636324,0.20196799517836284,0.0
2023-01-18,94221.05862259543,0.002645686278350714,0.13363496683398302,2,0.395193314894544,0.4039500955347356,0.20085658957072047,0.0
2023-01-19,94012.04974215412,-0.002218282022053006,0.1355568088115905,2,0.3931885541882689,0.40231392625207885,0.20449751955965223,0.0
2023-01-20,94023.40304848811,0.00012076437398305031,0.13545241487076265,2,0.4004649151779192,0.39574425809706276,0.20379082672501794,0.0
2023-01-23,94333.25431497754,0.0032954696005806205,0.13260332458571378,2,0.40346984015253057,0.3968090479476805,0.19972111189978894,0.0
2023-01-24,94898.85810626074,0.005995804929984138,0.1274025833230129,2,0.40063462846002795,0.40011622478471703,0.199249146755255,0.0
2023-01-25,95092.24359489801,0.0020378062760326447,0.12562439883085863,2,0.39996967202425104,0.40027091717953,0.19975941079621898,0.0
2023-01-26,95161.1731746745,0.0007248706852490143,0.12499058958967424,2,0.4040726615111395,0.39812018707401764,0.1978071514148427,0.0
2023-01-27,95127.69169362471,-0.0003518397255184936,0.12529845266045903,2,0.405143619629866,0.3972552485026221,0.1976011318675118,0.0
2023-01-30,94462.37418903223,-0.00699394143542622,0.13141606405602846,2,0.397763168825369,0.40134514957269257,0.20089168160193852,0.0
2023-01-31,95386.92277873427,0.009787479910804437,0.12291481623212941,2,0.3996996216530142,0.40063245785436824,0.19966792049261742,0.0
2023-02-01,96491.4237779135,0.011579165854226154,0.11275890142099676,2,0.39932371734934413,0.40080749626066986,0.19986878638998598,0.0
2023-02-02,96702.16639026841,0.002184055370972232,0.11082111773429804,2,0.4042537523034016,0.4004516598707277,0.19529458782587064,0.0
2023-02-03,95236.14721134224,-0.01516014825365601,0.12430120141346612,2,0.4061136004610567,0.40053468857194435,0.19335171096699894,0.0
2023-02-06,94760.83130845075,-0.00499091906602108,0.12867174324342345,2,0.3995496325374403,0.3990300127997649,0.20142035466279481,0.0
2023-02-07,94970.10321036469,0.002208421971655669,0.1267474827766779,2,0.40388317987542144,0.3949553224605134,0.20116149766406505,0.0
2023-02-08,94776.41398616049,-0.0020394757682336965,0.12852846012510388,2,0.4002832263555761,0.3976459678936125,0.2020708057508114,0.0
2023-02-09,93938.96040600094,-0.008836096924724743,0.13622886711857762,2,0.40035059571687226,0.39739028607591187,0.2022591182072159,0.0
2023-02-10,93645.24867418433,-0.0031266231875166236,0.1389295539713522,2,0.402543513608242,0.3941760393837192,0.20328044700803882,0.0
2023-02-13,94305.09895281955,0.0070462761109322015,0.13286221385767072,2,0.4018639610188759,0.40054356417204073,0.19759247480908346,0.0
2023-02-14,94214.7678954482,-0.0009578597379612372,0.13369281023028123,2,0.40206422620877186,0.40000477571293763,0.19793099807829045,0.0
2023-02-15,93800.51769200918,-0.0043968712410215995,0.13750185139886995,2,0.4051512118208682,0.39802469644736277,0.196824091731769,0.0
2023-02-16,92733.1651510946,-0.011378962154763321,0.14731618519035572,2,0.4041718213475632,0.396901756242991,0.19892642240944583,0.0
2023-02-17,92980.84981008024,0.0026709393406562755,0.14503871844423966,2,0.40208806493647176,0.3989228488504188,0.19898908621310943,0.0
2023-02-21,91442.31999396674,-0.01654673859462508,0.15918553927866852,2,0.39857076099296984,0.3988241870979195,0.20260505190911063,0.0
2023-02-22,91622.06157350932,0.0019656279450743397,0.15753281087805204,2,0.39724057703109666,0.40168955462396577,0.20106986834493748,0.0
2023-02-23,92165.54269644945,0.0059317713835123145,0.15253548811407047,2,0.39699878023695484,0.40322304759839667,0.19977817216464844,0.0
2023-02-24,91159.05279288185,-0.010920457625714992,0.16179018840541803,2,0.3970944051169754,0.4023748746574234,0.20053072022560123,0.0
2023-02-27,91455.7243847071,0.003254439166884536,0.15906228556449775,2,0.39715430710826166,0.40218187328025284,0.20066381961148558,0.0
2023-02-28,91570.0462438353,0.0012500240952367002,0.1580110931588602,2,0.3980240187201256,0.4013156177966443,0.2006603634832302,0.0
2023-03-01,91141.52466067168,-0.004679713517044037,0.16195136002740573,2,0.3983615660946919,0.39887093477133057,0.20276749913397762,0.0
2023-03-02,91090.70137032184,-0.0005576304603095309,0.16241868147627536,2,0.4016836917010022,0.3955544762670799,0.2027618320319178,0.0
2023-03-03,92748.45233596496,0.018198904396439584,0.14717561913621824,2,0.4008310769903226,0.39789580865821605,0.2012731143514614,0.0
2023-03-06,92393.93252091152,-0.0038223798470433078,0.15043543786269908,2,0.4026478857906246,0.3963257883839003,0.20102632582547503,0.0
2023-03-07,91731.04157694189,-0.00717461553895426,0.15653073697155429,2,0.3967147595383958,0.4053613084691731,0.19792393199243116,0.0
2023-03-08,91818.37843660191,0.0009520971108429909,0.1557276723231401,2,0.3969842870076684,0.40537386033362827,0.19764185265870324,0.0
2023-03-09,91415.9918254662,-0.004382419053648932,0.15942762745841965,2,0.39137511519744006,0.4081578645818991,0.20046702022066087,0.0
2023-03-10,92581.65785400059,0.012751226620829108,0.14870929864493398,2,0.38087121149865355,0.41691756772325655,0.20221122077808987,0.0
2023-03-13,93048.74302263705,0.005045115625095453,0.14441443862602898,2,0.3784191841909382,0.41576756075441124,0.2058132550546506,0.0
2023-03-14,92944.26445809519,-0.0011228369255504194,0.14537512168730737,2,0.40706912765059233,0.39386556742368467,0.199065304925723,0.0
2023-03-15,93558.92046689794,0.0066131677127841,0.1397233440355078,2,0.4018655536638608,0.3988336190572605,0.19930082727887874,0.0
2023-03-16,93964.35762965206,0.004333495520585576,0.13599533900042138,2,0.4071519740062071,0.39400627255432724,0.19884175343946567,0.0
2023-03-17,94616.79763440283,0.006943483903995566,0.12999613654379372,2,0.3996166419225141,0.39716235187652466,0.2032210062009612,0.0
2023-03-20,94657.08350855186,0.00042577930300183005,0.12962570690520248,2,0.4032874210645553,0.39350069582394376,0.20321188311150098,0.0
2023-03-21,94471.57983261498,-0.00195974425854904,0.1313314179288837,2,0.40604798341753884,0.3973417338710009,0.19661028271146017,0.0
2023-03-22,94634.3218583001,0.001722655913804503,0.1298350008588426,2,0.39843984561395984,0.40194730899916264,0.1996128453868776,0.0
2023-03-23,94973.11199190875,0.0035799921947549467,0.12671981695376822,2,0.3980918909419341,0.4005134738887467,0.20139463516931924,0.0
2023-03-24,95166.86172983941,0.0020400483238578447,0.12493828318008648,2,0.3998883105909408,0.40138862187336016,0.19872306753569904,0.0
2023-03-27,94165.6294007797,-0.010520808513177833,0.1341446399399614,2,0.4048959346174067,0.396127123746787,0.19897694163580631,0.0
2023-03-28,94303.90158588589,0.0014683933616340202,0.13287322367711407,2,0.39851691313754734,0.4001409177155964,0.20134216914685618,0.0
2023-03-29,94680.14261123668,0.003989665528399455,0.12941367786886648,2,0.40270269561097,0.39775007414173275,0.1995472302472973,0.0
2023-03-30,95247.44823555715,0.005991812102035746,0.12419728820805431,2,0.4026479686709487,0.3972002504814861,0.20015178084756508,0.0
2023-03-31,96255.39235009311,0.010582373945002868,0.11492921640982445,2,0.40404742936060645,0.3989290071627701,0.19702356347662342,0.0
2023-04-03,96720.81565076669,0.004835295865615351,0.11064963730915411,2,0.40363541122255303,0.39887650004813113,0.19748808872931595,0.0
2023-04-04,97059.10541988407,0.00349759011895488,0.10753905426831756,2,0.3963942698958239,0.40058761247427976,0.20301811762989636,0.0
2023-04-05,97349.13303239534,0.002988154601843841,0.10487224298636355,2,0.3941785272132735,0.40356970788542584,0.20225176490130067,0.0
2023-04-06,97459.98766051402,0.0011387325666451385,0.10385293185814404,2,0.3952660882271082,0.404153436899521,0.20058047487337083,0.0
2023-04-10,96719.74047617598,-0.0075953958348175055,0.11065952356689257,2,0.3987000887724983,0.4006799208726293,0.2006199903548723,0.0
2023-04-11,96932.58687310369,0.002200651034419675,0.10870239552747873,2,0.39793149083181734,0.4006237983930904,0.20144471077509227,0.0
2023-04-12,96829.3779893618,-0.0010647490907985798,0.10965140384147176,2,0.39879409538028726,0.4000146586501674,0.20119124596954532,0.0
2023-04-13,97301.22309145272,0.004872953972117194,0.10531277611325196,2,0.4021316824865827,0.39494666441711573,0.2029216530963017,0.0
2023-04-14,96504.45397923779,-0.00818868547485827,0.1126390883880346,2,0.4044613341688518,0.3945651094908408,0.2009735563403073,0.0
2023-04-17,96105.19700574574,-0.004137187010849739,0.11631026642549147,2,0.4075989875215053,0.39149134229194144,0.20090967018655329,0.0
2023-04-18,96339.7391345789,0.0024404728999112774,0.11415364557877306,2,0.4068718919707274,0.3919297705815729,0.20119833744769963,0.0
2023-04-19,96204.17720644995,-0.0014071236786263,0.11540014095970397,2,0.4004959373029216,0.40017929213525955,0.19932477056181885,0.0
2023-04-20,96398.57905217505,0.0020207214631430873,0.11361261103824782,2,0.39750717669084085,0.4027866107660861,0.19970621254307303,0.0
2023-04-21,96019.79440239817,-0.003929359265470709,0.11709554553786117,2,0.3993853206583577,0.4021030723567702,0.19851160698487208,0.0
2023-04-24,96491.27183441172,0.004910210805468924,0.11276029854536462,2,0.3978484856479933,0.40400948314336665,0.19814203120864018,0.0
2023-04-25,96552.36991571759,0.0006331980099786869,0.11219850013202937,2,0.39128528387130596,0.40969089300290956,0.19902382312578462,0.0
2023-04-26,95872.15892676306,-0.0070449952657639205,0.11845305749553736,2,0.40113172735854596,0.39854446965956125,0.20032380298189278,0.0
2023-04-27,96259.65166840171,0.0040417650543851545,0.11489005186952284,2,0.4074705871392912,0.39300121836628904,0.19952819449441975,0.0
2023-04-28,97209.87001399785,0.009871408519838285,0.10615276998655387,2,0.40693146080206166,0.39543724117537143,0.19763129802256688,0.0
2023-05-01,95975.22348239787,-0.012700835125303596,0.11750537628216395,2,0.4117500787755861,0.3889753007942511,0.19927462043016278,0.0
2023-05-02,96830.42963992115,0.00891069722468663,0.10964173388780063,2,0.4035266014229406,0.3951474023498297,0.20132599622722966,0.0
2023-05-03,96944.99360457601,0.0011831401046229002,0.1085883153156807,2,0.39678504947663146,0.4017574877587838,0.2014574627645848,0.0
2023-05-04,96425.12261733685,-0.005362535680384202,0.1133685422807118,2,0.3960986191384533,0.3999332909797107,0.20396808988183604,0.0
2023-05-05,96696.19513846652,0.0028112229859994183,0.11087602354666115,2,0.40230057473460656,0.3974858629220167,0.20021356234337684,0.0
2023-05-08,96191.63782893427,-0.0052179644587849105,0.11551544085524823,2,0.4045185005490181,0.39397081839975784,0.20151068105122408,0.0
2023-05-09,96022.78608688185,-0.0017553681989769642,0.11706803692285705,2,0.4034527870201876,0.39325173610985587,0.20329547686995655,0.0
2023-05-10,96547.54805861943,0.00546497339977994,0.11224283723082484,2,0.3996847120711851,0.40168647766213644,0.1986288102666785,0.0
2023-05-11,96725.64890225301,0.001844695667728927,0.1106051954386692,2,0.3982529644287418,0.40518560385730923,0.19656143171394902,0.0
2023-05-12,96314.6648151638,-0.004248966967433296,0.11438420458425713,2,0.3994283657871987,0.40350902580612186,0.19706260840667944,0.0
2023-05-15,96085.49130427987,-0.00237942489156474,0.11649146085223228,2,0.4017623221668124,0.40028208628292106,0.19795559155026654,0.0
2023-05-16,95474.21875739662,-0.006361756999789893,0.12211212748552969,2,0.40163257554246584,0.40163459132211016,0.19673283313542403,0.0
2023-05-17,95760.33499797266,0.0029967905922651003,0.11948128136811464,2,0.4036459014672951,0.3976419749413208,0.19871212359138404,0.0
2023-05-18,95603.7253689596,-0.001635433178219155,0.12092131089460822,2,0.4082019504844875,0.39534251076758375,0.19645553874792884,0.0
2023-05-19,95465.57760285205,-0.0014450040055907954,0.12219158312159495,2,0.40819783219940303,0.3931148452671098,0.19868732253348723,0.0
2023-05-22,95303.34510242648,-0.0016993821699846884,0.12368331509390063,2,0.4090587218246642,0.39238175307677264,0.1985595250985633,0.0
2023-05-23,94996.20568737914,-0.0032227558719711055,0.126507469835888,2,0.40577572858515437,0.3947835810535461,0.19944069036129958,0.0
2023-05-24,94379.56604972316,-0.0064912028137762605,0.1321774870055018,2,0.3996965432546483,0.4006209672108407,0.199682489534511,0.0
2023-05-25,94430.97115052622,0.0005446634579351235,0.13170481579470017,2,0.40293842772433597,0.3994072894004393,0.19765428287522474,0.0
2023-05-26,95302.97012466997,0.00923424765751655,0.12368676302391968,2,0.4044221814244062,0.3989495092102035,0.19662830936539039,0.0
2023-05-30,95813.52861802904,0.0053572149188129735,0.11899216467723805,2,0.4024203783403752,0.400788327277909,0.196791294381716,0.0
2023-05-31,95963.4491504066,0.0015647115239354713,0.11761364156463106,2,0.39956367994619413,0.4036502346285164,0.1967860854252895,0.0
2023-06-01,96630.35639602388,0.006949596450748801,0.11148141245985943,2,0.4010135033211788,0.39879809918622156,0.20018839749259962,0.0
2023-06-02,96483.14080231122,-0.0015234921944127912,0.11283506359256745,2,0.4074333674487879,0.3950295573842727,0.19753707516693936,0.0
2023-06-05,96451.57115712456,-0.00032720374693585234,0.1131253472839101,2,0.40678577177917946,0.39442285239996056,0.19879137582086,0.0
2023-06-06,96782.283466932,0.0034287913181702935,0.11008443917437183,2,0.40627845789200345,0.39539191636558163,0.19832962574241475,0.0
2023-06-07,95847.75562851118,-0.00965598046402903,0.11867744644433953,2,0.40882119815198026,0.39332070880400194,0.1978580930440178,0.0
2023-06-08,96781.34919573655,0.00974038005484264,0.11009302982180313,2,0.3985374847591644,0.4007750394413881,0.20068747579944746,0.0
2023-06-09,96745.224455188,-0.0003732613860908393,0.1104251977309838,2,0.3994017056107382,0.4003748325123327,0.2002234618769291,0.0
2023-06-12,97192.75051200694,0.004625820647366767,0.10631018424327066,2,0.40116931880400414,0.399704311391867,0.19912636980412876,0.0
2023-06-13,96923.37413780371,-0.0027715685870002733,0.10878710686314397,2,0.4049364620226434,0.39685489452447703,0.19820864345287964,0.0
2023-06-14,97288.5915104142,0.003768104194260067,0.10542892382253632,2,0.4038967603966306,0.3985292821499548,0.19757395745341452,0.0
2023-06-15,98281.66957071335,0.0102075489518506,0.09629754577154526,2,0.40086718921617165,0.3997617839613996,0.19937102682242872,0.0
2023-06-16,97964.73374900491,-0.00322477042863428,0.09921177872222542,2,0.4007942610388152,0.3994975742194073,0.19970816474177755,0.0
2023-06-20,97829.34058382102,-0.0013820602578350604,0.10045672232357938,2,0.3992666048434534,0.40281882776456274,0.19791456739198382,0.0
2023-06-21,97696.57742866747,-0.0013570893390596782,0.10167748291573686,2,0.39776071120814216,0.4043424258290403,0.1978968629628176,0.0
2023-06-22,97168.29963683418,-0.005407331615265686,0.1065350106630717,2,0.4013668063602642,0.4016336279120746,0.1969995657276612,0.0
2023-06-23,97314.77048807773,0.001507393376142025,0.1051882074563304,4,0.24773656389361445,0.2521123929306835,0.2503119929010148,0.24983905027468728
2023-06-26,97302.71070860933,-0.00012392547819737644,0.10529909743561794,4,0.24675493737087192,0.25241203371411475,0.250778514676622,0.2500545142383913
2023-06-27,97353.83989915982,0.0005254652226863853,0.10482896322661428,4,0.24932921050139142,0.25162100401765425,0.24949545338653184,0.2495543320944226
2023-06-28,97441.43348917381,0.0008997445822858396,0.10402353793605823,4,0.24923068775243995,0.2524669440338928,0.2486960022388846,0.2496063659747826
2023-06-29,97007.33081766237,-0.004455011138148569,0.10801512305407213,4,0.2513327014975821,0.24901977256135496,0.2495411673271543,0.25010635861390856
2023-06-30,98052.15984314325,0.01077061925809282,0.09840789356051083,2,0.4004076408907504,0.4004050649156553,0.19918729419359443,0.0
2023-07-03,97896.68689337964,-0.001585614738240702,0.09983747129236276,2,0.4015050048817145,0.3987675465720741,0.1997274485462114,0.0
2023-07-05,97398.25354273051,-0.005091422053863473,0.1044205786430864,2,0.40295953657528144,0.3969995666049096,0.20004089681980908,0.0
2023-07-06,96485.98803268684,-0.009366343613578713,0.11280888323676519,2,0.40358421220205465,0.3950853225665835,0.2013304652313619,0.0
2023-07-07,96303.93222194977,-0.0018868626880350495,0.11448289105214182,2,0.40332631914912603,0.3934495803503025,0.2032241005005714,0.0
2023-07-10,96467.07961847397,0.0016940886291973202,0.11298274658691354,2,0.4003342198791407,0.39984755078197226,0.19981822933888704,0.0
2023-07-11,96983.54071218123,0.005353754832735225,0.1082338736797337,2,0.4007382818053136,0.3997627162953082,0.19949900189937805,0.0
2023-07-12,97989.81007107694,0.010375671495455274,0.09898120130225996,2,0.39981423990495485,0.40006167996074593,0.20012408013429928,0.0
2023-07-13,98726.88403923507,0.007521945063711269,0.09220378739708446,2,0.3999789199285025,0.4012491230153269,0.19877195705617065,0.0
2023-07-14,98406.48861379157,-0.0032452703087049936,0.09514983149219958,2,0.4010312616530394,0.4001850909317094,0.1987836474152512,0.0
2023-07-17,98689.5477226993,0.00287642728538576,0.09254709577831777,3,0.8004752075524771,0.19952479244752286,0.0,0.0
2023-07-18,99365.94073994752,0.006853745232967904,0.0863276447618655,3,0.8009338596404181,0.1990661403595818,0.0,0.0
2023-07-19,99766.36794976804,0.004029823567700143,0.08264570637157087,3,0.7994931483455056,0.2005068516544944,0.0,0.0
2023-07-20,98994.30360250316,-0.007738723611283709,0.08974485770358553,3,0.8003828577846945,0.19961714221530547,0.0,0.0
2023-07-21,99000.13390017544,5.889528447711022e-05,0.0896912479680333,3,0.8003357217846828,0.19966427821531718,0.0,0.0
2023-07-24,98878.14059971996,-0.0012322538934996,0.0908129794720115,0,0.0,0.0,0.0,1.0
2023-07-25,98865.92253669875,-0.0001235668768355,0.09092532487259752,0,0.0,0.0,0.0,1.0
2023-07-26,98963.54215436403,0.00098739398936,0.09002771000249732,0,0.0,0.0,0.0,1.0
2023-07-27,98817.07109903128,-0.001480050654455,0.09137451508584393,0,0.0,0.0,0.0,1.0
2023-07-28,98951.34490576021,0.0013588118453173,0.09013986401398533,0,0.0,0.0,0.0,1.0
2023-07-31,99175.20175879958,0.00226229217250718,0.08808149455026781,2,0.39985698015386456,0.40005679125710997,0.20008622858902547,0.0
2023-08-01,98205.88637737026,-0.009773767678202056,0.09699437416398671,2,0.4026481471523261,0.3973850245890559,0.19996682825861803,0.0
2023-08-02,97144.69502993493,-0.010805781471770049,0.10675205562454948,2,0.40138423045614086,0.397427911620344,0.2011878579235152,0.0
2023-08-03,96135.68289271578,-0.010386693137574132,0.11602994791854615,2,0.4044347109537721,0.3923337538659218,0.2032315351803062,0.0
2023-08-04,96698.62655668912,0.005855720238671128,0.1108536665941936,2,0.4002617351314992,0.39695836967265924,0.2027798951958415,0.0
2023-08-07,96611.57132141925,-0.0009002737512392201,0.11165414169916943,2,0.4038549481136084,0.39642032421355006,0.1997247276728416,0.0
2023-08-08,96764.31134307875,0.0015809702665049701,0.1102496933108229,2,0.40146399071811417,0.40039101347090056,0.19814499581098527,0.0
2023-08-09,96613.72761513265,-0.0015561907676085382,0.11163431452356953,2,0.3994016519337563,0.40308880464215685,0.1975095434240869,0.0
2023-08-10,95966.0721207365,-0.006703555595910072,0.11758952328565953,2,0.40224149248159996,0.3991284963536136,0.19863001116478657,0.0
2023-08-11,95855.41413188024,-0.0011530949054269332,0.11860702631085418,2,0.4024710661478198,0.39866961902456927,0.19885931482761096,0.0
2023-08-14,95924.34037423896,0.0007190646765543401,0.1179732477573111,2,0.401918980331189,0.39883241001573394,0.19924860965307697,0.0
2023-08-15,95191.32164875274,-0.007641634257024183,0.12471337360286061,2,0.4002960379361146,0.3994540158843317,0.2002499461795537,0.0
2023-08-16,94504.08723537443,-0.007219507004158774,0.13103251153278128,2,0.40024813959098965,0.3992107559008103,0.2005411045082001,0.0
2023-08-17,94025.90050681913,-0.005059958172648353,0.13542945067781664,2,0.39921832736501883,0.39953065301950064,0.2012510196154805,0.0
2023-08-18,94179.88339425648,0.001637664586112478,0.13401357410699588,2,0.39875746957025393,0.4002861701979349,0.20095636023181115,0.0
2023-08-21,94045.35246173383,-0.00142844658194664,0.1352505894570749,1,0.6047676603351341,0.395232339664866,0.0,0.0
2023-08-22,94176.53899494227,0.0013949284018241693,0.13404432594384785,1,0.6022893738674058,0.3977106261325942,0.0,0.0
2023-08-23,95736.33297754588,0.016562447497538584,0.11970198055709724,1,0.5990754476153615,0.40092455238463853,0.0,0.0
2023-08-24,94688.37459357249,-0.010946297517152488,0.12933798458167944,1,0.5973111208148071,0.40268887918519297,0.0,0.0
2023-08-25,95211.63437403731,0.005526124856517919,0.12452659757665019,1,0.5982161830490144,0.40178381695098553,0.0,0.0
2023-08-28,95547.81140463501,0.0035308398265388196,0.12143544122029848,2,0.40112025916759525,0.39901117406071734,0.1998685667716875,0.0
2023-08-29,96684.31982664268,0.011894656772353308,0.11098521734125999,2,0.40213512581866806,0.3984163447096454,0.19944852947168654,0.0
2023-08-30,96852.70140826519,0.0017415603887415163,0.10943694441077578,2,0.4030893787157601,0.39731071185976174,0.19959990942447822,0.0
2023-08-31,96935.38974272204,0.000853753516985563,0.10867662306996917,2,0.40215622781721017,0.39874592277013005,0.19909784941265982,0.0
2023-09-01,96415.61271360336,-0.005362097686904827,0.11345598608768992,2,0.40507838714909555,0.39465035558050626,0.20027125727039813,0.0
2023-09-05,95550.76381107712,-0.00897000888326276,0.12140829376788675,2,0.40187606617733473,0.3979608059321546,0.20016312789051066,0.0
2023-09-06,95299.41541470244,-0.002630522105209432,0.123719448672584,2,0.4002272555615466,0.39999167673369024,0.19978106770476323,0.0
2023-09-07,95308.37712939472,9.403745713750578e-05,0.12363704547779808,2,0.39896103319606596,0.4010632482524623,0.19997571855147167,0.0
2023-09-08,95518.44264675718,0.002204061423449237,0.12170548769679568,2,0.39868308313044704,0.4017137387545433,0.19960317811500958,0.0
2023-09-11,95527.72974736226,9.722835033465389e-05,0.12162009257025641,2,0.4012661234183974,0.3987802529834383,0.19995362359816432,0.0
2023-09-12,95433.55094951858,-0.0009858791587818796,0.12248606901448422,1,0.597297478544648,0.40270252145535207,0.0,0.0
2023-09-13,95491.87039590627,0.0006111000356524477,0.12194982021997347,1,0.5976286968105423,0.4023713031894576,0.0,0.0
2023-09-14,95706.59855620467,0.002248653832081661,0.1199753893184512,1,0.6014292460794282,0.39857075392057173,0.0,0.0
2023-09-15,94780.6115181879,-0.00967526849753182,0.12848986371123106,1,0.5999881236474381,0.4000118763525618,0.0,0.0
2023-09-18,95030.13469678375,0.0026326394670704227,0.1261954917304854,1,0.598763732239178,0.401236267760822,0.0,0.0
2023-09-19,94631.3373530015,-0.00419653560478158,0.12986244346105713,1,0.6012789058747253,0.39872109412527473,0.0,0.0
2023-09-20,94226.14970917975,-0.004281749102945495,0.1335881541632069,1,0.5983130166197941,0.4016869833802059,0.0,0.0
2023-09-21,92322.57126176154,-0.02020223105044018,0.15109160645764008,1,0.6005563765928752,0.39944362340712475,0.0,0.0
2023-09-22,92494.71054228835,0.001864541662718021,0.1495087813900493,1,0.5980908153755067,0.40190918462449327,0.0,0.0
2023-09-25,91812.52442408225,-0.007375406811984253,0.15578150011731784,1,0.6050685837212946,0.3949314162787054,0.0,0.0
2023-09-26,90875.559062847,-0.01020520203656978,0.16439692047163046,1,0.5972806177132939,0.402719382286706,0.0,0.0
2023-09-27,90707.78663883028,-0.0018461776273716146,0.1659395921824186,1,0.5986241763004442,0.4013758236995559,0.0,0.0
2023-09-28,91133.78036177914,0.004696330257125982,0.16202256905291412,1,0.5992803091128458,0.40071969088715426,0.0,0.0
2023-09-29,91005.36477311523,-0.0014090887940139067,0.1632033536604982,1,0.5986695125487159,0.4013304874512841,0.0,0.0
2023-10-02,90372.28946378954,-0.0069564614229502076,0.1690244972496131,1,0.6026234992662787,0.3973765007337213,0.0,0.0
2023-10-03,88868.81906084123,-0.0166364093669522,0.18284894588727751,1,0.6019831361593612,0.39801686384063883,0.0,0.0
2023-10-04,89757.40272985456,0.009998823866501423,0.17467839642487848,1,0.6003639265223709,0.399636073477629,0.0,0.0
2023-10-05,89558.29443327093,-0.002218293873574907,0.1765092022818181,1,0.6014720035831983,0.39852799641680176,0.0,0.0
2023-10-06,89765.35515205335,0.0023120216847886434,0.17460527370026968,1,0.6072092642931974,0.3927907357068026,0.0,0.0
2023-10-09,90941.8332827645,0.013106149123103497,0.16378752733196222,1,0.603191135320815,0.3968088646791849,0.0,0.0
2023-10-10,91175.53559305097,0.0025697998583317197,0.1616386286381648,1,0.6015769275370421,0.3984230724629579,0.0,0.0
2023-10-11,92158.93746782956,0.010785808587600313,0.15259622335941803,1,0.5975956328451086,0.40240436715489136,0.0,0.0
2023-10-12,90817.14180240514,-0.014559582632913994,0.16493406866885996,1,0.6027278827551455,0.3972721172448544,0.0,0.0
2023-10-13,91190.05376106485,0.004106184705427803,0.1615051337136042,1,0.5972732559445214,0.4027267440554786,0.0,0.0
2023-10-16,91172.04665928459,-0.0001974678272197419,0.16167070947298467,1,0.603676627221187,0.39632337277881297,0.0,0.0
2023-10-17,90967.74094486496,-0.0022408810803944725,0.16354930571926718,3,0.8017599316119535,0.1982400683880465,0.0,0.0
2023-10-18,89837.23429510843,-0.012427555504997311,0.17394434314963458,3,0.8010313253775313,0.1989686746224687,0.0,0.0
2023-10-19,88838.98421203824,-0.011111763300626722,0.1831232780816996,3,0.802914903098858,0.19708509690114198,0.0,0.0
2023-10-20,88061.90425788659,-0.008747060325418918,0.19026854804674953,3,0.8000467593132659,0.19995324068673417,0.0,0.0
2023-10-23,88151.31329889497,0.0010152976109458652,0.18944642963807368,3,0.7978499196012656,0.20215008039873453,0.0,0.0
2023-10-24,88915.32329845362,0.00866702912261914,0.18242133823830387,3,0.7991057618216277,0.2008942381783722,0.0,0.0
2023-10-25,87497.91196657154,-0.015941136795109858,0.19545447152620998,3,0.800396065627484,0.199603934372516,0.0,0.0
2023-10-26,86927.18912161834,-0.006522702452273787,0.20070228261775191,3,0.796003787479432,0.20399621252056796,0.0,0.0
2023-10-27,86538.20583972661,-0.004474817209923891,0.204278993799347,3,0.7959574138952827,0.20404258610471723,0.0,0.0
2023-10-30,87282.18874409716,0.008597161186221716,0.1974380520497775,3,0.7986078360274939,0.2013921639725062,0.0,0.0
2023-10-31,87635.50519663445,0.004047978833037481,0.1941892982722737,3,0.8017787336632143,0.19822126633678563,0.0,0.0
2023-11-01,88761.4991492059,0.012848604570088086,0.1838357552074289,3,0.8000499924984373,0.1999500075015628,0.0,0.0
2023-11-02,90527.02473772458,0.019890668876050257,0.1676017024657882,3,0.7994802259995963,0.2005197740004036,0.0,0.0
2023-11-03,91310.37658882812,0.008653237564948823,0.16039876224856564,3,0.7998528712652716,0.20014712873472837,0.0,0.0
2023-11-06,91301.11346886065,-0.00010144652024794514,0.16048393687253137,3,0.8017742039478247,0.19822579605217527,0.0,0.0
2023-11-07,91778.33379260177,0.00522688394051044,0.1560958838443698,3,0.7981052910549475,0.20189470894505257,0.0,0.0
2023-11-08,92147.61162227485,0.004023583937659628,0.15270036479768112,3,0.7954890580373128,0.20451094196268724,0.0,0.0
2023-11-09,91142.48080964155,-0.010907833582854675,0.16194256821328157,3,0.7979896275520395,0.20201037244796047,0.0,0.0
2023-11-10,92380.52399835353,0.0135836020449973,0.15055872956903826,3,0.7995808403938762,0.20041915960612386,0.0,0.0
2023-11-13,92268.04829818277,-0.0012175261115943258,0.15159294649605382,3,0.7997925779793054,0.20020742202069464,0.0,0.0
2023-11-14,94118.4014496728,0.020054105246815758,0.13457890215294477,3,0.7994875508113397,0.20051244918866032,0.0,0.0
2023-11-15,94012.83224683788,-0.0011216637895340236,0.13554961366109863,3,0.802079685900515,0.197920314099485,0.0,0.0
2023-11-16,94336.2922354665,0.0034405940220943306,0.1325753908294639,3,0.8003072272659526,0.19969277273404734,0.0,0.0
2023-11-17,94518.48159159345,0.0019312753534153997,0.13090015506082697,3,0.7997580584870817,0.20024194151291816,0.0,0.0
2023-11-20,95215.97306322758,0.007379418923041146,0.12448670321907063,3,0.8000107386950067,0.1999892613049932,0.0,0.0
2023-11-21,95041.54566597374,-0.0018319131931571803,0.12609056757822823,3,0.7997214252764001,0.20027857472359983,0.0,0.0
2023-11-22,95402.27489539693,0.003795489929119844,0.12277365312850852,3,0.7997735401640647,0.2002264598359353,0.0,0.0
2023-11-24,95224.28963974312,-0.0018656290518119746,0.12441023208624691,3,0.8017614541528634,0.19823854584713668,0.0,0.0
2023-11-27,95402.11376484866,0.001867424013119925,0.12277513472800261,3,0.7988257603415552,0.20117423965844486,0.0,0.0
2023-11-28,95515.40250907892,0.0011874867312636544,0.12173344184015766,3,0.7986682483336888,0.2013317516663111,0.0,0.0
2023-11-29,95701.8078067159,0.00195157317815062,0.12001944038198631,3,0.797880243141656,0.20211975685834394,0.0,0.0
2023-11-30,95779.01701639398,0.0008067685600465101,0.11930949973303429,3,0.8003760646616654,0.1996239353383344,0.0,0.0
2023-12-01,96592.64375009728,0.008494832783302193,0.11182818119942373,3,0.7983294161737852,0.2016705838262148,0.0,0.0
2023-12-04,96110.31924343594,-0.004993387570063896,0.11626316731950359,3,0.7981238311962864,0.2018761688037137,0.0,0.0
2023-12-05,96512.08155596275,0.004180220351877113,0.11256895262582922,3,0.7946448204781524,0.20535517952184762,0.0,0.0
2023-12-06,96458.01771735746,-0.0005601768994480205,0.11306607099842114,3,0.7972228236572482,0.20277717634275186,0.0,0.0
2023-12-07,96932.56010213855,0.004919677969866528,0.1087026416871848,3,0.7993732040918834,0.20062679590811663,0.0,0.0
2023-12-08,97106.54730043293,0.0017949303939878028,0.10710282496866819,3,0.8013714466578631,0.19862855334213683,0.0,0.0
2023-12-11,97368.42916577256,0.002696850754351544,0.10469481454862672,3,0.8023247656621172,0.1976752343378828,0.0,0.0
2023-12-12,97782.36161716486,0.0042511977952070104,0.10088869511819842,3,0.8025772930817978,0.1974227069182021,0.0,0.0
2023-12-13,99680.6379485116,0.019413279654451783,0.08343399591604894,2,0.39779354760931923,0.40158859624252635,0.20061785614815458,0.0
2023-12-14,100966.45782896302,0.01289939457566063,0.07161084937473361,2,0.3939880056237947,0.4067878759299787,0.19922411844622656,0.0
2023-12-15,100762.18928563406,-0.002023132708834839,0.07348910383189089,2,0.3941366838751165,0.40806521609972585,0.19779810002515763,0.0
2023-12-18,100748.56903877166,-0.0001351722005939064,0.0736143423486002,2,0.3964073205575349,0.40486862872126284,0.19872405072120225,0.0
2023-12-19,101347.63699421783,0.005946168378983526,0.0681058972443297,2,0.3964603791295938,0.4046441422815399,0.19889547858886622,0.0
2023-12-20,100950.14360527243,-0.0039220785085308,0.07176085907697427,2,0.3960103045699705,0.40429567639691827,0.19969401903311126,0.0
2023-12-21,101213.47496345403,0.0026085288121160863,0.06933952053334269,2,0.3987251402496883,0.4006921030062283,0.20058275674408352,0.0
2023-12-22,101200.13835991667,-0.0001317670749094928,0.06946215094245589,2,0.3995791214758177,0.39892210327163286,0.20149877525254944,0.0
2023-12-26,101641.07259315552,0.00435705168377006,0.06540774944040784,2,0.39952555168306814,0.3983208981140551,0.2021535502028768,0.0
2023-12-27,102525.12914876794,0.008697827886479274,0.057278826901003166,2,0.39679666521788926,0.4018834890313763,0.20131984575073456,0.0
2023-12-28,102123.52277741492,-0.0039171506018809005,0.06097160771161381,2,0.40172472755711686,0.39865642287768954,0.1996188495651937,0.0
2023-12-29,101605.59140512523,-0.005071616785278302,0.06573399986779649,2,0.4026036177298827,0.39707434711054607,0.20032203515957117,0.0
2024-01-02,101096.1891813507,-0.0050135255031727305,0.07041796628620645,2,0.40236780135494576,0.39677469930863085,0.20085749933642333,0.0
2024-01-03,100761.99031700152,-0.0033057513547783096,0.0734909333535334,2,0.40040545989704207,0.39975091817213726,0.1998436219308206,0.0
2024-01-04,100040.23855370107,-0.007162936748567533,0.08012745919489628,2,0.4019951630045453,0.39651720643206373,0.20148763056339095,0.0
2024-01-05,99715.40779506843,-0.00324700104006922,0.08311428629162165,2,0.40185260250306915,0.39746408749873186,0.200683309998199,0.0
2024-01-08,100522.07146514577,0.008089659240376962,0.07569699330535096,2,0.4043186715734474,0.39816445776857917,0.19751687065797344,0.0
2024-01-09,100211.56826313343,-0.003088905724749133,0.0785520781541329,2,0.4049561665918605,0.3968516875424003,0.19819214586573924,0.0
2024-01-10,100210.40090704669,-1.164891545933919e-05,0.07856281202307469,2,0.40725112601759345,0.39500789761443467,0.19774097636797192,0.0
2024-01-11,100453.77643450955,0.0024286453827145264,0.07632496785103315,2,0.4060854507488278,0.39626339373889513,0.197651155512277,0.0
2024-01-12,100599.44789947722,0.0014501342820361402,0.07498551502145312,2,0.39969741866503566,0.39863621095707247,0.20166637037789198,0.0
2024-01-16,99553.01579345336,-0.010401966689414493,0.084607484881426,2,0.40241597698614984,0.3957314359542445,0.20185258705960563,0.0
2024-01-17,99046.63807152567,-0.005086513129630318,0.08926364092834194,2,0.4022249919865383,0.397125412285384,0.20064959572807764,0.0
2024-01-18,99198.90579216614,0.0015373335592724364,0.08786353535989133,2,0.40517900750385233,0.39282999983473615,0.20199099266141163,0.0
2024-01-19,99884.50001804394,0.0069113083496525635,0.08155947899580163,2,0.4074142640304484,0.39138163120464625,0.20120410476490533,0.0
2024-01-22,100131.29549172691,0.0024708085202248204,0.07929018833118484,2,0.3998577827810048,0.4013888900584298,0.1987533271605653,0.0
2024-01-23,100007.18595796415,-0.0012394679720590263,0.08043137865430872,2,0.4015215805487656,0.39870251074831264,0.19977590870292183,0.0
2024-01-24,99652.7756396576,-0.003543848523600192,0.08369019055541371,2,0.4033901026410328,0.39777688462896926,0.19883301272999795,0.0
2024-01-25,100209.10413393448,0.005582669330642218,0.07857473588486086,2,0.4033324321739895,0.398153429475539,0.19851413835047135,0.0
2024-01-26,100067.49739757128,-0.001413112487004549,0.0798768134314235,2,0.4033901007780249,0.39795294266523307,0.19865695655674206,0.0
2024-01-29,100986.70681719127,0.00918589395683546,0.07142465941237908,2,0.3994979770671685,0.40092363178110985,0.19957839115172177,0.0
2024-01-30,101350.39680226335,0.003601364937371951,0.06808052073907866,2,0.3977565276864313,0.403106722068618,0.19913675024495067,0.0
2024-01-31,101078.84154642117,-0.0026793704258700262,0.07057747823110261,2,0.3923173944139553,0.40815908667562967,0.19952351891041495,0.0
2024-02-01,102616.88082353622,0.015216233719978755,0.056435167915254936,2,0.3914949842876776,0.4099279136089679,0.19857710210335436,0.0
2024-02-02,101917.99632197709,-0.0068106192270739226,0.06286142870264222,2,0.3983292622228215,0.4036220102930156,0.1980487274841629,0.0
2024-02-05,100833.92352169406,-0.0106367161777616,0.07282950570476521,2,0.40282834316512933,0.39613609624165846,0.20103556059321223,0.0
2024-02-06,101448.16937483859,0.0060916587562158024,0.06718149944468665,2,0.401551714349878,0.3975859606864538,0.20086232496366813,0.0
2024-02-07,101587.32306997005,0.001371672805817819,0.06590197767471118,2,0.4043462497439477,0.39511976056550246,0.20053398969054967,0.0
2024-02-08,101353.6947357544,-0.002299778428601185,0.06805019615665386,2,0.4054572551675143,0.39372777619597427,0.20081496863651144,0.0
2024-02-09,101431.67818719748,0.000769418930867755,0.0673331363349583,2,0.4074870262053778,0.3926301881149061,0.1998827856797161,0.0
2024-02-12,101419.8455875134,-0.00011665586033435997,0.06744193739034454,3,0.7997421804034478,0.20025781959655226,0.0,0.0
2024-02-13,99954.6933731545,-0.014446405492647255,0.0809140493082412,3,0.8002884818246527,0.19971151817534727,0.0,0.0
2024-02-14,100783.24302400603,0.008289252089027662,0.07329551417147362,3,0.8009223434270927,0.19907765657290738,0.0,0.0
2024-02-15,101443.9327144898,0.006555551008875407,0.06722045564447099,3,0.8011960580367368,0.19880394196326326,0.0,0.0
2024-02-16,100922.45785102561,-0.005140522942183858,0.07201543029223034,3,0.8013254545672308,0.19867454543276925,0.0,0.0
2024-02-20,100857.42601897693,-0.0006443742397224802,0.07261339964381008,2,0.3980543182412971,0.400603099770892,0.2013425819878109,0.0
2024-02-21,100607.65863377642,-0.0024764402093060845,0.07491001711050382,2,0.3994039836730609,0.39874282288479584,0.20185319344214323,0.0
2024-02-22,101643.76464068297,0.010298480463382156,0.06538299599484587,2,0.4035142609709321,0.39660487952340684,0.19988085950566106,0.0
2024-02-23,102326.51838116499,0.006717123700559355,0.05910505796629706,2,0.4010983704288091,0.3992323442973823,0.19966928527380856,0.0
2024-02-26,102008.8595885872,-0.0031043643192716686,0.06202593865252959,2,0.400873774313515,0.3992811499980171,0.19984507568846782,0.0
2024-02-27,101775.21940077018,-0.0022903911362143203,0.06417426612863886,2,0.4016630647965713,0.3980908299103717,0.20024610529305692,0.0
2024-02-28,102015.2812340404,0.00235874542628011,0.061966891459074414,2,0.400188268270102,0.3996755534210151,0.20013617830888292,0.0
2024-02-29,102554.95342603672,0.005290111299680902,0.05700459191210738,2,0.3995134862626721,0.40037817610205284,0.2001083376352752,0.0
2024-03-01,103583.54786985433,0.010029690516698705,0.047546639810317703,2,0.3992597248906572,0.39887240277358493,0.20186787233575795,0.0
2024-03-04,103711.22325569383,0.0012325836338402455,0.04637266138655172,2,0.39834057111477733,0.3967788767817829,0.2048805521034398,0.0
2024-03-05,104012.30224802638,0.00290305121163454,0.04360423238574207,2,0.3948560605275607,0.40452232595775234,0.20062161351468696,0.0
2024-03-06,104638.74732722768,0.00602279793507028,0.037844053931444965,2,0.39448101672607405,0.40446011948762134,0.20105886378630475,0.0
2024-03-07,105128.39356121716,0.004679396939436375,0.033341744342151314,2,0.3965412637936727,0.40219886018175427,0.20125987602457304,0.0
2024-03-08,104982.04327331446,-0.0013921099994502926,0.03468743896590376,2,0.3947105725737881,0.4020454546988292,0.2032439727273828,0.0
2024-03-11,104963.535125332,-0.0001762982259193009,0.03485762185787156,2,0.39444071484734294,0.4019064520114213,0.2036528331412358,0.0
2024-03-12,105691.3253211039,0.006933743179504021,0.028165572476178347,3,0.8030379197722989,0.19696208022770098,0.0,0.0
2024-03-13,105457.35521448975,-0.0022137115406899873,0.03031693356402765,3,0.8035579797817498,0.1964420202182502,0.0,0.0
2024-03-14,104971.70213280075,-0.004605208244614449,0.034782526016241544,3,0.8056798120992835,0.19432018790071648,0.0,0.0
2024-03-15,104384.37836212582,-0.005595067611001477,0.040182983042500786,3,0.8046495627346999,0.19535043726530021,0.0,0.0
2024-03-18,104822.1361862955,0.004193710122514842,0.036157788702724014,3,0.8060514237387192,0.19394857626128092,0.0,0.0
2024-03-19,105148.68788537696,0.0031152933050429803,0.03315513751475185,2,0.4009737092259988,0.39987666151548945,0.1991496292585117,0.0
2024-03-20,105774.51055822487,0.005951787753453642,0.027400682102722618,2,0.4022880458580634,0.39738240139951025,0.2003295527424264,0.0
2024-03-21,105983.6294388222,0.001977025272853776,0.025477828670879443,2,0.40282118508649095,0.39745219626502853,0.1997266186484806,0.0
2024-03-22,106135.63260605028,0.0014342136425496406,0.024080155677792203,2,0.4014816767317095,0.40067745171198765,0.197840871556303,0.0
2024-03-25,105872.30532874151,-0.002481044968999021,0.026501456697694104,2,0.40136828664849306,0.39966521276633543,0.19896650058517157,0.0
2024-03-26,105980.31070287296,0.00102014756168842,0.025508344532437,2,0.39885427288195147,0.40070341559635925,0.2004423115216892,0.0
2024-03-27,106910.53470777448,0.008777328531424043,0.01695491112126679,2,0.3987065636295776,0.401156458194454,0.20013697817596826,0.0
2024-03-28,107142.17248234054,0.002166650603695946,0.014824995885987402,2,0.39776856961226226,0.3999509513503756,0.20228047903736227,0.0
2024-04-01,106490.4708508206,-0.006082587429588994,0.02081740898195661,2,0.39950660873645455,0.3948974618221663,0.2055959294413791,0.0
2024-04-02,106311.6728852722,-0.0016790043664926923,0.022461460827869595,2,0.3976341450499154,0.3933819033562681,0.2089839515938164,0.0
2024-04-03,106400.47037875297,0.0008352562900276199,0.021644965614281753,3,0.8002103507934007,0.19978964920659914,0.0,0.0
2024-04-04,105513.68641643628,-0.008334398890907365,0.029798966727779597,3,0.797086193441333,0.20291380655866698,0.0,0.0
2024-04-05,106094.29530030458,0.005502687884269201,0.024460253256687103,3,0.8010055550319177,0.19899444496808233,0.0,0.0
2024-04-08,106139.51506870081,0.00042622243041662083,0.024044456334862185,3,0.801112116811705,0.198887883188295,0.0,0.0
2024-04-09,106434.2396019912,0.0027767654025894783,0.0213344567467475,3,0.799817930384838,0.20018206961516208,0.0,0.0
2024-04-10,105117.72321324772,-0.01236929388199298,0.03343985846342723,3,0.8019084125114442,0.19809158748855574,0.0,0.0
2024-04-11,105659.25835114329,0.00515170155271527,0.02846042908148072,3,0.8038193177861472,0.19618068221385282,0.0,0.0
2024-04-12,104597.74750590985,-0.010046548327129638,0.03822104833243245,3,0.8007691911523002,0.1992308088476998,0.0,0.0
2024-04-15,103225.28810691266,-0.013121309318058058,0.05084084745286033,3,0.8012505263599343,0.19874947364006568,0.0,0.0
2024-04-16,102938.26805548574,-0.0027805207104837043,0.05348000413406284,3,0.8020191469366255,0.19798085306337454,0.0,0.0
2024-04-17,102999.85160106522,0.0005982570597193595,0.05291374186437037,2,0.39739496040456296,0.4041973889235724,0.19840765067186458,0.0
2024-04-18,102775.59850075198,-0.0021772177030100212,0.05497575483186079,2,0.39744258234684443,0.40303771652834436,0.19951970112481116,0.0
2024-04-19,102632.49071593887,-0.0013924295932177394,0.056291634557141146,2,0.39452291585341115,0.4050535043427708,0.20042357980381795,0.0
2024-04-22,102427.29905376368,-0.0019992856135890714,0.058178377115594704,2,0.3989537025789696,0.4051820907116848,0.19586420670934557,0.0
2024-04-23,102876.87765628223,0.00438924590096396,0.05404449041791004,2,0.40192379948731327,0.4035473926875382,0.19452880782514848,0.0
2024-04-24,102527.87487914167,-0.00339243166289128,0.05725357984030277,2,0.40117110939577827,0.3985213792047411,0.20030751139948064,0.0
2024-04-25,102207.53812239852,-0.003124386973988912,0.060199084475224374,2,0.40089966681995814,0.3969667508037341,0.20213358237630763,0.0
2024-04-26,102875.31329677635,0.006533521760186892,0.05405887474339954,2,0.4020708086093035,0.39645663197563114,0.20147255941506542,0.0
2024-04-29,103321.7353939388,0.004339448239390476,0.04995401219283768,2,0.40175133404325125,0.3980540753024171,0.20019459065433162,0.0
2024-04-30,101900.50527387678,-0.013755383750023463,0.06302225933529537,2,0.4009016806541637,0.40015853089636383,0.1989397884494725,0.0
2024-05-01,102253.28825220664,0.0034620336511744804,0.05977841086671265,2,0.3973255853116509,0.4015582551354253,0.20111615955292375,0.0
2024-05-02,102745.99740870592,0.004818516498794794,0.055247937626950794,2,0.39911876516526357,0.4013473955488507,0.19953383928588572,0.0
2024-05-03,103655.23607952849,0.008849382883556668,0.04688746489698181,2,0.4005216307950662,0.4018525499662777,0.19762581923865624,0.0
2024-05-06,104461.70899869173,0.007780339418111666,0.0394719258702233,2,0.401533667565254,0.4003035869018655,0.19816274553288038,0.0
2024-05-07,104667.76467399795,0.0019725474270080785,0.037577238689029735,2,0.40118539635874356,0.4019517926559992,0.19686281098525718,0.0
2024-05-08,104356.48166875189,-0.0029740102524936827,0.04043949384840173,2,0.40123190899871425,0.3987614816684643,0.20000660933282136,0.0
2024-05-09,105130.07520151585,0.007412989786484983,0.033326281616785636,2,0.40057427578298815,0.3977582479477824,0.20166747626922937,0.0
2024-05-10,105121.01187408647,-8.621060540484395e-05,0.03340961914327645,2,0.40112491255009014,0.39555405263992854,0.2033210348099813,0.0
2024-05-13,104993.37777485058,-0.0012141635336308106,0.034583217935670985,2,0.40166645123708883,0.397045740982663,0.20128780778024813,0.0
2024-05-14,105601.01041700931,0.005787342545181821,0.02899602031899773,2,0.40118750411781456,0.3969894009742611,0.20182309490792433,0.0
2024-05-15,106935.3781007148,0.012635936705872321,0.016726475490598358,3,0.7998002765098429,0.20019972349015716,0.0,0.0
2024-05-16,106738.48842221336,-0.001841202434576969,0.01853688109778029,3,0.7996269456082306,0.2003730543917695,0.0,0.0
2024-05-17,106717.06375947296,-0.00020072106188771986,0.018733881417209886,3,0.8009372090079018,0.19906279099209823,0.0,0.0
2024-05-20,106752.76369586398,0.0003345288479025723,0.018405619593074407,3,0.801591681522969,0.198408318477031,0.0,0.0
2024-05-21,107071.8932120053,0.0029894262695674256,0.015471215566226326,3,0.8011627313134254,0.19883726868657448,0.0,0.0
2024-05-22,106850.96271449146,-0.00206338461837418,0.017502677116373544,3,0.79934574625691,0.20065425374309004,0.0,0.0
2024-05-23,106089.1754734905,-0.007129437317625945,0.024507330194607713,3,0.7992051724608602,0.2007948275391398,0.0,0.0
2024-05-24,106713.28704387243,0.005882895852441508,0.018768608413322507,3,0.7997879598166915,0.20021204018330857,0.0,0.0
2024-05-28,106466.6384287136,-0.002311320567395048,0.021036548710070435,3,0.8022009564559465,0.1977990435440535,0.0,0.0
2024-05-29,105613.72420677729,-0.008011093752221633,0.028879116698352525,3,0.8030166711318915,0.19698332886810857,0.0,0.0
2024-05-30,105781.86552434471,0.00159204041738188,0.02733305300197264,2,0.39671495871980295,0.40322419422209993,0.20006084705809715,0.0
2024-05-31,106329.60057644655,0.005177967408561125,0.022296615251032326,2,0.3982660902623987,0.40387078317918973,0.19786312655841154,0.0
2024-06-03,107246.3284495833,0.00862156791868764,0.013867279115088338,2,0.3951836699872958,0.40689509489365655,0.19792123511904766,0.0
2024-06-04,107612.91106784165,0.00341813676568584,0.01049654260598587,2,0.39427774652442554,0.4102459339214283,0.19547631955414604,0.0
2024-06-05,108690.30480710689,0.010011751643685592,0.0005898797399888078,2,0.39500902939247784,0.4091597298828932,0.1958312407246289,0.0
2024-06-06,108784.97111700795,0.0008709728992761854,0.0,2,0.39964446440345697,0.39905259368091184,0.20130294191563125,0.0
2024-06-07,107154.29829751748,-0.014989872247486621,0.014989872247486602,2,0.40523299064328705,0.39769310839828653,0.19707390095842636,0.0
2024-06-10,107197.97913414202,0.00040764427856401737,0.014588338504580523,2,0.4063194340815788,0.3948808952887431,0.19879967062967824,0.0
2024-06-11,107801.5385888132,0.005630324932860264,0.009040150657731783,2,0.40501765554473385,0.3967310000646184,0.1982513443906477,0.0
2024-06-12,108538.38019572804,0.006835167814490612,0.00226677379005491,2,0.405571910117905,0.39699852016135817,0.19742956972073686,0.0
2024-06-13,108711.55752598892,0.0015955400287768,0.0006748504895963681,0,0.0,0.0,0.0,1.0
2024-06-14,108724.85770336697,0.0001223437294133,0.0005525893239087809,0,0.0,0.0,0.0,1.0
2024-06-17,108618.26926778715,-0.0009803501961863,0.0015323977890429052,0,0.0,0.0,0.0,1.0
2024-06-18,108764.83524231809,0.0013493676111666,0.00018509794582011185,0,0.0,0.0,0.0,1.0
2024-06-20,108724.85770336702,-0.0003675594125805,0.0005525893239083368,0,0.0,0.0,0.0,1.0
2024-06-21,108764.83524231809,0.0003676945621777,0.00018509794582011185,0,0.0,0.0,0.0,1.0
2024-06-24,108778.17942359151,0.0001226883784974,6.24322766895613e-05,0,0.0,0.0,0.0,1.0
2024-06-25,108791.47960096957,0.000122268799207,0.0,0,0.0,0.0,0.0,1.0
2024-06-26,108684.92416831129,-0.0009794464883566,0.0009794464883564613,0,0.0,0.0,0.0,1.0
2024-06-27,108764.8352423181,0.00073525444875,0.00024491218199429454,0,0.0,0.0,0.0,1.0
2024-06-28,108778.17942359153,0.0001226883784974,0.0001222538513753202,0,0.0,0.0,0.0,1.0
2024-07-01,108684.58313812212,-0.0008604325423111,0.0009825812024942815,0,0.0,0.0,0.0,1.0
2024-07-02,108778.14642067,0.0008608698662346,0.0001225572108080053,0,0.0,0.0,0.0,1.0
2024-07-03,108938.56262127121,0.0014747098188347,0.0,0,0.0,0.0,0.0,1.0
2024-07-05,109139.08837250965,0.0018407233069117,0.0,0,0.0,0.0,0.0,1.0
2024-07-08,109286.98619353394,0.00135513154113488,0.0,3,0.7998391198264558,0.20016088017354414,0.0,0.0
2024-07-09,109275.30013557617,-0.00010693000479561752,0.00010693000479566894,3,0.8007025003368039,0.19929749966319607,0.0,0.0
2024-07-10,110209.5089769157,0.008549130866540643,0.0,3,0.8017713200479702,0.19822867995202975,0.0,0.0
2024-07-11,109659.84681412835,-0.004987429559299583,0.004987429559299539,3,0.7988422529558388,0.20115774704416123,0.0,0.0
2024-07-12,110306.71017625088,0.005898816940889622,0.0,3,0.7991667331650465,0.20083326683495342,0.0,0.0
2024-07-15,110295.76535930694,-9.922167859464001e-05,9.922167859466313e-05,3,0.8022797446165553,0.19772025538344476,0.0,0.0
2024-07-16,111128.16131526016,0.007546943921569011,0.0,3,0.8009923115950636,0.1990076884049363,0.0,0.0
2024-07-17,109884.80388152301,-0.011188500007751078,0.011188500007751068,3,0.7986978161136721,0.20130218388632795,0.0,0.0
2024-07-18,109041.23181717748,-0.007676876461053463,0.018779483736460434,3,0.7986912052983866,0.20130879470161347,0.0,0.0
2024-07-19,108333.74156252103,-0.006488281935797116,0.02514591908716668,3,0.7985688130087442,0.20143118699125584,0.0,0.0
2024-07-22,109164.3028580391,0.00766669076077954,0.01767201431192389,3,0.8020983524732469,0.19790164752675304,0.0,0.0
2024-07-23,108996.65188971623,-0.0015357673152632118,0.019180641525211928,3,0.8020720513984095,0.19792794860159055,0.0,0.0
2024-07-24,106782.25589467888,-0.020316183631749536,0.03910714772156054,3,0.8001511725196915,0.1998488274803085,0.0,0.0
2024-07-25,106511.95825065234,-0.00253129737484776,0.041539453276043026,3,0.7980021182864545,0.2019978817135454,0.0,0.0
2024-07-26,107631.77083871105,0.010513491690984372,0.03146268628192439,3,0.7985439008541861,0.20145609914581383,0.0,0.0
2024-07-29,107901.2235283878,0.0025034679591077603,0.02903798414983083,1,0.5988536081164286,0.4011463918835714,0.0,0.0
2024-07-30,107740.52095965484,-0.0014893489015041237,0.03048408536153957,1,0.5967081212186172,0.40329187878138284,0.0,0.0
2024-07-31,109229.9863188973,0.013824560582923142,0.01708095386351194,1,0.5981384508024101,0.4018615491975899,0.0,0.0
2024-08-01,108683.36414093517,-0.0050043234132270895,0.021999798659399494,1,0.5926339541664729,0.4073660458335271,0.0,0.0
2024-08-02,108863.80616630483,0.0016602543249919287,0.02037606959528082,1,0.5806360715400838,0.41936392845991627,0.0,0.0
2024-08-05,108837.50320304051,-0.000241613481933,0.02061275994409073,0,0.0,0.0,0.0,1.0
2024-08-06,108705.79395002946,-0.0012101458517047,0.021797961349856898,0,0.0,0.0,0.0,1.0
2024-08-07,108639.9447245431,-0.0006057563547776,0.022390513451025607,0,0.0,0.0,0.0,1.0
2024-08-08,108587.24157966973,-0.0004851175597244,0.022864768979503625,0,0.0,0.0,0.0,1.0
2024-08-09,108613.60935516386,0.000242825723451,0.022627495410121545,0,0.0,0.0,0.0,1.0
2024-08-12,108738.24635022384,0.00114752650059178,0.021505934560154927,3,0.7995028733216257,0.20049712667837433,0.0,0.0
2024-08-13,110319.17167848845,0.014538815746326879,0.007279789633850675,3,0.8010055152483523,0.19899448475164772,0.0,0.0
2024-08-14,110735.59882126549,0.003774748635628446,0.0035325203742101463,3,0.8005107843908161,0.1994892156091838,0.0,0.0
2024-08-15,112076.72351697551,0.012111052904267046,0.0,3,0.8044885582859159,0.19551144171408422,0.0,0.0
2024-08-16,112355.60113241845,0.0024882741633742316,0.0,3,0.8042909200055944,0.1957090799944055,0.0,0.0
2024-08-19,112328.35592357487,-0.0002424908822434,0.00024249088224337356,0,0.0,0.0,0.0,1.0
2024-08-20,112491.70434987525,0.0014542047282479,0.0,0,0.0,0.0,0.0,1.0
2024-08-21,112614.20729504863,0.0010889953697597,0.0,0,0.0,0.0,0.0,1.0
2024-08-22,112464.51497137765,-0.0013292490109955,0.0013292490109955146,0,0.0,0.0,0.0,1.0
2024-08-23,112723.1211340078,0.0022994467427879,0.0,0,0.0,0.0,0.0,1.0
2024-08-26,112450.88546640416,-0.00241508276975408,0.0024150827697541066,3,0.8000251694323385,0.19997483056766158,0.0,0.0
2024-08-27,112535.46361630314,0.0007521341388125055,0.0016647650971407524,3,0.8005216500075448,0.1994783499924552,0.0,0.0
2024-08-28,111984.97639641432,-0.004891677718285706,0.006548299321094575,3,0.7997865942425051,0.20021340575749497,0.0,0.0
2024-08-29,111919.65841252966,-0.0005832745247312255,0.007127754389651408,3,0.8003249179846391,0.19967508201536094,0.0,0.0
2024-08-30,112536.42316690735,0.005510781243669558,0.0016562526411817435,3,0.803536763243202,0.19646323675679805,0.0,0.0
2024-09-03,111051.81080116914,-0.013192283208933401,0.014826686096207076,3,0.7940115127786757,0.20598848722132437,0.0,0.0
2024-09-04,111166.20393892203,0.0010300880006153083,0.013811870887028288,3,0.7915710072174338,0.2084289927825663,0.0,0.0
2024-09-05,111083.2282384896,-0.0007464112067551616,0.014547972758567118,3,0.7902356040760742,0.20976439592392584,0.0,0.0
2024-09-06,109603.5022741512,-0.013320876497768964,0.027675057507926315,3,0.7874249668999157,0.21257503310008433,0.0,0.0
2024-09-09,110670.42900122136,0.00973442184722779,0.01821003634512708,3,0.7885650437253613,0.2114349562746387,0.0,0.0
2024-09-10,111269.56404057977,0.005413686788471841,0.012894932989834462,1,0.5993686180287761,0.4006313819712241,0.0,0.0
2024-09-11,111918.32954544727,0.005830574699033483,0.007139543160837203,1,0.602007469242842,0.39799253075715796,0.0,0.0
2024-09-12,112277.7684224043,0.0032116176002347295,0.003950855043075463,1,0.6051347904495852,0.3948652095504147,0.0,0.0
2024-09-13,112752.16604334667,0.00422521419518806,0.0,1,0.6057359820050484,0.3942640179949516,0.0,0.0
2024-09-16,113260.33587360974,0.004506962908967021,0.0,1,0.6039087480820118,0.39609125191798816,0.0,0.0
2024-09-17,113178.657431132,-0.0007211566330591,0.0007211566330590502,0,0.0,0.0,0.0,1.0
2024-09-18,113137.82933774633,-0.000360740216507,0.0010816366993660065,0,0.0,0.0,0.0,1.0
2024-09-19,113233.1060168328,0.000842129282877,0.00024041829442689178,0,0.0,0.0,0.0,1.0
2024-09-20,113273.9229823653,0.0003604684793017,0.0,0,0.0,0.0,0.0,1.0
2024-09-23,113273.9229823653,0.0,0.0,0,0.0,0.0,0.0,1.0
2024-09-24,113459.20365771874,0.00163568693018852,0.0,1,0.6007341482911318,0.39926585170886814,0.0,0.0
2024-09-25,112932.33855086926,-0.004643652430691415,0.004643652430691425,1,0.6022056839013376,0.3977943160986625,0.0,0.0
2024-09-26,113307.58273856729,0.003322734590579748,0.0013363474646698181,1,0.602590993384456,0.39740900661554407,0.0,0.0
2024-09-27,113442.74928710853,0.0011929170605740772,0.00014502455578524476,1,0.6010001182451633,0.39899988175483664,0.0,0.0
2024-09-30,113500.14508368529,0.0005059450422124116,0.0,1,0.6031034384077473,0.39689656159225273,0.0,0.0
2024-10-01,113572.75097377524,0.0006396986544503,0.0,0,0.0,0.0,0.0,1.0
2024-10-02,113545.32431358757,-0.0002414897935685,0.00024148979356863887,0,0.0,0.0,0.0,1.0
2024-10-03,113394.68968684494,-0.0013266475537699,0.0015678169754945737,0,0.0,0.0,0.0,1.0
2024-10-04,113011.25203400166,-0.0033814427633445,0.004943958255473002,0,0.0,0.0,0.0,1.0
2024-10-07,112860.57277477703,-0.0013333120066602,0.006270678423230702,0,0.0,0.0,0.0,1.0
2024-10-08,112956.45450422885,0.0008495591249848,0.0054264466103202125,0,0.0,0.0,0.0,1.0
2024-10-09,112846.88176092421,-0.0009700441093478,0.006391226827099028,0,0.0,0.0,0.0,1.0
2024-10-10,112942.75233225552,0.0008495633183238,0.005547093260646618,0,0.0,0.0,0.0,1.0
2024-10-11,113038.62290358683,0.0008488421731505,0.004702959694194098,0,0.0,0.0,0.0,1.0
2024-10-14,112983.8142156935,-0.000484866910844,0.005185546295499388,0,0.0,0.0,0.0,1.0
2024-10-15,113038.62290358683,0.0004851021208107,0.004702959694194098,0,0.0,0.0,0.0,1.0
2024-10-16,113107.07797285098,0.0006055900851034,0.004100217674852247,0,0.0,0.0,0.0,1.0
2024-10-17,113011.25203400165,-0.0008472143438479,0.004943958255473113,0,0.0,0.0,0.0,1.0
2024-10-18,113107.07797285095,0.0008479327246146,0.004100217674852469,0,0.0,0.0,0.0,1.0
2024-10-21,112942.75233225548,-0.0014528325153525,0.005547093260646951,0,0.0,0.0,0.0,1.0
2024-10-22,112929.05016028216,-0.0001213196215815,0.005667739910973135,0,0.0,0.0,0.0,1.0
2024-10-23,112860.572774777,-0.0006063752896882,0.006270678423231035,0,0.0,0.0,0.0,1.0
2024-10-24,112915.38146267032,0.0004856318424211,0.005788091821925745,0,0.0,0.0,0.0,1.0
2024-10-25,112874.27494675033,-0.0003640470889573,0.0061500317729047405,0,0.0,0.0,0.0,1.0
2024-10-28,112819.49973321852,-0.0004852763267597,0.006632323634836124,0,0.0,0.0,0.0,1.0
2024-10-29,112860.572774777,0.0003640597738476,0.006270678423231035,0,0.0,0.0,0.0,1.0
2024-10-30,112764.7468359277,-0.0008490647928975,0.00711441900385168,0,0.0,0.0,0.0,1.0
2024-10-31,112792.11770551286,0.0002427254115595,0.006873420442572775,0,0.0,0.0,0.0,1.0
2024-11-01,112755.0281129727,-0.0003288314227508,0.007199991668700223,0,0.0,0.0,0.0,1.0
2024-11-04,112837.45314910216,0.0007310098494843,0.00647424508404193,0,0.0,0.0,0.0,1.0
2024-11-05,112809.95954019151,-0.000243656765935,0.006716324356357828,0,0.0,0.0,0.0,1.0
2024-11-06,112672.53612812022,-0.0012181851020195,0.007926327732106109,0,0.0,0.0,0.0,1.0
2024-11-07,112864.94675801283,0.0017076976919541,0.006232165811725809,0,0.0,0.0,0.0,1.0
2024-11-08,112782.51056376286,-0.0007303967849886,0.006958010642842072,0,0.0,0.0,0.0,1.0
2024-11-11,112700.0297370309,-0.0007313263937792,0.0076842484597899885,0,0.0,0.0,0.0,1.0
2024-11-12,112590.12225011126,-0.0009752214544759,0.008651976070306433,0,0.0,0.0,0.0,1.0
2024-11-13,112755.0281129727,0.0014646565752465,0.007199991668700223,0,0.0,0.0,0.0,1.0
2024-11-14,112590.12225011126,-0.0014625144937768,0.008651976070306433,0,0.0,0.0,0.0,1.0
2024-11-15,112713.78769960674,0.0010983685515568,0.007563110577173959,0,0.0,0.0,0.0,1.0
2024-11-18,112796.23505197722,0.0007314753061995,0.006837167499599728,0,0.0,0.0,0.0,1.0
2024-11-19,113273.61403665741,0.00423222445731648,0.002633879469793765,1,0.5996553449614657,0.4003446550385344,0.0,0.0
2024-11-20,113151.64077217971,-0.0010768020912462542,0.003707845394118947,1,0.600505213371536,0.39949478662846405,0.0,0.0
2024-11-21,113481.3950356975,0.0029142685096516436,0.000804382541537918,1,0.601974494831274,0.3980255051687261,0.0,0.0
2024-11-22,113718.1368356942,0.0020861728032354207,0.0,1,0.6025832216732692,0.3974167783267308,0.0,0.0
2024-11-25,115120.55384200902,0.012332395212745135,0.0,1,0.5972615814051268,0.40273841859487314,0.0,0.0
2024-11-26,115120.55384200902,0.0,0.0,0,0.0,0.0,0.0,1.0
2024-11-27,115190.63877129201,0.0006087959703457,0.0,0,0.0,0.0,0.0,1.0
2024-11-29,115330.72900081969,0.0012161598461644,0.0,0,0.0,0.0,0.0,1.0
2024-12-02,115323.69889429527,-6.095605729117271e-05,6.0956057291172705e-05,0,0.0,0.0,0.0,1.0
2024-12-03,115337.7591073441,0.0001219195463173,0.0,0,0.0,0.0,0.0,1.0
2024-12-04,115464.24414689896,0.0010966490118569,0.0,0,0.0,0.0,0.0,1.0
2024-12-05,115464.24414689896,0.0,0.0,0,0.0,0.0,0.0,1.0
2024-12-06,115576.69172455881,0.0009738735873661,0.0,0,0.0,0.0,0.0,1.0
2024-12-09,115534.51108541236,-0.0003649580076836,0.0003649580076835468,0,0.0,0.0,0.0,1.0
2024-12-10,115520.43949678664,-0.0001217955439766,0.0004867091014011393,0,0.0,0.0,0.0,1.0
2024-12-11,115492.36457299661,-0.0002430299253736,0.0007296207418980849,0,0.0,0.0,0.0,1.0
2024-12-12,115436.13509637823,-0.0004868674810345,0.001216132994319996,0,0.0,0.0,0.0,1.0
2024-12-13,115379.91699533677,-0.0004870060921091,0.0017025468222520157,0,0.0,0.0,0.0,1.0
2024-12-16,115393.9772083856,0.0001218601418251,0.0015808941530240928,0,0.0,0.0,0.0,1.0
2024-12-17,115408.01467028061,0.0001216481330708,0.001459438332775509,0,0.0,0.0,0.0,1.0
2024-12-18,115196.4516910881,-0.0018331740633173,0.003289936991594189,0,0.0,0.0,0.0,1.0
2024-12-19,115323.41450487281,0.0011021417059369,0.0021914212624255525,0,0.0,0.0,0.0,1.0
2024-12-20,115337.52022022923,0.0001223144095843,0.0020693748952390623,0,0.0,0.0,0.0,1.0
2024-12-23,115266.99164344714,-0.0006114972529965,0.0026796067311716243,0,0.0,0.0,0.0,1.0
2024-12-24,115323.41450487282,0.0004894971285467,0.0021914212624254414,0,0.0,0.0,0.0,1.0
2024-12-26,115455.95679560812,0.0011493094555372202,0.001044630428066129,2,0.39956741011534025,0.39931350198130433,0.20111908790335548,0.0
2024-12-27,114432.8250195402,-0.008861662961913416,0.00989703622720628,2,0.39889621393238267,0.39958065759390166,0.20152312847371567,0.0
2024-12-30,114205.8331407678,-0.0019836255788812183,0.01186102979187209,2,0.39512800296767076,0.4035923997280225,0.20127959730430675,0.0
2024-12-31,113938.22552931673,-0.0023432044063916844,0.014176441380991056,2,0.3946151376674829,0.4023748672532066,0.20300999507931058,0.0
2025-01-02,114268.05098795262,0.0028947744016868775,0.011322704578920928,2,0.39250929338568324,0.40231620365747883,0.20517450295683792,0.0
2025-01-03,115337.96949176134,0.00936323403224522,0.00206548767952619,3,0.8024889181101362,0.19751108188986366,0.0,0.0
2025-01-06,115769.37870303412,0.0037403919383512574,0.0,3,0.8041040836842306,0.19589591631576947,0.0,0.0
2025-01-07,114461.31918183152,-0.011298838569030946,0.011298838569031022,3,0.8040998489756341,0.19590015102436587,0.0,0.0
2025-01-08,114624.50293748443,0.001425667263135979,0.009889279690154185,3,0.8041282288238666,0.19587177117613344,0.0,0.0
2025-01-10,113068.50261328068,-0.01357476180335004,0.023329796877303743,3,0.8027483769944348,0.19725162300556517,0.0,0.0
2025-01-13,113157.81558844271,0.00078990145883066,0.02255832365906063,1,0.6004560497338102,0.3995439502661899,0.0,0.0
2025-01-14,113177.20632000385,0.00017136007318904896,0.022390829181864857,1,0.6011791650919134,0.3988208349080866,0.0,0.0
2025-01-15,115192.81901141732,0.017809351873507104,0.004980243463997169,1,0.6014040157113726,0.39859598428862736,0.0,0.0
2025-01-16,115207.76105202132,0.00012971329925101445,0.004851176168556903,1,0.6001695416747634,0.39983045832523656,0.0,0.0
2025-01-17,115981.33938540725,0.006714637332780161,0.0,1,0.6021518900824671,0.3978481099175329,0.0,0.0
2025-01-21,116023.71442544759,0.0003653608439502,0.0,0,0.0,0.0,0.0,1.0
2025-01-22,115995.46059966493,-0.0002435176801792,0.00024351768017916164,0,0.0,0.0,0.0,1.0
2025-01-23,115995.46059966493,0.0,0.00024351768017916164,0,0.0,0.0,0.0,1.0
2025-01-24,116066.10086275528,0.0006089916167852,0.0,0,0.0,0.0,0.0,1.0
2025-01-27,116235.69220105543,0.0014611616745934,0.0,0,0.0,0.0,0.0,1.0
2025-01-28,116263.92323230338,0.0002428774734624,0.0,0,0.0,0.0,0.0,1.0
2025-01-29,116193.28296921305,-0.0006075854067748,0.0006075854067747466,0,0.0,0.0,0.0,1.0
2025-01-30,116263.9232323034,0.000607954791234,0.0,0,0.0,0.0,0.0,1.0
2025-01-31,116278.04444656105,0.0001214582637938,0.0,0,0.0,0.0,0.0,1.0
2025-02-03,116197.2606155213,-0.0006947470730545,0.0006947470730545025,0,0.0,0.0,0.0,1.0
2025-02-04,116807.30503570885,0.0052500757501169,0.0,1,0.6008704687063401,0.3991295312936599,0.0,0.0
2025-02-05,117861.6054460482,0.009025980096167998,0.0,1,0.5979099284277964,0.40209007157220356,0.0,0.0
2025-02-06,118085.44547834054,0.001899176847669952,0.0,1,0.5988507182086658,0.40114928179133413,0.0,0.0
2025-02-07,117132.36155628905,-0.00807113796446925,0.008071137964469233,1,0.5981972630058726,0.4018027369941275,0.0,0.0
2025-02-10,117465.87442915903,0.0028473162193498967,0.005246802827154173,1,0.6005497996004014,0.3994502003995985,0.0,0.0
2025-02-11,117437.22591780876,-0.0002438879503472,0.005489411145513934,0,0.0,0.0,0.0,1.0
2025-02-12,117279.67062005725,-0.0013416129044276,0.006823659385110981,0,0.0,0.0,0.0,1.0
2025-02-13,117437.22591780877,0.0013434152476599,0.005489411145513823,0,0.0,0.0,0.0,1.0
2025-02-14,117594.78121556029,0.0013416129044276,0.004155162905916665,0,0.0,0.0,0.0,1.0
2025-02-18,117494.52294050931,-0.0008525741875159,0.005004194508794191,0,0.0,0.0,0.0,1.0
2025-02-19,117580.44544521018,0.0007312894469504,0.004276564576478514,0,0.0,0.0,0.0,1.0
2025-02-20,117594.7812155603,0.0001219230824975,0.004155162905916554,0,0.0,0.0,0.0,1.0
2025-02-21,117795.2747363123,0.0017049525385355,0.0024572947229255515,0,0.0,0.0,0.0,1.0
2025-02-24,117881.23178503811,0.0007297155927368,0.001729372256463968,0,0.0,0.0,0.0,1.0
2025-02-25,118038.8101121396,0.0013367550093881,0.00039492899410276117,0,0.0,0.0,0.0,1.0
2025-02-26,118225.94144470224,0.0015853373342620402,0.0,3,0.7991370198723694,0.20086298012763068,0.0,0.0
2025-02-27,116550.00147342784,-0.014175738004660328,0.014175738004660321,3,0.7976889294506033,0.2023110705493967,0.0,0.0
2025-02-28,118290.10341195011,0.014930089373864235,0.0,3,0.7982199321814092,0.20178006781859079,0.0,0.0
2025-03-03,116747.2287893474,-0.013043142055845437,0.013043142055845447,3,0.7945992071328883,0.2054007928671116,0.0,0.0
2025-03-04,115353.84410985869,-0.011935055709141117,0.024822527137927874,3,0.7946781694345173,0.20532183056548264,0.0,0.0
2025-03-05,115529.3652562265,0.001521589052555999,0.02333870777092162,2,0.4036848933300931,0.3962033323356837,0.20011177433422334,0.0
2025-03-06,114432.62466214792,-0.009493175969989815,0.03261032528112995,2,0.400319277890293,0.39867759918974693,0.20100312291996017,0.0
2025-03-07,114555.04690640279,0.0010698194209587718,0.031575393019480646,2,0.4021328558420438,0.3969740258478629,0.20089311831009335,0.0
2025-03-10,113600.92320313326,-0.0083289538875497,0.03964135691458981,2,0.39470935751260827,0.4044840226205731,0.2008066198668187,0.0
2025-03-11,113167.67083226684,-0.0038138102988098956,0.043303982598140056,2,0.39292672994964106,0.4031338962247044,0.20393937382565458,0.0
2025-03-12,113235.86753971022,0.0006026165153160403,0.04272746177791653,2,0.4018804154063205,0.39737120021838646,0.20074838437529305,0.0
2025-03-13,113428.44101081915,0.001700640223747112,0.04109948559432752,2,0.3958499311595214,0.4001840399723789,0.20396602886809972,0.0
2025-03-14,114124.79857055108,0.006139179499659278,0.03521262321407559,2,0.4015613131993551,0.39563616203440144,0.20280252476624347,0.0
2025-03-17,114828.8245002628,0.006168912791346372,0.02926093402449126,2,0.4021768495222133,0.3951728794139104,0.20265027106387634,0.0
2025-03-18,114646.34879327647,-0.0015891106416917838,0.030803545804538812,2,0.3984631715235804,0.39619492138731116,0.2053419070891085,0.0
2025-03-19,115633.11479817708,0.00860704257298144,0.02246163066169593,1,0.6013585886231055,0.39864141137689446,0.0,0.0
2025-03-20,115462.37688970273,-0.0014765485542124904,0.023905013527629637,1,0.6005063173644196,0.39949368263558044,0.0,0.0
2025-03-21,115212.23714123014,-0.0021664177995534117,0.026019643080378185,1,0.6020086217608848,0.3979913782391153,0.0,0.0
2025-03-24,115984.18127447063,0.006700192205227498,0.019493787484900715,1,0.6087111380999916,0.3912888619000084,0.0,0.0
2025-03-25,116148.85820112652,0.0014198222968544285,0.018101642902167536,1,0.6093093913944287,0.3906906086055712,0.0,0.0
2025-03-26,115011.48430087078,-0.0097923812413742,0.027716765955148492,1,0.598699629744238,0.401300370255762,0.0,0.0
2025-03-27,114694.04632834022,-0.002760054567247748,0.03040032073593235,1,0.5987621926354291,0.401237807364571,0.0,0.0
2025-03-28,113947.71360452723,-0.006507161859791966,0.03670966278810606,1,0.590547040354747,0.40945295964525286,0.0,0.0
2025-03-31,114860.09078539349,0.008006981026690911,0.028996615334855758,1,0.5897888368698786,0.4102111631301215,0.0,0.0
2025-04-01,115459.70638288757,0.0052203998220271206,0.02392758943836215,1,0.5883830668129287,0.4116169331870713,0.0,0.0
2025-04-02,115867.83470735134,0.0035348117299929998,0.020477357232186355,1,0.6016701881370834,0.39832981186291655,0.0,0.0
2025-04-03,112644.27562582382,-0.027821000449946287,0.047728657117362294,1,0.5883890335571739,0.4116109664428262,0.0,0.0
2025-04-04,109268.9216840378,-0.029964717896523215,0.0762631992677838,1,0.5710544996653254,0.4289455003346747,0.0,0.0
2025-04-07,107744.34709090723,-0.013952499664442845,0.08915163667003356,1,0.5781032951026274,0.42189670489737263,0.0,0.0
2025-04-08,105910.60345902387,-0.017019395275894904,0.10465372500194825,1,0.5789011527662458,0.42109884723375435,0.0,0.0
2025-04-09,111392.56733709906,0.05176029310602604,0.0583103393766603,2,0.420255217936082,0.38255322470775066,0.19719155735616734,0.0
2025-04-10,108702.93548033194,-0.02414552353953457,0.08104792924417747,2,0.41178273803909854,0.3812113139475746,0.20700594801332678,0.0
2025-04-11,110156.48969743207,0.013371802800699332,0.06875988337073646,2,0.41359956190632485,0.37822708989838555,0.20817334819528963,0.0
2025-04-14,110764.93752264118,0.005523485968737177,0.06361619165300947,2,0.4153180491186087,0.37883343640684247,0.2058485144745489,0.0
2025-04-15,110904.03741987472,0.0012558116344813135,0.062440269972147355,2,0.41363533385755286,0.3796986077916225,0.20666605835082463,0.0
2025-04-16,109672.44548798907,-0.01110502341067096,0.07285189272300907,1,0.5932512915223144,0.4067487084776857,0.0,0.0
2025-04-17,109371.26834044971,-0.0027461514713133005,0.07539798186193314,1,0.5957336681809114,0.4042663318190886,0.0,0.0
2025-04-21,107047.50453865464,-0.021246565364513113,0.09504259907646428,1,0.5941778323055628,0.40582216769443724,0.0,0.0
2025-04-22,108944.85282603426,0.01772435794329509,0.07900281017906152,1,0.5990198379332514,0.40098016206674864,0.0,0.0
2025-04-23,110380.3974923393,0.01317680118947291,0.06686701331272782,1,0.6003905691434148,0.39960943085658523,0.0,0.0
2025-04-24,111687.04546034029,0.011837681306517075,0.05582088239972538,4,0.25227589608627815,0.2496783060129685,0.25067169758596564,0.24737410031478754
2025-04-25,111815.87122800003,0.0011534530896466489,0.054731816079349405,4,0.2538059147554646,0.2512277460258473,0.24766832154563673,0.24729801767305132
2025-04-28,112438.13016495937,0.005565032317196778,0.04947136808741315,4,0.2524975555101323,0.2514113387657968,0.24980546392029482,0.2462856418037761
2025-04-29,112597.13959978662,0.0014141949407550382,0.04812713530511947,4,0.25372931308169644,0.2531612846480406,0.24702328804155949,0.2460861142287035
2025-04-30,112206.39493746433,-0.0034702894204165,0.05143040963705159,4,0.2547139315594168,0.2519869542605076,0.246028796334151,0.24727031784592468
2025-05-01,111557.90966660413,-0.005779396719960759,0.056912569616249686,5,0.20258821125781717,0.6004277976185108,0.19698399112367201,0.0
2025-05-02,111206.76612063614,-0.0031476346860334794,0.059881064324087796,5,0.20624466363070823,0.5958038990391399,0.1979514373301519,0.0
2025-05-05,111362.64893746706,0.0014017386016047689,0.058563263321851244,5,0.20477492642859602,0.591646635009176,0.20357843856222804,0.0
2025-05-06,112026.41901427179,0.005960437212457601,0.052951888763380195,5,0.20186019816990924,0.590096310710204,0.20804349111988674,0.0
2025-05-07,112051.52388385744,0.00022409776021187712,0.052739657402839146,5,0.20266368786601782,0.5924579425095293,0.20487836962445274,0.0
2025-05-08,111820.96728141533,-0.0020575945283983,0.0546887351007358,0,0.0,0.0,0.0,1.0
2025-05-09,111875.18857887958,0.0004848938332628,0.05423035949787225,0,0.0,0.0,0.0,1.0
2025-05-12,111671.78042133393,-0.0018181704105217,0.05594992987340286,0,0.0,0.0,0.0,1.0
2025-05-13,111644.64277534156,-0.0002430125667377,0.05617934590407336,0,0.0,0.0,0.0,1.0
2025-05-14,111563.29463078902,-0.0007286345545144,0.0568670462459121,0,0.0,0.0,0.0,1.0
2025-05-15,111780.24461407062,0.0019446358589496,0.0550329960842848,0,0.0,0.0,0.0,1.0
2025-05-16,111753.15016369463,-0.0002423903299686,0.05526204694817349,0,0.0,0.0,0.0,1.0
2025-05-19,111793.82963542294,0.0003640118571039,0.05491815113140641,0,0.0,0.0,0.0,1.0
2025-05-20,111807.39305896706,0.0001213253324299,0.054803488761919095,0,0.0,0.0,0.0,1.0
2025-05-21,111739.58674015048,-0.0006064564870126,0.055376709317661144,0,0.0,0.0,0.0,1.0
2025-05-22,111807.39305896705,0.0006068244996668,0.054803488761919206,0,0.0,0.0,0.0,1.0
2025-05-23,111875.18857887955,0.0006063599021286,0.05423035949787247,0,0.0,0.0,0.0,1.0
2025-05-27,111915.90044732015,0.0003639043558965,0.053886189806019,0,0.0,0.0,0.0,1.0
2025-05-28,111834.53070495944,-0.0007270614991747,0.05457407273124848,0,0.0,0.0,0.0,1.0
2025-05-29,111956.57991904848,0.0010913374726007,0.05354229398925181,0,0.0,0.0,0.0,1.0
2025-05-30,112092.20335558575,0.0012113931725614,0.052395761586072176,0,0.0,0.0,0.0,1.0
2025-06-02,111999.67834529423,-0.000825436627363,0.05317794883270344,0,0.0,0.0,0.0,1.0
2025-06-03,111972.44350916502,-0.000243168878086,0.05340818648863277,0,0.0,0.0,0.0,1.0
2025-06-04,112176.564394381,0.001822956424089,0.05168259086120219,0,0.0,0.0,0.0,1.0
2025-06-05,112054.07242522403,-0.001091956861206,0.052718112562712416,0,0.0,0.0,0.0,1.0
2025-06-06,111863.60135478496,-0.0016998139051678,0.05432831548709194,0,0.0,0.0,0.0,1.0
2025-06-09,111945.24106974808,0.0007298148278294,0.05363815026947594,0,0.0,0.0,0.0,1.0
2025-06-10,111945.24106974808,0.0,0.05363815026947594,0,0.0,0.0,0.0,1.0
2025-06-11,112122.13791773892,0.0015802087368825,0.05214270100627949,0,0.0,0.0,0.0,1.0
2025-06-12,112217.38425186255,0.0008494873170676,0.05133750825239436,0,0.0,0.0,0.0,1.0
2025-06-13,112135.76613470762,-0.0007273215081519,0.05202749088661929,0,0.0,0.0,0.0,1.0
2025-06-16,112122.13791773892,-0.0001215331864085,0.05214270100627949,0,0.0,0.0,0.0,1.0
2025-06-17,112176.56439438098,0.0004854213240386,0.051682590861202304,0,0.0,0.0,0.0,1.0
2025-06-18,112230.99087102305,0.0004851858045029,0.05122248071612512,0,0.0,0.0,0.0,1.0
2025-06-20,112312.64138489026,0.000727521990437,0.0505322242068138,0,0.0,0.0,0.0,1.0
2025-06-23,112462.31419565597,0.00133264438375,0.049266921307851375,0,0.0,0.0,0.0,1.0
2025-06-24,112557.57132868368,0.0008470138082166,0.04846163726227082,0,0.0,0.0,0.0,1.0
2025-06-25,112571.1887467483,0.0001209818042791,0.04834651843430604,0,0.0,0.0,0.0,1.0
2025-06-26,112707.25493835348,0.0012087123989716,0.047196243071612964,0,0.0,0.0,0.0,1.0
2025-06-27,112666.42428196782,-0.0003622717668706,0.047541416972116446,0,0.0,0.0,0.0,1.0
2025-06-30,112748.06399693093,0.0007246144135966,0.046851251754500556,0,0.0,0.0,0.0,1.0
2025-07-01,112630.66911050712,-0.0010412142103566,0.04784368377575743,0,0.0,0.0,0.0,1.0
2025-07-02,112617.00849682614,-0.000121286802155,0.04795916777050391,0,0.0,0.0,0.0,1.0
2025-07-03,112494.17096273814,-0.001090754724598,0.04899761080626841,0,0.0,0.0,0.0,1.0
2025-07-07,112466.86053428026,-0.0002427719429741,0.04922848750406594,0,0.0,0.0,0.0,1.0
2025-07-08,112480.51034905716,0.0001213674384796,0.04911309480101478,0,0.0,0.0,0.0,1.0
2025-07-09,112576.06985139957,0.0008495649783759,0.04830525458796142,0,0.0,0.0,0.0,1.0
2025-07-10,112576.06985139957,0.0,0.04830525458796142,0,0.0,0.0,0.0,1.0
2025-07-11,112548.75942294169,-0.0002425953268216,0.048536131285759065,0,0.0,0.0,0.0,1.0
2025-07-14,112562.4092377186,0.0001212791224611,0.04842073858270779,0,0.0,0.0,0.0,1.0
2025-07-15,112453.21071950339,-0.0009701153249536,0.049343880207116775,0,0.0,0.0,0.0,1.0
2025-07-16,112603.3586820493,0.0013352038735507,0.04807456047355463,0,0.0,0.0,0.0,1.0
2025-07-17,112562.40923771859,-0.00036366094946,0.0484207385827079,0,0.0,0.0,0.0,1.0
2025-07-18,112657.94714225279,0.0008487549722966,0.04761308095304573,0,0.0,0.0,0.0,1.0
2025-07-21,112726.21781394549,0.0006059996069918,0.047035934854399164,0,0.0,0.0,0.0,1.0
2025-07-22,112808.1059037028,0.0007264334007237,0.04634366992778782,0,0.0,0.0,0.0,1.0
2025-07-23,112712.56799916859,-0.0008469063793675,0.04715132755745022,0,0.0,0.0,0.0,1.0
2025-07-24,112617.00849682621,-0.0008478158561971,0.04795916777050335,0,0.0,0.0,0.0,1.0
2025-07-25,112685.2791685189,0.0006062199005634,0.0473820216718569,0,0.0,0.0,0.0,1.0
2025-07-28,112671.61855483791,-0.0001212280235873,0.04749750566660338,0,0.0,0.0,0.0,1.0
2025-07-29,112767.18885608442,0.0008482198309771,0.0466895741618546,0,0.0,0.0,0.0,1.0
2025-07-30,112644.30812638001,-0.0010896851375911,0.047728382364401134,0,0.0,0.0,0.0,1.0
2025-07-31,112644.30812638001,0.0,0.047728382364401134,0,0.0,0.0,0.0,1.0
2025-08-01,113205.82954154562,0.0049849071338394,0.042981396784296466,0,0.0,0.0,0.0,1.0
2025-08-04,113233.2263612363,0.0002420089124528,0.042749789752935086,0,0.0,0.0,0.0,1.0
2025-08-05,113188.98982242026,-0.00039066747665495,0.043123756277099634,4,0.24882970364326093,0.25086456368239207,0.25029880640476704,0.25000692626958004
2025-08-06,113190.9559992905,1.737074315546495e-05,0.04310713462563831,4,0.25073132393250835,0.24941175806005206,0.24976355727562893,0.25009336073181077
2025-08-07,113343.81467962077,0.0013504495918493019,0.04181489904614999,4,0.2501834421137354,0.24864995869164527,0.2515313786010503,0.24963522059356905
2025-08-08,113429.5490784339,0.0007564100348613421,0.04109011822053388,4,0.25194368848722126,0.24738509097608802,0.2512850667049344,0.24938615383175636
2025-08-11,112995.46180051717,-0.003826932941579208,0.04475980203512153,4,0.25241145561943623,0.24861995222339384,0.248624387843191,0.25034420431397897
2025-08-12,113077.53925393497,0.0007263783174116,0.04406593626739996,0,0.0,0.0,0.0,1.0
2025-08-13,113227.96605694706,0.0013302978116129,0.042794259274370194,0,0.0,0.0,0.0,1.0
2025-08-14,113104.87683696141,-0.0010870920345221,0.043834830010511805,0,0.0,0.0,0.0,1.0
2025-08-15,113063.86507039357,-0.000362599453841,0.04418153497893185,0,0.0,0.0,0.0,1.0
2025-08-18,113063.86507039357,0.0,0.04418153497893185,0,0.0,0.0,0.0,1.0
2025-08-19,113118.57258861567,0.000483863860377,0.04371904896662715,0,0.0,0.0,0.0,1.0
2025-08-20,113159.60592329636,0.0003627462205513,0.04337216166585456,0,0.0,0.0,0.0,1.0
2025-08-21,113063.86507039356,-0.0008460691615319,0.04418153497893196,0,0.0,0.0,0.0,1.0
2025-08-22,113310.03272630845,0.0021772443013656,0.04210048467282479,0,0.0,0.0,0.0,1.0
2025-08-25,113255.34677619918,-0.0004826223132541,0.04256278835277694,0,0.0,0.0,0.0,1.0
2025-08-26,113621.66478933168,0.0032344434374157005,0.039466011846827076,3,0.8007596404074439,0.1992403595925562,0.0,0.0
2025-08-27,113802.87071195632,0.001594818408624958,0.037934134560410504,3,0.8013061955427574,0.19869380445724247,0.0,0.0
2025-08-28,114274.56174041162,0.004144807819911643,0.033946556438066544,3,0.8008246928055719,0.1991753071944282,0.0,0.0
2025-08-29,113567.00151527948,-0.006191756191018618,0.039928123828096074,3,0.8010084359053888,0.19899156409461108,0.0,0.0
2025-09-02,112724.73434277232,-0.007416478037362282,0.04704847581201421,3,0.8010134597269261,0.19898654027307394,0.0,0.0
2025-09-03,113460.9522308179,0.00653111220299614,0.04082464248352624,3,0.7991165172927,0.20088348270729994,0.0,0.0
2025-09-04,114392.47768280261,0.008210097250811748,0.032949719517733955,3,0.7992332847040254,0.20076671529597456,0.0,0.0
2025-09-05,114477.8530273853,0.000746337052156744,0.03222797406211153,3,0.7963242237019882,0.20367577629801184,0.0,0.0
2025-09-08,115012.4746959867,0.0046700881826769285,0.02770839336025377,3,0.794569745282797,0.20543025471720308,0.0,0.0
2025-09-09,115089.47204327128,0.0006694695291802394,0.027057473756130768,3,0.7958738855411135,0.2041261144588865,0.0,0.0
2025-09-10,115103.3530847726,0.0001206108713063,0.02694012631030951,0,0.0,0.0,0.0,1.0
2025-09-11,115145.00712204508,0.0003618837866676,0.026587991718564186,0,0.0,0.0,0.0,1.0
2025-09-12,115131.11516777528,-0.000120647474146,0.02670543141866677,0,0.0,0.0,0.0,1.0
2025-09-15,115172.75829227926,0.0003617017384336,0.026353389081202883,0,0.0,0.0,0.0,1.0
2025-09-16,115228.30428382155,0.0004822841127181,0.025883814789354975,0,0.0,0.0,0.0,1.0
2025-09-17,115172.75829227928,-0.0004820516268768,0.02635338908120277,0,0.0,0.0,0.0,1.0
2025-09-18,115131.11516777528,-0.0003615709575898,0.02670543141866677,0,0.0,0.0,0.0,1.0
2025-09-19,115172.75829227926,0.0003617017384336,0.026353389081202883,0,0.0,0.0,0.0,1.0
2025-09-22,115117.24503904242,-0.0004819998588205,0.026822686610206814,0,0.0,0.0,0.0,1.0
2025-09-23,115158.87725077795,0.0003616505217911,0.02647073652702403,0,0.0,0.0,0.0,1.0
2025-09-24,115103.35308477262,-0.0004821527209267,0.026940126310309398,0,0.0,0.0,0.0,1.0
2025-09-25,115006.15305595787,-0.0008444587078464,0.027761835193902518,0,0.0,0.0,0.0,1.0
2025-09-26,115075.58008900148,0.0006036810309604,0.02717491345623335,0,0.0,0.0,0.0,1.0
2025-09-29,115117.24503904243,0.0003620659570755,0.026822686610206703,0,0.0,0.0,0.0,1.0
2025-09-30,115172.75829227928,0.0004822322947184,0.02635338908120277,0,0.0,0.0,0.0,1.0
2025-10-01,115306.47244441435,0.001160987668592,0.025222997372359557,0,0.0,0.0,0.0,1.0
2025-10-02,115334.31091679634,0.0002414302665916,0.024987656700747873,0,0.0,0.0,0.0,1.0
2025-10-03,115292.51501353367,-0.0003623891531533,0.025340990598150204,0,0.0,0.0,0.0,1.0
2025-10-06,115264.6656283832,-0.000241554147268,0.025576423524043324,0,0.0,0.0,0.0,1.0
2025-10-07,115320.3862242211,0.0004834143710401,0.025105373163694433,0,0.0,0.0,0.0,1.0
2025-10-08,115888.61739828945,0.00492741303314326,0.020301664673479825,3,0.8008244513766838,0.19917554862331624,0.0,0.0
2025-10-09,115601.65778713458,-0.0024761673544576555,0.02272756170863177,3,0.8004866220230706,0.1995133779769294,0.0,0.0
2025-10-10,113472.98004693906,-0.018413903234114466,0.040722961820696235,3,0.7934619107719313,0.2065380892280687,0.0,0.0
2025-10-13,114841.58105110672,0.012061029891006016,0.029153092789459878,3,0.796035871624595,0.20396412837540512,0.0,0.0
2025-10-14,114804.90063199734,-0.0003194001577970971,0.02946318144481974,3,0.7953174218672386,0.20468257813276144,0.0,0.0
2025-10-15,115162.11418788068,0.0031114835160946605,0.026443372132122334,3,0.8010592157262852,0.19894078427371467,0.0,0.0
2025-10-16,114705.68880924054,-0.003963329275941497,0.030301897617137974,3,0.7987695336305888,0.20123046636941128,0.0,0.0
2025-10-17,115190.39150168416,0.004225620346081454,0.026204321586152268,3,0.7999234155527701,0.2000765844472299,0.0,0.0
2025-10-20,116237.18179937152,0.009087479294417142,0.017354973521573558,3,0.800964273000089,0.1990357269999111,0.0,0.0
2025-10-21,116349.49537710576,0.000966244845200107,0.016405497830077165,3,0.8001790619665045,0.1998209380334956,0.0,0.0
2025-10-22,116349.49537710576,0.0,0.016405497830077165,0,0.0,0.0,0.0,1.0
2025-10-23,116265.50505011303,-0.0007218795983645,0.01711553463425708,0,0.0,0.0,0.0,1.0
2025-10-24,116335.48784836479,0.0006019222831534,0.016523914572788012,0,0.0,0.0,0.0,1.0
2025-10-27,116307.48375997346,-0.0002407183646991,0.016760655327792695,0,0.0,0.0,0.0,1.0
2025-10-28,116321.48031962382,0.0001203410064243,0.01664233131549886,0,0.0,0.0,0.0,1.0
2025-10-29,115785.4765008094,-0.00460795217995518,0.02117359642858918,2,0.40204471524904384,0.3977903881619635,0.2001648965889927,0.0
2025-10-30,115460.73392572114,-0.0028046917877993308,0.023918902804367148,2,0.3987413343755472,0.39658811499688534,0.20467055062756748,0.0
2025-10-31,115346.89991283987,-0.0009859110453473033,0.02488123193924696,2,0.4004440967658438,0.395795937212178,0.20375996602197824,0.0
2025-11-03,115361.55131949755,0.00012702037652285729,0.024757371986173338,2,0.40114467262278086,0.3947559641578992,0.2040993632193198,0.0
2025-11-04,114502.05121556569,-0.007450490168526248,0.03202340759811817,2,0.3993651513816484,0.3986055163586125,0.20202933225973904,0.0
2025-11-05,114241.08362486388,-0.00227915210191748,0.03422957348329769,1,0.6034545959314062,0.39654540406859373,0.0,0.0
2025-11-06,113908.79624490408,-0.0029086504558283885,0.03703866207461115,1,0.5987213832173036,0.4012786167826963,0.0,0.0
2025-11-07,113879.18713163625,-0.0002599370219326553,0.0372889713770278,1,0.5994666869684243,0.40053331303157574,0.0,0.0
2025-11-10,114934.26764945628,0.00926491086207381,0.0283695395109006,1,0.6032320955675972,0.3967679044324028,0.0,0.0
2025-11-11,115301.76051459234,0.003197417729731417,0.02526283104978566,1,0.6026859618433764,0.3973140381566236,0.0,0.0
2025-11-12,115422.28373008061,0.0010452851279145802,0.02424395278345648,1,0.5997069694435525,0.4002930305564475,0.0,0.0
2025-11-13,113894.27050262767,-0.013238459490424438,0.0371614596870693,1,0.5976676328894285,0.4023323671105715,0.0,0.0
2025-11-14,113621.66828246732,-0.0023934673707230476,0.03946598231658294,1,0.5990035800698451,0.400996419930155,0.0,0.0
2025-11-17,113100.3761495289,-0.004587964081309463,0.04387287788859029,1,0.596158097793304,0.4038419022066961,0.0,0.0
2025-11-18,112518.79278036876,-0.005142187753568876,0.04878946306676668,1,0.5942074095446782,0.4057925904553219,0.0,0.0
2025-11-19,112821.05340447064,0.0026863123628768403,0.04623421444170417,3,0.8009389687727585,0.1990610312272414,0.0,0.0
2025-11-20,111532.15525658378,-0.011424269752792305,0.05713029205690612,3,0.7978456051055091,0.20215439489449089,0.0,0.0
2025-11-21,112486.78191322976,0.008559205678844986,0.049060076298268585,3,0.7989547129449829,0.201045287055017,0.0,0.0
2025-11-24,113938.41978508598,0.012904964007024141,0.03678823081005533,3,0.8003851217761091,0.19961487822389098,0.0,0.0
2025-11-25,114854.30777022746,0.008038447319780677,0.029045503745629087,3,0.8014709056954389,0.19852909430456117,0.0,0.0
2025-11-26,115590.45628768072,0.00640941146871,0.022822256861740664,3,0.8003928190206998,0.19960718097930022,0.0,0.0
2025-11-28,115985.99716446585,0.0034219163890201903,0.019478436327510118,3,0.8020172745249787,0.19798272547502133,0.0,0.0
2025-12-01,115275.44128064842,-0.006126221278331423,0.025485328394743267,3,0.8032767395312189,0.19672326046878108,0.0,0.0
2025-12-02,115457.17953986507,0.0015765566125589257,0.023948950845188333,3,0.8034978705759919,0.19650212942400813,0.0,0.0
2025-12-03,115842.28447391232,0.0033354784482180666,0.020693353606371923,3,0.8035997923001899,0.1964002076998101,0.0,0.0
2025-12-04,115758.39176627026,-0.0007241976280342,0.021402565156808273,0,0.0,0.0,0.0,1.0
2025-12-05,115716.4399684059,-0.0003624082645262,0.021757216954839564,0,0.0,0.0,0.0,1.0
2025-12-08,115688.47936188744,-0.000241630372712,0.02199359012310953,0,0.0,0.0,0.0,1.0
2025-12-09,115632.54726076384,-0.0004834716596856,0.022466428505275915,0,0.0,0.0,0.0,1.0
2025-12-10,115828.30417065311,0.0016929222310377,0.020811540190506794,0,0.0,0.0,0.0,1.0
2025-12-11,115842.28447391234,0.0001206985059423,0.02069335360637181,0,0.0,0.0,0.0,1.0
2025-12-12,115856.26477717157,0.000120683939571,0.02057516702223683,0,0.0,0.0,0.0,1.0
2025-12-15,115926.1554053811,0.0006032529043116,0.019984326147188036,0,0.0,0.0,0.0,1.0
2025-12-16,115982.07661841804,0.000482386505801,0.019511579810647994,0,0.0,0.0,0.0,1.0
2025-12-17,115996.04603359062,0.0001204446029927,0.019393485272139244,0,0.0,0.0,0.0,1.0
2025-12-18,116807.7573145404,0.00699774956738362,0.012531446457928808,3,0.8004397333698959,0.19956026663010412,0.0,0.0
2025-12-19,117568.169791826,0.006509948438081513,0.0061030770901429054,3,0.8024704824113201,0.19752951758867981,0.0,0.0
2025-12-22,118105.52722423992,0.004570603024316828,0.0015603688084319112,3,0.803795956231829,0.19620404376817097,0.0,0.0
2025-12-23,118576.5476715627,0.00398813212550583,0.0,3,0.8042621235385876,0.19573787646141255,0.0,0.0
2025-12-24,119052.59846188119,0.004014712855674142,0.0,3,0.8038639727926448,0.19613602720735532,0.0,0.0
2025-12-26,119138.92097381427,0.00072507877231,0.0,0,0.0,0.0,0.0,1.0
2025-12-29,119196.48421242145,0.0004831606509163,0.0,0,0.0,0.0,0.0,1.0
2025-12-30,119225.26583172505,0.0002414636597192,0.0,0,0.0,0.0,0.0,1.0
2025-12-31,119182.09340276965,-0.000362108053643,0.0003621080536430066,0,0.0,0.0,0.0,1.0
