date,wealth,return,drawdown,action,w_SPY,w_TLT,w_GLD,w_SHY
2021-01-05,99915.90968176222,0.0011614196569359994,0.000840903182377839,1,0.6034314241164019,0.39656857588359806,0.0,0.0
2021-01-06,99462.98115703028,-0.00453309714313301,0.005370188429697165,1,0.6098033035173775,0.39019669648262245,0.0,0.0
2021-01-07,100022.03873260561,0.005620760297669834,0.0,1,0.6154045013796267,0.3845954986203733,0.0,0.0
2021-01-08,100248.60165557168,0.002265130023711506,0.0,1,0.6175121415531004,0.3824878584468995,0.0,0.0
2021-01-11,99767.95441256573,-0.004794553091696289,0.004794553091696296,1,0.6163046229186114,0.38369537708138857,0.0,0.0
2021-01-12,99732.31852338693,1.0206773882579994e-05,0.005150028266315054,3,0.8001608284876857,0.19983917151231448,0.0,0.0
2021-01-13,100171.66518855638,0.004405258713266852,0.0007674567599419424,3,0.7987965595174823,0.2012034404825178,0.0,0.0
2021-01-14,99702.65712253006,-0.004682043221937939,0.005445906716158966,3,0.7997438814187263,0.2002561185812737,0.0,0.0
2021-01-15,99200.376788932,-0.005037782824391261,0.010456254245232333,3,0.7979312476349968,0.20206875236500324,0.0,0.0
2021-01-19,99886.59488438099,0.006917494848926294,0.003611090481186463,3,0.7986717300889185,0.20132826991108163,0.0,0.0
2021-01-20,100715.26246213976,0.0086968830709857,0.0,1,0.6030584206941404,0.39694157930585966,0.0,0.0
2021-01-21,100490.06367801402,-0.002235994611148287,0.0022359946111483175,1,0.6049609167735904,0.3950390832264095,0.0,0.0
2021-01-22,100403.38659859021,-0.0008625437804631677,0.0030966097483664523,1,0.6033400912633373,0.3966599087366627,0.0,0.0
2021-01-25,101111.66145045655,0.007054292448301719,0.0,1,0.6014766032278048,0.3985233967721953,0.0,0.0
2021-01-26,100940.6891514713,-0.0016909256215615945,0.0016909256215617008,1,0.6015548762300066,0.39844512376999347,0.0,0.0
2021-01-27,99562.8283397635,-0.01364713483308476,0.015318046291346588,1,0.5934344694713177,0.4065655305286822,0.0,0.0
2021-01-28,99847.20334631545,0.00285623672302193,0.012505561534666976,1,0.5968334155956729,0.40316658440432696,0.0,0.0
2021-01-29,98412.02436904458,-0.014373752385362471,0.026699562075090277,1,0.5934147532278837,0.4065852467721163,0.0,0.0
2021-02-01,99430.47852148868,0.01034887920428204,0.016626993413530577,1,0.597112883209268,0.40288711679073197,0.0,0.0
2021-02-02,100011.71930163175,0.005845700320324371,0.010878489513929779,1,0.6020368641301488,0.3979631358698513,0.0,0.0
2021-02-03,99857.59688351465,-0.0011455708714899,0.012402768869111847,3,0.8015473157740401,0.19845268422595985,0.0,0.0
2021-02-04,100714.35293681589,0.00857977840484855,0.003929403472766935,3,0.8037613265633333,0.19623867343666673,0.0,0.0
2021-02-05,100867.46596888691,0.0015202702257054402,0.0024151070021659615,3,0.8056998754013901,0.1943001245986099,0.0,0.0
2021-02-08,101540.44302655033,0.0066718941652703385,0.0,3,0.8061401354182887,0.19385986458171137,0.0,0.0
2021-02-09,101500.52000290928,-0.00039317362078686785,0.00039317362078683527,3,0.8059203367413511,0.19407966325864898,0.0,0.0
2021-02-10,101744.61129003984,0.0032192821646097403,0.0,2,0.3985427479304647,0.4013691688267899,0.20008808324274546,0.0
2021-02-11,101409.72962144966,-0.0032913946433541464,0.0032913946433541508,2,0.40050454461078483,0.400490147892591,0.19900530749662407,0.0
2021-02-12,101044.66759499007,-0.0035998718054207073,0.006879417849997682,2,0.4039371144243967,0.39694520496529334,0.19911768061031,0.0
2021-02-16,100109.81631892544,-0.0092518615609853,0.016067631989414632,2,0.40735616840772426,0.3945514610872139,0.19809237050506184,0.0
2021-02-17,100144.85148170778,0.0003499673066098795,0.015723287828695698,2,0.40730706536677536,0.3969179920622886,0.19577494257093592,0.0
2021-02-18,99773.86306761466,-0.0032912685673079935,0.01936955871606061,5,0.19980639213635784,0.5995452378742068,0.2006483699894355,0.0
2021-02-19,99026.56398004916,-0.007489928369908563,0.026714410478629103,5,0.20095871053958334,0.5960400545859463,0.2030012348744704,0.0
2021-02-22,98725.4010374094,-0.003041233892558765,0.02967439960062046,5,0.20002131094522224,0.593310168089639,0.20666852096513882,0.0
2021-02-23,98533.5171321844,-0.0019436123146494282,0.031560336386776244,5,0.2006541986538306,0.5927512323419005,0.20659456900426887,0.0
2021-02-24,98353.8079534133,-0.0018238380604034686,0.03332661350447841,5,0.20323601681685174,0.5899387828268277,0.2068252003563205,0.0
2021-02-25,96212.98683754943,-0.02098965795928724,0.054367738815391475,1,0.5980963670738298,0.4019036329261702,0.0,0.0
2021-02-26,97194.79720813538,0.010204551410961578,0.0447179857902692,1,0.5890039882466157,0.4109960117533844,0.0,0.0
2021-03-01,98054.89937170762,0.00884926136252322,0.03626444557160957,1,0.5979897428496974,0.4020102571503026,0.0,0.0
2021-03-02,97600.14579879196,-0.004637744527091697,0.04073400486472356,1,0.5960879389848427,0.40391206101515736,0.0,0.0
2021-03-03,96401.96371970404,-0.012276437389325585,0.05251037379371082,1,0.5955031068046515,0.4044968931953486,0.0,0.0
2021-03-04,95284.25954351378,-0.01118978824901458,0.06349576321157457,3,0.7990411080306,0.20095889196939992,0.0,0.0
2021-03-05,96722.19713889525,0.015091029748988221,0.049362949914147025,3,0.8016431743155147,0.19835682568448543,0.0,0.0
2021-03-08,96186.98636768533,-0.0055334844228295006,0.05462328522256166,3,0.80209031115875,0.19790968884125013,0.0,0.0
2021-03-09,97552.31493986082,0.014194524890886686,0.041204111913388575,3,0.8021559733643567,0.1978440266356432,0.0,0.0
2021-03-10,98078.07067669797,0.005389474736312197,0.0360367056972658,3,0.8028222757354391,0.19717772426456087,0.0,0.0
2021-03-11,98731.5715609944,0.006668750500156322,0.029613752422290696,3,0.8027580074531094,0.1972419925468907,0.0,0.0
2021-03-12,98425.05286762891,-0.003104566133398767,0.0326263807028363,3,0.8063424912590051,0.1936575087409948,0.0,0.0
2021-03-15,99010.41304645417,0.005947268116914454,0.02687315041964622,3,0.8063554704836383,0.19364452951636177,0.0,0.0
2021-03-16,98832.65089388355,-0.0017953884556285106,0.02862029113124498,3,0.8067868421387945,0.1932131578612056,0.0,0.0
2021-03-17,98961.65568191635,0.0013052851144437772,0.02735236365678584,3,0.8084825958575913,0.19151740414240861,0.0,0.0
2021-03-18,97607.68141542986,-0.013665073568608601,0.040659940827892926,3,0.7992825167332861,0.2007174832667139,0.0,0.0
2021-03-19,97584.75481229427,-0.00023488523447266863,0.04088527564263056,3,0.7979910787992767,0.20200892120072333,0.0,0.0
2021-03-22,98427.47118975312,0.008635738021577508,0.03260261215044269,3,0.7974762988663664,0.2025237011336336,0.0,0.0
2021-03-23,97989.6083138017,-0.004448584024954781,0.0369061607158131,3,0.7947350085537203,0.20526499144627966,0.0,0.0
2021-03-24,97701.97152242808,-0.0029353805604823958,0.039733207649568336,3,0.7930226908183795,0.2069773091816205,0.0,0.0
2021-03-25,97986.22838150791,0.0029234234901538603,0.036939380482943096,3,0.8021554459159768,0.1978445540840231,0.0,0.0
2021-03-26,99185.01744002313,0.01223426065393337,0.02515704583823275,3,0.8052306805144724,0.19476931948552767,0.0,0.0
2021-03-29,98980.6970083252,-0.0020599928998499555,0.02716521540227479,3,0.8064853466874446,0.19351465331255535,0.0,0.0
2021-03-30,98869.28141317505,-0.0011256295269448662,0.028260266960656977,3,0.8052521933203045,0.19474780667969552,0.0,0.0
2021-03-31,99084.55804187898,0.002177386399768393,0.026144414081822442,3,0.8067595262119874,0.19324047378801248,0.0,0.0
2021-04-01,100338.92307318609,0.013484029631105841,0.013815849301803351,2,0.398940317864293,0.4012285928986929,0.199831089237014,0.0
2021-04-05,100730.38073817917,0.003901354060851956,0.009968395760729165,2,0.4030937694816676,0.3979254533871393,0.1989807771311931,0.0
2021-04-06,101139.59922897803,0.00406251309485766,0.005946379404184188,2,0.4012256577430487,0.3990075682573626,0.19976677399958867,0.0
2021-04-07,100848.54757848545,-0.0028777220071204692,0.008806989384430586,2,0.4028492730078881,0.39737205283631694,0.19977867415579503,0.0
2021-04-08,101588.84910466989,0.007340725711575547,0.0015309133662708696,2,0.4018119773704089,0.3977328093360738,0.20045521329351712,0.0
2021-04-09,101843.93627725264,0.0029130544049443,0.0,1,0.6026066831027896,0.39739331689721036,0.0,0.0
2021-04-12,101848.65848720488,4.6367119387359236e-05,0.0,1,0.6027983566497384,0.39720164335026165,0.0,0.0
2021-04-13,102333.75804152325,0.004762944956995239,0.0,1,0.6017190990836282,0.3982809009163719,0.0,0.0
2021-04-14,101993.96476777384,-0.0033204416631659184,0.0033204416631659184,1,0.6016617863192454,0.3983382136807546,0.0,0.0
2021-04-15,103333.05666870908,0.013129128806632449,0.0,1,0.600244381979268,0.39975561802073206,0.0,0.0
2021-04-16,103219.22158646141,-0.0011011445519554803,0.0011016327777143564,1,0.6026690463419746,0.39733095365802545,0.0,0.0
2021-04-19,102795.8135688169,-0.004102026842838151,0.0051991406933272755,1,0.6021783072690841,0.39782169273091605,0.0,0.0
2021-04-20,102531.07864994164,-0.002575347280052705,0.007761098380536735,1,0.5993128572806173,0.4006871427193827,0.0,0.0
2021-04-21,103194.9762509691,0.006475086478843496,0.0013362656848782128,1,0.6010915603791301,0.3989084396208698,0.0,0.0
2021-04-22,102808.11188188505,-0.00374886824086477,0.00508012444175554,1,0.5978430369594994,0.4021569630405007,0.0,0.0
2021-04-23,103609.60627386876,0.008203653652662601,0.0,3,0.8020937176027194,0.1979062823972807,0.0,0.0
2021-04-26,103753.80019728644,0.0013917041923366459,0.0,3,0.8026509075465124,0.1973490924534877,0.0,0.0
2021-04-27,103557.25414711062,-0.001894350373693182,0.0018943503736932321,3,0.8040011343471605,0.19599886565283953,0.0,0.0
2021-04-28,103546.50053645753,-0.00010384217640438756,0.0019979958366318495,3,0.8038536006546418,0.19614639934535824,0.0,0.0
2021-04-29,104016.93924081473,0.004543260292911103,0.0,3,0.8053176524844693,0.19468234751553082,0.0,0.0
2021-04-30,103660.53389338929,-0.0030170199989271594,0.003426416408968791,1,0.5978614694069336,0.4021385305930665,0.0,0.0
2021-05-03,103819.17048861332,0.0015303470787366596,0.00190131293657414,1,0.5982353589761691,0.401764641023831,0.0,0.0
2021-05-04,103719.06834707817,-0.0009641970848355302,0.0028636767810187314,1,0.595118355456243,0.4048816445437569,0.0,0.0
2021-05-05,103807.62916300699,0.0008538527904287784,0.002012269149000323,1,0.5947966596290213,0.40520334037097877,0.0,0.0
2021-05-06,104369.95050437418,0.005416955823971237,0.0,1,0.5963163386343815,0.4036836613656185,0.0,0.0
2021-05-07,104619.05534224275,0.0023941336053533995,0.0,1,0.602923349900028,0.397076650099972,0.0,0.0
2021-05-10,103573.7392054863,-0.009991641898666385,0.009991641898666304,1,0.6029776605525747,0.3970223394474253,0.0,0.0
2021-05-11,102783.64053753373,-0.007628368677363733,0.017543790647934765,1,0.602189948498062,0.397810051501938,0.0,0.0
2021-05-12,101039.01930555956,-0.016973724834518616,0.034219732007440995,1,0.5995732454429809,0.40042675455701926,0.0,0.0
2021-05-13,101829.40202991258,0.007822549444613882,0.026664868108436934,1,0.6020658913089988,0.39793410869100115,0.0,0.0
2021-05-14,103148.02549416425,0.01295352447266582,0.014060821360566522,1,0.6014227018793307,0.39857729812066944,0.0,0.0
2021-05-17,102903.20834587036,-0.0023734545292652762,0.01640090316968834,1,0.6013195534293553,0.39868044657064466,0.0,0.0
2021-05-18,102265.14606873592,-0.006200606253109513,0.022499813880047292,1,0.59985836055352,0.40014163944647996,0.0,0.0
2021-05-19,102005.3294463264,-0.002540617526081474,0.024983267984651558,1,0.5998094880086107,0.40019051199138933,0.0,0.0
2021-05-20,102999.43735411375,0.00974564675378492,0.015481099335400317,1,0.6004108287783304,0.39958917122166954,0.0,0.0
2021-05-21,102956.92436122987,-1.3576835541539975e-05,0.015887459273795868,3,0.7993559914312505,0.20064400856874962,0.0,0.0
2021-05-24,103872.412234372,0.008891950481446914,0.007136779293487661,3,0.8003877217801855,0.19961227821981453,0.0,0.0
2021-05-25,103880.03227471335,7.33596166436255e-05,0.007063943228237113,3,0.798553298978213,0.20144670102178683,0.0,0.0
2021-05-26,104008.6395459031,0.0012380364962695778,0.005834652151491704,3,0.7991487410229073,0.20085125897709272,0.0,0.0
2021-05-27,103968.25226519363,-0.0003883069799373851,0.006220693495273211,3,0.7998788862040696,0.20012111379593045,0.0,0.0
2021-05-28,104084.01112072224,0.00111364830158688,0.005114213847278615,3,0.8005394969783367,0.19946050302166327,0.0,0.0
2021-06-01,104005.95387485813,-0.000749944636295469,0.005860323106330556,3,0.8004345874998,0.19956541250019993,0.0,0.0
2021-06-02,104184.92315781512,0.0017207599785329572,0.004149647337260309,3,0.8003161107816127,0.19968388921838737,0.0,0.0
2021-06-03,103797.38750289455,-0.0037196903656928387,0.007853902299731708,3,0.8003229030760497,0.19967709692395025,0.0,0.0
2021-06-04,104840.97710250231,0.010054102754548102,0.0,3,0.7996032901250307,0.20039670987496913,0.0,0.0
2021-06-07,104695.0833910641,-0.0013907791424232,0.0013915714587013905,3,0.8003369260735951,0.19966307392640495,0.0,0.0
2021-06-08,104859.80948280744,0.0015733889921845593,0.0,3,0.7992498603450635,0.20075013965493638,0.0,0.0
2021-06-09,104920.61041653247,0.0005798306713020819,0.0,3,0.7975948923955555,0.2024051076044445,0.0,0.0
2021-06-10,105437.02692012278,0.004921973876630643,0.0,3,0.7973780004960588,0.2026219995039413,0.0,0.0
2021-06-11,105541.45956436386,0.0009904740990106893,0.0,3,0.7979050702220196,0.2020949297779804,0.0,0.0
2021-06-14,105568.40372614062,0.00025948551903866,0.0,3,0.8015833417433255,0.19841665825667443,0.0,0.0
2021-06-15,105387.9799689149,-0.0017090696729085992,0.0017090696729086252,3,0.8014829127726691,0.1985170872273308,0.0,0.0
2021-06-16,104898.56935227088,-0.0046438940834465,0.006345027017812921,3,0.8007264113821781,0.19927358861782193,0.0,0.0
2021-06-17,105183.67790616653,0.0027179451126564747,0.0036443273403292675,3,0.7982911659237456,0.2017088340762543,0.0,0.0
2021-06-18,104449.92760950513,-0.0069758950368323846,0.010594799932155619,3,0.793054113431396,0.2069458865686039,0.0,0.0
2021-06-21,104265.23144238247,0.0002321896533235,0.0123443401411919,0,0.0,0.0,0.0,1.0
2021-06-22,104325.76189392872,0.0005805430123626,0.011770963549240454,0,0.0,0.0,0.0,1.0
2021-06-23,104253.14021398699,-0.0006961049564687,0.01245887467964002,0,0.0,0.0,0.0,1.0
2021-06-24,104265.23144238249,0.0001159795126619,0.01234434014119179,0,0.0,0.0,0.0,1.0
2021-06-25,104253.14021398699,-0.0001159660629745,0.01245887467964002,0,0.0,0.0,0.0,1.0
2021-06-28,104598.36177291875,0.00532202208249716,0.00918875268530428,1,0.5980268994107998,0.40197310058920016,0.0,0.0
2021-06-29,104702.333386741,0.0009940080519421307,0.008203878327518677,1,0.5977544044974823,0.4022455955025177,0.0,0.0
2021-06-30,104942.60016734184,0.002294760516113457,0.005927943747470188,1,0.596887901646737,0.403112098353263,0.0,0.0
2021-07-01,105291.73014703613,0.003326866107163025,0.002620799115445771,1,0.5982023787895757,0.40179762121042434,0.0,0.0
2021-07-02,106028.46367961694,0.006997069300238457,0.0,1,0.5985864239151188,0.40141357608488115,0.0,0.0
2021-07-06,106409.38289716121,0.0035954501336965803,0.0,1,0.5967615263059737,0.40323847369402643,0.0,0.0
2021-07-07,107013.92984972725,0.005681331252059861,0.0,1,0.5954872773904382,0.4045127226095618,0.0,0.0
2021-07-08,106664.29716202336,-0.003267169874004883,0.0032671698740048827,1,0.5925713831782636,0.40742861682173637,0.0,0.0
2021-07-09,106727.8632234806,0.0005959450645485042,0.0026731718632178048,1,0.59854017505021,0.40145982494979005,0.0,0.0
2021-07-12,106901.14749667066,0.0016236085681507826,0.0010539034798083824,1,0.5997104723479655,0.40028952765203457,0.0,0.0
2021-07-13,106403.34548952388,-0.00425778380760306,0.005705653096384489,3,0.8006820436492784,0.19931795635072158,0.0,0.0
2021-07-14,106771.41385950918,0.003459180426066015,0.002266209553827503,3,0.7991123373849961,0.20088766261500404,0.0,0.0
2021-07-15,106716.59235653047,-0.0005134473825630076,0.0027784933570266235,3,0.7967921410006072,0.2032078589993928,0.0,0.0
2021-07-16,106008.75185471323,-0.006632900153449457,0.009392964041461949,3,0.7958210682335372,0.20417893176646282,0.0,0.0
2021-07-19,105237.52266276452,-0.007275146423813259,0.0165997752765199,3,0.7898145425980828,0.21018545740191721,0.0,0.0
2021-07-20,106238.93408918417,0.009536291138267481,0.007242008228567576,3,0.8037990013595888,0.1962009986404111,0.0,0.0
2021-07-21,106666.28433607118,0.0040225389171193995,0.0032486005713858734,3,0.8070602827329206,0.1929397172670793,0.0,0.0
2021-07-22,107041.12256189612,0.0035141209629458727,0.0,3,0.8059184125215499,0.19408158747844995,0.0,0.0
2021-07-23,107789.66457843955,0.006993032197607946,0.0,3,0.8085554000487221,0.1914445999512778,0.0,0.0
2021-07-26,107942.46364529198,0.0014175669573703053,0.0,3,0.8093928745374369,0.19060712546256312,0.0,0.0
2021-07-27,107777.2536712829,-0.0015117800170477203,0.0015305373662025668,3,0.7975597137498446,0.2024402862501555,0.0,0.0
2021-07-28,107743.46450059915,-0.0003135092937775059,0.0018435668222911428,3,0.7974827026042371,0.2025172973957629,0.0,0.0
2021-07-29,107978.80986798613,0.002184312231631224,0.0,3,0.799044795730511,0.20095520426948896,0.0,0.0
2021-07-30,107661.8680997561,-0.002935221907127142,0.002935221907127139,3,0.7975052143276868,0.20249478567231313,0.0,0.0
2021-08-02,107676.14940144662,0.00013264958097585823,0.0028029616821072523,3,0.7957262414989504,0.20427375850104948,0.0,0.0
2021-08-03,108387.48555608482,0.00661485956167672,0.0,3,0.8012087032239708,0.19879129677602922,0.0,0.0
2021-08-04,108004.63349520475,-0.0035322533677743257,0.0035322533677744072,3,0.8000937446419026,0.19990625535809733,0.0,0.0
2021-08-05,108441.80513635473,0.004047711908298641,0.0,3,0.8019146948457226,0.19808530515427727,0.0,0.0
2021-08-06,108226.7562439528,-0.0019830810832733516,0.001983081083273497,3,0.8048358410353786,0.1951641589646214,0.0,0.0
2021-08-09,108080.12665595388,-0.0013548367620703013,0.003335231094189872,3,0.8052718992970738,0.19472810070292623,0.0,0.0
2021-08-10,107826.44045605742,-0.0003479006737473,0.005674607495914974,0,0.0,0.0,0.0,1.0
2021-08-11,107876.52991399847,0.0004645378047276,0.0052127057608961636,0,0.0,0.0,0.0,1.0
2021-08-12,107876.52991399847,0.0,0.0052127057608961636,0,0.0,0.0,0.0,1.0
2021-08-13,107889.00564536297,0.0001156482450301,0.005097660356139122,0,0.0,0.0,0.0,1.0
2021-08-16,107914.044888084,0.000232083357996,0.004866760080276422,0,0.0,0.0,0.0,1.0
2021-08-17,107889.00564536298,-0.0002320295078086,0.005097660356139011,0,0.0,0.0,0.0,1.0
2021-08-18,107889.00564536298,0.0,0.005097660356139011,0,0.0,0.0,0.0,1.0
2021-08-19,107889.00564536298,0.0,0.005097660356139011,0,0.0,0.0,0.0,1.0
2021-08-20,107889.00564536298,0.0,0.005097660356139011,0,0.0,0.0,0.0,1.0
2021-08-23,107889.00564536298,0.0,0.005097660356139011,0,0.0,0.0,0.0,1.0
2021-08-24,107876.52991399847,-0.0001156348720602,0.0052127057608961636,0,0.0,0.0,0.0,1.0
2021-08-25,107863.96640264196,-0.0001164619529988,0.0053285606320016,0,0.0,0.0,0.0,1.0
2021-08-26,107863.96640264196,0.0,0.0053285606320016,0,0.0,0.0,0.0,1.0
2021-08-27,107939.05121330805,0.0006961065235242,0.004636163354294176,0,0.0,0.0,0.0,1.0
2021-08-30,107964.11240102709,0.000232179062511,0.004405060711844433,0,0.0,0.0,0.0,1.0
2021-08-31,107319.46916131013,-0.00397886069442914,0.010349661494784002,5,0.20050144936840497,0.598296464617327,0.2012020860142679,0.0
2021-09-01,107439.75611592348,0.0011208306894674599,0.009240431023545548,5,0.20038344372749212,0.5986278939941102,0.20098866227839782,0.0
2021-09-02,107729.47561511978,0.0026965762923335866,0.006568772258440991,5,0.20045938423247106,0.599624009610945,0.19991660615658385,0.0
2021-09-03,107367.09882486083,-0.0033637663990271484,0.009910442842062217,5,0.20108715056195015,0.596176331855051,0.2027365175829989,0.0
2021-09-07,106323.63571913866,-0.009718648609703824,0.01953277534021758,5,0.2023345633281193,0.5969485571639499,0.20071687950793082,0.0
2021-09-08,106678.00968219167,0.00333909773045132,0.016264903115041918,5,0.19909153525275577,0.6020732754572057,0.19883518929003863,0.0
2021-09-09,107458.12418903831,0.0073127958533414925,0.009071049177755142,5,0.19680021920464216,0.6049349166519393,0.19826486414341862,0.0
2021-09-10,106610.47044854125,-0.00788822387226755,0.01688771858335225,5,0.19680096422051208,0.6043687074054102,0.19883032837407774,0.0
2021-09-13,107125.95075865262,0.004835175268832316,0.012134198393761064,5,0.19635518099305338,0.6051084151036973,0.1985364039032494,0.0
2021-09-14,107935.21208479813,0.007554297725382512,0.004671566015704065,5,0.19383132873647588,0.6078521237289101,0.19831654753461403,0.0
2021-09-15,107760.12687449805,-0.0016064534332757999,0.006286120569456877,5,0.201994991844487,0.5988579409415908,0.1991470672139222,0.0
2021-09-16,106943.9862998152,-0.007573678672755894,0.013812190184921525,5,0.20321392248058476,0.6006627183305782,0.1961233591888371,0.0
2021-09-17,106390.47820356277,-0.005175682293164883,0.018916384969916544,5,0.20228128840197865,0.6008874803354028,0.19683123126261853,0.0
2021-09-20,106974.06235038633,0.005485304292992853,0.01353484280460715,5,0.19782331967536496,0.6050207168412696,0.19715596348336542,0.0
2021-09-21,107039.05274657342,0.0006075341513554763,0.01293553153248872,5,0.1975164385302277,0.6041332623124088,0.19835029915736346,0.0
2021-09-22,107871.92115039418,0.00899678491839166,0.005255205639964955,3,0.8006011163961132,0.19939888360388688,0.0,0.0
2021-09-23,108435.16561369588,0.005221418672208894,6.122659661100815e-05,3,0.8061192637927166,0.19388073620728344,0.0,0.0
2021-09-24,108373.67994292238,-0.0005670270380049639,0.0006282189174801056,3,0.8079052207151991,0.19209477928480093,0.0,0.0
2021-09-27,108046.65013196507,-0.003017612866237757,0.003643936062229791,3,0.8080320380400267,0.19196796195997343,0.0,0.0
2021-09-28,105964.219081942,-0.019273443901126452,0.022847148766081515,3,0.8073083911858073,0.1926916088141927,0.0,0.0
2021-09-29,105885.93416274425,0.00047640908163175996,0.02356905595952341,5,0.20024124714139302,0.6007545114914039,0.19900424136720302,0.0
2021-09-30,105996.78774951161,0.001046915132249658,0.022546815628610717,5,0.19758697106154754,0.6000432212657386,0.2023698076727138,0.0
2021-10-01,106829.31621991952,0.007854280191729178,0.014869624444259877,5,0.19837704841822767,0.6003778311096074,0.20124512047216486,0.0
2021-10-04,106493.2604338729,-0.0031457262663256934,0.017968574942400894,5,0.19643666489811862,0.6007386952487773,0.2028246398531041,0.0
2021-10-05,105992.59624095373,-0.004701369747525605,0.02258546777528614,5,0.19941813516272994,0.5977480879972052,0.20283377684006482,0.0
2021-10-06,106495.53122283779,0.00475069554197954,0.017947634780421606,5,0.19988163441488144,0.6005318753687671,0.1995864902163515,0.0
2021-10-07,105898.73368799151,-0.0056039678660083185,0.023451024677849652,5,0.20274593190158183,0.5976008958488659,0.1996531722495522,0.0
2021-10-08,105425.6344588521,-0.004467468237470133,0.027813726207435385,5,0.20328436250368584,0.5960810113198693,0.20063462617644473,0.0
2021-10-11,105071.10102985107,-0.0033628768830356497,0.03108306895357693,5,0.20249361527833531,0.5965747645227414,0.2009316201989233,0.0
2021-10-12,106185.91851473725,0.010610124705645306,0.020802739485763166,5,0.19987443100552996,0.6004059074104485,0.19971966158402166,0.0
2021-10-13,107259.82272010858,0.01011425333582948,0.010899693294112223,5,0.19870974450901416,0.5997696464224404,0.20152060906854558,0.0
2021-10-14,107910.21998619995,0.0060637548114223965,0.004902031550344965,5,0.20083433584794388,0.5983696192266331,0.2007960449254231,0.0
2021-10-15,107354.66216081457,-0.005148333730173445,0.010025127986141413,5,0.20341109385609438,0.5979614816174026,0.1986274245265031,0.0
2021-10-18,107667.45426488935,0.002913633164866558,0.007140704366657369,5,0.2034206030907444,0.5990201658117755,0.19755923109748005,0.0
2021-10-19,107015.0523626896,-0.006059416066387774,0.013156851934280511,5,0.20623963577118076,0.5943579805559848,0.19940238367283453,0.0
2021-10-20,106894.04483226711,-0.00034350221588015976,0.01427272722121753,1,0.6025636021962067,0.3974363978037933,0.0,0.0
2021-10-21,107011.46746768888,0.0010984955766809414,0.013189910172256347,1,0.6034723971684973,0.39652760283150273,0.0,0.0
2021-10-22,107411.86864011905,0.0037416660279990317,0.009497596383061246,1,0.6005998623096279,0.39940013769037214,0.0,0.0
2021-10-25,107692.33097924372,0.002611092635064049,0.006911302851963952,1,0.6022481339774743,0.39775186602252577,0.0,0.0
2021-10-26,108104.92630907414,0.003831241519973733,0.0031065402024338384,1,0.6004896344121824,0.3995103655878175,0.0,0.0
2021-10-27,109158.49833311701,0.01055526187287118,0.0,5,0.19703420508863154,0.6045354668919217,0.19843032801944663,0.0
2021-10-28,109137.52363301606,-0.0001921490348551927,0.00019214903485520463,5,0.1989736122516192,0.6026051369477881,0.19842125080059278,0.0
2021-10-29,109198.36974653057,0.0005575178132053782,0.0,5,0.19926625923458788,0.6041102593206011,0.19662348144481112,0.0
2021-11-01,108872.9091226258,-0.002980453139183487,0.002980453139183492,5,0.20020572538311862,0.6015534562018641,0.1982408184150174,0.0
2021-11-02,109205.3687121995,0.003053648444345668,0.0,5,0.2004032099560924,0.6023842091818099,0.19721258086209764,0.0
2021-11-03,108961.59405849909,-0.0002327243254361,0.0022322588767852425,0,0.0,0.0,0.0,1.0
2021-11-04,109063.08308254609,0.0009314201478414,0.0013029178998369417,0,0.0,0.0,0.0,1.0
2021-11-05,109113.86651333635,0.0004656335522059,0.0008378910299208231,0,0.0,0.0,0.0,1.0
2021-11-08,108986.95797477513,-0.0011630835073168,0.0019999999999997797,0,0.0,0.0,0.0,1.0
2021-11-09,109050.42892352722,0.0005823719638708,0.0014187927800566325,0,0.0,0.0,0.0,1.0
2021-11-10,108834.68551993788,-0.0019783819808781,0.003394367846864088,0,0.0,0.0,0.0,1.0
2021-11-11,108758.59377110982,-0.0006991498019637,0.004091144477219921,0,0.0,0.0,0.0,1.0
2021-11-12,108847.40639684265,0.0008166032922394,0.0032778820270294995,0,0.0,0.0,0.0,1.0
2021-11-15,108834.68551993789,-0.0001168689023088,0.003394367846863977,0,0.0,0.0,0.0,1.0
2021-11-16,108834.68551993789,0.0,0.003394367846863977,0,0.0,0.0,0.0,1.0
2021-11-17,108872.73695417574,0.0003496259860178,0.0030459286200514857,0,0.0,0.0,0.0,1.0
2021-11-18,108860.08279515685,-0.0001162289051686,0.0031618035002712874,0,0.0,0.0,0.0,1.0
2021-11-19,108834.6855199379,-0.000233302001678,0.003394367846863755,0,0.0,0.0,0.0,1.0
2021-11-22,108707.8103403196,-0.001165760520299,0.004556171347135596,0,0.0,0.0,0.0,1.0
2021-11-23,108707.8103403196,0.0,0.004556171347135596,0,0.0,0.0,0.0,1.0
2021-11-24,108682.43530439596,-0.0002334242208008,0.004788532047189764,0,0.0,0.0,0.0,1.0
2021-11-26,108898.15646869001,0.0019848760629062,0.0028131606269204967,0,0.0,0.0,0.0,1.0
2021-11-29,108948.88430124204,0.0004658282031304,0.0023486428733500153,0,0.0,0.0,0.0,1.0
2021-11-30,108860.0827951569,-0.0008150749468863,0.0031618035002709544,0,0.0,0.0,0.0,1.0
2021-12-01,108872.74807382344,0.0001163445621328,0.003045826796781892,0,0.0,0.0,0.0,1.0
2021-12-02,108733.08529941452,-0.0012828074690851,0.004324727056502442,0,0.0,0.0,0.0,1.0
2021-12-03,108796.58960710953,0.0005840384968396,0.003743214366752179,0,0.0,0.0,0.0,1.0
2021-12-06,108707.72138313852,-0.0008168291330817,0.004556985933287683,0,0.0,0.0,0.0,1.0
2021-12-07,108568.08084802487,-0.0012845502907883,0.005835682546470267,0,0.0,0.0,0.0,1.0
2021-12-08,108606.13228226271,0.0003504845433448,0.005487243319657886,0,0.0,0.0,0.0,1.0
2021-12-09,108473.82638380163,0.0007833491291322599,0.006698776232565873,5,0.19849419980237143,0.6028836663484276,0.19862213384920083,0.0
2021-12-10,108609.67904271616,0.0012524003572425416,0.005454765425070174,5,0.2001120859233272,0.6006771064724666,0.19921080760420637,0.0
2021-12-13,109435.88340773007,0.007607097012863505,0.0,5,0.1968420656140372,0.6049526235878978,0.19820531079806514,0.0
2021-12-14,108927.24133588193,-0.004647854579407636,0.00464785457940764,5,0.19640061182272683,0.6063286876644904,0.19727070051278273,0.0
2021-12-15,108718.26711474564,-0.0019184752920704984,0.0065574130773063954,5,0.1998527639251561,0.6016491278563512,0.19849810821849267,0.0
2021-12-16,108814.60614530896,0.0008894359035482801,0.00567708911442133,5,0.19806017354600264,0.59970019334933,0.20223963310466744,0.0
2021-12-17,109277.57205426204,0.004254630194910014,0.001446612834276717,5,0.19512205463981783,0.6039262464471743,0.20095169891300788,0.0
2021-12-20,108463.45959465016,-0.007449950106940729,0.008885785747777986,5,0.1944962323451383,0.6039004142274179,0.2016033534274438,0.0
2021-12-21,108579.56949775187,0.001070497875834212,0.007824800086711936,5,0.1977386321234813,0.6009579586322976,0.201303409244221,0.0
2021-12-22,109301.60086227518,0.006649790267756201,0.001227043098419367,5,0.1983964212296278,0.5997501952927026,0.20185338347766957,0.0
2021-12-23,108917.45336836926,-0.0035108704517137594,0.0047372947813586475,5,0.20195347121095283,0.5968894888857113,0.20115703990333583,0.0
2021-12-27,109438.21259970544,0.00478122849214006,0.0,5,0.2038369639030162,0.5954892747000162,0.2006737613969676,0.0
2021-12-28,109067.03852797911,-0.003391631340727234,0.0033916313407272858,5,0.20436351425014385,0.5951476571606363,0.20048882858921985,0.0
2021-12-29,108379.96697505041,-0.006299534324959541,0.009669799967638282,5,0.20592216486468434,0.5923778369578396,0.2016999981774761,0.0
2021-12-30,109013.5647640089,0.005846078446437859,0.003880251930372669,5,0.2041593487797052,0.5938737232193461,0.20196692800094862,0.0
2021-12-31,109234.47337930385,0.0020387098927635,0.0018616826386484986,5,0.19909003252822968,0.5999533421332061,0.20095662533856437,0.0
2022-01-03,107302.37111440947,-0.01768766036144453,0.019516414189879705,5,0.20384835537614304,0.5947236952983023,0.20142794932555472,0.0
2022-01-04,107188.90162195075,-0.0010574742317460129,0.020553250316523775,5,0.20399584379512872,0.5928775837413898,0.20312657246348154,0.0
2022-01-05,106358.62128000808,-0.007745954379409713,0.028140000156633094,5,0.20164058913143715,0.5942628524445804,0.20409655842398236,0.0
2022-01-06,106236.30340498651,-0.0011500513409209295,0.029257689052640368,5,0.20168307167634386,0.5964872395586103,0.2018296887650458,0.0
2022-01-07,105790.05900778879,-0.00419349268967902,0.033335281208041856,5,0.20004820466647105,0.5981955042650549,0.201756291068474,0.0
2022-01-10,105984.35629810719,0.001836630890848696,0.03155987492441503,5,0.1994329889955823,0.5985683363148768,0.20199867468954089,0.0
2022-01-11,106857.7297602961,0.008240588448094402,0.02357935841704606,5,0.1996046252281292,0.5976305571809416,0.2027648175909292,0.0
2022-01-12,106727.97937768698,-0.0012142348794063533,0.024764962417028302,5,0.2003875913825786,0.5960646052681315,0.20354780334928993,0.0
2022-01-13,106924.48108118639,0.001841145167791658,0.022969413140121242,5,0.19726335150444949,0.600253096302234,0.20248355219331657,0.0
2022-01-14,105901.72662730917,-0.00955978283707428,0.032314909832562355,5,0.20201300232515057,0.5966380807363584,0.20134891693849113,0.0
2022-01-18,104598.33421566308,-0.01230756526031901,0.04422475723123587,5,0.20090810615829946,0.5955703999112484,0.20352149393045202,0.0
2022-01-19,105149.49935922225,0.005269349150654401,0.03918844376753583,5,0.19777980224915911,0.5965504211246696,0.20566977662617117,0.0
2022-01-20,105252.13220839434,0.0009760659803189003,0.038250628294000166,5,0.1954000269789394,0.5996441916403271,0.20495578138073348,0.0
2022-01-21,105529.47999447094,0.00263507997659815,0.035716341782111916,5,0.19106076166167962,0.6051890107464334,0.20375022759188696,0.0
2022-01-24,105510.21744641333,0.0005282208693273751,0.035892354781593805,4,0.2509291167914289,0.24781527948168738,0.25124083902928235,0.2500147646976015
2022-01-25,105217.12855398268,-0.0027778247408077154,0.03857047685128334,4,0.2485559725581485,0.2481042807037509,0.2527461743710008,0.2505935723670998
2022-01-26,104359.43687295765,-0.00815163550661793,0.046407699889293164,4,0.24997007640404426,0.2471182161137184,0.25070380827538963,0.25220789920684783
2022-01-27,104345.03962331587,-0.00013795829177673676,0.04653925585406793,4,0.24877001602335816,0.2516907073559538,0.24750432289660976,0.25203495372407836
2022-01-28,104931.13287327565,0.005616876969672716,0.04118378415878765,4,0.2535242923812078,0.25037245654841694,0.24538763272898062,0.2507156183413948
2022-01-31,105422.42121769922,0.0046912754467223,0.036694599506069014,4,0.2533144044733568,0.24754606221573622,0.2503068758472091,0.2488326574636979
2022-02-01,105536.06658712232,0.0010779999938382982,0.03565615629027208,4,0.2547514338594601,0.246458616674584,0.2502455875798886,0.24854436188606735
2022-02-02,105987.27370425366,0.0042753831152013404,0.031533216903627204,4,0.25613107434395693,0.24624067272061492,0.2500837721293698,0.24754448080605837
2022-02-03,105086.17167808484,-0.008501983253982461,0.03976710527555083,4,0.25225534383855835,0.24641350469154638,0.251869693395739,0.24946145807415632
2022-02-04,104817.38256458844,-0.0025577971792500563,0.04222318626510024,4,0.25409146193796545,0.24340341284673947,0.2529049759619648,0.2496001492533302
2022-02-07,104871.15150946453,0.00122704566144154,0.04173186843745291,5,0.1991138115321522,0.5996525948770293,0.2012335935908185,0.0
2022-02-08,104687.01518302463,-0.0017558339332555623,0.043414428140007844,5,0.20110523311790654,0.5966909919706966,0.2022037749113968,0.0
2022-02-09,105184.6330217973,0.004753386443415994,0.03886740725076121,5,0.2030832446780255,0.5949855109412248,0.20193124438074989,0.0
2022-02-10,103725.63185662338,-0.013870858539493776,0.052199141482482836,5,0.20223997039923283,0.5937658550761973,0.2039941745245699,0.0
2022-02-11,104628.40918164821,0.008703512418923533,0.04394994493970905,5,0.19654150382897737,0.5973709232231234,0.2060875729478993,0.0
2022-02-14,103889.67672293408,-0.007048444845055819,0.05070016902657548,5,0.20076114989701452,0.596741414900068,0.20249743520291746,0.0
2022-02-15,103322.37854771367,-0.005460582736563401,0.05588389929541149,5,0.20511889161148655,0.593206105197064,0.20167500319144951,0.0
2022-02-16,103923.66554692178,0.005819523395219097,0.05038959355955808,5,0.20416063137042703,0.5932691505123033,0.20257021811726963,0.0
2022-02-17,104216.80025193462,0.0028206732650368923,0.04771105287391064,5,0.19923751476102905,0.5960010874351839,0.2047613978037872,0.0
2022-02-18,104720.57485317082,0.004833909696117818,0.04310777409889199,5,0.1969952322257875,0.5993778672717694,0.203626900502443,0.0
2022-02-22,104702.44496996258,-0.00016587367881444045,0.04327343728707422,5,0.1978864413562412,0.6016625015170238,0.20045105712673505,0.0
2022-02-23,103561.32119316029,-0.010898730943004002,0.05370054268010749,5,0.19651796765219523,0.5999088069390938,0.20357322540871098,0.0
2022-02-24,103772.53996667443,0.0020395527121577443,0.0517705150554173,5,0.19906942783424622,0.5990821014206579,0.2018484707450959,0.0
2022-02-25,104204.03192934683,0.004158055327651925,0.04782772439370686,5,0.2026191772500919,0.5970376821731341,0.20034314057677383,0.0
2022-02-28,105730.0376050538,0.014644401444481899,0.03388373134542233,5,0.19918382371433968,0.6013179420101256,0.19949823427553476,0.0
2022-03-01,105916.30773475907,0.00216525992703524,0.03218167385306736,2,0.3930569049412319,0.4037503769092839,0.2031927181494843,0.0
2022-03-02,104996.41922349812,-0.008685050781458387,0.04058722516287949,2,0.4037945938599055,0.39336550563082584,0.2028399005092686,0.0
2022-03-03,105332.81122753609,0.003203842631260819,0.03751341761388016,2,0.40050109815017176,0.39610305942432894,0.2033958424254993,0.0
2022-03-04,106051.63882714101,0.006824346480719357,0.030945075692633717,2,0.3945546820088718,0.4002101494202581,0.2052351685708701,0.0
2022-03-07,104817.7971820287,-0.011634347745661988,0.04221939766667182,2,0.38743103196211814,0.4018316252765205,0.21073734276136133,0.0
2022-03-08,104649.08075024294,-0.0015845181659751005,0.04376105690778975,2,0.3975973090910857,0.39660480089160366,0.20579789001731064,0.0
2022-03-09,104718.03069402503,0.0006588681265787788,0.04313102154679305,2,0.40798838860195896,0.39245969713967477,0.1995519142583664,0.0
2022-03-10,103999.87355865612,-0.006858008411820636,0.049693237050035255,2,0.4089507323906305,0.389492226485608,0.20155704112376144,0.0
2022-03-11,103447.34332631946,-0.005312797154748852,0.0547420241163743,2,0.4059073543011831,0.392883138809578,0.20120950688923897,0.0
2022-03-14,101877.74951142647,-0.015172876986717702,0.06908430710517022,2,0.40914883509278843,0.3896213976580906,0.20122976724912092,0.0
2022-03-15,101795.12523010522,-0.00039042106955104055,0.06983929276656331,5,0.2044778864784218,0.5991865500577235,0.19633556346385472,0.0
2022-03-16,102980.0206427867,0.011640001522696295,0.05901222071801393,5,0.20660715833787463,0.598101254209455,0.19529158745267042,0.0
2022-03-17,102885.42817658023,-0.0009185516337638892,0.05987656658002516,5,0.20938430631201954,0.5941889669853416,0.19642672670263886,0.0
2022-03-18,103690.35732812012,0.00782354863857314,0.05252146517240164,5,0.21003445050392397,0.5967768061958935,0.19318874330018262,0.0
2022-03-21,102404.1309510481,-0.012404493630992818,0.06427445662317299,5,0.21261039007131038,0.5902797018523017,0.19710990807638784,0.0
2022-03-22,102518.80293081177,0.0018960466156112792,0.06322663267722539,1,0.6058719811805393,0.39412801881946075,0.0,0.0
2022-03-23,102604.37393308568,0.0008346859290938658,0.062444721128770975,1,0.5975706256734019,0.4024293743265981,0.0,0.0
2022-03-24,103205.20149263366,0.0058557694620291955,0.056954613557792744,1,0.6030472205204888,0.39695277947951135,0.0,0.0
2022-03-25,102940.82022528503,-0.002561704870732759,0.05937041751756367,1,0.6075486828622237,0.39245131713777626,0.0,0.0
2022-03-28,103731.07532736639,0.007676790415618416,0.05214940135411539,1,0.6072087151727291,0.392791284827271,0.0,0.0
2022-03-29,103573.43271243783,0.0004812383783507,0.05358987275056604,0,0.0,0.0,0.0,1.0
2022-03-30,103647.98789794678,0.0007198292415,0.052908619066520224,0,0.0,0.0,0.0,1.0
2022-03-31,103647.98789794678,0.0,0.052908619066520224,0,0.0,0.0,0.0,1.0
2022-04-01,103431.50471223236,-0.002088638574707,0.05488675065851034,0,0.0,0.0,0.0,1.0
2022-04-04,103493.77369070007,0.0006020310604679,0.054317763126746965,0,0.0,0.0,0.0,1.0
2022-04-05,103307.14087337728,-0.0018033241099175,0.05602313470482112,0,0.0,0.0,0.0,1.0
2022-04-06,103381.81576506645,0.0007228434652033,0.05534078719643942,0,0.0,0.0,0.0,1.0
2022-04-07,103456.4362448555,0.000721795020109,0.0546589368809377,0,0.0,0.0,0.0,1.0
2022-04-08,103331.97446458024,-0.0012030356427578,0.0557962158744324,0,0.0,0.0,0.0,1.0
2022-04-11,103356.88423244334,0.000241065439736,0.05556860097401184,0,0.0,0.0,0.0,1.0
2022-04-12,103618.15929431524,0.0025278922039126,0.05318118020328366,0,0.0,0.0,0.0,1.0
2022-04-13,103667.94618290133,0.0004804842020469,0.052726248718170665,0,0.0,0.0,0.0,1.0
2022-04-14,103481.33513033859,-0.0018000843986386,0.05443142141909296,0,0.0,0.0,0.0,1.0
2022-04-18,103481.33513033859,0.0,0.05443142141909296,0,0.0,0.0,0.0,1.0
2022-04-19,103244.90454204967,-0.0022847655375834,0.056591823920856266,0,0.0,0.0,0.0,1.0
2022-04-20,103307.14087337731,0.0006028029335074,0.0560231347048209,0,0.0,0.0,0.0,1.0
2022-04-21,103133.01191069615,-0.0016855462382275,0.05761425135909304,0,0.0,0.0,0.0,1.0
2022-04-22,103108.04773093297,-0.0002420580888764,0.057842363452393464,0,0.0,0.0,0.0,1.0
2022-04-25,103269.81430991275,0.0015689035195576,0.05636420902043582,0,0.0,0.0,0.0,1.0
2022-04-26,103456.43624485552,0.0018071295682078,0.05465893688093748,0,0.0,0.0,0.0,1.0
2022-04-27,103406.67112102946,-0.0004810249186265,0.05511366948889851,0,0.0,0.0,0.0,1.0
2022-04-28,103331.97446458027,-0.0007223581964239,0.055796215874432176,0,0.0,0.0,0.0,1.0
2022-04-29,103133.01191069615,-0.0019254693904288,0.05761425135909304,0,0.0,0.0,0.0,1.0
2022-05-02,103125.50306848316,-7.280735890358159e-05,0.057682863976520005,0,0.0,0.0,0.0,1.0
2022-05-03,103075.70529751704,-0.0004828851204057,0.05813789490020904,0,0.0,0.0,0.0,1.0
2022-05-04,104975.86640803928,0.02047556776062838,0.04077502807897804,1,0.6058662321416673,0.39413376785833254,0.0,0.0
2022-05-05,101581.709547161,-0.03233273491342523,0.07178939481843838,1,0.6038563330236989,0.3961436669763011,0.0,0.0
2022-05-06,100622.61492996948,-0.009441607366789147,0.08055319490625235,1,0.6059734523027722,0.3940265476972278,0.0,0.0
2022-05-09,99019.1745290228,-0.01593518914274531,0.095204753652114,1,0.5960701819256815,0.40392981807431844,0.0,0.0
2022-05-10,99518.2851700081,0.005040545362645841,0.09064409216899116,1,0.5944511063067746,0.40554889369322544,0.0,0.0
2022-05-11,99335.80468431188,-0.0018225602009889783,0.09231152150067878,1,0.5915465110418962,0.40845348895810385,0.0,0.0
2022-05-12,99198.77703685095,-0.0013794386414486418,0.09356362206231839,1,0.5917452305300307,0.4082547694699693,0.0,0.0
2022-05-13,100003.56451559841,0.008112877021140004,0.08620981520062243,1,0.6010165579412883,0.3989834420587117,0.0,0.0
2022-05-16,99718.41384600673,-0.0028514050571387052,0.08881540115472308,1,0.6002896355659273,0.3997103644340727,0.0,0.0
2022-05-17,100468.11823909574,0.007518214181051481,0.08196492018212875,1,0.6080661494176351,0.3919338505823648,0.0,0.0
2022-05-18,98893.19104079649,-0.015660010614580177,0.09635593736787085,1,0.5849737283224203,0.41502627167757966,0.0,0.0
2022-05-19,98637.20196642214,-0.0025885409468558484,0.09869505702537729,1,0.5828999702556908,0.41710002974430915,0.0,0.0
2022-05-20,99129.24972181265,0.004988460191297839,0.09419893319712835,1,0.5802597209413982,0.4197402790586017,0.0,0.0
2022-05-23,99520.84725154216,0.003950373182773475,0.09062068095390263,1,0.5887906264956531,0.4112093735043469,0.0,0.0
2022-05-24,99881.05532315529,0.0036194232822666455,0.08732925227413546,1,0.5821887555347091,0.41781124446529094,0.0,0.0
2022-05-25,100564.9094857586,0.0068825530564500595,0.08108048279628721,1,0.6011633924750058,0.3988366075249943,0.0,0.0
2022-05-26,101591.3839115082,0.010207083474727848,0.07170099457763224,1,0.6069798288673481,0.3930201711326519,0.0,0.0
2022-05-27,103202.64045998243,0.0158601693021302,0.05697801518863432,1,0.6121715112795176,0.38782848872048237,0.0,0.0
2022-05-31,102001.16704692725,-0.01164188636744294,0.06795656997780875,1,0.6159070584610541,0.3840929415389458,0.0,0.0
2022-06-01,101448.23166470828,-0.005420873096134158,0.07300905913204458,1,0.6142550657650199,0.3857449342349802,0.0,0.0
2022-06-02,102625.42350323763,0.0116327092834035,0.0622523790788424,1,0.6043954457903051,0.39560455420969476,0.0,0.0
2022-06-03,101520.18098081654,-0.010769675629024129,0.07235161677805224,1,0.6009482637221981,0.39905173627780194,0.0,0.0
2022-06-06,100958.75004936323,-0.005530239662982972,0.07748173466024821,1,0.6061301159679866,0.39386988403201345,0.0,0.0
2022-06-07,101975.19728277721,0.010067945897873966,0.06819387067500693,1,0.605844577634398,0.394155422365602,0.0,0.0
2022-06-08,100947.36636424373,-0.010079224614621891,0.07758575394975487,1,0.60535931370958,0.39464068629041993,0.0,0.0
2022-06-09,100672.62064927642,-0.0007231191740835,0.08009626383876645,0,0.0,0.0,0.0,1.0
2022-06-10,100247.63006408815,-0.0042215110965359,0.0839796476687159,0,0.0,0.0,0.0,1.0
2022-06-13,99737.56709990275,-0.0050880301495338,0.08864038683896414,0,0.0,0.0,0.0,1.0
2022-06-14,99543.22355197305,-0.0019485491132447,0.09041621580503612,0,0.0,0.0,0.0,1.0
2022-06-15,99931.84699472434,0.0039040672873968,0.08686513950801389,0,0.0,0.0,0.0,1.0
2022-06-16,100065.44425980862,0.001336883777314,0.08564438432652222,0,0.0,0.0,0.0,1.0
2022-06-17,100041.13938135964,-0.0002428898270403,0.08586647200386655,0,0.0,0.0,0.0,1.0
2022-06-21,100004.69797696319,-0.000364264187931,0.08619945811110263,0,0.0,0.0,0.0,1.0
2022-06-22,100296.17616787802,0.0029146449797985,0.08353605394914887,0,0.0,0.0,0.0,1.0
2022-06-23,100381.19550261837,0.0008476827132277,0.08275918330478516,0,0.0,0.0,0.0,1.0
2022-06-24,100356.89062416939,-0.0002421258117846,0.08298127098212937,0,0.0,0.0,0.0,1.0
2022-06-27,100247.63006408817,-0.0010887200609911,0.0839796476687158,0,0.0,0.0,0.0,1.0
2022-06-28,100223.30396793649,-0.0002426600622492,0.08420192922443392,0,0.0,0.0,0.0,1.0
2022-06-29,100344.71166281654,0.001211371907265,0.08309255716876884,0,0.0,0.0,0.0,1.0
2022-06-30,100539.03399304353,0.0019365477961605,0.08131692208107077,0,0.0,0.0,0.0,1.0
2022-07-01,100841.71513098678,0.0030105833119919,0.07855115013767866,0,0.0,0.0,0.0,1.0
2022-07-05,100829.51495193121,-0.0001209834545131,0.07866263020269215,0,0.0,0.0,0.0,1.0
2022-07-06,100550.01415419356,-0.0027720137091892,0.08121659002255854,0,0.0,0.0,0.0,1.0
2022-07-07,100477.07830114389,-0.0007253688988826,0.08188304693296555,0,0.0,0.0,0.0,1.0
2022-07-08,100355.49025579085,-0.0012101072942091,0.08299406695480915,0,0.0,0.0,0.0,1.0
2022-07-11,100391.95287789,0.0003633346018858,0.08266088696919915,0,0.0,0.0,0.0,1.0
2022-07-12,100440.57324363933,0.0004843054085068,0.08221661467532348,0,0.0,0.0,0.0,1.0
2022-07-13,100331.19598619321,-0.0010889748426743,0.08321605769296658,0,0.0,0.0,0.0,1.0
2022-07-14,100294.71214639136,-0.0003636340566186,0.08354943155695038,0,0.0,0.0,0.0,1.0
2022-07-15,100367.65860829239,0.00072732111534,0.08288287770735636,0,0.0,0.0,0.0,1.0
2022-07-18,100306.9017165956,-0.0006053433201416,0.08343804843112368,0,0.0,0.0,0.0,1.0
2022-07-19,100197.5032414468,-0.0010906375660759,0.08443768532714058,0,0.0,0.0,0.0,1.0
2022-07-20,100185.32428009393,-0.000121549549229,0.08454897151378005,0,0.0,0.0,0.0,1.0
2022-07-21,100464.89933979104,0.0027905789765723,0.08199433311960502,0,0.0,0.0,0.0,1.0
2022-07-22,100720.15891218782,0.002540783637611,0.07966187934196112,0,0.0,0.0,0.0,1.0
2022-07-25,100635.06531548801,-0.0008448516922417,0.08043942856063346,0,0.0,0.0,0.0,1.0
2022-07-26,100586.423732036,-0.0004833462700057,0.08088389473288293,0,0.0,0.0,0.0,1.0
2022-07-27,100744.43196408277,0.0015708703638546,0.07944008248217738,0,0.0,0.0,0.0,1.0
2022-07-28,100963.26074093445,0.0021721178290994,0.07744051787258266,0,0.0,0.0,0.0,1.0
2022-07-29,100951.11360613564,-0.0001203124256256,0.07755151324166132,0,0.0,0.0,0.0,1.0
2022-08-01,100948.68417917588,-2.4065380489379784e-05,0.07757371231547705,0,0.0,0.0,0.0,1.0
2022-08-02,100595.79134778042,-0.0034957645487395,0.08079829743078981,0,0.0,0.0,0.0,1.0
2022-08-03,100632.28579643364,0.0003627830564705,0.08046482662761889,0,0.0,0.0,0.0,1.0
2022-08-04,100766.14828280173,0.0013302141088087,0.07924164796645305,0,0.0,0.0,0.0,1.0
2022-08-05,100352.43490660137,-0.0041056781791369,0.0830219854406552,0,0.0,0.0,0.0,1.0
2022-08-08,100449.7711177622,0.0009699436914651,0.0821325684002211,0,0.0,0.0,0.0,1.0
2022-08-09,100352.43490660138,-0.0009690038123303,0.08302198544065509,0,0.0,0.0,0.0,1.0
2022-08-10,100449.77111776221,0.0009699436914651,0.08213256840022098,0,0.0,0.0,0.0,1.0
2022-08-11,100413.25545140631,-0.0003635216481788,0.0824662330817656,0,0.0,0.0,0.0,1.0
2022-08-12,100437.61337411206,0.0002425767653508,0.08224366070848643,0,0.0,0.0,0.0,1.0
2022-08-15,100522.76001506865,0.0008477565136821,0.08146562679387903,0,0.0,0.0,0.0,1.0
2022-08-16,100437.61337411206,-0.0008470384313346,0.08224366070848643,0,0.0,0.0,0.0,1.0
2022-08-17,100352.43490660141,-0.0008480733925185,0.08302198544065476,0,0.0,0.0,0.0,1.0
2022-08-18,100498.45513661967,0.0014550741110981,0.08168771447122336,0,0.0,0.0,0.0,1.0
2022-08-19,100425.42380390783,-0.0007266910980129,0.08235504383431302,0,0.0,0.0,0.0,1.0
2022-08-22,100291.56131753974,-0.0013329541593916,0.08357822249547886,0,0.0,0.0,0.0,1.0
2022-08-23,100340.2665540999,0.0004856364376055,0.08313317468810733,0,0.0,0.0,0.0,1.0
2022-08-24,100230.74077273488,-0.0010915436556667,0.08413397485436769,0,0.0,0.0,0.0,1.0
2022-08-25,100291.56131753979,0.000606805300809,0.08357822249547842,0,0.0,0.0,0.0,1.0
2022-08-26,100267.2352213881,-0.0002425537685535,0.08380050405119677,0,0.0,0.0,0.0,1.0
2022-08-29,100194.25693293303,-0.000727837845473,0.08446734871835149,0,0.0,0.0,0.0,1.0
2022-08-30,100145.57291407559,-0.0004858963013222,0.084912202647349,0,0.0,0.0,0.0,1.0
2022-08-31,100133.39395272272,-0.0001216125785542,0.08502348883398858,0,0.0,0.0,0.0,1.0
2022-09-01,100060.30957575413,-0.0007298701670204,0.08569130289301297,0,0.0,0.0,0.0,1.0
2022-09-02,100279.60514206534,0.0021916338980061,0.08368747295919154,0,0.0,0.0,0.0,1.0
2022-09-06,100060.30957575415,-0.0021868411428278,0.08569130289301286,0,0.0,0.0,0.0,1.0
2022-09-07,100206.49954739404,0.0014610185822903,0.08435548089658995,0,0.0,0.0,0.0,1.0
2022-09-08,100084.66749845988,-0.0012158098475092,0.0854687305197338,0,0.0,0.0,0.0,1.0
2022-09-09,99999.41476898977,-0.0008518060917915,0.08624773382621087,0,0.0,0.0,0.0,1.0
2022-09-12,99987.17215452879,-0.0001224268610898,0.08635960164797218,0,0.0,0.0,0.0,1.0
2022-09-13,99646.08697468885,-0.0034112893933313,0.08947629344818941,0,0.0,0.0,0.0,1.0
2022-09-14,99560.81302751604,-0.0008557681466657,0.09025549063304039,0,0.0,0.0,0.0,1.0
2022-09-15,99451.1493310834,-0.0011014744968216,0.09125755100873156,0,0.0,0.0,0.0,1.0
2022-09-16,99499.8651764949,0.0004898469825553,0.09081240626217324,0,0.0,0.0,0.0,1.0
2022-09-19,99390.22269776498,-0.0011019359527315,0.09181427275949039,0,0.0,0.0,0.0,1.0
2022-09-20,99341.5492877589,-0.0004897203033149,0.09225902974930089,0,0.0,0.0,0.0,1.0
2022-09-21,99256.24351403202,-0.0008587119321018,0.0930385177517129,0,0.0,0.0,0.0,1.0
2022-09-22,99073.43178752268,-0.0018418158902366,0.0947089738215503,0,0.0,0.0,0.0,1.0
2022-09-23,98951.6527828453,-0.0012291792308009,0.09582173874875921,0,0.0,0.0,0.0,1.0
2022-09-26,98732.32538998003,-0.0022165106564373,0.09782585950014155,0,0.0,0.0,0.0,1.0
2022-09-27,98732.32538998003,0.0,0.09782585950014155,0,0.0,0.0,0.0,1.0
2022-09-28,99158.75877895227,0.0043190858443562,0.09392929194076438,0,0.0,0.0,0.0,1.0
2022-09-29,99024.73715981389,-0.0013515862924136,0.09515392468973471,0,0.0,0.0,0.0,1.0
2022-09-30,98939.46321264106,-0.000861137828977,0.09593312187458591,0,0.0,0.0,0.0,1.0
2022-10-03,99156.60518212768,0.0021946952453131,0.09394897059571894,0,0.0,0.0,0.0,1.0
2022-10-04,99193.21632814578,0.0003692254888199,0.09361443346149134,0,0.0,0.0,0.0,1.0
2022-10-05,99095.59367799843,-0.0009841665968809,0.09450646785997352,0,0.0,0.0,0.0,1.0
2022-10-06,98973.59188744263,-0.0012311525268442,0.09562126851010888,0,0.0,0.0,0.0,1.0
2022-10-07,98851.6431411436,-0.0012321341882561,0.09673558446430919,0,0.0,0.0,0.0,1.0
2022-10-10,98815.02138627417,-0.0003704718880307,0.09707021853772368,0,0.0,0.0,0.0,1.0
2022-10-11,98581.15821793379,-0.00086797825869995,0.09920716104423,4,0.24863256123716823,0.2513245778571133,0.2497022132046646,0.2503406477010538
2022-10-12,98777.92621553731,0.001996000058840217,0.09740917848467145,4,0.24731875847947,0.25205464055758936,0.25053787875180394,0.25008872221113676
2022-10-13,98940.03676735816,0.0016411617254155691,0.09592788097468918,4,0.2534298775146129,0.24923434619203116,0.24839561429773677,0.24894016199561914
2022-10-14,97846.7972197722,-0.011049516285874665,0.10591744057746466,4,0.2504215270597452,0.2499397632988813,0.2480416185800061,0.2515970910613674
2022-10-17,98454.59468113398,0.006211725663300089,0.10036364499799055,4,0.25527101299133076,0.24718724553041763,0.24721937915519532,0.2503223623230564
2022-10-18,98355.54693697774,0.0004940714647831,0.10126870130148236,0,0.0,0.0,0.0,1.0
2022-10-19,98173.33825554697,-0.0018525511484119,0.10293364700099994,0,0.0,0.0,0.0,1.0
2022-10-20,98063.99614519333,-0.0011137658380224,0.1039327688594095,0,0.0,0.0,0.0,1.0
2022-10-21,98319.14534174267,0.0026018641558474,0.10160132364947538,0,0.0,0.0,0.0,1.0
2022-10-24,98294.80718868936,-0.0002475423577851,0.10182371537605017,0,0.0,0.0,0.0,1.0
2022-10-25,98391.99078595082,0.0009886951309128,0.1009356928567412,0,0.0,0.0,0.0,1.0
2022-10-26,98477.01587012013,0.0008641463953531,0.1001587696765327,0,0.0,0.0,0.0,1.0
2022-10-27,98683.47819712834,0.0020965534463444,0.09827220444393525,0,0.0,0.0,0.0,1.0
2022-10-28,98537.76618184302,-0.0014765593790101,0.09960365907777768,0,0.0,0.0,0.0,1.0
2022-10-31,98391.99078595081,-0.0014793860419283,0.10093569285674131,0,0.0,0.0,0.0,1.0
2022-11-01,98295.86353213782,-0.0009769825068598,0.1018140629573624,0,0.0,0.0,0.0,1.0
2022-11-02,98247.19778946569,-0.0004950945128654,0.1022587498863251,0,0.0,0.0,0.0,1.0
2022-11-03,98064.62995126242,-0.0018582498260611,0.10392697740819667,0,0.0,0.0,0.0,1.0
2022-11-04,98174.17276687128,0.0011170471521007,0.10292602159023634,0,0.0,0.0,0.0,1.0
2022-11-07,98088.9997946192,-0.0008675700528116,0.10370429610906118,0,0.0,0.0,0.0,1.0
2022-11-08,98186.36297026691,0.0009926003512277,0.10281463267857516,0,0.0,0.0,0.0,1.0
2022-11-09,98344.52927480996,0.0016108785350461,0.10136937602839957,0,0.0,0.0,0.0,1.0
2022-11-10,98879.9580785483,0.0054444187967197,0.09647685456794053,0,0.0,0.0,0.0,1.0
2022-11-11,98855.59879862603,-0.0002463520454056,0.09669943934288905,0,0.0,0.0,0.0,1.0
2022-11-14,98770.39413607048,-0.0008619103378162,0.0974780034342746,0,0.0,0.0,0.0,1.0
2022-11-15,99767.29803429943,0.01211737964291942,0.08836871816227054,5,0.1992909274650627,0.6024085813105794,0.1983004912243579,0.0
2022-11-16,100884.49730877901,0.011198050829195503,0.07816022473076689,5,0.1955804667250272,0.6087653061871641,0.1956542270878087,0.0
2022-11-17,100032.60864374114,-0.008444197946791363,0.08594442226836596,5,0.19664251225037319,0.6074710590286775,0.1958864287209493,0.0
2022-11-18,99568.94090256016,-0.004635165947059287,0.09018122155598729,5,0.19845519567921674,0.6061028394951576,0.1954419648256257,0.0
2022-11-21,99642.680054593,0.0007405838744936983,0.08950742443996018,5,0.19758726796812032,0.6082071041505738,0.194205627881306,0.0
2022-11-22,100931.55898134467,0.01375090117278492,0.07773019511453227,1,0.5998261677990498,0.40017383220095015,0.0,0.0
2022-11-23,102017.5438783124,0.010759616793082958,0.06780692543413314,1,0.5971806631539239,0.40281933684607607,0.0,0.0
2022-11-25,101864.60338738759,-0.0014991587241821288,0.06920443081449079,1,0.5979433277322145,0.4020566722677855,0.0,0.0
2022-11-28,101008.10203980363,-0.008408233273404274,0.07703077709005357,1,0.5933914543986151,0.40660854560138493,0.0,0.0
2022-11-29,100423.53702443378,-0.005787308181867479,0.08237228442541211,1,0.5958202968494571,0.40417970315054297,0.0,0.0
2022-11-30,101692.37850023483,0.013648549822941126,0.07077814883365019,4,0.2544029863983018,0.2484477834289222,0.2497862598549796,0.24736297031779655
2022-12-01,103001.6179639265,0.012874509211018697,0.05881487355172921,4,0.25098441151545076,0.2531257230095647,0.2511451595189093,0.24474470595607542
2022-12-02,103204.08903800107,0.001965707705149678,0.05696477869669769,4,0.2502029983138014,0.2558061275539821,0.24978627464247039,0.24420459948974602
2022-12-05,101856.24470502167,-0.013059989633580363,0.06928080891101995,4,0.24895343651719873,0.2555606515173541,0.2487488782943768,0.24673703367107042
2022-12-06,101923.19541177715,0.0006573058622903487,0.06866904173057109,4,0.24520362962696074,0.25868218425177214,0.2492659530916928,0.24684823302957445
2022-12-07,102762.08772240965,0.008248139562157676,0.061003599370863304,4,0.24753305610007695,0.2537973057679037,0.25019612288859533,0.24847351524342387
2022-12-08,102886.44528866663,0.001210150251062381,0.0598672726408952,4,0.2491706424024366,0.2527958223588406,0.25010404862623986,0.24792948661248276
2022-12-09,102096.9852094084,-0.0076731203711358385,0.06708102422276585,4,0.24922157960712177,0.24812343464367848,0.2529312291859728,0.249723756563227
2022-12-12,102315.82872162305,0.00214348652671569,0.06508132496766994,4,0.2522738992432868,0.24838443532222954,0.25030535586903796,0.24903630956544567
2022-12-13,103269.32899216759,0.009319186312205754,0.0563686436482832,4,0.25183669110221846,0.24846729736191103,0.25223027378760854,0.24746573774826203
2022-12-14,102946.62703859844,-0.00212759193363966,0.05931735731879517,1,0.5974350274444576,0.4025649725555423,0.0,0.0
2022-12-15,101603.82717931014,-0.013043650850113149,0.07158729327069058,1,0.5905233690633965,0.40947663093660347,0.0,0.0
2022-12-16,100430.724713572,-0.01154584918999023,0.08230660636865783,1,0.5903678315732691,0.4096321684267309,0.0,0.0
2022-12-19,99236.59356684954,-0.011890097877199583,0.09321807064019394,1,0.5924054593924362,0.40759454060756395,0.0,0.0
2022-12-20,98598.79283693776,-0.006427071980076853,0.09904602337042234,1,0.5970533437210562,0.4029466562789438,0.0,0.0
2022-12-21,99581.92696965717,0.00997700859508122,0.0900625603791595,1,0.6029558461322616,0.3970441538677385,0.0,0.0
2022-12-22,98717.70434380659,-0.008678508763080142,0.09795946042276371,1,0.5995572052508317,0.4004427947491684,0.0,0.0
2022-12-23,98478.63354901763,-0.0024217620980765664,0.1001439880124404,1,0.6044699667443542,0.39553003325564584,0.0,0.0
2022-12-27,97473.69614576215,-0.01020462375480942,0.10932668004827673,1,0.608293588866567,0.39170641113343296,0.0,0.0
2022-12-28,96511.85660232311,-0.009867683092684851,0.11811556210866991,1,0.606720695450111,0.3932793045498891,0.0,0.0
2022-12-29,97991.08607599806,0.01534056726286586,0.10459899016788399,1,0.6015717623615686,0.3984282376384314,0.0,0.0
2022-12-30,97401.48756035166,-0.00601685866803368,0.10998649149525841,1,0.6036190104815803,0.3963809895184197,0.0,0.0
2023-01-03,97890.7788733795,0.00502344805283057,0.10551555486896735,1,0.5980735262658115,0.4019264737341885,0.0,0.0
2023-01-04,98881.7922191964,0.010123663916279115,0.09646009496812136,1,0.5966504359615992,0.4033495640384008,0.0,0.0
2023-01-05,98375.17322448446,-0.0051234811115569556,0.10108936460508999,1,0.5928782952781244,0.4071217047218757,0.0,0.0
2023-01-06,100451.22333464805,0.02111793891031144,0.08211929865785816,1,0.6010660427494544,0.39893395725054553,0.0,0.0
2023-01-09,100630.34818723329,0.0017832023009665327,0.08048253167921215,1,0.5996559002846399,0.40034409971536006,0.0,0.0
2023-01-10,100386.77980699574,-0.0024204266866331174,0.08270815629836104,1,0.6053263056397364,0.3946736943602635,0.0,0.0
2023-01-11,101799.25069546704,0.01407028785251351,0.0698015960127163,1,0.6044773043929216,0.39552269560707837,0.0,0.0
2023-01-12,102815.74832359784,0.009985315424095352,0.060513271541913105,1,0.600680022524573,0.39931997747542697,0.0,0.0
2023-01-13,102836.09651618524,0.0011991084065362501,0.060327338382881956,4,0.25066929863282145,0.24736020966507158,0.2526974343803592,0.24927305732174768
2023-01-17,102470.07636572381,-0.003559257525919526,0.06367187537564356,4,0.2511038591355016,0.24663927757344267,0.2519402300346679,0.25031663325638775
2023-01-18,102658.62192507772,0.0018400060392360631,0.06194902597162821,4,0.2466855327106062,0.25215164515644045,0.25075532874289935,0.25040749339005397
2023-01-19,102714.43125926152,0.0005436400093556756,0.06143906393133125,4,0.2447566297050389,0.2504370984962875,0.2545960361119489,0.2502102356867246
2023-01-20,102656.57231532867,-0.000563299073202276,0.06196775443676261,4,0.24945672798790067,0.2465161466168205,0.25388987100748267,0.2501372543877961
2023-01-23,102866.40571593595,0.0020521035756274003,0.060050385762488,4,0.2524815459327517,0.2483133852782116,0.2499611622459981,0.24924390654303868
2023-01-24,103308.29446087619,0.004295753719251111,0.05601259371121847,4,0.25113173211549894,0.25080677864501066,0.24979260299849396,0.24826888624099624
2023-01-25,103515.3624095722,0.002004369056488917,0.054120494564338095,4,0.2507232807131154,0.2509121179648206,0.25044066253658465,0.24792393878547928
2023-01-26,103429.32108529762,-0.0008311937694247586,0.0549067037158828,4,0.25368973482082446,0.24995258107269952,0.24837930683271775,0.24797837727375832
2023-01-27,103388.58118274552,-0.000393891230500217,0.05527896767729379,4,0.25437281709020765,0.2494200371655891,0.24813105347320263,0.2480760922710006
2023-01-30,102877.27592419577,-0.004936768817420075,0.05995105840688164,4,0.2480880260543974,0.250322135702087,0.25059545300059843,0.2509943852429172
2023-01-31,103599.60878450533,0.007021306248833867,0.05335068689906419,4,0.24998059435148123,0.25056400983504523,0.2497530782303276,0.24970231758314607
2023-02-01,104557.83172694672,0.00924929112844989,0.04459485180564671,4,0.25032203895575633,0.2512521679370952,0.25058147041631507,0.2478443226908334
2023-02-02,104432.28436531173,-0.0012007456501475602,0.04574205038146961,4,0.25427128711643615,0.25187981163579287,0.24567641453128045,0.24817248671649056
2023-02-03,103021.2434255798,-0.013511539542657275,0.05863554440163532,4,0.2550142213301303,0.25151100974190427,0.24282582981273926,0.2506489391152261
2023-02-06,102253.45079628305,-0.00636973153234114,0.06565130800977392,3,0.8002081363154997,0.19979186368450033,0.0,0.0
2023-02-07,103159.62423737744,0.008862032860873713,0.057371079197842234,3,0.8035525135105781,0.1964474864894219,0.0,0.0
2023-02-08,102349.65193376844,-0.007851640693700049,0.06477226279147097,3,0.8010555478636168,0.1989444521363833,0.0,0.0
2023-02-09,101445.98066722276,-0.008829255883844766,0.07302962779295419,3,0.8011848391029072,0.19881516089709284,0.0,0.0
2023-02-10,101409.97489579608,-0.00035492555929631734,0.07335863327076086,3,0.8033397256299031,0.19666027437009692,0.0,0.0
2023-02-13,102423.91240761706,0.01040931289052544,0.06409370205766007,1,0.6007896012302915,0.39921039876970843,0.0,0.0
2023-02-14,102301.49233930162,-0.0011952293701516558,0.0652123247526708,1,0.6012318501883716,0.39876814981162856,0.0,0.0
2023-02-15,102120.7989209962,-0.0017662833080296445,0.06686342462001194,1,0.6042514569094088,0.39574854309059115,0.0,0.0
2023-02-16,100698.57895987645,-0.013926839352481186,0.07985906779925345,1,0.6043483006578451,0.39565169934215494,0.0,0.0
2023-02-17,100856.36711334632,0.001566935254694534,0.07841726653330061,1,0.6018952350454725,0.39810476495452746,0.0,0.0
2023-02-21,98857.878466706,-0.019811480272166,0.09667860870223977,1,0.5998474378809249,0.4001525621190752,0.0,0.0
2023-02-22,99138.66781458836,0.0028403335397989963,0.09411287465731877,1,0.5973240585119849,0.40267594148801517,0.0,0.0
2023-02-23,99843.78228333029,0.0071124061305790996,0.08766983751341872,1,0.5962606577794388,0.40373934222056124,0.0,0.0
2023-02-24,98683.75831022323,-0.011618389714195888,0.09826964488920353,1,0.5968254214430779,0.403174578556922,0.0,0.0
2023-02-27,98994.68610409075,0.0031507494160294427,0.09542851849942213,1,0.5969771526237889,0.40302284737621114,0.0,0.0
2023-02-28,98954.45131918041,-0.0004003905103021396,0.09579616690992299,1,0.5980217797465774,0.4019782202534225,0.0,0.0
2023-03-01,98300.14569489,-0.006612189907252682,0.10177493436918039,1,0.5996932786716944,0.4003067213283055,0.0,0.0
2023-03-02,98409.66840311485,0.0011141662858241057,0.1007741622839724,1,0.6036846036484423,0.39631539635155766,0.0,0.0
2023-03-03,100307.2755033908,0.019282730356358895,0.08343463292582332,1,0.6017626726247494,0.3982373273752506,0.0,0.0
2023-03-06,100039.3934107742,-0.0026706147811536283,0.0858824259430252,1,0.6037921298414627,0.39620787015853737,0.0,0.0
2023-03-07,99363.94636465487,-0.00674427758334206,0.09205437475390277,1,0.5948143183637098,0.40518568163629015,0.0,0.0
2023-03-08,99499.99113591685,0.0013691562809182356,0.09081125529836498,1,0.5949705325145827,0.40502946748541724,0.0,0.0
2023-03-09,98506.70872561034,-0.009982738681350049,0.09988744894874613,1,0.5898819917269751,0.4101180082730249,0.0,0.0
2023-03-10,99061.482534971,0.0056318378366083995,0.09481816102652951,1,0.5781144706974708,0.42188552930252915,0.0,0.0
2023-03-13,99074.84480883351,0.00013488869256322086,0.09469606223173843,1,0.577212620086103,0.4227873799138971,0.0,0.0
2023-03-14,99401.36346460317,0.0033414037251004404,0.09171247315427444,1,0.6078868875935771,0.39211311240642294,0.0,0.0
2023-03-15,99776.08697299479,0.0037698024989874825,0.08828840856577236,1,0.6018161968223676,0.3981838031776323,0.0,0.0
2023-03-16,100518.83481544325,0.007444146839006504,0.08150149360431169,1,0.6078502559260397,0.39214974407396025,0.0,0.0
2023-03-17,100396.06626978012,-0.0012213486744900484,0.08262330053761913,1,0.6014776166681872,0.3985223833318129,0.0,0.0
2023-03-20,100624.7079001203,0.0022773963048092418,0.08053407023214543,1,0.6058812579718498,0.3941187420281503,0.0,0.0
2023-03-21,101469.38598478881,0.00878598927136452,0.07281575992166811,3,0.8034454037293883,0.1965545962706117,0.0,0.0
2023-03-22,100345.5836841558,-0.011075284330600683,0.08308458900738758,3,0.7985939964423747,0.20140600355762525,0.0,0.0
2023-03-23,100562.23553206262,0.0021590571298956947,0.08110491625177285,3,0.7990279066733816,0.20097209332661833,0.0,0.0
2023-03-24,101174.97236048119,0.00609311065109721,0.07550598682974552,3,0.7994001579719094,0.20059984202809067,0.0,0.0
2023-03-27,100849.44797620167,-0.003217439814262504,0.07848049067576679,3,0.8034801859869833,0.1965198140130166,0.0,0.0
2023-03-28,100537.48774282706,-0.0010955171718177,0.0813310510601517,0,0.0,0.0,0.0,1.0
2023-03-29,100500.7199006371,-0.0003657127606372,0.0816670200175802,0,0.0,0.0,0.0,1.0
2023-03-30,100512.99694260758,0.0001221587465505,0.08155483761182958,0,0.0,0.0,0.0,1.0
2023-03-31,100635.4720382788,0.0012185000885123,0.08043571210016587,0,0.0,0.0,0.0,1.0
2023-04-03,100758.23191069673,0.0012198469379787,0.0793139844192966,0,0.0,0.0,0.0,1.0
2023-04-04,100991.44297170137,0.0023145608709305,0.07718300059322059,0,0.0,0.0,0.0,1.0
2023-04-05,101126.50098066362,0.0013373213114709,0.07594889775332636,0,0.0,0.0,0.0,1.0
2023-04-06,101089.64876017833,-0.0003644170432866,0.07628563772385277,0,0.0,0.0,0.0,1.0
2023-04-10,100733.67782675574,-0.0035213391063123,0.07953834923079806,0,0.0,0.0,0.0,1.0
2023-04-11,100721.39023749834,-0.0001219809454245,0.0796506280131859,0,0.0,0.0,0.0,1.0
2023-04-12,100831.86252065889,0.0010968105473927,0.07864117911470447,0,0.0,0.0,0.0,1.0
2023-04-13,100893.27937237208,0.0006091016289677,0.07807997795603938,0,0.0,0.0,0.0,1.0
2023-04-14,100660.01557493286,-0.0023119854849629,0.08021144366530175,0,0.0,0.0,0.0,1.0
2023-04-17,100512.72271314777,-0.0014632708026498,0.0815573434043978,0,0.0,0.0,0.0,1.0
2023-04-18,100488.15808191989,-0.0002443932525635,0.08178180459253626,0,0.0,0.0,0.0,1.0
2023-04-19,100130.20991381232,-0.00156522348300076,0.08505258323195763,5,0.20027967744748315,0.6003639893809273,0.19935633317158968,0.0
2023-04-20,100613.32406846319,0.004824859101630876,0.08063809086065066,5,0.1982303164018412,0.60258925103648,0.19918043256167894,0.0
2023-04-21,100089.9528077767,-0.005201808662343323,0.08542043560344015,5,0.19942167103659886,0.6023361085441498,0.19824222041925132,0.0
2023-04-24,100754.34385572527,0.006637939466556899,0.07934951181762584,5,0.19831333883207486,0.6041531317492853,0.1975335294186399,0.0
2023-04-25,101433.485232643,0.006740566718296689,0.0731438057778,5,0.19385859913441875,0.6089324531443029,0.1972089477212782,0.0
2023-04-26,100814.70719474024,-0.005386334760650599,0.07879793721145267,4,0.25028923927871705,0.24867489985570235,0.24998716799552276,0.25104869287005777
2023-04-27,101020.40332746656,0.00204033854236157,0.07691837313744232,4,0.25475223520172907,0.2457059281719156,0.24949164498021922,0.25005019164613607
2023-04-28,101674.96020048865,0.006479452184528393,0.07093730987376967,4,0.2552725808742326,0.24806213048669745,0.2479525736757175,0.24871271496335245
2023-05-01,100753.0533127518,-0.009067196937367695,0.07936130425230481,4,0.25734821316424844,0.24311373278202741,0.24909754795523278,0.25044050609849133
2023-05-02,101639.60778347956,0.008799281426993365,0.0712603452758408,4,0.2522363065664927,0.24699863891649398,0.2516896062123606,0.2490754483046525
2023-05-03,101346.37080958487,-0.0018854241727432393,0.07393982045118264,1,0.5970073647892524,0.40299263521074763,0.0,0.0
2023-05-04,100514.33729071348,-0.008209800826856104,0.08154259007896103,1,0.5976854978655789,0.4023145021344212,0.0,0.0
2023-05-05,101492.03353985194,0.009726933246455252,0.07260881616294679,1,0.6028861235833712,0.39711387641662876,0.0,0.0
2023-05-08,100943.47282305777,-0.005404963302649404,0.07762133147878669,1,0.6063238754310366,0.39367612456896334,0.0,0.0
2023-05-09,100532.91332316387,-0.004067221865980102,0.08137285016810969,1,0.6061302494185535,0.39386975058144646,0.0,0.0
2023-05-10,101040.65077136538,0.00546497339977994,0.07673336057722357,2,0.3996847120711851,0.40168647766213644,0.1986288102666785,0.0
2023-05-11,101227.04002210783,0.001844695667728927,0.07503021460732184,2,0.3982529644287418,0.40518560385730923,0.19656143171394902,0.0
2023-05-12,100796.92967284285,-0.004248966967433296,0.07896038067132916,2,0.3994283657871987,0.40350902580612186,0.19706260840667944,0.0
2023-05-15,100557.09094938598,-0.00237942489156474,0.08115192526767712,2,0.4017623221668124,0.40028208628292106,0.19795559155026654,0.0
2023-05-16,99917.37117216022,-0.006361756999789893,0.08699741343884893,2,0.40163257554246584,0.40163459132211016,0.19673283313542403,0.0
2023-05-17,100216.1477600593,0.0029967905922651003,0.08426731961876865,2,0.4036459014672951,0.3976419749413208,0.19871212359138404,0.0
2023-05-18,100052.2509470192,-0.001635433178219155,0.08576493922664363,2,0.4082019504844875,0.39534251076758375,0.19645553874792884,0.0
2023-05-19,99907.67504363238,-0.0014450040055907954,0.08708601255151271,2,0.40819783219940303,0.3931148452671098,0.19868732253348723,0.0
2023-05-22,99737.8937220186,-0.0016993821699846884,0.08863740230451223,2,0.4090587218246642,0.39238175307677264,0.1985595250985633,0.0
2023-05-23,99416.46283936794,-0.0032227558719711055,0.09157450146773016,2,0.40577572858515437,0.3947835810535461,0.19944069036129958,0.0
2023-05-24,98776.11542432786,-0.00603199114737284,0.09742572472721722,5,0.19975594203821823,0.600653821425309,0.19959023653647281,0.0
2023-05-25,98609.84546269206,-0.0016833012810994771,0.0989450291610714,5,0.2018255508308081,0.6001705767629002,0.19800387240629164,0.0
2023-05-26,99423.65117489494,0.008252783567242935,0.0915088175045492,5,0.2027659264380053,0.6000662467529482,0.19716782680904668,0.0
2023-05-30,100148.75882650861,0.0072931102715001455,0.08488309112992432,5,0.20137451591651517,0.6016734718313433,0.19695201225214143,0.0
2023-05-31,100592.50067156945,0.004430827204054999,0.08082836623521206,5,0.19937446265115583,0.6042407205698274,0.19638481677901687,0.0
2023-06-01,101096.2551396983,0.00572040724363905,0.07622527142799473,4,0.25093976319873224,0.2495534433256819,0.2505413341240648,0.24896545935152117
2023-06-02,100742.17608797154,-0.0035023953284667687,0.07946069572190095,4,0.255463390905317,0.2476861207247521,0.24771408079632934,0.2491364075736016
2023-06-05,100802.79722632567,0.0006017453732703416,0.07890676545463804,4,0.25482055137090737,0.24707611645867353,0.24905555458783885,0.24904777758258037
2023-06-06,101020.75262250158,0.002162195912942392,0.07691518142746534,4,0.25482441408950746,0.24799619932191821,0.24879109238834612,0.24838829420022823
2023-06-07,100239.49463186917,-0.007733638587626137,0.08405398580002976,4,0.25592249456644534,0.24621917213877487,0.24771874340606326,0.25013958988871654
2023-06-08,101054.11318415964,0.008138945305726675,0.07661034675531941,4,0.24948160246203874,0.25088229561905745,0.2512578363200324,0.24837826559887136
2023-06-09,100950.17670805524,-0.0010285229648692607,0.07756007421920419,4,0.25018659738601107,0.25079616741266486,0.2508413256134568,0.24817590958786728
2023-06-12,101253.15837518185,0.003001299026972749,0.07479155616751743,4,0.251700847058328,0.25078167505464394,0.24987093280598513,0.2476465450810429
2023-06-13,100937.64478725637,-0.00311608638178366,0.07767458559965501,4,0.2541522237956137,0.24907995062674673,0.24880529284737196,0.24796253273026758
2023-06-14,101167.90279253754,0.0022811905881744343,0.075570585545091,4,0.2538757450646111,0.25050193107894114,0.24837651881432524,0.24724580504212268
2023-06-15,102072.69425783287,0.00964920458533972,0.0673029846422436,5,0.20054443604479544,0.599974283304846,0.19948128065035853,0.0
2023-06-16,101733.79703947305,-0.003320155510971209,0.07039968377785,5,0.20052714096972207,0.5996351308144015,0.19983772821587656,0.0
2023-06-20,101839.66271347455,0.001040614594975147,0.06943232812129596,5,0.1992793600664606,0.6031569676440981,0.1975636722894413,0.0
2023-06-21,101855.23592495546,0.0001529189224116688,0.06929002671568119,5,0.19822801549015942,0.6045242357430218,0.19724774876681872,0.0
2023-06-22,100985.6566093186,-0.008537404167200037,0.07723587392005338,5,0.2006566334229766,0.6023700792084625,0.1969732873685608,0.0
2023-06-23,101066.60579239212,0.001507393376142025,0.07649619459643708,4,0.24773656389361445,0.2521123929306835,0.2503119929010148,0.24983905027468728
2023-06-26,101054.08106493951,-0.00012392547819737644,0.07661064024713882,4,0.24675493737087192,0.25241203371411475,0.250778514676622,0.2500545142383913
2023-06-27,101107.18147014968,0.0005254652226863853,0.07612543125158999,4,0.24932921050139142,0.25162100401765425,0.24949545338653184,0.2495543320944226
2023-06-28,101198.15210890763,0.0008997445822858396,0.07529418011364697,4,0.24923068775243995,0.2524669440338928,0.2486960022388846,0.2496063659747826
2023-06-29,100747.31321410238,-0.004455011138148569,0.07941375484075153,4,0.2513327014975821,0.24901977256135496,0.2495411673271543,0.25010635861390856
2023-06-30,101518.44890622869,0.0076570565572172,0.07236744374147486,4,0.2510280385729594,0.251026423613829,0.2497534545486646,0.2481920832645469
2023-07-03,101402.46744894945,-0.0011424667981911494,0.07342723313792154,4,0.2516043352686526,0.24988889867396896,0.25031962897288473,0.24818713708449372
2023-07-05,101027.88561773904,-0.0036940110101264683,0.07685000314039336,4,0.25216164525735374,0.24843205035513055,0.250360828233759,0.24904547615375675
2023-07-06,100382.48262622881,-0.006388364831787594,0.08274742211479613,4,0.2517956193973139,0.246493174169646,0.25121958522549964,0.2504916212075405
2023-07-07,100386.93774193729,4.438140591790727e-05,0.0827067131558078,4,0.2511487737858088,0.24499859037213945,0.25309275006955895,0.25075988577249286
2023-07-10,100490.71732514616,0.00204356026453918,0.08175841931270134,1,0.6002918996201861,0.3997081003798138,0.0,0.0
2023-07-11,101081.36369150158,0.005877621158224365,0.07636134316969234,1,0.6005848304222425,0.39941516957775747,0.0,0.0
2023-07-12,102019.22163557928,0.009278247837455043,0.06779159479936658,1,0.5998515037487516,0.4001484962512484,0.0,0.0
2023-07-13,102934.08020295309,0.008967511736580043,0.0594320049847914,1,0.599238804905147,0.40076119509485314,0.0,0.0
2023-07-14,102652.75281582853,-0.0027330830233279054,0.06200265540425298,1,0.600506824620962,0.39949317537903795,0.0,0.0
2023-07-17,102686.8285545267,0.0011338734306702,0.0616912857474512,5,0.2004671247237419,0.5996162440861219,0.1999166311901361,0.0
2023-07-18,103354.46954643421,0.006501719853515561,0.055590665351268775,5,0.2006521411555721,0.5984471273968858,0.20090073144754209,0.0
2023-07-19,104102.68222863734,0.00723928713955595,0.0487538150004696,5,0.1996530030435205,0.6008576080452637,0.19948938891121584,0.0
2023-07-20,103100.1615619693,-0.009630113703182348,0.057914423921733515,5,0.20025690319412434,0.5993338363363822,0.20040926046949353,0.0
2023-07-21,103055.07249488663,-0.00043733265205002424,0.05832642870517779,5,0.20034452039455217,0.5997729648218889,0.19988251478355895,0.0
2023-07-24,102862.39719552436,-0.0011709074839815002,0.06008701392294835,4,0.2514111969585776,0.24938271069689294,0.249221446925703,0.24998464541882648
2023-07-25,103024.47207700074,0.0015756475242193445,0.05860604235345457,4,0.2517009216404931,0.2485237155305296,0.25021482667297906,0.24956053615599816
2023-07-26,103204.91861734864,0.0017514920165086927,0.056957198352246996,4,0.2512994968148498,0.2483342862966076,0.250996036040074,0.24937018084846865
2023-07-27,102089.31361588863,-0.01080961078605492,0.06715112399265,4,0.25236131396499856,0.24616445154502672,0.24975211601390487,0.25172211847606984
2023-07-28,102709.04346418384,0.0060704673814042,0.06148829531906774,4,0.2532944179144641,0.24593584183184586,0.2502264933890295,0.2505432468646605
2023-07-31,102822.07989099139,0.00210419680981276,0.06045541636278384,1,0.5998800944243255,0.4001199055756744,0.0,0.0
2023-08-01,101971.39639670191,-0.008273354275573295,0.0682286015609106,1,0.6031535933381703,0.39684640666182963,0.0,0.0
2023-08-02,100682.85910615258,-0.012636262089973744,0.08000270915952834,1,0.6023749686748504,0.39762503132514954,0.0,0.0
2023-08-03,99585.41596530944,-0.010899999767448819,0.09003067941574294,1,0.6072679452552735,0.3927320547447265,0.0,0.0
2023-08-04,100004.63368688319,0.004209629668261556,0.08620004556660354,1,0.6019872836445872,0.39801271635541274,0.0,0.0
2023-08-07,100134.29067668384,0.00130048955797324,0.0850152949505193,1,0.6044509699820019,0.39554903001799796,0.0,0.0
2023-08-08,100331.05305948363,0.001964985036295906,0.08321736369665744,1,0.6006421251708015,0.39935787482919854,0.0,0.0
2023-08-09,100135.38016856014,-0.0019502724725463142,0.08500533963554835,1,0.5977925455314008,0.4022074544685993,0.0,0.0
2023-08-10,99493.83673814005,-0.006406760820602667,0.09086749157663199,1,0.6018631570461848,0.3981368429538152,0.0,0.0
2023-08-11,99367.75859674018,-0.001267195492035218,0.09201954019296876,1,0.6022754612813349,0.39772453871866514,0.0,0.0
2023-08-14,99608.88573487216,0.0024311754228142,0.08981622260943001,1,0.601848779149055,0.39815122085094506,0.0,0.0
2023-08-15,98668.8252195242,-0.009437516627282825,0.09840609714243664,1,0.6005052647312948,0.3994947352687051,0.0,0.0
2023-08-16,97925.61497507164,-0.0075323714739586,0.10519723733741593,1,0.6006226898974101,0.39937731010258987,0.0,0.0
2023-08-17,97310.73119897877,-0.006279090269174311,0.11081578465728081,1,0.5998122964250828,0.40018770357491723,0.0,0.0
2023-08-18,97476.36438464628,0.0017021060640149595,0.10930229881231956,1,0.5990813303067063,0.4009186696932938,0.0,0.0
2023-08-21,97336.94576378763,-0.00142844658194664,0.11057624707542402,1,0.6047676603351341,0.395232339664866,0.0,0.0
2023-08-22,97472.72383398036,0.0013949284018241693,0.10933556462121241,1,0.6022893738674058,0.3977106261325942,0.0,0.0
2023-08-23,99087.11070492273,0.016562447497538584,0.09458398167232651,1,0.5990754476153615,0.40092455238463853,0.0,0.0
2023-08-24,98002.47371103162,-0.010946297517152488,0.10449493478573679,1,0.5973111208148071,0.40268887918519297,0.0,0.0
2023-08-25,98544.04761700639,0.005526124856517919,0.09954626198571859,1,0.5982161830490144,0.40178381695098553,0.0,0.0
2023-08-28,99024.68740771631,0.0052831104104539,0.09515437930331438,3,0.8008421635364814,0.19915783646351856,0.0,0.0
2023-08-29,100375.83225836106,0.013644525279657276,0.08280819035753129,3,0.8014823561803065,0.19851764381969345,0.0,0.0
2023-08-30,100686.48575010059,0.0030949032725320416,0.07996957042432917,3,0.8023003466061348,0.19769965339386522,0.0,0.0
2023-08-31,100657.24714007543,-0.000290392596457546,0.08023674044959361,3,0.8013591131202075,0.19864088687979253,0.0,0.0
2023-09-01,100496.21711565116,-0.0015997856984920995,0.08170816455822072,3,0.8041402355831676,0.19585976441683237,0.0,0.0
2023-09-05,99631.24754931594,-0.0082020545916172,0.08961188982737367,1,0.6023473371833229,0.39765266281667716,0.0,0.0
2023-09-06,99325.24391962832,-0.003071362019592903,0.09240802129204673,1,0.6001413003058733,0.3998586996941267,0.0,0.0
2023-09-07,99252.38615176697,-0.0007335271979830108,0.09307376469310025,1,0.5987380460440981,0.4012619539559019,0.0,0.0
2023-09-08,99494.38903602403,0.00243825759399904,0.09086244491266637,1,0.5981811307428652,0.40181886925713467,0.0,0.0
2023-09-11,99597.72796965891,0.0010386408182019066,0.08991817753859233,1,0.6014905095519809,0.398509490448019,0.0,0.0
2023-09-12,99499.24003537201,-0.0009858791587818796,0.09081811853678046,1,0.597297478544648,0.40270252145535207,0.0,0.0
2023-09-13,99560.04402450501,0.0006111000356524477,0.09026251745660374,1,0.5976286968105423,0.4023713031894576,0.0,0.0
2023-09-14,99783.92009902293,0.002248653832081661,0.08821683278029424,1,0.6014292460794282,0.39857075392057173,0.0,0.0
2023-09-15,98818.48388032861,-0.00967526849753182,0.097038579734675,1,0.5999881236474381,0.4000118763525618,0.0,0.0
2023-09-18,99078.63732106802,0.0026326394670704227,0.09466140786244259,1,0.598763732239178,0.401236267760822,0.0,0.0
2023-09-19,98728.2492999166,-0.00313525318754254,0.0978631050834402,3,0.8008516962170706,0.1991483037829294,0.0,0.0
2023-09-20,98062.808973361,-0.006740120799003909,0.10394361673241603,3,0.798873761124642,0.201126238875358,0.0,0.0
2023-09-21,96261.59589339403,-0.01836795313966867,0.12040233839077596,3,0.8003707458333306,0.19962925416666946,0.0,0.0
2023-09-22,96243.02032431337,-0.0001929696771412762,0.12057207406755088,3,0.7987251820312837,0.2012748179687162,0.0,0.0
2023-09-25,96089.58116078323,-0.0015942887392052442,0.12197413610680752,3,0.8033648433224557,0.1966351566775443,0.0,0.0
2023-09-26,95070.28393085061,-0.01020520203656978,0.13128804215223,1,0.5972806177132939,0.402719382286706,0.0,0.0
2023-09-27,94894.7672996296,-0.0018461776273716146,0.13289183873343868,1,0.5986241763004442,0.4013758236995559,0.0,0.0
2023-09-28,95340.42446654178,0.004696330257125982,0.1288196124394817,1,0.5992803091128458,0.40071969088715426,0.0,0.0
2023-09-29,95206.08134280944,-0.0014090887940139067,0.13004718296115803,1,0.5986695125487159,0.4013304874512841,0.0,0.0
2023-10-02,94543.78391071792,-0.0069564614229502076,0.13609897617267563,1,0.6026234992662787,0.3973765007337213,0.0,0.0
2023-10-03,92970.42700022491,-0.0166364093669522,0.15047564473403008,1,0.6019831361593612,0.39801686384063883,0.0,0.0
2023-10-04,93900.02192459359,0.009998823866501423,0.1419814003354225,1,0.6003639265223709,0.399636073477629,0.0,0.0
2023-10-05,93691.72408122971,-0.002218293873574907,0.14388473773847177,1,0.6014720035831983,0.39852799641680176,0.0,0.0
2023-10-06,93908.34137899075,0.0023120216847886434,0.14190538068744452,1,0.6072092642931974,0.3927907357068026,0.0,0.0
2023-10-09,95139.11810500712,0.013106149123103497,0.13065906464500143,1,0.603191135320815,0.3968088646791849,0.0,0.0
2023-10-10,95382.99783324308,0.0025697998583317197,0.1284305950598118,1,0.6015769275370421,0.3984230724629579,0.0,0.0
2023-10-11,96411.78059038393,0.010785808587600313,0.11903001428731819,1,0.5975956328451086,0.40240436715489136,0.0,0.0
2023-10-12,95008.06530409186,-0.014559582632913994,0.13185656959141911,1,0.6027278827551455,0.3972721172448544,0.0,0.0
2023-10-13,95398.18596873581,0.004106184705427803,0.1282918123153578,1,0.5972732559445214,0.4027267440554786,0.0,0.0
2023-10-16,95379.34789623186,-0.0001974678272197419,0.12846394663714944,1,0.603676627221187,0.39632337277881297,0.0,0.0
2023-10-17,95128.2476513976,-0.0022408810803944725,0.13075839424250935,3,0.8017599316119535,0.1982400683880465,0.0,0.0
2023-10-18,93946.03607361672,-0.012427555504997311,0.1415609425453136,3,0.8010313253775313,0.1989686746224687,0.0,0.0
2023-10-19,92902.12995773455,-0.011111763300626722,0.1510997141597632,3,0.802914903098858,0.19708509690114198,0.0,0.0
2023-10-20,92089.50942263434,-0.008747060325418918,0.1585250961702731,3,0.8000467593132659,0.19995324068673417,0.0,0.0
2023-10-23,92183.00768154432,0.0010152976109458652,0.15767074871074394,3,0.7978499196012656,0.20215008039873453,0.0,0.0
2023-10-24,93049.06144355935,0.00979451483100258,0.14975711652101864,1,0.5986601404244243,0.4013398595755757,0.0,0.0
2023-10-25,91418.23397307575,-0.0175265332630228,0.1646589266999614,1,0.6005943927143802,0.3994056072856198,0.0,0.0
2023-10-26,91320.83105435787,-0.0010654648912443835,0.165548953285777,1,0.5940354756029912,0.4059645243970088,0.0,0.0
2023-10-27,90917.43073914494,-0.004417396453310995,0.1692350543799941,1,0.5939666089713451,0.40603339102865493,0.0,0.0
2023-10-30,91396.78847594686,0.005272451419984248,0.1648548865627868,1,0.5979153817043503,0.40208461829564984,0.0,0.0
2023-10-31,91562.34321132388,0.0018155614087466596,0.16334211756332784,1,0.6026740460144,0.39732595398559994,0.0,0.0
2023-11-01,92939.63983040887,0.015042173133404968,0.1507569648422875,1,0.6000749934340422,0.39992500656595775,0.0,0.0
2023-11-02,94855.7846276076,0.020617088689984443,0.1332480458670895,1,0.5992208452298843,0.4007791547701156,0.0,0.0
2023-11-03,95632.05641605907,0.0081837053111629,0.12615480329659123,1,0.5997793474783154,0.4002206525216846,0.0,0.0
2023-11-06,95392.74416012013,-0.002502427166240012,0.12834153725591013,1,0.6026672211646372,0.39733277883536283,0.0,0.0
2023-11-07,95853.50594910842,0.00522688394051044,0.12413129132770195,3,0.7981052910549475,0.20189470894505257,0.0,0.0
2023-11-08,96239.18057601362,0.004023583937659628,0.1206071600599894,3,0.7954890580373128,0.20451094196268724,0.0,0.0
2023-11-09,95189.41961014016,-0.010907833582854675,0.13019943081200902,3,0.7979896275520395,0.20201037244796047,0.0,0.0
2023-11-10,96482.43480501857,0.0135836020449973,0.11838440602164724,3,0.7995808403938762,0.20041915960612386,0.0,0.0
2023-11-13,96364.96492133326,-0.0012175261115943258,0.11945779602770457,3,0.7997925779793054,0.20020742202069464,0.0,0.0
2023-11-14,98321.14027536128,0.020707512620094917,0.10158309479164573,1,0.5992318182846306,0.40076818171536954,0.0,0.0
2023-11-15,97892.84096065312,-0.0043561263987444586,0.1054967123895022,1,0.6031276595375749,0.39687234046242514,0.0,0.0
2023-11-16,98447.8527144087,0.005669584704142685,0.10042525023226045,1,0.6004610179455326,0.3995389820544674,0.0,0.0
2023-11-17,98705.71976490894,0.002619326307180009,0.09806897042491891,1,0.5996371974518694,0.4003628025481306,0.0,0.0
2023-11-20,99402.71382670621,0.007061334069163625,0.09170013411774458,1,0.6000161082587372,0.39998389174126275,0.0,0.0
2023-11-21,99180.93163368064,-0.0018319131931571803,0.09372668579249444,3,0.7997214252764001,0.20027857472359983,0.0,0.0
2023-11-22,99557.371860857,0.003795489929119844,0.09028693455538972,3,0.7997735401640647,0.2002264598359353,0.0,0.0
2023-11-24,99371.63473559135,-0.0018656290518119746,0.09198412167909609,3,0.8017614541528634,0.19823854584713668,0.0,0.0
2023-11-27,99557.20371251958,0.001867424013119925,0.09028847102362536,3,0.7988257603415552,0.20117423965844486,0.0,0.0
2023-11-28,99675.42657092989,0.0011874867312636544,0.08920820065368851,3,0.7986682483336888,0.2013317516663111,0.0,0.0
2023-11-29,99869.68445600056,0.00195157317815062,0.08743315443851318,3,0.797880243141656,0.20211975685834394,0.0,0.0
2023-11-30,99950.25617752143,0.0008067685600465101,0.08669692419857333,3,0.8003760646616654,0.1996239353383344,0.0,0.0
2023-12-01,100799.31689039768,0.008494832783302193,0.07893856728916471,3,0.7983294161737852,0.2016705838262148,0.0,0.0
2023-12-04,100295.98683436624,-0.004993387570063896,0.08353778399852818,3,0.7981238311962864,0.2018761688037137,0.0,0.0
2023-12-05,100715.24615974285,0.004180220351877113,0.07970676999147253,3,0.7946448204781524,0.20535517952184762,0.0,0.0
2023-12-06,100657.74971323523,-0.0005601768994480205,0.0802321481490812,3,0.7972228236572482,0.20277717634275186,0.0,0.0
2023-12-07,101152.95342699578,0.004919677969866528,0.07570718651093866,3,0.7993732040918834,0.20062679590811663,0.0,0.0
2023-12-08,101334.51593754352,0.0017949303939878028,0.07404814524706271,3,0.8013714466578631,0.19862855334213683,0.0,0.0
2023-12-11,101607.80000329152,0.002696850754351544,0.07155099128907927,3,0.8023247656621172,0.1976752343378828,0.0,0.0
2023-12-12,102039.75485864135,0.0042511977952070104,0.06760397091028514,3,0.8025772930817978,0.1974227069182021,0.0,0.0
2023-12-13,103643.73698263988,0.0157244239713013,0.052947462128791756,3,0.7984764674817999,0.20152353251820007,0.0,0.0
2023-12-14,104452.66295646812,0.007804870775392088,0.04555583945319974,3,0.7948354818233696,0.2051645181766305,0.0,0.0
2023-12-15,104339.76341187279,-0.0010808680353357105,0.04658746763784749,3,0.7943853881507148,0.2056146118492852,0.0,0.0
2023-12-18,104635.06847174867,0.0028302255077022674,0.04388909516939332,3,0.7965993199521887,0.2034006800478112,0.0,0.0
2023-12-19,105256.59831520147,0.005939976458472009,0.03820981890301112,3,0.7967108476805081,0.20328915231949177,0.0,0.0
2023-12-20,104231.6860133588,-0.009730759362765259,0.04757503309553002,3,0.7966664112709956,0.20333358872900442,0.0,0.0
2023-12-21,104884.92816237277,0.00626721272579469,0.04160598322258158,3,0.7992114772550457,0.20078852274495435,0.0,0.0
2023-12-22,104957.60338773277,0.0006929043727568119,0.040941907817532486,3,0.8002631706428048,0.19973682935719506,0.0,0.0
2023-12-26,105371.86755944243,0.003946966759323748,0.03715653740742797,3,0.8004827247555245,0.19951727524447546,0.0,0.0
2023-12-27,105896.9069972204,0.004982728786521656,0.03235894956945384,3,0.7979540897283145,0.20204591027168559,0.0,0.0
2023-12-28,105774.65413286287,-0.00115036458701276,0.03347604442556873,3,0.8012239222239459,0.19877607777605408,0.0,0.0
2023-12-29,105339.66205136862,-0.004112441539613702,0.037450817689504645,3,0.8022034576012284,0.19779654239877162,0.0,0.0
2024-01-02,104746.64612654717,-0.005629559780932944,0.04286954585340963,3,0.8022302757735262,0.19776972422647376,0.0,0.0
2024-01-03,104146.79250308045,-0.005726709595475079,0.04835075400929234,3,0.800261637107777,0.1997383628922231,0.0,0.0
2024-01-04,103562.25374322564,-0.005612642941812377,0.0536920214328831,3,0.8021862658717798,0.1978137341282203,0.0,0.0
2024-01-05,103477.12194697624,-0.0008176660338090199,0.05446991970284831,3,0.8017511380427196,0.19824886195728042,0.0,0.0
2024-01-08,104863.89830599971,0.013401767781424089,0.041798145136354714,3,0.8024428279357375,0.1975571720642624,0.0,0.0
2024-01-09,104604.15716640186,-0.002476935759530077,0.0441715495755145,3,0.8032149845100321,0.1967850154899679,0.0,0.0
2024-01-10,104983.4519319062,0.003626000875863467,0.040705714777100055,3,0.8048391910614648,0.19516080893853524,0.0,0.0
2024-01-11,105061.26206358674,0.0007411656813401689,0.03999471877458716,3,0.8038887584871334,0.19611124151286655,0.0,0.0
2024-01-12,105077.38181412232,0.00016121068488744012,0.039847423326748066,3,0.8004250301212593,0.19957496987874057,0.0,0.0
2024-01-16,104399.25391838845,-0.006453604800826203,0.04604386860509224,3,0.8026666227393984,0.19733337726060166,0.0,0.0
2024-01-17,103900.85808925789,-0.004773940525668648,0.05059799844046842,3,0.8020337049576375,0.19796629504236257,0.0,0.0
2024-01-18,104450.71464774107,0.005292127212373999,0.0455736422725328,3,0.8049063721359417,0.19509362786405826,0.0,0.0
2024-01-19,105563.96620910664,0.010658151694988443,0.035401221370178204,3,0.8063462942798036,0.1936537057201964,0.0,0.0
2024-01-22,105866.84010152798,0.0028818321691116205,0.03263368811806666,3,0.7993878080941952,0.20061219190580476,0.0,0.0
2024-01-23,105945.35793894184,0.0007416660149540096,0.031916225400532516,3,0.8011249343588229,0.19887506564117718,0.0,0.0
2024-01-24,105914.73822535553,-0.0002890142067759968,0.03219601536474104,3,0.8022326312053094,0.19776736879469053,0.0,0.0
2024-01-25,106513.7490452988,0.005655594584662681,0.026722508390223054,3,0.8020597747199268,0.19794022528007305,0.0,0.0
2024-01-26,106364.82939710726,-0.0013981260590893868,0.028083273013967847,3,0.8021624149297167,0.1978375850702832,0.0,0.0
2024-01-29,107283.21746914642,0.00863868311467566,0.01969143208178481,3,0.7994294287335798,0.2005705712664201,0.0,0.0
2024-01-30,107411.96775194485,0.0012000971432038808,0.018514966569967983,3,0.797853625678632,0.20214637432136787,0.0,0.0
2024-01-31,106226.82876982496,-0.011033584124041228,0.029344264252805563,3,0.7935909931731346,0.20640900682686536,0.0,0.0
2024-02-01,107760.260280167,0.014435444680973405,0.015332417075157534,3,0.7925369275437806,0.20746307245621942,0.0,0.0
2024-02-02,108165.5153936605,0.0037607102325093516,0.011629367620431652,3,0.7978796556476366,0.20212034435236337,0.0,0.0
2024-02-05,107413.13641678735,-0.0069516006698675005,0.018504287805990116,3,0.8026669650328506,0.19733303496714935,0.0,0.0
2024-02-06,107870.61131705539,0.004259021899266865,0.014324076073719327,3,0.8015832988830501,0.19841670111694987,0.0,0.0
2024-02-07,108488.20962941276,0.005725362124277863,0.008680724472059254,3,0.8036676640429108,0.19633233595708932,0.0,0.0
2024-02-08,108402.85876230658,-0.0007867294279970142,0.009460624518657812,3,0.8046555786429945,0.19534442135700544,0.0,0.0
2024-02-09,108864.19424246092,0.004255750128932445,0.005245136443740361,3,0.8058763957439303,0.19412360425606973,0.0,0.0
2024-02-12,108850.21528730282,-0.00011665586033435997,0.005372870210822445,3,0.7997421804034478,0.20025781959655226,0.0,0.0
2024-02-13,107277.72093930049,-0.014446405492647255,0.01974165704174491,3,0.8002884818246527,0.19971151817534727,0.0,0.0
2024-02-14,108166.9730117027,0.008289252089027662,0.011616048524591416,3,0.8009223434270927,0.19907765657290738,0.0,0.0
2024-02-15,108876.06712075659,0.006555551008875407,0.005136647114340365,3,0.8011960580367368,0.19880394196326326,0.0,0.0
2024-02-16,108316.38719986759,-0.005140522942183858,0.01025076500418709,3,0.8013254545672308,0.19867454543276925,0.0,0.0
2024-02-20,107857.71990078068,-0.004231874688252301,0.014441872371451892,3,0.7989768143423402,0.20102318565765984,0.0,0.0
2024-02-21,107781.65098739219,-0.0007052709204168513,0.015136957859248734,3,0.8002649466828567,0.19973505331714322,0.0,0.0
2024-02-22,109671.8061841969,0.01753689222134687,0.0,3,0.8027490972468676,0.19725090275313228,0.0,0.0
2024-02-23,110022.1225300052,0.0031942242769299432,0.0,3,0.8007450597241065,0.19925494027589358,0.0,0.0
2024-02-26,109634.06694836664,-0.0035270686723275577,0.003527068672327549,3,0.8006361666482447,0.1993638333517553,0.0,0.0
2024-02-27,109642.22911890197,7.572164750159995e-05,0.003452882041969585,3,0.8014255132862174,0.19857448671378267,0.0,0.0
2024-02-28,109664.3265973002,0.00020154167400476664,0.0032520362675917402,3,0.800205041996418,0.19979495800358202,0.0,0.0
2024-02-29,110134.43484100481,0.004286792782040338,0.0,3,0.7996538527057372,0.20034614729426264,0.0,0.0
2024-03-01,111098.7323937648,0.008755640814356487,0.0,3,0.8001552462242663,0.19984475377573388,0.0,0.0
2024-03-04,110914.09069310338,-0.0016619604624020339,0.001661960462402079,3,0.8006277722860707,0.19937222771392935,0.0,0.0
2024-03-05,110343.08101848818,-0.00514696672187844,0.006801620135487907,3,0.7961022073534552,0.20389779264654484,0.0,0.0
2024-03-06,110920.23524151433,0.005230542936619926,0.0016066533650251902,3,0.7959728884723561,0.20402711152764388,0.0,0.0
2024-03-07,111775.42415117689,0.007709944969017662,0.0,3,0.7977237179394026,0.20227628206059747,0.0,0.0
2024-03-08,111200.13431693496,-0.005146836512683182,0.005146836512683217,3,0.7970377394100893,0.20296226058991074,0.0,0.0
2024-03-11,111112.14337358731,-0.0007912845059779038,0.005934048406673775,3,0.7969830366633119,0.203016963336688,0.0,0.0
2024-03-12,111881.89134866206,0.006933743179504021,0.0,3,0.8030379197722989,0.19696208022770098,0.0,0.0
2024-03-13,111634.21711458931,-0.0022137115406899873,0.0022137115406899444,3,0.8035579797817498,0.1964420202182502,0.0,0.0
2024-03-14,111120.11829755212,-0.004605208244614449,0.006808725182665953,3,0.8056798120992835,0.19432018790071648,0.0,0.0
2024-03-15,110498.39372273484,-0.005595067611001477,0.012365697515925755,3,0.8046495627346999,0.19535043726530021,0.0,0.0
2024-03-18,110961.7919550115,0.004193710122514842,0.00822384554425537,3,0.8060514237387192,0.19394857626128092,0.0,0.0
2024-03-19,111410.38219005149,0.0044566845087248,0.004214347406240937,1,0.6006573496017513,0.3993426503982487,0.0,0.0
2024-03-20,112014.96439049335,0.0054266235206923375,0.0,1,0.6029409913253783,0.3970590086746218,0.0,0.0
2024-03-21,112333.9313706648,0.002847539004337903,0.0,1,0.6032159776704342,0.3967840223295658,0.0,0.0
2024-03-22,112631.60543298228,0.0026499033612137524,0.0,1,0.6004811397226067,0.3995188602773933,0.0,0.0
2024-03-25,112219.70879825077,-0.0036570253362552614,0.0036570253362552263,1,0.6010200921753763,0.39897990782462367,0.0,0.0
2024-03-26,112219.92164090711,3.936852591680087e-06,0.003655135612180671,1,0.5988893869046166,0.40111061309538343,0.0,0.0
2024-03-27,113231.14391838828,0.009011076310648123,0.0,1,0.598528910373487,0.4014710896265131,0.0,0.0
2024-03-28,113179.78667769187,-0.0004535610868104078,0.00045356108681038343,1,0.5986861087271708,0.40131389127282924,0.0,0.0
2024-04-01,112215.22057000491,-0.008522423800230342,0.008972119447239635,1,0.6027817408172187,0.39721825918278136,0.0,0.0
2024-04-02,111539.53135008679,-0.0060213687277528094,0.014939463735531233,1,0.6025775506620635,0.3974224493379365,0.0,0.0
2024-04-03,111602.76758612238,0.00057209817724744,0.014380993390295083,1,0.600315609175902,0.39968439082409807,0.0,0.0
2024-04-04,111104.93764639756,-0.004460731131427015,0.018777574776805084,1,0.5956451516441262,0.4043548483558738,0.0,0.0
2024-04-05,111170.9789049242,0.0005944043525483382,0.01819433189643438,1,0.601510230823131,0.3984897691768691,0.0,0.0
2024-04-08,111203.5292919619,0.00029279572203402425,0.017906863396944805,1,0.6016704974529341,0.39832950254706584,0.0,0.0
2024-04-09,111692.96368851907,0.004401248770371168,0.01358442718708075,1,0.5997269577181359,0.40027304228186417,0.0,0.0
2024-04-10,110048.19092913817,-0.014725302377295661,0.028110225500717623,1,0.6028694639182197,0.39713053608178034,0.0,0.0
2024-04-11,110350.27577445342,0.0027450232735744665,0.025442365450368043,1,0.6057564588613638,0.3942435411386362,0.0,0.0
2024-04-12,109660.1354027187,-0.006254088328200473,0.031537334977763565,1,0.6011548971492865,0.39884510285071345,0.0,0.0
2024-04-15,108156.07480739083,-0.013715655099314886,0.044820434867771985,1,0.601878726285831,0.39812127371416917,0.0,0.0
2024-04-16,107751.55756944165,-0.0037401249876121948,0.04839292582697974,1,0.6030363840368462,0.3969636159631538,0.0,0.0
2024-04-17,107846.61403465224,0.0008882599826989204,0.047553435365953245,1,0.5959197254726445,0.4040802745273554,0.0,0.0
2024-04-18,107494.73499002658,-0.003262773224503899,0.0506610525148119,1,0.5966402370229048,0.40335976297709525,0.0,0.0
2024-04-19,107091.12060588863,-0.003754736305693397,0.0542255699273434,1,0.5936616041261256,0.40633839587387444,0.0,0.0
2024-04-22,107603.37853494307,0.004783383777816896,0.04970156786105984,1,0.596276419094747,0.4037235809052531,0.0,0.0
2024-04-23,108379.4007277677,0.007211875717941668,0.04284813367351903,1,0.5990320708570125,0.4009679291429875,0.0,0.0
2024-04-24,108041.5538015504,-0.0031153316073719603,0.04583182627368221,1,0.601589396193662,0.3984106038063379,0.0,0.0
2024-04-25,107492.75605562257,-0.005079506232720867,0.05067852945918905,1,0.6023637295368988,0.3976362704631012,0.0,0.0
2024-04-26,108330.16509546299,0.0077903764920411005,0.04328295779169811,1,0.6033699791838255,0.3966300208161745,0.0,0.0
2024-04-29,108921.97532245045,0.005463023401339311,0.03805639020165397,1,0.6022168454034862,0.39778315459651387,0.0,0.0
2024-04-30,107512.81012026953,-0.012937381993020736,0.05050142213736053,1,0.600445217108532,0.39955478289146795,0.0,0.0
2024-05-01,108026.75698470378,0.00558569538574376,0.04596250425091153,5,0.198243243558437,0.6010653271669296,0.20069142927463332,0.0
2024-05-02,108438.74887497888,0.0038137948576336643,0.042324000955634045,5,0.19933725804769878,0.6013509987697465,0.19931174318255457,0.0
2024-05-03,109349.31547030773,0.00839705921338753,0.03428233888441845,5,0.20012763854212065,0.6023779667572801,0.19749439470059935,0.0
2024-05-06,110059.07289469811,0.006490734956480853,0.028014121503324607,5,0.2008903894744036,0.600824911905907,0.19828469861968942,0.0
2024-05-07,110386.31929823333,0.002973370526647176,0.02512404733988527,5,0.20051586087271495,0.6026967367103073,0.1967874024169778,0.0
2024-05-08,109921.37780037221,-0.0042055503795145515,0.029230174698240186,5,0.2008640645367054,0.5988819696954613,0.20025396576783325,0.0
2024-05-09,110717.06493853188,0.0072386932740664,0.02220306969316166,5,0.20056954259892062,0.5974786301483929,0.2019518272526865,0.0
2024-05-10,110554.81462865931,-0.001465449883110995,0.0236359820903862,5,0.20112266938299025,0.5949883774092535,0.20388895320775624,0.0
2024-05-13,110473.18757006705,-0.0007383401515930312,0.024356870847379475,5,0.20129829616919817,0.5969477728216113,0.2017539310091906,0.0
2024-05-14,111136.06659125145,0.006000361135266124,0.018502659733322657,5,0.2010156943681225,0.596736682532799,0.20224762309907854,0.0
2024-05-15,112405.55505781474,0.012635936705872321,0.007291181842767447,3,0.7998002765098429,0.20019972349015716,0.0,0.0
2024-05-16,112198.59367618231,-0.001841202434576969,0.00911895973558463,3,0.7996269456082306,0.2003730543917695,0.0,0.0
2024-05-17,112176.07305531732,-0.00020072106188771986,0.009317850430190844,3,0.8009372090079018,0.19906279099209823,0.0,0.0
2024-05-20,112213.59918779875,0.0003345288479025723,0.008986438672057617,3,0.801591681522969,0.198408318477031,0.0,0.0
2024-05-21,112549.05346901347,0.0029894262695674256,0.006023876698326269,3,0.8011627313134254,0.19883726868657448,0.0,0.0
2024-05-22,112316.56029470221,-0.00206338461837418,0.008077138427085462,3,0.79934574625691,0.20065425374309004,0.0,0.0
2024-05-23,111515.80641834978,-0.007129437317625945,0.015148990292589759,3,0.7992051724608602,0.2007948275391398,0.0,0.0
2024-05-24,112171.84229340995,0.005882895852441508,0.00935521437230924,3,0.7997879598166915,0.20021204018330857,0.0,0.0
2024-05-28,111912.5772072346,-0.002311320567395048,0.011644912040313149,3,0.8022009564559465,0.1977990435440535,0.0,0.0
2024-05-29,111016.0350591747,-0.008011093752221633,0.019562717310443567,3,0.8030166711318915,0.19698332886810857,0.0,0.0
2024-05-30,110958.30381791708,-0.00011403911103497941,0.020072570335501916,1,0.5960877947746122,0.40391220522538784,0.0,0.0
2024-05-31,111865.0272005978,0.008171748769417609,0.012064849568022562,1,0.5966414493357914,0.4033585506642085,0.0,0.0
2024-06-03,112649.25770119377,0.007010506502534294,0.005138923771837001,1,0.5929708296465876,0.40702917035341235,0.0,0.0
2024-06-04,113259.54158612461,0.005417557979384562,0.0,1,0.5904349899047997,0.4095650100952002,0.0,0.0
2024-06-05,114394.6922804347,0.010022561264270233,0.0,1,0.5915237627728801,0.40847623722711995,0.0,0.0
2024-06-06,114322.85600696827,-0.0006110264726590518,0.000627968588702732,1,0.600355649046525,0.399644350953475,0.0,0.0
2024-06-07,113401.23226307017,-0.008061587823190254,0.008684493987964892,1,0.6044989932523597,0.3955010067476404,0.0,0.0
2024-06-10,113314.04204506654,-0.000768864819752195,0.009446681605812413,1,0.6068333296413229,0.39316667035867714,0.0,0.0
2024-06-11,113940.4003909362,0.005527632185431621,0.003971267201670625,1,0.6049509148503696,0.39504908514963044,0.0,0.0
2024-06-12,114844.73285923214,0.007936890384737251,0.0,1,0.6051166273462296,0.3948833726537702,0.0,0.0
2024-06-13,115622.91260317736,0.007592313695824199,0.0,5,0.19889262357673318,0.6042321447381507,0.1968752316851161,0.0
2024-06-14,116519.80072351599,0.0077570102685165015,0.0,5,0.1974817361607647,0.6046266657106188,0.19789159812861645,0.0
2024-06-17,115883.7125842603,-0.005459056188784809,0.005459056188784839,5,0.20014611403745725,0.6019090803781629,0.19794480558437974,0.0
2024-06-18,116674.53275319915,0.006824256414496822,0.0,5,0.19929459190520518,0.6033144305116048,0.19739097758318988,0.0
2024-06-20,116430.06833807916,-0.002095268001947858,0.0020952680019478143,5,0.19917051210362594,0.6005545830916008,0.20027490480477325,0.0
2024-06-21,116165.43950924232,-0.00107248621147264,0.004363362183191333,3,0.7997852724653854,0.20021472753461464,0.0,0.0
2024-06-24,115957.48154381366,-0.0017901879105111803,0.006145738855472982,3,0.7986150498683875,0.20138495013161248,0.0,0.0
2024-06-25,116353.71042047831,0.0034170186467436937,0.002749720312996473,3,0.7989604412780552,0.20103955872194476,0.0,0.0
2024-06-26,116135.56496410901,-0.0018748474421740181,0.004619412449075044,3,0.8014601927258969,0.19853980727410317,0.0,0.0
2024-06-27,116373.88200460943,0.0020520590791810018,0.0025768326771505867,3,0.8010798009087297,0.19892019909127037,0.0,0.0
2024-06-28,115186.69160422136,-0.0098033021653766,0.012752064344024538,1,0.6035558007734528,0.3964441992265473,0.0,0.0
2024-07-01,114541.6425499331,-0.005600031091305623,0.018280683478525184,1,0.6082038936495435,0.3917961063504564,0.0,0.0
2024-07-02,115359.85939898549,0.007143400695477971,0.011267869030121447,1,0.6079540411431165,0.3920459588568835,0.0,0.0
2024-07-03,116266.80603176674,0.007861890934215486,0.003494564853281812,1,0.6059036387014335,0.3940963612985665,0.0,0.0
2024-07-05,117052.37640667788,0.006756617832062135,0.0,1,0.6053077390913832,0.3946922609086168,0.0,0.0
2024-07-08,117165.35762559144,0.00135513154113488,0.0,3,0.7998391198264558,0.20016088017354414,0.0,0.0
2024-07-09,117152.82913333864,-0.00010693000479561752,0.00010693000479566894,3,0.8007025003368039,0.19929749966319607,0.0,0.0
2024-07-10,118154.38400098502,0.008549130866540643,0.0,3,0.8017713200479702,0.19822867995202975,0.0,0.0
2024-07-11,117565.09733365769,-0.004987429559299583,0.004987429559299539,3,0.7988422529558388,0.20115774704416123,0.0,0.0
2024-07-12,118258.5923214668,0.005898816940889622,0.0,3,0.7991667331650465,0.20083326683495342,0.0,0.0
2024-07-15,118246.66144305735,-9.922167859464001e-05,0.00010088804690833175,3,0.8022797446165553,0.19772025538344476,0.0,0.0
2024-07-16,119139.06236588086,0.007546943921569011,0.0,3,0.8009923115950636,0.1990076884049363,0.0,0.0
2024-07-17,117806.07496567674,-0.011188500007751078,0.011188500007751068,3,0.7986978161136721,0.20130218388632795,0.0,0.0
2024-07-18,116901.69228180364,-0.007676876461053463,0.018779483736460545,3,0.7986912052983866,0.20130879470161347,0.0,0.0
2024-07-19,116143.2011435075,-0.006488281935797116,0.0251459190871669,3,0.7985688130087442,0.20143118699125584,0.0,0.0
2024-07-22,117033.30015660948,0.00766669076077954,0.017674826101992558,3,0.8020983524732469,0.19790164752675304,0.0,0.0
2024-07-23,116853.56423943157,-0.0015357673152632118,0.019183448997025287,3,0.8020720513984095,0.19792794860159055,0.0,0.0
2024-07-24,114479.54577031883,-0.020316183631749536,0.03910989815626098,3,0.8001511725196915,0.1998488274803085,0.0,0.0
2024-07-25,114189.76399663666,-0.00253129737484776,0.04154219674857529,3,0.7980021182864545,0.2019978817135454,0.0,0.0
2024-07-26,115390.29713161076,0.010513491690984372,0.03146545859793237,3,0.7985439008541861,0.20145609914581383,0.0,0.0
2024-07-29,115568.32509685008,0.00154574976000738,0.02997117148752526,3,0.7992350079270328,0.20076499207296708,0.0,0.0
2024-07-30,115189.68871409456,-0.0032762989550830764,0.03314927592478123,3,0.7977993773265075,0.20220062267349245,0.0,0.0
2024-07-31,116921.71589836183,0.01503630406160948,0.018611414455398934,3,0.7987570390074081,0.20124296099259192,0.0,0.0
2024-08-01,115802.12733139776,-0.009575539995814834,0.028008740107717478,3,0.7950589729176878,0.20494102708231227,0.0,0.0
2024-08-02,114827.48622197042,-0.008416435275305022,0.03618944163476301,3,0.7868789857083347,0.2131210142916653,0.0,0.0
2024-08-05,112270.68676669322,-0.02224078268553772,0.05765007263608124,3,0.7943683732093464,0.2056316267906536,0.0,0.0
2024-08-06,112576.51644915804,0.0027240385827544873,0.05508307507548604,3,0.7995141826207712,0.20048581737922883,0.0,0.0
2024-08-07,111816.02942697135,-0.006755290056697905,0.0614662629828342,3,0.7995716279621319,0.2004283720378681,0.0,0.0
2024-08-08,113744.96358756619,0.017250962768756314,0.045275652428329316,3,0.8041826399769579,0.19581736002304218,0.0,0.0
2024-08-09,114367.97451352583,0.005477261641391429,0.04004637738127259,3,0.8033287962212282,0.19667120377877165,0.0,0.0
2024-08-12,114498.45250599201,0.00114752650059178,0.03895120347378045,3,0.7995028733216257,0.20049712667837433,0.0,0.0
2024-08-13,116163.12441021619,0.014538815746326879,0.024978692097856636,3,0.8010055152483523,0.19899448475164772,0.0,0.0
2024-08-14,116601.611005594,0.003774748635628446,0.021298231746144314,3,0.8005107843908161,0.1994892156091838,0.0,0.0
2024-08-15,118013.7792852055,0.012111052904267046,0.009445122853322219,3,0.8044885582859159,0.19551144171408422,0.0,0.0
2024-08-16,118307.42992312303,0.0024882741633742316,0.006980350745113828,3,0.8042909200055944,0.1957090799944055,0.0,0.0
2024-08-19,119320.61582905907,0.00857266450482398,0.0,3,0.8007841996271624,0.1992158003728376,0.0,0.0
2024-08-20,119354.65755320793,0.00028529624920504493,0.0,3,0.7992540518424879,0.2007459481575122,0.0,0.0
2024-08-21,119697.07105605234,0.0028688742430664277,0.0,3,0.7997065772241313,0.2002934227758688,0.0,0.0
2024-08-22,118707.80448326629,-0.008264751710781637,0.00826475171078167,3,0.8000421305564386,0.19995786944356148,0.0,0.0
2024-08-23,119872.30947805813,0.00980984358914672,0.0,3,0.8006881713550248,0.19931182864497513,0.0,0.0
2024-08-26,119582.6433419411,-0.00241508276975408,0.0024164557884825966,3,0.8000251694323385,0.19997483056766158,0.0,0.0
2024-08-27,119672.58553040803,0.0007521341388125055,0.0016661391485633947,3,0.8005216500075448,0.1994783499924552,0.0,0.0
2024-08-28,119087.18581027929,-0.004891677718285706,0.006549666651100572,3,0.7997865942425051,0.20021340575749497,0.0,0.0
2024-08-29,119017.72528857422,-0.0005832745247312255,0.0071291209221286955,3,0.8003249179846391,0.19967508201536094,0.0,0.0
2024-08-30,119673.60593675873,0.005510781243669558,0.0016576267043204584,3,0.803536763243202,0.19646323675679805,0.0,0.0
2024-09-03,118094.00248764337,-0.013192283208933401,0.014835010672254234,3,0.7940115127786757,0.20598848722132437,0.0,0.0
2024-09-04,118215.64970255054,0.0010300880006153083,0.013820204038121342,3,0.7915710072174338,0.2084289927825663,0.0,0.0
2024-09-05,118127.41221679872,-0.0007464112067551616,0.014556299689702734,3,0.7902356040760742,0.20976439592392584,0.0,0.0
2024-09-06,116553.8515476577,-0.013320876497768964,0.027683273517040696,3,0.7874249668999157,0.21257503310008433,0.0,0.0
2024-09-09,117688.43590654175,0.00973442184722779,0.018218332332340048,3,0.7885650437253613,0.2114349562746387,0.0,0.0
2024-09-10,118260.60237567975,0.00488468672558842,0.013445199390885065,3,0.7995788571008225,0.20042114289917756,0.0,0.0
2024-09-11,119211.84376479842,0.00804360344873652,0.005509743794338107,3,0.801336077716127,0.19866392228387295,0.0,0.0
2024-09-12,119905.86197657397,0.005821721985483366,0.0,3,0.8034086082255876,0.19659139177441246,0.0,0.0
2024-09-13,120472.55870296486,0.004726180330546312,0.0,3,0.8038057963538651,0.19619420364613493,0.0,0.0
2024-09-16,120832.13094725806,0.0029846817247383864,0.0,3,0.8025973716617569,0.1974026283382431,0.0,0.0
2024-09-17,120754.14007529542,-0.0006402567043599801,0.0006454481217142982,3,0.8008396410044334,0.19916035899556656,0.0,0.0
2024-09-18,120169.21784122527,-0.004843910392682382,0.005486232021531978,3,0.8023510068997964,0.19764899310020356,0.0,0.0
2024-09-19,121735.82537848521,0.013036679154638893,0.0,3,0.8055410497505444,0.19445895024945575,0.0,0.0
2024-09-20,121475.68300431338,-0.0021369418029821316,0.002136941802982295,3,0.8058706879246623,0.19412931207533765,0.0,0.0
2024-09-23,121670.22255704447,0.0016014690999859443,0.0005388949492622919,3,0.8065926603899571,0.19340733961004303,0.0,0.0
2024-09-24,121942.18749185545,0.0022484778701022602,0.0,3,0.8004891329473234,0.19951086705267657,0.0,0.0
2024-09-25,121524.68018926,-0.003423813457695561,0.0034238134576954904,3,0.8014677580922291,0.19853224190777086,0.0,0.0
2024-09-26,121967.55278357619,0.003644301664702659,0.0,3,0.8017236073768782,0.19827639262312172,0.0,0.0
2024-09-27,121951.50990300532,-0.00013153400396033254,0.00013153400396026527,3,0.8006661902725702,0.1993338097274297,0.0,0.0
2024-09-30,122226.89328000676,0.0022581383143222963,0.0,3,0.8020636220020148,0.19793637799798525,0.0,0.0
2024-10-01,121526.90496431681,-0.005722854632552599,0.00572695825693903,3,0.7973965013924601,0.2026034986075399,0.0,0.0
2024-10-02,121360.29848006701,-0.001370943202237635,0.007090050124684777,3,0.7988281221351248,0.20117187786487525,0.0,0.0
2024-10-03,120953.09441811923,-0.003355331743969397,0.010421592398404567,3,0.8000523379335593,0.19994766206644057,0.0,0.0
2024-10-04,121534.95338770718,0.004810616647611662,0.00566111003667924,3,0.8034573638231899,0.1965426361768101,0.0,0.0
2024-10-07,120472.18877525932,-0.008744518205043034,0.014356124561945793,3,0.803217645472975,0.19678235452702492,0.0,0.0
2024-10-08,120498.84376919403,0.0014294141209332798,0.014138046582383268,5,0.20160331371195456,0.6001544416649163,0.19824224462312912,0.0
2024-10-09,120125.89282758572,-0.0030950582590043214,0.017189346763546554,5,0.2036299623759456,0.598595332897719,0.1977747047263353,0.0
2024-10-10,119975.84920239396,-0.0012490531529877771,0.018416929508761504,5,0.20352784150041217,0.5969960591157404,0.19947609938384755,0.0
2024-10-11,120093.96505765716,0.0009844969304108875,0.017450563988919532,5,0.20454523962137947,0.5940000284305258,0.2014547319480947,0.0
2024-10-14,120308.7301142789,0.001788308484265718,0.015693462496290334,5,0.2058499802870966,0.5933825927780214,0.20076742693488211,0.0
2024-10-15,121081.2151492948,0.00643417599790694,0.009373371931227448,5,0.197177363203192,0.6034120080136229,0.19941062878318502,0.0
2024-10-16,121613.6534109351,0.00439736470255765,0.005017225363544098,5,0.19716733977273226,0.6033020661980365,0.1995305940292312,0.0
2024-10-17,120598.64493216333,-0.008346172081041294,0.013321522818331877,5,0.1988438610234,0.5987413046905163,0.20241483428608367,0.0
2024-10-18,121003.97635690338,0.003360994851708758,0.01000530153623247,5,0.19894010814215624,0.5971810152681372,0.2038788765897066,0.0
2024-10-21,119697.05903936182,-0.010800614631760406,0.020697852761825453,5,0.20078196140205098,0.5931541171601067,0.20606392143784238,0.0
2024-10-22,119947.16040128542,0.0027776674268406003,0.018651647092909007,4,0.24917507958028878,0.24955079223579762,0.251996867416794,0.24927726076711978
2024-10-23,119210.6243970195,-0.006140503883558623,0.024677620465058725,4,0.248423695795637,0.25041263646832435,0.25049835119040736,0.2506653165456313
2024-10-24,119710.21585567451,0.004190829979978727,0.020590210196759662,4,0.24792198830883475,0.2509655412785108,0.2513720424801104,0.24974042793254397
2024-10-25,119582.38445889419,-0.001067840333146195,0.02163606347298974,4,0.2481013407957999,0.24982390340513919,0.25215837435027577,0.24991638144878517
2024-10-28,119579.721066557,-2.227244714365425e-05,0.021657854032053447,4,0.24887381825781069,0.2491515755681513,0.25217393955669576,0.24980066661734232
2024-10-29,119904.12576607127,0.0034169683852030602,0.01900373519773846,5,0.19964150720706464,0.5988680077236929,0.20149048506924258,0.0
2024-10-30,120175.40486932472,0.0022624667960358482,0.016784263721588144,5,0.19858827188989794,0.5992691991083388,0.20214252900176324,0.0
2024-10-31,119448.16818219356,-0.006051460262787759,0.022734154679424523,5,0.19588065060336307,0.60389741756803,0.20022193182860692,0.0
2024-11-01,118431.84879122593,-0.008508455227353837,0.031049177369556813,5,0.19839542084005274,0.6004928830929075,0.20111169606703977,0.0
2024-11-04,119519.05504401795,0.009180015881611174,0.022154193429309244,5,0.19616725822331155,0.604266300744298,0.19956644103239038,0.0
2024-11-05,120542.68790354341,0.009379840928456739,0.013779335555924144,1,0.6016121284566986,0.39838787154330135,0.0,0.0
2024-11-06,121030.66648892462,0.004048180722265561,0.009786936074221653,1,0.614085511780846,0.385914488219154,0.0,0.0
2024-11-07,122190.48553250759,0.00958285265403476,0.00029787018652072117,1,0.6129598205927614,0.38704017940723845,0.0,0.0
2024-11-08,123115.58157288395,0.0075709335006304635,0.0,1,0.6109892908747209,0.3890107091252791,0.0,0.0
2024-11-11,122954.25379939239,-0.0013103765699718326,0.001310376569971794,1,0.6123738706019597,0.38762612939804025,0.0,0.0
2024-11-12,121459.2422312756,-0.01134369575264172,0.013453531392594753,5,0.2016663957702693,0.5977849119164341,0.20054869231329664,0.0
2024-11-13,120536.8378804441,-0.007594352919435343,0.020945713446622105,5,0.2033083543773558,0.5966455089018571,0.2000461367207871,0.0
2024-11-14,120732.78718266745,0.0016256383166257798,0.019354125284344215,5,0.2016732131865582,0.5991264265659346,0.1992003602475072,0.0
2024-11-15,120186.09308669607,-0.004528132819001671,0.02379462005346278,5,0.1999956606205015,0.6002524730217039,0.19975186635779452,0.0
2024-11-18,120869.34590362824,0.005684957380545781,0.01824493407380723,5,0.19967995275747819,0.5979194897330368,0.20240055750948502,0.0
2024-11-19,121283.70969657741,0.00423222445731648,0.014879285407282783,1,0.5996553449614657,0.4003446550385344,0.0,0.0
2024-11-20,121153.11114434202,-0.0010768020912462542,0.015940065452886287,1,0.600505213371536,0.39949478662846405,0.0,0.0
2024-11-21,121506.18384099631,0.0029142685096516436,0.013072250574025723,1,0.601974494831274,0.3980255051687261,0.0,0.0
2024-11-22,121759.66673715033,0.0020861728032354207,0.011013348744414841,1,0.6025832216732692,0.3974167783267308,0.0,0.0
2024-11-25,123261.25506832502,0.012332395212745135,0.0,1,0.5972615814051268,0.40273841859487314,0.0,0.0
2024-11-26,123455.30790160135,0.0015798069027704198,0.0,1,0.6021814979223098,0.3978185020776902,0.0,0.0
2024-11-27,123570.34000067705,0.0009317711893553349,0.0,1,0.599798022683312,0.40020197731668805,0.0,0.0
2024-11-29,124541.19094882353,0.007856666479522004,0.0,1,0.5988192745123734,0.4011807254876267,0.0,0.0
2024-12-02,124794.91038612658,0.0020372331063327853,0.0,1,0.598672980179037,0.401327019820963,0.0,0.0
2024-12-03,124397.38219981217,-0.003185451915341912,0.003185451915341919,1,0.6008646955868915,0.3991353044131085,0.0,0.0
2024-12-04,125395.33876461105,0.00802407096608098,0.0,1,0.5989198685729886,0.4010801314270114,0.0,0.0
2024-12-05,125373.34159096738,-0.00017542257838594954,0.0001754225783859864,1,0.5980392347682036,0.4019607652317963,0.0,0.0
2024-12-06,125590.32658880754,0.0017307108120965806,0.0,1,0.5981376696624118,0.4018623303375883,0.0,0.0
2024-12-09,124738.29493275068,-0.006784214033032009,0.006784214033031977,1,0.5991219665680722,0.40087803343192774,0.0,0.0
2024-12-10,124270.68258860306,-0.0037487472824581664,0.01050752901157026,1,0.5995067006638679,0.4004932993361321,0.0,0.0
2024-12-11,124377.01226122025,0.0008566170291817993,0.009660889978889586,1,0.6041208819699195,0.3958791180300806,0.0,0.0
2024-12-12,123391.73602320904,-0.007921690834170369,0.017506050229464387,1,0.6058070808444542,0.3941929191555457,0.0,0.0
2024-12-13,122880.24689203806,-0.004145246251132831,0.021578729591511303,1,0.6082080535772788,0.39179194642272114,0.0,0.0
2024-12-16,123343.56401612365,0.0037704768325593357,0.017889614858953018,1,0.608510697829984,0.391489302170016,0.0,0.0
2024-12-17,123151.80854514637,-0.0015546451288874646,0.019416447985242224,1,0.6069471641835773,0.39305283581642275,0.0,0.0
2024-12-18,120331.9584832037,-0.02288377361453544,0.04186921276843347,1,0.5957509532527773,0.4042490467472227,0.0,0.0
2024-12-19,119573.40826119891,-0.006303813480362151,0.04790909054093384,1,0.5993461966386264,0.4006538033613736,0.0,0.0
2024-12-20,120706.97736599723,0.009480110346291473,0.038883163659560904,1,0.6008488379725989,0.39915116202740114,0.0,0.0
2024-12-23,120699.34762980754,-6.320874199805799e-05,0.03894391464569913,1,0.6044849915491616,0.39551500845083853,0.0,0.0
2024-12-24,121712.19115452506,0.008391458152897309,0.030879252722861295,1,0.6061176907363166,0.3938823092636835,0.0,0.0
2024-12-26,121687.8680387989,-0.00018760815827943003,0.031072923018869103,1,0.6001525485911934,0.3998474514088067,0.0,0.0
2024-12-27,120520.18442284157,-0.009595727452345725,0.04037048317077796,1,0.5995884798900096,0.4004115201099904,0.0,0.0
2024-12-30,120083.37707490254,-0.0036243501454205533,0.04384851654964783,1,0.5949024214020558,0.40509757859794415,0.0,0.0
2024-12-31,119563.08321591448,-0.004332771709639094,0.04799130264727092,1,0.5953174604119228,0.40468253958807726,0.0,0.0
2025-01-02,119521.179326749,-0.0003504751469966581,0.04832495803541781,1,0.5940628957201217,0.4059371042798782,0.0,0.0
2025-01-03,120590.59547906094,0.00936323403224522,0.03980984241020491,3,0.8024889181101362,0.19751108188986366,0.0,0.0
2025-01-06,121041.65157023178,0.0037403919383512574,0.03621835488547198,3,0.8041040836842306,0.19589591631576947,0.0,0.0
2025-01-07,119674.02148901085,-0.011298838569030946,0.04710796810941609,3,0.8040998489756341,0.19590015102436587,0.0,0.0
2025-01-08,119844.63682369558,0.001425667263135979,0.04574946113424638,3,0.8041282288238666,0.19587177117613344,0.0,0.0
2025-01-10,118217.77442540492,-0.01357476180335004,0.05870318490006743,3,0.8027483769944348,0.19725162300556517,0.0,0.0
2025-01-13,118355.46738563765,0.00117024309896418,0.0576068189300708,3,0.800303917654569,0.19969608234543113,0.0,0.0
2025-01-14,118447.05445639412,0.0007738305021267252,0.0568775663415626,3,0.8007853383582944,0.19921466164170556,0.0,0.0
2025-01-15,120579.08689236156,0.017999877208870082,0.03990147834278002,3,0.8009349166095745,0.19906508339042545,0.0,0.0
2025-01-16,120470.81336800556,-0.0008979461293536586,0.040763595094100324,3,0.8001130118163319,0.1998869881836682,0.0,0.0
2025-01-17,121480.05178838945,0.00837745170110997,0.03272763844205495,3,0.8014320254205611,0.19856797457943887,0.0,0.0
2025-01-21,122586.64793048704,0.009112172913981881,0.023916480989453648,3,0.800032913092168,0.199967086907832,0.0,0.0
2025-01-22,123009.77531206478,0.0034516596115563083,0.02054737292937925,3,0.8017628335681387,0.19823716643186126,0.0,0.0
2025-01-23,123358.57930616362,0.0028355794749965707,0.017770057163326247,3,0.8038594127218964,0.19614058727810357,0.0,0.0
2025-01-24,123177.76771305436,-0.0014657399114536556,0.019209750792766767,3,0.8026892675627981,0.19731073243720196,0.0,0.0
2025-01-27,122066.18687427399,-0.009024200222314675,0.02806059837770669,3,0.798541135873705,0.20145886412629493,0.0,0.0
2025-01-28,122888.30359409882,0.0067379451804573205,0.021514578933737094,3,0.8014736503066968,0.19852634969330316,0.0,0.0
2025-01-29,122396.9813061066,-0.003998120843258344,0.025426681890526548,3,0.8010835815242136,0.19891641847578645,0.0,0.0
2025-01-30,123014.52269493924,0.005045397216849796,0.020509572383720975,3,0.8013399844813763,0.19866001551862375,0.0,0.0
2025-01-31,122329.4509884918,-0.005569031130953094,0.02596438506758647,3,0.8015391206531285,0.19846087934687145,0.0,0.0
2025-02-03,121867.26728830463,-0.003778188297686743,0.02964447502945422,3,0.799164431914838,0.20083556808516204,0.0,0.0
2025-02-04,122458.28156717072,0.0052500757501169,0.024938584895088156,1,0.6008704687063401,0.3991295312936599,0.0,0.0
2025-02-05,123563.58757920694,0.009025980096167998,0.016137699969809738,1,0.5979099284277964,0.40209007157220356,0.0,0.0
2025-02-06,123798.25668395241,0.001899176847669952,0.014269171468297093,1,0.5988507182086658,0.40114928179133413,0.0,0.0
2025-02-07,122799.06387449545,-0.00807113796446925,0.022225140981207092,1,0.5981972630058726,0.4018027369941275,0.0,0.0
2025-02-10,123148.71164078628,0.0028473162193498967,0.019441106766250438,1,0.6005497996004014,0.3994502003995985,0.0,0.0
2025-02-11,123016.79089323519,-0.0006725991431316201,0.020491512089130137,3,0.8011472017038886,0.19885279829611135,0.0,0.0
2025-02-12,122367.35154568219,-0.005279274014850872,0.02566260579668389,3,0.8028045431160227,0.19719545688397724,0.0,0.0
2025-02-13,123805.59699707544,0.011753506415118537,0.014210724983425238,3,0.8018555389731453,0.19814446102685465,0.0,0.0
2025-02-14,123930.73263107096,0.001010742947255229,0.013214345426222351,3,0.8010064944799871,0.1989935055200129,0.0,0.0
2025-02-18,123931.7165648882,7.939385141617622e-06,0.013206510954858586,3,0.8033517894590836,0.19664821054091644,0.0,0.0
2025-02-19,124195.29719441307,0.00213353930221368,0.011107777424306797,3,0.8001766455297309,0.1998233544702691,0.0,0.0
2025-02-20,123874.70453341516,-0.0025813591032844098,0.013660463365219644,3,0.7989099880085182,0.2010900119914818,0.0,0.0
2025-02-21,122483.06228310056,-0.011234273014465274,0.024741271004735887,3,0.7941674013317075,0.20583259866829245,0.0,0.0
2025-02-24,122113.56670479686,-0.0030167075464659805,0.027683341372252812,3,0.7929456201411704,0.20705437985882952,0.0,0.0
2025-02-25,122068.08133405168,-0.0003724841716821293,0.02804551393745447,3,0.7892960747876656,0.2107039252123344,0.0,0.0
2025-02-26,122258.98306265779,0.0015853373342620402,0.026525478646590606,3,0.7991370198723694,0.20086298012763068,0.0,0.0
2025-02-27,120525.87175004535,-0.014175738004660328,0.040325198415508634,3,0.7976889294506033,0.2023110705493967,0.0,0.0
2025-02-28,122325.33378713642,0.014930089373864235,0.025997167858006764,3,0.7982199321814092,0.20178006781859079,0.0,0.0
2025-03-03,120729.82708152209,-0.013043142055845437,0.03870122516043062,3,0.7945992071328883,0.2054007928671116,0.0,0.0
2025-03-04,119288.90986954916,-0.011935055709141117,0.05017437959126991,3,0.7946781694345173,0.20532183056548264,0.0,0.0
2025-03-05,120122.81676827813,0.007001367183308639,0.043534482065887614,3,0.802976339496608,0.19702366050339212,0.0,0.0
2025-03-06,118332.32567934667,-0.014905503692819582,0.05779108237550912,3,0.8006566863506343,0.1993433136493657,0.0,0.0
2025-03-07,118787.69458607626,0.0038482207132778156,0.05416525450247156,3,0.8020578672558373,0.1979421327441628,0.0,0.0
2025-03-10,116495.28551067262,-0.019298371631772938,0.07241832492332623,3,0.7960572543216125,0.2039427456783875,0.0,0.0
2025-03-11,115554.76322298264,-0.008073479399334258,0.07990713646825776,3,0.7958651183661001,0.20413488163389998,0.0,0.0
2025-03-12,115601.27562728048,0.0007945554390886597,0.07953678625450178,1,0.6027050102286965,0.39729498977130356,0.0,0.0
2025-03-13,115076.25522405494,-0.004541648873480557,0.08371720697228924,1,0.5973837296575675,0.4026162703424325,0.0,0.0
2025-03-14,116250.91070589988,0.01020762693014196,0.07436413405855402,1,0.6035622931861653,0.3964377068138347,0.0,0.0
2025-03-17,117021.96931025716,0.006632710227173656,0.06822465958388535,1,0.6042089558070475,0.3957910441929525,0.0,0.0
2025-03-18,116303.75148351502,-0.006137461461086374,0.07394339482607992,1,0.6013693170489294,0.3986306829510705,0.0,0.0
2025-03-19,117390.93685922655,0.009748944284001321,0.06528679359538914,3,0.8009047014844504,0.1990952985155497,0.0,0.0
2025-03-20,117134.44659239915,-0.0021849239276024576,0.06732907084550865,3,0.800337402548972,0.19966259745102805,0.0,0.0
2025-03-21,117026.9480342799,-0.0009177365091698042,0.06818501700823498,3,0.8013368434964749,0.1986631565035251,0.0,0.0
2025-03-24,118467.97689538151,0.012313649849942961,0.056710973582743796,3,0.8057655714920837,0.19423442850791636,0.0,0.0
2025-03-25,118694.89951640453,0.0019154764601358152,0.054904125657537106,3,0.8061584844776204,0.19384151552237966,0.0,0.0
2025-03-26,117403.78449146013,-0.010865411686759701,0.06518449565109252,3,0.7991321460532764,0.20086785394672357,0.0,0.0
2025-03-27,117085.85430101566,-0.002708006320423156,0.06771598194529893,3,0.7991739430074285,0.20082605699257147,0.0,0.0
2025-03-28,115526.78621968314,-0.013315597265270953,0.08012990046656387,3,0.7936479891513157,0.20635201084868432,0.0,0.0
2025-03-31,116377.64431938126,0.007365028730913878,0.07335503075479144,3,0.7931341341833495,0.20686586581665045,0.0,0.0
2025-04-01,116846.96076362969,0.004032702732497712,0.06961814705526093,3,0.7921796710091292,0.20782032899087077,0.0,0.0
2025-04-02,117421.36140247302,0.0049315550114111,0.06504454131312476,3,0.8011119111740121,0.198888088825988,0.0,0.0
2025-04-03,112892.91713086744,-0.038565761949258114,0.10110181096600224,3,0.7921837269682159,0.2078162730317841,0.0,0.0
2025-04-04,107912.73449543682,-0.04411421692343639,0.1407560006691322,3,0.7802260268208204,0.21977397317917957,0.0,0.0
2025-04-07,107047.56617589807,-0.008017295860252054,0.14764481402791396,3,0.78513087605245,0.21486912394755003,0.0,0.0
2025-04-08,105296.94428386862,-0.016353682335503734,0.1615839599763207,3,0.785682363828895,0.214317636171105,0.0,0.0
2025-04-09,109057.30761821054,0.03682280455583295,0.13164245543151887,4,0.2664436423306821,0.24254041407758,0.25004061597078314,0.24097532762095472
2025-04-10,107717.64419171939,-0.01228403172377097,0.14230938705657403,4,0.2579368359709426,0.23878718331953686,0.25933315957821024,0.2439428211313103
2025-04-11,108838.73390630723,0.01040767019182556,0.13338282603043405,4,0.25983489959296097,0.23761291591827954,0.2615607268873483,0.24099145760141102
2025-04-14,109192.4635085198,0.003250034151601613,0.13056629061866853,4,0.2615057566340867,0.23853315461753602,0.2592257747714521,0.24073531397692519
2025-04-15,109352.85717534239,0.0014689078501290453,0.1292891726177915,4,0.26039081324192714,0.2390270394640339,0.26019993263925156,0.24038221465478735
2025-04-16,109865.104169341,0.00541020122213412,0.1252104588512788,5,0.19450211178429966,0.6001009648482453,0.20539692336745502,0.0
2025-04-17,109214.19229892519,-0.005924646186222379,0.13039327736999273,5,0.19594048934840777,0.5983456400326925,0.20571387061889979,0.0
2025-04-21,108257.58602525321,-0.008758992339143052,0.13801015599157618,5,0.19296676972445417,0.5930814789137864,0.2139517513617595,0.0
2025-04-22,108830.66949874123,0.005293702681993508,0.1334470380424977,5,0.19694478886210132,0.5932512875177436,0.20980392362015501,0.0
2025-04-23,109242.41158360105,0.003783327684707128,0.13016858423125877,5,0.1992426959553178,0.5967559950347578,0.20400130900992422,0.0
2025-04-24,110710.0129389087,0.01344246534889512,0.11848296006601011,5,0.2015011341823614,0.5982790582395282,0.2002198075781104,0.0
2025-04-25,111118.7904295151,0.003692326283368547,0.11522811153022461,5,0.2022104157736139,0.6004690673978159,0.1973205168285702,0.0
2025-04-28,111859.98199479542,0.006670263079856769,0.10932645026846954,5,0.20094716536857138,0.6002481382178435,0.19880469641358506,0.0
2025-04-29,112347.97085823982,0.004362497246486981,0.10544088936024687,5,0.20133468767821897,0.6026518681397106,0.19601344418207023,0.0
2025-04-30,111644.2348995389,-0.00626389558551881,0.11104431422436878,5,0.20268417584657855,0.6015426934329257,0.19577313072049587,0.0
2025-05-01,110998.06021804373,-0.005779396719960759,0.11618941336572863,5,0.20258821125781717,0.6004277976185108,0.19698399112367201,0.0
2025-05-02,110648.67887361898,-0.0031476346860334794,0.11897132622410223,5,0.20624466363070823,0.5958038990391399,0.1979514373301519,0.0
2025-05-05,110803.7793980127,0.0014017386016047689,0.11773635432294993,5,0.20477492642859602,0.591646635009176,0.20357843856222804,0.0
2025-05-06,111464.21836801755,0.005960437212457601,0.1124776772580579,5,0.20186019816990924,0.590096310710204,0.20804349111988674,0.0
2025-05-07,111489.1972496976,0.00022409776021187712,0.11227878549339343,5,0.20266368786601782,0.5924579425095293,0.20487836962445274,0.0
2025-05-08,111728.43454427127,0.00334450207014964,0.11037388325233988,3,0.8028890342589876,0.19711096574101233,0.0,0.0
2025-05-09,111647.07011082432,-0.0007282338983699384,0.11102173914743063,3,0.8024503475660817,0.19754965243391825,0.0,0.0
2025-05-12,114402.59932790756,0.024680712304837104,0.08908112244607391,3,0.8090025105688101,0.19099748943118977,0.0,0.0
2025-05-13,114925.1076187261,0.004567276389594121,0.08492070416378639,3,0.8106425361483437,0.18935746385165628,0.0,0.0
2025-05-14,114899.75955728932,-0.00022056156363043196,0.08512253548412185,3,0.8118576690104797,0.18814233098952024,0.0,0.0
2025-05-15,115842.91941931151,0.00944381701410092,0.07761272252607321,5,0.19909662503487133,0.5996115474443519,0.20129182752077687,0.0
2025-05-16,115892.7776948776,0.0004303955374744643,0.07721573115802516,5,0.20027153683045137,0.6009552105964434,0.19877325257310513,0.0
2025-05-19,116013.15168992174,0.0010386669250526147,0.07625726565902013,5,0.2002825917286348,0.5985927243611585,0.20112468391020658,0.0
2025-05-20,115869.17190683544,-0.001241064318906945,0.07740368980646029,5,0.19985722577911247,0.5950181241939151,0.2051246500269725,0.0
2025-05-21,114476.07571817824,-0.01202300979398835,0.08849607427981476,5,0.19888062021075123,0.5919665330902796,0.2091528466989692,0.0
2025-05-22,114494.37018888799,0.00136368866741748,0.08835040644689596,3,0.7992257863700353,0.20077421362996464,0.0,0.0
2025-05-23,113907.89675586793,-0.005122290572475487,0.09302014056535413,3,0.7978574166484281,0.20214258335157184,0.0,0.0
2025-05-27,116118.75004150407,0.019409130961082842,0.07541644969452266,3,0.7989386271590125,0.20106137284098746,0.0,0.0
2025-05-28,115481.24708870548,-0.005490094860397053,0.08049250109206241,3,0.7987012683665099,0.20129873163349016,0.0,0.0
2025-05-29,116060.4819010381,0.005015834405457196,0.07588040374296412,3,0.7978522013298066,0.20214779867019333,0.0,0.0
2025-05-30,116006.73527794053,-6.741377708831996e-05,0.07630835567650385,1,0.5993694280046155,0.40063057199538454,0.0,0.0
2025-06-02,115965.85403180207,-0.0003524040741299007,0.07663386837520325,1,0.6029580503966371,0.39704194960336286,0.0,0.0
2025-06-03,116283.49546188788,0.002739094475160792,0.07410468130551917,1,0.6047400131810603,0.39525998681893987,0.0,0.0
2025-06-04,117010.74782283333,0.0062541322657763965,0.06831400951814082,1,0.6008200874666114,0.39917991253338847,0.0,0.0
2025-06-05,116703.42364469916,-0.0026264611059448233,0.07076104653509496,1,0.5994909479832379,0.4005090520167622,0.0,0.0
2025-06-06,117318.11487426175,0.0056704145519798,0.06586663112701063,3,0.8036581499109394,0.19634185008906055,0.0,0.0
2025-06-09,117427.37455378135,0.000931311244105036,0.06499666221708555,3,0.8036339963851056,0.19636600361489437,0.0,0.0
2025-06-10,118081.18345097313,0.005567772418281659,0.05979077642197661,3,0.8037156349776152,0.19628436502238478,0.0,0.0
2025-06-11,117880.67417941161,-0.0016980628555842024,0.061387310781012006,3,0.8027864754628619,0.19721352453713814,0.0,0.0
2025-06-12,118534.74587098433,0.005548591371111692,0.0561793325127955,3,0.8015296097133667,0.1984703902866333,0.0,0.0
2025-06-13,117235.43667233855,-0.010562618686072,0.06652494776786078,1,0.5996255183239665,0.40037448167603357,0.0,0.0
2025-06-16,117431.2561032205,0.0016703092208310477,0.06496575578070174,1,0.6043211588745881,0.39567884112541185,0.0,0.0
2025-06-17,117390.28648922005,-0.00034888168073786733,0.06529197209937243,1,0.5993662388931088,0.40063376110689114,0.0,0.0
2025-06-18,117461.22505601138,0.0006042967345329815,0.06472713109037032,1,0.5989139847896643,0.4010860152103357,0.0,0.0
2025-06-20,117209.02744020727,-0.002147071220173605,0.06673522855021541,1,0.5987931021529849,0.4012068978470152,0.0,0.0
2025-06-23,118055.15967194516,0.0072214334676021,0.05999798807381951,1,0.6015822055709287,0.39841779442907127,0.0,0.0
2025-06-24,119181.23339566817,0.009538538822463872,0.05103174238986763,1,0.6024812057431421,0.39751879425685793,0.0,0.0
2025-06-25,119281.10218203231,0.0008379573152476799,0.050236547496465445,1,0.6023141133078719,0.39768588669212823,0.0,0.0
2025-06-26,120081.71111348747,0.006711951154117938,0.04386178159529519,1,0.6029793364735707,0.3970206635264292,0.0,0.0
2025-06-27,120137.89432718042,0.00046787485931002425,0.04341442856087807,1,0.6056917442137899,0.39430825578621026,0.0,0.0
2025-06-30,120786.91552983377,0.00579316996503884,0.03824666428888679,3,0.7991951504082891,0.2008048495917108,0.0,0.0
2025-07-01,120815.80670190701,0.00023919123976726126,0.038016621316167676,3,0.7987453867439601,0.20125461325603988,0.0,0.0
2025-07-02,121098.78773764393,0.002342251758787785,0.03576341405552086,3,0.8004913594174252,0.19950864058257478,0.0,0.0
2025-07-03,121694.52185530285,0.004919406121137806,0.031019942692400604,3,0.8028508030575704,0.19714919694242955,0.0,0.0
2025-07-07,120737.47997923625,-0.007864297106196287,0.038640289753046786,3,0.8031844626618326,0.1968155373381673,0.0,0.0
2025-07-08,120652.96860338909,-0.0006935952383661601,0.039313202851870455,3,0.8001167689450672,0.1998832310549328,0.0,0.0
2025-07-09,121484.15775782538,0.006889089958230265,0.032694945084632776,3,0.7994076031396247,0.20059239686037536,0.0,0.0
2025-07-10,121774.86874291855,0.0023929950246902713,0.03038018890086247,3,0.7997483452364331,0.20025165476356685,0.0,0.0
2025-07-11,121096.11185392355,-0.005573866726376364,0.035784720503183376,3,0.8014038212119231,0.19859617878807692,0.0,0.0
2025-07-14,121230.8305191363,0.0011124937303955502,0.034712037049991595,3,0.8020407026947368,0.19795929730526315,0.0,0.0
2025-07-15,120531.42927836835,-0.00536725715812436,0.04028094717041719,1,0.6006600285318977,0.39933997146810235,0.0,0.0
2025-07-16,120841.40922921884,0.0025717769440416847,0.03781276383759258,1,0.6011221874553999,0.39887781254460003,0.0,0.0
2025-07-17,121274.62191544182,0.0035849688363137153,0.03436335258125145,1,0.6026404497588381,0.39735955024116193,0.0,0.0
2025-07-18,121294.70443183336,0.00016559537415450769,0.03420344761932481,1,0.602099351265411,0.39790064873458897,0.0,0.0
2025-07-21,121863.48832587601,0.004689272270433697,0.02967456462736573,1,0.600425459573887,0.3995745404261129,0.0,0.0
2025-07-22,122168.592255878,0.00250450639381578,0.027245206106777387,1,0.5985866941728776,0.40141330582712237,0.0,0.0
2025-07-23,122518.67341108936,0.002865557740717346,0.024457721077316807,1,0.6019542808095455,0.39804571919045456,0.0,0.0
2025-07-24,122458.05656970259,-0.0004947559396385887,0.02494037641418234,1,0.6024516120384952,0.39754838796150477,0.0,0.0
2025-07-25,123075.7917871007,0.005044463669456483,0.0200217235674498,1,0.6019600059875889,0.39803999401241097,0.0,0.0
2025-07-28,122739.7847438584,-0.002730082320522775,0.022697144934434643,1,0.6034563580222319,0.39654364197776815,0.0,0.0
2025-07-29,123373.70107156078,0.005171666076207201,0.017649651668668498,1,0.5953384531718857,0.4046615468281143,0.0,0.0
2025-07-30,123023.9345605445,-0.0028350167659588876,0.02043463137623336,1,0.5962792793573904,0.40372072064260955,0.0,0.0
2025-07-31,122777.35371972226,-0.0020043322602471708,0.022398005845586932,1,0.5952355880082092,0.40476441199179086,0.0,0.0
2025-08-01,122286.00003751162,-0.0040019895145509046,0.026310358775596954,1,0.5878318096000845,0.4121681903999156,0.0,0.0
2025-08-04,123516.36280066165,0.010061354225116633,0.016513722389911556,1,0.5908223012494354,0.40917769875056476,0.0,0.0
2025-08-05,123541.57735872325,0.0009865551531433598,0.01631295407640787,5,0.19878987799812567,0.6012465788245095,0.19996354317736487,0.0
2025-08-06,123248.41146322631,-0.0023730140230093285,0.018647257230637204,5,0.200789035846214,0.5991969289373746,0.20001403521641137,0.0
2025-08-07,123309.55052433978,0.0004960636846156954,0.018160443773151402,5,0.20052137626195954,0.5978768798975294,0.201601743840511,0.0
2025-08-08,123177.24891655955,-0.0010729226342781654,0.019213881656256815,5,0.202302007090507,0.5959248361715002,0.20177315673799287,0.0
2025-08-11,122854.80066657682,-0.002617758172218519,0.02178134253274977,5,0.2024318919317402,0.5981734130535047,0.19939469501475515,0.0
2025-08-12,123629.49694737492,0.007509899186168959,0.015612903435250458,3,0.8024902414388234,0.19750975856117658,0.0,0.0
2025-08-13,124171.29397251683,0.004382425218251377,0.011298900598743833,3,0.8017237002922141,0.1982762997077859,0.0,0.0
2025-08-14,123998.0107089145,-0.0013955179015906558,0.01267865068228069,3,0.802918758978046,0.1970812410219541,0.0,0.0
2025-08-15,123590.81084193806,-0.003283922577857736,0.015920937552906023,3,0.803678184178868,0.19632181582113195,0.0,0.0
2025-08-18,123498.98035105504,-0.0007430203771416545,0.016652128349022632,3,0.8041006765347184,0.19589932346528158,0.0,0.0
2025-08-19,123105.33029254821,-0.0031793009046054404,0.019786526269617855,3,0.7981976296233931,0.20180237037660692,0.0,0.0
2025-08-20,122898.71233927754,-0.001678383484936567,0.02143170037563924,3,0.7974151223952353,0.2025848776047647,0.0,0.0
2025-08-21,122382.26584568487,-0.0042022124053420744,0.02554385222379507,3,0.7975675930215604,0.20243240697843953,0.0,0.0
2025-08-22,124064.7256045021,0.013747578108569167,0.012147440218866268,3,0.798833753409065,0.2011662465909349,0.0,0.0
2025-08-25,123556.85286329578,-0.00409361112702858,0.01619132444944993,3,0.7985870223261841,0.2014129776738159,0.0,0.0
2025-08-26,123956.14021967995,0.0032344434374157005,0.013012040126928248,3,0.8007596404074439,0.1992403595925562,0.0,0.0
2025-08-27,124153.82775396439,0.001594818408624958,0.011437973559431547,3,0.8013061955427574,0.19869380445724247,0.0,0.0
2025-08-28,124668.42151011097,0.004144807819911643,0.00734057394177301,3,0.8008246928055719,0.1991753071944282,0.0,0.0
2025-08-29,123896.50503940122,-0.006191756191018618,0.0134868790886421,3,0.8010084359053888,0.19899156409461108,0.0,0.0
2025-09-02,122977.62933087056,-0.007416478037362282,0.020803331983450857,3,0.8010134597269261,0.19898654027307394,0.0,0.0
2025-09-03,123780.55913275707,0.00653111220299614,0.01441008639125363,3,0.7991165172927,0.20088348270729994,0.0,0.0
2025-09-04,124796.80956099686,0.008210097250811748,0.006318297351106672,3,0.7992332847040254,0.20076671529597456,0.0,0.0
2025-09-05,124889.95004396318,0.000746337052156744,0.005576675878369519,3,0.7963242237019882,0.20367577629801184,0.0,0.0
2025-09-08,125473.1971237986,0.0046700881826769285,0.0009326312638108236,3,0.794569745282797,0.20543025471720308,0.0,0.0
2025-09-09,125557.1976060018,0.0006694695291802394,0.0002637861028437216,3,0.7958738855411135,0.2041261144588865,0.0,0.0
2025-09-10,125990.06347283762,0.00345583990829786,0.0,3,0.7995496047179651,0.20045039528203484,0.0,0.0
2025-09-11,126996.04377002335,0.007984600288756848,0.0,3,0.7998078717236297,0.2001921282763703,0.0,0.0
2025-09-12,126852.30154100411,-0.0011318638341170598,0.0011318638341170084,3,0.8004462278245466,0.1995537721754534,0.0,0.0
2025-09-15,127451.97840482547,0.004727362897925243,0.0,3,0.8009214522676207,0.19907854773237937,0.0,0.0
2025-09-16,127364.90867577221,-0.0006831571399910676,0.0006831571399911196,3,0.8003655257795917,0.1996344742204083,0.0,0.0
2025-09-17,127173.38098411927,-0.0015030413265074002,0.0021859011071706513,3,0.8002088561330013,0.19979114386699873,0.0,0.0
2025-09-18,127386.6680831442,0.001677136342325993,0.0005124308190321836,3,0.8026016839253599,0.19739831607464006,0.0,0.0
2025-09-19,127845.1213856588,0.003598911168752486,0.0,3,0.8036844754494596,0.19631552455054044,0.0,0.0
2025-09-22,128241.00443441223,0.0030965831504763132,0.0,3,0.8049940154626214,0.19500598453737863,0.0,0.0
2025-09-23,127853.86128316786,-0.0030188717949598243,0.0030188717949598542,3,0.8030363178563452,0.1969636821436547,0.0,0.0
2025-09-24,127430.322591929,-0.0033066255830585005,0.0063215493831993985,3,0.8001003007387416,0.19989969926125842,0.0,0.0
2025-09-25,126959.94709754949,-0.003691236785814241,0.009989451833387064,3,0.7993596898451809,0.20064031015481906,0.0,0.0
2025-09-26,127518.47320541511,0.004399230786040459,0.005634166951387631,3,0.8004180995633684,0.1995819004366316,0.0,0.0
2025-09-29,128014.30265340258,0.003888295048739775,0.0017677792061087105,3,0.7995586375073329,0.2004413624926672,0.0,0.0
2025-09-30,128325.42693211255,0.0024303868572584982,0.0,3,0.8006246152295907,0.19937538477040925,0.0,0.0
2025-10-01,128741.3693966961,0.0032425630864614,0.0,3,0.8001315806519869,0.19986841934801305,0.0,0.0
2025-10-02,128934.93609459724,0.0015035314507544375,0.0,3,0.799850517888717,0.2001494821112831,0.0,0.0
2025-10-03,128884.41600084923,-0.0003918262596488948,0.000391826259648842,3,0.8001521964190269,0.1998478035809731,0.0,0.0
2025-10-06,129049.652718109,0.001282053504891442,0.0,3,0.8019935611539741,0.1980064388460259,0.0,0.0
2025-10-07,128812.90906313885,-0.0018345160175463014,0.0018345160175462505,3,0.8004886681704754,0.19951133182952457,0.0,0.0
2025-10-08,129447.496956227,0.00492741303314326,0.0,3,0.8008244513766838,0.19917554862331624,0.0,0.0
2025-10-09,129126.96329014773,-0.0024761673544576555,0.002476167354457659,3,0.8004866220230706,0.1995133779769294,0.0,0.0
2025-10-10,126749.23188320789,-0.018413903234114466,0.020844474682515712,3,0.7934619107719313,0.2065380892280687,0.0,0.0
2025-10-13,128277.9581576133,0.012061029891006016,0.009034850623717894,3,0.796035871624595,0.20396412837540512,0.0,0.0
2025-10-14,128236.98615753588,-0.0003194001577970971,0.009351365048800075,3,0.7953174218672386,0.20468257813276144,0.0,0.0
2025-10-15,128634.78872993891,0.0031114835160946605,0.006278284597213246,3,0.8010592157262852,0.19894078427371467,0.0,0.0
2025-10-16,128124.966705861,-0.003963329275941497,0.01021673096400777,3,0.7987695336305888,0.20123046636941128,0.0,0.0
2025-10-17,128666.37417201432,0.004225620346081454,0.006034282644158173,3,0.7999234155527701,0.2000765844472299,0.0,0.0
2025-10-20,129835.62718319023,0.009087479294417142,0.0,3,0.800964273000089,0.1990357269999111,0.0,0.0
2025-10-21,129961.0801886793,0.000966244845200107,0.0,3,0.8001790619665045,0.1998209380334956,0.0,0.0
2025-10-22,129701.15802830194,0.0,0.0020000000000000018,0,0.0,0.0,0.0,1.0
2025-10-23,129607.52940843707,-0.0007218795983645,0.002720435839167701,0,0.0,0.0,0.0,1.0
2025-10-24,129685.54306845248,0.0006019222831534,0.0021201510469657237,0,0.0,0.0,0.0,1.0
2025-10-27,129654.32537659993,-0.0002407183646991,0.002360359052371863,0,0.0,0.0,0.0,1.0
2025-10-28,129669.92810860301,0.0001203410064243,0.0022403020939314455,0,0.0,0.0,0.0,1.0
2025-10-29,129420.2966244001,-0.0019251301195589,0.0041611193404524904,0,0.0,0.0,0.0,1.0
2025-10-30,129435.87490071038,0.0001203696538842,0.004041250559063014,0,0.0,0.0,0.0,1.0
2025-10-31,129482.71978025882,0.0003619157330561,0.0036807974181655156,0,0.0,0.0,0.0,1.0
2025-11-03,129487.40304542903,3.616903613212763e-05,0.0036447615129281408,0,0.0,0.0,0.0,1.0
2025-11-04,129534.34574774865,0.0003625271741927,0.00328355566382732,0,0.0,0.0,0.0,1.0
2025-11-05,129440.43588741664,-0.000724980388714,0.004006155539079792,0,0.0,0.0,0.0,1.0
2025-11-06,129596.95232130335,0.0012091772776696,0.0028018224136587833,0,0.0,0.0,0.0,1.0
2025-11-07,129659.58335055085,0.0004832754792891,0.002319900986439416,0,0.0,0.0,0.0,1.0
2025-11-10,129628.28006377352,-0.0002414267111495,0.0025607676115235734,0,0.0,0.0,0.0,1.0
2025-11-11,129737.84156749422,0.0008451975422862,0.0017177344237289116,0,0.0,0.0,0.0,1.0
2025-11-12,129690.8988651746,-0.0003618273724339,0.0020789402728297324,0,0.0,0.0,0.0,1.0
2025-11-13,129612.64064823127,-0.0006034210390098,0.0026811068355400147,0,0.0,0.0,0.0,1.0
2025-11-14,129659.58335055089,0.0003621768840202,0.002319900986439083,0,0.0,0.0,0.0,1.0
2025-11-17,129643.93170716222,-0.0001207133555747,0.0024403342989812726,0,0.0,0.0,0.0,1.0
2025-11-18,129722.20215195198,0.0006037339639355,0.001838073647745353,0,0.0,0.0,0.0,1.0
2025-11-19,129706.5505085633,-0.0001206550854752,0.0019585069602874317,0,0.0,0.0,0.0,1.0
2025-11-20,129816.1242401304,0.0008447817873304,0.0011153796839673547,0,0.0,0.0,0.0,1.0
2025-11-21,129972.66512970992,0.0012058663012457,0.0,0,0.0,0.0,0.0,1.0
2025-11-24,129988.31677309859,0.0001204225778785,0.0,0,0.0,0.0,0.0,1.0
2025-11-25,130066.56276219555,0.0006019463213262,0.0,0,0.0,0.0,0.0,1.0
2025-11-26,130050.92334665328,-0.0001202416302095,0.00012024163020951661,0,0.0,0.0,0.0,1.0
2025-11-28,130050.92334665328,0.0,0.00012024163020951661,0,0.0,0.0,0.0,1.0
2025-12-01,129939.45429889459,-0.0008571184647537,0.0009772570336417097,0,0.0,0.0,0.0,1.0
2025-12-02,130017.95707276589,0.0006041488652916,0.0003736985770780299,0,0.0,0.0,0.0,1.0
2025-12-03,130096.4720744836,0.000603878137185,0.0,0,0.0,0.0,0.0,1.0
2025-12-04,130002.25651799163,-0.0007241976280342,0.0007241976280342177,0,0.0,0.0,0.0,1.0
2025-12-05,129955.14262582245,-0.0003624082645262,0.0010863434373549197,0,0.0,0.0,0.0,1.0
2025-12-08,129923.74151627393,-0.000241630372712,0.0013277113164972265,0,0.0,0.0,0.0,1.0
2025-12-09,129860.92706933049,-0.0004834716596856,0.0018105410653891374,0,0.0,0.0,0.0,1.0
2025-12-10,130080.77151970933,0.0016929222310377,0.00012068393957120893,0,0.0,0.0,0.0,1.0
2025-12-11,130096.4720744836,0.0001206985059423,0.0,0,0.0,0.0,0.0,1.0
2025-12-12,130112.17262925784,0.000120683939571,0.0,0,0.0,0.0,0.0,1.0
2025-12-15,130190.66317528274,0.0006032529043116,0.0,0,0.0,0.0,0.0,1.0
2025-12-16,130253.46539437977,0.000482386505801,0.0,0,0.0,0.0,0.0,1.0
2025-12-17,130269.15372130764,0.0001204446029927,0.0,0,0.0,0.0,0.0,1.0
2025-12-18,130363.36927779959,0.000723237649133,0.0,0,0.0,0.0,0.0,1.0
2025-12-19,130339.7573064062,-0.0001811242799583,0.00018112427995831126,0,0.0,0.0,0.0,1.0
2025-12-22,130276.7472139204,-0.0004834295673704,0.0006644662864964124,0,0.0,0.0,0.0,1.0
2025-12-23,130213.7615771274,-0.0004834756634626,0.001147620696680396,0,0.0,0.0,0.0,1.0
2025-12-24,130292.52113577304,0.0006048481949352,0.0005434666380520481,0,0.0,0.0,0.0,1.0
2025-12-26,130386.99347703936,0.00072507877231,0.0,0,0.0,0.0,0.0,1.0
2025-12-29,130449.99134167875,0.0004831606509163,0.0,0,0.0,0.0,0.0,1.0
2025-12-30,130481.49027399845,0.0002414636597192,0.0,0,0.0,0.0,0.0,1.0
2025-12-31,130434.2418755189,-0.000362108053643,0.0003621080536430066,0,0.0,0.0,0.0,1.0
