date,SPY,TLT,GLD,SHY
2004-11-01,76.00756072998047,43.605106353759766,,54.08377456665039
2004-11-02,76.03437805175781,43.66914749145508,,54.11016845703125
2004-11-03,76.99191284179688,43.6888542175293,,54.103546142578125
2004-11-04,78.04318237304688,43.7331657409668,,54.05739974975586
2004-11-05,78.53199768066406,43.2553596496582,,53.918800354003906
2004-11-08,78.41817474365234,43.10268020629883,,53.89240646362305
2004-11-09,78.26412963867188,43.07801055908203,,53.93198776245117
2004-11-10,78.32440948486328,42.91548538208008,,53.86600875854492
2004-11-11,78.92037200927734,42.8218994140625,,53.90561294555664
2004-11-12,79.54310607910156,43.284942626953125,,53.89240646362305
2004-11-15,79.73853302001953,43.3243522644043,,53.89240646362305
2004-11-16,79.16769409179688,43.3243522644043,,53.852848052978516
2004-11-17,79.63780975341797,43.69377517700195,,53.93198776245117
2004-11-18,79.74523162841797,43.82680892944336,44.380001068115234,53.92539978027344
2004-11-19,78.85877227783203,43.477046966552734,44.779998779296875,53.839622497558594
2004-11-22,79.23484802246094,43.70363998413086,44.95000076293945,53.852848052978516
2004-11-23,79.35572814941406,43.75782775878906,44.75,53.8462028503418
2004-11-24,79.54378509521484,43.75782775878906,45.04999923706055,53.839622497558594
2004-11-26,79.48332977294922,43.47213363647461,45.290000915527344,53.78688049316406
2004-11-29,79.12064361572266,43.00907897949219,45.400001525878906,53.79341125488281
2004-11-30,79.17440032958984,42.82683181762695,45.119998931884766,53.80669021606445
2004-12-01,80.07430267333984,42.76001739501953,45.380001068115234,53.84296798706055
2004-12-02,80.14149475097656,42.58694076538086,44.95000076293945,53.82312774658203
2004-12-03,80.08776092529297,43.249698638916016,45.599998474121094,53.942161560058594
2004-12-06,80.0609130859375,43.398094177246094,45.16999816894531,53.94874572753906
2004-12-07,79.3154296875,43.45248031616211,45.11000061035156,53.94874572753906
2004-12-08,79.77887725830078,44.130130767822266,44.0099983215332,53.968605041503906
2004-12-09,80.0609130859375,43.8383674621582,43.779998779296875,53.961944580078125
2004-12-10,80.14149475097656,43.947105407714844,43.439998626708984,53.968605041503906
2004-12-13,80.83995819091797,44.0411262512207,43.90999984741211,53.928951263427734
2004-12-14,81.12201690673828,44.2142333984375,43.54999923706055,53.942161560058594
2004-12-15,81.18246459960938,44.61487579345703,43.9900016784668,53.995025634765625
2004-12-16,81.13548278808594,43.95698928833008,43.68000030517578,53.93553161621094
2004-12-17,80.59428405761719,43.897674560546875,44.189998626708984,53.91567611694336
2004-12-20,80.61454010009766,43.976837158203125,44.34000015258789,53.91567611694336
2004-12-21,81.2353286743164,44.11037063598633,44.220001220703125,53.922332763671875
2004-12-22,81.4310302734375,43.961936950683594,44.02000045776367,53.922332763671875
2004-12-23,81.49172973632812,43.81854248046875,44.27000045776367,53.909061431884766
2004-12-27,81.32307434082031,43.47724533081055,44.47999954223633,53.876041412353516
2004-12-28,81.7684097290039,43.44263458251953,44.369998931884766,53.89589309692383
2004-12-29,81.88984680175781,43.398094177246094,43.65999984741211,53.88924026489258
2004-12-30,81.73468017578125,43.689945220947266,43.83000183105469,53.909061431884766
2004-12-31,81.5592269897461,43.965450286865234,43.79999923706055,53.93164825439453
2005-01-03,81.1745834350586,44.059791564941406,43.02000045776367,53.93820571899414
2005-01-04,80.18268585205078,43.59804153442383,42.7400016784668,53.819000244140625
2005-01-05,79.6293716430664,43.8314208984375,42.66999816894531,53.832279205322266
2005-01-06,80.03425598144531,43.861244201660156,42.150001525878906,53.85869598388672
2005-01-07,79.91954040527344,43.96052169799805,41.84000015258789,53.86538314819336
2005-01-10,80.29741668701172,44.03003692626953,41.95000076293945,53.832279205322266
2005-01-11,79.74409484863281,44.288204193115234,42.209999084472656,53.845558166503906
2005-01-12,80.00723266601562,44.34779357910156,42.599998474121094,53.85213851928711
2005-01-13,79.3662109375,44.7747917175293,42.599998474121094,53.91837692260742
2005-01-14,79.78458404541016,44.76982879638672,42.31999969482422,53.891841888427734
2005-01-18,80.61454010009766,44.91878128051758,42.31999969482422,53.87196731567383
2005-01-19,79.77110290527344,45.04786682128906,42.2599983215332,53.87861251831055
2005-01-20,79.28528594970703,45.137245178222656,42.25,53.92496871948242
2005-01-21,78.79942321777344,45.186885833740234,42.7400016784668,53.97796630859375
2005-01-24,78.64424896240234,45.38053512573242,42.77000045776367,53.944847106933594
2005-01-25,78.86688995361328,44.95351028442383,42.2400016784668,53.92496871948242
2005-01-26,79.10305786132812,45.03791809082031,42.689998626708984,53.9051513671875
2005-01-27,79.23802947998047,44.95351028442383,42.619998931884766,53.891841888427734
2005-01-28,79.23802947998047,45.40535354614258,42.689998626708984,53.91837692260742
2005-01-31,79.7305908203125,45.5344123840332,42.220001220703125,53.911773681640625
2005-02-01,80.23667907714844,45.46219253540039,42.099998474121094,53.92570495605469
2005-02-02,80.47960662841797,45.56683349609375,42.15999984741211,53.905765533447266
2005-02-03,80.27041625976562,45.54191970825195,41.68000030517578,53.87258529663086
2005-02-04,81.12737274169922,46.17485046386719,41.470001220703125,53.92570495605469
2005-02-07,81.0194091796875,46.518760681152344,41.27000045776367,53.91236877441406
2005-02-08,81.1138916015625,46.78286361694336,41.2599983215332,53.892478942871094
2005-02-09,80.506591796875,46.90750503540039,41.310001373291016,53.99203872680664
2005-02-10,80.79669952392578,46.274532318115234,41.75,53.952247619628906
2005-02-11,81.49172973632812,46.24464797973633,42.08000183105469,53.92570495605469
2005-02-14,81.4310302734375,46.38915252685547,42.54999923706055,53.899131774902344
2005-02-15,81.73468017578125,46.15492248535156,42.58000183105469,53.905765533447266
2005-02-16,81.78864288330078,45.98047637939453,42.52000045776367,53.87925720214844
2005-02-17,81.12737274169922,45.691410064697266,42.72999954223633,53.905765533447266
2005-02-18,81.2353286743164,45.28276443481445,42.75,53.832820892333984
2005-02-22,80.02748107910156,45.083412170410156,43.56999969482422,53.85268783569336
2005-02-23,80.6010513305664,45.23290252685547,43.41999816894531,53.846031188964844
2005-02-24,81.13416290283203,45.13321304321289,43.33000183105469,53.832820892333984
2005-02-25,81.93706512451172,45.35252380371094,43.5,53.80622100830078
2005-02-28,81.39729309082031,44.864112854003906,43.529998779296875,53.77301788330078
2005-03-01,81.80218505859375,44.85014343261719,43.220001220703125,53.76169967651367
2005-03-02,81.76163482666016,44.79011917114258,43.25,53.79499435424805
2005-03-03,81.7953872680664,44.76514434814453,42.970001220703125,53.81493377685547
2005-03-04,82.81427001953125,45.25007629394531,43.380001068115234,53.81493377685547
2005-03-07,82.85476684570312,45.430057525634766,43.470001220703125,53.79499435424805
2005-03-08,82.54438018798828,45.000125885009766,44.029998779296875,53.79499435424805
2005-03-09,81.62669372558594,44.265193939208984,44.02000045776367,53.77501678466797
2005-03-10,81.80890655517578,44.53517532348633,44.20000076293945,53.73513412475586
2005-03-11,81.2353286743164,44.21018600463867,44.43000030517578,53.72184371948242
2005-03-14,81.74142456054688,44.47515106201172,44.029998779296875,53.70188903808594
2005-03-15,81.06661987304688,44.195213317871094,44.060001373291016,53.68187713623047
2005-03-16,80.37838745117188,44.465152740478516,44.310001373291016,53.748390197753906
2005-03-17,80.54029083251953,44.610145568847656,43.81999969482422,53.768348693847656
2005-03-18,80.30119323730469,44.33019256591797,43.88999938964844,53.741783142089844
2005-03-21,80.00312805175781,44.205177307128906,43.09000015258789,53.77501678466797
2005-03-22,79.19024658203125,43.83021545410156,42.650001525878906,53.68187713623047
2005-03-23,79.25798797607422,44.04019546508789,42.41999816894531,53.67525100708008
2005-03-24,79.35282897949219,44.130184173583984,42.38999938964844,53.68854904174805
2005-03-28,79.46792602539062,43.86022186279297,42.540000915527344,53.66193389892578
2005-03-29,78.93955993652344,44.120243072509766,42.560001373291016,53.70188903808594
2005-03-30,80.05731201171875,44.34013748168945,42.61000061035156,53.70854949951172
2005-03-31,79.90828704833984,44.66014099121094,42.81999969482422,53.78168487548828
2005-04-01,79.54925537109375,44.81063461303711,42.619998931884766,53.81501388549805
2005-04-04,79.6847152709961,44.80065155029297,42.400001525878906,53.81501388549805
2005-04-05,80.06409454345703,44.685264587402344,42.45000076293945,53.82835388183594
2005-04-06,80.34180450439453,44.84074783325195,42.630001068115234,53.86838150024414
2005-04-07,80.77537536621094,44.47947311401367,42.56999969482422,53.84832000732422
2005-04-08,79.9354019165039,44.63507843017578,42.689998626708984,53.841670989990234
2005-04-11,79.99635314941406,44.875919342041016,42.779998779296875,53.841670989990234
2005-04-12,80.40957641601562,45.29241943359375,42.84000015258789,53.87498092651367
2005-04-13,79.46118927001953,45.182029724121094,42.900001525878906,53.955013275146484
2005-04-14,78.42472076416016,45.111793518066406,42.310001373291016,54.00163650512695
2005-04-15,77.32732391357422,45.70891189575195,42.400001525878906,54.08833312988281
2005-04-18,77.56439971923828,45.67377471923828,42.689998626708984,54.061622619628906
2005-04-19,78.18087005615234,46.11532211303711,43.279998779296875,54.1283073425293
2005-04-20,77.09021759033203,45.99992370605469,43.400001525878906,54.1082763671875
2005-04-21,78.58734130859375,45.51824951171875,43.189998626708984,54.01494216918945
2005-04-22,78.28925323486328,45.89957809448242,43.38999938964844,54.02830123901367
2005-04-25,78.8041000366211,46.03504943847656,43.439998626708984,54.0416374206543
2005-04-26,78.03861999511719,45.964820861816406,43.63999938964844,54.02830123901367
2005-04-27,78.34346771240234,46.125370025634766,43.20000076293945,54.068355560302734
2005-04-28,77.36119842529297,46.466651916503906,43.0,54.11497116088867
2005-04-29,78.41117858886719,46.386348724365234,43.349998474121094,54.061622619628906
2005-05-02,78.85151672363281,46.37625503540039,42.880001068115234,54.068328857421875
2005-05-03,78.98698425292969,46.502166748046875,42.7599983215332,54.10173416137695
2005-05-04,79.59669494628906,46.09423065185547,42.900001525878906,54.12181854248047
2005-05-05,79.56954956054688,46.19999313354492,42.90999984741211,54.17528533935547
2005-05-06,79.31890106201172,45.857566833496094,42.52000045776367,54.054988861083984
2005-05-09,79.81346130371094,45.90287780761719,42.54999923706055,54.02821731567383
2005-05-10,78.98698425292969,46.23021697998047,42.63999938964844,54.068328857421875
2005-05-11,79.4205551147461,46.371212005615234,42.689998626708984,54.10173416137695
2005-05-12,78.54663848876953,46.55253601074219,42.15999984741211,54.12845230102539
2005-05-13,78.39083862304688,46.733821868896484,41.95000076293945,54.18858337402344
2005-05-16,79.12248992919922,46.67845153808594,41.880001068115234,54.17528533935547
2005-05-17,79.65086364746094,46.80934143066406,41.86000061035156,54.17528533935547
2005-05-18,80.4705810546875,47.121585845947266,42.04999923706055,54.22871017456055
2005-05-19,80.80923461914062,47.000728607177734,41.97999954223633,54.148529052734375
2005-05-20,80.694091796875,47.05613327026367,41.650001525878906,54.148529052734375
2005-05-23,81.14119720458984,47.42376708984375,41.619998931884766,54.18193054199219
2005-05-24,80.95152282714844,47.554664611816406,41.72999954223633,54.21539306640625
2005-05-25,80.89056396484375,47.2222785949707,41.869998931884766,54.2353515625
2005-05-26,81.32410430908203,47.20720291137695,41.689998626708984,54.21539306640625
2005-05-27,81.45957946777344,47.25759506225586,41.880001068115234,54.2353515625
2005-05-31,80.93797302246094,47.84172439575195,41.650001525878906,54.27544021606445
2005-06-01,81.62895202636719,48.42755889892578,41.529998779296875,54.382606506347656
2005-06-02,81.80506134033203,48.54381561279297,42.099998474121094,54.36250686645508
2005-06-03,81.39186096191406,48.14449691772461,42.16999816894531,54.29551315307617
2005-06-06,81.31729888916016,48.39725875854492,42.47999954223633,54.3223876953125
2005-06-07,81.37826538085938,48.781402587890625,42.380001068115234,54.33573913574219
2005-06-08,81.22924041748047,48.54884719848633,42.34000015258789,54.3223876953125
2005-06-09,81.6153793334961,48.50841522216797,42.27000045776367,54.28887176513672
2005-06-10,81.4256820678711,47.9625358581543,42.619998931884766,54.24197006225586
2005-06-13,81.6831283569336,47.674442291259766,42.779998779296875,54.24197006225586
2005-06-14,81.87281036376953,47.36100769042969,42.599998474121094,54.255374908447266
2005-06-15,82.02859497070312,47.446983337402344,42.7400016784668,54.24197006225586
2005-06-16,82.2386245727539,47.68453598022461,43.459999084472656,54.28887176513672
2005-06-17,82.54330444335938,47.67948532104492,43.630001068115234,54.28217315673828
2005-06-20,82.57056427001953,47.5986328125,43.65999984741211,54.26875305175781
2005-06-21,82.61812591552734,47.9473876953125,43.810001373291016,54.27546691894531
2005-06-22,82.68616485595703,48.52864074707031,43.720001220703125,54.39604568481445
2005-06-23,81.52308654785156,48.47809982299805,44.02000045776367,54.37596130371094
2005-06-24,80.92457580566406,48.7206916809082,43.900001525878906,54.402706146240234
2005-06-27,81.04016876220703,48.85215759277344,43.90999984741211,54.42280960083008
2005-06-28,81.72034454345703,48.51851272583008,43.45000076293945,54.36250686645508
2005-06-29,81.50267791748047,48.44269943237305,43.630001068115234,54.37596130371094
2005-06-30,81.06059265136719,48.87739181518555,43.439998626708984,54.40938949584961
2005-07-01,81.29866790771484,48.284969329833984,42.70000076293945,54.25907516479492
2005-07-05,81.9515609741211,47.82851791381836,42.279998779296875,54.272464752197266
2005-07-06,81.26464080810547,48.092281341552734,42.25,54.30605697631836
2005-07-07,81.58429718017578,48.19370651245117,42.36000061035156,54.35298538208008
2005-07-08,82.51610565185547,47.995880126953125,42.2599983215332,54.29258728027344
2005-07-11,82.93778991699219,47.995880126953125,42.540000915527344,54.25236511230469
2005-07-12,83.15544128417969,47.727073669433594,42.63999938964844,54.25236511230469
2005-07-13,83.27108764648438,47.656070709228516,42.349998474121094,54.25907516479492
2005-07-14,83.59754180908203,47.53432083129883,41.900001525878906,54.25907516479492
2005-07-15,83.5499267578125,47.66114807128906,42.04999923706055,54.265724182128906
2005-07-18,83.2166748046875,47.30609893798828,42.0099983215332,54.25236511230469
2005-07-19,83.6723861694336,47.47349548339844,41.88999938964844,54.272464752197266
2005-07-20,83.95802307128906,47.73216247558594,42.20000076293945,54.265724182128906
2005-07-21,83.46830749511719,47.08293914794922,42.459999084472656,54.21205139160156
2005-07-22,84.02603912353516,47.44817352294922,42.45000076293945,54.265724182128906
2005-07-25,83.78801727294922,47.27571105957031,42.5099983215332,54.245567321777344
2005-07-26,83.8900146484375,47.351741790771484,42.25,54.23223876953125
2005-07-27,84.19609069824219,47.27571105957031,42.439998626708984,54.23223876953125
2005-07-28,84.72662353515625,47.696693420410156,42.75,54.2389030456543
2005-07-29,84.1620864868164,47.22496795654297,42.81999969482422,54.205345153808594
2005-08-01,84.10086059570312,47.04932403564453,43.130001068115234,54.172386169433594
2005-08-02,84.60418701171875,46.8966064453125,43.13999938964844,54.179073333740234
2005-08-03,84.82865905761719,47.125675201416016,43.529998779296875,54.19927978515625
2005-08-04,84.14851379394531,47.02893829345703,43.68000030517578,54.19927978515625
2005-08-05,83.57714080810547,46.66243362426758,43.599998474121094,54.152198791503906
2005-08-08,83.42070770263672,46.575889587402344,43.349998474121094,54.098350524902344
2005-08-09,83.92401885986328,46.74898910522461,43.34000015258789,54.15891647338867
2005-08-10,83.88323211669922,46.698055267333984,43.650001525878906,54.15891647338867
2005-08-11,84.21649932861328,47.023895263671875,44.45000076293945,54.19927978515625
2005-08-12,83.6995849609375,47.502410888671875,44.4900016784668,54.26657485961914
2005-08-15,84.21649932861328,47.38023376464844,44.130001068115234,54.23966598510742
2005-08-16,83.12145233154297,47.711151123046875,44.54999923706055,54.26657485961914
2005-08-17,83.1146240234375,47.39552688598633,43.90999984741211,54.280067443847656
2005-08-18,83.10785675048828,47.74677658081055,43.83000183105469,54.32710647583008
2005-08-19,83.29827117919922,47.741676330566406,43.599998474121094,54.30697250366211
2005-08-22,83.29827117919922,47.69076919555664,43.70000076293945,54.31367874145508
2005-08-23,83.14186096191406,47.9096565246582,43.7599983215332,54.367431640625
2005-08-24,82.4005126953125,47.955474853515625,43.59000015258789,54.374237060546875
2005-08-25,82.69977569580078,48.10818099975586,43.72999954223633,54.367431640625
2005-08-26,82.13522338867188,48.09293746948242,43.61000061035156,54.32710647583008
2005-08-29,82.76775360107422,48.15401840209961,43.56999969482422,54.3405647277832
2005-08-30,82.33246612548828,48.45949935913086,43.0099983215332,54.4212646484375
2005-08-31,83.37312316894531,48.86675262451172,43.400001525878906,54.562564849853516
2005-09-01,83.31188201904297,48.57251739501953,44.220001220703125,54.6286735534668
2005-09-02,83.16226959228516,48.61337661743164,44.25,54.69620895385742
2005-09-06,84.13489532470703,48.271080017089844,44.27000045776367,54.60850143432617
2005-09-07,84.2776870727539,47.81643295288086,44.33000183105469,54.567996978759766
2005-09-08,83.99883270263672,47.867496490478516,44.599998474121094,54.54098129272461
2005-09-09,84.74700927734375,48.02077102661133,44.84000015258789,54.55448913574219
2005-09-12,84.57698059082031,47.68871307373047,44.88999938964844,54.53425216674805
2005-09-13,84.10765838623047,47.93904495239258,44.560001373291016,54.567996978759766
2005-09-14,83.8016128540039,47.75511169433594,44.959999084472656,54.561248779296875
2005-09-15,83.76078796386719,47.361759185791016,45.41999816894531,54.547760009765625
2005-09-16,84.35643768310547,47.050140380859375,45.81999969482422,54.50730514526367
2005-09-19,84.07634735107422,47.152313232421875,46.25,54.520729064941406
2005-09-20,83.3659896850586,47.27493667602539,46.22999954223633,54.480281829833984
2005-09-21,82.58731842041016,47.71421432495117,47.060001373291016,54.53425216674805
2005-09-22,82.88103485107422,47.668243408203125,46.36000061035156,54.55448913574219
2005-09-23,82.94932556152344,47.3106575012207,46.279998779296875,54.50730514526367
2005-09-26,83.04498291015625,47.09611129760742,46.56999969482422,54.466796875
2005-09-27,83.02447509765625,47.162532806396484,46.25,54.44654083251953
2005-09-28,83.10643768310547,47.47926330566406,46.79999923706055,54.466796875
2005-09-29,83.78263854980469,47.264671325683594,47.099998474121094,54.44654083251953
2005-09-30,84.04220581054688,47.1012077331543,46.70000076293945,54.399322509765625
2005-10-03,83.74164581298828,46.73297882080078,46.41999816894531,54.37495040893555
2005-10-04,82.79905700683594,46.886863708496094,46.45000076293945,54.36819839477539
2005-10-05,81.7130355834961,47.09199905395508,46.36000061035156,54.39524841308594
2005-10-06,81.4193115234375,46.9124641418457,47.209999084472656,54.39524841308594
2005-10-07,81.69937896728516,47.102237701416016,47.36000061035156,54.435821533203125
2005-10-10,81.00944519042969,47.07145690917969,47.369998931884766,54.429107666015625
2005-10-11,80.89335632324219,46.97406768798828,47.38999938964844,54.415584564208984
2005-10-12,80.25814819335938,46.51759719848633,46.849998474121094,54.37495040893555
2005-10-13,80.2103042602539,46.34833526611328,47.02000045776367,54.37495040893555
2005-10-14,81.05729675292969,46.276519775390625,46.79999923706055,54.38850402832031
2005-10-17,81.35780334472656,46.26624298095703,47.2599983215332,54.36143493652344
2005-10-18,80.47669982910156,46.31753921508789,47.0,54.40876770019531
2005-10-19,81.81549835205078,46.33808135986328,46.34000015258789,54.435821533203125
2005-10-20,80.37423706054688,46.46114730834961,45.97999954223633,54.435821533203125
2005-10-21,80.6884536743164,46.89194869995117,46.52000045776367,54.46968078613281
2005-10-24,81.93843841552734,46.52781677246094,46.38999938964844,54.4493522644043
2005-10-25,81.77449035644531,46.12779998779297,47.060001373291016,54.354671478271484
2005-10-26,81.5354232788086,45.789302825927734,46.93000030517578,54.33436965942383
2005-10-27,80.66796112060547,45.95341491699219,47.18000030517578,54.37495040893555
2005-10-28,81.82913970947266,45.958534240722656,47.220001220703125,54.37495040893555
2005-10-31,82.05452728271484,46.045719146728516,46.400001525878906,54.354671478271484
2005-11-01,82.30042266845703,45.99266052246094,45.72999954223633,54.36960220336914
2005-11-02,83.16106414794922,45.77629470825195,46.130001068115234,54.3627815246582
2005-11-03,83.51628875732422,45.46719741821289,45.959999084472656,54.33565139770508
2005-11-04,83.40694427490234,45.39508819580078,45.5099983215332,54.33565139770508
2005-11-07,83.48895263671875,45.54964065551758,45.77000045776367,54.32889175415039
2005-11-08,83.48895263671875,45.99266052246094,45.90999984741211,54.396728515625
2005-11-09,83.59819793701172,45.51874923706055,46.560001373291016,54.32889175415039
2005-11-10,84.24707794189453,46.07509231567383,46.47999954223633,54.403533935546875
2005-11-11,84.53401947021484,46.10087966918945,46.79999923706055,54.423866271972656
2005-11-14,84.48616027832031,45.75569534301758,46.619998931884766,54.34247970581055
2005-11-15,84.17881774902344,46.05451583862305,46.65999984741211,54.38314437866211
2005-11-16,84.3495864868164,46.538719177246094,47.779998779296875,54.45102310180664
2005-11-17,85.13506317138672,46.65208053588867,48.47999954223633,54.49851608276367
2005-11-18,85.4697494506836,46.43571472167969,48.459999084472656,54.49851608276367
2005-11-21,85.90010070800781,46.574806213378906,48.9900016784668,54.532474517822266
2005-11-22,86.26895904541016,46.636592864990234,49.31999969482422,54.607078552246094
2005-11-23,86.76754760742188,46.456321716308594,49.150001525878906,54.53924560546875
2005-11-25,86.8358383178711,46.62632751464844,49.41999816894531,54.586753845214844
2005-11-28,86.22111511230469,46.858123779296875,49.7400016784668,54.600337982177734
2005-11-29,86.12548828125,46.41505432128906,49.79999923706055,54.55963897705078
2005-11-30,85.66102600097656,46.363548278808594,49.099998474121094,54.5663948059082
2005-12-01,86.53532409667969,46.291114807128906,50.16999816894531,54.512611389160156
2005-12-02,86.64462280273438,46.30669403076172,50.31999969482422,54.56027603149414
2005-12-05,86.460205078125,46.09968566894531,50.779998779296875,54.49904251098633
2005-12-06,86.6241226196289,46.570556640625,50.88999938964844,54.57386016845703
2005-12-07,86.11866760253906,46.394596099853516,51.31999969482422,54.580657958984375
2005-12-08,86.06404113769531,46.694725036621094,51.900001525878906,54.648738861083984
2005-12-09,86.28943634033203,46.327369689941406,52.400001525878906,54.594295501708984
2005-12-12,86.37140655517578,46.239418029785156,52.560001373291016,54.587459564208984
2005-12-13,86.95882415771484,46.41014862060547,51.650001525878906,54.61470031738281
2005-12-14,87.30033111572266,46.8861198425293,50.349998474121094,54.67594909667969
2005-12-15,87.04762268066406,46.77229690551758,50.2400016784668,54.67594909667969
2005-12-16,86.76744842529297,46.92753982543945,50.09000015258789,54.70998764038086
2005-12-19,86.32111358642578,46.97411346435547,50.220001220703125,54.67594909667969
2005-12-20,86.40351104736328,46.917179107666016,49.040000915527344,54.6691780090332
2005-12-21,86.54086303710938,46.834434509277344,49.369998931884766,54.6691780090332
2005-12-22,86.99405670166016,47.206966400146484,50.13999938964844,54.71683120727539
2005-12-23,87.04214477539062,47.49666213989258,50.119998931884766,54.744014739990234
2005-12-27,86.15631103515625,47.88472366333008,50.63999938964844,54.75082778930664
2005-12-28,86.34855651855469,47.751190185546875,51.470001220703125,54.818424224853516
2005-12-29,85.96401977539062,47.8550910949707,51.470001220703125,54.777442932128906
2005-12-30,85.4970932006836,47.74596405029297,51.58000183105469,54.75693893432617
2006-01-03,87.00093078613281,47.68361282348633,53.119998931884766,54.83204650878906
2006-01-04,87.41291046142578,47.797943115234375,53.29999923706055,54.8867073059082
2006-01-05,87.46784210205078,47.74082565307617,52.34000015258789,54.83890914916992
2006-01-06,88.19572448730469,47.652462005615234,53.720001220703125,54.85251235961914
2006-01-09,88.42232513427734,47.68361282348633,54.599998474121094,54.85938262939453
2006-01-10,88.5116195678711,47.299190521240234,54.060001373291016,54.80475997924805
2006-01-11,88.79313659667969,47.22126770019531,54.529998779296875,54.80475997924805
2006-01-12,88.44291687011719,47.53818130493164,54.43000030517578,54.83204650878906
2006-01-13,88.36051940917969,47.81352233886719,55.439998626708984,54.941314697265625
2006-01-17,88.12022399902344,48.026519775390625,55.2599983215332,54.920799255371094
2006-01-18,87.76998138427734,48.01097106933594,54.06999969482422,54.91397476196289
2006-01-19,88.10649108886719,47.87070846557617,55.59000015258789,54.920799255371094
2006-01-20,86.49966430664062,47.995361328125,55.20000076293945,54.941314697265625
2006-01-23,86.80865478515625,47.97977066040039,55.77000045776367,54.94813537597656
2006-01-24,86.89791107177734,47.74596405029297,55.72999954223633,54.9344482421875
2006-01-25,86.97342681884766,47.226463317871094,56.13999938964844,54.85938262939453
2006-01-26,87.45409393310547,47.02384948730469,55.880001068115234,54.866188049316406
2006-01-27,88.26435089111328,47.02384948730469,55.630001068115234,54.82520294189453
2006-01-30,88.19572448730469,46.97706604003906,56.68000030517578,54.85251235961914
2006-01-31,87.55026245117188,47.1069450378418,56.70000076293945,54.85251235961914
2006-02-01,88.16136169433594,46.94586944580078,56.70000076293945,54.802547454833984
2006-02-02,87.13824462890625,47.03445053100586,56.97999954223633,54.802547454833984
2006-02-03,86.70563507080078,47.3681755065918,56.5,54.829986572265625
2006-02-06,86.93228149414062,47.46201705932617,56.720001220703125,54.802547454833984
2006-02-07,86.1631851196289,47.237850189208984,54.599998474121094,54.809417724609375
2006-02-08,86.94599914550781,47.128334045410156,54.83000183105469,54.788848876953125
2006-02-09,86.80181884765625,47.34212875366211,56.18000030517578,54.7751579284668
2006-02-10,86.959716796875,47.0814208984375,54.790000915527344,54.73406982421875
2006-02-13,86.80181884765625,47.086612701416016,53.720001220703125,54.7751579284668
2006-02-14,87.72190856933594,46.91975784301758,54.4900016784668,54.7751579284668
2006-02-15,88.03092193603516,47.03445053100586,53.7599983215332,54.768314361572266
2006-02-16,88.69010925292969,47.04494094848633,54.52000045776367,54.809417724609375
2006-02-17,88.44979095458984,47.420326232910156,54.959999084472656,54.85049819946289
2006-02-21,88.23011016845703,47.34212875366211,55.119998931884766,54.809417724609375
2006-02-22,88.76565551757812,47.665374755859375,55.34000015258789,54.85049819946289
2006-02-23,88.63522338867188,47.545448303222656,54.63999938964844,54.802547454833984
2006-02-24,88.86180114746094,47.472476959228516,55.63999938964844,54.82307815551758
2006-02-27,88.8961410522461,47.39424514770508,55.220001220703125,54.79570007324219
2006-02-28,88.05152893066406,47.62889862060547,56.06999969482422,54.8709831237793
2006-03-01,88.83432006835938,47.34109115600586,56.099998474121094,54.842872619628906
2006-03-02,88.82746124267578,47.01148223876953,56.7400016784668,54.863487243652344
2006-03-03,88.41545867919922,46.73942184448242,56.279998779296875,54.80849075317383
2006-03-06,88.01031494140625,46.3312873840332,55.22999954223633,54.829105377197266
2006-03-07,87.87298583984375,46.362693786621094,54.95000076293945,54.829105377197266
2006-03-08,88.05839538574219,46.346946716308594,53.970001220703125,54.863487243652344
2006-03-09,87.46784210205078,46.362693786621094,54.2400016784668,54.88407897949219
2006-03-10,88.29872131347656,46.19004440307617,53.83000183105469,54.829105377197266
2006-03-13,88.46350860595703,46.15336227416992,54.310001373291016,54.829105377197266
2006-03-14,89.39051055908203,46.46210479736328,54.869998931884766,54.939029693603516
2006-03-15,89.78876495361328,46.21094512939453,55.119998931884766,54.95277404785156
2006-03-16,89.97415924072266,46.6295051574707,55.34000015258789,55.04900360107422
2006-03-17,90.04933166503906,46.488258361816406,55.119998931884766,55.02836608886719
2006-03-20,89.90459442138672,46.56147384643555,55.16999816894531,55.05587387084961
2006-03-21,89.33924102783203,46.3208122253418,54.83000183105469,54.95966339111328
2006-03-22,89.88389587402344,46.42023468017578,54.75,54.973392486572266
2006-03-23,89.69774627685547,46.27372741699219,54.70000076293945,54.95966339111328
2006-03-24,89.76667785644531,46.61378860473633,55.709999084472656,55.03522872924805
2006-03-27,89.63568878173828,46.4411506652832,56.38999938964844,55.02156066894531
2006-03-28,89.08421325683594,46.00688171386719,56.060001373291016,54.973392486572266
2006-03-29,89.642578125,45.78715896606445,57.06999969482422,54.973392486572266
2006-03-30,89.48404693603516,45.467952728271484,58.599998474121094,54.94591522216797
2006-03-31,89.50471496582031,45.4522590637207,58.099998474121094,54.96654510498047
2006-04-03,89.43576049804688,45.466949462890625,58.470001220703125,54.936180114746094
2006-04-04,90.00798034667969,45.41968536376953,58.33000183105469,54.97756576538086
2006-04-05,90.31819152832031,45.48274230957031,58.65999984741211,54.984493255615234
2006-04-06,90.22171020507812,45.136104583740234,59.279998779296875,54.97756576538086
2006-04-07,89.30477905273438,44.69491195678711,58.59000015258789,54.94307327270508
2006-04-10,89.44268035888672,44.7789421081543,59.599998474121094,54.956886291503906
2006-04-11,88.6843032836914,44.936492919921875,59.0099983215332,55.00515365600586
2006-04-12,88.84979248046875,44.66342544555664,59.43000030517578,54.970672607421875
2006-04-13,88.73258972167969,44.34829330444336,59.5,54.963775634765625
2006-04-17,88.69813537597656,44.51112365722656,61.09000015258789,54.99821853637695
2006-04-18,90.10448455810547,44.58987045288086,61.849998474121094,55.07411193847656
2006-04-19,90.27684020996094,44.31678009033203,63.75,55.06032943725586
2006-04-20,90.40093994140625,44.27999496459961,60.959999084472656,55.03958511352539
2006-04-21,90.4146728515625,44.53736877441406,63.20000076293945,55.03958511352539
2006-04-24,90.24925994873047,44.7159309387207,61.650001525878906,55.06721496582031
2006-04-25,89.87698364257812,44.185508728027344,62.779998779296875,55.02583694458008
2006-04-26,89.8976821899414,44.11194610595703,63.650001525878906,54.984493255615234
2006-04-27,90.33200073242188,44.169681549072266,62.959999084472656,55.07411193847656
2006-04-28,90.63528442382812,44.20122528076172,65.08999633789062,55.08787155151367
2006-05-01,89.8976821899414,43.86902618408203,65.16000366210938,55.055355072021484
2006-05-02,90.57330322265625,43.985042572021484,66.55000305175781,55.062286376953125
2006-05-03,90.23548889160156,43.890113830566406,66.45999908447266,55.062286376953125
2006-05-04,90.5594711303711,43.81633758544922,67.4800033569336,55.069217681884766
2006-05-05,91.35920715332031,44.079959869384766,67.98999786376953,55.08305740356445
2006-05-08,91.24893188476562,44.10630416870117,67.55999755859375,55.076114654541016
2006-05-09,91.42815399169922,44.079959869384766,69.68000030517578,55.08305740356445
2006-05-10,91.37989044189453,44.159034729003906,70.37999725341797,55.08305740356445
2006-05-11,90.27684020996094,43.942874908447266,71.02999877929688,55.103782653808594
2006-05-12,89.09796142578125,43.57904815673828,71.12000274658203,55.08305740356445
2006-05-15,89.27722930908203,43.75303649902344,67.41000366210938,55.11074447631836
2006-05-16,89.146240234375,44.079959869384766,68.61000061035156,55.159122467041016
2006-05-17,87.45030212402344,43.80575942993164,68.1500015258789,55.13146209716797
2006-05-18,87.00906372070312,44.40159606933594,67.45999908447266,55.186790466308594
2006-05-19,87.62262725830078,44.517635345458984,65.58000183105469,55.172969818115234
2006-05-22,86.95394897460938,44.61249542236328,65.30000305175781,55.172969818115234
2006-05-23,86.2921142578125,44.58610534667969,66.37999725341797,55.207557678222656
2006-05-24,86.98152923583984,44.60725784301758,64.05999755859375,55.24216079711914
2006-05-25,88.0569839477539,44.4332275390625,64.69999694824219,55.24216079711914
2006-05-26,88.5051040649414,44.40159606933594,65.0999984741211,55.262908935546875
2006-05-30,86.9332275390625,44.3804817199707,65.11000061035156,55.22134780883789
2006-05-31,87.9052963256836,44.116851806640625,64.2300033569336,55.179866790771484
2006-06-01,88.74639129638672,44.31376266479492,62.560001373291016,55.2479133605957
2006-06-02,88.93248748779297,44.88552474975586,63.5,55.33116912841797
2006-06-05,87.63648223876953,44.827301025390625,63.290000915527344,55.28257369995117
2006-06-06,87.42273712158203,45.03901290893555,62.54999923706055,55.28257369995117
2006-06-07,86.767822265625,45.049617767333984,62.279998779296875,55.2479133605957
2006-06-08,86.69196319580078,45.13958740234375,60.90999984741211,55.310367584228516
2006-06-09,86.41618347167969,45.37785339355469,60.45000076293945,55.310367584228516
2006-06-12,85.47860717773438,45.4149169921875,60.029998779296875,55.31730270385742
2006-06-13,84.48587799072266,45.4466667175293,55.91999816894531,55.30345153808594
2006-06-14,85.14080810546875,44.99135208129883,55.619998931884766,55.2479133605957
2006-06-15,86.94700622558594,44.73199462890625,57.31999969482422,55.23400115966797
2006-06-16,86.31348419189453,44.631385803222656,57.68000030517578,55.206260681152344
2006-06-19,85.63485717773438,44.56791305541992,56.36000061035156,55.18547058105469
2006-06-20,85.9256591796875,44.493736267089844,57.29999923706055,55.17848205566406
2006-06-21,86.56271362304688,44.50437545776367,58.33000183105469,55.1923828125
2006-06-22,86.18190002441406,44.250244140625,57.72999954223633,55.16463088989258
2006-06-23,86.16801452636719,44.16029357910156,57.9900016784668,55.15073013305664
2006-06-26,86.54888916015625,44.07558059692383,58.279998779296875,55.15767288208008
2006-06-27,85.80103302001953,44.292606353759766,57.68000030517578,55.1923828125
2006-06-28,86.38272857666016,44.05967330932617,57.540000915527344,55.16463088989258
2006-06-29,88.1276626586914,44.20793151855469,59.52000045776367,55.26177978515625
2006-06-30,88.13459014892578,44.636722564697266,61.22999954223633,55.310367584228516
2006-07-03,88.49468231201172,44.59260177612305,62.18000030517578,55.302024841308594
2006-07-05,87.98916625976562,44.23652267456055,62.5,55.253273010253906
2006-07-06,88.24539947509766,44.50756072998047,63.02000045776367,55.295021057128906
2006-07-07,87.67062377929688,44.79457473754883,62.630001068115234,55.33686065673828
2006-07-10,87.83682250976562,44.837066650390625,62.02000045776367,55.33686065673828
2006-07-11,88.22461700439453,44.980560302734375,63.810001373291016,55.33686065673828
2006-07-12,87.2828598022461,44.991172790527344,64.91999816894531,55.35774612426758
2006-07-13,85.86335754394531,45.1665153503418,65.55000305175781,55.4273567199707
2006-07-14,85.53097534179688,45.193138122558594,65.8499984741211,55.434322357177734
2006-07-17,85.40634155273438,45.2621955871582,63.95000076293945,55.4273567199707
2006-07-18,85.84258270263672,44.8742561340332,62.900001525878906,55.38560485839844
2006-07-19,87.03361511230469,45.299415588378906,64.02999877929688,55.46221160888672
2006-07-20,86.43809509277344,45.43228530883789,62.540000915527344,55.53187561035156
2006-07-21,85.82876586914062,45.347225189208984,61.709999084472656,55.51792526245117
2006-07-24,87.39363861083984,45.320655822753906,61.13999938964844,55.51792526245117
2006-07-25,87.70527648925781,45.187801361083984,61.54999923706055,55.50398635864258
2006-07-26,87.82298278808594,45.352508544921875,62.0,55.57365798950195
2006-07-27,87.73989868164062,45.2834587097168,62.900001525878906,55.601505279541016
2006-07-28,88.61930084228516,45.54384231567383,63.11000061035156,55.67117691040039
2006-07-31,88.52930450439453,45.60232162475586,63.15999984741211,55.67813491821289
2006-08-01,88.09303283691406,45.59806442260742,64.31999969482422,55.71239471435547
2006-08-02,88.68852996826172,45.7687873840332,64.75,55.71239471435547
2006-08-03,88.92396545410156,45.77950668334961,64.12000274658203,55.70537185668945
2006-08-04,88.7716293334961,46.056880950927734,64.27999877929688,55.75430679321289
2006-08-07,88.56388092041016,46.08359909057617,64.5,55.77529525756836
2006-08-08,88.22461700439453,45.98223876953125,63.970001220703125,55.803245544433594
2006-08-09,87.92686462402344,45.83280944824219,64.62999725341797,55.824222564697266
2006-08-10,88.19691467285156,45.763450622558594,63.25,55.81026840209961
2006-08-11,87.94760131835938,45.56606674194336,62.709999084472656,55.76130676269531
2006-08-14,88.01687622070312,45.48603057861328,62.25,55.73335647583008
2006-08-15,89.06938934326172,45.87015914916992,62.0099983215332,55.81026840209961
2006-08-16,89.81031799316406,46.17964172363281,62.4900016784668,55.9011344909668
2006-08-17,90.03878784179688,46.163597106933594,61.029998779296875,55.89411926269531
2006-08-18,90.49585723876953,46.2970085144043,61.040000915527344,55.915103912353516
2006-08-21,90.10808563232422,46.46241760253906,62.439998626708984,55.95000076293945
2006-08-22,90.10113525390625,46.47846603393555,62.04999923706055,55.943023681640625
2006-08-23,89.85186767578125,46.49980163574219,61.83000183105469,55.929073333740234
2006-08-24,89.7756576538086,46.585147857666016,61.75,55.964019775390625
2006-08-25,89.88645935058594,46.65449142456055,61.77000045776367,55.97801971435547
2006-08-28,90.3157730102539,46.69718551635742,61.0,55.99201965332031
2006-08-29,90.41964721679688,46.761207580566406,60.939998626708984,56.01294708251953
2006-08-30,90.47506713867188,46.883941650390625,61.41999816894531,56.047916412353516
2006-08-31,90.46122741699219,46.996002197265625,62.290000915527344,56.0968132019043
2006-09-01,91.00130462646484,47.01205062866211,62.13999938964844,56.16072463989258
2006-09-05,91.17444610595703,46.717437744140625,63.36000061035156,56.097557067871094
2006-09-06,90.3711929321289,46.65310287475586,62.86000061035156,56.097557067871094
2006-09-07,89.95575714111328,46.74419021606445,61.25,56.097557067871094
2006-09-08,90.21192169189453,46.78170394897461,60.63999938964844,56.13261795043945
2006-09-11,90.30194091796875,46.73884201049805,58.5,56.12561798095703
2006-09-12,91.18824768066406,46.974552154541016,58.31999969482422,56.15361785888672
2006-09-13,91.55529022216797,46.99598693847656,58.619998931884766,56.16072463989258
2006-09-14,91.56221008300781,46.88883972167969,57.189998626708984,56.111595153808594
2006-09-15,91.7771224975586,46.85133743286133,57.400001525878906,56.13261795043945
2006-09-18,91.90228271484375,46.776336669921875,58.22999954223633,56.12561798095703
2006-09-19,91.67280578613281,47.30131912231445,56.91999816894531,56.20273971557617
2006-09-20,92.15965270996094,47.37095260620117,57.2599983215332,56.223793029785156
2006-09-21,91.71451568603516,47.804893493652344,57.95000076293945,56.322052001953125
2006-09-22,91.43632507324219,48.04058074951172,58.5,56.35008239746094
2006-09-25,92.13875579833984,48.378047943115234,58.5,56.39923095703125
2006-09-26,92.90379333496094,48.17449188232422,58.7400016784668,56.336090087890625
2006-09-27,93.01509094238281,48.03522491455078,59.810001373291016,56.378143310546875
2006-09-28,92.98031616210938,47.95487976074219,59.790000915527344,56.39923095703125
2006-09-29,92.90379333496094,47.895938873291016,59.470001220703125,56.34311294555664
2006-10-02,92.55604553222656,48.02717971801758,59.150001525878906,56.40924835205078
2006-10-03,92.75077056884766,47.96261215209961,57.11000061035156,56.41628646850586
2006-10-04,93.83574676513672,48.31219482421875,56.369998931884766,56.514930725097656
2006-10-05,94.01657104492188,47.97338104248047,56.91999816894531,56.458580017089844
2006-10-06,93.89837646484375,47.47321701049805,56.9900016784668,56.38813781738281
2006-10-09,93.95399475097656,47.602291107177734,57.20000076293945,56.39518737792969
2006-10-10,94.07918548583984,47.22580337524414,57.0,56.31775665283203
2006-10-11,93.9678955078125,47.08604431152344,56.880001068115234,56.31074905395508
2006-10-12,94.7815933227539,47.112850189208984,57.4900016784668,56.3388557434082
2006-10-13,95.02500915527344,46.8762321472168,58.56999969482422,56.31775665283203
2006-10-16,95.1711196899414,47.08604431152344,59.16999816894531,56.34592056274414
2006-10-17,94.87203979492188,47.12361145019531,58.650001525878906,56.35293197631836
2006-10-18,94.99720764160156,47.22044372558594,58.59000015258789,56.359981536865234
2006-10-19,95.15022277832031,47.13438034057617,59.40999984741211,56.35293197631836
2006-10-20,95.1711196899414,47.08604431152344,58.779998779296875,56.37408447265625
2006-10-23,95.60928344726562,46.89775466918945,57.7599983215332,56.34592056274414
2006-10-24,95.89441680908203,46.89775466918945,58.16999816894531,56.34592056274414
2006-10-25,96.22126007080078,47.26884460449219,58.7599983215332,56.40924835205078
2006-10-26,96.52034759521484,47.57538604736328,59.290000915527344,56.47972869873047
2006-10-27,95.91529846191406,47.7958984375,59.400001525878906,56.53606033325195
2006-10-30,95.84571075439453,47.930381774902344,59.900001525878906,56.500831604003906
2006-10-31,95.8318099975586,48.301448822021484,60.2400016784668,56.578269958496094
2006-11-01,95.1850357055664,48.56869888305664,61.36000061035156,56.6185302734375
2006-11-02,95.12936401367188,48.36891174316406,61.91999816894531,56.604408264160156
2006-11-03,94.96243286132812,47.79661560058594,62.29999923706055,56.498409271240234
2006-11-06,96.03348541259766,47.937015533447266,61.88999938964844,56.49134826660156
2006-11-07,96.40210723876953,48.15838623046875,62.040000915527344,56.562015533447266
2006-11-08,96.61077880859375,48.331172943115234,61.11000061035156,56.59035873413086
2006-11-09,96.10302734375,48.30417251586914,62.95000076293945,56.58324432373047
2006-11-10,96.14482879638672,48.51471710205078,62.4900016784668,56.62560272216797
2006-11-13,96.38127136230469,48.503902435302734,62.189998626708984,56.62560272216797
2006-11-14,97.10456848144531,48.6928825378418,61.630001068115234,56.6326904296875
2006-11-15,97.38274383544922,48.50933074951172,61.84000015258789,56.59735107421875
2006-11-16,97.63314819335938,48.287960052490234,61.310001373291016,56.576175689697266
2006-11-17,97.66097259521484,48.56324005126953,61.779998779296875,56.64678955078125
2006-11-20,97.71660614013672,48.63888931274414,61.77000045776367,56.66096496582031
2006-11-21,97.81398010253906,48.757659912109375,62.27000045776367,56.675071716308594
2006-11-22,98.00870513916016,48.83864212036133,62.5,56.71748733520508
2006-11-24,97.61225891113281,48.92501449584961,63.5,56.724609375
2006-11-27,96.26996612548828,49.103187561035156,63.70000076293945,56.75992202758789
2006-11-28,96.68730163574219,49.205787658691406,63.56999969482422,56.788177490234375
2006-11-29,97.69573211669922,49.09238052368164,63.15999984741211,56.788177490234375
2006-11-30,97.73751068115234,49.416343688964844,64.38999938964844,56.85176467895508
2006-12-01,97.52184295654297,49.54206085205078,64.12000274658203,56.96315002441406
2006-12-04,98.26602172851562,49.628726959228516,64.12000274658203,56.95604705810547
2006-12-05,98.69026184082031,49.39575958251953,63.810001373291016,56.95604705810547
2006-12-06,98.60684967041016,49.2982063293457,62.689998626708984,56.94902420043945
2006-12-07,98.17567443847656,49.26029968261719,62.72999954223633,56.93474578857422
2006-12-08,98.35643768310547,48.902584075927734,62.04999923706055,56.86387252807617
2006-12-11,98.6416015625,49.113929748535156,62.56999969482422,56.870975494384766
2006-12-12,98.56510925292969,49.21692657470703,62.52000045776367,56.94902420043945
2006-12-13,98.66940307617188,48.7779655456543,62.47999954223633,56.870975494384766
2006-12-14,99.53883361816406,48.59913635253906,62.119998931884766,56.84253692626953
2006-12-15,99.54791259765625,48.626216888427734,61.0,56.86387252807617
2006-12-18,99.27507781982422,48.64250946044922,61.040000915527344,56.86387252807617
2006-12-19,99.46397399902344,48.57745361328125,61.79999923706055,56.870975494384766
2006-12-20,99.40804290771484,48.57206726074219,61.619998931884766,56.90640640258789
2006-12-21,99.04431915283203,48.8159294128418,61.380001068115234,56.94902420043945
2006-12-22,98.43584442138672,48.44196319580078,61.650001525878906,56.9419059753418
2006-12-26,99.01637268066406,48.588287353515625,61.97999954223633,56.9419059753418
2006-12-27,99.666748046875,48.23100662231445,62.220001220703125,56.91057205200195
2006-12-28,99.45696258544922,48.12228775024414,62.900001525878906,56.874969482421875
2006-12-29,99.04431915283203,48.08423614501953,63.209999084472656,56.889183044433594
2007-01-03,98.86949157714844,48.426788330078125,62.279998779296875,56.94618606567383
2007-01-04,99.07930755615234,48.72043228149414,61.650001525878906,57.0030632019043
2007-01-05,98.28905487060547,48.508331298828125,60.16999816894531,56.96744918823242
2007-01-08,98.74362182617188,48.59537124633789,60.47999954223633,56.93189239501953
2007-01-09,98.65966033935547,48.59537124633789,60.849998474121094,56.95323181152344
2007-01-10,98.98834991455078,48.377864837646484,60.59000015258789,56.938987731933594
2007-01-11,99.42200469970703,48.09510040283203,60.630001068115234,56.89630889892578
2007-01-12,100.17729949951172,47.872154235839844,62.16999816894531,56.860782623291016
2007-01-16,99.98149871826172,47.97544860839844,61.970001220703125,56.917701721191406
2007-01-17,100.02352142333984,47.82864761352539,62.63999938964844,56.89630889892578
2007-01-18,99.68772888183594,47.97544860839844,62.2599983215332,56.917701721191406
2007-01-19,99.88359832763672,47.8449592590332,63.0,56.91057205200195
2007-01-22,99.57592010498047,47.95915222167969,62.720001220703125,56.93189239501953
2007-01-23,99.86962127685547,47.64375686645508,64.2300033569336,56.90345764160156
2007-01-24,100.67388916015625,47.63833236694336,64.33000183105469,56.93189239501953
2007-01-25,99.4919204711914,47.2957649230957,64.05999755859375,56.889183044433594
2007-01-26,99.40103149414062,47.25771713256836,64.16999816894531,56.89630889892578
2007-01-29,99.3450698852539,47.154380798339844,63.77000045776367,56.90345764160156
2007-01-30,99.86259460449219,47.20878601074219,64.22000122070312,56.917701721191406
2007-01-31,100.53398895263672,47.60575866699219,64.83000183105469,56.981719970703125
2007-02-01,101.13543701171875,47.5483512878418,65.22000122070312,56.97459411621094
2007-02-02,101.27532196044922,47.60845947265625,64.27999877929688,56.9959716796875
2007-02-05,101.30328369140625,47.67397689819336,64.30999755859375,56.98172378540039
2007-02-06,101.33126831054688,47.936031341552734,64.79000091552734,57.045963287353516
2007-02-07,101.55501556396484,48.07798767089844,64.62999725341797,57.0745735168457
2007-02-08,101.42215728759766,48.116172790527344,65.5199966430664,57.09599685668945
2007-02-09,100.6668701171875,47.843231201171875,66.12000274658203,57.03887176513672
2007-02-12,100.32417297363281,47.73401641845703,65.66999816894531,57.03887176513672
2007-02-13,101.17040252685547,47.630271911621094,65.83999633789062,57.031707763671875
2007-02-14,101.83479309082031,48.08346939086914,66.37000274658203,57.160301208496094
2007-02-15,101.96771240234375,48.22540283203125,66.41000366210938,57.188838958740234
2007-02-16,101.91871643066406,48.39461898803711,66.36000061035156,57.203086853027344
2007-02-20,102.13549041748047,48.50382995605469,65.30999755859375,57.195945739746094
2007-02-21,102.09358215332031,48.42191696166992,67.3499984741211,57.2316780090332
2007-02-22,102.01667785644531,48.15986633300781,67.1500015258789,57.195945739746094
2007-02-23,101.61802673339844,48.50382995605469,67.72000122070312,57.2602424621582
2007-02-26,101.52706146240234,48.825950622558594,68.0999984741211,57.30310821533203
2007-02-27,97.56168365478516,49.442893981933594,65.41000366210938,57.43878173828125
2007-02-28,98.561767578125,49.21904754638672,66.4800033569336,57.39591598510742
2007-03-01,98.26803588867188,49.18778991699219,65.81999969482422,57.4754753112793
2007-03-02,96.98120880126953,49.43442916870117,63.709999084472656,57.53993606567383
2007-03-05,96.05804443359375,49.516639709472656,62.93000030517578,57.56145477294922
2007-03-06,97.7015380859375,49.368675231933594,64.1500015258789,57.51129150390625
2007-03-07,97.60368347167969,49.56045913696289,64.30000305175781,57.56859588623047
2007-03-08,98.42889404296875,49.516639709472656,64.4800033569336,57.56859588623047
2007-03-09,98.45686340332031,48.99599838256836,64.25,57.46830749511719
2007-03-12,98.6037368774414,49.18778991699219,64.37000274658203,57.518428802490234
2007-03-13,96.6874771118164,49.4837760925293,63.720001220703125,57.59728240966797
2007-03-14,97.4078140258789,49.25904846191406,63.939998626708984,57.61161804199219
2007-03-15,97.54065704345703,49.253578186035156,63.97999954223633,57.59728240966797
2007-03-16,97.26754760742188,49.24263000488281,64.62000274658203,57.59010314941406
2007-03-19,98.44010162353516,49.13848114013672,64.73999786376953,57.53993606567383
2007-03-20,98.98077392578125,49.16590881347656,65.2699966430664,57.59010314941406
2007-03-21,100.60973358154297,49.18778991699219,65.81999969482422,57.68326187133789
2007-03-22,100.53253173828125,48.7987174987793,65.76000213623047,57.625919342041016
2007-03-23,100.67998504638672,48.66166687011719,65.1500015258789,57.59010314941406
2007-03-26,100.54659271240234,48.7219352722168,65.83999633789062,57.6474494934082
2007-03-27,100.30786895751953,48.63977813720703,65.69999694824219,57.65460205078125
2007-03-28,99.57762908935547,48.5411262512207,66.05000305175781,57.68326187133789
2007-03-29,99.68293762207031,48.475364685058594,65.6500015258789,57.65460205078125
2007-03-30,99.70401000976562,48.382179260253906,65.73999786376953,57.65460205078125
2007-04-02,99.81633758544922,48.46250534057617,65.8499984741211,57.665374755859375
2007-04-03,100.8906021118164,48.401973724365234,65.83000183105469,57.665374755859375
2007-04-04,101.00298309326172,48.45146560668945,66.80999755859375,57.701332092285156
2007-04-05,101.27677917480469,48.26999282836914,66.86000061035156,57.67979431152344
2007-04-09,101.41722869873047,47.95091247558594,66.52999877929688,57.55030059814453
2007-04-10,101.53656005859375,48.093936920166016,67.16000366210938,57.622249603271484
2007-04-11,101.12228393554688,48.060951232910156,67.08000183105469,57.622249603271484
2007-04-12,101.57167053222656,48.07194137573242,66.98999786376953,57.61501693725586
2007-04-13,102.03510284423828,47.92340087890625,67.83999633789062,57.58625411987305
2007-04-16,103.00405883789062,48.18742370605469,68.4000015258789,57.57908630371094
2007-04-17,103.27787780761719,48.456966400146484,68.0,57.672542572021484
2007-04-18,103.40430450439453,48.698978424072266,68.37999725341797,57.75168228149414
2007-04-19,103.37620544433594,48.61655807495117,67.52999877929688,57.75168228149414
2007-04-20,104.35215759277344,48.489994049072266,68.69999694824219,57.73731231689453
2007-04-23,103.95894622802734,48.66603088378906,68.26000213623047,57.78045654296875
2007-04-24,104.00106811523438,48.847557067871094,67.7300033569336,57.830772399902344
2007-04-25,104.95600891113281,48.6770133972168,67.88999938964844,57.80924606323242
2007-04-26,105.07540130615234,48.324954986572266,66.87000274658203,57.76604080200195
2007-04-27,104.9911117553711,48.313961029052734,67.55999755859375,57.787662506103516
2007-04-30,104.12045288085938,48.820045471191406,67.08999633789062,57.830772399902344
2007-05-01,104.38725280761719,48.8553581237793,66.69000244140625,57.806251525878906
2007-05-02,104.99811553955078,48.82777404785156,66.66000366210938,57.835147857666016
2007-05-03,105.56684112548828,48.71735763549805,67.48999786376953,57.79182434082031
2007-05-04,105.96710968017578,48.91609573364258,68.19000244140625,57.82070541381836
2007-05-07,105.98812866210938,49.048622131347656,68.25,57.82070541381836
2007-05-08,105.84769439697266,48.938175201416016,67.87999725341797,57.8495979309082
2007-05-09,106.13565063476562,48.74496078491211,67.44999694824219,57.806251525878906
2007-05-10,105.02619171142578,48.86090087890625,66.0,57.856773376464844
2007-05-11,105.9249496459961,48.689720153808594,66.44999694824219,57.835147857666016
2007-05-14,105.6932601928711,48.562782287597656,66.27999877929688,57.79182434082031
2007-05-15,105.72137451171875,48.54621887207031,66.54000091552734,57.806251525878906
2007-05-16,106.44453430175781,48.51309585571289,65.5999984741211,57.86402130126953
2007-05-17,106.23391723632812,48.31435775756836,65.05999755859375,57.827884674072266
2007-05-18,107.16069030761719,47.99408721923828,65.5199966430664,57.77016830444336
2007-05-21,107.10456085205078,48.137657165527344,65.66999816894531,57.784603118896484
2007-05-22,107.02032470703125,47.88918685913086,65.19999694824219,57.79904556274414
2007-05-23,107.03435516357422,47.75117874145508,65.54000091552734,57.784603118896484
2007-05-24,106.0653305053711,47.795326232910156,64.75,57.806251525878906
2007-05-25,106.50772094726562,47.6849479675293,64.94000244140625,57.842342376708984
2007-05-29,106.89395904541016,47.67941665649414,65.06999969482422,57.784603118896484
2007-05-30,107.76455688476562,47.778804779052734,64.72000122070312,57.827884674072266
2007-05-31,107.65225982666016,47.690425872802734,65.54000091552734,57.79182434082031
2007-06-01,108.18584442138672,47.439918518066406,66.44000244140625,57.7620735168457
2007-06-04,108.19992065429688,47.65608215332031,66.54000091552734,57.78389358520508
2007-06-05,107.77155303955078,47.35676574707031,66.37000274658203,57.733131408691406
2007-06-06,106.6130599975586,47.334598541259766,66.41000366210938,57.80561065673828
2007-06-07,104.68917846679688,46.486602783203125,65.26000213623047,57.740394592285156
2007-06-08,106.05133056640625,46.44776916503906,64.22000122070312,57.7620735168457
2007-06-11,106.23391723632812,46.31476974487305,64.69999694824219,57.769412994384766
2007-06-12,105.07540130615234,45.64406967163086,64.0999984741211,57.71868896484375
2007-06-13,106.64817810058594,46.187255859375,64.52999877929688,57.733131408691406
2007-06-14,107.3292465209961,46.070838928222656,64.5999984741211,57.733131408691406
2007-06-15,107.93992614746094,46.386837005615234,64.8499984741211,57.81283187866211
2007-06-18,107.81302642822266,46.292598724365234,64.94999694824219,57.81283187866211
2007-06-19,108.08099365234375,46.72492980957031,65.4800033569336,57.91429138183594
2007-06-20,106.57894897460938,46.34799575805664,64.70999908447266,57.85627365112305
2007-06-21,107.17127227783203,46.12629699707031,64.55999755859375,57.87798309326172
2007-06-22,106.16289520263672,46.42560577392578,64.77999877929688,57.95771026611328
2007-06-25,105.6551513671875,46.680599212646484,64.43000030517578,58.008399963378906
2007-06-26,104.56920623779297,46.691646575927734,63.619998931884766,57.972206115722656
2007-06-27,106.05712890625,46.73598861694336,63.66999816894531,57.96494674682617
2007-06-28,106.04302215576172,46.72492980957031,64.26000213623047,57.950401306152344
2007-06-29,106.07827758789062,47.20711898803711,64.2699966430664,58.06635284423828
2007-07-02,107.03732299804688,47.45531463623047,65.0199966430664,58.10416030883789
2007-07-03,107.42514038085938,47.16594314575195,64.73999786376953,58.08235549926758
2007-07-05,107.31236267089844,46.63738250732422,64.41999816894531,58.002357482910156
2007-07-06,107.87647247314453,46.4482307434082,64.95999908447266,57.9951286315918
2007-07-09,107.96109771728516,46.61512756347656,65.37999725341797,58.03870391845703
2007-07-10,106.42382049560547,47.40520477294922,65.61000061035156,58.147769927978516
2007-07-11,107.17833709716797,46.915557861328125,65.44000244140625,58.118743896484375
2007-07-12,108.87077331542969,46.75421905517578,66.0199966430664,58.08235549926758
2007-07-13,109.19511413574219,46.88218307495117,66.02999877929688,58.11145782470703
2007-07-16,109.1810302734375,47.33285140991211,65.81999969482422,58.16957092285156
2007-07-17,109.1246109008789,47.23274612426758,65.75,58.13328552246094
2007-07-18,108.92717742919922,47.41080093383789,66.62000274658203,58.220523834228516
2007-07-19,109.3502426147461,47.3996467590332,67.01000213623047,58.21323776245117
2007-07-20,108.2431411743164,47.82807159423828,67.58000183105469,58.307777404785156
2007-07-23,108.5745849609375,47.75019073486328,67.47000122070312,58.26412582397461
2007-07-24,106.69178009033203,47.92820358276367,67.47000122070312,58.322322845458984
2007-07-25,106.91039276123047,48.02281188964844,66.9000015258789,58.365936279296875
2007-07-26,104.37886810302734,48.42341232299805,65.6500015258789,58.504085540771484
2007-07-27,102.32674407958984,48.562503814697266,65.41000366210938,58.56953430175781
2007-07-30,103.92753601074219,48.42341232299805,65.7699966430664,58.49684524536133
2007-07-31,102.75696563720703,48.773902893066406,65.79000091552734,58.59133529663086
2007-08-01,103.2575912475586,48.66838073730469,65.93000030517578,58.534423828125
2007-08-02,104.0826416015625,48.791221618652344,65.88999938964844,58.56364822387695
2007-08-03,101.40302276611328,49.115257263183594,66.69000244140625,58.70957565307617
2007-08-06,103.10247039794922,48.75773239135742,66.5199966430664,58.636573791503906
2007-08-07,104.20256805419922,48.71868133544922,66.4800033569336,58.585533142089844
2007-08-08,105.6551513671875,48.12654495239258,66.7699966430664,58.54171371459961
2007-08-09,102.52421569824219,48.19358444213867,65.45999908447266,58.70957565307617
2007-08-10,102.04472351074219,48.081851959228516,66.56999969482422,58.68769836425781
2007-08-13,102.411376953125,48.22153091430664,66.26000213623047,58.73876953125
2007-08-14,100.84593963623047,48.350006103515625,66.29000091552734,58.81901550292969
2007-08-15,99.45673370361328,48.17682647705078,66.12999725341797,58.89933776855469
2007-08-16,100.20426940917969,48.673954010009766,64.68000030517578,59.016109466552734
2007-08-17,102.04472351074219,48.478458404541016,65.01000213623047,59.067176818847656
2007-08-20,101.99534606933594,48.50639724731445,65.12000274658203,59.14019775390625
2007-08-21,102.19983673095703,48.740997314453125,65.06999969482422,59.220497131347656
2007-08-22,103.4127197265625,48.662784576416016,65.4000015258789,59.14019775390625
2007-08-23,103.32108306884766,48.830352783203125,65.30999755859375,59.10371398925781
2007-08-24,104.5974349975586,49.07054138183594,66.11000061035156,58.99421310424805
2007-08-27,103.6242446899414,49.327484130859375,65.9800033569336,59.07453536987305
2007-08-28,101.3465805053711,49.41131591796875,65.58999633789062,59.22776412963867
2007-08-29,103.33516693115234,49.27725601196289,66.06999969482422,59.154781341552734
2007-08-30,103.06018829345703,49.6068000793457,65.80000305175781,59.205875396728516
2007-08-31,104.07559967041016,49.64585876464844,66.5199966430664,59.205875396728516
2007-09-04,105.12631225585938,49.6694221496582,67.44000244140625,59.20295333862305
2007-09-05,104.21659088134766,50.067630767822266,67.55999755859375,59.35681915283203
2007-09-06,104.45635986328125,49.93864059448242,68.86000061035156,59.28355026245117
2007-09-07,103.00373840332031,50.64530944824219,69.38999938964844,59.48870086669922
2007-09-10,102.80630493164062,51.03788757324219,69.62000274658203,59.51065444946289
2007-09-11,104.00508880615234,50.99864959716797,70.5199966430664,59.42271041870117
2007-09-12,104.27304077148438,50.80799102783203,70.45999908447266,59.473976135253906
2007-09-13,105.00643920898438,50.35367965698242,70.08000183105469,59.386131286621094
2007-09-14,104.99933624267578,50.42655944824219,69.98999786376953,59.37876510620117
2007-09-17,104.43521118164062,50.66777801513672,70.97000122070312,59.371429443359375
2007-09-18,107.50977325439453,50.286354064941406,71.69999694824219,59.45207214355469
2007-09-19,108.14440155029297,49.820838928222656,71.43000030517578,59.45207214355469
2007-09-20,107.38280487060547,48.87865447998047,72.72000122070312,59.32748794555664
2007-09-21,107.6726303100586,49.29368209838867,72.33999633789062,59.40808868408203
2007-09-24,107.47420501708984,49.433860778808594,72.27999877929688,59.473976135253906
2007-09-25,107.2616195678711,49.259986877441406,72.33000183105469,59.5252799987793
2007-09-26,107.82850646972656,49.304874420166016,72.0,59.48870086669922
2007-09-27,108.46614074707031,49.647010803222656,72.69999694824219,59.59856033325195
2007-09-28,108.10481262207031,49.759159088134766,73.51000213623047,59.532676696777344
2007-10-01,109.32344055175781,50.04351806640625,73.9000015258789,59.545127868652344
2007-10-02,109.17467498779297,50.201171875,72.3499984741211,59.581886291503906
2007-10-03,108.95502471923828,50.054771423339844,71.9000015258789,59.57450485229492
2007-10-04,109.12510681152344,50.246219635009766,72.87000274658203,59.60397720336914
2007-10-05,110.42169952392578,49.705692291259766,73.4000015258789,59.53770065307617
2007-10-08,109.8336181640625,49.666255950927734,72.52999877929688,59.59660720825195
2007-10-09,110.86799621582031,49.60435104370117,73.08999633789062,59.464271545410156
2007-10-10,110.68382263183594,49.63246536254883,73.36000061035156,59.47895050048828
2007-10-11,110.15242004394531,49.581817626953125,73.91000366210938,59.49365234375
2007-10-12,110.76171112060547,49.33970642089844,74.58999633789062,59.427467346191406
2007-10-15,109.82649993896484,49.3509521484375,75.13999938964844,59.427467346191406
2007-10-16,108.95502471923828,49.36785888671875,75.12000274658203,59.5009765625
2007-10-17,109.28802490234375,49.90835952758789,74.5,59.64072036743164
2007-10-18,108.89128875732422,50.184261322021484,76.0,59.72166442871094
2007-10-19,106.04305267333984,50.93311309814453,75.69999694824219,59.876014709472656
2007-10-22,106.65943908691406,50.938743591308594,74.5999984741211,59.82457733154297
2007-10-23,107.52383422851562,50.87117004394531,75.2300033569336,59.83186721801758
2007-10-24,107.32543182373047,51.24843215942383,75.5199966430664,59.949623107910156
2007-10-25,107.58047485351562,51.07387161254883,76.02999877929688,59.912818908691406
2007-10-26,108.8416976928711,50.95563507080078,77.69000244140625,59.92015075683594
2007-10-29,109.20301818847656,51.1527214050293,78.12000274658203,59.92015075683594
2007-10-30,108.44490051269531,51.124568939208984,77.3499984741211,59.912818908691406
2007-10-31,109.57141876220703,50.662879943847656,78.62000274658203,59.81719207763672
2007-11-01,107.00662231445312,51.32114791870117,77.93000030517578,60.011314392089844
2007-11-02,107.12709045410156,51.485164642333984,79.83000183105469,60.08511734008789
2007-11-05,106.3122787475586,51.462467193603516,79.75,60.07773971557617
2007-11-06,107.74347686767578,51.21371078491211,81.43000030517578,60.04081344604492
2007-11-07,104.7960433959961,51.30416488647461,82.23999786376953,60.21058654785156
2007-11-08,104.26465606689453,51.21371078491211,82.2300033569336,60.306522369384766
2007-11-09,102.83346557617188,51.64910888671875,82.18000030517578,60.328670501708984
2007-11-12,101.81319427490234,51.83575439453125,78.30000305175781,60.46895217895508
2007-11-13,104.91651916503906,51.64350128173828,79.12000274658203,60.284332275390625
2007-11-14,104.6259994506836,51.700042724609375,80.27999877929688,60.31394577026367
2007-11-15,103.11685943603516,52.18635177612305,77.94999694824219,60.513206481933594
2007-11-16,103.29399871826172,52.25989532470703,77.75,60.513206481933594
2007-11-19,101.85566711425781,52.59919357299805,77.23999786376953,60.712440490722656
2007-11-20,102.47921752929688,52.54264450073242,79.47000122070312,60.690311431884766
2007-11-21,100.38201141357422,52.84803771972656,79.36000061035156,60.8821907043457
2007-11-23,102.1178970336914,53.00640106201172,81.25,60.815792083740234
2007-11-26,99.86481475830078,54.05263900756836,81.30000305175781,60.98551559448242
2007-11-27,101.01263427734375,53.53797912597656,80.0999984741211,60.80104446411133
2007-11-28,104.2434310913086,53.17605972290039,79.56999969482422,60.749324798583984
2007-11-29,104.27883911132812,53.63412094116211,78.27999877929688,60.8600959777832
2007-11-30,105.32740783691406,53.37398910522461,77.31999969482422,60.88960266113281
2007-12-03,104.63310241699219,53.797508239746094,78.27999877929688,61.02739715576172
2007-12-04,103.69786834716797,53.79186248779297,79.4000015258789,61.01994705200195
2007-12-05,105.43373107910156,53.150306701660156,78.62999725341797,61.042205810546875
2007-12-06,106.94287109375,52.684654235839844,79.37000274658203,60.91624450683594
2007-12-07,106.92156219482422,52.09416198730469,78.5999984741211,60.849578857421875
2007-12-10,107.75057220458984,51.78189468383789,80.0,60.80514907836914
2007-12-11,104.7960433959961,52.79823684692383,78.83999633789062,61.02739715576172
2007-12-12,105.83049774169922,52.253170013427734,80.48999786376953,60.871826171875
2007-12-13,105.61083984375,51.68535232543945,78.5,60.78294372558594
2007-12-14,104.27174377441406,51.44694137573242,78.5199966430664,60.63483810424805
2007-12-17,102.78392791748047,51.906829833984375,78.12999725341797,60.81257247924805
2007-12-18,103.35779571533203,52.2418098449707,79.25,60.77555465698242
2007-12-19,103.35779571533203,52.93450927734375,79.23999786376953,60.93103790283203
2007-12-20,104.00962829589844,52.82096481323242,78.66999816894531,60.97551345825195
2007-12-21,105.50894927978516,52.04875946044922,80.0999984741211,60.87921905517578
2007-12-24,106.29242706298828,51.80458450317383,80.13999938964844,60.827362060546875
2007-12-26,106.52039337158203,51.35038757324219,81.5199966430664,60.76816940307617
2007-12-27,105.1812973022461,51.91020202636719,81.55999755859375,60.90117645263672
2007-12-28,104.91773986816406,52.71967315673828,83.0,60.97549057006836
2007-12-31,104.14137268066406,53.03894805908203,82.45999908447266,61.07208251953125
2008-01-02,103.22966003417969,53.80281066894531,84.86000061035156,61.18351364135742
2008-01-03,103.17982482910156,53.728694915771484,85.56999969482422,61.280147552490234
2008-01-04,100.65129089355469,53.74009704589844,85.12999725341797,61.36931610107422
2008-01-07,100.56576538085938,53.97384262084961,84.7699966430664,61.33216094970703
2008-01-08,98.94181060791016,53.9111213684082,86.77999877929688,61.421295166015625
2008-01-09,99.981689453125,54.01371765136719,86.55000305175781,61.39156723022461
2008-01-10,100.63699340820312,53.284080505371094,88.25,61.39156723022461
2008-01-11,99.82502746582031,53.7001838684082,88.58000183105469,61.56251525878906
2008-01-14,100.6299057006836,53.89976501464844,89.54000091552734,61.58477783203125
2008-01-15,98.4146728515625,54.50402069091797,87.98999786376953,61.636756896972656
2008-01-16,97.56709289550781,54.11065673828125,86.69999694824219,61.68877410888672
2008-01-17,95.03852081298828,54.81183624267578,86.5,61.79278564453125
2008-01-18,94.06273651123047,54.43559265136719,87.41999816894531,61.844825744628906
2008-01-22,93.10828399658203,55.01706314086914,88.16999816894531,62.10493087768555
2008-01-23,95.34479522705078,54.89162826538086,87.88999938964844,62.0752067565918
2008-01-24,96.14969635009766,53.79141616821289,90.08000183105469,61.881996154785156
2008-01-25,94.76077270507812,54.69786071777344,90.30000305175781,62.04541015625
2008-01-28,96.32777404785156,54.49258804321289,91.75,62.0157356262207
2008-01-29,96.80498504638672,54.1220817565918,91.1500015258789,61.978614807128906
2008-01-30,96.09269714355469,53.76858901977539,92.05999755859375,62.02316665649414
2008-01-31,97.84487915039062,54.150535583496094,91.4000015258789,62.082645416259766
2008-02-01,99.41900634765625,54.47608947753906,89.3499984741211,62.150482177734375
2008-02-04,98.16542053222656,53.91543197631836,89.0999984741211,62.15788650512695
2008-02-05,95.53714752197266,54.32729721069336,87.68000030517578,62.299434661865234
2008-02-06,94.76787567138672,54.16142272949219,88.94999694824219,62.321754455566406
2008-02-07,95.3946533203125,52.99445724487305,89.8499984741211,62.239803314208984
2008-02-08,94.78211975097656,53.60078430175781,91.0,62.3515625
2008-02-11,95.2664566040039,53.82389450073242,91.33000183105469,62.373924255371094
2008-02-12,96.14969635009766,53.503578186035156,89.33000183105469,62.39628219604492
2008-02-13,97.13265991210938,52.937225341796875,89.44000244140625,62.418609619140625
2008-02-14,96.27788543701172,52.15925216674805,89.70999908447266,62.373924255371094
2008-02-15,96.25650024414062,52.559696197509766,89.1500015258789,62.30685806274414
2008-02-19,96.52718353271484,52.02767562866211,91.58000183105469,62.2622184753418
2008-02-20,96.81211853027344,52.38805389404297,93.23999786376953,62.18762969970703
2008-02-21,96.00719451904297,52.94294357299805,93.25,62.359004974365234
2008-02-22,96.59840393066406,52.63975524902344,93.38999938964844,62.29201126098633
2008-02-25,97.8164291381836,52.10205841064453,92.73999786376953,62.195133209228516
2008-02-26,98.550048828125,52.11922836303711,93.70999908447266,62.28456497192383
2008-02-27,98.4503173828125,52.165008544921875,94.77999877929688,62.359004974365234
2008-02-28,97.48873901367188,53.09169387817383,95.98999786376953,62.50799560546875
2008-02-29,95.31636810302734,53.90397644042969,96.18000030517578,62.72412872314453
2008-03-03,95.0884017944336,53.76506805419922,97.23999786376953,62.72636413574219
2008-03-04,94.72515869140625,53.24256134033203,95.18000030517578,62.71140670776367
2008-03-05,95.32347869873047,52.60525131225586,97.72000122070312,62.674049377441406
2008-03-06,93.35044860839844,52.88656234741211,96.5,62.8607292175293
2008-03-07,92.38890838623047,52.95549011230469,96.08999633789062,62.830841064453125
2008-03-10,91.1708984375,53.73636245727539,95.87000274658203,62.898014068603516
2008-03-11,94.44737243652344,53.2769775390625,95.98999786376953,62.584529876708984
2008-03-12,93.56412506103516,54.30477523803711,97.01000213623047,62.78602600097656
2008-03-13,93.77066040039062,53.879878997802734,98.33999633789062,62.756195068359375
2008-03-14,92.31766510009766,54.54585647583008,98.70999908447266,62.94276809692383
2008-03-17,91.38455963134766,54.96506118774414,99.16999816894531,63.084571838378906
2008-03-18,95.18099975585938,54.75265121459961,96.5,62.8607292175293
2008-03-19,92.8233871459961,55.659793853759766,93.04000091552734,62.92790985107422
2008-03-20,94.54271697998047,55.79762268066406,89.91000366210938,62.85320281982422
2008-03-24,96.43242645263672,54.718196868896484,90.0999984741211,62.59192657470703
2008-03-25,96.5254898071289,54.947811126708984,92.7300033569336,62.63674545288086
2008-03-26,95.34443664550781,54.718196868896484,93.80000305175781,62.77113723754883
2008-03-27,95.04376220703125,54.33350372314453,93.45999908447266,62.83831787109375
2008-03-28,94.13469696044922,54.86168670654297,91.87999725341797,62.868186950683594
2008-03-31,94.46398162841797,55.05693435668945,90.41000366210938,62.883079528808594
2008-04-01,97.7852783203125,54.16088104248047,86.86000061035156,62.655670166015625
2008-04-02,97.84970092773438,54.27619934082031,89.2699966430664,62.60328674316406
2008-04-03,98.09304809570312,54.397308349609375,89.41999816894531,62.55842208862305
2008-04-04,97.98571014404297,54.8931770324707,90.25,62.670658111572266
2008-04-07,98.03581237792969,54.60485076904297,91.16999816894531,62.551029205322266
2008-04-08,97.9356460571289,54.41460037231445,90.3499984741211,62.58835220336914
2008-04-09,97.22697448730469,54.97969055175781,92.29000091552734,62.7079963684082
2008-04-10,97.36296844482422,54.79513168334961,91.7699966430664,62.68560791015625
2008-04-11,95.47325134277344,55.16416931152344,91.30000305175781,62.79031753540039
2008-04-14,95.1511459350586,54.84123611450195,91.11000061035156,62.752933502197266
2008-04-15,95.37306213378906,54.16088104248047,91.66000366210938,62.670658111572266
2008-04-16,97.95703887939453,53.630401611328125,93.2699966430664,62.53599548339844
2008-04-17,98.10022735595703,53.53813552856445,92.55999755859375,62.423763275146484
2008-04-18,99.12379455566406,53.492000579833984,90.62000274658203,62.38640213012695
2008-04-21,99.17390441894531,53.70534896850586,90.25,62.32655334472656
2008-04-22,98.73731231689453,53.88983917236328,90.2699966430664,62.348968505859375
2008-04-23,98.5798110961914,53.711116790771484,89.22000122070312,62.348968505859375
2008-04-24,99.00931549072266,53.25559616088867,87.22000122070312,62.176883697509766
2008-04-25,99.92554473876953,52.9442253112793,87.2699966430664,62.18437576293945
2008-04-28,99.947021484375,53.105716705322266,87.69000244140625,62.25178146362305
2008-04-29,99.55330657958984,53.30747604370117,85.80999755859375,62.236751556396484
2008-04-30,98.96635437011719,53.68803405761719,86.6500015258789,62.35649490356445
2008-05-01,101.0135269165039,53.69152069091797,83.98999786376953,62.24559020996094
2008-05-02,101.29273986816406,53.01443862915039,84.58000183105469,62.16307067871094
2008-05-05,100.80595397949219,53.01443862915039,86.2699966430664,62.230560302734375
2008-05-06,101.67922973632812,52.632484436035156,86.62999725341797,62.26802062988281
2008-05-07,99.86830139160156,52.85820770263672,85.81999969482422,62.34297561645508
2008-05-08,99.610595703125,53.33271789550781,87.23999786376953,62.39541244506836
2008-05-09,99.42447662353516,53.529483795166016,87.41999816894531,62.41791915893555
2008-05-12,100.54109954833984,53.44846725463867,86.98999786376953,62.29802703857422
2008-05-13,100.55543518066406,52.86397933959961,85.38999938964844,62.1931037902832
2008-05-14,100.76300048828125,52.88713455200195,85.19999694824219,62.14810562133789
2008-05-15,102.0228271484375,53.36745834350586,87.0,62.200565338134766
2008-05-16,102.11588287353516,53.14753341674805,89.0999984741211,62.215545654296875
2008-05-19,102.39508056640625,53.21699142456055,89.38999938964844,62.282989501953125
2008-05-20,101.56470489501953,53.49477005004883,90.9000015258789,62.37290573120117
2008-05-21,99.8468246459961,53.506378173828125,91.95999908447266,62.30548095703125
2008-05-22,99.86109161376953,52.87554931640625,90.9800033569336,62.13309860229492
2008-05-23,98.52259826660156,53.107051849365234,91.2300033569336,62.25305938720703
2008-05-27,99.252685546875,52.74824905395508,89.36000061035156,62.185585021972656
2008-05-28,99.71080017089844,52.279537200927734,89.13999938964844,62.07310485839844
2008-05-29,100.21188354492188,51.903350830078125,86.51000213623047,62.05067443847656
2008-05-30,100.46239471435547,52.244808197021484,87.44999694824219,62.140586853027344
2008-06-02,99.42447662353516,52.44630432128906,87.95999908447266,62.263126373291016
2008-06-03,98.84465789794922,52.823875427246094,86.87999725341797,62.35329818725586
2008-06-04,98.79457092285156,52.3534049987793,86.6500015258789,62.330718994140625
2008-06-05,100.77015686035156,52.039791107177734,86.44999694824219,62.24809646606445
2008-06-06,97.55622863769531,52.71349334716797,89.05999755859375,62.330718994140625
2008-06-09,97.79244232177734,52.71349334716797,87.98999786376953,62.01511764526367
2008-06-10,97.30567169189453,52.37082290649414,85.55000305175781,61.87234878540039
2008-06-11,95.87410736083984,52.24885940551758,87.0199966430664,61.97755432128906
2008-06-12,96.23914337158203,51.72612380981445,85.5999984741211,61.676944732666016
2008-06-13,97.45604705810547,51.61579513549805,85.83000183105469,61.74458312988281
2008-06-16,97.5132827758789,51.62743377685547,87.01000213623047,61.78213882446289
2008-06-17,97.04085540771484,51.7319221496582,87.25,61.902347564697266
2008-06-18,96.09600067138672,52.16756057739258,88.27999877929688,61.96253967285156
2008-06-19,96.2176742553711,51.859710693359375,88.41999816894531,61.8422966003418
2008-06-20,94.6559066772461,52.161746978759766,88.94999694824219,61.95497512817383
2008-06-23,94.5623779296875,52.2720832824707,87.08999633789062,61.887393951416016
2008-06-24,94.37533569335938,52.620567321777344,87.47000122070312,62.00006103515625
2008-06-25,94.8213882446289,52.643821716308594,87.41999816894531,62.04514694213867
2008-06-26,92.2459945678711,52.9980583190918,90.61000061035156,62.22551345825195
2008-06-27,91.74241638183594,53.619510650634766,91.47000122070312,62.25554656982422
2008-06-30,92.06614685058594,53.631160736083984,91.4000015258789,62.293148040771484
2008-07-01,92.35388946533203,53.50408172607422,92.66000366210938,62.27738952636719
2008-07-02,90.77127838134766,53.783851623535156,93.16999816894531,62.28483200073242
2008-07-03,90.86479949951172,53.667293548583984,92.05999755859375,62.390342712402344
2008-07-07,89.93679809570312,53.91210174560547,91.2300033569336,62.428035736083984
2008-07-08,91.53382110595703,54.2618408203125,90.86000061035156,62.435546875
2008-07-09,89.77133178710938,54.50083923339844,91.5,62.54102325439453
2008-07-10,90.13821411132812,54.49500274658203,93.52999877929688,62.46571731567383
2008-07-11,89.08789825439453,53.71977996826172,95.16000366210938,62.337669372558594
2008-07-14,88.28221893310547,54.191932678222656,95.91000366210938,62.48079299926758
2008-07-15,87.03767395019531,54.174434661865234,96.16999816894531,62.571224212646484
2008-07-16,89.17424011230469,53.195167541503906,94.44000244140625,62.510902404785156
2008-07-17,90.06626892089844,52.92116928100586,94.22000122070312,62.42051696777344
2008-07-18,90.62739562988281,52.72300720214844,94.16999816894531,62.307491302490234
2008-07-21,90.67774200439453,52.927032470703125,95.12000274658203,62.337669372558594
2008-07-22,91.70647430419922,52.66474533081055,93.05999755859375,62.28483200073242
2008-07-23,92.20284271240234,52.559791564941406,90.56999969482422,62.254764556884766
2008-07-24,90.2892837524414,53.072776794433594,91.33000183105469,62.428035736083984
2008-07-25,90.2677001953125,52.542335510253906,91.69000244140625,62.34515380859375
2008-07-28,88.94402313232422,53.072776794433594,91.7300033569336,62.47320556640625
2008-07-29,90.84317779541016,52.85707092285156,90.58999633789062,62.42051696777344
2008-07-30,92.4618148803711,52.90953063964844,89.5199966430664,62.435546875
2008-07-31,91.23886108398438,53.434173583984375,90.08000183105469,62.56367111206055
2008-08-01,90.75686645507812,53.552310943603516,89.56999969482422,62.57576370239258
2008-08-04,89.91519927978516,53.42942428588867,88.13999938964844,62.56824493408203
2008-08-05,92.33954620361328,53.03166961669922,86.08000183105469,62.53799819946289
2008-08-06,92.74956512451172,52.815181732177734,86.63999938964844,62.54554748535156
2008-08-07,91.36833190917969,53.67515563964844,86.08999633789062,62.681617736816406
2008-08-08,93.06610107421875,53.821407318115234,84.43000030517578,62.62873077392578
2008-08-11,94.0300521850586,53.30659866333008,81.12999725341797,62.54554748535156
2008-08-12,93.05171203613281,53.803855895996094,80.5199966430664,62.65894317626953
2008-08-13,92.49055480957031,53.61661148071289,81.55999755859375,62.6513557434082
2008-08-14,93.18838500976562,53.96182632446289,79.3499984741211,62.67402267456055
2008-08-15,93.6416015625,54.42985153198242,77.62999725341797,62.71945571899414
2008-08-18,92.36107635498047,54.64632797241211,78.80000305175781,62.7723388671875
2008-08-19,91.35396575927734,54.435699462890625,80.43000030517578,62.81767654418945
2008-08-20,91.77838897705078,54.587806701660156,80.05999755859375,62.90086364746094
2008-08-21,91.93661499023438,54.48833084106445,82.30000305175781,62.84788131713867
2008-08-22,93.26751708984375,54.45322036743164,81.08000183105469,62.73452377319336
2008-08-25,91.37555694580078,54.99729537963867,80.93000030517578,62.84037780761719
2008-08-26,91.64171600341797,55.04412078857422,81.2300033569336,62.81767654418945
2008-08-27,92.53374481201172,55.13768768310547,81.36000061035156,62.85546875
2008-08-28,93.65599060058594,55.143524169921875,82.18000030517578,62.82521057128906
2008-08-29,92.64886474609375,54.897857666015625,81.70999908447266,62.85546875
2008-09-02,92.07337188720703,55.40866470336914,79.19999694824219,62.9350700378418
2008-09-03,91.99422454833984,55.64352035522461,78.88999938964844,62.95783615112305
2008-09-04,89.224609375,56.0897331237793,78.38999938964844,62.995723724365234
2008-09-05,89.50515747070312,56.060401916503906,78.9800033569336,62.97296142578125
2008-09-08,91.35396575927734,56.29525375366211,78.86000061035156,62.94267654418945
2008-09-09,88.64189910888672,56.853050231933594,76.48999786376953,63.04121398925781
2008-09-10,89.0015869140625,56.5007438659668,74.22000122070312,63.05632400512695
2008-09-11,90.2892837524414,56.47140121459961,73.08000183105469,63.033626556396484
2008-09-12,90.70652770996094,55.743350982666016,75.55000305175781,63.04121398925781
2008-09-15,86.39024353027344,57.55169677734375,77.55999755859375,63.48851013183594
2008-09-16,87.83621978759766,57.54001235961914,76.79000091552734,63.37477493286133
2008-09-17,83.88681030273438,57.827720642089844,85.45999908447266,63.67793273925781
2008-09-18,86.3758544921875,56.982208251953125,82.80000305175781,63.47328567504883
2008-09-19,89.80616760253906,55.173828125,85.9800033569336,63.11698913574219
2008-09-22,87.77300262451172,55.16793441772461,89.18000030517578,63.1624870300293
2008-09-23,85.77603912353516,54.95661163330078,88.31999969482422,63.207969665527344
2008-09-24,86.05099487304688,55.197288513183594,86.70999908447266,63.344451904296875
2008-09-25,87.39676666259766,55.08576583862305,86.44999694824219,63.23073959350586
2008-09-26,87.44017791748047,55.4849967956543,86.63999938964844,63.23073959350586
2008-09-29,80.5882339477539,57.09968566894531,89.56999969482422,63.5945930480957
2008-09-30,83.92379760742188,55.708091735839844,85.06999969482422,63.344451904296875
2008-10-01,83.97442626953125,56.40895462036133,85.97000122070312,63.54216766357422
2008-10-02,80.92829132080078,56.86241912841797,82.33000183105469,63.67909240722656
2008-10-03,79.83574676513672,57.36302947998047,82.58999633789062,63.854042053222656
2008-10-06,75.76943969726562,58.40542984008789,84.27999877929688,63.98329162597656
2008-10-07,72.37605285644531,58.22880172729492,87.2699966430664,63.99853515625
2008-10-08,70.55270385742188,57.39249038696289,89.41999816894531,63.72476577758789
2008-10-09,65.62538146972656,56.9095573425293,89.9000015258789,63.762733459472656
2008-10-10,64.0335922241211,56.50907897949219,83.22000122070312,63.86161804199219
2008-10-13,73.33110046386719,55.78466033935547,81.98999786376953,63.5802116394043
2008-10-14,72.24578094482422,55.42539978027344,82.19999694824219,63.59544372558594
2008-10-15,65.13336181640625,55.955413818359375,83.30999755859375,63.80840301513672
2008-10-16,67.8466567993164,55.66686248779297,79.29000091552734,63.770389556884766
2008-10-17,67.44145965576172,55.284053802490234,77.20999908447266,63.81602478027344
2008-10-20,71.49329376220703,55.72578048706055,78.5,63.770389556884766
2008-10-21,69.35882568359375,56.020259857177734,76.02999877929688,63.89967346191406
2008-10-22,65.58194732666016,57.15690612792969,71.70999908447266,63.99101257324219
2008-10-23,66.34166717529297,57.5809211730957,70.6500015258789,63.95294189453125
2008-10-24,62.9771842956543,56.96845626831055,72.20999908447266,64.00619506835938
2008-10-27,60.741455078125,57.00967025756836,72.18000030517578,63.84640121459961
2008-10-28,67.83940124511719,56.179264068603516,73.79000091552734,63.92251205444336
2008-10-29,67.34741973876953,55.89655685424805,74.0,63.960506439208984
2008-10-30,69.67723083496094,55.390106201171875,72.70999908447266,64.01375579833984
2008-10-31,70.0606918334961,54.671566009521484,71.33999633789062,64.044189453125
2008-11-03,70.26326751708984,54.81938934326172,71.0999984741211,64.16407012939453
2008-11-04,72.65097045898438,55.84823226928711,75.4800033569336,64.14114379882812
2008-11-05,69.59760284423828,56.51047134399414,72.80000305175781,64.25567626953125
2008-11-06,65.74112701416016,56.10249710083008,72.22000122070312,64.27861022949219
2008-11-07,67.91175842285156,55.73588943481445,72.5,64.16407012939453
2008-11-10,67.02179718017578,56.007904052734375,73.58000183105469,64.36261749267578
2008-11-11,64.9524917602539,56.17347717285156,72.05000305175781,64.40837097167969
2008-11-12,62.09447479248047,56.534175872802734,70.0,64.50764465332031
2008-11-13,65.9654312133789,55.1800651550293,72.1500015258789,64.34735107421875
2008-11-14,62.673336029052734,56.27399444580078,73.30000305175781,64.33206176757812
2008-11-17,61.84123992919922,56.52228927612305,72.6500015258789,64.44656372070312
2008-11-18,63.00613784790039,57.2496452331543,72.51000213623047,64.51532745361328
2008-11-19,58.96876525878906,58.71603775024414,72.26000213623047,64.60694885253906
2008-11-20,54.59135055541992,61.74943542480469,73.44999694824219,64.72913360595703
2008-11-21,57.536128997802734,60.85657501220703,78.8499984741211,64.62226104736328
2008-11-24,61.522865295410156,59.90454864501953,80.91000366210938,64.46189880371094
2008-11-25,61.978702545166016,61.66659164428711,80.87000274658203,64.51532745361328
2008-11-26,64.37364959716797,61.74943542480469,80.37999725341797,64.7138671875
2008-11-28,65.18401336669922,62.51219940185547,80.30999755859375,64.75200653076172
2008-12-01,59.41011428833008,64.90608215332031,75.6500015258789,64.85851287841797
2008-12-02,61.69650650024414,65.15534973144531,76.94999694824219,64.8508529663086
2008-12-03,63.179771423339844,65.33922576904297,76.18000030517578,64.90452575683594
2008-12-04,61.71824645996094,66.62667846679688,75.5,64.91976165771484
2008-12-05,63.62112808227539,65.54683685302734,74.5199966430664,64.84322357177734
2008-12-08,65.84239959716797,65.40449523925781,76.19999694824219,64.75131225585938
2008-12-09,64.75713348388672,66.69790649414062,76.33000183105469,64.95046997070312
2008-12-10,65.19847106933594,66.5377197265625,79.75,64.8662338256836
2008-12-11,63.628387451171875,66.66818237304688,80.6500015258789,65.0193862915039
2008-12-12,64.38809967041016,66.66818237304688,80.80999755859375,65.05004119873047
2008-12-15,63.49095916748047,67.42762756347656,82.5999984741211,65.09600830078125
2008-12-16,66.47915649414062,69.09475708007812,84.45999908447266,65.12666320800781
2008-12-17,65.83518981933594,70.96963500976562,85.43000030517578,64.98875427246094
2008-12-18,64.60516357421875,72.45873260498047,83.87000274658203,65.0193862915039
2008-12-19,64.3272705078125,72.53587341308594,82.62999725341797,64.95811462402344
2008-12-22,63.503013610839844,71.97815704345703,83.45999908447266,64.8355712890625
2008-12-23,62.84657287597656,71.88323974609375,82.62999725341797,64.8508529663086
2008-12-24,63.211246490478516,71.72897338867188,83.45999908447266,64.8662338256836
2008-12-26,63.57597732543945,71.9662857055664,85.5999984741211,64.94282531738281
2008-12-29,63.39362335205078,71.87995910644531,86.3499984741211,65.08589172363281
2008-12-30,64.89622497558594,72.5645751953125,85.9000015258789,65.14733123779297
2008-12-31,65.82254791259766,71.04657745361328,86.5199966430664,65.11661529541016
2009-01-02,67.80657958984375,69.26074981689453,86.2300033569336,64.77052307128906
2009-01-05,67.72632598876953,67.47493743896484,84.4800033569336,64.90126037597656
2009-01-06,68.17854309082031,66.7962875366211,85.12999725341797,64.93202209472656
2009-01-07,66.13621520996094,67.05819702148438,82.75,64.88589477539062
2009-01-08,66.40608978271484,67.00464630126953,84.45999908447266,64.90126037597656
2009-01-09,64.98372650146484,67.1058578491211,83.91999816894531,64.9474105834961
2009-01-12,63.422786712646484,67.80229949951172,80.76000213623047,64.96281433105469
2009-01-13,63.53946304321289,67.87376403808594,80.87999725341797,64.97049713134766
2009-01-14,61.540897369384766,68.99287414550781,79.79000091552734,65.04736328125
2009-01-15,61.56278610229492,69.10594940185547,80.38999938964844,64.97819519042969
2009-01-16,62.04419708251953,68.04039764404297,82.70999908447266,65.00898742675781
2009-01-20,58.76911163330078,68.02851104736328,84.5199966430664,65.03974914550781
2009-01-21,61.30747985839844,65.87957000732422,84.1500015258789,64.93970489501953
2009-01-22,60.359230041503906,64.61161041259766,84.58000183105469,64.97049713134766
2009-01-23,60.621822357177734,64.10565185546875,88.52999877929688,64.95511627197266
2009-01-26,61.037567138671875,63.546058654785156,88.94999694824219,64.87047576904297
2009-01-27,61.65758514404297,65.04024505615234,88.37999725341797,64.93970489501953
2009-01-28,63.74370574951172,63.415122985839844,87.41999816894531,64.91664123535156
2009-01-29,61.67219543457031,61.9566650390625,89.5,64.79359436035156
2009-01-30,60.41758728027344,61.760231018066406,91.30999755859375,64.83204650878906
2009-02-02,60.2352180480957,62.9092903137207,88.83999633789062,64.89215850830078
2009-02-03,61.081356048583984,61.41105270385742,88.47000122070312,64.8227767944336
2009-02-04,60.78227996826172,61.19615936279297,89.18000030517578,64.71491241455078
2009-02-05,61.686771392822266,61.2498779296875,90.12000274658203,64.73037719726562
2009-02-06,63.44465637207031,61.05885314941406,89.58999633789062,64.69181060791016
2009-02-09,63.53217697143555,61.25583267211914,88.31999969482422,64.6687240600586
2009-02-10,60.621822357177734,62.58695602416992,90.20999908447266,64.81507873535156
2009-02-11,60.97924041748047,63.39875030517578,92.29000091552734,64.79969787597656
2009-02-12,61.02299118041992,62.8018684387207,93.16999816894531,64.876708984375
2009-02-13,60.36654281616211,61.130523681640625,92.55000305175781,64.75347137451172
2009-02-17,57.78437805175781,63.034671783447266,95.44999694824219,64.92292022705078
2009-02-18,57.64578628540039,62.49742126464844,96.91000366210938,64.81507873535156
2009-02-19,57.025794982910156,61.43492126464844,95.7699966430664,64.79199981689453
2009-02-20,56.47145462036133,62.031822204589844,97.80000305175781,64.84591674804688
2009-02-23,54.450958251953125,62.60483169555664,97.7300033569336,64.83822631835938
2009-02-24,56.51520538330078,62.53923797607422,94.7300033569336,64.79199981689453
2009-02-25,56.07024383544922,61.816932678222656,93.1500015258789,64.6687240600586
2009-02-26,55.15848159790039,61.16631317138672,93.05999755859375,64.6994857788086
2009-02-27,53.925777435302734,60.8140983581543,92.62999725341797,64.73802947998047
2009-03-02,51.496822357177734,61.82090377807617,90.93000030517578,64.88394165039062
2009-03-03,51.110225677490234,61.40789031982422,90.04000091552734,64.82990264892578
2009-03-04,52.32106399536133,61.126583099365234,88.98999786376953,64.76044464111328
2009-03-05,50.183860778808594,62.826515197753906,91.98999786376953,64.83756256103516
2009-03-06,50.271400451660156,62.407501220703125,92.29000091552734,64.79129028320312
2009-03-09,49.680572509765625,62.042423248291016,90.56999969482422,64.72955322265625
2009-03-10,52.641990661621094,60.85124206542969,88.13999938964844,64.6910171508789
2009-03-11,52.9848518371582,61.509647369384766,89.22000122070312,64.72187042236328
2009-03-12,55.07097244262695,61.802940368652344,91.0999984741211,64.7449722290039
2009-03-13,55.501319885253906,61.49172592163086,91.30000305175781,64.7989730834961
2009-03-16,55.33356857299805,60.52202224731445,90.80000305175781,64.71418762207031
2009-03-17,57.025794982910156,60.192848205566406,90.04000091552734,64.69869232177734
2009-03-18,58.3022346496582,62.473350524902344,93.08999633789062,64.94562530517578
2009-03-19,57.58015441894531,62.55118179321289,94.3499984741211,64.8684310913086
2009-03-20,56.35403823852539,62.204002380371094,93.58999633789062,64.94562530517578
2009-03-23,60.40187072753906,61.665260314941406,92.08000183105469,64.89160919189453
2009-03-24,59.2117919921875,62.251922607421875,90.94999694824219,64.80670928955078
2009-03-25,59.83622360229492,61.41388702392578,91.9800033569336,64.79129028320312
2009-03-26,61.05572509765625,62.126190185546875,91.93000030517578,64.87618255615234
2009-03-27,59.95379638671875,62.58708572387695,90.69000244140625,64.90705871582031
2009-03-30,57.8820915222168,62.826515197753906,89.9800033569336,64.96875
2009-03-31,58.418373107910156,63.27546310424805,90.27999877929688,65.06137084960938
2009-04-01,59.549720764160156,63.85301208496094,91.02999877929688,65.04668426513672
2009-04-02,61.29081344604492,63.07252883911133,88.80000305175781,64.93846130371094
2009-04-03,61.900569915771484,61.78192901611328,87.58999633789062,64.7916259765625
2009-04-06,61.41570281982422,61.517826080322266,85.2699966430664,64.83795928955078
2009-04-07,59.98314666748047,61.67384719848633,86.73999786376953,64.86117553710938
2009-04-08,60.629634857177734,62.220157623291016,86.61000061035156,64.86117553710938
2009-04-09,63.03926086425781,61.43975830078125,86.30999755859375,64.78392791748047
2009-04-13,63.05391311645508,62.00407791137695,87.87999725341797,64.90752410888672
2009-04-14,61.96666717529297,62.32823181152344,87.37000274658203,64.96166229248047
2009-04-15,62.62786102294922,62.220157623291016,87.5,64.99258422851562
2009-04-16,63.546142578125,61.7278938293457,85.80999755859375,64.8998031616211
2009-04-17,63.972232818603516,61.04963302612305,85.22000122070312,64.83028411865234
2009-04-20,61.29081344604492,61.97402572631836,86.94999694824219,64.89205932617188
2009-04-21,62.488277435302734,61.36172103881836,86.88999938964844,64.8998031616211
2009-04-22,62.10623550415039,60.98951721191406,87.37999725341797,64.8998031616211
2009-04-23,62.71598434448242,60.98356246948242,88.80000305175781,64.85346984863281
2009-04-24,63.663673400878906,60.37126159667969,89.72000122070312,64.85346984863281
2009-04-27,63.06127166748047,60.62936782836914,89.01000213623047,64.93077087402344
2009-04-28,62.862945556640625,59.63889694213867,87.75,64.868896484375
2009-04-29,64.19998931884766,59.11065673828125,88.33000183105469,64.8998031616211
2009-04-30,64.22203063964844,58.87651824951172,87.2699966430664,64.95394897460938
2009-05-01,64.5672836303711,58.4713020324707,86.94999694824219,64.9051284790039
2009-05-04,66.76387023925781,58.663963317871094,88.63999938964844,64.8896255493164
2009-05-05,66.53614807128906,58.59172439575195,88.25,64.87415313720703
2009-05-06,67.68949890136719,58.453250885009766,89.54000091552734,64.9128646850586
2009-05-07,66.74917602539062,57.0262336730957,89.44000244140625,64.81995391845703
2009-05-08,68.30660247802734,57.164703369140625,89.9800033569336,64.86643981933594
2009-05-11,67.02833557128906,57.97755432128906,89.69000244140625,64.97483825683594
2009-05-12,66.82996368408203,58.18833923339844,90.69999694824219,64.96709442138672
2009-05-13,65.14765167236328,58.82052230834961,91.08999633789062,64.99803924560547
2009-05-14,65.70598602294922,59.04936599731445,91.02999877929688,65.02130889892578
2009-05-15,65.1697006225586,59.03127670288086,91.55000305175781,65.0135498046875
2009-05-18,67.02095794677734,58.1160774230957,90.36000061035156,64.95159912109375
2009-05-19,66.94014739990234,57.80897521972656,90.95999908447266,64.99036407470703
2009-05-20,66.49205780029297,58.41716384887695,92.25,65.07552337646484
2009-05-21,65.5370101928711,56.947959899902344,93.8499984741211,64.99036407470703
2009-05-22,65.39739990234375,56.31570816040039,94.1500015258789,65.00578308105469
2009-05-26,67.07241821289062,55.46675491333008,93.76000213623047,64.92064666748047
2009-05-27,65.87494659423828,54.48529052734375,93.44999694824219,64.9051284790039
2009-05-28,66.79324340820312,55.274070739746094,94.23999786376953,64.89742279052734
2009-05-29,67.97598266601562,56.70105743408203,96.19999694824219,64.99036407470703
2009-06-01,69.62157440185547,55.024810791015625,95.7300033569336,64.9367904663086
2009-06-02,69.68036651611328,55.3208122253418,96.36000061035156,64.91349029541016
2009-06-03,68.79879760742188,55.840274810791016,94.41000366210938,65.02994537353516
2009-06-04,69.44525909423828,54.68653869628906,96.2300033569336,64.96784210205078
2009-06-05,69.45996856689453,54.26972579956055,93.70999908447266,64.54118347167969
2009-06-08,69.17346954345703,54.13080596923828,93.55999755859375,64.37057495117188
2009-06-09,69.52609252929688,54.124732971191406,93.83000183105469,64.51795959472656
2009-06-10,69.34977722167969,53.27299880981445,93.86000061035156,64.51020812988281
2009-06-11,69.65833282470703,53.86497116088867,93.69999694824219,64.51795959472656
2009-06-12,69.84932708740234,54.34823226928711,92.16999816894531,64.58777618408203
2009-06-15,68.24781799316406,54.837554931640625,91.0999984741211,64.63429260253906
2009-06-16,67.32218170166016,55.791954040527344,91.93000030517578,64.70413208007812
2009-06-17,67.25608825683594,55.47785186767578,92.3499984741211,64.77395629882812
2009-06-18,67.74828338623047,54.63817596435547,91.61000061035156,64.66532135009766
2009-06-19,67.99798583984375,55.3872184753418,91.9000015258789,64.70413208007812
2009-06-22,65.95889282226562,55.924835205078125,90.54000091552734,64.7894058227539
2009-06-23,66.01065063476562,56.5832405090332,90.91999816894531,64.7894058227539
2009-06-24,66.57954406738281,56.01548767089844,91.44999694824219,64.78168487548828
2009-06-25,68.02752685546875,57.042415618896484,92.30999755859375,64.90576171875
2009-06-26,67.85020446777344,57.139041900634766,92.29000091552734,64.9367904663086
2009-06-29,68.48556518554688,57.22359085083008,92.04000091552734,64.9367904663086
2009-06-30,67.93150329589844,57.12697219848633,91.18000030517578,64.92903137207031
2009-07-01,68.21222686767578,57.01365280151367,92.38999938964844,64.99272155761719
2009-07-02,66.35047912597656,57.14694595336914,91.25,65.06263732910156
2009-07-06,66.34309387207031,57.03787612915039,90.76000213623047,65.08600616455078
2009-07-07,65.05762481689453,57.41964340209961,90.70999908447266,65.07817077636719
2009-07-08,65.0132827758789,58.480159759521484,89.2699966430664,65.17919158935547
2009-07-09,65.13886260986328,57.78327560424805,89.51000213623047,65.14810943603516
2009-07-10,64.98373413085938,58.31657791137695,89.58000183105469,65.210205078125
2009-07-13,66.56477355957031,57.989349365234375,90.19000244140625,65.17133331298828
2009-07-14,66.94151306152344,57.025753021240234,90.80999755859375,65.12478637695312
2009-07-15,68.89927673339844,55.55923843383789,92.23999786376953,64.96941375732422
2009-07-16,68.7884750366211,56.159183502197266,91.9800033569336,65.0704345703125
2009-07-17,69.54206848144531,55.29254913330078,91.93000030517578,65.04705810546875
2009-07-20,70.28085327148438,55.583473205566406,93.27999877929688,65.03933715820312
2009-07-21,70.60590362548828,56.69241714477539,93.12999725341797,65.1170654296875
2009-07-22,70.59114837646484,56.18337631225586,93.44000244140625,65.08600616455078
2009-07-23,72.14997100830078,55.15315246582031,93.26000213623047,64.96941375732422
2009-07-24,72.44548034667969,55.41980743408203,93.41000366210938,65.00829315185547
2009-07-27,72.65972137451172,54.783512115478516,93.70999908447266,64.9616470336914
2009-07-28,72.3199234008789,55.26835250854492,92.11000061035156,64.92282104492188
2009-07-29,72.14259338378906,55.571319580078125,91.19999694824219,64.88401794433594
2009-07-30,72.8961410522461,56.359127044677734,91.62000274658203,64.89173889160156
2009-07-31,72.99956512451172,57.4560432434082,93.3499984741211,65.0004653930664
2009-08-03,74.20381927490234,56.58531188964844,93.87000274658203,64.90872192382812
2009-08-04,74.39585876464844,56.135353088378906,94.68000030517578,64.85431671142578
2009-08-05,74.18163299560547,55.29621887207031,94.77999877929688,64.8309326171875
2009-08-06,73.7974624633789,55.484737396240234,94.5999984741211,64.8309326171875
2009-08-07,74.76528930664062,55.0225944519043,93.75,64.7220687866211
2009-08-10,74.61014556884766,55.7097053527832,92.93000030517578,64.82316589355469
2009-08-11,73.67926788330078,56.35426330566406,92.79000091552734,64.89311981201172
2009-08-12,74.46977233886719,55.75223159790039,92.94999694824219,64.91653442382812
2009-08-13,75.03863525390625,56.5427360534668,93.72000122070312,65.025390625
2009-08-14,74.46234893798828,56.761653900146484,93.0,65.07208251953125
2009-08-17,72.63015747070312,57.600711822509766,91.61000061035156,65.14205932617188
2009-08-18,73.20642852783203,57.26630401611328,92.05999755859375,65.12649536132812
2009-08-19,73.84918975830078,57.740604400634766,92.52999877929688,65.15762329101562
2009-08-20,74.61014556884766,58.21488952636719,92.2699966430664,65.14205932617188
2009-08-21,76.07292175292969,57.01698684692383,93.6500015258789,65.04094696044922
2009-08-24,76.06552124023438,58.05073165893555,92.33999633789062,65.11871337890625
2009-08-25,76.21330261230469,58.37903594970703,92.76000213623047,65.11871337890625
2009-08-26,76.220703125,58.6465950012207,92.79000091552734,65.15762329101562
2009-08-27,76.39060974121094,58.41558837890625,93.19000244140625,65.14981842041016
2009-08-28,76.3758316040039,58.6831169128418,93.87000274658203,65.21983337402344
2009-08-31,75.69618225097656,58.73779296875,93.4000015258789,65.26654052734375
2009-09-01,74.02649688720703,58.595664978027344,93.9000015258789,65.3194808959961
2009-09-02,73.7457275390625,59.449676513671875,96.19000244140625,65.38948059082031
2009-09-03,74.35893249511719,59.08364486694336,97.45999908447266,65.32722473144531
2009-09-04,75.40065002441406,58.07719802856445,97.52999877929688,65.29608154296875
2009-09-08,76.05076599121094,57.6684455871582,97.43000030517578,65.30387115478516
2009-09-09,76.63440704345703,57.601417541503906,97.08000183105469,65.31163787841797
2009-09-10,77.41751861572266,58.662776947021484,97.69999694824219,65.35065460205078
2009-09-11,77.40278625488281,58.986053466796875,98.77999877929688,65.32722473144531
2009-09-14,77.77955627441406,58.40049362182617,97.95999908447266,65.2883529663086
2009-09-15,78.10460662841797,58.1015739440918,98.9000015258789,65.3194808959961
2009-09-16,79.28665924072266,58.205284118652344,99.91000366210938,65.23377990722656
2009-09-17,79.16844940185547,58.93724060058594,99.33999633789062,65.32722473144531
2009-09-18,79.21894073486328,58.41267776489258,98.66999816894531,65.2649154663086
2009-09-21,79.01852416992188,58.546871185302734,98.36000061035156,65.2883529663086
2009-09-22,79.47871398925781,58.66884994506836,99.66999816894531,65.27267456054688
2009-09-23,78.81804656982422,58.84576416015625,98.83000183105469,65.37394714355469
2009-09-24,77.94957733154297,59.0166015625,97.55000305175781,65.38948059082031
2009-09-25,77.53388214111328,59.76685333251953,97.0,65.36613464355469
2009-09-28,78.92200469970703,60.29143524169922,97.05000305175781,65.35833740234375
2009-09-29,78.6844711303711,60.236541748046875,97.43000030517578,65.35065460205078
2009-09-30,78.38011932373047,60.18163299560547,98.8499984741211,65.42066192626953
2009-10-01,76.43528747558594,61.005863189697266,97.88999938964844,65.48615264892578
2009-10-02,76.07898712158203,60.58365249633789,98.37000274658203,65.50949096679688
2009-10-05,77.2146987915039,60.589786529541016,99.81999969482422,65.50949096679688
2009-10-06,78.32071685791016,59.9901237487793,102.27999877929688,65.4705810546875
2009-10-07,78.53601837158203,60.69380187988281,102.36000061035156,65.55628967285156
2009-10-08,79.13728332519531,60.05747604370117,103.63999938964844,65.49398803710938
2009-10-09,79.6197738647461,58.680694580078125,102.83999633789062,65.40040588378906
2009-10-12,79.93153381347656,58.77246856689453,103.55999755859375,65.47838592529297
2009-10-13,79.76821899414062,59.07841873168945,104.26000213623047,65.51736450195312
2009-10-14,81.14148712158203,58.20338439941406,104.18000030517578,65.43161010742188
2009-10-15,81.43843078613281,57.93418502807617,102.86000061035156,65.39263153076172
2009-10-16,80.82970428466797,58.405330657958984,103.18000030517578,65.43161010742188
2009-10-19,81.49777221679688,58.864253997802734,104.2300033569336,65.43161010742188
2009-10-20,81.0672836303711,59.18241500854492,103.41999816894531,65.46277618408203
2009-10-21,80.33981323242188,58.827518463134766,103.75,65.43161010742188
2009-10-22,81.15635681152344,58.53995895385742,103.91999816894531,65.43938446044922
2009-10-23,80.22846984863281,58.09938430786133,103.48999786376953,65.33020782470703
2009-10-26,79.3599624633789,57.346744537353516,101.86000061035156,65.26007080078125
2009-10-27,78.9962387084961,58.129947662353516,101.8499984741211,65.39263153076172
2009-10-28,77.50418853759766,58.405330657958984,100.7300033569336,65.48615264892578
2009-10-29,79.16697692871094,57.76894760131836,102.69000244140625,65.43161010742188
2009-10-30,76.87325286865234,58.60725784301758,102.52999877929688,65.50949096679688
2009-11-02,77.43741607666016,58.348182678222656,103.94999694824219,65.51742553710938
2009-11-03,77.68238067626953,57.765018463134766,106.45999908447266,65.50950622558594
2009-11-04,77.88278198242188,57.23707580566406,107.0999984741211,65.50175476074219
2009-11-05,79.3154296875,57.23707580566406,106.9800033569336,65.56424713134766
2009-11-06,79.52327728271484,57.29233932495117,107.43000030517578,65.61114501953125
2009-11-09,81.33448791503906,57.359920501708984,108.19000244140625,65.61114501953125
2009-11-10,81.34933471679688,57.255531311035156,108.38999938964844,65.5954818725586
2009-11-11,81.76505279541016,57.49488830566406,109.5999984741211,65.66584777832031
2009-11-12,80.93363952636719,57.39056396484375,108.20999908447266,65.65798950195312
2009-11-13,81.37161254882812,57.654518127441406,109.73999786376953,65.67362976074219
2009-11-16,82.5518569946289,58.32979965209961,111.62999725341797,65.71272277832031
2009-11-17,82.64839935302734,58.64284133911133,111.97000122070312,65.7283706665039
2009-11-18,82.59642028808594,58.299072265625,112.25,65.7283706665039
2009-11-19,81.52008056640625,58.403411865234375,112.30000305175781,65.75177001953125
2009-11-20,81.2305908203125,58.391143798828125,112.94000244140625,65.76742553710938
2009-11-23,82.2623519897461,58.31747817993164,114.29000091552734,65.75957489013672
2009-11-24,82.38856506347656,58.68579864501953,114.7300033569336,65.81432342529297
2009-11-25,82.67806243896484,58.95595932006836,116.62000274658203,65.84552764892578
2009-11-27,81.33448791503906,59.17693328857422,115.05999755859375,65.89247131347656
2009-11-30,81.60914611816406,59.318119049072266,115.63999938964844,65.9002685546875
2009-12-01,82.61869812011719,58.65736770629883,117.37999725341797,65.91680908203125
2009-12-02,82.58158874511719,58.706565856933594,119.18000030517578,65.8617172241211
2009-12-03,81.93576049804688,58.09693908691406,118.69999694824219,65.8224105834961
2009-12-04,82.40341186523438,57.48109436035156,113.75,65.65706634521484
2009-12-07,82.27725219726562,57.55496597290039,113.11000061035156,65.79878234863281
2009-12-08,81.36418151855469,57.641204833984375,110.94999694824219,65.8617172241211
2009-12-09,81.66856384277344,57.37641525268555,110.83999633789062,65.81452941894531
2009-12-10,82.12876892089844,56.71751022338867,110.81999969482422,65.79090118408203
2009-12-11,82.47764587402344,56.711341857910156,109.31999969482422,65.7200927734375
2009-12-14,83.04183959960938,56.7790641784668,110.23999786376953,65.64923095703125
2009-12-15,82.65579986572266,56.52655029296875,110.20999908447266,65.63349151611328
2009-12-16,82.78199005126953,56.4588623046875,111.58999633789062,65.68070220947266
2009-12-17,81.78730010986328,57.38875961303711,107.33999633789062,65.80661010742188
2009-12-18,82.25000762939453,57.14242172241211,108.94999694824219,65.75938415527344
2009-12-21,83.08587646484375,56.126319885253906,106.94999694824219,65.65706634521484
2009-12-22,83.38438415527344,55.81222152709961,106.16999816894531,65.57847595214844
2009-12-23,83.54859161376953,55.824520111083984,106.55000305175781,65.57847595214844
2009-12-24,83.94412994384766,55.24565887451172,108.36000061035156,65.49978637695312
2009-12-28,84.12324523925781,55.0916862487793,108.55000305175781,65.40533447265625
2009-12-29,84.00382995605469,55.4550895690918,107.47000122070312,65.44861602783203
2009-12-30,83.97393798828125,55.819698333740234,106.93000030517578,65.42497253417969
2009-12-31,83.16796875,55.55398178100586,107.30999755859375,65.34626007080078
2010-01-04,84.57849884033203,55.50456619262695,109.80000305175781,65.43294525146484
2010-01-05,84.80237579345703,55.862979888916016,109.69999694824219,65.51164245605469
2010-01-06,84.8620834350586,55.11518096923828,111.51000213623047,65.51951599121094
2010-01-07,85.22029876708984,55.2078971862793,110.81999969482422,65.50377655029297
2010-01-08,85.50389099121094,55.18313980102539,111.37000274658203,65.56681060791016
2010-01-11,85.62330627441406,54.88034439086914,112.8499984741211,65.59829711914062
2010-01-12,84.82476043701172,55.819698333740234,110.48999786376953,65.65345764160156
2010-01-13,85.54120635986328,55.17081069946289,111.54000091552734,65.59829711914062
2010-01-14,85.7725601196289,55.943363189697266,112.02999877929688,65.66134643554688
2010-01-15,84.80982208251953,56.28943634033203,110.86000061035156,65.71647644042969
2010-01-19,85.86958312988281,56.12873077392578,111.5199966430664,65.73219299316406
2010-01-20,84.99640655517578,56.69731140136719,108.94000244140625,65.73219299316406
2010-01-21,83.36199951171875,56.95688247680664,107.37000274658203,65.78734588623047
2010-01-22,81.50372314453125,56.858036041259766,107.16999816894531,65.84252166748047
2010-01-25,81.92163848876953,56.598453521728516,107.4800033569336,65.78734588623047
2010-01-26,81.57832336425781,56.6169548034668,107.55999755859375,65.79524993896484
2010-01-27,81.9664077758789,56.58606719970703,106.52999877929688,65.7715835571289
2010-01-28,81.02604675292969,56.55519104003906,106.4800033569336,65.8031234741211
2010-01-29,80.14542388916016,57.04961013793945,105.95999908447266,65.8661117553711
2010-02-01,81.39179229736328,56.53170394897461,108.3499984741211,65.83773803710938
2010-02-02,82.37688446044922,56.692970275878906,109.12999725341797,65.84561157226562
2010-02-03,81.9664077758789,56.035552978515625,108.69999694824219,65.79830169677734
2010-02-04,79.43647003173828,56.9224967956543,104.37000274658203,65.89291381835938
2010-02-05,79.60062408447266,57.046504974365234,104.68000030517578,65.99543762207031
2010-02-08,79.02600860595703,57.12093734741211,104.04000091552734,65.9481430053711
2010-02-09,80.01856231689453,56.550323486328125,105.41000366210938,65.88504028320312
2010-02-10,79.86184692382812,56.0107307434082,105.12000274658203,65.8140640258789
2010-02-11,80.69771575927734,55.70684051513672,107.12999725341797,65.83773803710938
2010-02-12,80.63053131103516,55.936309814453125,107.04000091552734,65.89291381835938
2010-02-16,81.89926147460938,56.04176712036133,109.62000274658203,65.90076446533203
2010-02-17,82.28730773925781,55.402950286865234,109.25,65.84561157226562
2010-02-18,82.77241516113281,55.17972183227539,109.9800033569336,65.8061752319336
2010-02-19,82.94405364990234,55.47737121582031,109.47000122070312,65.78254699707031
2010-02-22,82.9590072631836,55.24790573120117,109.06999969482422,65.8061752319336
2010-02-23,81.95149230957031,56.1099853515625,107.88999938964844,65.86139678955078
2010-02-24,82.70526123046875,56.24641036987305,107.36000061035156,65.89291381835938
2010-02-25,82.59330749511719,56.56275177001953,108.30999755859375,65.9481430053711
2010-02-26,82.6455307006836,56.854217529296875,109.43000030517578,65.97174072265625
2010-03-01,83.50379180908203,56.82933044433594,109.43000030517578,65.95996856689453
2010-03-02,83.73513793945312,56.75470733642578,111.0199966430664,65.95996856689453
2010-03-03,83.80982208251953,56.61159133911133,111.62999725341797,65.95207214355469
2010-03-04,84.06351470947266,56.91020202636719,110.83000183105469,65.9283676147461
2010-03-05,85.26506042480469,56.16360855102539,110.80999755859375,65.87310028076172
2010-03-08,85.2800064086914,55.871212005615234,109.87999725341797,65.84156799316406
2010-03-09,85.42178344726562,55.883663177490234,109.72000122070312,65.888916015625
2010-03-10,85.80245208740234,55.74051284790039,108.47000122070312,65.87310028076172
2010-03-11,86.16064453125,55.94585037231445,108.5999984741211,65.79415893554688
2010-03-12,86.16810607910156,56.29423522949219,107.94999694824219,65.8021240234375
2010-03-15,86.19049835205078,56.2196044921875,108.36000061035156,65.82574462890625
2010-03-16,86.87710571289062,56.667564392089844,110.4000015258789,65.84156799316406
2010-03-17,87.39202117919922,56.91020202636719,109.58999633789062,65.85730743408203
2010-03-18,87.34723663330078,56.723548889160156,110.33999633789062,65.81784057617188
2010-03-19,86.90514373779297,56.77956008911133,108.27999877929688,65.77050018310547
2010-03-22,87.36972045898438,56.84174346923828,107.75,65.79415893554688
2010-03-23,87.98419952392578,56.574275970458984,108.31999969482422,65.77050018310547
2010-03-24,87.55707550048828,55.54142761230469,106.30000305175781,65.66790771484375
2010-03-25,87.41471862792969,55.18680191040039,106.77999877929688,65.69164276123047
2010-03-26,87.36226654052734,55.34233474731445,108.58999633789062,65.73104095458984
2010-03-29,87.91679382324219,55.13078308105469,108.75,65.76262664794922
2010-03-30,87.9767074584961,55.30498123168945,107.97000122070312,65.74684143066406
2010-03-31,87.67698669433594,55.684566497802734,108.94999694824219,65.79415893554688
2010-04-01,88.27650451660156,55.54837417602539,110.26000213623047,65.77046203613281
2010-04-05,88.99588775634766,54.624141693115234,110.88999938964844,65.5888442993164
2010-04-06,89.2057113647461,54.7115592956543,111.02999877929688,65.63619232177734
2010-04-07,88.6961669921875,55.4110107421875,112.48999786376953,65.73892211914062
2010-04-08,89.00335693359375,55.43600845336914,112.6500015258789,65.72306060791016
2010-04-09,89.58792877197266,55.5671272277832,113.63999938964844,65.73892211914062
2010-04-12,89.73025512695312,55.86064910888672,113.01000213623047,65.77046203613281
2010-04-13,89.79772186279297,56.04176330566406,112.69000244140625,65.75470733642578
2010-04-14,90.8168716430664,55.6483039855957,113.02999877929688,65.75470733642578
2010-04-15,90.89180755615234,55.71079635620117,113.6500015258789,65.80215454101562
2010-04-16,89.4455337524414,56.11670684814453,111.23999786376953,65.9048080444336
2010-04-19,89.78274536132812,55.97929763793945,111.1500015258789,65.84161376953125
2010-04-20,90.58457946777344,56.17914962768555,111.45999908447266,65.84947967529297
2010-04-21,90.41972351074219,56.64122772216797,112.30999755859375,65.85739135742188
2010-04-22,90.68949127197266,56.47267532348633,111.83999633789062,65.81006622314453
2010-04-23,91.28147888183594,56.2728157043457,113.19000244140625,65.78628540039062
2010-04-26,90.93679809570312,56.33528137207031,112.75,65.78628540039062
2010-04-27,88.78605651855469,57.12834548950195,114.62999725341797,65.91268157958984
2010-04-28,89.46049499511719,56.64122772216797,114.30999755859375,65.89689636230469
2010-04-29,90.56958770751953,56.878578186035156,114.27999877929688,65.91268157958984
2010-04-30,89.03334045410156,57.534271240234375,115.36000061035156,65.99168395996094
2010-05-03,90.18742370605469,57.459075927734375,115.7300033569336,65.92686462402344
2010-05-04,88.06665802001953,58.49306869506836,114.87000274658203,65.96638488769531
2010-05-05,87.54208374023438,58.83769989013672,115.08999633789062,66.05335235595703
2010-05-06,84.63453674316406,60.65505599975586,118.48999786376953,66.19571685791016
2010-05-07,83.37557983398438,59.89678955078125,118.2699966430664,66.1719970703125
2010-05-10,87.0474853515625,58.65601348876953,117.56999969482422,66.08497619628906
2010-05-11,86.80023193359375,58.5056266784668,120.66000366210938,66.12454986572266
2010-05-12,88.01422882080078,58.060665130615234,121.4000015258789,66.10871124267578
2010-05-13,86.92013549804688,58.442955017089844,120.55999755859375,66.1482162475586
2010-05-14,85.34642791748047,59.458160400390625,120.37000274658203,66.23528289794922
2010-05-17,85.39139556884766,59.238792419433594,119.36000061035156,66.21149444580078
2010-05-18,84.22985076904297,60.147457122802734,119.48999786376953,66.28265380859375
2010-05-19,83.75027465820312,60.34797286987305,116.62999725341797,66.25110626220703
2010-05-20,80.5878677368164,61.62013244628906,115.83999633789062,66.33010864257812
2010-05-21,81.76438903808594,61.682777404785156,115.22000122070312,66.28265380859375
2010-05-24,80.71530151367188,61.46969985961914,116.83999633789062,66.27482604980469
2010-05-25,80.79772186279297,61.77054214477539,117.36000061035156,66.26686096191406
2010-05-26,80.31063079833984,61.59505844116211,118.47000122070312,66.21149444580078
2010-05-27,83.00091552734375,60.1976203918457,118.69000244140625,66.16401672363281
2010-05-28,81.95927429199219,60.47335433959961,118.87999725341797,66.29058837890625
2010-06-01,80.58039855957031,60.8984260559082,119.91000366210938,66.29142761230469
2010-06-02,82.67862701416016,60.319923400878906,119.77999877929688,66.24388122558594
2010-06-03,82.96338653564453,59.8797721862793,117.95999908447266,66.2281265258789
2010-06-04,80.04835510253906,61.4895133972168,119.19000244140625,66.3784408569336
2010-06-07,79.05167388916016,61.96105194091797,121.48999786376953,66.35470581054688
2010-06-08,79.8984603881836,61.65298080444336,121.0,66.34678649902344
2010-06-09,79.47132873535156,61.583858489990234,120.55999755859375,66.35470581054688
2010-06-10,81.79438781738281,60.48342514038086,118.97000122070312,66.26762390136719
2010-06-11,82.19157409667969,61.250518798828125,120.01000213623047,66.33880615234375
2010-06-14,82.06417083740234,60.93613815307617,119.5999984741211,66.35470581054688
2010-06-15,83.93009948730469,60.68458938598633,120.98999786376953,66.32305145263672
2010-06-16,83.90013122558594,61.030452728271484,120.33000183105469,66.33880615234375
2010-06-17,84.0350112915039,61.527164459228516,121.9000015258789,66.3784408569336
2010-06-18,84.12612915039062,61.42660140991211,122.83000183105469,66.38632202148438
2010-06-21,83.88520812988281,61.250518798828125,120.38999938964844,66.3942642211914
2010-06-22,82.4997787475586,61.979915618896484,121.44999694824219,66.4259033203125
2010-06-23,82.2437973022461,62.40122985839844,120.94999694824219,66.47340393066406
2010-06-24,80.8809585571289,62.03025436401367,121.30000305175781,66.4892349243164
2010-06-25,81.21977996826172,62.281761169433594,122.76000213623047,66.51294708251953
2010-06-28,80.9637451171875,62.86650466918945,121.08999633789062,66.55250549316406
2010-06-29,78.46400451660156,63.551963806152344,121.2699966430664,66.5842056274414
2010-06-30,77.7186279296875,63.97950744628906,121.68000030517578,66.56831359863281
2010-07-01,77.37225341796875,64.08037567138672,117.04000091552734,66.54696655273438
2010-07-02,76.95059204101562,63.56954574584961,118.48999786376953,66.54696655273438
2010-07-06,77.45506286621094,64.09300994873047,116.51000213623047,66.54696655273438
2010-07-07,79.89459228515625,63.342464447021484,117.7300033569336,66.53903198242188
2010-07-08,80.68521881103516,62.93881607055664,117.20999908447266,66.54696655273438
2010-07-09,81.28756713867188,62.57927322387695,118.36000061035156,66.52323150634766
2010-07-12,81.34027099609375,62.55403518676758,117.33999633789062,66.5311508178711
2010-07-13,82.56754302978516,62.0179557800293,118.36000061035156,66.48359680175781
2010-07-14,82.55999755859375,62.642337799072266,118.30000305175781,66.55491638183594
2010-07-15,82.5826187133789,63.26678466796875,118.2300033569336,66.57069396972656
2010-07-16,80.30870056152344,63.57583999633789,116.66999816894531,66.63407897949219
2010-07-19,80.78306579589844,63.18476486206055,115.7300033569336,66.61035919189453
2010-07-20,81.67906188964844,63.279388427734375,116.6500015258789,66.63407897949219
2010-07-21,80.61743927001953,64.35161590576172,115.8499984741211,66.66573333740234
2010-07-22,82.41696166992188,63.60736083984375,116.86000061035156,66.64205169677734
2010-07-23,83.13224029541016,62.932464599609375,116.08999633789062,66.61035919189453
2010-07-26,83.99813842773438,62.82527160644531,115.5199966430664,66.58653259277344
2010-07-27,83.99061584472656,62.219791412353516,113.51000213623047,66.54696655273438
2010-07-28,83.448486328125,62.421630859375,113.77999877929688,66.61035919189453
2010-07-29,83.0418930053711,62.402679443359375,114.29000091552734,66.66573333740234
2010-07-30,83.02684783935547,63.37398910522461,115.48999786376953,66.69744873046875
2010-08-02,84.90165710449219,62.48434066772461,115.54000091552734,66.68234252929688
2010-08-03,84.49506378173828,62.844974517822266,115.98999786376953,66.72992706298828
2010-08-04,85.05978393554688,62.3641357421875,116.72000122070312,66.6744613647461
2010-08-05,84.96942901611328,62.65520095825195,116.9800033569336,66.75370025634766
2010-08-06,84.62305450439453,63.33858108520508,117.83999633789062,66.76958465576172
2010-08-09,85.07485961914062,63.10445785522461,117.4000015258789,66.72992706298828
2010-08-10,84.61553955078125,63.23728561401367,117.7300033569336,66.76165771484375
2010-08-11,82.29647064208984,64.08522033691406,117.33999633789062,66.77752685546875
2010-08-12,81.79199981689453,63.92705154418945,118.7699966430664,66.76165771484375
2010-08-13,81.55106353759766,64.72431182861328,118.73999786376953,66.75370025634766
2010-08-16,81.5134048461914,66.3441390991211,119.7300033569336,66.81712341308594
2010-08-17,82.51483154296875,65.96449279785156,119.75,66.8012924194336
2010-08-18,82.66539764404297,66.14167785644531,120.22000122070312,66.81712341308594
2010-08-19,81.22731018066406,67.1730728149414,120.38999938964844,66.83296966552734
2010-08-20,80.9637451171875,67.09709167480469,119.97000122070312,66.80921936035156
2010-08-23,80.65506744384766,67.10980987548828,119.77999877929688,66.81712341308594
2010-08-24,79.4578857421875,68.18544006347656,120.36000061035156,66.86471557617188
2010-08-25,79.76660919189453,67.96399688720703,121.36000061035156,66.8012924194336
2010-08-26,79.23200988769531,68.60303497314453,120.95999908447266,66.8012924194336
2010-08-27,80.45931243896484,66.66057586669922,121.01000213623047,66.75370025634766
2010-08-30,79.29222869873047,67.93867492675781,120.91000366210938,66.83296966552734
2010-08-31,79.29222869873047,68.6916275024414,122.08000183105469,66.85679626464844
2010-09-01,81.66399383544922,67.27134704589844,121.69000244140625,66.81707763671875
2010-09-02,82.42449951171875,66.56056213378906,122.29000091552734,66.80127716064453
2010-09-03,83.49366760253906,65.73555755615234,121.86000061035156,66.76949310302734
2010-09-07,82.55250549316406,67.08094024658203,122.69999694824219,66.84088897705078
2010-09-08,83.13224029541016,66.54779052734375,122.70999908447266,66.79328918457031
2010-09-09,83.51624298095703,65.23414611816406,121.55999755859375,66.721923828125
2010-09-10,83.93791961669922,64.9359130859375,121.7300033569336,66.71402740478516
2010-09-13,84.87156677246094,65.25323486328125,121.62000274658203,66.76949310302734
2010-09-14,84.81883239746094,65.88150024414062,124.0199966430664,66.81707763671875
2010-09-15,85.142578125,64.9041976928711,123.94000244140625,66.83296203613281
2010-09-16,85.1200180053711,64.26317596435547,124.62999725341797,66.84886169433594
2010-09-17,85.15181732177734,64.52336120605469,124.54000091552734,66.86473083496094
2010-09-20,86.45378112792969,64.89785766601562,124.87000274658203,66.87262725830078
2010-09-21,86.27970123291016,65.79902648925781,126.01000213623047,66.92024230957031
2010-09-22,85.85579681396484,66.38923645019531,126.19999694824219,66.91231536865234
2010-09-23,85.15939331054688,66.57957458496094,126.30000305175781,66.92024230957031
2010-09-24,86.91555786132812,65.68474578857422,126.69000244140625,66.91231536865234
2010-09-27,86.49920654296875,66.82707214355469,126.72000122070312,66.9281997680664
2010-09-28,86.8020248413086,67.2840347290039,127.8499984741211,66.9440689086914
2010-09-29,86.6506118774414,67.0047607421875,127.94999694824219,66.9281997680664
2010-09-30,86.39322662353516,66.96036529541016,127.91000366210938,66.93612670898438
2010-10-01,86.75659942626953,66.63677978515625,128.91000366210938,66.94804382324219
2010-10-04,86.10559844970703,66.80875396728516,128.4600067138672,66.9559555053711
2010-10-05,87.83903503417969,66.4074478149414,130.99000549316406,66.98773193359375
2010-10-06,87.83148193359375,67.2419204711914,131.80999755859375,66.99567413330078
2010-10-07,87.72550201416016,66.68136596679688,130.3699951171875,67.05122375488281
2010-10-08,88.2175521850586,66.38834381103516,131.66000366210938,67.05122375488281
2010-10-11,88.30081176757812,66.40108489990234,132.2899932861328,67.05912780761719
2010-10-12,88.57331085205078,65.74491882324219,131.9600067138672,67.0115737915039
2010-10-13,89.26216125488281,65.64306640625,134.07000732421875,67.01947021484375
2010-10-14,88.91394805908203,64.662109375,134.75,66.98773193359375
2010-10-15,89.09562683105469,63.87218475341797,133.67999267578125,67.0115737915039
2010-10-18,89.53465270996094,64.38818359375,134.27999877929688,67.02742767333984
2010-10-19,88.36138153076172,64.77671813964844,130.11000061035156,67.05912780761719
2010-10-20,89.22431945800781,64.91690063476562,131.32000732421875,67.067138671875
2010-10-21,89.4211196899414,64.14610290527344,129.47000122070312,67.07506561279297
2010-10-22,89.5876693725586,64.57928466796875,129.72999572753906,67.05912780761719
2010-10-25,89.85260009765625,64.76399230957031,130.85000610351562,67.07506561279297
2010-10-26,89.86773681640625,63.76387023925781,130.8800048828125,67.0115737915039
2010-10-27,89.61035919189453,63.20329666137695,129.52000427246094,66.97982025146484
2010-10-28,89.62549591064453,63.375308990478516,131.24000549316406,67.067138671875
2010-10-29,89.6936264038086,63.96772384643555,132.6199951171875,67.08300018310547
2010-11-01,89.72390747070312,63.692359924316406,131.9199981689453,67.11235809326172
2010-11-02,90.43548583984375,64.52947235107422,132.49000549316406,67.07267761230469
2010-11-03,90.7988052368164,63.21303176879883,131.57000732421875,67.09656524658203
2010-11-04,92.54742431640625,63.70513153076172,136.02999877929688,67.11235809326172
2010-11-05,92.8956298828125,62.61236572265625,136.3800048828125,67.05680084228516
2010-11-08,92.72151184082031,62.89350128173828,137.77999877929688,67.02499389648438
2010-11-09,92.05540466308594,61.5068244934082,135.58999633789062,66.93757629394531
2010-11-10,92.42632293701172,61.589900970458984,137.24000549316406,66.97732543945312
2010-11-11,92.07809448242188,61.55791473388672,137.66000366210938,66.87403869628906
2010-11-12,90.98806762695312,61.22565460205078,133.69000244140625,66.87403869628906
2010-11-15,90.85939025878906,59.94760513305664,132.4199981689453,66.83425903320312
2010-11-16,89.44383239746094,61.436553955078125,130.97000122070312,66.86605834960938
2010-11-17,89.4892578125,61.09786605834961,130.3800048828125,66.90584564208984
2010-11-18,90.806396484375,61.34706497192383,132.08999633789062,66.9137191772461
2010-11-19,91.05619812011719,61.72412109375,132.1999969482422,66.87403869628906
2010-11-22,90.98048400878906,61.98609161376953,133.47999572753906,66.93757629394531
2010-11-23,89.6633529663086,62.292823791503906,134.41000366210938,66.97732543945312
2010-11-24,90.98806762695312,61.18090057373047,134.17999267578125,66.858154296875
2010-11-26,89.92831420898438,62.03080368041992,133.11000061035156,66.90584564208984
2010-11-29,90.20079040527344,62.561241149902344,133.50999450683594,66.8978500366211
2010-11-30,89.6936264038086,62.887142181396484,135.4199981689453,66.94548797607422
2010-12-01,91.6011962890625,61.48921203613281,135.3800048828125,66.84534454345703
2010-12-02,92.77450561523438,61.32887649536133,135.1999969482422,66.84534454345703
2010-12-03,93.02432250976562,60.84798812866211,138.07000732421875,66.93280792236328
2010-12-06,92.92591857910156,61.707252502441406,139.11000061035156,66.97254180908203
2010-12-07,92.97889709472656,60.386268615722656,136.5,66.85325622558594
2010-12-08,93.31952667236328,59.80272674560547,134.7899932861328,66.74992370605469
2010-12-09,93.68291473388672,60.09767150878906,135.3699951171875,66.74198150634766
2010-12-10,94.22792053222656,59.73220443725586,135.41000366210938,66.71809387207031
2010-12-13,94.28845977783203,59.95664596557617,136.0500030517578,66.75788116455078
2010-12-14,94.37171173095703,59.084537506103516,136.17999267578125,66.72603607177734
2010-12-15,93.94026184082031,58.31503677368164,134.6999969482422,66.70219421386719
2010-12-16,94.48526763916016,58.7190055847168,133.80999755859375,66.71809387207031
2010-12-17,94.58648681640625,59.789913177490234,134.1999969482422,66.77377319335938
2010-12-20,94.81476593017578,59.725807189941406,135.11000061035156,66.7896499633789
2010-12-21,95.41593170166016,60.14261245727539,135.32000732421875,66.77377319335938
2010-12-22,95.71267700195312,59.712974548339844,135.0500030517578,66.75788116455078
2010-12-23,95.5757064819336,59.591156005859375,134.66000366210938,66.67035675048828
2010-12-27,95.61377716064453,60.12336349487305,135.02000427246094,66.71012115478516
2010-12-28,95.750732421875,58.945865631103516,137.22000122070312,66.6209945678711
2010-12-29,95.8192138671875,59.94321060180664,137.7100067138672,66.78018951416016
2010-12-30,95.6670150756836,59.89816665649414,137.02999877929688,66.75631713867188
2010-12-31,95.68986511230469,60.560855865478516,138.72000122070312,66.83589935302734
2011-01-03,96.67910766601562,60.104068756103516,138.0,66.81995391845703
2011-01-04,96.62583923339844,60.17483901977539,134.75,66.80408477783203
2011-01-05,97.1280746459961,58.84934616088867,134.3699951171875,66.68463134765625
2011-01-06,96.93782043457031,59.106727600097656,133.8300018310547,66.75631713867188
2011-01-07,96.74758911132812,59.421993255615234,133.5800018310547,66.85179138183594
2011-01-10,96.62583923339844,59.743717193603516,134.1199951171875,66.88368225097656
2011-01-11,96.96824645996094,59.409122467041016,134.91000366210938,66.84381103515625
2011-01-12,97.84336853027344,58.945865631103516,135.4600067138672,66.84381103515625
2011-01-13,97.68355560302734,59.473487854003906,134.0500030517578,66.86772918701172
2011-01-14,98.39126586914062,59.09383010864258,132.69000244140625,66.86772918701172
2011-01-18,98.55866241455078,58.81717300415039,133.42999267578125,66.85179138183594
2011-01-19,97.59225463867188,59.24180221557617,133.72000122070312,66.88368225097656
2011-01-20,97.46290588378906,58.424652099609375,131.1999969482422,66.81201934814453
2011-01-21,97.68355560302734,58.88792037963867,131.02999877929688,66.82793426513672
2011-01-24,98.2391128540039,58.9136962890625,130.36000061035156,66.81995391845703
2011-01-25,98.29234313964844,59.473487854003906,130.10000610351562,66.86772918701172
2011-01-26,98.67280578613281,58.572669982910156,131.16000366210938,66.85179138183594
2011-01-27,98.91631317138672,58.83647537231445,127.93000030517578,66.89955139160156
2011-01-28,97.18892669677734,59.14535903930664,130.27999877929688,66.93141174316406
2011-01-31,97.9194564819336,58.6949462890625,129.8699951171875,66.92340850830078
2011-02-01,99.48700714111328,58.40431594848633,130.8000030517578,66.85014343261719
2011-02-02,99.29676818847656,58.417236328125,130.4499969482422,66.81033325195312
2011-02-03,99.5174560546875,57.932952880859375,132.1999969482422,66.74662780761719
2011-02-04,99.79898071289062,57.345367431640625,131.66000366210938,66.69087982177734
2011-02-07,100.4229736328125,57.64237594604492,131.67999267578125,66.65898895263672
2011-02-08,100.87957763671875,57.11294174194336,133.13999938964844,66.57139587402344
2011-02-09,100.65131378173828,57.61009979248047,133.07000732421875,66.61917877197266
2011-02-10,100.68933868408203,56.9450569152832,132.85000610351562,66.58727264404297
2011-02-11,101.29051971435547,57.765079498291016,132.32000732421875,66.58727264404297
2011-02-14,101.53397369384766,57.803802490234375,132.9499969482422,66.58727264404297
2011-02-15,101.21439361572266,58.06207275390625,133.97000122070312,66.61917877197266
2011-02-16,101.85356140136719,57.87485885620117,134.10000610351562,66.61123657226562
2011-02-17,102.15795135498047,57.965248107910156,135.0399932861328,66.69087982177734
2011-02-18,102.37103271484375,57.784461975097656,135.41000366210938,66.7147216796875
2011-02-22,100.31645202636719,58.64971160888672,136.2899932861328,66.7863998413086
2011-02-23,99.70008087158203,58.86281204223633,137.50999450683594,66.77052307128906
2011-02-24,99.63158416748047,59.23728942871094,136.47999572753906,66.80241394042969
2011-02-25,100.69694519042969,59.58601760864258,137.3800048828125,66.81830596923828
2011-02-28,101.32090759277344,59.663475036621094,137.66000366210938,66.84213256835938
2011-03-01,99.63158416748047,59.83647155761719,140.02999877929688,66.88282775878906
2011-03-02,99.84467315673828,58.91658401489258,139.9199981689453,66.8509750366211
2011-03-03,101.56442260742188,58.34003448486328,138.08999633789062,66.71546173095703
2011-03-04,100.803466796875,58.82590866088867,139.35000610351562,66.86688232421875
2011-03-07,100.01206970214844,58.45015335083008,139.72000122070312,66.819091796875
2011-03-08,100.88717651367188,58.09389114379883,139.36000061035156,66.79518127441406
2011-03-09,100.74259185791016,58.657470703125,139.41000366210938,66.8429946899414
2011-03-10,98.87828826904297,59.64204406738281,137.77000427246094,66.91473388671875
2011-03-11,99.56312561035156,59.30522155761719,138.22000122070312,66.92268371582031
2011-03-14,98.96195983886719,59.27936935424805,138.86000061035156,66.96253967285156
2011-03-15,97.82815551757812,60.166770935058594,136.27000427246094,66.93067169189453
2011-03-16,96.01707458496094,60.84695816040039,136.24000549316406,67.05022430419922
2011-03-17,97.28787231445312,60.380577087402344,136.97000122070312,67.01837921142578
2011-03-18,97.6417236328125,60.54251480102539,138.3699951171875,66.98651885986328
2011-03-21,99.15495300292969,60.1862678527832,139.13999938964844,66.91473388671875
2011-03-22,98.81104278564453,60.38705825805664,139.0500030517578,66.8987808227539
2011-03-23,99.09382629394531,60.30931091308594,140.33999633789062,66.9067611694336
2011-03-24,100.04148864746094,59.85588836669922,139.22000122070312,66.85896301269531
2011-03-25,100.34717559814453,59.70682907104492,139.25999450683594,66.81111907958984
2011-03-28,100.10260772705078,59.791099548339844,138.5399932861328,66.77922058105469
2011-03-29,100.775146484375,59.331146240234375,138.2100067138672,66.75528717041016
2011-03-30,101.47066497802734,59.80406188964844,138.6699981689453,66.79518127441406
2011-03-31,101.33311462402344,59.68096923828125,139.86000061035156,66.75528717041016
2011-04-01,101.76107788085938,59.971099853515625,139.1999969482422,66.80874633789062
2011-04-04,101.84514617919922,60.0361328125,139.83999633789062,66.82476043701172
2011-04-05,101.8298568725586,59.79547882080078,142.0500030517578,66.75288391113281
2011-04-06,102.15087890625,58.89776611328125,142.3800048828125,66.75288391113281
2011-04-07,101.8909912109375,58.7806282043457,142.50999450683594,66.80077362060547
2011-04-08,101.53946685791016,58.468379974365234,143.66000366210938,66.77685546875
2011-04-11,101.23372650146484,58.52044677734375,142.63999938964844,66.76886749267578
2011-04-12,100.47711944580078,59.151432037353516,141.61000061035156,66.88055419921875
2011-04-13,100.469482421875,59.522220611572266,141.89999389648438,66.9124755859375
2011-04-14,100.54590606689453,59.4766845703125,143.80999755859375,66.84864807128906
2011-04-15,100.91273498535156,60.28334426879883,145.0500030517578,66.97624969482422
2011-04-18,99.7816162109375,60.419952392578125,145.92999267578125,66.99221801757812
2011-04-19,100.35484313964844,60.68016052246094,145.92999267578125,67.0081787109375
2011-04-20,101.72289276123047,60.289791107177734,146.5,67.00019073486328
2011-04-21,102.24256896972656,60.23783874511719,146.74000549316406,66.98426055908203
2011-04-25,102.13554382324219,60.465492248535156,146.8699951171875,66.99221801757812
2011-04-26,103.01445770263672,61.05095291137695,146.3800048828125,67.05604553222656
2011-04-27,103.68702697753906,60.42644500732422,149.1999969482422,67.07994079589844
2011-04-28,104.0232925415039,60.8883171081543,149.82000732421875,67.07994079589844
2011-04-29,104.26781463623047,61.07699203491211,152.3699951171875,67.11189270019531
2011-05-02,104.10736846923828,61.174957275390625,150.41000366210938,67.10071563720703
2011-05-03,103.7328872680664,61.521148681640625,149.8800048828125,67.12464141845703
2011-05-04,103.0450210571289,61.79558181762695,147.72999572753906,67.15653228759766
2011-05-05,102.11265563964844,62.38355255126953,143.47000122070312,67.17256164550781
2011-05-06,102.56356811523438,62.10920715332031,145.3000030517578,67.18052673339844
2011-05-09,102.9609603881836,62.04383087158203,147.3800048828125,67.21247863769531
2011-05-10,103.83987426757812,61.599609375,147.89999389648438,67.14860534667969
2011-05-11,102.74697875976562,61.952449798583984,146.5399932861328,67.21247863769531
2011-05-12,103.23611450195312,61.560394287109375,146.58999633789062,67.18052673339844
2011-05-13,102.44123840332031,62.115726470947266,145.6300048828125,67.21247863769531
2011-05-16,101.79164123535156,62.46197509765625,145.3699951171875,67.24439239501953
2011-05-17,101.77633666992188,63.102203369140625,144.74000549316406,67.2523422241211
2011-05-18,102.68582916259766,62.26599884033203,145.60000610351562,67.22045135498047
2011-05-19,102.93035888671875,62.239845275878906,145.64999389648438,67.22844696044922
2011-05-20,102.11265563964844,62.27251434326172,147.49000549316406,67.2523422241211
2011-05-23,100.92803955078125,62.57301330566406,147.8300018310547,67.2603988647461
2011-05-24,100.84396362304688,62.808197021484375,148.58999633789062,67.2603988647461
2011-05-25,101.18022155761719,62.51423263549805,148.5800018310547,67.29229736328125
2011-05-26,101.64640808105469,63.049983978271484,148.22000122070312,67.33222198486328
2011-05-27,102.03619384765625,63.0237922668457,149.6999969482422,67.35615539550781
2011-05-31,103.09854888916016,63.1675910949707,149.63999938964844,67.35615539550781
2011-06-01,100.78280639648438,64.02124786376953,149.91000366210938,67.40089416503906
2011-06-02,100.67581939697266,62.80167770385742,149.5,67.36100769042969
2011-06-03,99.67463684082031,63.16231155395508,150.22000122070312,67.38497161865234
2011-06-06,98.61997985839844,62.68365478515625,150.47999572753906,67.3929214477539
2011-06-07,98.558837890625,62.97218322753906,150.4199981689453,67.4408187866211
2011-06-08,98.14613342285156,63.463905334472656,149.80999755859375,67.4488525390625
2011-06-09,98.89510345458984,63.20817565917969,150.55999755859375,67.37691497802734
2011-06-10,97.5194320678711,63.69337844848633,149.24000549316406,67.43286895751953
2011-06-13,97.59587097167969,63.37210464477539,147.77000427246094,67.4089126586914
2011-06-14,98.83394622802734,62.41484451293945,148.6699981689453,67.35302734375
2011-06-15,97.07618713378906,63.549129486083984,149.1199951171875,67.4488525390625
2011-06-16,97.2901611328125,63.837608337402344,148.97000122070312,67.45685577392578
2011-06-17,97.58047485351562,63.53599166870117,149.94000244140625,67.4728012084961
2011-06-20,98.07971954345703,63.6147346496582,150.02999877929688,67.4728012084961
2011-06-21,99.42378997802734,63.33277893066406,150.75999450683594,67.48084259033203
2011-06-22,98.82471466064453,63.37210464477539,150.99000549316406,67.46481323242188
2011-06-23,98.54053497314453,63.857303619384766,148.33999633789062,67.5047836303711
2011-06-24,97.3961410522461,63.5884895324707,146.25999450683594,67.54468536376953
2011-06-27,98.26403045654297,62.71639633178711,145.72999572753906,67.48084259033203
2011-06-28,99.54672241210938,62.21152114868164,146.24000549316406,67.36100769042969
2011-06-29,100.39921569824219,61.798431396484375,147.17999267578125,67.36100769042969
2011-06-30,101.3592758178711,61.700103759765625,146.0,67.35302734375
2011-07-01,102.85693359375,61.60144805908203,144.92999267578125,67.32979583740234
2011-07-05,102.77250671386719,61.739532470703125,147.6300048828125,67.4097900390625
2011-07-06,102.89537048339844,62.05537033081055,148.91000366210938,67.43376922607422
2011-07-07,103.96296691894531,61.87110900878906,149.14999389648438,67.3697738647461
2011-07-08,103.22563934326172,62.74624252319336,150.25,67.46571350097656
2011-07-11,101.3592758178711,63.68702697753906,151.58999633789062,67.51367950439453
2011-07-12,100.92149353027344,63.90414047241211,152.77000427246094,67.50566864013672
2011-07-13,101.25941467285156,64.081787109375,154.13999938964844,67.52171325683594
2011-07-14,100.56051635742188,63.16727066040039,154.5399932861328,67.4976806640625
2011-07-15,101.14421844482422,63.2725715637207,155.1999969482422,67.51367950439453
2011-07-18,100.31474304199219,62.660621643066406,156.57000732421875,67.51367950439453
2011-07-19,101.9429931640625,63.963340759277344,154.66000366210938,67.51367950439453
2011-07-20,101.88156127929688,63.20677185058594,156.02000427246094,67.48971557617188
2011-07-21,103.29475402832031,62.719886779785156,154.8300018310547,67.45774841308594
2011-07-22,103.36383819580078,63.193603515625,156.1199951171875,67.46571350097656
2011-07-25,102.78784942626953,62.502811431884766,157.33999633789062,67.43376922607422
2011-07-26,102.40384674072266,62.93038558959961,157.77000427246094,67.47371673583984
2011-07-27,100.3070297241211,62.93698501586914,157.19000244140625,67.43376922607422
2011-07-28,100.01521301269531,63.173851013183594,157.32000732421875,67.47371673583984
2011-07-29,99.33165740966797,64.42390441894531,158.2899932861328,67.54566955566406
2011-08-01,98.9091796875,65.07415008544922,157.72000122070312,67.52246856689453
2011-08-02,96.38231658935547,67.02802276611328,161.52000427246094,67.61048889160156
2011-08-03,96.90462493896484,67.16010284423828,161.49000549316406,67.60249328613281
2011-08-04,92.36544799804688,69.54973602294922,160.63999938964844,67.66650390625
2011-08-05,92.2271728515625,67.54295349121094,161.75,67.65046691894531
2011-08-08,86.2210464477539,69.6751480102539,167.1199951171875,67.67446899414062
2011-08-09,90.23027801513672,69.88638305664062,168.61000061035156,67.74649047851562
2011-08-10,86.24407196044922,71.96575164794922,174.5800018310547,67.79449462890625
2011-08-11,90.11505889892578,68.33505249023438,170.75,67.77851104736328
2011-08-12,90.72181701660156,69.68831634521484,169.97000122070312,67.78653717041016
2011-08-15,92.64193725585938,68.98198699951172,171.8000030517578,67.76250457763672
2011-08-16,91.85086059570312,70.12396240234375,173.9199981689453,67.76250457763672
2011-08-17,91.91230010986328,71.35179138183594,174.4199981689453,67.77851104736328
2011-08-18,87.94914245605469,72.81732177734375,177.72000122070312,67.77050018310547
2011-08-19,86.51292419433594,73.40476989746094,179.9499969482422,67.77050018310547
2011-08-22,86.58203887939453,73.21990966796875,184.58999633789062,67.76250457763672
2011-08-23,89.4314956665039,72.20989990234375,177.6699981689453,67.73046112060547
2011-08-24,90.69110870361328,70.15702056884766,171.64999389648438,67.73046112060547
2011-08-25,89.30860137939453,70.91617584228516,172.36000061035156,67.77050018310547
2011-08-26,90.60661315917969,71.6158447265625,177.47000122070312,67.77851104736328
2011-08-29,93.2103042602539,70.6257553100586,173.88999938964844,67.76250457763672
2011-08-30,93.45606231689453,71.76109313964844,179.10000610351562,67.77851104736328
2011-08-31,93.87081146240234,70.65211486816406,177.72000122070312,67.77851104736328
2011-09-01,92.8876724243164,72.14981842041016,177.8699951171875,67.79766845703125
2011-09-02,90.51445007324219,74.49363708496094,183.24000549316406,67.76570892333984
2011-09-06,89.85391998291016,75.268310546875,182.89999389648438,67.7736587524414
2011-09-07,92.38849639892578,73.83154296875,177.0800018310547,67.75765991210938
2011-09-08,91.42841339111328,74.49363708496094,181.80999755859375,67.78173065185547
2011-09-09,89.0321044921875,75.28815460205078,180.6999969482422,67.80575561523438
2011-09-12,89.60812377929688,75.36762237548828,176.6699981689453,67.75765991210938
2011-09-13,90.42996978759766,74.29499053955078,178.5399932861328,67.76570892333984
2011-09-14,91.68187713623047,74.92398834228516,177.2100067138672,67.76570892333984
2011-09-15,93.26405334472656,73.77857208251953,174.39999389648438,67.7736587524414
2011-09-16,93.8160629272461,74.31485748291016,176.02999877929688,67.78968811035156
2011-09-19,92.88189697265625,75.73178100585938,173.30999755859375,67.8217544555664
2011-09-20,92.7738265991211,76.04956817626953,175.77999877929688,67.78968811035156
2011-09-21,90.04084014892578,78.56560516357422,173.58999633789062,67.7176284790039
2011-09-22,87.13034057617188,81.51852416992188,169.0500030517578,67.7257080078125
2011-09-23,87.65532684326172,80.00233459472656,159.8000030517578,67.733642578125
2011-09-26,89.73976135253906,78.71790313720703,157.5800018310547,67.70964050292969
2011-09-27,90.7433853149414,77.51284790039062,160.6300048828125,67.68560028076172
2011-09-28,88.89054870605469,77.48638916015625,156.22000122070312,67.6616439819336
2011-09-29,89.59310150146484,78.02266693115234,157.6999969482422,67.67765808105469
2011-09-30,87.354248046875,79.98249816894531,158.05999755859375,67.70964050292969
2011-10-03,84.8683090209961,82.18360137939453,160.9600067138672,67.72486114501953
2011-10-04,86.7288818359375,81.14151000976562,157.63999938964844,67.6847915649414
2011-10-05,88.3346939086914,80.55733489990234,159.4600067138672,67.6847915649414
2011-10-06,89.93277740478516,79.07044219970703,160.49000549316406,67.66879272460938
2011-10-07,89.33059692382812,78.48629760742188,159.17999267578125,67.64473724365234
2011-10-10,92.31834411621094,77.37779235839844,163.27000427246094,67.58869934082031
2011-10-11,92.41098022460938,77.11894989013672,162.10000610351562,67.62074279785156
2011-10-12,93.22158813476562,75.99708557128906,163.25999450683594,67.62074279785156
2011-10-13,93.03630828857422,76.75384521484375,162.3000030517578,67.63674926757812
2011-10-14,94.62666320800781,75.63871765136719,163.39999389648438,67.66879272460938
2011-10-17,92.82013702392578,76.94638061523438,162.6199951171875,67.67680358886719
2011-10-18,94.63438415527344,76.46842956542969,161.83999633789062,67.67680358886719
2011-10-19,93.51496124267578,76.44185638427734,159.8699951171875,67.70085144042969
2011-10-20,93.92414093017578,75.89754486083984,157.77000427246094,67.70884704589844
2011-10-21,95.70750427246094,75.09439849853516,159.52000427246094,67.6847915649414
2011-10-24,96.88098907470703,75.220458984375,161.02000427246094,67.6847915649414
2011-10-25,94.99723815917969,77.13218688964844,165.58999633789062,67.72486114501953
2011-10-26,95.9622573852539,75.78467559814453,167.39999389648438,67.6847915649414
2011-10-27,99.30514526367188,73.21582794189453,169.5500030517578,67.63674926757812
2011-10-28,99.28194427490234,73.9858627319336,169.6199951171875,67.66879272460938
2011-10-31,96.88870239257812,76.91980743408203,167.33999633789062,67.73286437988281
2011-11-01,94.18663024902344,79.49462127685547,167.3800048828125,67.73932647705078
2011-11-02,95.72293853759766,78.50306701660156,169.05999755859375,67.7553482055664
2011-11-03,97.46771240234375,77.4249038696289,171.72000122070312,67.76338958740234
2011-11-04,96.87326049804688,77.51806640625,170.85000610351562,67.76338958740234
2011-11-07,97.47539520263672,78.0105209350586,174.97999572753906,67.7472915649414
2011-11-08,98.72612762451172,77.01231384277344,173.52999877929688,67.73932647705078
2011-11-09,95.0821533203125,78.6094741821289,172.07000732421875,67.7553482055664
2011-11-10,95.97769927978516,77.43821716308594,171.13999938964844,67.76338958740234
2011-11-11,97.78424072265625,76.9656753540039,173.9600067138672,67.73129272460938
2011-11-14,96.85783386230469,78.20354461669922,173.1999969482422,67.76338958740234
2011-11-15,97.33647918701172,78.09708404541016,173.36000061035156,67.7553482055664
2011-11-16,95.79242706298828,78.80912017822266,171.50999450683594,67.73932647705078
2011-11-17,94.27153778076172,79.44139862060547,167.10000610351562,67.7472915649414
2011-11-18,94.17118835449219,79.42141723632812,167.6199951171875,67.72325897216797
2011-11-21,92.38008880615234,79.89391326904297,163.5,67.73129272460938
2011-11-22,92.01722717285156,80.78567504882812,165.30999755859375,67.73932647705078
2011-11-23,89.9868392944336,81.57762908935547,164.8300018310547,67.7472915649414
2011-11-25,89.8169937133789,80.39311981201172,163.39999389648438,67.7472915649414
2011-11-28,92.41869354248047,80.35313415527344,166.6300048828125,67.7553482055664
2011-11-29,92.68116760253906,79.69429016113281,166.8800048828125,67.76338958740234
2011-11-30,96.49494171142578,78.44974517822266,170.1300048828125,67.76338958740234
2011-12-01,96.4795150756836,78.0561294555664,169.6300048828125,67.76736450195312
2011-12-02,96.39459991455078,79.15032196044922,169.82000732421875,67.75130462646484
2011-12-05,97.44453430175781,78.99020385742188,167.32000732421875,67.75933837890625
2011-12-06,97.47539520263672,78.23625183105469,168.17999267578125,67.75933837890625
2011-12-07,97.83827209472656,78.51652526855469,169.39999389648438,67.783447265625
2011-12-08,95.69204711914062,79.49718475341797,165.97999572753906,67.7913818359375
2011-12-09,97.31330108642578,77.86267852783203,166.39999389648438,67.7913818359375
2011-12-12,95.8927993774414,78.72998809814453,161.99000549316406,67.7913818359375
2011-12-13,94.99723815917969,79.46385192871094,158.4499969482422,67.7913818359375
2011-12-14,93.98588562011719,80.96495819091797,152.88999938964844,67.77540588378906
2011-12-15,94.32557678222656,80.66474151611328,152.3300018310547,67.76736450195312
2011-12-16,94.46542358398438,81.60536193847656,155.22999572753906,67.79938507080078
2011-12-19,93.4554214477539,82.63944244384766,154.8699951171875,67.7913818359375
2011-12-20,96.28341674804688,80.57799530029297,156.97999572753906,67.77540588378906
2011-12-21,96.46987915039062,79.45711517333984,157.16000366210938,67.75130462646484
2011-12-22,97.32449340820312,79.79073333740234,156.0399932861328,67.74329376220703
2011-12-23,98.19462585449219,78.90338134765625,156.30999755859375,67.75933837890625
2011-12-27,98.27229309082031,79.27822875976562,154.91000366210938,67.73442840576172
2011-12-28,96.98261260986328,80.74402618408203,151.02999877929688,67.75049591064453
2011-12-29,97.98484802246094,80.89130401611328,150.33999633789062,67.7585220336914
2011-12-30,97.50318145751953,81.15229797363281,151.99000549316406,67.79865264892578
2012-01-03,99.0570297241211,79.9341049194336,155.9199981689453,67.7585220336914
2012-01-04,99.21240234375,78.98375701904297,156.7100067138672,67.76652526855469
2012-01-05,99.47652435302734,78.84323120117188,157.77999877929688,67.77458190917969
2012-01-06,99.22016906738281,79.46565246582031,157.1999969482422,67.76652526855469
2012-01-09,99.46101379394531,79.3250732421875,156.5,67.78260803222656
2012-01-10,100.32341003417969,79.19119262695312,158.63999938964844,67.79059600830078
2012-01-11,100.37779998779297,80.22191619873047,159.6699981689453,67.81472778320312
2012-01-12,100.61863708496094,80.10819244384766,160.3800048828125,67.80670166015625
2012-01-13,100.09806060791016,80.90463256835938,159.25999450683594,67.82272338867188
2012-01-17,100.48654174804688,81.27944946289062,160.5,67.83069610595703
2012-01-18,101.5975341796875,80.29556274414062,161.60000610351562,67.82272338867188
2012-01-19,102.13360595703125,79.19119262695312,161.22000122070312,67.82272338867188
2012-01-20,102.5142822265625,78.29440307617188,162.07000732421875,67.80670166015625
2012-01-23,102.2501449584961,77.799072265625,163.16000366210938,67.81472778320312
2012-01-24,102.13360595703125,77.93964385986328,162.00999450683594,67.81472778320312
2012-01-25,102.98820495605469,77.75224304199219,166.4199981689453,67.85479736328125
2012-01-26,102.45991516113281,78.78298950195312,167.27000427246094,67.86286926269531
2012-01-27,102.41331481933594,79.03059387207031,168.97000122070312,67.87889099121094
2012-01-30,102.06370544433594,79.96097564697266,168.02999877929688,67.85479736328125
2012-01-31,102.02484893798828,80.88458251953125,169.30999755859375,67.85479736328125
2012-02-01,102.91828918457031,79.95806884765625,169.55999755859375,67.83154296875
2012-02-02,103.08145141601562,79.92453002929688,171.0500030517578,67.83960723876953
2012-02-03,104.5264892578125,78.20695495605469,167.63999938964844,67.83960723876953
2012-02-06,104.45658111572266,78.98527526855469,167.17999267578125,67.82351684570312
2012-02-07,104.72073364257812,78.00572204589844,169.6999969482422,67.80745697021484
2012-02-08,105.03148651123047,78.06607055664062,168.5,67.80745697021484
2012-02-09,105.16360473632812,77.48240661621094,168.02000427246094,67.77535247802734
2012-02-10,104.38667297363281,78.48878479003906,167.13999938964844,67.79137420654297
2012-02-13,105.16360473632812,78.58943939208984,167.50999450683594,67.75129699707031
2012-02-14,105.03148651123047,79.00537872314453,167.1199951171875,67.767333984375
2012-02-15,104.54206848144531,78.86447143554688,168.11000061035156,67.77535247802734
2012-02-16,105.69966888427734,78.23385620117188,168.0,67.75129699707031
2012-02-17,105.97935485839844,78.2137451171875,167.35000610351562,67.73522186279297
2012-02-21,106.02596282958984,77.34819793701172,171.02000427246094,67.71915435791016
2012-02-22,105.68412780761719,78.3210678100586,172.94000244140625,67.75129699707031
2012-02-23,106.15028381347656,78.3210678100586,173.02000427246094,67.74324798583984
2012-02-24,106.38330841064453,78.8309326171875,172.22999572753906,67.72721099853516
2012-02-27,106.5620346069336,79.52865600585938,171.6999969482422,67.74324798583984
2012-02-28,106.87284851074219,79.26701354980469,173.49000549316406,67.75927734375
2012-02-29,106.45325469970703,78.78392791748047,164.2899932861328,67.75927734375
2012-03-01,107.00489044189453,78.04226684570312,166.61000061035156,67.74726104736328
2012-03-02,106.67859649658203,78.77521514892578,166.33999633789062,67.76329803466797
2012-03-05,106.24346923828125,78.14988708496094,165.64999389648438,67.76329803466797
2012-03-06,104.68965911865234,79.09798431396484,162.6999969482422,67.76329803466797
2012-03-07,105.41997528076172,78.61384582519531,163.6300048828125,67.74726104736328
2012-03-08,106.46878814697266,77.8271255493164,165.27999877929688,67.72319030761719
2012-03-09,106.88056945800781,77.9818115234375,166.3800048828125,67.72319030761719
2012-03-12,106.88835144042969,77.96832275390625,165.07000732421875,67.73124694824219
2012-03-13,108.81510162353516,76.59658813476562,162.3000030517578,67.6910400390625
2012-03-14,108.69854736328125,74.66667175292969,159.57000732421875,67.59468078613281
2012-03-15,109.32786560058594,74.78097534179688,161.0800018310547,67.6348648071289
2012-03-16,109.47921752929688,74.92894744873047,161.3000030517578,67.67494201660156
2012-03-19,109.90843200683594,74.0345687866211,161.58999633789062,67.62682342529297
2012-03-20,109.5885009765625,74.33050537109375,160.1300048828125,67.61075592041016
2012-03-21,109.40901947021484,75.1710205078125,160.2100067138672,67.65091705322266
2012-03-22,108.62085723876953,75.41309356689453,159.57000732421875,67.6589126586914
2012-03-23,108.97203826904297,76.12586212158203,161.52999877929688,67.66696166992188
2012-03-26,110.50147247314453,75.73583984375,164.39999389648438,67.68304443359375
2012-03-27,110.15811157226562,76.28050994873047,163.24000549316406,67.70713806152344
2012-03-28,109.6119155883789,76.1728515625,161.50999450683594,67.6910400390625
2012-03-29,109.42462158203125,76.74451446533203,161.27999877929688,67.7151107788086
2012-03-30,109.87720489501953,75.44668579101562,162.1199951171875,67.70713806152344
2012-04-02,110.68089294433594,75.86469268798828,162.94000244140625,67.72319030761719
2012-04-03,110.2283706665039,74.55005645751953,159.88999938964844,67.67498016357422
2012-04-04,109.13591003417969,75.57479095458984,157.2100067138672,67.69107055664062
2012-04-05,109.08126831054688,76.12084197998047,158.30999755859375,67.7151107788086
2012-04-09,107.85615539550781,77.90066528320312,159.3699951171875,67.76334381103516
2012-04-10,106.04582214355469,78.7838363647461,161.10000610351562,67.79546356201172
2012-04-11,106.9041748046875,77.83998107910156,161.07000732421875,67.78742980957031
2012-04-12,108.30098724365234,77.51641845703125,162.6999969482422,67.79546356201172
2012-04-13,107.01339721679688,78.7703857421875,160.85000610351562,67.80350494384766
2012-04-16,106.94318389892578,78.65576934814453,160.4600067138672,67.80350494384766
2012-04-17,108.52725982666016,78.6085433959961,160.25,67.80350494384766
2012-04-18,108.16050720214844,78.83777618408203,159.30999755859375,67.81954193115234
2012-04-19,107.46599578857422,78.91197967529297,159.42999267578125,67.82756805419922
2012-04-20,107.6454849243164,78.92544555664062,159.5399932861328,67.82756805419922
2012-04-23,106.74028778076172,79.49847412109375,159.07000732421875,67.84368133544922
2012-04-24,107.1460952758789,78.93888092041016,159.3000030517578,67.81954193115234
2012-04-25,108.61309814453125,78.53439331054688,159.6199951171875,67.83564758300781
2012-04-26,109.37001037597656,79.00631713867188,161.02999877929688,67.84368133544922
2012-04-27,109.54946899414062,79.07376098632812,161.3800048828125,67.82756805419922
2012-04-30,109.14373016357422,79.0939712524414,161.8800048828125,67.84368133544922
2012-05-01,109.82261657714844,78.68377685546875,161.32000732421875,67.84208679199219
2012-05-02,109.494873046875,79.23786926269531,160.58999633789062,67.85006713867188
2012-05-03,108.659912109375,79.21766662597656,158.97000122070312,67.84208679199219
2012-05-04,106.9041748046875,79.83940124511719,159.47000122070312,67.86615753173828
2012-05-07,106.98219299316406,79.85289001464844,159.0800018310547,67.86615753173828
2012-05-08,106.55303955078125,80.27862548828125,156.0,67.87419128417969
2012-05-09,105.92098236083984,80.33275604248047,154.47000122070312,67.86615753173828
2012-05-10,106.13947296142578,80.09620666503906,154.77000427246094,67.85814666748047
2012-05-11,105.8195571899414,80.75848388671875,153.55999755859375,67.86615753173828
2012-05-14,104.64903259277344,81.88709259033203,151.3300018310547,67.85814666748047
2012-05-15,104.0482177734375,82.21821594238281,149.74000549316406,67.85006713867188
2012-05-16,103.6502685546875,82.45476531982422,149.4600067138672,67.84208679199219
2012-05-17,102.11299896240234,83.91447448730469,152.8000030517578,67.80992126464844
2012-05-18,101.23905944824219,83.93475341796875,154.5500030517578,67.81792449951172
2012-05-21,102.9791488647461,83.759033203125,154.64999389648438,67.82601165771484
2012-05-22,103.15862274169922,82.82642364501953,152.0800018310547,67.80191802978516
2012-05-23,103.21324920654297,83.40088653564453,151.6199951171875,67.83399200439453
2012-05-24,103.4161376953125,83.08322143554688,151.41000366210938,67.80992126464844
2012-05-25,103.08059692382812,83.39409637451172,152.67999267578125,67.84208679199219
2012-05-29,104.3291015625,83.13731384277344,151.02000427246094,67.82601165771484
2012-05-30,102.81526184082031,85.24580383300781,151.91000366210938,67.85814666748047
2012-05-31,102.5890121459961,86.23247528076172,151.6199951171875,67.88221740722656
2012-06-01,100.00615692138672,88.2796630859375,157.5,67.88862609863281
2012-06-04,99.95930480957031,87.5821304321289,157.32000732421875,67.880615234375
2012-06-05,100.71625518798828,86.41061401367188,157.13999938964844,67.89674377441406
2012-06-06,102.9791488647461,84.68373107910156,157.2100067138672,67.87256622314453
2012-06-07,103.04158782958984,84.81240844726562,154.5,67.8645248413086
2012-06-08,103.86095428466797,84.79208374023438,154.72999572753906,67.8645248413086
2012-06-11,102.54218292236328,85.17808532714844,155.36000061035156,67.8645248413086
2012-06-12,103.72047424316406,84.3993148803711,156.4600067138672,67.83238220214844
2012-06-13,103.05721282958984,85.23226165771484,157.1199951171875,67.82435607910156
2012-06-14,104.149658203125,85.12386322021484,157.75,67.83238220214844
2012-06-15,105.21479797363281,85.59796142578125,157.83999633789062,67.85653686523438
2012-06-18,105.41876983642578,86.05843353271484,157.92999267578125,67.84044647216797
2012-06-19,106.43843078613281,84.93426513671875,157.16000366210938,67.83238220214844
2012-06-20,106.26587677001953,85.35413360595703,155.97000122070312,67.80831146240234
2012-06-21,103.88137817382812,85.80787658691406,152.02000427246094,67.81632232666016
2012-06-22,104.68146514892578,84.66341400146484,152.63999938964844,67.82435607910156
2012-06-25,103.0029067993164,85.89592742919922,153.75999450683594,67.82435607910156
2012-06-26,103.52057647705078,85.55730438232422,152.6199951171875,67.80831146240234
2012-06-27,104.45396423339844,85.6927719116211,152.8300018310547,67.80831146240234
2012-06-28,104.15589141845703,85.90271759033203,151.0500030517578,67.81632232666016
2012-06-29,106.75215148925781,84.7852783203125,155.19000244140625,67.81632232666016
2012-07-02,107.07376861572266,85.66007995605469,155.08999633789062,67.83724212646484
2012-07-03,107.77970886230469,85.00181579589844,157.4600067138672,67.82113647460938
2012-07-05,107.29336547851562,85.43611907958984,155.67999267578125,67.84529113769531
2012-07-06,106.27373504638672,86.23013305664062,153.7100067138672,67.86942291259766
2012-07-09,106.14038848876953,86.99027252197266,154.0399932861328,67.86942291259766
2012-07-10,105.21479797363281,87.16673278808594,152.14999389648438,67.86942291259766
2012-07-11,105.23052215576172,87.2752914428711,152.99000549316406,67.8774185180664
2012-07-12,104.7206802368164,87.89286804199219,152.58999633789062,67.89350128173828
2012-07-13,106.47764587402344,87.66215515136719,154.13999938964844,67.90958404541016
2012-07-16,106.22667694091797,88.06937408447266,154.2100067138672,67.93376159667969
2012-07-17,106.95611572265625,87.3770980834961,153.47000122070312,67.92567443847656
2012-07-18,107.74832153320312,87.42459106445312,153.0500030517578,67.9417724609375
2012-07-19,108.03069305419922,87.20063781738281,153.3800048828125,67.95783996582031
2012-07-20,107.04239654541016,88.26611328125,153.6699981689453,67.96591186523438
2012-07-23,105.9599609375,88.76155853271484,153.02999877929688,67.9738998413086
2012-07-24,105.05008697509766,89.46060943603516,153.52000427246094,67.95783996582031
2012-07-25,105.07365417480469,89.69129180908203,155.6699981689453,67.96591186523438
2012-07-26,106.80706024169922,88.8701171875,156.77000427246094,67.96591186523438
2012-07-27,108.77584838867188,87.19386291503906,157.5399932861328,67.91765594482422
2012-07-30,108.77584838867188,87.84540557861328,157.42999267578125,67.94978332519531
2012-07-31,108.01502227783203,88.02178192138672,156.49000549316406,67.96591186523438
2012-08-01,107.9209213256836,87.58180236816406,155.13999938964844,67.95466613769531
2012-08-02,107.17576599121094,88.07826232910156,154.1300048828125,67.96265411376953
2012-08-03,109.3013687133789,86.65690612792969,155.5500030517578,67.93854522705078
2012-08-06,109.51313781738281,86.69091796875,156.3000030517578,67.94658660888672
2012-08-07,110.06221008300781,85.57554626464844,156.27999877929688,67.91437530517578
2012-08-08,110.195556640625,85.11986541748047,156.47999572753906,67.89031219482422
2012-08-09,110.28965759277344,85.05865478515625,156.99000549316406,67.89031219482422
2012-08-10,110.47008514404297,85.48713684082031,157.17999267578125,67.9063720703125
2012-08-13,110.41513061523438,85.34430694580078,155.99000549316406,67.91437530517578
2012-08-14,110.43080139160156,84.18810272216797,155.1300048828125,67.8983383178711
2012-08-15,110.55632019042969,83.00485229492188,155.6300048828125,67.8741455078125
2012-08-16,111.3720474243164,82.29753112792969,156.55999755859375,67.86615753173828
2012-08-17,111.5210952758789,82.69876861572266,156.72000122070312,67.8741455078125
2012-08-20,111.52896118164062,82.8687744140625,157.25999450683594,67.8741455078125
2012-08-21,111.19170379638672,83.23601531982422,158.8300018310547,67.8741455078125
2012-08-22,111.23869323730469,84.60987091064453,160.5399932861328,67.91437530517578
2012-08-23,110.32886505126953,84.96346282958984,161.88999938964844,67.92243194580078
2012-08-24,110.99560546875,84.88182067871094,161.97000122070312,67.92243194580078
2012-08-27,111.01911926269531,85.37831115722656,161.36000061035156,67.91437530517578
2012-08-28,110.90930938720703,85.58233642578125,161.63999938964844,67.92243194580078
2012-08-29,110.99560546875,85.20832061767578,160.58999633789062,67.92243194580078
2012-08-30,110.195556640625,85.6503677368164,160.52000427246094,67.93045043945312
2012-08-31,110.72110748291016,86.86090087890625,164.22000122070312,67.97069549560547
2012-09-04,110.61911010742188,86.7736587524414,164.47999572753906,67.9658432006836
2012-09-05,110.52503204345703,86.3647689819336,164.30999755859375,67.9658432006836
2012-09-06,112.76824188232422,84.92670440673828,164.88999938964844,67.93366241455078
2012-09-07,113.20748138427734,84.53140258789062,168.44000244140625,67.94976806640625
2012-09-10,112.56425476074219,84.73584747314453,167.2899932861328,67.93366241455078
2012-09-11,112.8780517578125,84.2042465209961,167.89999389648438,67.94976806640625
2012-09-12,113.25457763671875,83.15470123291016,167.9199981689453,67.94171142578125
2012-09-13,114.98017120361328,82.82754516601562,171.30999755859375,67.9658432006836
2012-09-14,115.49003601074219,80.62618255615234,171.8000030517578,67.93366241455078
2012-09-17,115.09784698486328,81.59397888183594,170.39999389648438,67.93366241455078
2012-09-18,115.00370788574219,82.00289916992188,171.72000122070312,67.94171142578125
2012-09-19,115.06640625,82.54129791259766,171.74000549316406,67.94171142578125
2012-09-20,115.07427978515625,82.7457504272461,171.47000122070312,67.9256591796875
2012-09-21,115.02619934082031,82.84117126464844,171.9600067138672,67.93366241455078
2012-09-24,114.85272979736328,83.4886474609375,171.0500030517578,67.94171142578125
2012-09-25,113.63043212890625,84.31330108642578,170.77000427246094,67.9256591796875
2012-09-26,112.99170684814453,85.21975708007812,169.80999755859375,67.94171142578125
2012-09-27,114.05625915527344,84.61323547363281,172.33999633789062,67.94976806640625
2012-09-28,113.5279769897461,84.66088104248047,171.88999938964844,67.98197174072266
2012-10-01,113.82755279541016,84.97506713867188,172.2899932861328,67.98353576660156
2012-10-02,113.94583892822266,84.85892486572266,172.10000610351562,67.96745300292969
2012-10-03,114.41109466552734,84.88632202148438,172.41000366210938,67.96745300292969
2012-10-04,115.231201171875,83.82766723632812,173.61000061035156,67.96745300292969
2012-10-05,115.23910522460938,82.74176788330078,172.6199951171875,67.9353256225586
2012-10-08,114.84481048583984,83.43842315673828,172.0500030517578,67.9433364868164
2012-10-09,113.70929718017578,83.28812408447266,170.99000549316406,67.9433364868164
2012-10-10,112.98383331298828,83.87547302246094,170.83999633789062,67.9353256225586
2012-10-11,113.04688262939453,84.45600128173828,171.32000732421875,67.92728424072266
2012-10-12,112.67633056640625,84.66776275634766,170.05999755859375,67.95135498046875
2012-10-15,113.61468505859375,84.47647094726562,168.35000610351562,67.9353256225586
2012-10-16,114.7659912109375,83.30863189697266,169.4199981689453,67.9353256225586
2012-10-17,115.28642272949219,82.53691864013672,169.5399932861328,67.89505004882812
2012-10-18,114.98680114746094,82.03144836425781,168.7899932861328,67.9030990600586
2012-10-19,113.07060241699219,83.14468383789062,166.97000122070312,67.9030990600586
2012-10-22,113.0863265991211,82.61204528808594,167.5800018310547,67.87896728515625
2012-10-23,111.5171127319336,83.7935791015625,165.42999267578125,67.91111755371094
2012-10-24,111.20170593261719,82.96713256835938,164.86000061035156,67.9030990600586
2012-10-25,111.52501678466797,82.54367065429688,166.02000427246094,67.87896728515625
2012-10-26,111.46192169189453,83.75934600830078,165.92999267578125,67.89505004882812
2012-10-31,111.46192169189453,84.25113677978516,166.8300018310547,67.9353256225586
2012-11-01,112.62898254394531,83.56130981445312,166.07000732421875,67.91919708251953
2012-11-02,111.62755584716797,83.49988555908203,162.60000610351562,67.91111755371094
2012-11-05,111.8562240600586,83.9710922241211,163.22999572753906,67.91111755371094
2012-11-06,112.73152923583984,83.17887115478516,166.3000030517578,67.88701629638672
2012-11-07,110.17655181884766,84.68822479248047,166.49000549316406,67.9433364868164
2012-11-08,108.85179901123047,85.94486236572266,167.99000549316406,67.9433364868164
2012-11-09,108.94646453857422,86.04049682617188,167.82000732421875,67.9433364868164
2012-11-12,109.03318786621094,86.18392181396484,167.4499969482422,67.9433364868164
2012-11-13,108.6546630859375,86.47074127197266,167.10000610351562,67.95135498046875
2012-11-14,107.18799591064453,86.55271911621094,167.13999938964844,67.96745300292969
2012-11-15,107.00662994384766,86.38201141357422,166.08999633789062,67.96745300292969
2012-11-16,107.53495025634766,86.30685424804688,165.8800048828125,67.96745300292969
2012-11-19,109.71134185791016,85.82191467285156,167.8699951171875,67.95938873291016
2012-11-20,109.75865936279297,84.96141052246094,167.38999938964844,67.9433364868164
2012-11-21,109.96371459960938,84.91362762451172,167.55999755859375,67.9353256225586
2012-11-23,111.46192169189453,84.83163452148438,169.61000061035156,67.9353256225586
2012-11-26,111.22539520263672,85.23458099365234,169.42999267578125,67.92728424072266
2012-11-27,110.6576156616211,85.56926727294922,168.7100067138672,67.9353256225586
2012-11-28,111.54866790771484,85.44631958007812,166.5500030517578,67.9433364868164
2012-11-29,112.06912994384766,85.4599609375,167.17999267578125,67.9433364868164
2012-11-30,112.09278106689453,85.22773742675781,166.0500030517578,67.95135498046875
2012-12-03,111.54078674316406,85.30644226074219,166.1300048828125,67.95939636230469
2012-12-04,111.38304901123047,85.79914093017578,164.4199981689453,67.95939636230469
2012-12-05,111.58023071289062,85.7580795288086,164.1199951171875,67.97555541992188
2012-12-06,111.95868682861328,85.94287109375,164.5,67.97555541992188
2012-12-07,112.29783630371094,85.14907836914062,165.16000366210938,67.97555541992188
2012-12-10,112.34510803222656,85.52545928955078,165.8000030517578,67.97555541992188
2012-12-11,113.11003875732422,84.87535858154297,165.64999389648438,67.97555541992188
2012-12-12,113.16515350341797,83.8899154663086,165.77000427246094,67.96745300292969
2012-12-13,112.4712905883789,83.95150756835938,164.3699951171875,67.96745300292969
2012-12-14,112.0533676147461,84.58106994628906,164.1300048828125,67.98352813720703
2012-12-17,113.37023162841797,83.3150863647461,164.44000244140625,67.96745300292969
2012-12-18,114.63190460205078,82.46653747558594,162.0800018310547,67.92725372314453
2012-12-19,113.78028106689453,82.74028015136719,161.69000244140625,67.9433364868164
2012-12-20,114.43476867675781,82.75399017333984,159.72999572753906,67.93531036376953
2012-12-21,113.39604949951172,83.65724182128906,160.3300018310547,67.9433364868164
2012-12-24,113.0466537475586,83.5067138671875,160.6199951171875,67.9433364868164
2012-12-26,112.5700912475586,83.8071060180664,160.77999877929688,67.94416046142578
2012-12-27,112.41926574707031,84.08828735351562,161.16000366210938,67.96827697753906
2012-12-28,111.20416259765625,84.56835174560547,160.5399932861328,67.96827697753906
2012-12-31,113.09429931640625,83.10758209228516,162.02000427246094,67.96827697753906
2013-01-02,115.99286651611328,81.9965591430664,163.1699981689453,67.95220184326172
2013-01-03,115.73080444335938,80.88555145263672,161.1999969482422,67.95220184326172
2013-01-04,116.23905944824219,81.20099639892578,160.44000244140625,67.96025085449219
2013-01-07,115.92144012451172,81.2352523803711,159.42999267578125,67.96025085449219
2013-01-08,115.58792877197266,81.77021026611328,160.55999755859375,67.96827697753906
2013-01-09,115.88175201416016,81.69478607177734,160.49000549316406,67.99246978759766
2013-01-10,116.80290222167969,81.4684829711914,161.97999572753906,67.98436737060547
2013-01-11,116.79502868652344,82.19537353515625,161.05999755859375,67.97631072998047
2013-01-14,116.7155532836914,81.96910858154297,161.5399932861328,67.97631072998047
2013-01-15,116.79502868652344,82.34634399414062,162.55999755859375,67.98436737060547
2013-01-16,116.77909851074219,82.51776123046875,162.64999389648438,67.98436737060547
2013-01-17,117.53351593017578,81.69478607177734,163.35000610351562,67.97631072998047
2013-01-18,117.79561614990234,82.32576751708984,163.08999633789062,67.97631072998047
2013-01-22,118.430908203125,82.4834976196289,163.6699981689453,67.99246978759766
2013-01-23,118.62151336669922,82.3600082397461,163.2100067138672,67.99246978759766
2013-01-24,118.65335845947266,82.07201385498047,161.4199981689453,67.99246978759766
2013-01-25,119.32039642333984,80.9472427368164,160.64999389648438,67.96025085449219
2013-01-28,119.17739868164062,80.6523208618164,160.2899932861328,67.93611907958984
2013-01-29,119.64596557617188,80.20659637451172,160.99000549316406,67.94416046142578
2013-01-30,119.17739868164062,80.06938934326172,162.19000244140625,67.96827697753906
2013-01-31,118.88359069824219,80.46028900146484,161.1999969482422,67.97631072998047
2013-02-01,120.10655975341797,79.41555786132812,161.4499969482422,67.96910858154297
2013-02-04,118.75647735595703,80.43282318115234,162.0,67.98518371582031
2013-02-05,119.95568084716797,79.71797943115234,161.9600067138672,67.98518371582031
2013-02-06,120.04304504394531,80.37094116210938,162.38999938964844,68.00131225585938
2013-02-07,119.88422393798828,80.19226837158203,161.83999633789062,68.00131225585938
2013-02-08,120.55123901367188,80.50153350830078,161.57000732421875,68.00933837890625
2013-02-11,120.52745819091797,80.43966674804688,159.6999969482422,67.98518371582031
2013-02-12,120.72602081298828,80.24034881591797,159.88999938964844,67.96910858154297
2013-02-13,120.8292465209961,79.58739471435547,159.0500030517578,67.9610366821289
2013-02-14,120.94039916992188,80.30907440185547,158.35000610351562,67.96910858154297
2013-02-15,120.79750061035156,80.07540130615234,155.75999450683594,67.97712707519531
2013-02-19,121.70277404785156,79.6767578125,155.3300018310547,67.96910858154297
2013-02-20,120.18600463867188,79.9173355102539,151.44000244140625,67.96910858154297
2013-02-21,119.45538330078125,80.38473510742188,152.6199951171875,67.99327087402344
2013-02-22,120.6227035522461,80.43966674804688,152.97000122070312,67.99327087402344
2013-02-25,118.32770538330078,82.02058410644531,154.33999633789062,68.00933837890625
2013-02-26,119.13771057128906,81.5462875366211,156.22000122070312,68.02545928955078
2013-02-27,120.63867950439453,81.30573272705078,154.57000732421875,68.02545928955078
2013-02-28,120.40040588378906,81.45698547363281,153.0,68.01736450195312
2013-03-01,120.79750061035156,81.90055847167969,152.44000244140625,68.03186798095703
2013-03-04,121.44072723388672,81.46658325195312,152.3000030517578,68.02384185791016
2013-03-05,122.52871704101562,81.23239135742188,152.3800048828125,68.01579284667969
2013-03-06,122.69548034667969,80.49534606933594,153.22999572753906,68.00777435302734
2013-03-07,122.91787719726562,79.87539672851562,152.69000244140625,67.99162292480469
2013-03-08,123.44196319580078,79.04200744628906,152.7100067138672,67.99969482421875
2013-03-11,123.91056060791016,79.11774444580078,152.99000549316406,67.99162292480469
2013-03-12,123.63259887695312,79.68943786621094,154.19000244140625,68.00777435302734
2013-03-13,123.80732727050781,79.6068115234375,153.66000366210938,67.99162292480469
2013-03-14,124.46644592285156,79.36566925048828,153.67999267578125,67.99162292480469
2013-03-15,124.30207061767578,79.7376937866211,154.0,68.01579284667969
2013-03-18,123.61611938476562,80.34385681152344,155.3800048828125,68.03186798095703
2013-03-19,123.32894134521484,80.88797760009766,156.0800018310547,68.02384185791016
2013-03-20,124.19039916992188,79.98565673828125,155.3699951171875,68.01579284667969
2013-03-21,123.1295166015625,80.75711059570312,156.25,68.02384185791016
2013-03-22,124.11866760253906,80.81914520263672,155.5500030517578,68.00777435302734
2013-03-25,123.60012817382812,80.74335479736328,155.24000549316406,68.00777435302734
2013-03-26,124.58928680419922,80.8398208618164,154.72000122070312,68.01579284667969
2013-03-27,124.58928680419922,81.52860260009766,155.36000061035156,68.03186798095703
2013-03-28,124.97213745117188,81.11531829833984,154.4499969482422,68.03996276855469
2013-04-01,124.4776382446289,81.72625732421875,154.6699981689453,68.04639434814453
2013-04-02,125.09178161621094,81.39486694335938,152.42999267578125,68.04639434814453
2013-04-03,123.82350158691406,82.12663269042969,150.72999572753906,68.0383071899414
2013-04-04,124.32600402832031,83.10681915283203,150.2899932861328,68.06253814697266
2013-04-05,123.76764678955078,84.78436279296875,152.80999755859375,68.06253814697266
2013-04-08,124.60521697998047,84.13542938232422,152.16000366210938,68.04639434814453
2013-04-09,125.03599548339844,83.92837524414062,153.33999633789062,68.04639434814453
2013-04-10,126.56749725341797,82.7755126953125,150.75,68.04639434814453
2013-04-11,126.98231506347656,82.93427276611328,151.0500030517578,68.04639434814453
2013-04-12,126.67118072509766,84.16996002197266,143.9499969482422,68.05447387695312
2013-04-15,123.7357406616211,84.90172576904297,131.30999755859375,68.06253814697266
2013-04-16,125.56239318847656,84.20445251464844,132.8000030517578,68.06253814697266
2013-04-17,123.72772979736328,84.76358795166016,132.8699951171875,68.06253814697266
2013-04-18,122.95399475097656,84.97067260742188,134.3000030517578,68.06253814697266
2013-04-19,124.02293395996094,84.79119110107422,135.47000122070312,68.06253814697266
2013-04-22,124.57331085205078,84.85335540771484,137.89999389648438,68.07062530517578
2013-04-23,125.85760498046875,84.5564956665039,136.8800048828125,68.06253814697266
2013-04-24,125.93730163574219,84.77049255371094,138.3699951171875,68.07062530517578
2013-04-25,126.44786071777344,84.4046630859375,141.6300048828125,68.06253814697266
2013-04-26,126.22447967529297,85.17781829833984,140.91000366210938,68.07861328125
2013-04-29,127.06999969482422,84.86714935302734,142.3000030517578,68.09473419189453
2013-04-30,127.37317657470703,84.91547393798828,142.77000427246094,68.0866928100586
2013-05-01,126.25640106201172,85.78782653808594,141.11000061035156,68.10043334960938
2013-05-02,127.42900848388672,85.6771240234375,141.9199981689453,68.09232330322266
2013-05-03,128.72122192382812,83.65715789794922,142.08999633789062,68.06818389892578
2013-05-06,129.0482940673828,83.44956970214844,142.14999389648438,68.06818389892578
2013-05-07,129.70237731933594,83.12444305419922,140.3800048828125,68.06818389892578
2013-05-08,130.29261779785156,83.25592041015625,142.4600067138672,68.07621765136719
2013-05-09,129.9257049560547,83.04147338867188,140.80999755859375,68.06818389892578
2013-05-10,130.3484649658203,82.14903259277344,139.60000610351562,68.06011962890625
2013-05-13,130.45217895507812,81.51950073242188,138.42999267578125,68.04399108886719
2013-05-14,131.80026245117188,80.63404846191406,137.80999755859375,68.04399108886719
2013-05-15,132.51022338867188,81.17364501953125,134.6300048828125,68.05204010009766
2013-05-16,131.88795471191406,82.01763153076172,134.08999633789062,68.06818389892578
2013-05-17,133.16427612304688,80.9799575805664,131.07000732421875,68.05204010009766
2013-05-20,133.15634155273438,80.88311767578125,135.1199951171875,68.06011962890625
2013-05-21,133.34768676757812,81.51950073242188,132.8800048828125,68.06011962890625
2013-05-22,132.35867309570312,80.30888366699219,131.94000244140625,68.03594207763672
2013-05-23,131.97576904296875,80.68939208984375,134.61000061035156,68.05204010009766
2013-05-24,131.86402893066406,80.80010223388672,133.75999450683594,68.03594207763672
2013-05-28,132.65383911132812,78.75239562988281,133.49000549316406,67.98757934570312
2013-05-29,131.79226684570312,79.63789367675781,134.8300018310547,67.98757934570312
2013-05-30,132.27890014648438,79.44416809082031,136.6999969482422,68.00373077392578
2013-05-31,130.38040161132812,79.17437744140625,133.9199981689453,67.99566650390625
2013-06-03,131.09829711914062,79.59391021728516,136.50999450683594,68.01740264892578
2013-06-04,130.46812438964844,78.85887145996094,135.22999572753906,68.01740264892578
2013-06-05,128.64149475097656,79.94754028320312,135.52000427246094,68.02546691894531
2013-06-06,129.80604553222656,79.89903259277344,136.52999877929688,68.01740264892578
2013-06-07,131.45729064941406,78.47055053710938,133.27999877929688,68.00933837890625
2013-06-10,131.45729064941406,78.0960693359375,133.94000244140625,67.98517608642578
2013-06-11,130.10121154785156,79.02530670166016,133.25,67.97708129882812
2013-06-12,129.02430725097656,77.89495849609375,134.25,67.968994140625
2013-06-13,130.98667907714844,79.11544799804688,133.74000549316406,68.00128173828125
2013-06-14,130.16497802734375,78.92822265625,134.42999267578125,68.04964447021484
2013-06-17,131.17002868652344,78.51213073730469,133.77000427246094,68.04964447021484
2013-06-18,132.20706176757812,78.55369567871094,132.1300048828125,68.04964447021484
2013-06-19,130.38040161132812,77.74241638183594,130.58999633789062,67.968994140625
2013-06-20,127.14976501464844,76.46652221679688,123.5999984741211,67.96100616455078
2013-06-21,127.55801391601562,75.16970825195312,125.05000305175781,67.9045181274414
2013-06-24,125.94615936279297,75.48181915283203,123.93000030517578,67.87232971191406
2013-06-25,127.15702056884766,74.80912780761719,123.47000122070312,67.86428833007812
2013-06-26,128.416015625,75.29454040527344,118.27999877929688,67.89649963378906
2013-06-27,129.16981506347656,76.06429290771484,115.94000244140625,67.93679809570312
2013-06-28,128.6405792236328,76.58435821533203,119.11000061035156,67.92874908447266
2013-07-01,129.39430236816406,76.73865509033203,121.12999725341797,67.95855712890625
2013-07-02,129.2740478515625,76.69002532958984,120.05000305175781,67.96664428710938
2013-07-03,129.33016967773438,76.46063995361328,120.73999786376953,67.95855712890625
2013-07-05,130.72552490234375,73.85429382324219,118.08999633789062,67.88603210449219
2013-07-08,131.4712677001953,74.57013702392578,119.51000213623047,67.93435668945312
2013-07-09,132.41746520996094,74.6466293334961,120.62000274658203,67.92627716064453
2013-07-10,132.4655303955078,74.06275177001953,120.94999694824219,67.92627716064453
2013-07-11,134.26988220214844,74.93160247802734,124.23999786376953,67.98271179199219
2013-07-12,134.3260040283203,74.86903381347656,124.12999725341797,67.94245147705078
2013-07-15,134.83926391601562,75.26519775390625,124.18000030517578,67.97470092773438
2013-07-16,134.33399963378906,75.52232360839844,124.88999938964844,67.98271179199219
2013-07-17,134.67880249023438,75.66136169433594,123.31999969482422,68.00694274902344
2013-07-18,135.41661071777344,74.71610260009766,124.01000213623047,67.99891662597656
2013-07-19,135.65716552734375,75.89769744873047,125.11000061035156,68.0311279296875
2013-07-22,135.92178344726562,76.00882720947266,128.83999633789062,68.0311279296875
2013-07-23,135.63311767578125,75.68914794921875,129.7100067138672,68.02305603027344
2013-07-24,135.1359100341797,74.72998809814453,127.4800033569336,67.99078369140625
2013-07-25,135.4646759033203,74.70219421386719,128.6699981689453,68.0311279296875
2013-07-26,135.6090545654297,75.16094970703125,128.77999877929688,68.03917694091797
2013-07-29,135.19198608398438,74.61181640625,128.47000122070312,68.0311279296875
2013-07-30,135.19198608398438,74.58405303955078,128.1199951171875,68.03917694091797
2013-07-31,135.28826904296875,74.85513305664062,127.95999908447266,68.03917694091797
2013-08-01,136.85198974609375,73.41277313232422,126.61000061035156,68.01338195800781
2013-08-02,137.08453369140625,74.22103118896484,126.36000061035156,68.06178283691406
2013-08-05,136.88404846191406,73.64967346191406,125.69999694824219,68.05369567871094
2013-08-06,136.10623168945312,73.86568450927734,123.97000122070312,68.045654296875
2013-08-07,135.6651611328125,74.41618347167969,124.1500015258789,68.06178283691406
2013-08-08,136.16232299804688,74.6181640625,126.86000061035156,68.06178283691406
2013-08-09,135.76939392089844,74.7366943359375,126.86000061035156,68.045654296875
2013-08-12,135.6090545654297,74.22802734375,129.1300048828125,68.045654296875
2013-08-13,136.00991821289062,73.15497589111328,127.73999786376953,68.01338195800781
2013-08-14,135.31231689453125,73.26646423339844,129.0,68.01338195800781
2013-08-15,133.41989135742188,72.27706909179688,131.69000244140625,67.98920440673828
2013-08-16,132.9788055419922,72.02620697021484,132.5800018310547,67.99720764160156
2013-08-19,132.12881469726562,71.39912414550781,132.00999450683594,67.98113250732422
2013-08-20,132.77838134765625,71.94953155517578,132.4499969482422,67.99720764160156
2013-08-21,131.96043395996094,71.16219329833984,132.07000732421875,67.95693969726562
2013-08-22,133.16322326660156,71.88687133789062,132.80999755859375,67.93270111083984
2013-08-23,133.61231994628906,72.667236328125,134.89999389648438,67.93270111083984
2013-08-26,133.1151123046875,73.02954864501953,135.4499969482422,67.95693969726562
2013-08-27,130.97412109375,73.94930267333984,136.75,67.98920440673828
2013-08-28,131.43917846679688,73.3500747680664,136.7100067138672,67.9488525390625
2013-08-29,131.6476593017578,73.93535614013672,135.8699951171875,67.96501159667969
2013-08-30,131.2306671142578,73.85171508789062,134.6199951171875,67.9730453491211
2013-09-03,131.82403564453125,72.81015014648438,136.4199981689453,67.94727325439453
2013-09-04,132.91464233398438,72.64945983886719,134.66000366210938,67.8827133178711
2013-09-05,133.08306884765625,71.63642120361328,132.1999969482422,67.81818389892578
2013-09-06,133.14723205566406,71.99270629882812,134.14999389648438,67.8827133178711
2013-09-09,134.42218017578125,72.02764892578125,133.91000366210938,67.89889526367188
2013-09-10,135.41661071777344,71.524658203125,131.74000549316406,67.87469482421875
2013-09-11,135.841552734375,72.160400390625,131.6999969482422,67.90695190429688
2013-09-12,135.4807586669922,72.06257629394531,127.66999816894531,67.90695190429688
2013-09-13,135.78543090820312,72.34202575683594,127.81999969482422,67.90695190429688
2013-09-16,136.57131958007812,71.86000061035156,126.44999694824219,67.95535278320312
2013-09-17,137.18075561523438,72.4538345336914,126.5,67.97948455810547
2013-09-18,138.76849365234375,73.34808349609375,132.00999450683594,68.06824493408203
2013-09-19,138.5359344482422,72.91494750976562,131.75,68.04405212402344
2013-09-20,137.56736755371094,73.29914093017578,127.95999908447266,68.0521240234375
2013-09-23,136.9307861328125,73.83709716796875,127.55000305175781,68.06824493408203
2013-09-24,136.60850524902344,74.63351440429688,127.66000366210938,68.07633209228516
2013-09-25,136.21360778808594,74.78723907470703,128.7899932861328,68.1004409790039
2013-09-26,136.73736572265625,74.26322937011719,127.79000091552734,68.06824493408203
2013-09-27,136.10891723632812,74.4448471069336,128.97000122070312,68.10855865478516
2013-09-30,135.3836212158203,74.33307647705078,128.17999267578125,68.12467956542969
2013-10-01,136.45535278320312,74.10759735107422,124.58999633789062,68.10697937011719
2013-10-02,136.3264617919922,74.21961975097656,127.05999755859375,68.11494445800781
2013-10-03,135.06939697265625,74.10055541992188,127.18000030517578,68.11494445800781
2013-10-04,136.09278869628906,74.04449462890625,126.52999877929688,68.0908432006836
2013-10-07,134.9163055419922,74.34567260742188,127.63999938964844,68.0908432006836
2013-10-08,133.34494018554688,74.36670684814453,127.4000015258789,68.03433990478516
2013-10-09,133.44166564941406,73.77130126953125,126.11000061035156,68.05854797363281
2013-10-10,136.31842041015625,73.89041137695312,124.2699966430664,68.05854797363281
2013-10-11,137.19668579101562,73.86941528320312,122.5999984741211,68.05854797363281
2013-10-14,137.7447052001953,73.27404022216797,122.83000183105469,68.03433990478516
2013-10-15,136.7454376220703,73.22499084472656,123.7300033569336,68.05854797363281
2013-10-16,138.65524291992188,74.1426010131836,123.54000091552734,68.08274841308594
2013-10-17,139.5818634033203,74.81503295898438,127.41999816894531,68.10697937011719
2013-10-18,140.52467346191406,74.97608947753906,126.8499984741211,68.10697937011719
2013-10-21,140.5327606201172,74.73795318603516,126.9800033569336,68.10697937011719
2013-10-22,141.3466033935547,75.57152557373047,129.33999633789062,68.16339111328125
2013-10-23,140.6697998046875,75.86566925048828,128.69000244140625,68.13920593261719
2013-10-24,141.1371307373047,75.57152557373047,129.89999389648438,68.13111877441406
2013-10-25,141.78176879882812,75.8516845703125,130.4600067138672,68.14727020263672
2013-10-28,142.00735473632812,75.59249114990234,130.55999755859375,68.16339111328125
2013-10-29,142.7648468017578,75.6905746459961,129.77000427246094,68.16339111328125
2013-10-30,142.0557098388672,75.23528289794922,129.60000610351562,68.16339111328125
2013-10-31,141.65281677246094,75.39633178710938,127.73999786376953,68.17150115966797
2013-11-01,141.99127197265625,74.58030700683594,126.94999694824219,68.14647674560547
2013-11-04,142.49085998535156,74.65048217773438,126.80999755859375,68.16260528564453
2013-11-05,142.03961181640625,73.7585678100586,126.55999755859375,68.16260528564453
2013-11-06,142.7648468017578,73.79371643066406,127.19999694824219,68.17871856689453
2013-11-07,140.95980834960938,74.41879272460938,126.16000366210938,68.19486236572266
2013-11-08,142.86155700683594,72.6278076171875,124.27999877929688,68.14647674560547
2013-11-11,142.8857421875,72.35391235351562,123.87000274658203,68.16260528564453
2013-11-12,142.5956573486328,72.69100952148438,122.44999694824219,68.14647674560547
2013-11-13,143.73983764648438,72.9578857421875,122.8499984741211,68.14647674560547
2013-11-14,144.45706176757812,73.40739440917969,124.2699966430664,68.18682098388672
2013-11-15,145.08560180664062,73.55486297607422,124.31999969482422,68.18682098388672
2013-11-18,144.5779266357422,73.99734497070312,122.9000015258789,68.2191162109375
2013-11-19,144.26365661621094,73.43547058105469,122.94999694824219,68.19486236572266
2013-11-20,143.81236267089844,72.18537139892578,120.12000274658203,68.20294189453125
2013-11-21,144.9727325439453,72.30475616455078,119.94000244140625,68.23521423339844
2013-11-22,145.69798278808594,72.97896575927734,119.91999816894531,68.2191162109375
2013-11-25,145.55296325683594,73.18964385986328,120.45999908447266,68.2191162109375
2013-11-26,145.5932159423828,73.46358489990234,119.81999969482422,68.22715759277344
2013-11-27,145.94773864746094,73.33714294433594,119.45999908447266,68.22715759277344
2013-11-29,145.85110473632812,73.35818481445312,120.69999694824219,68.23521423339844
2013-12-02,145.47235107421875,72.78763580322266,117.58000183105469,68.19403839111328
2013-12-03,144.84384155273438,73.05531311035156,117.95999908447266,68.21017456054688
2013-12-04,144.82769775390625,72.35798645019531,119.95999908447266,68.19403839111328
2013-12-05,144.19107055664062,72.1536636352539,118.30000305175781,68.2021484375
2013-12-06,145.80271911621094,72.49889373779297,118.55000305175781,68.17793273925781
2013-12-09,146.17340087890625,72.6679458618164,119.72000122070312,68.17793273925781
2013-12-10,145.649658203125,73.18921661376953,121.81999969482422,68.2021484375
2013-12-11,144.01385498046875,72.6256332397461,120.86000061035156,68.17793273925781
2013-12-12,143.53839111328125,72.35088348388672,118.29000091552734,68.1536865234375
2013-12-13,143.5222625732422,72.70307159423828,119.37999725341797,68.16984558105469
2013-12-16,144.41677856445312,72.43543243408203,119.69000244140625,68.16984558105469
2013-12-17,143.95741271972656,72.7594985961914,118.6500015258789,68.18595886230469
2013-12-18,146.41513061523438,72.39318084716797,117.61000061035156,68.18595886230469
2013-12-19,146.24595642089844,72.32269287109375,114.81999969482422,68.14561462402344
2013-12-20,147.0966033935547,73.43567657470703,115.94000244140625,68.12146759033203
2013-12-23,147.8825225830078,73.0201416015625,115.56999969482422,68.11337280273438
2013-12-24,148.20655822753906,72.43543243408203,116.0999984741211,68.08909606933594
2013-12-26,148.96006774902344,72.15630340576172,116.73999786376953,68.0818862915039
2013-12-27,148.9519500732422,71.9513168334961,117.12000274658203,68.11418151855469
2013-12-30,148.92762756347656,72.44602966308594,115.38999938964844,68.13033294677734
2013-12-31,149.6325225830078,71.98664855957031,116.12000274658203,68.11418151855469
2014-01-02,148.19845581054688,72.20575714111328,118.0,68.14644622802734
2014-01-03,148.17417907714844,72.20575714111328,119.29000091552734,68.12223815917969
2014-01-06,147.74478149414062,72.5096435546875,119.5,68.13033294677734
2014-01-07,148.6521453857422,72.69337463378906,118.81999969482422,68.13033294677734
2014-01-08,148.6845703125,72.49552917480469,118.12000274658203,68.06573486328125
2014-01-09,148.7817840576172,72.91954803466797,118.45999908447266,68.0818862915039
2014-01-10,149.18685913085938,73.78880310058594,120.26000213623047,68.14644622802734
2014-01-13,147.2019500732422,74.15631103515625,121.0199966430664,68.16258239746094
2014-01-14,148.80609130859375,73.81703186035156,119.88999938964844,68.14644622802734
2014-01-15,149.60816955566406,73.73931884765625,119.66000366210938,68.12223815917969
2014-01-16,149.41378784179688,74.23405456542969,119.79000091552734,68.138427734375
2014-01-17,148.7817840576172,74.54500579833984,120.93000030517578,68.138427734375
2014-01-21,149.2193145751953,74.60151672363281,119.69999694824219,68.13033294677734
2014-01-22,149.31651306152344,74.41775512695312,119.19000244140625,68.0980453491211
2014-01-23,148.09315490722656,75.47081756591797,121.79000091552734,68.16258239746094
2014-01-24,144.9334716796875,75.95848083496094,122.29000091552734,68.18682098388672
2014-01-27,144.220458984375,75.42839050292969,120.95999908447266,68.17874908447266
2014-01-28,145.07931518554688,75.61212158203125,120.94999694824219,68.17874908447266
2014-01-29,143.6857452392578,76.23404693603516,122.47000122070312,68.22715759277344
2014-01-30,145.2089080810547,76.0150146484375,119.7699966430664,68.21912384033203
2014-01-31,144.35821533203125,76.52384948730469,120.08999633789062,68.25143432617188
2014-02-03,141.10939025878906,77.45624542236328,121.31999969482422,68.27003479003906
2014-02-04,142.0978240966797,76.63433074951172,120.98999786376953,68.27804565429688
2014-02-05,141.91954040527344,75.92585754394531,121.29000091552734,68.24571990966797
2014-02-06,143.79112243652344,75.5998764038086,121.23999786376953,68.25379943847656
2014-02-07,145.57347106933594,75.6636962890625,122.16999816894531,68.27003479003906
2014-02-10,145.8407745361328,75.87622833251953,122.91999816894531,68.25379943847656
2014-02-11,147.43690490722656,75.43694305419922,124.36000061035156,68.23768615722656
2014-02-12,147.5098419189453,75.04728698730469,124.43000030517578,68.20536804199219
2014-02-13,148.27142333984375,75.47239685058594,125.48999786376953,68.24571990966797
2014-02-14,149.08969116210938,75.51488494873047,127.1500015258789,68.24571990966797
2014-02-18,149.26791381835938,75.68490600585938,127.4000015258789,68.27003479003906
2014-02-19,148.2794952392578,75.36614227294922,126.2699966430664,68.24571990966797
2014-02-20,149.15443420410156,75.18190002441406,127.5999984741211,68.25379943847656
2014-02-21,148.98434448242188,75.57862091064453,127.58000183105469,68.26194763183594
2014-02-24,149.81077575683594,75.38736724853516,128.99000549316406,68.26194763183594
2014-02-25,149.7540283203125,76.0604476928711,129.2100067138672,68.25379943847656
2014-02-26,149.7621612548828,76.46431732177734,128.11000061035156,68.28611755371094
2014-02-27,150.54798889160156,76.88236999511719,128.1999969482422,68.27804565429688
2014-02-28,150.9288330078125,76.92485809326172,127.62000274658203,68.27804565429688
2014-03-03,149.867431640625,77.43836212158203,130.2899932861328,68.31678771972656
2014-03-04,151.9739227294922,76.27355194091797,128.67999267578125,68.26026916503906
2014-03-05,152.11167907714844,76.4369125366211,128.88999938964844,68.28451538085938
2014-03-06,152.45999145507812,75.68402099609375,130.1699981689453,68.24414825439453
2014-03-07,152.52481079101562,75.20818328857422,129.08999633789062,68.19566345214844
2014-03-10,152.44383239746094,75.3147201538086,129.1300048828125,68.2037124633789
2014-03-11,151.69033813476562,75.51359558105469,129.86000061035156,68.2037124633789
2014-03-12,151.73089599609375,76.03913879394531,131.75999450683594,68.22796630859375
2014-03-13,150.02947998046875,77.06195068359375,132.2100067138672,68.2683334350586
2014-03-14,149.60816955566406,77.07614135742188,133.10000610351562,68.252197265625
2014-03-17,150.96121215820312,76.50084686279297,131.63999938964844,68.22796630859375
2014-03-18,152.03875732421875,76.77784729003906,130.6199951171875,68.24414825439453
2014-03-19,151.22853088378906,76.18121337890625,128.08999633789062,68.13104248046875
2014-03-20,152.11167907714844,76.04629516601562,127.86000061035156,68.13912200927734
2014-03-21,151.52169799804688,76.87017059326172,128.47000122070312,68.14720916748047
2014-03-24,150.8950653076172,77.41702270507812,126.18000030517578,68.11489868164062
2014-03-25,151.61117553710938,77.12586212158203,126.41000366210938,68.12303161621094
2014-03-26,150.520751953125,77.72956848144531,125.41000366210938,68.17143249511719
2014-03-27,150.203369140625,78.12019348144531,124.58999633789062,68.16337585449219
2014-03-28,150.9439239501953,77.6798095703125,124.55999755859375,68.16337585449219
2014-03-31,152.18081665039062,77.48806762695312,123.61000061035156,68.2037124633789
2014-04-01,153.1898956298828,76.82583618164062,123.38999938964844,68.16413879394531
2014-04-02,153.70257568359375,76.38433074951172,124.31999969482422,68.13994598388672
2014-04-03,153.49908447265625,76.71900177001953,123.91999816894531,68.15611267089844
2014-04-04,151.68441772460938,77.23172760009766,125.56999969482422,68.21260070800781
2014-04-07,150.00808715820312,77.69457244873047,124.91000366210938,68.2206802368164
2014-04-08,150.6265106201172,77.87966918945312,126.08999633789062,68.22872924804688
2014-04-09,152.24591064453125,77.49522399902344,126.31999969482422,68.26106262207031
2014-04-10,149.04786682128906,78.21437072753906,127.01000213623047,68.3015365600586
2014-04-11,147.7051239013672,78.84812927246094,126.93000030517578,68.29340362548828
2014-04-14,148.86883544921875,78.64163970947266,127.8499984741211,68.28536987304688
2014-04-15,149.8941650390625,79.13294982910156,125.48999786376953,68.28536987304688
2014-04-16,151.46470642089844,79.23262786865234,125.54000091552734,68.26106262207031
2014-04-17,151.67630004882812,78.36394500732422,124.75,68.24494171142578
2014-04-21,152.20521545410156,78.29987335205078,124.23999786376953,68.24494171142578
2014-04-22,152.89695739746094,78.56330871582031,123.77999877929688,68.21260070800781
2014-04-23,152.5388641357422,79.0119400024414,123.76000213623047,68.24494171142578
2014-04-24,152.8480987548828,79.16146087646484,124.55999755859375,68.22872924804688
2014-04-25,151.5949249267578,79.27539825439453,125.43000030517578,68.23689270019531
2014-04-28,152.0750274658203,78.89083099365234,124.87999725341797,68.23689270019531
2014-04-29,152.78297424316406,78.78404998779297,124.86000061035156,68.22872924804688
2014-04-30,153.2386932373047,79.11161804199219,124.22000122070312,68.27722930908203
2014-05-01,153.2549591064453,79.96031951904297,123.80000305175781,68.27804565429688
2014-05-02,153.03524780273438,80.4528579711914,125.05999755859375,68.26998901367188
2014-05-05,153.32818603515625,79.96746063232422,126.22000122070312,68.27804565429688
2014-05-06,151.99365234375,80.2886734008789,125.9800033569336,68.25382995605469
2014-05-07,152.88880920410156,80.0031509399414,124.16999816894531,68.27804565429688
2014-05-08,152.72604370117188,79.66051483154297,124.16999816894531,68.29417419433594
2014-05-09,152.95391845703125,79.40354919433594,124.0999984741211,68.31853485107422
2014-05-12,154.44305419921875,79.08232116699219,124.94000244140625,68.3023452758789
2014-05-13,154.5814208984375,79.76754760742188,124.5999984741211,68.32655334472656
2014-05-14,153.84898376464844,80.63127899169922,125.80999755859375,68.35077667236328
2014-05-15,152.49818420410156,81.27375030517578,124.7699966430664,68.35887145996094
2014-05-16,153.02713012695312,81.0453109741211,124.5,68.36695861816406
2014-05-19,153.58865356445312,80.44572448730469,124.58000183105469,68.38309478759766
2014-05-20,152.62030029296875,80.62413787841797,124.69000244140625,68.3912353515625
2014-05-21,153.90594482421875,80.13165283203125,124.38999938964844,68.3912353515625
2014-05-22,154.28033447265625,80.01744079589844,124.66999816894531,68.37503814697266
2014-05-23,154.89877319335938,80.44572448730469,124.51000213623047,68.35887145996094
2014-05-27,155.850830078125,80.91686248779297,121.8499984741211,68.37503814697266
2014-05-28,155.73690795898438,81.9161148071289,121.19999694824219,68.3912353515625
2014-05-29,156.54257202148438,81.48075866699219,120.94000244140625,68.38309478759766
2014-05-30,156.7948455810547,81.4450454711914,120.43000030517578,68.39926147460938
2014-06-02,156.97393798828125,80.839599609375,119.69999694824219,68.35315704345703
2014-06-03,156.8924560546875,79.84484100341797,120.01000213623047,68.33706665039062
2014-06-04,157.20977783203125,79.82337188720703,119.76000213623047,68.36126708984375
2014-06-05,158.23516845703125,79.85916900634766,120.66000366210938,68.369384765625
2014-06-06,158.991943359375,79.85916900634766,120.61000061035156,68.35315704345703
2014-06-09,159.15475463867188,79.74465942382812,120.6500015258789,68.30469512939453
2014-06-10,159.17103576660156,79.45123291015625,121.38999938964844,68.28854370117188
2014-06-11,158.61766052246094,79.59437561035156,121.41000366210938,68.3127670288086
2014-06-12,157.4946746826172,80.3028335571289,122.63999938964844,68.33706665039062
2014-06-13,157.9747772216797,80.25994110107422,122.95999908447266,68.2966079711914
2014-06-16,158.10501098632812,80.46029663085938,122.41999816894531,68.28044128417969
2014-06-17,158.54441833496094,79.82337188720703,122.27999877929688,68.22388458251953
2014-06-18,159.70809936523438,80.43883514404297,122.66999816894531,68.28044128417969
2014-06-19,159.8870849609375,79.40833282470703,126.94000244140625,68.27237701416016
2014-06-20,160.211669921875,80.00945281982422,126.5,68.27237701416016
2014-06-23,160.1627197265625,79.75899505615234,126.8499984741211,68.27237701416016
2014-06-24,159.19781494140625,80.56764221191406,126.9800033569336,68.2966079711914
2014-06-25,159.91737365722656,80.77519226074219,126.98999786376953,68.30469512939453
2014-06-26,159.80288696289062,81.16165924072266,126.7300033569336,68.32086944580078
2014-06-27,160.11358642578125,81.04000091552734,126.66000366210938,68.33706665039062
2014-06-30,160.03179931640625,81.24034118652344,128.0399932861328,68.34513092041016
2014-07-01,161.10293579101562,80.5601806640625,127.69999694824219,68.31675720214844
2014-07-02,161.26649475097656,79.69920349121094,127.69999694824219,68.29254913330078
2014-07-03,162.0596160888672,79.4122085571289,127.16000366210938,68.28443145751953
2014-07-07,161.4954376220703,79.99337005615234,127.0199966430664,68.268310546875
2014-07-08,160.45703125,80.89019775390625,127.06999969482422,68.28443145751953
2014-07-09,161.17649841308594,80.95476531982422,127.83999633789062,68.29254913330078
2014-07-10,160.53883361816406,80.97635650634766,128.5399932861328,68.324951171875
2014-07-11,160.75955200195312,81.49293518066406,128.77999877929688,68.34109497070312
2014-07-14,161.5690155029297,81.14134216308594,125.72000122070312,68.33294677734375
2014-07-15,161.26649475097656,80.97635650634766,124.52999877929688,68.3006362915039
2014-07-16,161.86337280273438,81.40681457519531,124.97000122070312,68.29254913330078
2014-07-17,160.02366638183594,82.43281555175781,127.08999633789062,68.34915924072266
2014-07-18,161.65896606445312,82.16734313964844,126.12999725341797,68.29254913330078
2014-07-21,161.3563690185547,82.57628631591797,126.33999633789062,68.3006362915039
2014-07-22,162.0596160888672,82.74854278564453,125.73999786376953,68.3006362915039
2014-07-23,162.41940307617188,82.64088439941406,125.62000274658203,68.324951171875
2014-07-24,162.42755126953125,82.02386474609375,124.3499984741211,68.3006362915039
2014-07-25,161.6671600341797,82.99244689941406,125.79000091552734,68.30876159667969
2014-07-28,161.73255920410156,82.8776626586914,125.58000183105469,68.2763900756836
2014-07-29,161.03759765625,83.1790542602539,125.19999694824219,68.29254913330078
2014-07-30,161.0620880126953,82.02386474609375,124.83000183105469,68.2602310180664
2014-07-31,157.88137817382812,81.77997589111328,123.38999938964844,68.29254913330078
2014-08-01,157.39898681640625,82.41294860839844,124.37999725341797,68.37911987304688
2014-08-04,158.53549194335938,82.19715118408203,123.98999786376953,68.37911987304688
2014-08-05,156.99827575683594,82.46331024169922,123.87000274658203,68.37911987304688
2014-08-06,157.04737854003906,82.513671875,125.66999816894531,68.39523315429688
2014-08-07,156.1970672607422,83.28343200683594,126.18000030517578,68.42760467529297
2014-08-08,158.00404357910156,83.10359954833984,126.19000244140625,68.38719177246094
2014-08-11,158.46194458007812,83.0964126586914,125.95999908447266,68.38719177246094
2014-08-12,158.24114990234375,82.55684661865234,125.98999786376953,68.38719177246094
2014-08-13,159.312255859375,83.0964126586914,126.19999694824219,68.41954803466797
2014-08-14,160.06454467773438,83.76542663574219,126.30999755859375,68.43574523925781
2014-08-15,160.03179931640625,84.67903900146484,125.4800033569336,68.43574523925781
2014-08-18,161.372802734375,83.83739471435547,124.95999908447266,68.43574523925781
2014-08-19,162.21495056152344,83.57839965820312,124.68000030517578,68.43574523925781
2014-08-20,162.6483154296875,83.44171905517578,124.22000122070312,68.3709945678711
2014-08-21,163.12257385253906,83.90927124023438,122.87999725341797,68.3709945678711
2014-08-22,162.86907958984375,84.37689208984375,123.19000244140625,68.35478210449219
2014-08-25,163.6949005126953,84.69344329833984,122.73999786376953,68.33053588867188
2014-08-26,163.8012237548828,84.42008972167969,123.3499984741211,68.35478210449219
2014-08-27,163.73580932617188,85.13947296142578,123.31999969482422,68.3709945678711
2014-08-28,163.6458740234375,85.58551788330078,124.0,68.38719177246094
2014-08-29,164.11195373535156,85.64301300048828,123.86000061035156,68.41954803466797
2014-09-02,164.03016662597656,84.1656494140625,121.6500015258789,68.36125946044922
2014-09-03,163.94020080566406,84.63428497314453,122.1500015258789,68.37752532958984
2014-09-04,163.70309448242188,83.60322570800781,121.4800033569336,68.3694076538086
2014-09-05,164.43893432617188,83.44463348388672,122.05999755859375,68.39366912841797
2014-09-08,164.0137939453125,83.48064422607422,120.7300033569336,68.35320281982422
2014-09-09,162.9754180908203,83.41577911376953,120.87000274658203,68.31270599365234
2014-09-10,163.588623046875,82.889404296875,120.26000213623047,68.32086181640625
2014-09-11,163.7766876220703,82.6154556274414,119.47000122070312,68.32894134521484
2014-09-12,162.82008361816406,81.75019836425781,118.37999725341797,68.31270599365234
2014-09-15,162.6974334716797,81.87278747558594,118.63999938964844,68.34513092041016
2014-09-16,163.92384338378906,81.54109191894531,118.83000183105469,68.38555145263672
2014-09-17,164.1446533203125,81.33204650878906,117.54000091552734,68.31270599365234
2014-09-18,165.0194854736328,81.59156799316406,117.77999877929688,68.32086181640625
2014-09-19,164.87083435058594,82.62984466552734,117.08999633789062,68.31270599365234
2014-09-22,163.5975341796875,82.73077392578125,116.8499984741211,68.36125946044922
2014-09-23,162.66104125976562,83.24274444580078,117.5999984741211,68.37752532958984
2014-09-24,163.93435668945312,82.78124237060547,117.05000305175781,68.35320281982422
2014-09-25,161.28921508789062,83.7618179321289,117.38999938964844,68.4017333984375
2014-09-26,162.57070922851562,83.63923645019531,117.05999755859375,68.3694076538086
2014-09-29,162.27499389648438,84.30984497070312,117.02999877929688,68.38555145263672
2014-09-30,161.84779357910156,83.83393096923828,116.20999908447266,68.3694076538086
2014-10-01,159.6544952392578,85.45956420898438,116.7699966430664,68.44223022460938
2014-10-02,159.67909240722656,84.71507263183594,116.73999786376953,68.43415832519531
2014-10-03,161.43711853027344,85.07647705078125,114.61000061035156,68.36939239501953
2014-10-06,161.24815368652344,85.1270980834961,116.02999877929688,68.43415832519531
2014-10-07,158.759033203125,86.27638244628906,116.36000061035156,68.47460174560547
2014-10-08,161.53564453125,86.29808807373047,117.47000122070312,68.5473861694336
2014-10-09,158.3319091796875,85.9222412109375,117.63999938964844,68.5473861694336
2014-10-10,156.524658203125,86.77515411376953,117.58999633789062,68.57978057861328
2014-10-13,153.95335388183594,87.30279541015625,118.5199966430664,68.60408020019531
2014-10-14,154.191650390625,87.87382507324219,118.58999633789062,68.64454650878906
2014-10-15,153.1483154296875,88.56776428222656,118.98999786376953,68.7335433959961
2014-10-16,153.01687622070312,88.0039291381836,119.22000122070312,68.69308471679688
2014-10-17,154.82418823242188,87.51240539550781,118.98999786376953,68.65264129638672
2014-10-20,156.32745361328125,87.83047485351562,119.80000305175781,68.69308471679688
2014-10-21,159.42445373535156,87.12934875488281,120.0199966430664,68.67688751220703
2014-10-22,158.2908172607422,87.22329711914062,119.33999633789062,68.66069793701172
2014-10-23,160.13092041015625,86.44988250732422,118.5199966430664,68.62834167480469
2014-10-24,161.36314392089844,86.5366439819336,118.3499984741211,68.64454650878906
2014-10-27,161.1413116455078,86.69562530517578,118.05999755859375,68.64454650878906
2014-10-28,162.98965454101562,86.15353393554688,118.0999984741211,68.62834167480469
2014-10-29,162.74317932128906,86.3486557006836,116.41000366210938,68.53935241699219
2014-10-30,163.78652954101562,86.42096710205078,115.19000244140625,68.5636215209961
2014-10-31,165.659423828125,86.19690704345703,112.66000366210938,68.5473861694336
2014-11-03,165.7498016357422,86.19686889648438,112.1500015258789,68.5385513305664
2014-11-04,165.17478942871094,86.46501922607422,112.22000122070312,68.5304183959961
2014-11-05,166.2180633544922,86.34184265136719,109.79000091552734,68.51425170898438
2014-11-06,166.88348388671875,85.78388977050781,109.87999725341797,68.49800872802734
2014-11-07,167.03958129882812,86.7693099975586,112.97000122070312,68.54656982421875
2014-11-10,167.56529235839844,85.97225189208984,110.45999908447266,68.49800872802734
2014-11-11,167.72958374023438,86.03019714355469,112.04000091552734,68.48995208740234
2014-11-12,167.54885864257812,85.9577407836914,111.5,68.51425170898438
2014-11-13,167.73777770996094,86.16063690185547,111.66999816894531,68.5304183959961
2014-11-14,167.7788848876953,86.58090209960938,114.47000122070312,68.56281280517578
2014-11-17,167.8856658935547,86.36351776123047,114.05000305175781,68.5547103881836
2014-11-18,168.85501098632812,86.60264587402344,115.05000305175781,68.54656982421875
2014-11-19,168.58387756347656,86.05196380615234,113.68000030517578,68.5385513305664
2014-11-20,168.87965393066406,86.50120544433594,114.86000061035156,68.5547103881836
2014-11-21,169.78329467773438,87.02289581298828,115.38999938964844,68.57090759277344
2014-11-24,170.259765625,87.09537506103516,115.11000061035156,68.57898712158203
2014-11-25,170.136474609375,87.81996154785156,115.37999725341797,68.58708953857422
2014-11-26,170.5718994140625,88.05907440185547,115.16000366210938,68.5951919555664
2014-11-28,170.21046447753906,88.7546615600586,112.11000061035156,68.61946868896484
2014-12-01,169.02752685546875,88.23689270019531,116.58000183105469,68.61872100830078
2014-12-02,170.12013244628906,87.37993621826172,115.13999938964844,68.5781478881836
2014-12-03,170.77725219726562,87.72122955322266,116.33000183105469,68.54582214355469
2014-12-04,170.58834838867188,88.45475769042969,115.87999725341797,68.58627319335938
2014-12-05,170.86758422851562,87.93910217285156,114.43000030517578,68.45670318603516
2014-12-08,169.7257843017578,89.01393127441406,115.77999877929688,68.44859313964844
2014-12-09,169.61080932617188,89.47144317626953,118.19000244140625,68.47290802001953
2014-12-10,166.8917236328125,90.12507629394531,117.95999908447266,68.52960968017578
2014-12-11,167.73777770996094,90.49544525146484,117.69000244140625,68.49714660644531
2014-12-12,165.02691650390625,91.72281646728516,117.41000366210938,68.56197357177734
2014-12-15,163.893310546875,91.53394317626953,114.38999938964844,68.5134048461914
2014-12-16,162.57891845703125,92.66690826416016,114.94999694824219,68.55387115478516
2014-12-17,165.76626586914062,91.8316879272461,114.2699966430664,68.48909759521484
2014-12-18,169.865478515625,90.19764709472656,115.1500015258789,68.44859313964844
2014-12-19,170.58819580078125,91.4105224609375,114.7699966430664,68.39996337890625
2014-12-22,171.3729248046875,91.53394317626953,112.55000305175781,68.41622161865234
2014-12-23,171.6041717529297,89.71835327148438,112.73999786376953,68.34330749511719
2014-12-24,171.6207275390625,90.20671081542969,112.7699966430664,68.3781509399414
2014-12-26,172.17416381835938,90.54146575927734,114.83000183105469,68.35383605957031
2014-12-29,172.4053955078125,91.21830749511719,113.66999816894531,68.41866302490234
2014-12-30,171.48028564453125,91.46574401855469,115.19999694824219,68.4429702758789
2014-12-31,169.77871704101562,91.64041900634766,113.58000183105469,68.41866302490234
2015-01-02,169.6878662109375,92.65924835205078,114.08000183105469,68.49158477783203
2015-01-05,166.62330627441406,94.11483764648438,115.80000305175781,68.49158477783203
2015-01-06,165.05393981933594,95.8105239868164,117.12000274658203,68.52392578125
2015-01-07,167.11070251464844,95.62132263183594,116.43000030517578,68.55642700195312
2015-01-08,170.0760955810547,94.35498809814453,115.94000244140625,68.54830169677734
2015-01-09,168.71315002441406,95.38842010498047,117.26000213623047,68.60498809814453
2015-01-12,167.39154052734375,95.93423461914062,118.55999755859375,68.64547729492188
2015-01-13,166.92063903808594,95.93423461914062,118.16000366210938,68.68600463867188
2015-01-14,165.9129638671875,96.66199493408203,117.97000122070312,68.72655487060547
2015-01-15,164.39308166503906,98.18301391601562,120.94000244140625,68.83182525634766
2015-01-16,166.5489959716797,96.93130493164062,122.5199966430664,68.76708221435547
2015-01-20,166.9041748046875,98.21941375732422,124.19999694824219,68.7345962524414
2015-01-21,167.7467041015625,97.0841293334961,124.2300033569336,68.7345962524414
2015-01-22,170.24127197265625,96.73477172851562,125.2300033569336,68.71031951904297
2015-01-23,169.30787658691406,98.08114624023438,124.2300033569336,68.7426986694336
2015-01-26,169.7043914794922,97.78277587890625,122.98999786376953,68.70222473144531
2015-01-27,167.4658966064453,97.93555450439453,124.4000015258789,68.7426986694336
2015-01-28,165.31826782226562,99.53662872314453,123.41999816894531,68.7913589477539
2015-01-29,166.8463897705078,98.88169860839844,120.76000213623047,68.76708221435547
2015-01-30,164.74826049804688,100.63565063476562,123.44999694824219,68.84806060791016
2015-02-02,166.78854370117188,100.25569152832031,122.41999816894531,68.82615661621094
2015-02-03,169.2005157470703,98.13362121582031,121.05000305175781,68.7694320678711
2015-02-04,168.5562286376953,98.30134582519531,121.58000183105469,68.77757263183594
2015-02-05,170.25775146484375,97.2220458984375,121.79000091552734,68.75326538085938
2015-02-06,169.78700256347656,95.50106048583984,118.63999938964844,68.59110260009766
2015-02-09,169.0270538330078,95.34786987304688,119.16999816894531,68.58301544189453
2015-02-10,170.82772827148438,94.58948516845703,118.47000122070312,68.56682586669922
2015-02-11,170.92689514160156,94.76449584960938,117.06999969482422,68.57488250732422
2015-02-12,172.5706024169922,94.45098876953125,117.33999633789062,68.5992431640625
2015-02-13,173.28102111816406,93.48104858398438,117.9800033569336,68.5992431640625
2015-02-17,173.55360412597656,92.0736312866211,116.01000213623047,68.56682586669922
2015-02-18,173.57008361816406,92.62059020996094,116.33999633789062,68.64787292480469
2015-02-19,173.44619750976562,92.00798797607422,115.94000244140625,68.6073226928711
2015-02-20,174.4869842529297,92.2778549194336,115.27999877929688,68.5992431640625
2015-02-23,174.46226501464844,93.33517456054688,115.43000030517578,68.63166809082031
2015-02-24,174.95777893066406,94.56031799316406,115.26000213623047,68.68840026855469
2015-02-25,174.8091583251953,94.96869659423828,115.69999694824219,68.68840026855469
2015-02-26,174.6026153564453,93.67062377929688,116.06999969482422,68.62348175048828
2015-02-27,174.0078887939453,94.458251953125,116.16000366210938,68.64787292480469
2015-03-02,175.1064910888672,92.69880676269531,115.68000030517578,68.5919418334961
2015-03-03,174.3878631591797,92.36275482177734,115.47000122070312,68.57566833496094
2015-03-04,173.65272521972656,92.3919448852539,115.11000061035156,68.5919418334961
2015-03-05,173.84268188476562,92.2750244140625,115.0,68.61625671386719
2015-03-06,171.39772033691406,90.23643493652344,111.86000061035156,68.54330444335938
2015-03-09,172.10804748535156,91.06945037841797,111.97000122070312,68.57566833496094
2015-03-10,169.31613159179688,92.2677001953125,111.41999816894531,68.5919418334961
2015-03-11,168.919677734375,92.9399642944336,110.75,68.5919418334961
2015-03-12,171.06727600097656,92.87415313720703,110.72000122070312,68.60810852050781
2015-03-13,170.018310546875,92.5892105102539,110.87999725341797,68.61625671386719
2015-03-16,172.28981018066406,93.48060607910156,110.80999755859375,68.62432098388672
2015-03-17,171.7776641845703,94.2551040649414,110.20999908447266,68.60810852050781
2015-03-18,173.84268188476562,96.07447052001953,112.37000274658203,68.77027893066406
2015-03-19,173.04974365234375,95.58488464355469,112.29000091552734,68.68110656738281
2015-03-20,174.5772247314453,96.08908081054688,113.56999969482422,68.72975158691406
2015-03-23,174.23703002929688,95.97217559814453,114.29000091552734,68.75405883789062
2015-03-24,173.2579803466797,96.90005493164062,114.56999969482422,68.77839660644531
2015-03-25,170.7190704345703,96.08175659179688,114.7300033569336,68.7621841430664
2015-03-26,170.3125457763672,94.58387756347656,115.4800033569336,68.72975158691406
2015-03-27,170.7025146484375,95.76026916503906,115.05999755859375,68.77027893066406
2015-03-30,172.78501892089844,95.2853775024414,113.75,68.7621841430664
2015-03-31,171.27500915527344,95.48985290527344,113.66000366210938,68.81895446777344
2015-04-01,170.66925048828125,96.74412536621094,115.5999984741211,68.84892272949219
2015-04-02,171.28330993652344,95.7190933227539,115.27999877929688,68.84088134765625
2015-04-06,172.43658447265625,95.1845932006836,116.69000244140625,68.89759063720703
2015-04-07,171.9802703857422,95.98265075683594,116.11000061035156,68.84892272949219
2015-04-08,172.56101989746094,96.0119857788086,115.47000122070312,68.84892272949219
2015-04-09,173.32432556152344,94.7672348022461,114.66999816894531,68.82464599609375
2015-04-10,174.27024841308594,94.90636444091797,115.97000122070312,68.808349609375
2015-04-13,173.48202514648438,95.03814697265625,115.13999938964844,68.84892272949219
2015-04-14,173.81387329101562,95.71176147460938,114.44000244140625,68.88143920898438
2015-04-15,174.5937957763672,95.6312484741211,115.43000030517578,68.88143920898438
2015-04-16,174.5439910888672,95.15533447265625,115.02999877929688,68.91385650634766
2015-04-17,172.5361328125,96.24625396728516,115.5999984741211,68.88143920898438
2015-04-20,174.11257934570312,95.39690399169922,114.72000122070312,68.87328338623047
2015-04-21,173.90512084960938,94.96492004394531,115.37999725341797,68.88143920898438
2015-04-22,174.75975036621094,93.51522064208984,113.83000183105469,68.82464599609375
2015-04-23,175.199462890625,93.9178695678711,114.66000366210938,68.85708618164062
2015-04-24,175.60604858398438,94.50369262695312,113.05000305175781,68.88143920898438
2015-04-27,174.87591552734375,94.50369262695312,115.33000183105469,68.87328338623047
2015-04-28,175.43177795410156,93.20039367675781,116.33000183105469,68.84088134765625
2015-04-29,174.70997619628906,92.05815124511719,115.51000213623047,68.84892272949219
2015-04-30,172.95925903320312,92.21919250488281,113.47000122070312,68.84088134765625
2015-05-01,174.8343963623047,90.97785186767578,113.08000183105469,68.81242370605469
2015-05-04,175.33221435546875,90.1194076538086,114.0999984741211,68.81242370605469
2015-05-05,173.32432556152344,89.99467468261719,114.41999816894531,68.79621124267578
2015-05-06,172.61082458496094,88.45390319824219,114.36000061035156,68.77188873291016
2015-05-07,173.2993927001953,89.64248657226562,113.41999816894531,68.74749755859375
2015-05-08,175.58116149902344,89.88465118408203,113.97000122070312,68.84492492675781
2015-05-11,174.7430877685547,87.69818878173828,113.52999877929688,68.78001403808594
2015-05-12,174.22042846679688,87.92568969726562,114.5,68.7880859375
2015-05-13,174.25364685058594,87.22135162353516,116.55000305175781,68.82054901123047
2015-05-14,176.07064819335938,87.45614624023438,117.18000030517578,68.885498046875
2015-05-15,176.26150512695312,89.20968627929688,117.52999877929688,68.885498046875
2015-05-18,176.80911254882812,87.71285247802734,117.5199966430664,68.84492492675781
2015-05-19,176.75100708007812,86.93521118164062,115.88999938964844,68.8042984008789
2015-05-20,176.6265869140625,87.08192443847656,116.08000183105469,68.8287582397461
2015-05-21,177.1409912109375,88.2998275756836,115.69000244140625,68.85298156738281
2015-05-22,176.71788024902344,88.3365249633789,115.5999984741211,68.8042984008789
2015-05-26,174.81781005859375,89.84794616699219,113.91000366210938,68.81242370605469
2015-05-27,176.4772491455078,90.0533676147461,113.88999938964844,68.82054901123047
2015-05-28,176.27809143066406,89.83325958251953,114.0199966430664,68.85298156738281
2015-05-29,175.18289184570312,90.03132629394531,114.0999984741211,68.86923217773438
2015-06-01,175.53964233398438,89.06373596191406,114.0,68.826171875
2015-06-02,175.36544799804688,87.82112121582031,114.45999908447266,68.818115234375
2015-06-03,175.8300018310547,86.40939331054688,113.63999938964844,68.79376983642578
2015-06-04,174.3448944091797,87.53436279296875,112.83999633789062,68.80186462402344
2015-06-05,174.04620361328125,86.46824645996094,112.23999786376953,68.73689270019531
2015-06-08,172.97586059570312,86.37262725830078,112.56999969482422,68.77749633789062
2015-06-09,172.95101928710938,85.68878173828125,112.81999969482422,68.74500274658203
2015-06-10,175.02525329589844,84.93888092041016,113.77999877929688,68.72877502441406
2015-06-11,175.5894775390625,86.72557067871094,113.26000213623047,68.74500274658203
2015-06-12,174.24530029296875,86.72557067871094,113.2300033569336,68.72877502441406
2015-06-15,173.49859619140625,86.86522674560547,113.7300033569336,68.76124572753906
2015-06-16,174.44447326660156,87.54904174804688,113.31999969482422,68.78556060791016
2015-06-17,174.72654724121094,86.87263488769531,113.8499984741211,68.83432006835938
2015-06-18,176.5436248779297,86.44617462158203,115.31999969482422,68.85054016113281
2015-06-19,175.75990295410156,87.55646514892578,115.12000274658203,68.86681365966797
2015-06-22,176.66030883789062,85.76972961425781,113.63999938964844,68.818115234375
2015-06-23,176.7853546142578,85.25503540039062,112.88999938964844,68.80186462402344
2015-06-24,175.50140380859375,85.9903564453125,112.58999633789062,68.83432006835938
2015-06-25,174.96786499023438,85.68878173828125,112.44000244140625,68.818115234375
2015-06-26,174.9344940185547,84.72561645507812,112.55999755859375,68.77749633789062
2015-06-29,171.26602172851562,86.96817779541016,113.06999969482422,68.8911361694336
2015-06-30,171.62452697753906,86.36526489257812,112.37000274658203,68.8911361694336
2015-07-01,173.0001983642578,85.1995620727539,111.9800033569336,68.83269500732422
2015-07-02,172.84178161621094,85.47953796386719,111.76000213623047,68.93826293945312
2015-07-06,172.3499298095703,87.06388092041016,112.05999755859375,68.9544906616211
2015-07-07,173.4337158203125,87.88182067871094,110.76000213623047,68.9463882446289
2015-07-08,170.5240478515625,88.64081573486328,111.08999633789062,69.01949310302734
2015-07-09,170.83245849609375,86.89435577392578,111.36000061035156,68.97077178955078
2015-07-10,172.98355102539062,85.51638793945312,111.48999786376953,68.90579223632812
2015-07-13,174.89279174804688,85.25108337402344,110.98999786376953,68.87329864501953
2015-07-14,175.6515350341797,85.53112030029297,110.73999786376953,68.90579223632812
2015-07-15,175.59312438964844,86.43750762939453,110.16000366210938,68.93014526367188
2015-07-16,177.0021514892578,87.03438568115234,109.76000213623047,68.89765930175781
2015-07-17,177.1522216796875,87.48388671875,108.6500015258789,68.88140869140625
2015-07-20,177.24395751953125,87.11544799804688,105.69999694824219,68.8408203125
2015-07-21,176.54359436035156,87.58707427978516,105.37000274658203,68.84891510009766
2015-07-22,176.22679138183594,88.13236999511719,104.80000305175781,68.8408203125
2015-07-23,175.23463439941406,89.23035430908203,104.33000183105469,68.84891510009766
2015-07-24,173.4170684814453,89.45137786865234,105.3499984741211,68.86516571044922
2015-07-27,172.40829467773438,89.93036651611328,104.86000061035156,68.91387939453125
2015-07-28,174.5259246826172,89.2745590209961,105.0199966430664,68.89765930175781
2015-07-29,175.72650146484375,88.94295501708984,105.16999816894531,68.88140869140625
2015-07-30,175.7682342529297,89.62825012207031,104.2699966430664,68.84891510009766
2015-07-31,175.50140380859375,90.29145050048828,104.93000030517578,68.92200469970703
2015-08-03,174.909423828125,91.24190521240234,104.0999984741211,68.94474792480469
2015-08-04,174.5676727294922,90.51819610595703,104.30999755859375,68.83912658691406
2015-08-05,175.1428985595703,89.83873748779297,103.93000030517578,68.84724426269531
2015-08-06,173.7088623046875,90.63636016845703,104.38999938964844,68.8635482788086
2015-08-07,173.3753662109375,91.82530975341797,104.6500015258789,68.83097076416016
2015-08-10,175.55975341796875,90.68804168701172,105.72000122070312,68.83097076416016
2015-08-11,173.9756622314453,92.12812042236328,106.26000213623047,68.92044830322266
2015-08-12,174.18408203125,91.6259536743164,107.75,68.92044830322266
2015-08-13,173.9673614501953,91.33052825927734,106.86000061035156,68.8635482788086
2015-08-14,174.6009979248047,91.5447006225586,106.8499984741211,68.83097076416016
2015-08-17,175.5764617919922,91.95825958251953,107.12999725341797,68.87165069580078
2015-08-18,175.06785583496094,91.23453521728516,107.11000061035156,68.8635482788086
2015-08-19,173.68386840820312,92.13546752929688,108.55000305175781,68.9285659790039
2015-08-20,170.05711364746094,93.06595611572266,110.44000244140625,68.90418243408203
2015-08-21,164.93798828125,93.34658813476562,111.12999725341797,68.977294921875
2015-08-24,157.99295043945312,93.31707000732422,110.52999877929688,69.009765625
2015-08-25,156.1337127685547,91.81795501708984,109.16000366210938,68.977294921875
2015-08-26,162.12828063964844,90.0455551147461,107.66999816894531,68.9366455078125
2015-08-27,166.13861083984375,90.09722137451172,107.7300033569336,68.94474792480469
2015-08-28,166.1469268798828,90.36309814453125,108.69999694824219,68.9122543334961
2015-08-31,164.80453491210938,89.66890716552734,108.81999969482422,68.88785552978516
2015-09-01,159.88551330566406,90.31500244140625,109.19999694824219,68.91228485107422
2015-09-02,162.9203643798828,89.53791809082031,108.62000274658203,68.92857360839844
2015-09-03,163.03704833984375,89.97456359863281,107.83999633789062,68.92857360839844
2015-09-04,160.5692138671875,90.79611206054688,107.48999786376953,68.93665313720703
2015-09-08,164.60443115234375,89.45646667480469,107.5199966430664,68.91228485107422
2015-09-09,162.40341186523438,89.88572692871094,106.12999725341797,68.8960189819336
2015-09-10,163.2872314453125,89.27882385253906,106.37999725341797,68.9204330444336
2015-09-11,164.02919006347656,89.84131622314453,106.16000366210938,68.94477844238281
2015-09-14,163.42059326171875,89.98194122314453,106.22000122070312,68.92857360839844
2015-09-15,165.4632568359375,88.25752258300781,105.9000015258789,68.83096313476562
2015-09-16,166.89723205566406,87.9244384765625,107.30999755859375,68.82286834716797
2015-09-17,166.5220489501953,88.99761962890625,108.41000366210938,68.9773178100586
2015-09-18,163.8008270263672,90.36677551269531,109.20999908447266,69.00982666015625
2015-09-21,164.64732360839844,88.89398193359375,108.52999877929688,68.96920776367188
2015-09-22,162.51023864746094,90.1300048828125,107.79000091552734,69.00982666015625
2015-09-23,162.2504425048828,90.12259674072266,108.22000122070312,68.98541259765625
2015-09-24,161.66380310058594,90.73681640625,110.48999786376953,69.02607727050781
2015-09-25,161.62188720703125,89.95235443115234,109.80999755859375,68.99356842041016
2015-09-28,157.56558227539062,91.49174499511719,108.41999816894531,69.04232788085938
2015-09-29,157.6577911376953,91.75080871582031,107.9800033569336,69.07489013671875
2015-09-30,160.5994415283203,91.43254852294922,106.86000061035156,69.09115600585938
2015-10-01,161.0184783935547,91.82269287109375,106.7300033569336,69.09113311767578
2015-10-02,163.42372131347656,92.37889099121094,108.98999786376953,69.18871307373047
2015-10-05,166.3318328857422,91.12548828125,108.7699966430664,69.13996887207031
2015-10-06,165.76194763183594,91.51856231689453,109.86000061035156,69.1318130493164
2015-10-07,167.11961364746094,91.2145004272461,109.69999694824219,69.11556243896484
2015-10-08,168.62815856933594,90.45063781738281,109.13999938964844,69.0992660522461
2015-10-09,168.72874450683594,90.68795776367188,110.87000274658203,69.0992660522461
2015-10-12,168.88792419433594,91.37770080566406,111.30999755859375,69.08299255371094
2015-10-13,167.82359313964844,91.53343200683594,111.86000061035156,69.107421875
2015-10-14,167.01907348632812,92.33440399169922,113.80999755859375,69.20496368408203
2015-10-15,169.5836181640625,91.88199615478516,113.29000091552734,69.16432189941406
2015-10-16,170.35455322265625,91.91160583496094,112.48999786376953,69.1318130493164
2015-10-19,170.43836975097656,91.65951538085938,112.0199966430664,69.15618133544922
2015-10-20,170.22047424316406,91.09583282470703,112.7300033569336,69.11556243896484
2015-10-21,169.16452026367188,92.00064849853516,111.7300033569336,69.13996887207031
2015-10-22,172.0223388671875,92.15642547607422,111.69000244140625,69.16432189941406
2015-10-23,173.90798950195312,91.37030029296875,111.5,69.107421875
2015-10-26,173.48062133789062,91.97842407226562,111.43000030517578,69.107421875
2015-10-27,173.14535522460938,92.20833587646484,111.68000030517578,69.1318130493164
2015-10-28,175.11483764648438,91.83748626708984,110.77999877929688,69.04232025146484
2015-10-29,175.01426696777344,90.37644958496094,109.72000122070312,68.99353790283203
2015-10-30,174.2599639892578,91.0587387084961,109.30000305175781,68.99353790283203
2015-11-02,176.32164001464844,90.64035034179688,108.58999633789062,68.95365905761719
2015-11-03,176.83290100097656,89.89702606201172,106.9800033569336,68.94551849365234
2015-11-04,176.2965087890625,90.00114440917969,105.97000122070312,68.87226867675781
2015-11-05,176.1204833984375,89.76327514648438,105.63999938964844,68.87226867675781
2015-11-06,176.02833557128906,88.44769287109375,104.0999984741211,68.80716705322266
2015-11-09,174.38571166992188,87.94976043701172,104.4000015258789,68.79090881347656
2015-11-10,174.7879638671875,88.20986938476562,104.18000030517578,68.8234634399414
2015-11-11,174.1007843017578,88.02401733398438,103.83000183105469,68.80716705322266
2015-11-12,171.67030334472656,88.44769287109375,103.8499984741211,68.83158111572266
2015-11-13,169.74276733398438,88.95314025878906,103.55999755859375,68.88853454589844
2015-11-16,172.32400512695312,88.87136840820312,103.70999908447266,68.88853454589844
2015-11-17,172.1983184814453,89.0199966430664,102.33999633789062,68.8641357421875
2015-11-18,174.93048095703125,89.2058334350586,102.43000030517578,68.83976745605469
2015-11-19,174.7795867919922,89.80040740966797,103.55999755859375,68.8234634399414
2015-11-20,175.41648864746094,89.525390625,103.08999633789062,68.8234634399414
2015-11-23,175.21543884277344,89.80040740966797,102.26000213623047,68.81532287597656
2015-11-24,175.4500274658203,89.79302978515625,102.94000244140625,68.81532287597656
2015-11-25,175.42486572265625,90.00114440917969,102.45999908447266,68.8234634399414
2015-11-27,175.62603759765625,89.91194915771484,101.25,68.83976745605469
2015-11-30,174.8968963623047,90.26873016357422,101.91999816894531,68.81532287597656
2015-12-01,176.56466674804688,91.48799896240234,102.27999877929688,68.85684204101562
2015-12-02,174.76283264160156,91.51779174804688,100.69000244140625,68.7999038696289
2015-12-03,172.31568908691406,89.03005981445312,101.76000213623047,68.7999038696289
2015-12-04,175.6763153076172,89.81210327148438,104.0199966430664,68.81614685058594
2015-12-07,174.6119842529297,90.68356323242188,102.66999816894531,68.80795288085938
2015-12-08,173.43865966796875,90.72825622558594,102.83999633789062,68.7999038696289
2015-12-09,172.08938598632812,90.63143157958984,102.63999938964844,68.82431030273438
2015-12-10,172.53358459472656,90.75059509277344,102.55000305175781,68.7835922241211
2015-12-11,169.18968200683594,92.18072509765625,103.11000061035156,68.86500549316406
2015-12-14,170.0445098876953,90.98893737792969,101.79000091552734,68.7835922241211
2015-12-15,171.8295440673828,90.45270538330078,101.5199966430664,68.7754135131836
2015-12-16,174.34378051757812,90.25902557373047,102.75,68.71843719482422
2015-12-17,171.6871337890625,91.27943420410156,100.5,68.71843719482422
2015-12-18,168.62852478027344,91.7859115600586,102.04000091552734,68.80795288085938
2015-12-21,170.01950073242188,91.76358795166016,103.1500015258789,68.7999038696289
2015-12-22,171.56231689453125,91.1006851196289,102.61000061035156,68.7835922241211
2015-12-23,173.6868438720703,90.4154281616211,102.30999755859375,68.7591552734375
2015-12-24,173.4002227783203,90.93345642089844,103.05000305175781,68.78604125976562
2015-12-28,173.0039520263672,91.20218658447266,102.2699966430664,68.74533081054688
2015-12-29,174.85023498535156,89.68692016601562,102.19999694824219,68.72900390625
2015-12-30,173.61099243164062,89.59735870361328,101.41999816894531,68.74533081054688
2015-12-31,171.87428283691406,90.00041961669922,101.45999908447266,68.71270751953125
2016-01-04,169.4715576171875,90.6498031616211,102.88999938964844,68.8023452758789
2016-01-05,169.75814819335938,90.28408813476562,103.18000030517578,68.7615737915039
2016-01-06,167.6168212890625,91.50067138671875,104.66999816894531,68.8023452758789
2016-01-07,163.59547424316406,91.66487121582031,106.1500015258789,68.82673645019531
2016-01-08,161.79971313476562,92.07540130615234,105.68000030517578,68.87564086914062
2016-01-11,161.95986938476562,91.06776428222656,104.73999786376953,68.90007781982422
2016-01-12,163.26663208007812,92.38139343261719,104.20999908447266,68.90821075439453
2016-01-13,159.19467163085938,93.29206848144531,104.72000122070312,68.94891357421875
2016-01-14,161.80819702148438,92.41874694824219,103.0199966430664,68.9652099609375
2016-01-15,158.33473205566406,93.85929870605469,104.08000183105469,69.02223205566406
2016-01-19,158.54550170898438,93.56822204589844,103.9800033569336,69.01409912109375
2016-01-20,156.5137176513672,94.5534439086914,105.37000274658203,69.06295013427734
2016-01-21,157.3905792236328,93.91155242919922,105.48999786376953,69.05486297607422
2016-01-22,160.6194610595703,93.55328369140625,105.0,69.03041076660156
2016-01-25,158.19143676757812,94.0608139038086,106.08000183105469,69.03041076660156
2016-01-26,160.3496551513672,94.10562133789062,107.29000091552734,69.06295013427734
2016-01-27,158.60455322265625,94.08329010009766,107.69000244140625,69.07927703857422
2016-01-28,159.43075561523438,94.21758270263672,106.54000091552734,69.07927703857422
2016-01-29,163.31724548339844,95.01619720458984,106.94999694824219,69.1607437133789
2016-02-01,163.25814819335938,94.72531127929688,108.05000305175781,69.12406158447266
2016-02-02,160.31591796875,96.48268127441406,108.08999633789062,69.21366119384766
2016-02-03,161.27699279785156,95.68254852294922,109.25,69.22997283935547
2016-02-04,161.52993774414062,96.1461410522461,110.56999969482422,69.24627685546875
2016-02-05,158.45277404785156,96.25838470458984,112.31999969482422,69.22997283935547
2016-02-08,156.31982421875,98.32975006103516,113.83000183105469,69.31143188476562
2016-02-09,156.32827758789062,98.43445587158203,113.58000183105469,69.28702545166016
2016-02-10,156.19338989257812,99.30189514160156,114.45999908447266,69.28702545166016
2016-02-11,154.16159057617188,99.99740600585938,119.05999755859375,69.35225677490234
2016-02-12,157.33995056152344,98.33723449707031,118.36000061035156,69.27067565917969
2016-02-16,159.99560546875,97.29780578613281,114.7699966430664,69.22997283935547
2016-02-17,162.60902404785156,96.69953155517578,115.4800033569336,69.24627685546875
2016-02-18,161.9430389404297,97.88855743408203,118.29000091552734,69.30333709716797
2016-02-19,161.86721801757812,97.97077941894531,117.58000183105469,69.23818969726562
2016-02-22,164.21083068847656,97.9184799194336,115.48999786376953,69.24627685546875
2016-02-23,162.136962890625,98.3148193359375,117.22000122070312,69.2544174194336
2016-02-24,162.87884521484375,98.12037658691406,117.61000061035156,69.27067565917969
2016-02-25,164.8515625,98.47183990478516,117.91999816894531,69.28702545166016
2016-02-26,164.47218322753906,97.52213287353516,117.11000061035156,69.19741821289062
2016-02-29,163.1823272705078,97.94834899902344,118.63999938964844,69.23818969726562
2016-03-01,167.0182342529297,96.22364044189453,117.7699966430664,69.14600372314453
2016-03-02,167.7685546875,96.6207504272461,118.68000030517578,69.1378402709961
2016-03-03,168.42623901367188,96.97286987304688,120.7300033569336,69.16230010986328
2016-03-04,168.97418212890625,96.3510513305664,120.54000091552734,69.11339569091797
2016-03-07,169.10903930664062,96.32108306884766,121.13999938964844,69.06441497802734
2016-03-08,167.2627716064453,97.38497924804688,120.58000183105469,69.11339569091797
2016-03-09,168.08897399902344,96.7930908203125,119.58000183105469,69.08893585205078
2016-03-10,168.2238006591797,96.39598846435547,121.5,69.08078002929688
2016-03-11,170.93846130371094,95.4219970703125,119.41000366210938,69.01551055908203
2016-03-14,170.71926879882812,95.72164916992188,117.87000274658203,69.01551055908203
2016-03-15,170.44105529785156,95.81156921386719,117.95999908447266,69.03997039794922
2016-03-16,171.42745971679688,96.09629821777344,120.58999633789062,69.17858123779297
2016-03-17,172.5150146484375,96.49334716796875,120.12999725341797,69.17047119140625
2016-03-18,173.19290161132812,96.69567108154297,119.80000305175781,69.1867446899414
2016-03-21,173.4386444091797,95.95391082763672,118.95999908447266,69.17858123779297
2016-03-22,173.34544372558594,95.93142700195312,119.30999755859375,69.1378402709961
2016-03-23,172.2014617919922,97.01779174804688,116.61000061035156,69.17858123779297
2016-03-24,172.1251678466797,97.05526733398438,116.33000183105469,69.14600372314453
2016-03-28,172.2268524169922,97.1826400756836,116.5999984741211,69.16230010986328
2016-03-29,173.82003784179688,98.20162963867188,118.76000213623047,69.29273223876953
2016-03-30,174.58267211914062,97.16764068603516,117.0999984741211,69.30091094970703
2016-03-31,174.15896606445312,97.8569564819336,117.63999938964844,69.33360290527344
2016-04-01,175.34532165527344,98.11225128173828,116.93000030517578,69.2935562133789
2016-04-04,174.77755737304688,98.17231750488281,116.1500015258789,69.34252166748047
2016-04-05,173.03189086914062,99.24594116210938,117.66000366210938,69.36695098876953
2016-04-06,174.921630859375,98.52516174316406,116.94000244140625,69.34252166748047
2016-04-07,172.8285369873047,99.74146270751953,118.61000061035156,69.38330841064453
2016-04-08,173.29461669921875,99.11077117919922,118.43000030517578,69.38330841064453
2016-04-11,172.88783264160156,98.98314666748047,120.02999877929688,69.37519836425781
2016-04-12,174.49790954589844,98.29997253417969,120.05000305175781,69.35883331298828
2016-04-13,176.26048278808594,98.64532470703125,118.7699966430664,69.32620239257812
2016-04-14,176.2689971923828,98.17231750488281,117.11000061035156,69.32620239257812
2016-04-15,176.0740966796875,99.01318359375,117.91999816894531,69.37519836425781
2016-04-18,177.311279296875,98.58527374267578,117.73999786376953,69.36695098876953
2016-04-19,177.87059020996094,98.27742004394531,119.58000183105469,69.34252166748047
2016-04-20,178.04013061523438,97.19628143310547,118.97000122070312,69.2935562133789
2016-04-21,177.08248901367188,96.6181640625,119.41999816894531,69.27727508544922
2016-04-22,177.08248901367188,96.37042236328125,117.88999938964844,69.27727508544922
2016-04-25,176.77745056152344,95.9725112915039,118.2300033569336,69.26091766357422
2016-04-26,177.04010009765625,95.53705596923828,118.69999694824219,69.24463653564453
2016-04-27,177.4044952392578,96.49056243896484,119.04000091552734,69.2935562133789
2016-04-28,175.79446411132812,96.8884506225586,121.29000091552734,69.33432006835938
2016-04-29,174.84542846679688,97.13619995117188,123.6500015258789,69.35883331298828
2016-05-02,176.23512268066406,96.15823364257812,123.23999786376953,69.33354187011719
2016-05-03,174.70130920410156,97.36943817138672,122.95999908447266,69.40697479248047
2016-05-04,173.72677612304688,97.90357971191406,122.20999908447266,69.39881134033203
2016-05-05,173.6928253173828,98.55805969238281,122.06999969482422,69.42330932617188
2016-05-06,174.3284454345703,98.13678741455078,123.18000030517578,69.40697479248047
2016-05-09,174.4724884033203,98.44522857666016,120.6500015258789,69.43965911865234
2016-05-10,176.6418914794922,98.45271301269531,120.9800033569336,69.45597076416016
2016-05-11,174.98941040039062,99.00946807861328,122.12000274658203,69.4314956665039
2016-05-12,175.04025268554688,98.55805969238281,121.16000366210938,69.39064025878906
2016-05-13,173.51490783691406,99.5134506225586,121.70999908447266,69.39881134033203
2016-05-16,175.22669982910156,98.6558837890625,121.80000305175781,69.36617279052734
2016-05-17,173.59124755859375,98.8213882446289,122.22000122070312,69.34164428710938
2016-05-18,173.6420440673828,97.41456604003906,120.0999984741211,69.21918487548828
2016-05-19,173.04039001464844,97.83585357666016,119.87000274658203,69.23556518554688
2016-05-20,174.13352966308594,97.91110229492188,119.70999908447266,69.26004791259766
2016-05-23,173.896240234375,98.12922668457031,119.37000274658203,69.25191497802734
2016-05-24,176.1503448486328,97.69292449951172,117.30000305175781,69.20292663574219
2016-05-25,177.34515380859375,97.32426452636719,116.9800033569336,69.24371337890625
2016-05-26,177.3960418701172,97.82833862304688,116.58000183105469,69.28451538085938
2016-05-27,178.15875244140625,97.6854248046875,115.62000274658203,69.24371337890625
2016-05-31,177.81979370117188,97.91859436035156,116.05999755859375,69.27633666992188
2016-06-01,178.18411254882812,98.31587982177734,115.94000244140625,69.22816467285156
2016-06-02,178.7264862060547,99.0245132446289,115.66999816894531,69.28533935546875
2016-06-03,178.19264221191406,100.43417358398438,118.87999725341797,69.39971160888672
2016-06-06,179.09930419921875,99.68785095214844,118.91999816894531,69.38335418701172
2016-06-07,179.37896728515625,99.9291000366211,118.81999969482422,69.39971160888672
2016-06-08,179.96365356445312,100.4643325805664,120.58000183105469,69.41608428955078
2016-06-09,179.71798706054688,101.11264038085938,121.25,69.43235778808594
2016-06-10,178.0146026611328,101.60264587402344,121.73999786376953,69.47325897216797
2016-06-13,176.6418914794922,102.05494689941406,122.63999938964844,69.48957061767578
2016-06-14,176.29443359375,101.97950744628906,122.7699966430664,69.49774169921875
2016-06-15,176.0486602783203,102.37152862548828,123.68000030517578,69.57941436767578
2016-06-16,176.57403564453125,102.86909484863281,122.37999725341797,69.53854370117188
2016-06-17,175.91651916503906,102.22832489013672,123.94999694824219,69.54673767089844
2016-06-20,177.04937744140625,101.13526916503906,123.20999908447266,69.50587463378906
2016-06-21,177.55194091796875,100.6678695678711,120.83999633789062,69.45693969726562
2016-06-22,177.26234436035156,100.83373260498047,120.9000015258789,69.48139190673828
2016-06-23,179.5707244873047,99.68032836914062,120.11000061035156,69.45693969726562
2016-06-24,173.12254333496094,102.35645294189453,126.0,69.62028503417969
2016-06-27,170.02191162109375,104.91193389892578,126.68000030517578,69.66110229492188
2016-06-28,173.0884246826172,105.13060760498047,125.31999969482422,69.68565368652344
2016-06-29,176.03570556640625,104.32396697998047,125.83999633789062,69.66110229492188
2016-06-30,178.43785095214844,104.70835876464844,126.47000122070312,69.69377899169922
2016-07-01,178.81259155273438,106.16228485107422,128.41000366210938,69.7182846069336
2016-07-05,177.52639770507812,107.49140167236328,129.47000122070312,69.75103759765625
2016-07-06,178.59115600585938,107.6651611328125,130.22999572753906,69.7182846069336
2016-07-07,178.4804229736328,107.65760803222656,129.74000549316406,69.68563842773438
2016-07-08,181.13803100585938,108.45057678222656,130.52000427246094,69.68563842773438
2016-07-11,181.77691650390625,107.49893951416016,129.2899932861328,69.61207580566406
2016-07-12,183.0972442626953,105.7318115234375,127.1500015258789,69.58750915527344
2016-07-13,183.07174682617188,106.97785949707031,128.32000732421875,69.60387420654297
2016-07-14,184.09390258789062,105.42210388183594,127.33000183105469,69.5630111694336
2016-07-15,183.8468475341797,104.5158462524414,126.83999633789062,69.53031921386719
2016-07-18,184.3408966064453,104.41765594482422,127.04000091552734,69.57115173339844
2016-07-19,184.1534881591797,105.0067367553711,127.20999908447266,69.57936096191406
2016-07-20,184.920166015625,104.43284606933594,125.38999938964844,69.54661560058594
2016-07-21,184.2216796875,104.64424133300781,127.30000305175781,69.59571075439453
2016-07-22,185.0478973388672,104.82547760009766,126.3499984741211,69.57115173339844
2016-07-25,184.54534912109375,104.74999237060547,125.47000122070312,69.52215576171875
2016-07-26,184.63050842285156,104.9161148071289,126.0,69.53031921386719
2016-07-27,184.43460083007812,106.22264862060547,128.02999877929688,69.57936096191406
2016-07-28,184.64756774902344,106.02632141113281,127.66000366210938,69.57115173339844
2016-07-29,184.9457244873047,106.90997314453125,128.97999572753906,69.66106414794922
2016-08-01,184.79238891601562,105.75080871582031,129.22000122070312,69.63737487792969
2016-08-02,183.6083984375,104.6612777709961,130.27000427246094,69.61283111572266
2016-08-03,184.1449432373047,104.72180938720703,129.64999389648438,69.6209716796875
2016-08-04,184.3408966064453,105.5086669921875,129.8699951171875,69.67013549804688
2016-08-05,185.84860229492188,104.41158294677734,127.55000305175781,69.57194519042969
2016-08-08,185.7379150390625,104.60832977294922,127.44000244140625,69.54740905761719
2016-08-09,185.84860229492188,105.6373062133789,127.95999908447266,69.58832550048828
2016-08-10,185.38861083984375,106.04595184326172,128.55999755859375,69.6209716796875
2016-08-11,186.2489471435547,105.10015106201172,127.66999816894531,69.5555648803711
2016-08-12,186.08712768554688,105.98534393310547,127.4000015258789,69.60469818115234
2016-08-15,186.62376403808594,104.98658752441406,127.83999633789062,69.58832550048828
2016-08-16,185.66122436523438,104.70669555664062,128.47000122070312,69.56375885009766
2016-08-17,186.01048278808594,105.33470153808594,128.5,69.56375885009766
2016-08-18,186.4278564453125,105.5011215209961,129.11000061035156,69.61283111572266
2016-08-19,186.15528869628906,104.94879913330078,127.97000122070312,69.54740905761719
2016-08-22,186.146728515625,105.83405303955078,127.77999877929688,69.5555648803711
2016-08-23,186.52154541015625,105.94747924804688,127.76000213623047,69.56375885009766
2016-08-24,185.5675506591797,105.6978988647461,126.33999633789062,69.54740905761719
2016-08-25,185.4397735595703,105.29679870605469,126.2300033569336,69.52291870117188
2016-08-26,185.0904998779297,104.68397521972656,126.05000305175781,69.4574966430664
2016-08-29,186.00193786621094,106.08377838134766,126.30000305175781,69.49837493896484
2016-08-30,185.69534301757812,105.67511749267578,125.02999877929688,69.50655364990234
2016-08-31,185.1671905517578,105.82648468017578,124.77999877929688,69.49837493896484
2016-09-01,185.1756591796875,105.94319152832031,125.29000091552734,69.53108978271484
2016-09-02,186.01048278808594,105.0790786743164,126.56999969482422,69.53108978271484
2016-09-06,186.57264709472656,105.84467315673828,128.7100067138672,69.58014678955078
2016-09-07,186.55564880371094,105.76890563964844,128.27000427246094,69.58014678955078
2016-09-08,186.1296844482422,104.4424057006836,127.58999633789062,69.53108978271484
2016-09-09,181.6747589111328,102.72178649902344,126.75,69.50651550292969
2016-09-12,184.28128051757812,102.77479553222656,126.58999633789062,69.53108978271484
2016-09-13,181.6321258544922,101.60753631591797,125.75,69.50651550292969
2016-09-14,181.56399536132812,101.75911712646484,126.18000030517578,69.5474624633789
2016-09-15,183.3783721923828,101.31949615478516,125.37000274658203,69.60472106933594
2016-09-16,182.6694793701172,102.13814544677734,125.05999755859375,69.57196044921875
2016-09-19,182.7037353515625,101.8045883178711,125.31999969482422,69.55560302734375
2016-09-20,182.71229553222656,102.1608657836914,125.44000244140625,69.53927612304688
2016-09-21,184.7669219970703,102.98705291748047,127.2699966430664,69.55560302734375
2016-09-22,185.93125915527344,103.80570983886719,127.56999969482422,69.53927612304688
2016-09-23,184.9125213623047,103.70716094970703,127.6500015258789,69.58014678955078
2016-09-26,183.4143524169922,104.3666000366211,127.55000305175781,69.62107849121094
2016-09-27,184.5529327392578,105.13218688964844,126.62000274658203,69.6292953491211
2016-09-28,185.46900939941406,104.90470886230469,126.22000122070312,69.62107849121094
2016-09-29,183.79095458984375,105.17005920410156,126.06999969482422,69.64567565917969
2016-09-30,185.17791748046875,104.23015594482422,125.63999938964844,69.58837890625
2016-10-03,184.73272705078125,103.88621520996094,125.31999969482422,69.57937622070312
2016-10-04,183.79095458984375,102.67125701904297,120.97000122070312,69.52201843261719
2016-10-05,184.60435485839844,102.19277954101562,120.77999877929688,69.48114013671875
2016-10-06,184.73272705078125,101.62334442138672,119.66000366210938,69.48114013671875
2016-10-07,184.09921264648438,101.69165802001953,119.73999786376953,69.50566864013672
2016-10-10,185.05804443359375,101.09174346923828,120.16000366210938,69.47288513183594
2016-10-11,182.7208709716797,100.86399841308594,119.55000305175781,69.4647216796875
2016-10-12,182.9605712890625,100.96268463134766,119.73999786376953,69.4647216796875
2016-10-13,182.361328125,101.34241485595703,120.02999877929688,69.48928833007812
2016-10-14,182.4554443359375,99.92237091064453,119.36000061035156,69.47288513183594
2016-10-17,181.82196044921875,100.56024932861328,119.68000030517578,69.53022766113281
2016-10-18,182.9605712890625,100.88675689697266,120.41999816894531,69.55480194091797
2016-10-19,183.44854736328125,100.97030639648438,121.11000061035156,69.55480194091797
2016-10-20,183.1060791015625,101.07657623291016,120.73999786376953,69.52201843261719
2016-10-21,183.19168090820312,101.22844696044922,120.83000183105469,69.53842163085938
2016-10-24,183.97076416015625,100.78804016113281,120.55999755859375,69.51383209228516
2016-10-25,183.35433959960938,101.05384826660156,121.47000122070312,69.51383209228516
2016-10-26,182.9862060546875,100.37042236328125,120.79000091552734,69.48928833007812
2016-10-27,182.49827575683594,99.2769546508789,121.01000213623047,69.50566864013672
2016-10-28,181.95892333984375,99.05677032470703,121.58000183105469,69.50566864013672
2016-10-31,181.96751403808594,99.66419219970703,121.94000244140625,69.55480194091797
2016-11-01,180.6490020751953,99.67182159423828,122.7300033569336,69.55559539794922
2016-11-02,179.56175231933594,100.10546112060547,123.63999938964844,69.59651947021484
2016-11-03,178.73989868164062,99.33707427978516,124.30000305175781,69.60478973388672
2016-11-04,178.54299926757812,100.22720336914062,124.38999938964844,69.62939453125
2016-11-07,182.48110961914062,99.37513732910156,122.1500015258789,69.60478973388672
2016-11-08,183.30303955078125,98.97185516357422,121.63999938964844,69.53103637695312
2016-11-09,185.24635314941406,94.77227783203125,121.55999755859375,69.44091796875
2016-11-10,185.70867919921875,93.37246704101562,119.75,69.41634368896484
2016-11-11,185.28065490722656,92.84749603271484,117.0999984741211,69.41634368896484
2016-11-14,185.4261474609375,92.29212951660156,116.11000061035156,69.30980682373047
2016-11-15,186.87301635742188,92.74860382080078,117.12000274658203,69.33439636230469
2016-11-16,186.52200317382812,93.58545684814453,116.7699966430664,69.32621765136719
2016-11-17,187.4808349609375,92.20841217041016,116.16999816894531,69.31802368164062
2016-11-18,187.06134033203125,91.94215393066406,115.1500015258789,69.27703857421875
2016-11-21,188.4739532470703,92.17033386230469,115.58000183105469,69.26885223388672
2016-11-22,188.84207153320312,92.1399917602539,115.54000091552734,69.25244903564453
2016-11-23,188.94482421875,91.7823715209961,113.25,69.21149444580078
2016-11-25,189.64683532714844,91.91931915283203,112.61000061035156,69.20328521728516
2016-11-28,188.75643920898438,92.59642791748047,113.80000305175781,69.2442855834961
2016-11-29,189.12461853027344,92.98440551757812,113.2699966430664,69.25244903564453
2016-11-30,188.6708526611328,91.47807312011719,111.75,69.22791290283203
2016-12-01,187.97740173339844,90.51219940185547,111.54000091552734,69.19509887695312
2016-12-02,188.0715789794922,91.1754379272461,112.13999938964844,69.26888275146484
2016-12-05,189.20164489746094,91.0763168334961,111.54000091552734,69.26888275146484
2016-12-06,189.8009490966797,91.00767517089844,111.43000030517578,69.25247192382812
2016-12-07,192.28366088867188,91.78527069091797,111.83000183105469,69.27706909179688
2016-12-08,192.75453186035156,90.70275115966797,111.56999969482422,69.26888275146484
2016-12-09,193.9188232421875,89.57450866699219,110.4000015258789,69.26068115234375
2016-12-12,193.6962432861328,89.74221801757812,110.81999969482422,69.23607635498047
2016-12-13,194.98899841308594,90.06239318847656,110.44999694824219,69.22791290283203
2016-12-14,193.37948608398438,89.05609893798828,108.83000183105469,69.09674835205078
2016-12-15,194.17568969726562,89.50592041015625,107.33999633789062,69.06392669677734
2016-12-16,193.7959442138672,89.30004119873047,108.05000305175781,69.09674835205078
2016-12-19,194.2178497314453,90.26058959960938,108.58999633789062,69.12954711914062
2016-12-20,194.96710205078125,89.81082153320312,107.79000091552734,69.13772583007812
2016-12-21,194.42457580566406,90.20719909667969,107.8499984741211,69.17050170898438
2016-12-22,194.08871459960938,90.04595947265625,107.58999633789062,69.18771362304688
2016-12-23,194.37290954589844,90.22940826416016,107.93000030517578,69.18771362304688
2016-12-27,194.85513305664062,89.93895721435547,108.55999755859375,69.1549301147461
2016-12-28,193.24478149414062,90.59629821777344,108.86000061035156,69.1795654296875
2016-12-29,193.20175170898438,90.91727447509766,110.29000091552734,69.25334167480469
2016-12-30,192.49557495117188,91.05488586425781,109.61000061035156,69.27799987792969
2017-01-03,193.96815490722656,91.44474029541016,110.47000122070312,69.22056579589844
2017-01-04,195.12210083007812,91.7962646484375,110.86000061035156,69.23698425292969
2017-01-05,194.96710205078125,93.23322296142578,112.58000183105469,69.2861557006836
2017-01-06,195.6646728515625,92.3771743774414,111.75,69.2287368774414
2017-01-09,195.018798828125,93.11857604980469,112.66999816894531,69.2861557006836
2017-01-10,195.018798828125,93.05741882324219,113.1500015258789,69.2615737915039
2017-01-11,195.56991577148438,93.37080383300781,113.5,69.29438018798828
2017-01-12,195.07904052734375,93.16445922851562,113.91000366210938,69.31900024414062
2017-01-13,195.5268096923828,92.72115325927734,114.20999908447266,69.2861557006836
2017-01-17,194.83792114257812,93.69184875488281,115.8499984741211,69.33537292480469
2017-01-18,195.26856994628906,92.49185943603516,114.87000274658203,69.269775390625
2017-01-19,194.54518127441406,91.85742950439453,114.7699966430664,69.24513244628906
2017-01-20,195.25985717773438,91.67401123046875,115.05000305175781,69.2861557006836
2017-01-23,194.75177001953125,92.5911865234375,115.79000091552734,69.35181427001953
2017-01-24,196.00047302246094,91.95681762695312,115.2699966430664,69.310791015625
2017-01-25,197.69696044921875,90.80266571044922,114.31999969482422,69.29438018798828
2017-01-26,197.49029541015625,91.10840606689453,113.26000213623047,69.30255889892578
2017-01-27,197.1802978515625,91.43704223632812,113.48999786376953,69.33537292480469
2017-01-30,195.95741271972656,91.1618881225586,113.97000122070312,69.33537292480469
2017-01-31,195.94017028808594,91.7962646484375,115.55000305175781,69.35181427001953
2017-02-01,196.01766967773438,91.22868347167969,115.19999694824219,69.32797241210938
2017-02-02,196.1469268798828,91.1904067993164,115.83999633789062,69.35264587402344
2017-02-03,197.4989013671875,91.1521224975586,116.12999725341797,69.32797241210938
2017-02-06,197.14584350585938,91.70360565185547,117.69999694824219,69.40184783935547
2017-02-07,197.15447998046875,92.37767028808594,117.45999908447266,69.38545227050781
2017-02-08,197.412841796875,93.63390350341797,118.19000244140625,69.4510726928711
2017-02-09,198.58392333984375,92.55386352539062,117.29000091552734,69.39368438720703
2017-02-10,199.3676300048828,92.50022888183594,117.5999984741211,69.38545227050781
2017-02-13,200.45274353027344,92.20914459228516,116.80000305175781,69.36902618408203
2017-02-14,201.2535858154297,91.5427474975586,116.93000030517578,69.31980895996094
2017-02-15,202.30419921875,91.12147521972656,117.44999694824219,69.29515838623047
2017-02-16,202.1319122314453,91.6193618774414,118.08000183105469,69.32797241210938
2017-02-17,202.45059204101562,92.16319274902344,117.68000030517578,69.37723541259766
2017-02-21,203.65618896484375,92.00235748291016,117.75,69.38545227050781
2017-02-22,203.47544860839844,92.15553283691406,117.91000366210938,69.40184783935547
2017-02-23,203.61317443847656,92.43128967285156,118.94000244140625,69.43472290039062
2017-02-24,203.87152099609375,93.45768737792969,119.69999694824219,69.4675521850586
2017-02-27,204.19012451171875,92.90618133544922,119.12000274658203,69.41008758544922
2017-02-28,203.63905334472656,93.25089263916016,119.2300033569336,69.37723541259766
2017-03-01,206.48941040039062,91.68834686279297,119.05999755859375,69.32305145263672
2017-03-02,205.18910217285156,91.35835266113281,117.58000183105469,69.24910736083984
2017-03-03,205.31822204589844,91.59625244140625,117.51000213623047,69.26557922363281
2017-03-06,204.7068634033203,91.15879821777344,116.72000122070312,69.28199005126953
2017-03-07,204.095458984375,90.88251495361328,115.77999877929688,69.25733947753906
2017-03-08,203.71652221679688,90.39131927490234,115.05999755859375,69.19984436035156
2017-03-09,203.97486877441406,89.669921875,114.47000122070312,69.1916275024414
2017-03-10,204.68959045410156,89.98461151123047,114.72000122070312,69.23267364501953
2017-03-13,204.79296875,89.41667175292969,114.73999786376953,69.19984436035156
2017-03-14,204.00927734375,89.846435546875,114.12000274658203,69.1916275024414
2017-03-15,205.77464294433594,90.94391632080078,116.25,69.32305145263672
2017-03-16,205.36990356445312,90.48342895507812,116.7300033569336,69.27373504638672
2017-03-17,205.00926208496094,91.05136108398438,116.98999786376953,69.30663299560547
2017-03-20,204.78439331054688,91.44274139404297,117.51000213623047,69.34768676757812
2017-03-21,202.15505981445312,92.20254516601562,118.54000091552734,69.38052368164062
2017-03-22,202.63075256347656,92.57090759277344,118.83000183105469,69.39698791503906
2017-03-23,202.41453552246094,92.44043731689453,118.66999816894531,69.39698791503906
2017-03-24,202.26748657226562,92.77043151855469,118.86000061035156,69.39698791503906
2017-03-27,202.05992126464844,93.19255828857422,119.52999877929688,69.4216079711914
2017-03-28,203.5303192138672,92.57090759277344,119.04000091552734,69.38873291015625
2017-03-29,203.7205047607422,93.12348175048828,119.33000183105469,69.42980194091797
2017-03-30,204.36923217773438,92.37137603759766,118.47000122070312,69.41336822509766
2017-03-31,203.89358520507812,92.6400146484375,118.72000122070312,69.4216079711914
2017-04-03,203.53887939453125,93.57444763183594,119.3499984741211,69.48571014404297
2017-04-04,203.6686248779297,93.06684112548828,119.62000274658203,69.46106719970703
2017-04-05,203.06321716308594,93.35140991210938,119.62000274658203,69.46106719970703
2017-04-06,203.634033203125,93.21298217773438,119.18000030517578,69.47747802734375
2017-04-07,203.42645263671875,92.83609771728516,119.45999908447266,69.38710021972656
2017-04-10,203.5475616455078,93.26679992675781,119.45999908447266,69.41995239257812
2017-04-11,203.30532836914062,94.15120697021484,121.19000244140625,69.48571014404297
2017-04-12,202.41453552246094,94.66654205322266,122.0199966430664,69.53501892089844
2017-04-13,201.09986877441406,94.95879364013672,122.5999984741211,69.56792449951172
2017-04-17,202.881591796875,94.66654205322266,122.23999786376953,69.55970764160156
2017-04-18,202.27613830566406,95.90477752685547,122.81999969482422,69.61721801757812
2017-04-19,201.90419006347656,95.38175964355469,121.7300033569336,69.58436584472656
2017-04-20,203.5475616455078,95.01264953613281,121.95999908447266,69.57614135742188
2017-04-21,202.89889526367188,95.01264953613281,122.30999755859375,69.6090087890625
2017-04-24,205.1303253173828,94.5434799194336,121.4800033569336,69.53501892089844
2017-04-25,206.32394409179688,93.40523529052734,120.25,69.46930694580078
2017-04-26,206.19418334960938,93.92050170898438,120.83999633789062,69.49393463134766
2017-04-27,206.3671875,93.88972473144531,120.38999938964844,69.5185775756836
2017-04-28,205.9174346923828,94.09739685058594,120.7699966430664,69.55146026611328
2017-05-01,206.4363555908203,93.31517791748047,119.66999816894531,69.50379180908203
2017-05-02,206.5142364501953,93.79299926757812,119.6500015258789,69.52842712402344
2017-05-03,206.2633514404297,93.8546371459961,117.9800033569336,69.47909545898438
2017-05-04,206.5055389404297,93.39221954345703,116.79000091552734,69.47087097167969
2017-05-05,207.31857299804688,93.47699737548828,117.01000213623047,69.49555206298828
2017-05-08,207.28399658203125,92.9683837890625,116.75,69.462646484375
2017-05-09,207.0937042236328,92.96065521240234,116.05000305175781,69.42974853515625
2017-05-10,207.46556091308594,92.8527603149414,116.04000091552734,69.44619750976562
2017-05-11,207.04176330566406,92.8527603149414,116.5,69.45442962646484
2017-05-12,206.6958770751953,93.55409240722656,116.83000183105469,69.53668212890625
2017-05-15,207.83755493164062,93.29975128173828,117.13999938964844,69.52842712402344
2017-05-16,207.6472625732422,93.64655303955078,117.6500015258789,69.52842712402344
2017-05-17,203.9627227783203,95.01069641113281,119.79000091552734,69.60247039794922
2017-05-18,204.78439331054688,95.1186294555664,118.80999755859375,69.56953430175781
2017-05-19,206.1163330078125,95.34208679199219,119.4000015258789,69.58602142333984
2017-05-22,207.16290283203125,95.08003234863281,119.9000015258789,69.5613784790039
2017-05-23,207.62127685546875,94.44036102294922,119.13999938964844,69.53668212890625
2017-05-24,208.10565185546875,94.97216796875,119.61000061035156,69.57776641845703
2017-05-25,209.1002960205078,95.0029525756836,119.4800033569336,69.57776641845703
2017-05-26,209.0570526123047,95.16484069824219,120.54000091552734,69.56953430175781
2017-05-30,208.87539672851562,95.63495635986328,120.13999938964844,69.59420776367188
2017-05-31,208.82351684570312,95.87385559082031,120.62000274658203,69.60247039794922
2017-06-01,210.48414611816406,95.88387298583984,120.72000122070312,69.58934783935547
2017-06-02,211.18470764160156,97.01924133300781,121.61000061035156,69.63868713378906
2017-06-05,211.02902221679688,96.41676330566406,121.7300033569336,69.58106231689453
2017-06-06,210.35440063476562,96.94195556640625,123.0999984741211,69.60578155517578
2017-06-07,210.7435760498047,96.47857666015625,122.44999694824219,69.58106231689453
2017-06-08,210.84739685058594,96.22368621826172,121.6500015258789,69.56456756591797
2017-06-09,210.52735900878906,96.07697296142578,120.54000091552734,69.53987121582031
2017-06-12,210.48414611816406,96.04608917236328,120.36000061035156,69.53169250488281
2017-06-13,211.51336669921875,96.0615234375,120.4800033569336,69.53169250488281
2017-06-14,211.2452392578125,97.54437255859375,119.81999969482422,69.56456756591797
2017-06-15,210.83876037597656,97.38993072509766,119.31999969482422,69.53987121582031
2017-06-16,210.88479614257812,97.5829849243164,119.33999633789062,69.57284545898438
2017-06-19,212.6404266357422,97.4439926147461,118.43000030517578,69.53169250488281
2017-06-20,211.2064208984375,98.3166732788086,118.18000030517578,69.53987121582031
2017-06-21,211.1542510986328,98.51754760742188,118.5199966430664,69.54816436767578
2017-06-22,211.05860900878906,98.73370361328125,118.91999816894531,69.55641174316406
2017-06-23,211.3106689453125,98.68743896484375,119.43000030517578,69.59749603271484
2017-06-26,211.44976806640625,99.0581283569336,118.36000061035156,69.59749603271484
2017-06-27,209.74627685546875,98.00004577636719,118.80999755859375,69.55641174316406
2017-06-28,211.62356567382812,97.67566680908203,118.9000015258789,69.58934783935547
2017-06-29,209.76370239257812,96.85700225830078,118.31999969482422,69.54816436767578
2017-06-30,210.15476989746094,96.63309478759766,118.0199966430664,69.54816436767578
2017-07-03,210.51109313964844,96.32195281982422,116.08999633789062,69.49626922607422
2017-07-05,210.99781799316406,96.34515380859375,116.5199966430664,69.52093505859375
2017-07-06,209.06832885742188,95.5479965209961,116.47000122070312,69.53742980957031
2017-07-07,210.4241485595703,94.97535705566406,115.27999877929688,69.52919006347656
2017-07-10,210.6501007080078,95.1146240234375,115.47000122070312,69.56211853027344
2017-07-11,210.4937286376953,95.27711486816406,115.62000274658203,69.58688354492188
2017-07-12,212.07550048828125,95.93498229980469,116.02999877929688,69.61979675292969
2017-07-13,212.43185424804688,95.33128356933594,115.81999969482422,69.58688354492188
2017-07-14,213.4226531982422,95.44738006591797,116.7699966430664,69.61979675292969
2017-07-17,213.39657592773438,95.71055603027344,117.29000091552734,69.62808227539062
2017-07-18,213.50958251953125,96.54635620117188,118.11000061035156,69.6445083618164
2017-07-19,214.66554260253906,96.58504486083984,118.08000183105469,69.6445083618164
2017-07-20,214.7611083984375,96.86365509033203,118.23999786376953,69.6445083618164
2017-07-21,214.56993103027344,97.27384948730469,119.26000213623047,69.67742156982422
2017-07-24,214.5177764892578,96.89466857910156,119.30999755859375,69.65278625488281
2017-07-25,215.0392608642578,95.63314056396484,118.91999816894531,69.61158752441406
2017-07-26,215.04795837402344,95.78791809082031,119.87999725341797,69.66099548339844
2017-07-27,214.8480224609375,95.31583404541016,119.79000091552734,69.6445083618164
2017-07-28,214.59597778320312,95.88080596923828,120.69000244140625,69.68568420410156
2017-07-31,214.47427368164062,95.99691009521484,120.75,69.67742156982422
2017-08-01,214.95233154296875,96.67088317871094,120.6500015258789,69.70303344726562
2017-08-02,215.0565948486328,96.72516632080078,120.4000015258789,69.6700668334961
2017-08-03,214.63946533203125,97.72571563720703,120.58999633789062,69.6948013305664
2017-08-04,215.03053283691406,96.89579772949219,119.6500015258789,69.6700668334961
2017-08-07,215.43035888671875,97.00440979003906,119.51000213623047,69.6948013305664
2017-08-08,214.9001922607422,96.65538024902344,119.86000061035156,69.6948013305664
2017-08-09,214.89149475097656,97.18280029296875,121.30999755859375,69.68655395507812
2017-08-10,211.85821533203125,98.01265716552734,122.20999908447266,69.71129608154297
2017-08-11,212.17112731933594,98.05919647216797,122.79000091552734,69.80197143554688
2017-08-14,214.27442932128906,97.5550765991211,121.91999816894531,69.74421691894531
2017-08-15,214.24835205078125,97.14395141601562,120.9800033569336,69.71129608154297
2017-08-16,214.62208557128906,97.50078582763672,121.87000274658203,69.75248718261719
2017-08-17,211.2759246826172,98.2298355102539,122.48999786376953,69.76899719238281
2017-08-18,210.94569396972656,98.20657348632812,122.30000305175781,69.76074981689453
2017-08-21,211.11080932617188,98.44702911376953,122.76000213623047,69.77722930908203
2017-08-22,213.31838989257812,98.06693267822266,122.20999908447266,69.76899719238281
2017-08-23,212.553466796875,98.73394775390625,122.66999816894531,69.83496856689453
2017-08-24,212.0581512451172,98.36943054199219,122.29000091552734,69.76899719238281
2017-08-25,212.553466796875,98.74951934814453,122.73999786376953,69.793701171875
2017-08-28,212.56222534179688,98.68743133544922,124.69000244140625,69.76899719238281
2017-08-29,212.80557250976562,99.00544738769531,124.41999816894531,69.80197143554688
2017-08-30,213.8137664794922,98.97444152832031,124.36000061035156,69.81843566894531
2017-08-31,215.10006713867188,99.26915740966797,125.81999969482422,69.81843566894531
2017-09-01,215.40426635742188,98.50981140136719,126.05999755859375,69.8036117553711
2017-09-05,213.85720825195312,100.07198333740234,127.45999908447266,69.86962127685547
2017-09-06,214.58729553222656,99.45800018310547,126.80999755859375,69.86138916015625
2017-09-07,214.561279296875,100.47611999511719,128.1300048828125,69.90263366699219
2017-09-08,214.3092041015625,100.25850677490234,127.97000122070312,69.88614654541016
2017-09-11,216.59500122070312,99.0616226196289,126.19000244140625,69.82010650634766
2017-09-12,217.32501220703125,98.54090881347656,126.55999755859375,69.78707122802734
2017-09-13,217.4293212890625,98.15229034423828,125.61000061035156,69.77061462402344
2017-09-14,217.35980224609375,98.55647277832031,126.16000366210938,69.77886962890625
2017-09-15,217.65240478515625,98.59532165527344,125.52999877929688,69.77061462402344
2017-09-18,218.11534118652344,98.02793884277344,124.36000061035156,69.72935485839844
2017-09-19,218.33370971679688,97.78700256347656,124.62000274658203,69.73760223388672
2017-09-20,218.41232299804688,97.85697937011719,123.62000274658203,69.67982482910156
2017-09-21,217.82711791992188,97.80257415771484,122.68000030517578,69.6633071899414
2017-09-22,217.87081909179688,98.08233642578125,123.23999786376953,69.67982482910156
2017-09-25,217.42527770996094,98.69637298583984,124.52999877929688,69.72108459472656
2017-09-26,217.55636596679688,98.5176010131836,123.13999938964844,69.7046127319336
2017-09-27,218.403564453125,97.03311157226562,121.9800033569336,69.69630432128906
2017-09-28,218.66563415527344,96.7455825805664,122.20999908447266,69.7046127319336
2017-09-29,219.43418884277344,96.96318054199219,121.58000183105469,69.68807220458984
2017-10-02,220.3862762451172,96.78562927246094,120.7699966430664,69.7401123046875
2017-10-03,220.85792541503906,96.87913513183594,120.83000183105469,69.69880676269531
2017-10-04,221.12001037597656,96.88687896728516,121.16999816894531,69.83097076416016
2017-10-05,222.4301300048828,96.52088165283203,120.5199966430664,69.68231201171875
2017-10-06,222.1768035888672,96.24832153320312,121.08999633789062,69.6574935913086
2017-10-09,221.8100128173828,96.552001953125,122.08000183105469,69.6574935913086
2017-10-10,222.3951873779297,96.70774841308594,122.4000015258789,69.67405700683594
2017-10-11,222.74453735351562,96.89469146728516,122.79000091552734,69.66578674316406
2017-10-12,222.41262817382812,97.30742645263672,122.88999938964844,69.6574935913086
2017-10-13,222.6834259033203,98.00830078125,123.81999969482422,69.69880676269531
2017-10-16,222.98037719726562,97.93822479248047,122.97000122070312,69.63273620605469
2017-10-17,223.13760375976562,98.06282043457031,122.12999725341797,69.64100646972656
2017-10-18,223.35594177246094,97.41648864746094,121.66999816894531,69.61620330810547
2017-10-19,223.41712951660156,97.5877685546875,122.38999938964844,69.6574935913086
2017-10-20,224.57005310058594,96.552001953125,121.61000061035156,69.61620330810547
2017-10-23,223.69662475585938,96.72334289550781,121.80000305175781,69.61620330810547
2017-10-24,224.08966064453125,96.12367248535156,121.33000183105469,69.59969329833984
2017-10-25,222.98037719726562,95.6642074584961,121.3499984741211,69.58317565917969
2017-10-26,223.26861572265625,95.34492492675781,120.33000183105469,69.58317565917969
2017-10-27,225.09410095214844,95.9756851196289,120.9000015258789,69.63273620605469
2017-10-30,224.25567626953125,96.89469146728516,121.12999725341797,69.66578674316406
2017-10-31,224.60498046875,96.92584991455078,120.66999816894531,69.62450408935547
2017-11-01,224.9019317626953,97.3573989868164,121.11000061035156,69.61455535888672
2017-11-02,224.98931884765625,97.78660583496094,121.19000244140625,69.63111114501953
2017-11-03,225.74044799804688,98.05198669433594,120.62000274658203,69.58976745605469
2017-11-06,226.08985900878906,98.41874694824219,121.6500015258789,69.63111114501953
2017-11-07,225.9326171875,98.83242797851562,121.20999908447266,69.59803771972656
2017-11-08,226.31695556640625,98.61386108398438,121.62999725341797,69.58976745605469
2017-11-09,225.49595642089844,98.33293151855469,122.12999725341797,69.58148956298828
2017-11-10,225.42596435546875,96.85009002685547,121.12999725341797,69.55671691894531
2017-11-13,225.63563537597656,97.05304718017578,121.30999755859375,69.54844665527344
2017-11-14,225.11158752441406,97.7085952758789,121.55999755859375,69.56494140625
2017-11-15,223.98486328125,98.76997375488281,121.41000366210938,69.5401840209961
2017-11-16,225.88894653320312,97.9114990234375,121.4000015258789,69.54844665527344
2017-11-17,225.22509765625,98.63729095458984,122.86000061035156,69.50708770751953
2017-11-20,225.6094207763672,98.59828186035156,121.30999755859375,69.4823226928711
2017-11-21,227.0855712890625,98.91046142578125,121.51000213623047,69.46580505371094
2017-11-22,226.88470458984375,99.23039245605469,122.62999725341797,69.52367401123047
2017-11-24,227.40875244140625,98.95721435546875,122.31999969482422,69.52367401123047
2017-11-27,227.29522705078125,98.8167953491211,122.83000183105469,69.52367401123047
2017-11-28,229.60105895996094,98.94944763183594,122.80999755859375,69.53189849853516
2017-11-29,229.46124267578125,97.97393035888672,122.04000091552734,69.51533508300781
2017-11-30,231.47018432617188,97.64617919921875,121.0999984741211,69.4740219116211
2017-12-01,230.98985290527344,98.96382141113281,121.58999633789062,69.48976135253906
2017-12-04,230.7103271484375,99.0107650756836,121.18000030517578,69.44841003417969
2017-12-05,229.8805694580078,99.50340270996094,120.31999969482422,69.44007110595703
2017-12-06,229.9242401123047,99.8475112915039,120.06999969482422,69.47323608398438
2017-12-07,230.64913940429688,99.06550598144531,118.48999786376953,69.48147583007812
2017-12-08,231.90695190429688,99.07331085205078,118.4800033569336,69.48147583007812
2017-12-11,232.60568237304688,98.87003326416016,118.01000213623047,69.44841003417969
2017-12-12,233.01622009277344,98.8309326171875,118.1500015258789,69.44841003417969
2017-12-13,232.99000549316406,99.57382202148438,119.16999816894531,69.52288055419922
2017-12-14,232.03797912597656,99.9961166381836,118.93000030517578,69.49803161621094
2017-12-15,233.97024536132812,100.3714828491211,119.18000030517578,69.46491241455078
2017-12-18,235.453857421875,99.4565200805664,119.7300033569336,69.46491241455078
2017-12-19,234.5496368408203,98.16619110107422,119.81999969482422,69.43180847167969
2017-12-20,234.42677307128906,97.0792007446289,120.13999938964844,69.44007110595703
2017-12-21,234.90956115722656,97.64496612548828,120.30999755859375,69.4351577758789
2017-12-22,234.84812927246094,97.77827453613281,120.94000244140625,69.41028594970703
2017-12-26,234.5671844482422,98.06819152832031,121.7699966430664,69.4020004272461
2017-12-27,234.6813201904297,99.3455810546875,122.2300033569336,69.4351577758789
2017-12-28,235.16416931152344,99.25935363769531,122.8499984741211,69.44339752197266
2017-12-29,234.2774658203125,99.41606903076172,123.6500015258789,69.45995330810547
2018-01-02,235.95428466796875,98.34246063232422,125.1500015258789,69.4351577758789
2018-01-03,237.4467315673828,98.81263732910156,124.81999969482422,69.4351577758789
2018-01-04,238.4474639892578,98.7969741821289,125.45999908447266,69.4020004272461
2018-01-05,240.0365447998047,98.51488494873047,125.33000183105469,69.4020004272461
2018-01-08,240.47549438476562,98.4521713256836,125.30999755859375,69.4020004272461
2018-01-09,241.01976013183594,97.13563537597656,124.7300033569336,69.37712097167969
2018-01-10,240.65115356445312,97.01808166503906,125.02999877929688,69.4020004272461
2018-01-11,242.4069366455078,97.417724609375,125.44000244140625,69.37712097167969
2018-01-12,243.9871368408203,97.58232879638672,126.95999908447266,69.36885833740234
2018-01-16,243.153076171875,97.98983001708984,127.16999816894531,69.36058044433594
2018-01-17,245.4707489013672,97.85658264160156,126.13999938964844,69.33570098876953
2018-01-18,245.05809020996094,96.94754028320312,125.86000061035156,69.31913757324219
2018-01-19,246.1731414794922,96.43812561035156,126.41999816894531,69.34398651123047
2018-01-22,248.17466735839844,96.5322036743164,126.6500015258789,69.31088256835938
2018-01-23,248.7014923095703,96.94754028320312,127.27999877929688,69.35233306884766
2018-01-24,248.6049041748047,96.42251586914062,128.8300018310547,69.33570098876953
2018-01-25,248.710205078125,97.21398162841797,127.97000122070312,69.31913757324219
2018-01-26,251.58975219726562,96.85348510742188,128.07000732421875,69.27774810791016
2018-01-29,249.92176818847656,96.17957305908203,127.3499984741211,69.25291442871094
2018-01-30,247.35826110839844,95.61529541015625,126.80000305175781,69.26115417480469
2018-01-31,247.48110961914062,96.17957305908203,127.6500015258789,69.26115417480469
2018-02-01,247.20022583007812,94.78564453125,128.07000732421875,69.23297882080078
2018-02-02,241.81869506835938,93.90609741210938,126.38999938964844,69.24128723144531
2018-02-05,231.7052459716797,94.79344940185547,126.70999908447266,69.36565399169922
2018-02-06,236.27035522460938,94.20451354980469,125.37999725341797,69.31587982177734
2018-02-07,234.98854064941406,93.3093032836914,124.79000091552734,69.26617431640625
2018-02-08,226.1744384765625,93.20719146728516,124.9800033569336,69.27444458007812
2018-02-09,229.57196044921875,92.61820983886719,124.7699966430664,69.33247375488281
2018-02-12,232.94314575195312,93.02655792236328,125.37000274658203,69.2992935180664
2018-02-13,233.5225067138672,93.4427719116211,126.08000183105469,69.2992935180664
2018-02-14,236.67413330078125,92.40618896484375,128.22999572753906,69.19979095458984
2018-02-15,239.69412231445312,92.72032165527344,128.3800048828125,69.17493438720703
2018-02-16,239.764404296875,93.22290802001953,127.95999908447266,69.1915283203125
2018-02-20,238.2631378173828,92.8145523071289,126.23999786376953,69.18324279785156
2018-02-21,237.0780029296875,91.67587280273438,125.66000366210938,69.1915283203125
2018-02-22,237.38526916503906,91.95072937011719,126.30000305175781,69.19979095458984
2018-02-23,241.16903686523438,92.76737213134766,126.13999938964844,69.21642303466797
2018-02-26,243.96954345703125,92.7988510131836,126.44999694824219,69.22467803955078
2018-02-27,240.92327880859375,92.66533660888672,125.12999725341797,69.17493438720703
2018-02-28,238.4826202392578,93.25431823730469,125.0,69.1915283203125
2018-03-01,235.0149688720703,93.89089965820312,124.72000122070312,69.28780364990234
2018-03-02,236.22640991210938,93.12757873535156,125.38999938964844,69.2546157836914
2018-03-05,238.95677185058594,92.87579345703125,125.18000030517578,69.2546157836914
2018-03-06,239.56253051757812,92.96235656738281,126.52999877929688,69.23799133300781
2018-03-07,239.47470092773438,92.86006927490234,125.72000122070312,69.23799133300781
2018-03-08,240.63357543945312,93.39517211914062,125.41999816894531,69.2546157836914
2018-03-09,244.8211669921875,92.78138732910156,125.54000091552734,69.22138214111328
2018-03-12,244.51390075683594,93.31645202636719,125.54000091552734,69.2546157836914
2018-03-13,242.93360900878906,93.78860473632812,125.77999877929688,69.27117919921875
2018-03-14,241.6870574951172,94.61481475830078,125.69999694824219,69.26290130615234
2018-03-15,241.4236602783203,94.61481475830078,124.9000015258789,69.27117919921875
2018-03-16,241.68544006347656,94.27645874023438,124.5999984741211,69.23799133300781
2018-03-19,238.41531372070312,93.97747039794922,124.87000274658203,69.23799133300781
2018-03-20,238.82083129882812,93.5997543334961,124.30999755859375,69.21308135986328
2018-03-21,238.36253356933594,93.7020263671875,126.4800033569336,69.26290130615234
2018-03-22,232.40403747558594,94.63056945800781,125.9800033569336,69.29611206054688
2018-03-23,227.45053100585938,94.55972290039062,127.61000061035156,69.31268310546875
2018-03-26,233.67332458496094,94.1977767944336,128.27999877929688,69.27952575683594
2018-03-27,229.69810485839844,95.20499420166016,127.48999786376953,69.32930755615234
2018-03-28,229.01943969726562,95.45674133300781,125.7300033569336,69.33765411376953
2018-03-29,231.94570922851562,95.92105865478516,125.79000091552734,69.36251831054688
2018-04-02,226.9392547607422,96.11027526855469,127.26000213623047,69.38249206542969
2018-04-03,229.84796142578125,95.36904907226562,126.30000305175781,69.3492431640625
2018-04-04,232.3070831298828,95.17192077636719,126.44999694824219,69.30765533447266
2018-04-05,234.14051818847656,94.46219635009766,125.80000305175781,69.32428741455078
2018-04-06,228.92245483398438,95.49519348144531,126.38999938964844,69.38249206542969
2018-04-09,230.05062866210938,95.65294647216797,126.81999969482422,69.3741455078125
2018-04-10,233.70855712890625,95.47943115234375,127.12000274658203,69.34088134765625
2018-04-11,232.48338317871094,95.81849670410156,128.11000061035156,69.34088134765625
2018-04-12,234.39605712890625,95.11673736572266,126.62000274658203,69.2993392944336
2018-04-13,233.70855712890625,95.33747100830078,127.44999694824219,69.28273010253906
2018-04-16,235.63011169433594,95.36904907226562,127.62999725341797,69.27442169189453
2018-04-17,238.15093994140625,95.6292724609375,127.75,69.27442169189453
2018-04-18,238.32723999023438,94.86437225341797,127.8499984741211,69.21627807617188
2018-04-19,237.00503540039062,94.09159851074219,127.5999984741211,69.21627807617188
2018-04-20,234.9954376220703,93.41339874267578,126.62999725341797,69.19136047363281
2018-04-23,234.96018981933594,93.43705749511719,125.62000274658203,69.18302154541016
2018-04-24,231.79586791992188,93.01123046875,126.2300033569336,69.19962310791016
2018-04-25,232.36883544921875,92.38826751708984,125.41000366210938,69.19136047363281
2018-04-26,234.7310333251953,93.03490447998047,124.97000122070312,69.20793151855469
2018-04-27,234.9513702392578,93.75250244140625,125.5,69.22457122802734
2018-04-30,233.14450073242188,93.9180908203125,124.58999633789062,69.19962310791016
2018-05-01,233.5587921142578,93.57986450195312,123.70999908447266,69.16886138916016
2018-05-02,231.98983764648438,93.47713470458984,123.6500015258789,69.1938247680664
2018-05-03,231.47854614257812,93.89595794677734,124.27999877929688,69.2437744140625
2018-05-04,234.4754638671875,94.03819274902344,124.54000091552734,69.21879577636719
2018-05-07,235.2687530517578,93.88803100585938,124.56999969482422,69.21879577636719
2018-05-08,235.2687530517578,93.80111694335938,124.58999633789062,69.22710418701172
2018-05-09,237.5426483154297,93.24000549316406,124.33000183105469,69.1938247680664
2018-05-10,239.7639617919922,93.99081420898438,125.18000030517578,69.1938247680664
2018-05-11,240.49557495117188,94.22789764404297,125.0,69.1938247680664
2018-05-14,240.61016845703125,93.73001098632812,124.48999786376953,69.1938247680664
2018-05-15,238.95301818847656,92.66309356689453,122.4800033569336,69.15220642089844
2018-05-16,239.9578399658203,92.30748748779297,122.29000091552734,69.15220642089844
2018-05-17,239.75506591796875,91.84121704101562,122.36000061035156,69.16886138916016
2018-05-18,239.15576171875,92.6314926147461,122.41000366210938,69.20215606689453
2018-05-21,240.9538116455078,92.67886352539062,122.4800033569336,69.20215606689453
2018-05-22,240.28399658203125,92.53662872314453,122.41000366210938,69.20215606689453
2018-05-23,240.9450225830078,93.20841217041016,122.54000091552734,69.26033782958984
2018-05-24,240.45140075683594,93.95127868652344,123.58999633789062,69.30201721191406
2018-05-25,239.8785858154297,94.5361328125,123.20999908447266,69.36022186279297
2018-05-29,237.1196746826172,96.60674285888672,123.19000244140625,69.55989837646484
2018-05-30,240.28399658203125,95.95867156982422,123.37000274658203,69.4767074584961
2018-05-31,238.81199645996094,95.80058288574219,123.0999984741211,69.44342803955078
2018-06-01,241.15658569335938,95.2944107055664,122.48999786376953,69.39010620117188
2018-06-04,242.30242919921875,94.60526275634766,122.37000274658203,69.33177185058594
2018-06-05,242.4786834716797,94.82704162597656,122.8499984741211,69.37342071533203
2018-06-06,244.50599670410156,94.05867004394531,122.91999816894531,69.34847259521484
2018-06-07,244.47947692871094,94.96965026855469,122.86000061035156,69.41508483886719
2018-06-08,245.2022705078125,94.68447875976562,123.01000213623047,69.39842987060547
2018-06-11,245.52842712402344,94.5102310180664,123.2300033569336,69.37342071533203
2018-06-12,245.84576416015625,94.53395080566406,122.81999969482422,69.34008026123047
2018-06-13,245.06129455566406,94.4864273071289,123.19000244140625,69.30679321289062
2018-06-14,245.6782684326172,95.27066802978516,123.37999725341797,69.33177185058594
2018-06-15,245.3648223876953,95.3577651977539,121.33999633789062,69.36505889892578
2018-06-18,244.86013793945312,95.27066802978516,121.11000061035156,69.38179779052734
2018-06-19,243.9216766357422,95.82511138916016,120.80000305175781,69.40679931640625
2018-06-20,244.33787536621094,94.9854507446289,120.26000213623047,69.37342071533203
2018-06-21,242.8061065673828,95.48455047607422,120.05000305175781,69.41508483886719
2018-06-22,243.2488555908203,95.47660827636719,120.33999633789062,69.42341613769531
2018-06-25,239.93743896484375,95.69049835205078,119.88999938964844,69.44839477539062
2018-06-26,240.46865844726562,95.82511138916016,119.26000213623047,69.44839477539062
2018-06-27,238.4766082763672,96.72819519042969,118.58000183105469,69.49008178710938
2018-06-28,239.840087890625,96.75196838378906,118.22000122070312,69.49008178710938
2018-06-29,240.18536376953125,96.41923522949219,118.6500015258789,69.4734115600586
2018-07-02,240.69894409179688,96.34381866455078,117.45999908447266,69.46510314941406
2018-07-03,239.8489532470703,96.85989379882812,118.6500015258789,69.49015045166016
2018-07-05,241.8055877685547,97.13774108886719,119.05000305175781,69.48175048828125
2018-07-06,243.8508758544922,97.45529174804688,118.86000061035156,69.49847412109375
2018-07-09,246.04653930664062,96.82814025878906,119.1500015258789,69.45677947998047
2018-07-10,246.93185424804688,96.82017517089844,118.93000030517578,69.44837951660156
2018-07-11,245.12579345703125,97.19331359863281,117.63999938964844,69.47337341308594
2018-07-12,247.34812927246094,97.18538665771484,118.12999725341797,69.46510314941406
2018-07-13,247.54287719726562,97.43151092529297,117.61000061035156,69.48175048828125
2018-07-16,247.32156372070312,97.026611328125,117.55000305175781,69.46510314941406
2018-07-17,248.32199096679688,96.843994140625,116.27999877929688,69.45677947998047
2018-07-18,248.84445190429688,96.45496368408203,116.30999755859375,69.44837951660156
2018-07-19,247.9058380126953,97.06631469726562,115.80999755859375,69.48175048828125
2018-07-20,247.62255859375,95.87542724609375,116.55999755859375,69.48175048828125
2018-07-23,248.0829620361328,94.6924819946289,116.0,69.4400634765625
2018-07-24,249.33139038085938,95.01790618896484,116.04000091552734,69.44837951660156
2018-07-25,251.45620727539062,94.8670883178711,116.68000030517578,69.4233169555664
2018-07-26,250.863037109375,94.68451690673828,115.7699966430664,69.4233169555664
2018-07-27,249.16317749023438,94.84329986572266,115.83000183105469,69.43170928955078
2018-07-30,247.86160278320312,94.51781463623047,115.6500015258789,69.43170928955078
2018-07-31,249.0834197998047,95.03385162353516,115.98999786376953,69.43170928955078
2018-08-01,248.6672821044922,94.25959777832031,115.13999938964844,69.43839263916016
2018-08-02,250.02194213867188,94.39488220214844,114.5199966430664,69.48018646240234
2018-08-03,251.0931854248047,94.86434936523438,114.91999816894531,69.4885482788086
2018-08-06,252.01405334472656,94.92007446289062,114.33000183105469,69.5052490234375
2018-08-07,252.84628295898438,94.42671203613281,114.58999633789062,69.48018646240234
2018-08-08,252.74002075195312,94.52220153808594,114.91000366210938,69.4885482788086
2018-08-09,252.3947296142578,95.3178939819336,114.73999786376953,69.53034973144531
2018-08-10,250.7037353515625,96.01016998291016,114.69000244140625,69.59721374511719
2018-08-13,249.7651824951172,95.81122589111328,112.95999908447266,69.58051300048828
2018-08-14,251.3588409423828,95.59637451171875,113.06999969482422,69.58051300048828
2018-08-15,249.4818878173828,96.15339660644531,111.19000244140625,69.61396026611328
2018-08-16,251.50054931640625,96.14543151855469,111.0999984741211,69.59721374511719
2018-08-17,252.38587951660156,96.26481628417969,112.12999725341797,69.62229919433594
2018-08-20,252.9259796142578,96.90933990478516,112.69000244140625,69.66412353515625
2018-08-21,253.51913452148438,96.58309173583984,113.0199966430664,69.64735412597656
2018-08-22,253.36866760253906,96.96501922607422,113.2699966430664,69.66412353515625
2018-08-23,253.0322723388672,97.11620330810547,112.19999694824219,69.65573120117188
2018-08-24,254.55494689941406,97.30718231201172,114.16000366210938,69.66412353515625
2018-08-27,256.5648498535156,96.75016021728516,114.58999633789062,69.63903045654297
2018-08-28,256.68878173828125,96.1693115234375,113.68000030517578,69.61396026611328
2018-08-29,258.070068359375,96.29664611816406,114.19999694824219,69.60562896728516
2018-08-30,257.02520751953125,96.50350952148438,113.63999938964844,69.65573120117188
2018-08-31,257.03411865234375,96.28073120117188,113.51000213623047,69.67243957519531
2018-09-04,256.5914306640625,95.72404479980469,112.93000030517578,69.65658569335938
2018-09-05,255.90087890625,95.46882629394531,113.31999969482422,69.65658569335938
2018-09-06,255.13059997558594,95.81974792480469,113.54000091552734,69.68170928955078
2018-09-07,254.63475036621094,95.00630187988281,113.2300033569336,69.60635375976562
2018-09-10,255.07740783691406,95.35723114013672,113.1500015258789,69.61467742919922
2018-09-11,255.91844177246094,94.63148498535156,113.22000122070312,69.57282257080078
2018-09-12,255.98049926757812,94.85478210449219,114.16999816894531,69.57282257080078
2018-09-13,257.4945068359375,94.9983139038086,113.76000213623047,69.5811767578125
2018-09-14,257.538818359375,94.54376220703125,113.0199966430664,69.55608367919922
2018-09-17,256.1752624511719,94.54376220703125,113.61000061035156,69.53933715820312
2018-09-18,257.5653076171875,93.55487823486328,113.44000244140625,69.53096008300781
2018-09-19,257.83984375,92.99654388427734,113.87999725341797,69.51419830322266
2018-09-20,259.9292297363281,93.42725372314453,114.2699966430664,69.53933715820312
2018-09-21,259.6917419433594,93.38736724853516,113.48999786376953,69.52256774902344
2018-09-24,258.8291320800781,93.14815521240234,113.47000122070312,69.52256774902344
2018-09-25,258.58905029296875,93.05242919921875,113.6500015258789,69.53096008300781
2018-09-26,257.81524658203125,93.7063980102539,113.05000305175781,69.53933715820312
2018-09-27,258.53558349609375,93.77014923095703,112.05000305175781,69.53933715820312
2018-09-28,258.5622253417969,93.5229263305664,112.76000213623047,69.57282257080078
2018-10-01,259.4606628417969,92.83638000488281,112.56999969482422,69.5535659790039
2018-10-02,259.30938720703125,93.40386199951172,113.87000274658203,69.57867431640625
2018-10-03,259.4516906738281,91.78134155273438,113.41999816894531,69.54512023925781
2018-10-04,257.4239196777344,91.13391876220703,113.4800033569336,69.52838134765625
2018-10-05,255.98312377929688,90.35059356689453,113.80000305175781,69.52001190185547
2018-10-08,255.98312377929688,90.04685974121094,112.54000091552734,69.5031967163086
2018-10-09,255.60958862304688,90.95806121826172,112.5999984741211,69.52838134765625
2018-10-10,247.51609802246094,90.71025848388672,112.87999725341797,69.54512023925781
2018-10-11,242.0642852783203,91.81327819824219,115.77999877929688,69.57032775878906
2018-10-12,245.4261016845703,91.49359130859375,115.2300033569336,69.57032775878906
2018-10-15,244.04757690429688,91.45360565185547,116.0,69.59546661376953
2018-10-16,249.3839111328125,91.66145324707031,115.80000305175781,69.57032775878906
2018-10-17,249.42837524414062,91.11791229248047,115.79000091552734,69.57032775878906
2018-10-18,245.82630920410156,91.08594512939453,115.91999816894531,69.61225891113281
2018-10-19,245.6929168701172,90.8861312866211,116.01000213623047,69.57032775878906
2018-10-22,244.5900115966797,90.76625061035156,115.70999908447266,69.5535659790039
2018-10-23,243.3449249267578,91.05393981933594,116.38999938964844,69.59546661376953
2018-10-24,235.9719696044922,91.7413330078125,116.66000366210938,69.70451354980469
2018-10-25,240.2053680419922,91.35770416259766,116.4000015258789,69.6793441772461
2018-10-26,235.98080444335938,91.9092025756836,116.7699966430664,69.72129821777344
2018-10-29,234.67335510253906,91.70138549804688,116.30999755859375,69.74644470214844
2018-10-30,238.15087890625,91.24584197998047,115.80000305175781,69.71293640136719
2018-10-31,240.69454956054688,90.78221130371094,115.1500015258789,69.6793441772461
2018-11-01,243.2559356689453,90.8663330078125,116.62999725341797,69.71798706054688
2018-11-02,241.81520080566406,89.73661041259766,116.6500015258789,69.63397979736328
2018-11-05,243.149169921875,90.08917999267578,116.37000274658203,69.65916442871094
2018-11-06,244.6879425048828,90.03306579589844,116.04000091552734,69.64237976074219
2018-11-07,249.9263458251953,90.15327453613281,116.02999877929688,69.61717224121094
2018-11-08,249.4727325439453,90.145263671875,115.77999877929688,69.60874938964844
2018-11-09,247.03591918945312,90.8182601928711,114.4800033569336,69.64237976074219
2018-11-12,242.41990661621094,91.41119384765625,113.66000366210938,69.69278717041016
2018-11-13,241.96640014648438,91.35511016845703,113.69999694824219,69.70116424560547
2018-11-14,240.31210327148438,91.41119384765625,114.63999938964844,69.7515640258789
2018-11-15,242.82017517089844,91.37114715576172,114.7699966430664,69.78520965576172
2018-11-16,243.4516143798828,91.89990234375,115.62000274658203,69.83562469482422
2018-11-19,239.33377075195312,92.15631866455078,115.66999816894531,69.89445495605469
2018-11-20,234.90464782714844,92.18833923339844,115.66999816894531,69.87762451171875
2018-11-21,235.70513916015625,92.15631866455078,115.86000061035156,69.87762451171875
2018-11-23,234.13087463378906,92.2524642944336,115.7699966430664,69.86082458496094
2018-11-26,237.91073608398438,92.04411315917969,115.63999938964844,69.86922454833984
2018-11-27,238.71119689941406,92.14833068847656,114.94999694824219,69.87762451171875
2018-11-28,244.20755004882812,91.69960021972656,115.37999725341797,69.90283203125
2018-11-29,243.67398071289062,92.0601577758789,115.73999786376953,69.91964721679688
2018-11-30,245.15927124023438,92.40469360351562,115.54000091552734,69.94482421875
2018-12-03,248.4055633544922,93.06082153320312,116.41000366210938,69.88764190673828
2018-12-04,240.35655212402344,94.61878967285156,117.12000274658203,69.93809509277344
2018-12-06,239.99188232421875,94.91590118408203,117.13999938964844,70.00543212890625
2018-12-07,234.41549682617188,95.09260559082031,118.08999633789062,70.0811996459961
2018-12-10,234.8601531982422,95.486083984375,117.68000030517578,70.0811996459961
2018-12-11,234.91357421875,95.47004699707031,117.54000091552734,70.01384735107422
2018-12-12,236.09645080566406,95.04439544677734,117.79000091552734,70.00543212890625
2018-12-13,236.01641845703125,94.81953430175781,117.52999877929688,70.07278442382812
2018-12-14,231.65835571289062,95.14881896972656,117.05999755859375,70.11483001708984
2018-12-17,227.11363220214844,95.70294189453125,117.87000274658203,70.18218994140625
2018-12-18,226.8645782470703,96.27608489990234,118.1500015258789,70.22347259521484
2018-12-19,223.46710205078125,97.54798126220703,117.43000030517578,70.24031066894531
2018-12-20,219.8295440673828,97.19380950927734,119.23999786376953,70.23189544677734
2018-12-21,215.3253631591797,97.17766571044922,118.72000122070312,70.28246307373047
2018-12-24,209.63583374023438,97.6606674194336,120.0199966430664,70.34147644042969
2018-12-26,220.22763061523438,96.6141586303711,119.66000366210938,70.27400970458984
2018-12-27,221.9184112548828,96.63027954101562,120.56999969482422,70.34990692138672
2018-12-28,221.63214111328125,97.4433364868164,121.05999755859375,70.45101928710938
2018-12-31,223.57334899902344,97.8135986328125,121.25,70.47632598876953
2019-01-02,223.80596923828125,98.32879638671875,121.33000183105469,70.48475646972656
2019-01-03,218.4652862548828,99.44770812988281,122.43000030517578,70.62801361083984
2019-01-04,225.78297424316406,98.29658508300781,121.44000244140625,70.47632598876953
2019-01-07,227.56320190429688,98.00679016113281,121.86000061035156,70.42573547363281
2019-01-08,229.70123291015625,97.74918365478516,121.52999877929688,70.38362884521484
2019-01-09,230.7747344970703,97.59623718261719,122.30999755859375,70.41730499267578
2019-01-10,231.58883666992188,96.96836853027344,121.58999633789062,70.42573547363281
2019-01-11,231.6782989501953,97.3467025756836,121.80000305175781,70.4678955078125
2019-01-14,230.2648162841797,96.98448944091797,122.08999633789062,70.4678955078125
2019-01-15,232.90386962890625,96.63027954101562,121.87999725341797,70.49317932128906
2019-01-16,233.4674530029297,96.72693634033203,122.2699966430664,70.47632598876953
2019-01-17,235.2386932373047,96.75106048583984,122.11000061035156,70.4678955078125
2019-01-18,238.36972045898438,96.24385833740234,121.0199966430664,70.4089126586914
2019-01-22,235.14923095703125,96.89592742919922,121.44999694824219,70.4678955078125
2019-01-23,235.64122009277344,96.85570526123047,121.27999877929688,70.45101928710938
2019-01-24,235.76649475097656,97.49163818359375,121.08999633789062,70.51002502441406
2019-01-25,237.76138305664062,97.02472686767578,122.86000061035156,70.45947265625
2019-01-28,235.954345703125,96.92814636230469,123.29000091552734,70.4678955078125
2019-01-29,235.64122009277344,97.41915893554688,123.9800033569336,70.50160217285156
2019-01-30,239.37164306640625,97.3467025756836,124.69000244140625,70.59431457519531
2019-01-31,241.47390747070312,98.18389129638672,124.75,70.65331268310547
2019-02-01,241.59019470214844,97.59091186523438,124.5,70.57056427001953
2019-02-04,243.28990173339844,97.15522003173828,123.95999908447266,70.57056427001953
2019-02-05,244.30972290039062,97.59895324707031,124.27999877929688,70.57056427001953
2019-02-06,243.98768615722656,97.64738464355469,123.44000244140625,70.60433197021484
2019-02-07,241.66180419921875,98.29280853271484,123.73999786376953,70.6550064086914
2019-02-08,241.95700073242188,98.71236419677734,124.20999908447266,70.68031311035156
2019-02-11,242.09117126464844,98.32508850097656,123.5999984741211,70.6550064086914
2019-02-12,245.20431518554688,98.07498168945312,123.86000061035156,70.64653015136719
2019-02-13,246.0004425048828,97.703857421875,123.37000274658203,70.59588623046875
2019-02-14,245.45474243164062,98.26054382324219,124.05999755859375,70.68876647949219
2019-02-15,248.12950134277344,98.41381072998047,124.80000305175781,70.6550064086914
2019-02-19,248.55902099609375,98.66393280029297,126.69999694824219,70.70565032958984
2019-02-20,249.05996704101562,98.38157653808594,126.4800033569336,70.69722747802734
2019-02-21,248.17428588867188,97.50215148925781,125.05000305175781,70.67190551757812
2019-02-22,249.7130126953125,98.08306121826172,125.5,70.72251892089844
2019-02-25,250.05288696289062,97.79259490966797,125.37000274658203,70.71409606933594
2019-02-26,249.8740692138672,98.27665710449219,125.58000183105469,70.74786376953125
2019-02-27,249.76663208007812,97.16328430175781,124.69000244140625,70.7309799194336
2019-02-28,249.30148315429688,96.83248901367188,123.98999786376953,70.71409606933594
2019-03-01,250.8580780029297,95.93746185302734,121.87999725341797,70.66673278808594
2019-03-04,249.94561767578125,96.68938446044922,121.55999755859375,70.68363189697266
2019-03-05,249.60565185546875,96.89152526855469,121.72000122070312,70.69210815429688
2019-03-06,248.09381103515625,97.2472915649414,121.61000061035156,70.74286651611328
2019-03-07,246.01832580566406,97.87786865234375,121.51000213623047,70.8021011352539
2019-03-08,245.52630615234375,98.29029083251953,122.83999633789062,70.82743835449219
2019-03-11,249.08688354492188,97.99917602539062,122.23999786376953,70.81055450439453
2019-03-12,250.02603149414062,98.6864242553711,122.9800033569336,70.83588409423828
2019-03-13,251.6810760498047,98.50048828125,123.83999633789062,70.8443603515625
2019-03-14,251.52003479003906,97.7889633178711,122.41000366210938,70.86129760742188
2019-03-15,252.7626953125,98.43575286865234,122.97000122070312,70.88662719726562
2019-03-18,253.67922973632812,98.37918853759766,123.04000091552734,70.86972045898438
2019-03-19,253.7420654296875,98.1608657836914,123.37999725341797,70.86129760742188
2019-03-20,252.97836303710938,99.18769073486328,124.18000030517578,70.96280670166016
2019-03-21,255.83570861816406,99.40596771240234,123.68000030517578,70.96280670166016
2019-03-22,250.9117431640625,100.95024871826172,123.97000122070312,71.08122253417969
2019-03-25,250.72308349609375,101.1119613647461,124.91999816894531,71.15733337402344
2019-03-26,252.5919189453125,101.03915405273438,124.30000305175781,71.14891815185547
2019-03-27,251.2711639404297,101.96897888183594,123.6500015258789,71.20809173583984
2019-03-28,252.2235565185547,102.32474517822266,121.9000015258789,71.19963836669922
2019-03-29,253.81399536132812,102.22764587402344,122.01000213623047,71.15733337402344
2019-04-01,256.8238525390625,100.775634765625,121.52999877929688,71.08446502685547
2019-04-02,256.94976806640625,100.9620132446289,121.9800033569336,71.11837005615234
2019-04-03,257.3540954589844,100.0869369506836,121.80000305175781,71.08446502685547
2019-04-04,258.03704833984375,100.37052154541016,122.11000061035156,71.10142517089844
2019-04-05,259.2859191894531,100.50012969970703,121.9800033569336,71.09296417236328
2019-04-08,259.48370361328125,100.14363098144531,122.51000213623047,71.07597351074219
2019-04-09,258.15386962890625,100.45963287353516,123.1500015258789,71.08446502685547
2019-04-10,259.0343322753906,100.70272827148438,123.52999877929688,71.14378356933594
2019-04-11,258.96246337890625,100.11119079589844,121.94999694824219,71.10142517089844
2019-04-12,260.71453857421875,99.3981704711914,121.83000183105469,71.05902099609375
2019-04-15,260.54388427734375,99.64934539794922,121.5999984741211,71.06748962402344
2019-04-16,260.71453857421875,99.02542877197266,120.51000213623047,71.05902099609375
2019-04-17,260.0766906738281,99.06596374511719,120.27999877929688,71.08446502685547
2019-04-18,260.5887145996094,99.58453369140625,120.37000274658203,71.10142517089844
2019-04-22,260.81341552734375,99.10643005371094,120.37000274658203,71.10989379882812
2019-04-23,263.1585998535156,99.31712341308594,120.12000274658203,71.14378356933594
2019-04-24,262.5745544433594,100.12738037109375,120.47000122070312,71.1861572265625
2019-04-25,262.412841796875,99.98152160644531,120.56999969482422,71.1861572265625
2019-04-26,263.6347961425781,100.32186889648438,121.37000274658203,71.26243591308594
2019-04-29,264.048095703125,99.68174743652344,120.83000183105469,71.2370376586914
2019-04-30,264.1828918457031,100.19224548339844,121.19999694824219,71.28790283203125
2019-05-01,262.1971435546875,100.60554504394531,120.4000015258789,71.22508239746094
2019-05-02,261.6311340332031,100.12647247314453,119.94000244140625,71.1910400390625
2019-05-03,264.19195556640625,100.41063690185547,120.6500015258789,71.21653747558594
2019-05-06,263.1047058105469,100.68672180175781,120.80999755859375,71.25898742675781
2019-05-07,258.71087646484375,101.45812225341797,121.20999908447266,71.29297637939453
2019-05-08,258.3515625,101.01964569091797,120.91000366210938,71.28451538085938
2019-05-09,257.5698547363281,101.43378448486328,121.19999694824219,71.3269271850586
2019-05-10,258.86358642578125,101.29573059082031,121.43000030517578,71.34391784667969
2019-05-13,252.35830688476562,102.09149169921875,122.66999816894531,71.42881774902344
2019-05-14,254.64060974121094,101.79103088378906,122.45999908447266,71.42881774902344
2019-05-15,256.1320495605469,102.41626739501953,122.38999938964844,71.47978973388672
2019-05-16,258.5042419433594,102.07527923583984,121.51000213623047,71.43733215332031
2019-05-17,256.8328552246094,102.30257415771484,120.6500015258789,71.45430755615234
2019-05-20,255.13478088378906,102.09149169921875,120.63999938964844,71.42035675048828
2019-05-21,257.4349365234375,101.9290771484375,120.36000061035156,71.3863525390625
2019-05-22,256.6443176269531,102.51371002197266,120.23999786376953,71.42035675048828
2019-05-23,253.50843811035156,103.666748046875,121.16999816894531,71.54772186279297
2019-05-24,254.08348083496094,103.7560043334961,121.30000305175781,71.52224731445312
2019-05-28,251.7203826904297,104.50308990478516,120.83000183105469,71.58167266845703
2019-05-29,250.03118896484375,104.81974029541016,120.87000274658203,71.59016418457031
2019-05-30,250.71414184570312,105.72105407714844,121.69000244140625,71.64962768554688
2019-05-31,247.33558654785156,107.04460906982422,123.33000183105469,71.80244445800781
2019-06-03,246.70669555664062,107.7606201171875,125.11000061035156,71.93778228759766
2019-06-04,252.0618133544922,106.53202056884766,125.1500015258789,71.88670349121094
2019-06-05,254.2452850341797,105.92993927001953,125.47000122070312,71.92073059082031
2019-06-06,255.8985137939453,106.2716293334961,125.87999725341797,71.8781509399414
2019-06-07,258.4593811035156,107.19110107421875,126.58999633789062,71.95476531982422
2019-06-10,259.6454162597656,106.18214416503906,125.33000183105469,71.88670349121094
2019-06-11,259.58245849609375,106.24720764160156,125.18000030517578,71.86114501953125
2019-06-12,259.1242370605469,106.32859802246094,125.83000183105469,71.92073059082031
2019-06-13,260.19342041015625,106.69476318359375,126.5999984741211,71.9972915649414
2019-06-14,259.9059143066406,106.9632568359375,126.55999755859375,71.97175598144531
2019-06-17,260.0047912597656,107.1503677368164,126.4800033569336,71.93778228759766
2019-06-18,262.7273254394531,107.6874008178711,127.12000274658203,71.94625091552734
2019-06-19,263.32037353515625,107.84195709228516,127.88999938964844,72.09940338134766
2019-06-20,265.8361511230469,108.12677764892578,131.11000061035156,72.13341522216797
2019-06-21,265.44970703125,106.9388198852539,131.97999572753906,72.09940338134766
2019-06-24,265.12469482421875,107.73621368408203,133.94000244140625,72.14192199707031
2019-06-25,262.5243835449219,108.06979370117188,134.1999969482422,72.1589126586914
2019-06-26,262.2625732421875,107.37821960449219,132.97000122070312,72.07386779785156
2019-06-27,263.1925354003906,108.1349105834961,132.83999633789062,72.13341522216797
2019-06-28,264.54681396484375,108.0616683959961,133.1999969482422,72.13341522216797
2019-07-01,266.9484558105469,107.80892181396484,130.6199951171875,72.08740234375
2019-07-02,267.64373779296875,108.64045715332031,133.41000366210938,72.13002014160156
2019-07-03,269.78363037109375,109.41499328613281,133.6300048828125,72.1470947265625
2019-07-05,269.47662353515625,107.9638442993164,132.13999938964844,72.00213623046875
2019-07-08,267.9958801269531,108.11058044433594,131.2899932861328,71.96805572509766
2019-07-09,268.32989501953125,108.06981658935547,131.75,71.94248962402344
2019-07-10,269.612060546875,107.47468566894531,133.8300018310547,72.07039642333984
2019-07-11,270.24407958984375,106.03983306884766,132.6999969482422,72.03624725341797
2019-07-12,271.4539489746094,106.16213989257812,133.52999877929688,72.04476165771484
2019-07-15,271.54425048828125,106.7735824584961,133.52999877929688,72.06183624267578
2019-07-16,270.66839599609375,106.45561218261719,132.39999389648438,72.03624725341797
2019-07-17,268.82659912109375,107.60514068603516,134.5800018310547,72.10443878173828
2019-07-18,269.8106384277344,107.61329650878906,136.47999572753906,72.18970489501953
2019-07-19,268.31195068359375,107.36053466796875,134.47000122070312,72.11295318603516
2019-07-22,268.9709777832031,107.56439971923828,134.4499969482422,72.12150573730469
2019-07-23,270.8941650390625,106.9774169921875,133.69000244140625,72.10443878173828
2019-07-24,272.16729736328125,107.44210052490234,134.3699951171875,72.12150573730469
2019-07-25,270.8670959472656,106.92848205566406,133.4199981689453,72.07887268066406
2019-07-26,272.6819152832031,107.18120574951172,133.63999938964844,72.08740234375
2019-07-29,272.1852722167969,107.21381378173828,134.52999877929688,72.08740234375
2019-07-30,271.5171203613281,107.47468566894531,134.97999572753906,72.09591674804688
2019-07-31,268.5466613769531,108.3388900756836,133.2100067138672,72.08740234375
2019-08-01,266.2081604003906,110.49051666259766,136.41000366210938,72.29232788085938
2019-08-02,264.2037658691406,111.51158142089844,135.88999938964844,72.30940246582031
2019-08-05,256.2582702636719,113.43943786621094,137.7899932861328,72.45455932617188
2019-08-06,259.8518371582031,114.34616088867188,138.91000366210938,72.48872375488281
2019-08-07,260.0052490234375,114.38695526123047,141.02000427246094,72.49728393554688
2019-08-08,265.1065979003906,114.63204193115234,141.72999572753906,72.47164154052734
2019-08-09,263.30084228515625,114.40335845947266,141.25999450683594,72.42897033691406
2019-08-12,260.0956115722656,116.78858947753906,142.6300048828125,72.50581359863281
2019-08-13,264.1405944824219,116.38833618164062,141.77999877929688,72.42042541503906
2019-08-14,256.3304748535156,119.01057434082031,142.75,72.51435852050781
2019-08-15,257.0076904296875,120.33384704589844,143.6999969482422,72.66808319091797
2019-08-16,260.7998046875,119.36994934082031,142.77999877929688,72.65949249267578
2019-08-19,263.94183349609375,117.6626968383789,141.11000061035156,72.58265686035156
2019-08-20,261.9194030761719,118.87981414794922,142.2100067138672,72.63389587402344
2019-08-21,264.0502624511719,118.08741760253906,141.75999450683594,72.56559753417969
2019-08-22,263.9689636230469,117.30325317382812,141.39999389648438,72.53145599365234
2019-08-23,257.188232421875,119.23113250732422,144.1699981689453,72.65094757080078
2019-08-26,260.03240966796875,118.74911499023438,144.19000244140625,72.61679077148438
2019-08-27,259.0121765136719,120.57892608642578,145.57000732421875,72.64242553710938
2019-08-28,260.8359680175781,120.73411560058594,145.16000366210938,72.65949249267578
2019-08-29,264.1676330566406,120.27674102783203,144.1199951171875,72.62537384033203
2019-08-30,264.0502624511719,120.30935668945312,143.75,72.65094757080078
2019-09-03,262.50634765625,120.46478271484375,145.75,72.70742797851562
2019-09-04,265.4859313964844,120.64488220214844,146.66000366210938,72.76728820800781
2019-09-05,268.8988037109375,118.45990753173828,143.13999938964844,72.60480499267578
2019-09-06,269.10638427734375,119.30280303955078,141.9199981689453,72.61332702636719
2019-09-09,269.24188232421875,117.18334197998047,141.38999938964844,72.53636169433594
2019-09-10,269.1787414550781,115.12940216064453,140.17999267578125,72.41658782958984
2019-09-11,271.0928039550781,114.92485046386719,141.02999877929688,72.41658782958984
2019-09-12,272.0318908691406,114.1718978881836,141.32000732421875,72.39952087402344
2019-09-13,271.85125732421875,111.73335266113281,140.14999389648438,72.27975463867188
2019-09-16,271.0115966796875,113.1572036743164,141.32000732421875,72.33960723876953
2019-09-17,271.69775390625,113.77096557617188,141.60000610351562,72.37387084960938
2019-09-18,271.86029052734375,114.2538070678711,140.7100067138672,72.33106994628906
2019-09-19,271.8421936035156,114.59744262695312,141.27999877929688,72.33960723876953
2019-09-20,270.55780029296875,116.11139678955078,142.9499969482422,72.41658782958984
2019-09-23,270.4942626953125,116.0868148803711,143.75,72.45933532714844
2019-09-24,268.37176513671875,117.48617553710938,144.50999450683594,72.53636169433594
2019-09-25,269.9591064453125,115.7677230834961,141.8300018310547,72.4422607421875
2019-09-26,269.396728515625,116.5123291015625,141.7899932861328,72.47650146484375
2019-09-27,267.9454040527344,116.79875946044922,141.05999755859375,72.51921081542969
2019-09-30,269.1880798339844,117.08512878417969,138.8699951171875,72.55347442626953
2019-10-01,265.9862365722656,117.43765258789062,139.6300048828125,72.63481903076172
2019-10-02,261.2876281738281,117.72457885742188,141.25999450683594,72.71195983886719
2019-10-03,263.42822265625,118.79850006103516,141.89999389648438,72.86617279052734
2019-10-04,266.9930725097656,119.67562103271484,141.89999389648438,72.85758972167969
2019-10-07,265.84100341796875,118.68367004394531,140.69000244140625,72.780517578125
2019-10-08,261.7139587402344,119.00343322753906,141.9199981689453,72.8233413696289
2019-10-09,264.19927978515625,118.33118438720703,142.0500030517578,72.780517578125
2019-10-10,265.9862365722656,116.56874084472656,140.80999755859375,72.69481658935547
2019-10-11,268.7436218261719,115.12599182128906,140.02999877929688,72.62627410888672
2019-10-14,268.4443664550781,115.96207427978516,140.58999633789062,72.63481903076172
2019-10-15,271.1020812988281,114.56031799316406,139.61000061035156,72.61773681640625
2019-10-16,270.6666259765625,114.69969177246094,140.41000366210938,72.6520004272461
2019-10-17,271.4649353027344,114.42098236083984,140.61000061035156,72.6520004272461
2019-10-18,270.276611328125,114.42098236083984,140.4600067138672,72.67769622802734
2019-10-21,272.10894775390625,113.5602798461914,139.7899932861328,72.64339447021484
2019-10-22,271.219970703125,114.2242202758789,140.1999969482422,72.66912841796875
2019-10-23,272.0091247558594,114.33899688720703,140.52999877929688,72.66056823730469
2019-10-24,272.4534912109375,114.10946655273438,141.52999877929688,72.66056823730469
2019-10-25,273.5692138671875,113.55200958251953,141.86000061035156,72.61773681640625
2019-10-28,275.11114501953125,112.51908874511719,140.63999938964844,72.592041015625
2019-10-29,275.0295715332031,112.59294128417969,140.25,72.60913848876953
2019-10-30,275.8731994628906,114.24066925048828,141.02000427246094,72.6520004272461
2019-10-31,275.138427734375,115.78179168701172,142.42999267578125,72.780517578125
2019-11-01,277.6873474121094,115.42536926269531,142.55999755859375,72.73758697509766
2019-11-04,278.8030090332031,113.90618133544922,142.14999389648438,72.68611907958984
2019-11-05,278.49462890625,112.62511444091797,139.85000610351562,72.63460540771484
2019-11-06,278.5581359863281,113.30670166015625,140.4499969482422,72.6775131225586
2019-11-07,279.53765869140625,111.25376892089844,138.27000427246094,72.59169006347656
2019-11-08,280.2270812988281,110.78569030761719,137.38999938964844,72.60027313232422
2019-11-11,279.69189453125,110.859619140625,137.05999755859375,72.6174545288086
2019-11-12,280.2814025878906,111.36872100830078,137.42999267578125,72.62604522705078
2019-11-13,280.3721618652344,112.09135437011719,137.97999572753906,72.6603775024414
2019-11-14,280.78033447265625,113.24918365478516,138.55999755859375,72.72901153564453
2019-11-15,282.8121337890625,113.12606811523438,138.2100067138672,72.7032699584961
2019-11-18,283.020751953125,113.33131408691406,138.6199951171875,72.73758697509766
2019-11-19,282.93914794921875,114.27574157714844,138.69000244140625,72.72901153564453
2019-11-20,281.88690185546875,115.4582290649414,138.75999450683594,72.76331329345703
2019-11-21,281.433349609375,114.735595703125,138.0,72.72901153564453
2019-11-22,282.0593566894531,114.88341522216797,137.74000549316406,72.72044372558594
2019-11-25,284.2453308105469,115.22003936767578,137.0800018310547,72.72901153564453
2019-11-26,284.8893127441406,115.89344024658203,137.74000549316406,72.76331329345703
2019-11-27,286.1592102050781,115.55674743652344,137.00999450683594,72.72044372558594
2019-11-29,285.0979309082031,115.31038665771484,137.86000061035156,72.74614715576172
2019-12-02,282.6762390136719,113.7729721069336,137.7899932861328,72.72388458251953
2019-12-03,280.78033447265625,116.1585464477539,139.11000061035156,72.82699584960938
2019-12-04,282.5129089355469,114.99858856201172,138.9199981689453,72.79259490966797
2019-12-05,283.020751953125,114.43927001953125,139.0,72.75823974609375
2019-12-06,285.60589599609375,113.805908203125,137.6199951171875,72.73243713378906
2019-12-09,284.7078857421875,114.05262756347656,137.5800018310547,72.73243713378906
2019-12-10,284.390380859375,114.06088256835938,137.97000122070312,72.69801330566406
2019-12-11,285.1977844238281,114.95748901367188,138.9199981689453,72.75823974609375
2019-12-12,287.6559753417969,113.06553649902344,138.42999267578125,72.68943786621094
2019-12-13,287.8281555175781,114.37342071533203,139.0500030517578,72.77540588378906
2019-12-16,289.80560302734375,113.34522247314453,139.0399932861328,72.73243713378906
2019-12-17,289.869140625,113.18895721435547,139.00999450683594,72.7496109008789
2019-12-18,289.88720703125,112.25939178466797,139.02000427246094,72.75823974609375
2019-12-19,291.0754699707031,112.43901824951172,139.3800048828125,72.7728500366211
2019-12-20,292.3516540527344,112.58734893798828,139.52000427246094,72.7728500366211
2019-12-23,292.7982482910156,112.42256164550781,139.9499969482422,72.75563049316406
2019-12-24,292.807373046875,112.74385833740234,141.27000427246094,72.76422119140625
2019-12-26,294.3660583496094,113.01575469970703,142.3800048828125,72.79006958007812
2019-12-27,294.293212890625,113.1393051147461,142.3300018310547,72.84174346923828
2019-12-30,292.6706237792969,112.72743225097656,142.6300048828125,72.8675537109375
2019-12-31,293.3816223144531,111.62334442138672,142.89999389648438,72.85892486572266
2020-01-02,296.1253356933594,112.88386535644531,143.9499969482422,72.89334869384766
2020-01-03,293.88299560546875,114.62239074707031,145.86000061035156,72.95365905761719
2020-01-06,295.0041809082031,113.97150421142578,147.38999938964844,72.92778778076172
2020-01-07,294.1746520996094,113.41122436523438,147.97000122070312,72.92778778076172
2020-01-08,295.74249267578125,112.6614761352539,146.86000061035156,72.89334869384766
2020-01-09,297.74786376953125,113.05694580078125,146.02999877929688,72.90198516845703
2020-01-10,296.8910217285156,114.06205749511719,146.91000366210938,72.9192123413086
2020-01-13,298.932861328125,113.71607971191406,145.82000732421875,72.91059112548828
2020-01-14,298.4770202636719,114.30107879638672,145.69000244140625,72.9192123413086
2020-01-15,299.1515808105469,115.05902099609375,146.5399932861328,72.95365905761719
2020-01-16,301.63995361328125,114.6965103149414,146.30999755859375,72.95365905761719
2020-01-17,302.5788879394531,113.71607971191406,146.5800018310547,72.97943878173828
2020-01-21,301.98626708984375,114.91078186035156,146.74000549316406,72.99668884277344
2020-01-22,302.0229187011719,115.31449890136719,146.7899932861328,73.0138931274414
2020-01-23,302.3691711425781,116.12188720703125,147.1199951171875,73.03974151611328
2020-01-24,299.6802673339844,117.06114196777344,147.97999572753906,73.06555938720703
2020-01-27,294.87646484375,118.88195037841797,148.99000549316406,73.1430435180664
2020-01-28,297.96661376953125,117.9509506225586,147.66000366210938,73.10858154296875
2020-01-29,297.7204284667969,119.10440063476562,148.4600067138672,73.17750549316406
2020-01-30,298.6866760253906,119.12096405029297,148.47000122070312,73.18607330322266
2020-01-31,293.2631530761719,120.20842742919922,149.3300018310547,73.28079986572266
2020-02-03,295.4416198730469,120.111083984375,148.36000061035156,73.25920104980469
2020-02-04,299.944580078125,118.49356079101562,146.42999267578125,73.181640625
2020-02-05,303.4083557128906,117.19786834716797,146.61000061035156,73.1298828125
2020-02-06,304.4292297363281,117.72604370117188,147.39999389648438,73.14713287353516
2020-02-07,302.8066101074219,119.19499206542969,147.7899932861328,73.19023895263672
2020-02-10,305.0672607421875,119.5251693725586,148.1699981689453,73.22476959228516
2020-02-11,305.595947265625,118.92267608642578,147.66000366210938,73.19023895263672
2020-02-12,307.5648498535156,118.32025909423828,147.5399932861328,73.15574645996094
2020-02-13,307.23675537109375,118.77411651611328,148.3800048828125,73.17300415039062
2020-02-14,307.7289733886719,119.29415130615234,149.0,73.2074966430664
2020-02-18,306.9359436035156,120.111083984375,150.91000366210938,73.23336791992188
2020-02-19,308.4034118652344,120.1028060913086,151.7899932861328,73.2419662475586
2020-02-20,307.1364440917969,121.04371643066406,152.41000366210938,73.25920104980469
2020-02-21,303.9735107421875,122.17427062988281,154.6999969482422,73.319580078125
2020-02-24,293.89202880859375,123.99815368652344,156.08999633789062,73.4403076171875
2020-02-25,284.9865417480469,124.65837860107422,153.3000030517578,73.51793670654297
2020-02-26,283.9383239746094,123.99815368652344,153.97000122070312,73.56961822509766
2020-02-27,271.1861267089844,125.3433837890625,154.0,73.65589141845703
2020-02-28,270.0467529296875,128.1741180419922,148.3800048828125,73.92318725585938
2020-03-02,281.7415771484375,127.2311019897461,149.1999969482422,73.89292907714844
2020-03-03,273.6745300292969,129.20639038085938,153.88999938964844,74.18657684326172
2020-03-04,285.17791748046875,127.8343734741211,154.16000366210938,74.19522094726562
2020-03-05,275.6981506347656,131.01646423339844,157.49000549316406,74.35063171386719
2020-03-06,271.14056396484375,137.83506774902344,157.5500030517578,74.4369888305664
2020-03-09,249.9659881591797,141.5707244873047,157.80999755859375,74.84281158447266
2020-03-10,262.90045166015625,134.3141632080078,154.47999572753906,74.51469421386719
2020-03-11,250.08444213867188,129.37171936035156,153.92999267578125,74.42835235595703
2020-03-12,226.15708923339844,130.17340087890625,147.7899932861328,74.41107177734375
2020-03-13,245.4904327392578,127.2311019897461,143.27999877929688,74.5060806274414
2020-03-16,218.6279296875,135.47119140625,141.63999938964844,74.62698364257812
2020-03-17,230.43211364746094,126.43760681152344,143.55999755859375,74.45421600341797
2020-03-18,218.7646484375,119.30494689941406,140.6999969482422,74.35929107666016
2020-03-19,219.22952270507812,122.55307006835938,138.0399932861328,74.48882293701172
2020-03-20,209.78195190429688,131.76849365234375,140.11000061035156,74.68740844726562
2020-03-23,204.41827392578125,137.19859313964844,146.3000030517578,74.77378845214844
2020-03-24,222.93919372558594,134.64471435546875,153.39999389648438,74.67015838623047
2020-03-25,226.27667236328125,134.3388671875,151.3000030517578,74.75647735595703
2020-03-26,239.48886108398438,135.0001220703125,153.24000549316406,74.84281158447266
2020-03-27,232.35556030273438,138.60365295410156,152.25,74.82560729980469
2020-03-30,239.9014892578125,137.46310424804688,152.9199981689453,74.86011505126953
2020-03-31,236.32569885253906,136.34738159179688,148.0500030517578,74.84281158447266
2020-04-01,225.6898651123047,138.2576446533203,149.4499969482422,74.89128875732422
2020-04-02,230.89768981933594,139.13494873046875,151.89999389648438,74.90853118896484
2020-04-03,227.56028747558594,139.46604919433594,152.64999389648438,74.89128875732422
2020-04-06,242.8446807861328,139.1018829345703,156.8800048828125,74.83939361572266
2020-04-07,243.09225463867188,137.6451873779297,156.0399932861328,74.82209777832031
2020-04-08,251.25247192382812,136.64358520507812,154.64999389648438,74.86532592773438
2020-04-09,255.07586669921875,136.89199829101562,158.69000244140625,74.89128875732422
2020-04-13,252.7469940185547,135.6421356201172,161.41000366210938,74.8999252319336
2020-04-14,260.20111083984375,135.6090545654297,162.67999267578125,74.8999252319336
2020-04-15,254.67239379882812,139.2012939453125,161.85000610351562,74.92585754394531
2020-04-16,255.90106201171875,140.78211975097656,161.7100067138672,74.94316101074219
2020-04-17,262.8143615722656,138.89498901367188,158.57000732421875,74.91719818115234
2020-04-20,258.1840515136719,140.0123291015625,159.6999969482422,74.91719818115234
2020-04-21,250.3447265625,141.77523803710938,158.61000061035156,74.93450164794922
2020-04-22,255.90106201171875,140.32681274414062,161.72999572753906,74.90853118896484
2020-04-23,255.8826904296875,141.0717315673828,163.33999633789062,74.8999252319336
2020-04-24,259.4493713378906,141.4029083251953,162.63999938964844,74.8999252319336
2020-04-27,263.190185546875,138.7707977294922,161.55999755859375,74.8999252319336
2020-04-28,261.97991943359375,140.3682098388672,160.83999633789062,74.92585754394531
2020-04-29,268.83807373046875,139.63987731933594,161.72999572753906,74.91719818115234
2020-04-30,266.3350830078125,138.00930786132812,158.8000030517578,75.0468978881836
2020-05-01,259.2843322753906,139.1910858154297,159.77999877929688,74.93614196777344
2020-05-04,259.99951171875,138.53636169433594,160.33999633789062,74.93614196777344
2020-05-05,262.4017028808594,137.6496124267578,161.02000427246094,74.9274673461914
2020-05-06,260.6229553222656,135.42852783203125,158.9499969482422,74.95343017578125
2020-05-07,263.7679138183594,137.6909942626953,161.38999938964844,75.00537872314453
2020-05-08,268.1322326660156,135.90090942382812,160.4199981689453,74.98807525634766
2020-05-11,268.1872863769531,134.8401336669922,159.4199981689453,74.96209716796875
2020-05-12,262.8419189453125,136.22413635253906,160.0399932861328,74.9793930053711
2020-05-13,258.1932067871094,137.1772918701172,161.5800018310547,74.9793930053711
2020-05-14,261.2831115722656,138.51980590820312,163.00999450683594,74.96209716796875
2020-05-15,262.4842224121094,138.16343688964844,163.92999267578125,75.00537872314453
2020-05-18,270.4794006347656,135.1302032470703,162.69000244140625,74.9448013305664
2020-05-19,267.7012939453125,135.6357421875,164.25999450683594,74.98807525634766
2020-05-20,272.2490234375,136.0417938232422,164.64999389648438,74.98807525634766
2020-05-21,270.3694152832031,136.38162231445312,162.25,74.97075653076172
2020-05-22,270.8827819824219,137.20211791992188,163.2100067138672,74.97075653076172
2020-05-26,274.2203369140625,135.3622589111328,160.88999938964844,74.97075653076172
2020-05-27,278.3003845214844,135.11355590820312,161.17999267578125,74.95343017578125
2020-05-28,277.7869873046875,134.61634826660156,161.72000122070312,74.98807525634766
2020-05-29,279.0247497558594,135.57772827148438,162.91000366210938,74.98807525634766
2020-06-01,280.15252685546875,134.66488647460938,163.66000366210938,74.9793930053711
2020-06-02,282.47216796875,134.1752471923828,162.60000610351562,74.9793930053711
2020-06-03,286.23138427734375,132.39111328125,159.60000610351562,74.91878509521484
2020-06-04,285.4795227050781,130.47427368164062,161.27999877929688,74.93609619140625
2020-06-05,292.7962951660156,129.54486083984375,158.00999450683594,74.91014099121094
2020-06-08,296.33538818359375,130.04281616210938,159.72000122070312,74.89276123046875
2020-06-09,294.12567138671875,131.51986694335938,161.25999450683594,74.91878509521484
2020-06-10,292.4844970703125,133.4699249267578,163.57000732421875,74.96206665039062
2020-06-11,275.6230773925781,135.9926300048828,162.38999938964844,74.92744445800781
2020-06-12,278.923828125,134.68150329589844,162.6199951171875,74.95341491699219
2020-06-15,281.5278625488281,134.7561798095703,162.3300018310547,74.93609619140625
2020-06-16,286.946533203125,132.6898651123047,162.25,74.92744445800781
2020-06-17,285.75469970703125,133.23760986328125,162.55999755859375,74.95341491699219
2020-06-18,285.8645935058594,134.64834594726562,162.24000549316406,74.94475555419922
2020-06-19,284.2309875488281,134.7561798095703,164.02999877929688,74.96206665039062
2020-06-22,286.0543518066406,134.77279663085938,165.08999633789062,74.94475555419922
2020-06-23,287.3712463378906,133.8517303466797,166.47999572753906,74.96206665039062
2020-06-24,280.04083251953125,135.28721618652344,165.89999389648438,74.97074127197266
2020-06-25,283.04296875,135.67723083496094,165.8000030517578,74.97074127197266
2020-06-26,276.32025146484375,137.12950134277344,166.5399932861328,74.99674224853516
2020-06-29,280.3814697265625,136.6980438232422,166.6300048828125,75.01402282714844
2020-06-30,283.9730224609375,136.03408813476562,167.3699951171875,75.00538635253906
2020-07-01,285.9622802734375,135.76995849609375,166.6199951171875,74.98023986816406
2020-07-02,287.53704833984375,135.9111785888672,166.97999572753906,75.01490783691406
2020-07-06,291.9757995605469,135.35452270507812,167.97999572753906,74.9889144897461
2020-07-07,288.9645080566406,137.25704956054688,169.0399932861328,75.00623321533203
2020-07-08,291.1745910644531,136.70877075195312,170.08999633789062,75.00623321533203
2020-07-09,289.5169982910156,138.88539123535156,169.6300048828125,75.02357482910156
2020-07-10,292.4731750488281,138.1876220703125,169.19000244140625,74.99758911132812
2020-07-13,289.9406433105469,138.6444854736328,169.39999389648438,74.99758911132812
2020-07-14,293.6978759765625,138.8439178466797,170.19000244140625,75.00623321533203
2020-07-15,296.3962097167969,138.19590759277344,170.33999633789062,75.01490783691406
2020-07-16,295.4200134277344,138.85218811035156,168.72999572753906,75.01490783691406
2020-07-17,296.2764892578125,138.5614013671875,170.1199951171875,75.0322265625
2020-07-20,298.6708679199219,138.90208435058594,170.94000244140625,75.01490783691406
2020-07-21,299.3062438964844,138.98513793945312,173.0,75.0322265625
2020-07-22,301.010009765625,139.4005126953125,175.6300048828125,75.02357482910156
2020-07-23,297.4184265136719,141.0289306640625,177.17999267578125,75.02357482910156
2020-07-24,295.5028991699219,141.0205841064453,178.6999969482422,75.0322265625
2020-07-27,297.65789794921875,140.4971923828125,182.22999572753906,75.00623321533203
2020-07-28,295.77001953125,141.46922302246094,183.75,75.02357482910156
2020-07-29,299.4075927734375,141.2283477783203,185.1300048828125,75.04090118408203
2020-07-30,298.33935546875,142.1588592529297,183.75999450683594,75.06689453125
2020-07-31,300.69683837890625,142.06739807128906,185.42999267578125,75.07556915283203
2020-08-03,302.787353515625,141.3521270751953,185.63999938964844,75.0755844116211
2020-08-04,303.9569396972656,142.6995086669922,189.58999633789062,75.08424377441406
2020-08-05,305.8448181152344,141.45201110839844,191.35000610351562,75.06690979003906
2020-08-06,307.8891296386719,142.24209594726562,193.88999938964844,75.06690979003906
2020-08-07,308.1102294921875,141.2939453125,190.80999755859375,75.05821990966797
2020-08-10,309.0312194824219,140.6617889404297,190.14999389648438,75.04087829589844
2020-08-11,306.4801330566406,138.9900360107422,179.94000244140625,75.02352905273438
2020-08-12,310.75323486328125,137.72581481933594,179.10000610351562,75.00621795654297
2020-08-13,310.1914978027344,136.253662109375,183.3300018310547,74.99755096435547
2020-08-14,310.2008056640625,135.7213134765625,182.5399932861328,75.00621795654297
2020-08-17,311.18603515625,136.06239318847656,186.5,75.01486206054688
2020-08-18,311.8583984375,137.03549194335938,188.17999267578125,75.02352905273438
2020-08-19,310.559814453125,136.17877197265625,182.24000549316406,75.02352905273438
2020-08-20,311.52685546875,137.40972900390625,183.5,75.02352905273438
2020-08-21,312.6319885253906,138.23316955566406,182.02999877929688,75.01486206054688
2020-08-24,315.7998352050781,138.00857543945312,181.0,75.00621795654297
2020-08-25,316.9049377441406,136.95225524902344,181.22000122070312,75.01486206054688
2020-08-26,320.0821838378906,136.4282989501953,183.36000061035156,75.01486206054688
2020-08-27,320.7819519042969,134.1078338623047,181.24000549316406,75.00621795654297
2020-08-28,322.8540344238281,134.00799560546875,184.38999938964844,75.03221130371094
2020-08-31,321.6845703125,134.8979949951172,184.8300018310547,75.05821990966797
2020-09-01,324.7143249511719,136.44085693359375,185.0500030517578,75.03999328613281
2020-09-02,329.4110107421875,137.7398681640625,182.6199951171875,75.04871368408203
2020-09-03,318.0745544433594,138.13119506835938,181.13999938964844,75.03999328613281
2020-09-04,315.47747802734375,135.50827026367188,181.63999938964844,75.01396179199219
2020-09-08,306.8577880859375,136.34095764160156,181.2899932861328,75.02264404296875
2020-09-09,312.91748046875,135.974609375,183.0500030517578,75.03133392333984
2020-09-10,307.48406982421875,136.6656494140625,182.4600067138672,75.02264404296875
2020-09-11,307.6405944824219,136.9571990966797,182.4499969482422,75.03999328613281
2020-09-14,311.6925964355469,136.9488067626953,183.88999938964844,75.03133392333984
2020-09-15,313.2673645019531,136.61578369140625,183.4499969482422,75.03999328613281
2020-09-16,312.0241394042969,136.207763671875,183.97000122070312,75.04871368408203
2020-09-17,309.2798156738281,136.6240997314453,182.9600067138672,75.03133392333984
2020-09-18,305.7192077636719,136.19943237304688,183.1999969482422,75.03999328613281
2020-09-21,302.3166198730469,136.89048767089844,179.52000427246094,75.03133392333984
2020-09-22,305.39556884765625,136.78224182128906,178.64999389648438,75.04871368408203
2020-09-23,298.3131408691406,136.96546936035156,174.7899932861328,75.04871368408203
2020-09-24,299.1082458496094,137.489990234375,175.44000244140625,75.03999328613281
2020-09-25,303.94390869140625,137.489990234375,174.94000244140625,75.04871368408203
2020-09-28,308.99224853515625,137.09866333007812,176.6999969482422,75.05735778808594
2020-09-29,307.30950927734375,137.2569122314453,178.19000244140625,75.04871368408203
2020-09-30,309.6395263671875,135.94125366210938,177.1199951171875,75.05735778808594
2020-10-01,311.62738037109375,136.16554260253906,178.6999969482422,75.03997802734375
2020-10-02,308.6686096191406,135.6571044921875,178.5399932861328,75.04867553710938
2020-10-05,314.14227294921875,133.0064239501953,179.41000366210938,75.02262115478516
2020-10-06,309.67645263671875,133.7232666015625,177.3000030517578,75.02262115478516
2020-10-07,315.0669250488281,132.7480010986328,177.22000122070312,75.01395416259766
2020-10-08,317.85919189453125,133.46484375,177.85000610351562,75.01395416259766
2020-10-09,320.6977233886719,133.43978881835938,181.0800018310547,75.01395416259766
2020-10-12,325.85699462890625,133.86492919921875,180.55999755859375,75.03131866455078
2020-10-13,323.73040771484375,134.823486328125,177.72000122070312,75.02262115478516
2020-10-14,321.6963195800781,135.1318817138672,178.27000427246094,75.02262115478516
2020-10-15,321.2987365722656,134.89854431152344,178.9199981689453,75.03997802734375
2020-10-16,321.1044921875,134.52340698242188,178.3000030517578,75.03131866455078
2020-10-19,316.2226257324219,134.01492309570312,178.38999938964844,75.03131866455078
2020-10-20,317.48931884765625,132.7397003173828,179.25,75.02262115478516
2020-10-21,316.8882751464844,132.28126525878906,180.60000610351562,75.02262115478516
2020-10-22,318.6266174316406,130.90589904785156,178.8300018310547,74.99659729003906
2020-10-23,319.70843505859375,131.70611572265625,178.63999938964844,75.00525665283203
2020-10-26,313.8002014160156,132.931396484375,178.5500030517578,75.01395416259766
2020-10-27,312.7183837890625,133.8232879638672,179.02000427246094,75.01395416259766
2020-10-28,302.0299987792969,133.9483642578125,176.1300048828125,75.01395416259766
2020-10-29,305.0997009277344,132.64794921875,175.39999389648438,75.03131866455078
2020-10-30,301.9190979003906,131.33937072753906,176.1999969482422,75.02262115478516
2020-11-02,305.3030090332031,132.32313537597656,177.91000366210938,75.02178192138672
2020-11-03,310.6935119628906,131.5554656982422,178.9199981689453,75.0044174194336
2020-11-04,317.6373596191406,134.4091796875,178.82000732421875,75.02178192138672
2020-11-05,323.8321228027344,134.6428680419922,182.92999267578125,75.0044174194336
2020-11-06,323.7581481933594,133.0157012939453,183.19000244140625,75.0130615234375
2020-11-09,327.82635498046875,130.2203826904297,175.0800018310547,74.98704528808594
2020-11-10,327.34564208984375,129.46942138671875,175.66000366210938,74.97833251953125
2020-11-11,329.77728271484375,129.93666076660156,174.89999389648438,74.96097564697266
2020-11-12,326.578125,132.14791870117188,175.9600067138672,74.96965026855469
2020-11-13,331.0994567871094,131.97267150878906,177.16000366210938,74.96965026855469
2020-11-16,335.2323913574219,131.6555633544922,177.14999389648438,74.98704528808594
2020-11-17,333.42950439453125,132.51504516601562,176.5,74.97833251953125
2020-11-18,329.41668701171875,132.89894104003906,175.49000549316406,74.97833251953125
2020-11-19,330.80364990234375,133.5830535888672,175.16000366210938,74.99571990966797
2020-11-20,328.53826904296875,134.76806640625,175.69000244140625,75.0044174194336
2020-11-23,330.50762939453125,134.1505584716797,172.22999572753906,75.0044174194336
2020-11-24,335.8333740234375,132.8154754638672,169.58999633789062,75.0130615234375
2020-11-25,335.3156433105469,132.40663146972656,169.50999450683594,75.02178192138672
2020-11-27,336.2493591308594,133.6916046142578,167.7899932861328,75.02178192138672
2020-11-30,334.7608642578125,133.5247039794922,166.6699981689453,75.03913116455078
2020-12-01,338.42236328125,131.55592346191406,170.17999267578125,74.998291015625
2020-12-02,339.13421630859375,130.51182556152344,171.4600067138672,75.01569366455078
2020-12-03,339.0417785644531,131.56431579589844,172.80999755859375,75.03307342529297
2020-12-04,341.96356201171875,129.6348114013672,172.32000732421875,75.02436828613281
2020-12-07,341.2607421875,130.80419921875,174.88999938964844,75.0417251586914
2020-12-08,342.25946044921875,131.4223175048828,175.5,75.02436828613281
2020-12-09,339.1897277832031,130.9879608154297,172.5,75.01569366455078
2020-12-10,339.0788269042969,132.1490020751953,172.1699981689453,75.03307342529297
2020-12-11,338.68121337890625,132.6167449951172,172.49000549316406,75.0765151977539
2020-12-14,337.1648864746094,132.24928283691406,171.5399932861328,75.06779479980469
2020-12-15,341.7231140136719,131.8065185546875,173.94000244140625,75.06779479980469
2020-12-16,342.25946044921875,131.4557647705078,174.89999389648438,75.06779479980469
2020-12-17,344.17327880859375,131.10794067382812,176.74000549316406,75.06952667236328
2020-12-18,342.79901123046875,130.7149658203125,176.44000244140625,75.06086730957031
2020-12-21,341.57342529296875,131.23324584960938,175.8800048828125,75.06086730957031
2020-12-22,340.9977111816406,131.91058349609375,174.49000549316406,75.06086730957031
2020-12-23,341.3041076660156,130.99913024902344,175.64999389648438,75.07823944091797
2020-12-24,342.6319274902344,131.51759338378906,176.35000610351562,75.06086730957031
2020-12-28,345.5754089355469,131.57615661621094,175.7100067138672,75.06952667236328
2020-12-29,344.9161376953125,131.4088592529297,176.35000610351562,75.06952667236328
2020-12-30,345.4082946777344,131.69317626953125,177.6999969482422,75.07823944091797
2020-12-31,347.1632080078125,131.88543701171875,178.36000061035156,75.06952667236328
2021-01-04,342.4369812011719,131.7266845703125,182.3300018310547,75.07823944091797
2021-01-05,344.7953796386719,130.7483367919922,182.8699951171875,75.07823944091797
2021-01-06,346.8567199707031,128.06436157226562,179.89999389648438,75.03475952148438
2021-01-07,352.01019287109375,126.93550872802734,179.47999572753906,75.05216979980469
2021-01-08,354.0158386230469,126.52583312988281,173.33999633789062,75.04348754882812
2021-01-11,351.6295471191406,126.31672668457031,173.0,75.03475952148438
2021-01-12,351.7038269042969,126.21643829345703,174.1199951171875,75.03475952148438
2021-01-13,352.65087890625,127.63790893554688,173.3699951171875,75.02607727050781
2021-01-14,351.416015625,126.4421615600586,173.27999877929688,75.03475952148438
2021-01-15,348.8531799316406,126.94390869140625,171.1300048828125,75.04348754882812
2021-01-19,351.59234619140625,127.3536376953125,172.5800018310547,75.06952667236328
2021-01-20,356.4578857421875,127.47899627685547,175.38999938964844,75.06086730957031
2021-01-21,356.7828674316406,126.5843276977539,175.27999877929688,75.06952667236328
2021-01-22,355.5200500488281,126.99406433105469,173.89999389648438,75.06952667236328
2021-01-25,356.92218017578125,128.49073791503906,174.0500030517578,75.07823944091797
2021-01-26,356.3650207519531,128.24827575683594,173.6199951171875,75.06952667236328
2021-01-27,347.65533447265625,128.57437133789062,172.52000427246094,75.06952667236328
2021-01-28,350.6452331542969,127.86363983154297,172.67999267578125,75.06086730957031
2021-01-29,343.6255187988281,127.09439849853516,172.61000061035156,75.08694458007812
2021-02-01,349.34527587890625,127.2417221069336,174.22999572753906,75.09559631347656
2021-02-02,354.28509521484375,126.42133331298828,172.11000061035156,75.06954956054688
2021-02-03,354.5636901855469,125.299560546875,171.85000610351562,75.07823181152344
2021-02-04,358.5935363769531,124.9647216796875,168.14999389648438,75.07823181152344
2021-02-05,360.0048828125,123.9183578491211,169.80999755859375,75.09559631347656
2021-02-08,362.6048278808594,124.46247100830078,171.52000427246094,75.08694458007812
2021-02-09,362.3634338378906,124.55459594726562,172.0800018310547,75.06954956054688
2021-02-10,362.2055969238281,125.38328552246094,172.7100067138672,75.07823181152344
2021-02-11,362.7904968261719,124.69690704345703,171.2100067138672,75.07823181152344
2021-02-12,364.5826416015625,123.14823150634766,170.69000244140625,75.08694458007812
2021-02-16,364.2669677734375,121.27311706542969,168.24000549316406,75.06082153320312
2021-02-17,364.35052490234375,122.043212890625,166.3300018310547,75.07823181152344
2021-02-18,362.7998046875,121.5493392944336,166.32000732421875,75.07823181152344
2021-02-19,362.15911865234375,119.93363952636719,167.00999450683594,75.08694458007812
2021-02-22,359.3735046386719,119.0212631225586,169.50999450683594,75.06954956054688
2021-02-23,359.8099060058594,118.67802429199219,169.1199951171875,75.07823181152344
2021-02-24,363.77490234375,117.89950561523438,169.0,75.06082153320312
2021-02-25,355.00946044921875,115.97415161132812,165.82000732421875,74.94781494140625
2021-02-26,353.18017578125,119.80810546875,161.80999755859375,75.04344940185547
2021-03-01,361.7413024902344,118.2257308959961,161.52999877929688,75.0364990234375
2021-03-02,358.91851806640625,118.234130859375,162.41000366210938,75.05388641357422
2021-03-03,354.1644592285156,116.95172882080078,160.6199951171875,75.01040649414062
2021-03-04,349.78167724609375,116.197509765625,159.0399932861328,75.01040649414062
2021-03-05,356.21649169921875,116.42378997802734,159.13999938964844,75.01040649414062
2021-03-08,354.4429626464844,115.51856994628906,157.49000549316406,74.98430633544922
2021-03-09,359.5035400390625,117.11943054199219,160.83999633789062,74.98430633544922
2021-03-10,361.7413024902344,117.35408020019531,161.66000366210938,75.01040649414062
2021-03-11,365.4090881347656,116.50757598876953,161.52000427246094,75.01040649414062
2021-03-12,365.9012145996094,114.03514862060547,161.49000549316406,75.001708984375
2021-03-15,368.083251953125,114.70565795898438,162.1999969482422,75.01040649414062
2021-03-16,367.61895751953125,114.2446517944336,162.35000610351562,75.01040649414062
2021-03-17,368.87249755859375,113.38978576660156,163.50999450683594,75.02777099609375
2021-03-18,363.5055236816406,112.24152374267578,162.55999755859375,75.01909637451172
2021-03-19,362.83294677734375,112.93716430664062,163.24000549316406,75.01909637451172
2021-03-22,365.7301940917969,114.20274353027344,163.0,75.01040649414062
2021-03-23,362.85162353515625,115.23363494873047,161.80999755859375,75.01909637451172
2021-03-24,361.00701904296875,115.85383605957031,162.3699951171875,75.0364990234375
2021-03-25,363.03790283203125,114.94029235839844,161.77999877929688,75.04520416259766
2021-03-26,368.8882141113281,114.53804779052734,162.24000549316406,75.04520416259766
2021-03-29,368.701904296875,113.56578826904297,160.30999755859375,75.02777099609375
2021-03-30,367.7237548828125,114.16082763671875,157.57000732421875,75.02777099609375
2021-03-31,369.2142639160156,113.52388000488281,159.9600067138672,75.001708984375
2021-04-01,373.2014465332031,115.40802764892578,161.97999572753906,75.00082397460938
2021-04-05,378.5580749511719,114.90446472167969,161.9199981689453,74.98346710205078
2021-04-06,378.3344421386719,115.68500518798828,163.22000122070312,75.00082397460938
2021-04-07,378.77227783203125,114.8792724609375,162.75999450683594,75.0095443725586
2021-04-08,380.5702819824219,115.82762908935547,164.50999450683594,75.03563690185547
2021-04-09,383.33709716796875,115.40802764892578,163.27000427246094,75.0095443725586
2021-04-12,383.476806640625,115.35771179199219,162.27999877929688,74.99214172363281
2021-04-13,384.6134338378906,116.22209167480469,163.42999267578125,75.01822662353516
2021-04-14,383.2998352050781,115.85285186767578,162.72000122070312,75.01822662353516
2021-04-15,387.4173889160156,117.79154968261719,165.35000610351562,75.03563690185547
2021-04-16,388.7122802734375,116.8767318725586,166.35000610351562,75.0269546508789
2021-04-19,386.80255126953125,116.54106140136719,165.88999938964844,75.01822662353516
2021-04-20,383.9705505371094,117.07819366455078,166.47999572753906,75.03563690185547
2021-04-21,387.603759765625,117.31319427490234,168.1300048828125,75.05303955078125
2021-04-22,384.06378173828125,117.82516479492188,167.0399932861328,75.04432678222656
2021-04-23,388.2279052734375,117.54817962646484,166.39999389648438,75.0269546508789
2021-04-26,389.03826904296875,117.38036346435547,166.83999633789062,75.0095443725586
2021-04-27,388.9544982910156,116.35643005371094,166.4199981689453,75.00082397460938
2021-04-28,388.8427429199219,116.43192291259766,166.91000366210938,75.01822662353516
2021-04-29,391.3207702636719,116.08789825439453,166.22000122070312,75.03563690185547
2021-04-30,388.7496032714844,116.35643005371094,165.66000366210938,75.04432678222656
2021-05-03,389.5880126953125,116.4261474609375,167.80999755859375,75.037353515625
2021-05-04,387.1844482421875,117.2162857055664,166.5800018310547,75.037353515625
2021-05-05,387.3055725097656,117.40958404541016,167.27000427246094,75.05477142333984
2021-05-06,390.39849853515625,117.60286712646484,170.05999755859375,75.05477142333984
2021-05-07,393.2398376464844,117.02288055419922,171.58999633789062,75.08087158203125
2021-05-10,389.3457946777344,115.83778381347656,172.11000061035156,75.05477142333984
2021-05-11,385.8709716796875,115.18220520019531,172.13999938964844,75.04607391357422
2021-05-12,377.67303466796875,113.97191619873047,170.42999267578125,75.037353515625
2021-05-13,382.2098083496094,114.14844512939453,171.1300048828125,75.05477142333984
2021-05-14,388.07879638671875,115.21581268310547,172.69000244140625,75.05477142333984
2021-05-17,387.09130859375,114.97209930419922,174.6999969482422,75.05477142333984
2021-05-18,383.7563171386719,114.67797088623047,175.0399932861328,75.0634536743164
2021-05-19,382.7501525878906,114.40058898925781,175.16000366210938,75.037353515625
2021-05-20,386.8677673339844,115.3419189453125,175.9600067138672,75.07219696044922
2021-05-21,386.55108642578125,115.71175384521484,176.0399932861328,75.05477142333984
2021-05-24,390.49163818359375,116.14036560058594,176.35000610351562,75.07219696044922
2021-05-25,389.625244140625,117.2162857055664,177.9499969482422,75.07219696044922
2021-05-26,390.39849853515625,117.0145034790039,177.63999938964844,75.0895767211914
2021-05-27,390.60345458984375,116.54385375976562,177.7100067138672,75.0895767211914
2021-05-28,391.3021545410156,116.35891723632812,178.3800048828125,75.0895767211914
2021-06-01,390.95745849609375,116.33280944824219,177.89999389648438,75.07390594482422
2021-06-02,391.5722351074219,116.6021728515625,178.77000427246094,75.0826187133789
2021-06-03,390.1190185546875,116.16449737548828,175.27000427246094,75.05650329589844
2021-06-04,393.68701171875,117.75527954101562,177.16000366210938,75.0826187133789
2021-06-07,393.3050537109375,117.3934097290039,177.8699951171875,75.07390594482422
2021-06-08,393.3888244628906,118.21826934814453,177.32000732421875,75.09130859375
2021-06-09,392.8018798828125,119.261962890625,176.97999572753906,75.07390594482422
2021-06-10,394.6278991699219,119.9773941040039,177.74000549316406,75.10002136230469
2021-06-11,395.2798767089844,119.78382873535156,175.74000549316406,75.0826187133789
2021-06-14,396.16497802734375,118.86637115478516,174.7100067138672,75.05650329589844
2021-06-15,395.4383544921875,118.72328186035156,174.0500030517578,75.04781341552734
2021-06-16,393.23046875,118.62226867675781,171.11000061035156,74.97818756103516
2021-06-17,393.1000671386719,120.39825439453125,165.85000610351562,74.97818756103516
2021-06-18,387.7969665527344,122.66251373291016,164.92999267578125,74.91728973388672
2021-06-21,393.3486328125,120.60870361328125,166.9499969482422,74.93468475341797
2021-06-22,395.4515686035156,120.90333557128906,166.25,74.97818756103516
2021-06-23,394.9749450683594,120.59188079833984,166.13999938964844,74.92599487304688
2021-06-24,397.3115539550781,120.78548431396484,166.0399932861328,74.93468475341797
2021-06-25,398.7228088378906,119.53133392333984,166.58999633789062,74.92599487304688
2021-06-28,399.5266418457031,120.76023864746094,166.5800018310547,74.95210266113281
2021-06-29,399.7415466308594,120.96221923828125,164.8300018310547,74.9433822631836
2021-06-30,400.07806396484375,121.50096893310547,165.6300048828125,74.96080780029297
2021-07-01,402.2930603027344,121.50767517089844,166.1999969482422,74.94599151611328
2021-07-02,405.3680114746094,122.24092102050781,167.2899932861328,74.98082733154297
2021-07-06,404.6296691894531,123.67367553710938,168.1199951171875,75.00691986083984
2021-07-07,406.0596008300781,124.76934051513672,168.75999450683594,75.0156478881836
2021-07-08,402.7510986328125,125.25814819335938,168.64999389648438,75.05043029785156
2021-07-09,407.0503234863281,123.4966812133789,169.2100067138672,75.02433776855469
2021-07-12,408.5083923339844,123.33660125732422,169.0,75.00691986083984
2021-07-13,407.1158447265625,122.39264678955078,169.22000122070312,74.94599151611328
2021-07-14,407.7232360839844,123.78324890136719,171.0399932861328,74.99824523925781
2021-07-15,406.3306884765625,125.14862060546875,171.07000732421875,75.00691986083984
2021-07-16,403.14361572265625,124.91260528564453,169.41000366210938,74.99824523925781
2021-07-19,397.1900634765625,127.65178680419922,169.61000061035156,75.03300476074219
2021-07-20,402.8819274902344,126.4212417602539,169.38999938964844,75.06781768798828
2021-07-21,406.14373779296875,124.81993103027344,168.75999450683594,75.04170227050781
2021-07-22,406.99432373046875,125.9998779296875,169.08999633789062,75.05043029785156
2021-07-23,411.18145751953125,125.15706634521484,168.55999755859375,75.05912780761719
2021-07-26,412.1908264160156,124.78620910644531,168.16000366210938,75.04170227050781
2021-07-27,410.312255859375,126.11782836914062,168.44000244140625,75.05912780761719
2021-07-28,410.1440124511719,126.12625122070312,169.2899932861328,75.06781768798828
2021-07-29,411.84503173828125,125.42676544189453,171.1699981689453,75.06781768798828
2021-07-30,409.844970703125,126.0167236328125,169.82000732421875,75.0852279663086
2021-08-02,408.9849853515625,127.14067840576172,169.61000061035156,75.11309051513672
2021-08-03,412.3123779296875,127.20823669433594,169.49000549316406,75.11309051513672
2021-08-04,410.28424072265625,127.46985626220703,169.52999877929688,75.08695983886719
2021-08-05,412.88250732421875,126.81999206542969,168.86000061035156,75.0521469116211
2021-08-06,413.56475830078125,124.7020034790039,164.63999938964844,75.02608489990234
2021-08-09,413.22821044921875,124.25480651855469,161.72000122070312,74.99993896484375
2021-08-10,413.7423095703125,123.68101501464844,161.77000427246094,74.97384643554688
2021-08-11,414.7703857421875,123.60508728027344,164.0,75.00867462158203
2021-08-12,416.01348876953125,123.40251159667969,164.0399932861328,75.00867462158203
2021-08-13,416.7705993652344,125.35179901123047,166.38999938964844,75.01734924316406
2021-08-16,417.75189208984375,125.65555572509766,167.22000122070312,75.03475952148438
2021-08-17,415.0133972167969,125.60494232177734,166.97000122070312,75.01734924316406
2021-08-18,410.4710998535156,126.02686309814453,167.10000610351562,75.01734924316406
2021-08-19,411.1067199707031,126.9551010131836,166.61000061035156,75.01734924316406
2021-08-20,414.37786865234375,127.03947448730469,166.6999969482422,75.01734924316406
2021-08-23,418.0229187011719,126.9551010131836,168.72999572753906,75.01734924316406
2021-08-24,418.6865234375,125.9677505493164,168.64999389648438,75.00867462158203
2021-08-25,419.56512451171875,124.92137908935547,167.47999572753906,74.99993896484375
2021-08-26,417.0882873535156,125.26737976074219,167.6699981689453,74.99993896484375
2021-08-27,420.81744384765625,126.11969757080078,170.19000244140625,75.0521469116211
2021-08-30,422.6680603027344,126.44876861572266,169.35000610351562,75.06957244873047
2021-08-31,422.0418395996094,125.58805847167969,169.69000244140625,75.06085968017578
2021-09-01,422.2662048339844,125.79846954345703,169.6999969482422,75.05476379394531
2021-09-02,423.5653381347656,126.34758758544922,169.25,75.05476379394531
2021-09-03,423.4625549316406,125.19856262207031,171.05999755859375,75.05476379394531
2021-09-07,421.94842529296875,124.14239501953125,167.7100067138672,75.0286636352539
2021-09-08,421.434326171875,124.98731994628906,167.2899932861328,75.04607391357422
2021-09-09,419.6304931640625,126.4997329711914,168.02999877929688,75.0634536743164
2021-09-10,416.3219299316406,125.38440704345703,167.17999267578125,75.03739166259766
2021-09-13,417.3873291015625,126.14486694335938,167.74000549316406,75.05476379394531
2021-09-14,415.1349792480469,127.6740951538086,168.82000732421875,75.0634536743164
2021-09-15,418.6023864746094,127.22636413574219,167.8300018310547,75.0634536743164
2021-09-16,417.9389343261719,126.643310546875,164.02999877929688,75.03739166259766
2021-09-17,413.8676452636719,126.03498840332031,163.77000427246094,75.01998138427734
2021-09-20,406.966796875,127.5980224609375,164.94000244140625,75.03739166259766
2021-09-21,406.58233642578125,127.48826599121094,166.0399932861328,75.05476379394531
2021-09-22,410.54852294921875,128.24862670898438,165.4199981689453,75.01124572753906
2021-09-23,415.5366516113281,125.35059356689453,163.50999450683594,74.96772003173828
2021-09-24,416.22113037109375,124.12548828125,163.3000030517578,74.94163513183594
2021-09-27,415.0302734375,123.66922760009766,163.63999938964844,74.93290710449219
2021-09-28,406.66668701171875,121.7428970336914,162.0500030517578,74.94163513183594
2021-09-29,407.3511962890625,121.95406341552734,161.32000732421875,74.96772003173828
2021-09-30,402.3724060058594,121.93719482421875,164.22000122070312,74.98515319824219
2021-10-01,407.1543273925781,122.96345520019531,164.58999633789062,75.02082061767578
2021-10-04,401.903564453125,122.65032196044922,165.36000061035156,74.98600006103516
2021-10-05,406.08538818359375,121.46598815917969,164.58999633789062,74.97728729248047
2021-10-06,407.7731018066406,122.1512222290039,165.02999877929688,74.96858978271484
2021-10-07,411.298583984375,120.87385559082031,164.16000366210938,74.94247436523438
2021-10-08,410.54852294921875,120.0278091430664,164.22999572753906,74.91636657714844
2021-10-11,407.5762939453125,119.72325897216797,163.9199981689453,74.85543823242188
2021-10-12,406.57293701171875,121.77054595947266,164.66000366210938,74.89026641845703
2021-10-13,408.0356750488281,122.95494079589844,167.58999633789062,74.8641586303711
2021-10-14,414.8990478515625,123.41175842285156,168.0,74.8641586303711
2021-10-15,418.0588684082031,122.6926498413086,165.3300018310547,74.82063293457031
2021-10-18,419.2965393066406,123.26799011230469,164.9199981689453,74.76840209960938
2021-10-19,422.53131103515625,121.56747436523438,165.4499969482422,74.79449462890625
2021-10-20,424.1908874511719,120.74685668945312,166.89999389648438,74.82063293457031
2021-10-21,425.2973327636719,120.60308837890625,166.75,74.7335433959961
2021-10-22,424.8566589355469,121.93128967285156,167.77000427246094,74.71614837646484
2021-10-25,427.135009765625,121.74515533447266,168.92999267578125,74.75098419189453
2021-10-26,427.5195007324219,122.75189971923828,167.67999267578125,74.7335433959961
2021-10-27,425.62548828125,124.98526763916016,168.1199951171875,74.71614837646484
2021-10-28,429.7323303222656,124.56224060058594,168.0800018310547,74.7248306274414
2021-10-29,430.60430908203125,124.94297790527344,166.64999389648438,74.7335433959961
2021-11-01,431.3450012207031,124.04336547851562,167.52000427246094,74.6995849609375
2021-11-02,433.0889587402344,124.59397888183594,167.16000366210938,74.7779541015625
2021-11-03,435.7330322265625,123.30642700195312,165.77000427246094,74.76055145263672
2021-11-04,437.7865295410156,124.60247039794922,167.64999389648438,74.83018493652344
2021-11-05,439.3054504394531,126.46598052978516,169.83999633789062,74.86502838134766
2021-11-08,439.6804504394531,126.22876739501953,170.4499969482422,74.7779541015625
2021-11-09,438.2272033691406,127.8720932006836,171.2899932861328,74.82150268554688
2021-11-10,434.70172119140625,125.53424072265625,173.14999389648438,74.67347717285156
2021-11-11,434.84228515625,125.34782409667969,174.1199951171875,74.62126922607422
2021-11-12,438.1240539550781,124.79730987548828,174.4499969482422,74.68220520019531
2021-11-15,438.27398681640625,123.23019409179688,174.17999267578125,74.67347717285156
2021-11-16,440.00860595703125,122.91675567626953,172.9199981689453,74.67347717285156
2021-11-17,438.93975830078125,123.89089965820312,174.5,74.6995849609375
2021-11-18,440.4305725097656,124.35676574707031,173.94000244140625,74.69090270996094
2021-11-19,439.64300537109375,125.66976165771484,172.61000061035156,74.67347717285156
2021-11-22,438.4053649902344,124.19585418701172,168.74000549316406,74.58642578125
2021-11-23,438.9866638183594,122.40008544921875,167.27999877929688,74.58642578125
2021-11-24,440.1585998535156,124.36527252197266,167.1199951171875,74.56901550292969
2021-11-26,430.3417663574219,127.50790405273438,166.85000610351562,74.71702575683594
2021-11-29,435.6206359863281,126.48291015625,166.6199951171875,74.7518310546875
2021-11-30,427.1444396972656,128.40574645996094,165.5,74.69090270996094
2021-12-01,422.4001159667969,129.19781494140625,166.16000366210938,74.69959259033203
2021-12-02,428.8696594238281,129.3590087890625,165.24000549316406,74.60376739501953
2021-12-03,425.1379699707031,130.90252685546875,166.6300048828125,74.6473388671875
2021-12-06,430.17303466796875,129.10455322265625,166.22000122070312,74.58636474609375
2021-12-07,439.0710754394531,128.0614013671875,166.80999755859375,74.49055480957031
2021-12-08,440.2336730957031,125.847900390625,166.89999389648438,74.51666259765625
2021-12-09,437.26141357421875,126.55179595947266,165.8800048828125,74.49055480957031
2021-12-10,441.3775329589844,126.24652862548828,166.5800018310547,74.52537536621094
2021-12-13,437.4677429199219,128.11233520507812,167.0,74.5689468383789
2021-12-14,434.4579162597656,127.80694580078125,165.44000244140625,74.52537536621094
2021-12-15,441.24627685546875,126.5772476196289,166.14999389648438,74.551513671875
2021-12-16,437.355224609375,126.62652587890625,168.16000366210938,74.61075592041016
2021-12-17,432.7004699707031,128.0614013671875,167.8000030517578,74.57595825195312
2021-12-20,428.0993957519531,127.10191345214844,167.08999633789062,74.59333801269531
2021-12-21,435.7020568847656,126.6180191040039,167.02000427246094,74.54977416992188
2021-12-22,440.05841064453125,127.20384216308594,168.58999633789062,74.54106140136719
2021-12-23,442.7965393066406,126.10011291503906,168.97000122070312,74.53234100341797
2021-12-27,449.0630798339844,126.40579986572266,169.3699951171875,74.5062255859375
2021-12-28,448.69610595703125,125.9048080444336,168.63999938964844,74.5062255859375
2021-12-29,449.2701110839844,124.5293960571289,168.58999633789062,74.49749755859375
2021-12-30,448.028076171875,125.5737075805664,169.8000030517578,74.54106140136719
2021-12-31,446.89886474609375,125.81993103027344,170.9600067138672,74.53234100341797
2022-01-03,449.48638916015625,122.51712799072266,168.3300018310547,74.4452133178711
2022-01-04,449.3359375,122.00765991210938,169.57000732421875,74.48878479003906
2022-01-05,440.7077331542969,121.345458984375,169.05999755859375,74.39295959472656
2022-01-06,440.29364013671875,121.65959167480469,166.99000549316406,74.33194732666016
2022-01-07,438.5529479980469,120.7850570678711,167.75,74.31451416015625
2022-01-10,438.0072326660156,121.08231353759766,168.25999450683594,74.27095794677734
2022-01-11,441.9967346191406,121.88883972167969,170.2899932861328,74.29708862304688
2022-01-12,443.19171142578125,121.42184448242188,170.74000549316406,74.27095794677734
2022-01-13,437.0851745605469,122.50019073486328,170.16000366210938,74.3058090209961
2022-01-14,437.2639465332031,120.64928436279297,169.6699981689453,74.20994567871094
2022-01-18,429.5201416015625,118.95114135742188,169.38999938964844,74.09671783447266
2022-01-19,425.0602111816406,119.77470397949219,172.0800018310547,74.13151550292969
2022-01-20,420.3555908203125,120.51338195800781,171.64999389648438,74.11412811279297
2022-01-21,412.1037902832031,121.94824981689453,171.08999633789062,74.17510223388672
2022-01-24,413.8538513183594,120.9464111328125,172.02999877929688,74.21866607666016
2022-01-25,408.8011169433594,120.7510986328125,172.5800018310547,74.18384552001953
2022-01-26,407.7755432128906,119.29077911376953,169.7899932861328,74.0531234741211
2022-01-27,405.76190185546875,121.48128509521484,167.60000610351562,73.99213409423828
2022-01-28,415.8391418457031,121.52378845214844,167.10000610351562,74.01823425292969
2022-01-31,423.328857421875,120.89544677734375,168.08999633789062,74.01823425292969
2022-02-01,426.1893005371094,120.4941177368164,168.22999572753906,74.01217651367188
2022-02-02,430.3293762207031,120.90226745605469,168.83999633789062,74.02958679199219
2022-02-03,420.21441650390625,119.95849609375,168.60000610351562,73.96859741210938
2022-02-04,422.1904296875,118.19004821777344,168.86000061035156,73.82041931152344
2022-02-07,420.8354797363281,118.26655578613281,170.11000061035156,73.837890625
2022-02-08,424.2981262207031,117.47582244873047,170.6300048828125,73.7593994140625
2022-02-09,430.5080871582031,117.69686126708984,171.2100067138672,73.75072479248047
2022-02-10,422.77374267578125,115.82638549804688,170.55999755859375,73.37593841552734
2022-02-11,414.4372863769531,117.5438461303711,173.80999755859375,73.60255432128906
2022-02-14,413.082275390625,116.08146667480469,174.74000549316406,73.44567108154297
2022-02-15,419.7440490722656,114.76364135742188,173.0800018310547,73.4718017578125
2022-02-16,420.21441650390625,115.44377899169922,174.86000061035156,73.56769561767578
2022-02-17,411.23809814453125,116.3025131225586,177.25,73.61124420166016
2022-02-18,408.5754089355469,117.5268325805664,177.1199951171875,73.6199722290039
2022-02-22,404.19061279296875,117.83293151855469,177.49000549316406,73.55023193359375
2022-02-23,397.020751953125,116.20899200439453,178.2899932861328,73.50666809082031
2022-02-24,402.99566650390625,116.28553771972656,177.13999938964844,73.56769561767578
2022-02-25,411.8873291015625,116.37057495117188,176.5500030517578,73.56769561767578
2022-02-28,410.8334655761719,118.92124938964844,178.3800048828125,73.69841766357422
2022-03-01,404.5764465332031,120.29615783691406,181.6199951171875,73.8684310913086
2022-03-02,412.0190734863281,116.18411254882812,179.72999572753906,73.62431335449219
2022-03-03,409.9677734375,117.36750030517578,180.8000030517578,73.62431335449219
2022-03-04,406.63702392578125,119.39371490478516,183.67999267578125,73.70276641845703
2022-03-07,394.6496887207031,118.48274993896484,186.41000366210938,73.60687255859375
2022-03-08,391.6575622558594,117.29092407226562,191.50999450683594,73.5109634399414
2022-03-09,402.158203125,116.14153289794922,185.82000732421875,73.46736145019531
2022-03-10,400.34228515625,114.47288513183594,186.39999389648438,73.40636444091797
2022-03-11,395.2518615722656,114.85601806640625,185.08999633789062,73.3802261352539
2022-03-14,392.3632507324219,112.17424774169922,182.3000030517578,73.18841552734375
2022-03-15,400.9914245605469,111.97843170166016,178.88999938964844,73.21456146240234
2022-03-16,409.8831787109375,113.07667541503906,180.00999450683594,73.14482116699219
2022-03-17,415.0111389160156,112.23383331298828,180.88999938964844,73.11866760253906
2022-03-18,419.55670166015625,113.60453033447266,179.3000030517578,73.10120391845703
2022-03-21,419.43408203125,110.9738540649414,180.6699981689453,72.85714721679688
2022-03-22,424.34197998046875,109.55208587646484,179.36000061035156,72.80479431152344
2022-03-23,418.877197265625,111.9529037475586,181.80999755859375,72.86585235595703
2022-03-24,425.1914367675781,111.07600402832031,183.1300048828125,72.84841918945312
2022-03-25,427.2679443359375,109.53507995605469,182.3800048828125,72.64787292480469
2022-03-28,430.30706787109375,110.47157287597656,179.05999755859375,72.5781021118164
2022-03-29,435.63037109375,111.30587005615234,179.13999938964844,72.61302947998047
2022-03-30,432.9403991699219,112.17424774169922,180.5800018310547,72.66529846191406
2022-03-31,426.27691650390625,112.4466552734375,180.64999389648438,72.66529846191406
2022-04-01,427.4849853515625,112.87472534179688,179.5,72.5135269165039
2022-04-04,431.1471252441406,112.09032440185547,180.3699951171875,72.55718231201172
2022-04-05,425.70111083984375,109.55789947509766,179.24000549316406,72.42633819580078
2022-04-06,421.4443054199219,108.67109680175781,179.66000366210938,72.47869110107422
2022-04-07,423.5680847167969,107.85258483886719,180.33999633789062,72.531005859375
2022-04-08,422.43548583984375,106.6844482421875,181.47000122070312,72.4437484741211
2022-04-11,415.2150573730469,104.9961929321289,182.3699951171875,72.46121215820312
2022-04-12,413.67657470703125,104.85122680664062,183.77000427246094,72.6443862915039
2022-04-13,418.4147033691406,105.06440734863281,184.64999389648438,72.67929077148438
2022-04-14,413.20465087890625,102.95831298828125,184.0399932861328,72.5484619140625
2022-04-18,413.37451171875,102.44673156738281,184.61000061035156,72.5484619140625
2022-04-19,420.0475769042969,101.67931365966797,181.82000732421875,72.38270568847656
2022-04-20,419.7360534667969,103.7257080078125,182.7100067138672,72.42633819580078
2022-04-21,413.4595031738281,102.95831298828125,182.05999755859375,72.30426025390625
2022-04-22,402.1145324707031,102.31031036376953,180.2899932861328,72.28675842285156
2022-04-25,404.4458312988281,103.33349609375,177.0500030517578,72.4001693725586
2022-04-26,392.73272705078125,104.37372589111328,177.32000732421875,72.531005859375
2022-04-27,393.8370056152344,103.03506469726562,175.97999572753906,72.4961166381836
2022-04-28,403.78509521484375,103.18851470947266,176.92999267578125,72.4437484741211
2022-04-29,388.8630065917969,101.8498764038086,176.91000366210938,72.30426025390625
2022-05-02,391.2037048339844,100.08442687988281,173.6300048828125,72.29899597167969
2022-05-03,392.9970397949219,100.75916290283203,174.08999633789062,72.26408386230469
2022-05-04,404.96490478515625,101.31431579589844,175.8000030517578,72.45610046386719
2022-05-05,390.5712890625,98.53849792480469,175.1300048828125,72.33390808105469
2022-05-06,388.2400817871094,97.08648681640625,175.4199981689453,72.32516479492188
2022-05-09,375.8096008300781,97.94063568115234,172.8800048828125,72.50843048095703
2022-05-10,376.6779479980469,98.82886505126953,171.4199981689453,72.46479034423828
2022-05-11,370.69403076171875,100.73355865478516,172.82000732421875,72.47351837158203
2022-05-12,370.3070373535156,100.54566192626953,170.1699981689453,72.57823181152344
2022-05-13,379.1602478027344,99.05949401855469,168.7899932861328,72.55204010009766
2022-05-16,377.621826171875,98.95700073242188,170.39999389648438,72.59569549560547
2022-05-17,385.38958740234375,97.76126098632812,169.3300018310547,72.4386215209961
2022-05-18,369.8539123535156,99.84527587890625,169.4199981689453,72.47351837158203
2022-05-19,367.5887756347656,100.08442687988281,171.91000366210938,72.57823181152344
2022-05-20,367.7491760253906,101.22039031982422,172.02999877929688,72.6305923461914
2022-05-23,374.6298828125,99.55489349365234,172.8300018310547,72.59569549560547
2022-05-24,371.7700500488281,101.51934051513672,174.1300048828125,72.7614974975586
2022-05-25,375.0545959472656,101.9207534790039,173.0800018310547,72.81388854980469
2022-05-26,382.5486145019531,101.45953369140625,172.75999450683594,72.831298828125
2022-05-27,391.9398498535156,101.70719146728516,172.85000610351562,72.84877014160156
2022-05-31,389.7407531738281,99.55489349365234,171.13999938964844,72.73531341552734
2022-06-01,386.58831787109375,99.44108581542969,172.22999572753906,72.59993743896484
2022-06-02,393.95037841796875,99.49242401123047,174.35000610351562,72.61741638183594
2022-06-03,387.4849548339844,99.27853393554688,172.5800018310547,72.59124755859375
2022-06-06,388.664794921875,97.44745635986328,171.82000732421875,72.49514770507812
2022-06-07,392.3929138183594,98.49990844726562,172.94000244140625,72.50389862060547
2022-06-08,388.12677001953125,97.62715148925781,172.77999877929688,72.45147705078125
2022-06-09,378.8959655761719,97.95230102539062,172.22999572753906,72.39908599853516
2022-06-10,367.90966796875,97.34477233886719,174.5399932861328,72.09345245361328
2022-06-13,353.9408264160156,94.29020690917969,169.92999267578125,71.72663879394531
2022-06-14,352.8742980957031,93.10089874267578,168.57000732421875,71.58687591552734
2022-06-15,357.9049377441406,94.83777618408203,170.77000427246094,71.8663558959961
2022-06-16,346.0596923828125,95.59077453613281,172.69000244140625,71.96243286132812
2022-06-17,346.8057556152344,95.8987808227539,171.27000427246094,71.94495391845703
2022-06-21,355.5361022949219,94.27312469482422,170.6300048828125,71.91874694824219
2022-06-22,354.89154052734375,96.8656234741211,171.30999755859375,72.12836456298828
2022-06-23,358.370361328125,97.66138458251953,170.25999450683594,72.18950653076172
2022-06-24,369.76434326171875,96.3094711303711,170.08999633789062,72.17202758789062
2022-06-27,368.3518981933594,95.48809814453125,169.89999389648438,72.09345245361328
2022-06-28,360.825439453125,95.93301391601562,169.6199951171875,72.07595825195312
2022-06-29,360.5315856933594,97.43034362792969,169.49000549316406,72.16326904296875
2022-06-30,357.6025085449219,98.2859878540039,168.4600067138672,72.30301666259766
2022-07-01,361.3847351074219,99.29503631591797,168.32000732421875,72.52069091796875
2022-07-05,362.0672607421875,100.0751953125,164.75,72.51191711425781
2022-07-06,363.2900085449219,98.3948745727539,162.13999938964844,72.3109130859375
2022-07-07,368.73114013671875,97.52897644042969,162.22999572753906,72.25846099853516
2022-07-08,368.42779541015625,96.4487075805664,162.3000030517578,72.1710205078125
2022-07-11,364.2190246582031,98.11195373535156,161.42999267578125,72.1972427368164
2022-07-12,360.99609375,98.69490814208984,160.8300018310547,72.23220825195312
2022-07-13,359.1001892089844,99.82660675048828,161.60000610351562,72.15354919433594
2022-07-14,358.2281799316406,99.01213836669922,159.3300018310547,72.12731170654297
2022-07-15,365.07220458984375,99.56941223144531,159.00999450683594,72.17977142333984
2022-07-18,362.0578308105469,98.53199768066406,159.16000366210938,72.13607788085938
2022-07-19,371.8403625488281,98.00048065185547,159.5399932861328,72.05740356445312
2022-07-20,374.2100524902344,98.25767517089844,158.0399932861328,72.04864501953125
2022-07-21,378.0207214355469,99.95518493652344,160.27000427246094,72.24970245361328
2022-07-22,374.513427734375,101.63551330566406,160.6699981689453,72.43327331542969
2022-07-25,374.96844482421875,100.64102935791016,160.22999572753906,72.37207794189453
2022-07-26,370.5321350097656,100.71823120117188,160.0399932861328,72.33709716796875
2022-07-27,380.153564453125,100.15238189697266,161.6699981689453,72.45072937011719
2022-07-28,384.9215393066406,100.94967651367188,163.63999938964844,72.60810089111328
2022-07-29,390.533203125,100.6753158569336,164.10000610351562,72.599365234375
2022-08-01,389.37677001953125,103.09996795654297,165.02999877929688,72.59761810302734
2022-08-02,386.8079528808594,100.91840362548828,164.0500030517578,72.34383392333984
2022-08-03,392.86517333984375,102.50733947753906,164.4499969482422,72.37007904052734
2022-08-04,392.5997314453125,102.47295379638672,167.1699981689453,72.46634674072266
2022-08-05,391.9361267089844,100.03377532958984,165.2899932861328,72.1688232421875
2022-08-08,391.481201171875,101.6484375,166.69000244140625,72.23882293701172
2022-08-09,389.9266052246094,101.25334167480469,167.1999969482422,72.1688232421875
2022-08-10,398.1166076660156,100.59202575683594,166.77999877929688,72.23882293701172
2022-08-11,398.1166076660156,98.24729919433594,166.33999633789062,72.21256256103516
2022-08-12,404.85638427734375,99.24360656738281,167.8699951171875,72.2300796508789
2022-08-15,406.5246276855469,99.15769958496094,165.7100067138672,72.29131317138672
2022-08-16,407.3208923339844,99.56995391845703,165.4199981689453,72.2300796508789
2022-08-17,404.4297180175781,98.5307388305664,164.35000610351562,72.1688232421875
2022-08-18,405.6051940917969,98.67671203613281,163.9199981689453,72.27383422851562
2022-08-19,400.1546936035156,97.08779907226562,162.72000122070312,72.2213134765625
2022-08-22,391.8224182128906,96.76144409179688,161.63999938964844,72.12504577636719
2022-08-23,390.87451171875,96.22892761230469,162.77000427246094,72.16007232666016
2022-08-24,392.12579345703125,95.52462768554688,163.25,72.08130645751953
2022-08-25,397.6616516113281,96.85590362548828,163.75,72.12504577636719
2022-08-26,384.2010803222656,97.58594512939453,161.75999450683594,72.10755157470703
2022-08-29,381.6607360839844,96.77859497070312,161.86000061035156,72.05506896972656
2022-08-30,377.4709777832031,97.01911926269531,160.50999450683594,72.02005767822266
2022-08-31,374.5987548828125,96.09148406982422,159.27000427246094,72.01129913330078
2022-09-01,375.77423095703125,94.33224487304688,157.8699951171875,71.958740234375
2022-09-02,371.8118896484375,94.8658676147461,159.25999450683594,72.11644744873047
2022-09-06,370.4089660644531,92.51619720458984,158.3300018310547,71.958740234375
2022-09-07,377.0633544921875,93.97935485839844,159.94000244140625,72.06387329101562
2022-09-08,379.5279235839844,93.01537322998047,158.97999572753906,71.97625732421875
2022-09-09,385.42401123046875,93.22193145751953,159.82000732421875,71.91494750976562
2022-09-12,389.56634521484375,92.45591735839844,160.6300048828125,71.90614318847656
2022-09-13,372.62713623046875,92.67107391357422,158.5399932861328,71.66085052490234
2022-09-14,374.0489501953125,92.98957824707031,157.92999267578125,71.59952545166016
2022-09-15,369.80230712890625,92.92929077148438,154.97999572753906,71.52066040039062
2022-09-16,366.9810485839844,92.15464782714844,155.83999633789062,71.55569458007812
2022-09-19,369.8270263671875,92.36985778808594,155.9600067138672,71.47684478759766
2022-09-20,365.5819091796875,91.44892883300781,155.07000732421875,71.44184112548828
2022-09-21,359.20477294921875,92.98094940185547,155.7899932861328,71.3804931640625
2022-09-22,356.1875,90.60543060302734,155.6999969482422,71.2490234375
2022-09-23,350.2196350097656,90.97550964355469,153.00999450683594,71.16144561767578
2022-09-26,346.7550964355469,89.2369155883789,151.22999572753906,71.00371551513672
2022-09-27,345.86993408203125,86.88720703125,151.5399932861328,71.00371551513672
2022-09-28,352.6753234863281,89.7963638305664,154.69000244140625,71.31038665771484
2022-09-29,345.30828857421875,89.33158874511719,154.66000366210938,71.21400451660156
2022-09-30,339.9686279296875,88.17826080322266,154.6699981689453,71.15267944335938
2022-10-03,348.9442443847656,89.57935333251953,158.42999267578125,71.308837890625
2022-10-04,359.75689697265625,89.32919311523438,160.6999969482422,71.33516693115234
2022-10-05,358.9192199707031,88.47505950927734,159.80999755859375,71.26496124267578
2022-10-06,355.2166748046875,87.9832534790039,159.6300048828125,71.1772232055664
2022-10-07,345.30828857421875,87.129150390625,157.8800048828125,71.08952331542969
2022-10-10,342.6717834472656,85.77464294433594,155.47999572753906,71.06318664550781
2022-10-11,340.50164794921875,86.15425872802734,155.16000366210938,71.09825134277344
2022-10-12,339.3784484863281,86.57698822021484,155.99000549316406,71.16847229003906
2022-10-13,348.3350524902344,85.7487564086914,154.91000366210938,70.9578857421875
2022-10-14,340.3968811035156,85.04129028320312,152.97999572753906,70.92279815673828
2022-10-17,349.1441650390625,84.62718963623047,153.4199981689453,71.00178527832031
2022-10-18,353.2464294433594,84.82561492919922,153.75,71.036865234375
2022-10-19,350.7431945800781,83.28131103515625,151.69000244140625,70.90526580810547
2022-10-20,347.80206298828125,81.85774230957031,151.4499969482422,70.8262939453125
2022-10-21,356.25421142578125,80.38243103027344,154.14999389648438,71.01057434082031
2022-10-24,360.6134338378906,79.7181167602539,153.64999389648438,70.99299621582031
2022-10-25,366.3719787597656,82.03893280029297,154.0,71.06318664550781
2022-10-26,363.6116638183594,83.22089385986328,154.97999572753906,71.12459564208984
2022-10-27,361.6700134277344,84.09225463867188,154.74000549316406,71.27371215820312
2022-10-28,370.27435302734375,83.51423645019531,153.16000366210938,71.16847229003906
2022-10-31,367.5997619628906,82.91893768310547,151.91000366210938,71.06318664550781
2022-11-01,365.9912414550781,83.69386291503906,153.4600067138672,70.99375915527344
2022-11-02,356.8061828613281,83.33059692382812,152.38999938964844,70.95861053466797
2022-11-03,353.1322326660156,82.88088989257812,151.80999755859375,70.82675170898438
2022-11-04,358.21490478515625,81.48841857910156,156.47000122070312,70.90586853027344
2022-11-07,361.64141845703125,80.67544555664062,155.85000610351562,70.84435272216797
2022-11-08,363.5926513671875,81.5576400756836,159.4499969482422,70.9146728515625
2022-11-09,356.10186767578125,81.82575225830078,158.64999389648438,71.0289077758789
2022-11-10,375.671142578125,84.973876953125,163.47999572753906,71.41561889648438
2022-11-11,379.3070983886719,84.66253662109375,164.55999755859375,71.39802551269531
2022-11-14,376.0804138183594,84.45494842529297,164.9199981689453,71.33648681640625
2022-11-15,379.28802490234375,85.82145690917969,165.5,71.40679931640625
2022-11-16,376.39453125,87.69823455810547,165.1199951171875,71.41561889648438
2022-11-17,375.2428283691406,86.77281951904297,163.9199981689453,71.32772064208984
2022-11-18,376.946533203125,86.17607879638672,162.7899932861328,71.2486343383789
2022-11-21,375.575927734375,86.539306640625,161.8800048828125,71.2310562133789
2022-11-22,380.630126953125,87.76742553710938,162.07000732421875,71.28377532958984
2022-11-23,383.02874755859375,89.29823303222656,163.0800018310547,71.34530639648438
2022-11-25,382.9429626464844,88.99554443359375,163.22000122070312,71.35408782958984
2022-11-28,376.8324279785156,89.246337890625,161.92999267578125,71.37167358398438
2022-11-29,376.1850891113281,88.19982147216797,162.72999572753906,71.34530639648438
2022-11-30,388.0352478027344,88.84852600097656,164.80999755859375,71.55623626708984
2022-12-01,387.7496032714844,91.68684387207031,167.83999633789062,71.71033477783203
2022-12-02,387.3022155761719,92.83987426757812,167.25999450683594,71.69273376464844
2022-12-05,380.3350524902344,91.53945922851562,164.38999938964844,71.49018096923828
2022-12-06,374.8525695800781,92.71846771240234,164.83999633789062,71.56941223144531
2022-12-07,374.2149353027344,94.90316009521484,166.3300018310547,71.71912384033203
2022-12-08,377.1464538574219,94.64306640625,166.47000122070312,71.64869689941406
2022-12-09,374.3290710449219,92.1810073852539,167.05999755859375,71.61347198486328
2022-12-12,379.725830078125,92.47576904296875,165.67999267578125,71.56941223144531
2022-12-13,382.600341796875,93.36870574951172,168.50999450683594,71.78081512451172
2022-12-14,380.1542053222656,93.76750183105469,168.10000610351562,71.78958129882812
2022-12-15,370.8550109863281,94.13333129882812,165.35000610351562,71.7992935180664
2022-12-16,366.47662353515625,93.08182525634766,166.7899932861328,71.86991882324219
2022-12-19,363.3690185546875,91.51756286621094,166.32000732421875,71.78164672851562
2022-12-20,363.8662109375,89.89248657226562,169.0800018310547,71.78164672851562
2022-12-21,369.30694580078125,90.11844635009766,168.8000030517578,71.85228729248047
2022-12-22,364.038330078125,90.10105895996094,166.75999450683594,71.80813598632812
2022-12-23,366.1324157714844,88.78014373779297,167.25999450683594,71.77281951904297
2022-12-27,364.68853759765625,87.02468872070312,168.6699981689453,71.67573547363281
2022-12-28,360.1562194824219,86.51195526123047,167.91000366210938,71.67573547363281
2022-12-29,366.63916015625,87.49394226074219,168.85000610351562,71.72868347167969
2022-12-30,365.6733703613281,86.52063751220703,169.63999938964844,71.6404037475586
2023-01-03,364.13397216796875,88.17179870605469,171.05999755859375,71.70220947265625
2023-01-04,366.94512939453125,89.37976837158203,172.6699981689453,71.77281951904297
2023-01-05,362.757080078125,89.75343322753906,170.52000427246094,71.67573547363281
2023-01-06,371.0758972167969,91.40458679199219,173.7100067138672,71.94933319091797
2023-01-09,370.865478515625,91.89125061035156,174.10000610351562,72.01994323730469
2023-01-10,373.4662780761719,90.37045288085938,174.74000549316406,71.95818328857422
2023-01-11,378.18988037109375,91.83912658691406,174.6199951171875,72.01994323730469
2023-01-12,379.5667419433594,93.64669036865234,176.63999938964844,72.17884063720703
2023-01-13,381.0392761230469,92.76896667480469,178.75999450683594,72.05525970458984
2023-01-17,380.3412780761719,92.16936492919922,177.58999633789062,72.09938049316406
2023-01-18,374.3364562988281,94.40272521972656,177.0800018310547,72.25826263427734
2023-01-19,371.611328125,93.8117904663086,179.88999938964844,72.24059295654297
2023-01-20,378.5340881347656,92.291015625,179.2899932861328,72.17884063720703
2023-01-23,383.07598876953125,91.85649108886719,179.6300048828125,72.10821533203125
2023-01-24,382.664794921875,93.17740631103516,180.27999877929688,72.13468170166016
2023-01-25,382.80816650390625,93.40338134765625,181.11000061035156,72.17884063720703
2023-01-26,387.01544189453125,92.9688491821289,179.47000122070312,72.13468170166016
2023-01-27,387.9046630859375,92.7342300415039,179.22000122070312,72.13468170166016
2023-01-30,383.03765869140625,92.39532470703125,178.75999450683594,72.06407165527344
2023-01-31,388.6696472167969,93.13396453857422,179.41000366210938,72.19647979736328
2023-02-01,392.80035400390625,94.2535400390625,181.6699981689453,72.32207489013672
2023-02-02,398.5183410644531,94.37553405761719,177.89999389648438,72.33087921142578
2023-02-03,394.28240966796875,92.96405792236328,173.4600067138672,72.06559753417969
2023-02-06,391.87286376953125,92.27577209472656,173.82000732421875,71.86222076416016
2023-02-07,396.9979553222656,91.53520202636719,173.97999572753906,71.89761352539062
2023-02-08,392.65692138671875,91.97083282470703,174.41000366210938,71.92412567138672
2023-02-09,389.25286865234375,91.09955596923828,173.02999877929688,71.87104797363281
2023-02-10,390.1612854003906,90.0801773071289,173.36000061035156,71.83568572998047
2023-02-13,394.74139404296875,90.83818054199219,172.47999572753906,71.85336303710938
2023-02-14,394.559814453125,90.62909698486328,172.61000061035156,71.70307922363281
2023-02-15,395.8410339355469,89.7839584350586,170.88999938964844,71.71190643310547
2023-02-16,390.3907775878906,88.51188659667969,170.75,71.72074890136719
2023-02-17,389.4154052734375,89.2002182006836,171.25999450683594,71.78263092041016
2023-02-21,381.60345458984375,87.46637725830078,170.6199951171875,71.64115905761719
2023-02-22,381.0774841308594,88.2679443359375,169.66000366210938,71.67652893066406
2023-02-23,383.1046142578125,89.13050079345703,169.57000732421875,71.72074890136719
2023-02-24,379.01220703125,87.97171783447266,168.35000610351562,71.57042694091797
2023-02-27,380.30303955078125,88.21568298339844,169.00999450683594,71.6323471069336
2023-02-28,378.89739990234375,88.61646270751953,169.77999877929688,71.6146240234375
2023-03-01,377.444091796875,87.66446685791016,170.75999450683594,71.48351287841797
2023-03-02,380.3795471191406,86.88709259033203,170.66000366210938,71.51007080078125
2023-03-03,386.4799499511719,88.99199676513672,172.49000549316406,71.55437469482422
2023-03-06,386.74774169921875,88.30203247070312,171.6199951171875,71.5189437866211
2023-03-07,380.8193664550781,88.84354400634766,168.6199951171875,71.36833190917969
2023-03-08,381.44091796875,88.9308853149414,168.5399932861328,71.3328628540039
2023-03-09,374.4033508300781,89.14923095703125,170.1999969482422,71.5632553100586
2023-03-10,369.00091552734375,92.22367095947266,173.8699951171875,71.953125
2023-03-13,368.4749755859375,92.43328094482422,177.86000061035156,72.6707763671875
2023-03-14,374.56591796875,90.91352081298828,176.8300018310547,72.39611053466797
2023-03-15,372.2232360839844,92.66907501220703,178.2100067138672,72.82139587402344
2023-03-16,378.75396728515625,91.94416046142578,178.57000732421875,72.52899932861328
2023-03-17,374.3254089355469,93.32418060302734,183.77000427246094,72.89225769042969
2023-03-20,377.9247131347656,92.50314331054688,183.83999633789062,72.8036880493164
2023-03-21,382.8870849609375,91.70832061767578,180.3699951171875,72.52899932861328
2023-03-22,376.3601379394531,92.93112182617188,183.44000244140625,72.86566925048828
2023-03-23,377.3776550292969,92.93112182617188,185.74000549316406,73.07833099365234
2023-03-24,379.85394287109375,93.32418060302734,183.64999389648438,73.11376953125
2023-03-27,380.56427001953125,91.13188934326172,181.9499969482422,72.8036880493164
2023-03-28,379.7099914550781,91.29785919189453,183.44000244140625,72.72393035888672
2023-03-29,385.22906494140625,91.11442565917969,182.52999877929688,72.69733428955078
2023-03-30,387.484619140625,91.53366088867188,184.17999267578125,72.70621490478516
2023-03-31,392.9461364746094,92.9049072265625,183.22000122070312,72.79480743408203
2023-04-03,394.4435119628906,93.34184265136719,184.5399932861328,72.88360595703125
2023-04-04,392.2550354003906,93.80591583251953,187.97999572753906,73.05229949951172
2023-04-05,391.2279968261719,94.78662872314453,187.8300018310547,73.14999389648438
2023-04-06,392.754150390625,95.03182220458984,186.49000549316406,73.12333679199219
2023-04-10,393.15728759765625,93.49946594238281,185.11000061035156,72.8658447265625
2023-04-11,393.2629089355469,93.69210052490234,186.27999877929688,72.8569564819336
2023-04-12,391.65985107421875,93.59577178955078,187.19000244140625,72.9368667602539
2023-04-13,396.86224365234375,92.86026763916016,189.72000122070312,72.98129272460938
2023-04-14,395.89276123046875,92.0108871459961,186.36000061035156,72.81256103515625
2023-04-17,397.3133544921875,90.91639709472656,185.52999877929688,72.70601654052734
2023-04-18,397.572509765625,91.24034118652344,186.25,72.68824768066406
2023-04-19,397.50531005859375,91.15279388427734,185.36000061035156,72.62611389160156
2023-04-20,395.33612060546875,91.93208312988281,186.08999633789062,72.80367279052734
2023-04-21,395.64324951171875,91.41545104980469,184.25,72.7593002319336
2023-04-24,396.0560302734375,92.29985809326172,184.80999755859375,72.83921813964844
2023-04-25,389.76904296875,93.65709686279297,185.75,73.12333679199219
2023-04-26,388.1181335449219,92.65888214111328,184.74000549316406,73.03455352783203
2023-04-27,395.8448181152344,91.73941040039062,184.75,72.89249420166016
2023-04-28,399.22344970703125,93.21926879882812,184.8000030517578,72.97238159179688
2023-05-01,398.8202819824219,90.53133392333984,183.97000122070312,72.81306457519531
2023-05-02,394.33782958984375,92.78734588623047,187.52000427246094,73.05339813232422
2023-05-03,391.6311950683594,93.30529022216797,189.11000061035156,73.23139190673828
2023-05-04,388.857177734375,92.38355255126953,190.44000244140625,73.34712219238281
2023-05-05,396.0560302734375,92.07632446289062,187.4600067138672,73.16907501220703
2023-05-08,396.1615295410156,90.78587341308594,187.69000244140625,73.05339813232422
2023-05-09,394.42425537109375,90.46109771728516,189.02000427246094,73.03559112548828
2023-05-10,396.2671813964844,91.33895111083984,188.75,73.21360778808594
2023-05-11,395.5760498046875,92.30457305908203,187.1300048828125,73.25811767578125
2023-05-12,395.05780029296875,91.53205871582031,186.80999755859375,73.13351440429688
2023-05-15,396.42071533203125,90.5840072631836,187.2100067138672,73.14237976074219
2023-05-16,393.7715759277344,90.31185913085938,184.8699951171875,73.05339813232422
2023-05-17,398.551513671875,90.04851531982422,184.22999572753906,72.97327423095703
2023-05-18,402.3908996582031,89.3813705444336,181.83999633789062,72.83978271484375
2023-05-19,401.8053894042969,88.74929809570312,183.63999938964844,72.7863998413086
2023-05-22,401.9685363769531,88.43325805664062,183.2100067138672,72.75968170166016
2023-05-23,397.4573974609375,88.68782806396484,183.42999267578125,72.75076293945312
2023-05-24,394.5778503417969,88.2489242553711,181.9499969482422,72.6617660522461
2023-05-25,397.994873046875,88.02949523925781,180.1999969482422,72.50157928466797
2023-05-26,403.1491394042969,88.74055480957031,180.9199981689453,72.48377990722656
2023-05-30,403.3027038574219,89.62716674804688,182.0399932861328,72.62618255615234
2023-05-31,401.0663146972656,90.40840911865234,182.32000732421875,72.69737243652344
2023-06-01,404.8768310546875,90.76316833496094,183.75999450683594,72.81067657470703
2023-06-02,410.7318420410156,89.76850891113281,181.0500030517578,72.60548400878906
2023-06-05,409.94482421875,89.60131072998047,182.13999938964844,72.62332916259766
2023-06-06,410.8374328613281,90.12943267822266,182.33999633789062,72.58763122558594
2023-06-07,409.4168395996094,88.79157257080078,180.14999389648438,72.53409576416016
2023-06-08,411.8931884765625,89.83015441894531,182.52999877929688,72.65009307861328
2023-06-09,412.6322937011719,89.70695495605469,182.0399932861328,72.51624298095703
2023-06-12,416.37567138671875,89.97099304199219,181.8800048828125,72.57874298095703
2023-06-13,419.1207580566406,89.08202362060547,180.5399932861328,72.44490051269531
2023-06-14,419.619873046875,89.79496002197266,180.63999938964844,72.40028381347656
2023-06-15,424.8221740722656,90.65752410888672,181.91000366210938,72.55194854736328
2023-06-16,423.37518310546875,90.30545043945312,181.6300048828125,72.45380401611328
2023-06-20,421.1785583496094,90.93036651611328,179.75,72.48056030273438
2023-06-21,419.0205993652344,91.15042877197266,179.49000549316406,72.48056030273438
2023-06-22,420.5331115722656,90.05020904541016,177.7100067138672,72.40028381347656
2023-06-23,417.3538818359375,90.94798278808594,178.1999969482422,72.46273803710938
2023-06-26,415.6486511230469,91.04479217529297,178.50999450683594,72.51624298095703
2023-06-27,420.2055969238281,90.80715942382812,177.69000244140625,72.40921783447266
2023-06-28,420.41748046875,91.19442749023438,177.27999877929688,72.4894790649414
2023-06-29,422.07452392578125,89.54853820800781,177.08999633789062,72.31109619140625
2023-06-30,427.0552978515625,90.60469055175781,178.27000427246094,72.33785247802734
2023-07-03,427.54669189453125,90.09107208251953,178.47000122070312,72.25376892089844
2023-07-05,426.9108581542969,89.2349853515625,177.83999633789062,72.23582458496094
2023-07-06,423.56787109375,87.97293853759766,177.30999755859375,72.19113159179688
2023-07-07,422.4985046386719,87.44340515136719,178.63999938964844,72.27165222167969
2023-07-10,423.56787109375,87.55815887451172,178.77999877929688,72.37898254394531
2023-07-11,426.2653503417969,88.00824737548828,179.4499969482422,72.37003326416016
2023-07-12,429.6950378417969,88.9878921508789,181.8800048828125,72.58470916748047
2023-07-13,433.1054992675781,89.92337036132812,182.00999450683594,72.7904281616211
2023-07-14,432.83575439453125,89.39385986328125,181.42999267578125,72.60259246826172
2023-07-17,434.338623046875,89.43798065185547,181.55999755859375,72.62942504882812
2023-07-18,437.5660400390625,89.84396362304688,183.63999938964844,72.62942504882812
2023-07-19,438.5390930175781,90.85887145996094,183.6699981689453,72.65628051757812
2023-07-20,435.6296081542969,89.75569152832031,182.74000549316406,72.56681823730469
2023-07-21,435.6296081542969,89.78217315673828,182.17999267578125,72.57575988769531
2023-07-24,437.57568359375,89.45561981201172,181.39999389648438,72.486328125
2023-07-25,438.77020263671875,89.28795623779297,182.41000366210938,72.47737121582031
2023-07-26,438.83770751953125,89.37616729736328,183.3000030517578,72.54893493652344
2023-07-27,435.92822265625,87.63755798339844,180.4199981689453,72.44155883789062
2023-07-28,440.1961364746094,88.08767700195312,181.86000061035156,72.53999328613281
2023-07-31,441.03424072265625,88.29949188232422,182.35000610351562,72.557861328125
2023-08-01,439.7721862792969,86.85253143310547,180.4600067138672,72.49689483642578
2023-08-02,433.6545715332031,85.92329406738281,179.60000610351562,72.53275299072266
2023-08-03,432.4118347167969,83.94092559814453,179.5399932861328,72.55966186523438
2023-08-04,430.4561462402344,85.42770385742188,180.19000244140625,72.70316314697266
2023-08-07,434.2133483886719,84.58697509765625,179.77999877929688,72.73006439208984
2023-08-08,432.3250732421875,85.56929779052734,178.63999938964844,72.76593017578125
2023-08-09,429.43487548828125,86.01179504394531,177.7899932861328,72.72109985351562
2023-08-10,429.58905029296875,84.59581756591797,177.60000610351562,72.68524169921875
2023-08-11,429.3385925292969,84.401123046875,177.60000610351562,72.61347198486328
2023-08-14,431.7085266113281,84.21527099609375,177.05999755859375,72.55069732666016
2023-08-15,426.6796569824219,83.70198059082031,176.58999633789062,72.57760620117188
2023-08-16,423.5485534667969,83.04708862304688,175.57000732421875,72.54174041748047
2023-08-17,420.3211669921875,82.69308471679688,175.3000030517578,72.6224594116211
2023-08-18,420.52349853515625,82.98513793945312,175.3300018310547,72.64934539794922
2023-08-21,423.2595520019531,81.87889862060547,175.80999755859375,72.56864166259766
2023-08-22,422.1130676269531,82.50724792480469,176.10000610351562,72.53275299072266
2023-08-23,426.81451416015625,84.55155944824219,177.88999938964844,72.66728210449219
2023-08-24,420.89923095703125,83.9940414428711,177.85000610351562,72.6224594116211
2023-08-25,423.866455078125,84.26837921142578,177.6199951171875,72.57760620117188
2023-08-28,426.5543518066406,84.35686492919922,178.1300048828125,72.6224594116211
2023-08-29,432.7201232910156,85.2330093383789,179.8699951171875,72.78388977050781
2023-08-30,434.5023498535156,85.1445083618164,180.32000732421875,72.78388977050781
2023-08-31,433.8665771484375,85.52503204345703,180.02000427246094,72.85558319091797
2023-09-01,434.6758117675781,84.19271087646484,180.11000061035156,72.81604766845703
2023-09-05,432.79718017578125,83.01213836669922,178.63999938964844,72.72613525390625
2023-09-06,429.8876953125,83.2162857055664,177.8300018310547,72.64523315429688
2023-09-07,428.56793212890625,83.44706726074219,178.02000427246094,72.78006744384766
2023-09-08,429.2132873535156,83.76663208007812,178.0800018310547,72.74412536621094
2023-09-11,432.0361328125,83.16301727294922,178.41000366210938,72.7621078491211
2023-09-12,429.6661376953125,83.64234924316406,177.49000549316406,72.72613525390625
2023-09-13,430.1671142578125,83.62462615966797,177.0800018310547,72.7890625
2023-09-14,433.87615966796875,83.02102661132812,177.1699981689453,72.7710952758789
2023-09-15,428.6487121582031,82.51505279541016,178.33999633789062,72.73515319824219
2023-09-18,428.900146484375,82.98551940917969,179.38999938964844,72.72613525390625
2023-09-19,428.0106201171875,82.37305450439453,179.22000122070312,72.67219543457031
2023-09-20,424.0758056640625,82.63046264648438,179.35000610351562,72.62724304199219
2023-09-21,417.06646728515625,80.50898742675781,178.0500030517578,72.66322326660156
2023-09-22,416.128662109375,81.15696716308594,178.6199951171875,72.73515319824219
2023-09-25,417.87860107421875,79.15978240966797,177.6999969482422,72.7081527709961
2023-09-26,411.73944091796875,78.88461303710938,176.27999877929688,72.71712493896484
2023-09-27,411.9037780761719,78.47628784179688,174.10000610351562,72.66322326660156
2023-09-28,414.29180908203125,78.71595001220703,173.22999572753906,72.7890625
2023-09-29,413.286376953125,78.72484588623047,171.4499969482422,72.79808807373047
2023-10-02,413.1219787597656,77.406982421875,169.64999389648438,72.72505950927734
2023-10-03,407.59185791015625,75.7418212890625,169.16000366210938,72.67094421386719
2023-10-04,410.55999755859375,76.81036376953125,169.13999938964844,72.83322143554688
2023-10-05,410.40533447265625,76.42747497558594,168.8300018310547,72.90531921386719
2023-10-06,415.2779846191406,75.50137329101562,169.6999969482422,72.84223175048828
2023-10-09,417.9366149902344,77.27338409423828,172.82000732421875,73.05859375
2023-10-10,420.11187744140625,77.16654205322266,172.52999877929688,73.01347351074219
2023-10-11,421.8327941894531,78.77825927734375,173.7899932861328,72.9954605102539
2023-10-12,419.2611083984375,76.64117431640625,173.25999450683594,72.90531921386719
2023-10-13,417.1728210449219,78.01249694824219,178.8300018310547,72.95040893554688
2023-10-16,421.56207275390625,76.7569351196289,177.9600067138672,72.90531921386719
2023-10-17,421.542724609375,75.9110107421875,178.2899932861328,72.74305725097656
2023-10-18,415.9256591796875,75.24315643310547,180.8699951171875,72.74305725097656
2023-10-19,412.2711486816406,73.70268249511719,183.08999633789062,72.84223175048828
2023-10-20,407.2051696777344,74.12120056152344,183.58999633789062,72.95939636230469
2023-10-23,406.49932861328125,75.01163482666016,182.97000122070312,73.00447082519531
2023-10-24,409.56414794921875,76.00006103515625,182.9499969482422,72.98645782470703
2023-10-25,403.6860046386719,74.30818176269531,183.72000122070312,72.90531921386719
2023-10-26,398.85205078125,75.4479751586914,184.00999450683594,73.04957580566406
2023-10-27,397.04412841796875,75.12743377685547,186.14999389648438,73.09463500976562
2023-10-30,401.7910461425781,74.78905487060547,185.10000610351562,73.06758880615234
2023-10-31,404.314453125,74.42395782470703,184.08999633789062,73.04053497314453
2023-11-01,408.6263732910156,76.03761291503906,183.50999450683594,73.20323944091797
2023-11-02,416.4574279785156,77.77103424072266,184.1199951171875,73.21228790283203
2023-11-03,420.2569274902344,78.29822540283203,184.7899932861328,73.41117095947266
2023-11-06,421.22369384765625,77.53872680664062,183.35000610351562,73.27556610107422
2023-11-07,422.42254638671875,78.68241882324219,182.58999633789062,73.32979583740234
2023-11-08,422.7319030761719,80.022705078125,180.77000427246094,73.31173706054688
2023-11-09,419.4351501464844,78.18206024169922,181.49000549316406,73.20323944091797
2023-11-10,425.9803161621094,78.61985778808594,179.50999450683594,73.2213134765625
2023-11-13,425.5743408203125,78.44117736816406,180.50999450683594,73.24846649169922
2023-11-14,433.8307800292969,80.2192611694336,182.1199951171875,73.53772735595703
2023-11-15,434.7491760253906,79.0934066772461,181.63999938964844,73.40213012695312
2023-11-16,435.28094482421875,80.07628631591797,183.69000244140625,73.52867889404297
2023-11-17,435.82232666015625,80.45157623291016,183.6699981689453,73.47444152832031
2023-11-20,439.1771545410156,80.9429931640625,183.3699951171875,73.4834976196289
2023-11-21,438.219970703125,80.9072494506836,185.35000610351562,73.52867889404297
2023-11-22,439.9118957519531,81.19319915771484,184.55999755859375,73.53772735595703
2023-11-24,440.1825866699219,80.23711395263672,185.52000427246094,73.4834976196289
2023-11-27,439.38983154296875,81.577392578125,186.77000427246094,73.57386779785156
2023-11-28,439.8248596191406,81.73821258544922,189.25999450683594,73.70947265625
2023-11-29,439.5155334472656,82.7657470703125,189.5399932861328,73.85411071777344
2023-11-30,441.2460632324219,81.80968475341797,188.75,73.80890655517578
2023-12-01,443.8564758300781,83.35052490234375,192.00999450683594,74.0238037109375
2023-12-04,441.5263977050781,83.01886749267578,187.86000061035156,73.91500091552734
2023-12-05,441.4394226074219,84.80258178710938,187.14999389648438,74.00566864013672
2023-12-06,439.6605529785156,85.93197631835938,187.83999633789062,73.98753356933594
2023-12-07,443.0152893066406,85.43897247314453,188.14999389648438,74.04192352294922
2023-12-08,444.9198913574219,84.73983001708984,185.63999938964844,73.87874603271484
2023-12-11,446.6504821777344,84.56055450439453,183.58999633789062,73.89685821533203
2023-12-12,448.6904602050781,84.81155395507812,183.49000549316406,73.90592956542969
2023-12-13,454.8779296875,86.8013916015625,187.6300048828125,74.27767944335938
2023-12-14,456.3377990722656,89.05937194824219,188.72999572753906,74.405029296875
2023-12-15,455.58642578125,89.15827941894531,187.0,74.32315826416016
2023-12-18,458.1491394042969,88.4478988647461,187.85000610351562,74.31405639648438
2023-12-19,460.93505859375,88.92449188232422,189.1300048828125,74.34135437011719
2023-12-20,454.54779052734375,89.5269546508789,188.10000610351562,74.44141387939453
2023-12-21,458.8577575683594,88.96043395996094,189.42999267578125,74.51417541503906
2023-12-22,459.7799377441406,88.55579376220703,190.27000427246094,74.54145812988281
2023-12-26,461.7213134765625,88.8075942993164,191.72000122070312,74.50508117675781
2023-12-27,462.55615234375,90.38123321533203,192.58999633789062,74.59603118896484
2023-12-28,462.73089599609375,89.72480010986328,191.47000122070312,74.5869369506836
2023-12-29,461.3913269042969,88.91548156738281,191.1699981689453,74.6233139038086
2024-01-02,458.8092346191406,88.40293884277344,190.72000122070312,74.5323715209961
2024-01-03,455.06231689453125,88.77162170410156,189.1300048828125,74.55054473876953
2024-01-04,453.59649658203125,87.42279815673828,189.32000732421875,74.50508117675781
2024-01-05,454.2176818847656,86.58649444580078,189.35000610351562,74.48688507080078
2024-01-08,460.7021179199219,87.44075775146484,187.8699951171875,74.55054473876953
2024-01-09,460.0032043457031,86.88325500488281,187.92999267578125,74.5687484741211
2024-01-10,462.604736328125,86.47858428955078,187.5,74.5687484741211
2024-01-11,462.4009094238281,86.96414184570312,187.8699951171875,74.74156951904297
2024-01-12,462.7211608886719,86.79331970214844,189.7100067138672,74.89620971679688
2024-01-16,461.0224304199219,85.26463317871094,187.91000366210938,74.77796173095703
2024-01-17,458.4597473144531,85.12975311279297,185.83999633789062,74.6324234008789
2024-01-18,462.5367431640625,84.33842468261719,187.3699951171875,74.6688232421875
2024-01-19,468.30279541015625,84.60820770263672,187.92999267578125,74.61425018310547
2024-01-22,469.29296875,85.11176300048828,187.22000122070312,74.65061950683594
2024-01-23,470.6615905761719,84.43734741210938,187.9499969482422,74.64154052734375
2024-01-24,471.1761474609375,83.94277954101562,186.39999389648438,74.6051254272461
2024-01-25,473.73883056640625,84.4913101196289,187.13999938964844,74.74156951904297
2024-01-26,473.13702392578125,84.32942962646484,187.00999450683594,74.69610595703125
2024-01-29,476.8839416503906,85.30058288574219,188.3300018310547,74.76889038085938
2024-01-30,476.5151062011719,86.07392883300781,188.58999633789062,74.72338104248047
2024-01-31,468.73968505859375,86.91922760009766,188.4499969482422,74.85981750488281
2024-02-01,474.87457275390625,88.62422180175781,190.41000366210938,74.97113037109375
2024-02-02,479.8737487792969,86.66661834716797,188.61000061035156,74.73391723632812
2024-02-05,478.1264953613281,84.91649627685547,187.57000732421875,74.58796691894531
2024-02-06,479.51458740234375,85.74646759033203,188.5500030517578,74.70655822753906
2024-02-07,483.5140075683594,85.33147430419922,188.5,74.6791763305664
2024-02-08,483.7275085449219,84.8353042602539,188.3300018310547,74.66096496582031
2024-02-09,486.5231628417969,84.66390228271484,187.60000610351562,74.63357543945312
2024-02-12,486.30963134765625,84.76315307617188,187.11000061035156,74.64268493652344
2024-02-13,479.6116027832031,83.31073760986328,184.52999877929688,74.405517578125
2024-02-14,483.9702453613281,83.73471069335938,184.4199981689453,74.51498413085938
2024-02-15,487.3094177246094,84.16775512695312,185.66000366210938,74.58796691894531
2024-02-16,484.8826904296875,83.68058776855469,186.33999633789062,74.49674224853516
2024-02-20,482.21319580078125,83.75275421142578,187.47000122070312,74.54235076904297
2024-02-21,482.6499938964844,83.15738677978516,187.47999572753906,74.4784927368164
2024-02-22,492.638671875,83.56332397460938,187.55999755859375,74.4693603515625
2024-02-23,492.9784851074219,84.68194580078125,188.6199951171875,74.505859375
2024-02-26,491.17291259765625,84.42938232421875,188.1999969482422,74.45114135742188
2024-02-27,492.08538818359375,83.83395385742188,188.0,74.45114135742188
2024-02-28,491.4350280761719,84.3662109375,188.33999633789062,74.52410125732422
2024-02-29,493.2017517089844,84.96161651611328,189.30999755859375,74.56970977783203
2024-03-01,497.8320007324219,85.49102020263672,192.88999938964844,74.71612548828125
2024-03-04,497.2981262207031,85.14713287353516,196.00999450683594,74.64291381835938
2024-03-05,492.32806396484375,86.35977172851562,197.19000244140625,74.69780731201172
2024-03-06,494.82281494140625,86.86653900146484,198.80999755859375,74.71612548828125
2024-03-07,499.73468017578125,86.78509521484375,199.94000244140625,74.80760955810547
2024-03-08,496.735107421875,86.6312255859375,201.6300048828125,74.84420776367188
2024-03-11,496.3079833984375,86.58600616455078,202.0,74.78015899658203
2024-03-12,501.6470031738281,85.86204528808594,199.7899932861328,74.70696258544922
2024-03-13,500.86065673828125,85.44576263427734,201.19000244140625,74.67035675048828
2024-03-14,499.87054443359375,84.13359069824219,200.35000610351562,74.60633850097656
2024-03-15,496.4381103515625,84.1064224243164,199.7100067138672,74.560546875
2024-03-18,499.3885498046875,83.8530502319336,200.02999877929688,74.56970977783203
2024-03-19,502.1637268066406,84.08834075927734,199.8000030517578,74.6337661743164
2024-03-20,506.8083190917969,84.06118774414062,202.17999267578125,74.75270080566406
2024-03-21,508.4832763671875,84.24217224121094,201.97000122070312,74.75270080566406
2024-03-22,507.5192565917969,85.0475845336914,200.35000610351562,74.80760955810547
2024-03-25,506.1170959472656,84.62225341796875,200.99000549316406,74.77104187011719
2024-03-26,505.1822509765625,84.8575439453125,201.63999938964844,74.78929138183594
2024-03-27,509.42767333984375,85.69915008544922,203.10000610351562,74.87165832519531
2024-03-28,509.3303527832031,85.62673950195312,205.72000122070312,74.82592010498047
2024-04-01,508.44427490234375,84.03057098388672,207.82000732421875,74.66985321044922
2024-04-02,505.2115478515625,83.5675277709961,210.88999938964844,74.70655059814453
2024-04-03,505.7664794921875,83.54936218261719,212.74000549316406,74.76165771484375
2024-04-04,499.59307861328125,84.14862060546875,211.52000427246094,74.83507537841797
2024-04-05,504.812255859375,82.97735595703125,215.13999938964844,74.71574401855469
2024-04-08,505.0946044921875,82.96826934814453,216.47999572753906,74.64229583740234
2024-04-09,505.67889404296875,83.74003601074219,217.6699981689453,74.71574401855469
2024-04-10,500.6153869628906,81.9150619506836,215.61000061035156,74.41282653808594
2024-04-11,504.39349365234375,81.54279327392578,219.8000030517578,74.50463104248047
2024-04-12,497.4313659667969,81.97862243652344,216.88999938964844,74.55050659179688
2024-04-15,491.1994934082031,80.7074966430664,220.9499969482422,74.52296447753906
2024-04-16,490.3035888671875,80.17183685302734,221.22000122070312,74.47706604003906
2024-04-17,487.40185546875,81.06158447265625,219.58999633789062,74.53214263916016
2024-04-18,486.3989562988281,80.65303039550781,220.33999633789062,74.49542236328125
2024-04-19,482.15350341796875,80.94355010986328,221.02999877929688,74.51380157470703
2024-04-22,486.5936584472656,80.80736541748047,215.57000732421875,74.55050659179688
2024-04-23,492.3678894042969,80.83460235595703,215.0399932861328,74.6147689819336
2024-04-24,492.13421630859375,80.26258087158203,214.63999938964844,74.58723449707031
2024-04-25,490.2646484375,79.6996841430664,215.9199981689453,74.53214263916016
2024-04-26,494.90936279296875,80.11731719970703,216.6199951171875,74.55050659179688
2024-04-29,496.66204833984375,80.78919982910156,216.17999267578125,74.58723449707031
2024-04-30,488.7943420410156,80.09915924072266,211.8699951171875,74.49542236328125
2024-05-01,487.2071533203125,80.68958282470703,213.7899932861328,74.64464569091797
2024-05-02,491.7641906738281,81.03581237792969,213.1300048828125,74.75515747070312
2024-05-03,497.85980224609375,81.85582733154297,212.9600067138672,74.8748550415039
2024-05-06,503.0010986328125,82.17472076416016,215.1999969482422,74.86568450927734
2024-05-07,503.55615234375,82.67582702636719,214.2100067138672,74.8748550415039
2024-05-08,503.60479736328125,82.17472076416016,213.5800018310547,74.8564453125
2024-05-09,506.5064697265625,82.57560729980469,216.9499969482422,74.92092895507812
2024-05-10,507.15899658203125,82.11093139648438,218.7100067138672,74.8564453125
2024-05-13,507.2270812988281,82.32051086425781,216.25999450683594,74.8748550415039
2024-05-14,509.55426025390625,82.7851791381836,218.08999633789062,74.94853973388672
2024-05-15,515.8641357421875,83.91496276855469,220.88999938964844,75.08668518066406
2024-05-16,514.802734375,83.83297729492188,220.02999877929688,75.03144073486328
2024-05-17,515.5427856445312,83.26806640625,223.66000366210938,74.98540496826172
2024-05-20,516.1366577148438,83.02206420898438,224.55999755859375,74.96698760986328
2024-05-21,517.402587890625,83.45027923583984,224.22999572753906,75.00381469726562
2024-05-22,515.9127197265625,83.5505142211914,220.11000061035156,74.94853973388672
2024-05-23,512.1444702148438,83.0129623413086,215.72000122070312,74.9117202758789
2024-05-24,515.5330200195312,83.25896453857422,215.9199981689453,74.93933868408203
2024-05-28,515.8932495117188,82.06539154052734,218.19000244140625,74.8748550415039
2024-05-29,512.28076171875,81.07223510742188,216.16000366210938,74.84722137451172
2024-05-30,508.8824768066406,81.85582733154297,216.57000732421875,74.93011474609375
2024-05-31,513.5174560546875,82.41161346435547,215.3000030517578,75.03144073486328
2024-06-03,513.9360961914062,83.74457550048828,217.22000122070312,75.11643981933594
2024-06-04,514.5106201171875,84.72283172607422,215.27000427246094,75.19034576416016
2024-06-05,520.6256103515625,85.34449005126953,217.82000732421875,75.2642822265625
2024-06-06,520.6159057617188,85.21650695800781,219.42999267578125,75.27352905273438
2024-06-07,519.9829711914062,83.65316009521484,211.60000610351562,75.0794906616211
2024-06-10,521.589599609375,83.0954818725586,213.5399932861328,75.08871459960938
2024-06-11,522.8458251953125,83.95484924316406,214.14999389648438,75.17186737060547
2024-06-12,527.1399536132812,84.585693359375,214.72000122070312,75.27352905273438
2024-06-13,528.2012939453125,85.82905578613281,212.97000122070312,75.39363098144531
2024-06-14,528.5225830078125,86.55130767822266,215.72999572753906,75.4028549194336
2024-06-17,532.7291259765625,85.69192504882812,214.61000061035156,75.32893371582031
2024-06-18,534.0826416015625,86.4781494140625,215.47000122070312,75.43058013916016
2024-06-20,532.6317749023438,85.90219116210938,218.16000366210938,75.4028549194336
2024-06-21,531.917724609375,85.90219116210938,214.77999877929688,75.43058013916016
2024-06-24,530.1885986328125,86.24959564208984,215.6300048828125,75.43983459472656
2024-06-25,532.2303466796875,86.39588165283203,214.55999755859375,75.44905853271484
2024-06-26,532.8945922851562,85.16165924072266,212.5800018310547,75.37516021728516
2024-06-27,533.7346801757812,85.49991607666016,214.99000549316406,75.43058013916016
2024-06-28,531.6343994140625,83.90913391113281,215.00999450683594,75.43983459472656
2024-07-01,532.728515625,82.4609603881836,215.57000732421875,75.37492370605469
2024-07-02,536.3135986328125,83.10297393798828,215.55999755859375,75.43981170654297
2024-07-03,538.70703125,84.19436645507812,217.99000549316406,75.55106353759766
2024-07-05,541.8134765625,84.89140319824219,220.92999267578125,75.69013214111328
2024-07-08,542.4385986328125,85.07482147216797,218.19000244140625,75.68084716796875
2024-07-09,542.966064453125,84.69879913330078,218.55999755859375,75.66230010986328
2024-07-10,548.3389282226562,84.96478271484375,219.36000061035156,75.69013214111328
2024-07-11,543.6109008789062,85.79022216796875,223.25,75.86625671386719
2024-07-12,547.0396728515625,86.1570816040039,223.11000061035156,75.97749328613281
2024-07-15,548.5441284179688,85.16654968261719,223.8300018310547,75.97749328613281
2024-07-16,551.7970581054688,86.36803436279297,228.2899932861328,76.00528717041016
2024-07-17,544.060302734375,86.38636016845703,227.22999572753906,76.01455688476562
2024-07-18,539.879150390625,85.72599792480469,225.77999877929688,75.97749328613281
2024-07-19,536.2940673828125,85.22156524658203,221.72999572753906,75.94039916992188
2024-07-22,541.8231201171875,84.97395324707031,221.8000030517578,75.94967651367188
2024-07-23,540.9732666015625,84.85472869873047,222.5800018310547,75.98676300048828
2024-07-24,528.7135009765625,83.93758392333984,221.8000030517578,76.02383422851562
2024-07-25,525.958740234375,84.62544250488281,218.3300018310547,76.0331039428711
2024-07-26,531.8492431640625,85.2857894897461,220.6300048828125,76.13507843017578
2024-07-29,532.1619873046875,85.74433898925781,220.32000732421875,76.14434051513672
2024-07-30,529.4656982421875,86.07454681396484,222.52000427246094,76.17217254638672
2024-07-31,538.072021484375,86.95499420166016,226.5500030517578,76.32975006103516
2024-08-01,530.452392578125,87.70494842529297,225.77000427246094,76.46178436279297
2024-08-02,520.5762329101562,90.4379653930664,225.33999633789062,76.8896484375
2024-08-05,505.41510009765625,90.9164810180664,222.47999572753906,76.8710708618164
2024-08-06,510.0747985839844,88.8828125,220.6999969482422,76.77804565429688
2024-08-07,506.6654968261719,88.25708770751953,220.5500030517578,76.73153686523438
2024-08-08,518.3782348632812,87.71415710449219,224.00999450683594,76.6943130493164
2024-08-09,520.6641235351562,88.57915496826172,224.55999755859375,76.71293640136719
2024-08-12,520.9376831054688,88.90122985839844,228.41000366210938,76.75943756103516
2024-08-13,529.5048217773438,89.51778411865234,228.05999755859375,76.8803482055664
2024-08-14,531.17529296875,90.07908630371094,226.1999969482422,76.8710708618164
2024-08-15,540.27978515625,89.35212707519531,226.91000366210938,76.68504333496094
2024-08-16,541.4910888671875,89.66500854492188,231.99000549316406,76.76875305175781
2024-08-19,546.66845703125,90.07908630371094,231.61000061035156,76.75013732910156
2024-08-20,545.779541015625,90.79686737060547,232.4600067138672,76.86174774169922
2024-08-21,547.6552124023438,90.85208892822266,232.14999389648438,76.94544982910156
2024-08-22,543.3568725585938,89.95027160644531,229.3699951171875,76.84317016601562
2024-08-23,549.1301879882812,90.53919982910156,232.02000427246094,77.01986694335938
2024-08-26,547.8212280273438,90.30917358398438,232.75999450683594,76.98265838623047
2024-08-27,548.573486328125,90.15271759033203,233.38999938964844,77.02916717529297
2024-08-28,545.3887939453125,90.04229736328125,231.75,77.01986694335938
2024-08-29,545.4375610351562,89.74781799316406,232.9499969482422,77.01055145263672
2024-08-30,550.6443481445312,88.79081726074219,231.2899932861328,77.01055145263672
2024-09-03,539.3125610351562,90.24300384521484,230.2899932861328,77.09268951416016
2024-09-04,538.208740234375,91.40624237060547,230.42999267578125,77.26069641113281
2024-09-05,536.8997192382812,91.9232177734375,232.35000610351562,77.28870391845703
2024-09-06,527.8635864257812,91.91399383544922,230.6300048828125,77.42869567871094
2024-09-09,533.7737426757812,92.31097412109375,231.60000610351562,77.43804168701172
2024-09-10,536.0986938476562,92.95721435546875,232.6199951171875,77.5500259399414
2024-09-11,541.5985107421875,92.88335418701172,232.25,77.48469543457031
2024-09-12,546.1604614257812,92.449462890625,236.3300018310547,77.4940185546875
2024-09-13,549.0130004882812,92.69873046875,238.67999267578125,77.60602569580078
2024-09-16,549.8237915039062,93.5480728149414,238.66000366210938,77.65269470214844
2024-09-17,550.0484619140625,93.09569549560547,237.33999633789062,77.59669494628906
2024-09-18,548.4171142578125,91.94169616699219,235.50999450683594,77.5687026977539
2024-09-19,557.7755126953125,91.63703155517578,239.1699981689453,77.63402557373047
2024-09-20,556.8113403320312,91.28620147705078,242.2100067138672,77.6620101928711
2024-09-23,558.2026977539062,91.09235382080078,242.67999267578125,77.6620101928711
2024-09-24,559.7998657226562,91.07389068603516,246.07000732421875,77.73668670654297
2024-09-25,558.5652465820312,90.3168716430664,245.72999572753906,77.67134094238281
2024-09-26,560.77978515625,90.5291976928711,246.97999572753906,77.59669494628906
2024-09-27,559.9664916992188,91.0000228881836,245.02000427246094,77.718017578125
2024-09-30,562.2105102539062,90.56611633300781,243.05999755859375,77.60602569580078
2024-10-01,557.1738891601562,91.22001647949219,245.61000061035156,77.65567016601562
2024-10-02,557.4089965820312,90.4512710571289,245.66000366210938,77.63691711425781
2024-10-03,556.3900756835938,89.59918975830078,245.49000549316406,77.53392028808594
2024-10-04,561.446044921875,88.49703979492188,245.0,77.27174377441406
2024-10-07,556.3704223632812,87.83016967773438,244.1699981689453,77.16871643066406
2024-10-08,561.6322631835938,87.97835540771484,242.3699951171875,77.2342758178711
2024-10-09,565.5223999023438,87.47821044921875,241.0500030517578,77.15935516357422
2024-10-10,564.5327758789062,87.1355209350586,242.82000732421875,77.22490692138672
2024-10-11,567.913330078125,86.78358459472656,245.47000122070312,77.29045867919922
2024-10-14,572.5579833984375,86.8484115600586,245.07000732421875,77.25298309326172
2024-10-15,568.1093139648438,87.90426635742188,245.9199981689453,77.29045867919922
2024-10-16,570.5784912109375,88.27472686767578,247.14999389648438,77.33726501464844
2024-10-17,570.6275024414062,86.87621307373047,248.6300048828125,77.27174377441406
2024-10-18,572.822509765625,86.94104766845703,251.27000427246094,77.33726501464844
2024-10-21,571.8817749023438,85.42210388183594,251.22000122070312,77.22490692138672
2024-10-22,571.5780029296875,85.50546264648438,253.92999267578125,77.21553802490234
2024-10-23,566.355224609375,85.2739028930664,250.8699951171875,77.16871643066406
2024-10-24,567.5801391601562,85.82034301757812,252.8000030517578,77.20619201660156
2024-10-25,567.3842163085938,85.3387222290039,253.32000732421875,77.17808532714844
2024-10-28,569.1381225585938,85.10716247558594,253.3300018310547,77.14063262939453
2024-10-29,570.0592041015625,85.23685455322266,256.0899963378906,77.16871643066406
2024-10-30,568.334716796875,85.48693084716797,257.5,77.10319519042969
2024-10-31,557.1934814453125,85.62583923339844,253.50999450683594,77.12191009521484
2024-11-01,559.545166015625,84.4186782836914,252.47000122070312,77.09654998779297
2024-11-04,558.3399047851562,85.72898864746094,252.8300018310547,77.15290832519531
2024-11-05,565.09130859375,86.18435668945312,253.39999389648438,77.13410949707031
2024-11-06,579.1425170898438,83.82392120361328,245.6999969482422,77.04014587402344
2024-11-07,583.6205444335938,84.8740463256836,249.64999389648438,77.17170715332031
2024-11-08,586.148681640625,85.95201110839844,247.9600067138672,77.11534118652344
2024-11-11,586.7071533203125,85.53385925292969,242.13999938964844,77.05894470214844
2024-11-12,584.8847045898438,84.25139617919922,240.0500030517578,76.98379516601562
2024-11-13,585.1688232421875,83.45219421386719,237.6300048828125,77.09654998779297
2024-11-14,581.4061279296875,83.9354248046875,237.00999450683594,76.98379516601562
2024-11-15,573.9591064453125,83.71239471435547,236.58999633789062,77.06835174560547
2024-11-18,576.3108520507812,83.861083984375,241.08999633789062,77.12472534179688
2024-11-19,578.41748046875,84.28856658935547,243.25,77.12472534179688
2024-11-20,578.613525390625,84.0190658569336,244.6199951171875,77.08712768554688
2024-11-21,581.7196044921875,83.95401000976562,246.66000366210938,77.06835174560547
2024-11-22,583.5226440429688,84.00048828125,249.83999633789062,77.05894470214844
2024-11-25,585.5020141601562,86.17510223388672,242.47999572753906,77.20928192138672
2024-11-26,588.5591430664062,85.84052276611328,242.9499969482422,77.20928192138672
2024-11-27,586.7758178710938,86.43528747558594,243.49000549316406,77.25628662109375
2024-11-29,590.4208984375,87.32743072509766,245.58999633789062,77.3502426147461
2024-12-02,591.4791870117188,87.53724670410156,243.44000244140625,77.34552764892578
2024-12-03,591.7535400390625,86.78186798095703,243.92999267578125,77.3549575805664
2024-12-04,595.427978515625,87.71443176269531,244.6699981689453,77.43978881835938
2024-12-05,594.4481811523438,87.8916015625,242.86000061035156,77.43978881835938
2024-12-06,595.5750122070312,88.02215576171875,242.9499969482422,77.51520538330078
2024-12-09,592.5079345703125,87.21086120605469,245.36000061035156,77.4869155883789
2024-12-10,590.6658325195312,86.80054473876953,248.58999633789062,77.47747802734375
2024-12-11,595.2320556640625,85.97989654541016,250.9600067138672,77.45864868164062
2024-12-12,592.1650390625,84.93547058105469,247.27999877929688,77.42093658447266
2024-12-13,592.0475463867188,84.06820678710938,244.2899932861328,77.38323211669922
2024-12-16,594.5755615234375,84.31999969482422,244.8800048828125,77.39266204833984
2024-12-17,592.1258544921875,84.525146484375,243.94000244140625,77.4020767211914
2024-12-18,574.4784545898438,83.46822357177734,239.25999450683594,77.26018524169922
2024-12-19,574.3020629882812,82.20439910888672,239.60000610351562,77.3453369140625
2024-12-20,581.2000122070312,82.67247772216797,242.10000610351562,77.35479736328125
2024-12-23,584.6802978515625,81.91417694091797,240.9600067138672,77.3074951171875
2024-12-24,591.1790771484375,82.26057434082031,241.44000244140625,77.3453369140625
2024-12-26,591.2184448242188,82.21377563476562,243.07000732421875,77.36425018310547
2024-12-27,584.9949340820312,81.53974151611328,241.39999389648438,77.3831558227539
2024-12-30,578.3192749023438,82.19502258300781,240.6300048828125,77.4966812133789
2024-12-31,576.2152709960938,81.75504302978516,242.1300048828125,77.54396057128906
2025-01-02,574.7994384765625,81.97975158691406,245.4199981689453,77.52505493164062
2025-01-03,581.9864501953125,81.71759033203125,243.49000549316406,77.52505493164062
2025-01-06,585.3390502929688,81.35249328613281,243.19000244140625,77.54396057128906
2025-01-07,578.7223510742188,80.43504333496094,244.55999755859375,77.4966812133789
2025-01-08,579.56787109375,80.53804779052734,245.86000061035156,77.54396057128906
2025-01-10,570.7193603515625,80.00442504882812,248.2100067138672,77.4020767211914
2025-01-13,571.6043090820312,79.97633361816406,245.74000549316406,77.42100524902344
2025-01-14,572.3907470703125,79.84526824951172,247.02999877929688,77.43991088867188
2025-01-15,582.8025512695312,81.22144317626953,248.8800048828125,77.61018371582031
2025-01-16,581.6817016601562,81.48355865478516,250.60000610351562,77.657470703125
2025-01-17,587.5216674804688,81.62398529052734,249.27000427246094,77.63855743408203
2025-01-21,592.899658203125,82.35420227050781,253.1300048828125,77.66692352294922
2025-01-22,596.2326049804688,81.92355346679688,254.42999267578125,77.64801025390625
2025-01-23,599.48681640625,81.2869644165039,254.07000732421875,77.64801025390625
2025-01-24,597.7367553710938,81.65205383300781,255.64999389648438,77.69529724121094
2025-01-27,589.2815551757812,82.61631774902344,252.99000549316406,77.80882263183594
2025-01-28,594.3449096679688,82.56014251708984,255.17999267578125,77.82772064208984
2025-01-29,591.6805419921875,82.3916244506836,254.1999969482422,77.78043365478516
2025-01-30,594.8561401367188,82.7005844116211,258.04998779296875,77.82772064208984
2025-01-31,591.6903686523438,82.15758514404297,258.55999755859375,77.83717346191406
2025-02-03,587.70849609375,82.82652282714844,259.94000244140625,77.78309631347656
2025-02-04,591.651123046875,83.0801773071289,262.5,77.85901641845703
2025-02-05,594.0499267578125,84.45186614990234,264.1300048828125,77.90646362304688
2025-02-06,596.1146240234375,84.4142837524414,263.42999267578125,77.87799835205078
2025-02-07,590.6580810546875,83.8693618774414,263.8999938964844,77.79259490966797
2025-02-10,594.6693725585938,83.61571502685547,268.3699951171875,77.83055114746094
2025-02-11,595.12158203125,83.0801773071289,267.3900146484375,77.81156921386719
2025-02-12,593.2044067382812,81.95279693603516,267.6700134277344,77.7071762084961
2025-02-13,599.4671630859375,83.3150634765625,270.30999755859375,77.81156921386719
2025-02-14,599.4376831054688,83.75663757324219,266.2900085449219,77.91596221923828
2025-02-18,601.1975708007812,82.77015686035156,270.70001220703125,77.84953308105469
2025-02-19,602.61328125,82.87348937988281,270.8500061035156,77.90646362304688
2025-02-20,600.1062622070312,83.18353271484375,270.989990234375,77.91596221923828
2025-02-21,589.8421020507812,84.1888198852539,270.739990234375,78.0488052368164
2025-02-24,587.1580200195312,84.43306732177734,272.2099914550781,78.10575866699219
2025-02-25,584.2379150390625,85.8892822265625,268.6199951171875,78.21016693115234
2025-02-26,584.5328979492188,86.39663696289062,269.0299987792969,78.23863220214844
2025-02-27,575.2025146484375,85.78593444824219,264.92999267578125,78.2671127319336
2025-02-28,584.178955078125,86.83820343017578,263.2699890136719,78.40946197509766
2025-03-03,573.9441528320312,87.24345397949219,266.739990234375,78.45989990234375
2025-03-04,567.1504516601562,86.16905975341797,269.05999755859375,78.46942138671875
2025-03-05,573.24609375,85.48104095458984,269.6199951171875,78.38375854492188
2025-03-06,563.0702514648438,85.19831085205078,268.25,78.43135070800781
2025-03-07,566.2262573242188,84.92501068115234,268.3900146484375,78.42182922363281
2025-03-10,551.14453125,85.8109130859375,266.0400085449219,78.56464385986328
2025-03-11,546.5629272460938,85.19831085205078,269.1600036621094,78.51702880859375
2025-03-12,549.4632568359375,84.68939208984375,270.3299865722656,78.45989990234375
2025-03-13,542.1386108398438,85.43392181396484,275.1300048828125,78.51702880859375
2025-03-14,553.3369750976562,84.9815444946289,275.239990234375,78.45989990234375
2025-03-17,557.6038818359375,85.4056625366211,276.7300109863281,78.43135070800781
2025-03-18,551.5770874023438,85.490478515625,279.9599914550781,78.43135070800781
2025-03-19,557.584228515625,85.93343353271484,281.1099853515625,78.54558563232422
2025-03-20,555.9718627929688,85.98999786376953,280.75,78.56464385986328
2025-03-21,556.1552734375,85.48104095458984,278.489990234375,78.61225128173828
2025-03-24,566.1151123046875,84.60456085205078,277.25,78.50750732421875
2025-03-25,567.47607421875,84.59514617919922,278.4700012207031,78.53607177734375
2025-03-26,560.7012939453125,84.03907775878906,278.239990234375,78.51702880859375
2025-03-27,559.212158203125,83.79405975341797,281.9700012207031,78.55513000488281
2025-03-28,547.95068359375,84.95327758789062,284.05999755859375,78.69789123535156
2025-03-31,551.6289672851562,85.79206848144531,288.1400146484375,78.75502014160156
2025-04-01,553.18701171875,86.53547668457031,287.57000732421875,78.7836685180664
2025-04-02,556.687744140625,86.478759765625,288.1600036621094,78.72634887695312
2025-04-03,529.2537841796875,86.8759994506836,286.4200134277344,79.02247619628906
2025-04-04,498.26971435546875,87.82183837890625,279.7200012207031,78.97472381591797
2025-04-07,497.3821716308594,85.17347717285156,273.7099914550781,78.98426818847656
2025-04-08,489.591796875,83.56554412841797,275.20001220703125,78.93651580810547
2025-04-09,541.0084228515625,84.05738830566406,285.3800048828125,78.88874816894531
2025-04-10,517.3019409179688,81.74004364013672,292.3500061035156,78.87921905517578
2025-04-11,526.5321044921875,82.18461608886719,297.92999267578125,78.73590850830078
2025-04-14,531.6401977539062,82.77104187011719,296.2300109863281,78.90784454345703
2025-04-15,530.151123046875,83.06425476074219,297.7799987792969,78.90784454345703
2025-04-16,518.366943359375,83.52770233154297,307.4700012207031,79.01292419433594
2025-04-17,519.1065063476562,82.78995513916016,306.1199951171875,79.04156494140625
2025-04-21,506.7503662109375,81.34280395507812,315.5899963378906,78.99381256103516
2025-04-22,519.9349365234375,81.79682159423828,311.1099853515625,79.02247619628906
2025-04-23,527.991455078125,82.59133911132812,303.6499938964844,78.96515655517578
2025-04-24,539.1051635742188,83.46149444580078,308.07000732421875,79.06068420410156
2025-04-25,543.0003662109375,84.07630157470703,304.7300109863281,79.12753295898438
2025-04-28,543.2074584960938,84.60597229003906,309.07000732421875,79.24214935302734
2025-04-29,546.6293334960938,85.31535339355469,306.05999755859375,79.28992462158203
2025-04-30,546.8462524414062,84.62490844726562,303.7699890136719,79.3949966430664
2025-05-01,550.7216796875,84.19581604003906,297.4599914550781,79.23114776611328
2025-05-02,558.896728515625,83.2844467163086,297.9800109863281,79.07784271240234
2025-05-05,555.6917724609375,82.81925201416016,306.8800048828125,79.0682601928711
2025-05-06,551.0471801757812,83.0945816040039,315.4800109863281,79.13532257080078
2025-05-07,553.3645629882812,83.44583129882812,310.75,79.16407775878906
2025-05-08,557.2203369140625,82.51549530029297,304.6300048828125,79.00119018554688
2025-05-09,556.5103149414062,82.638916015625,306.8399963378906,79.03949737548828
2025-05-12,574.9015502929688,81.86995697021484,298.19000244140625,78.89579010009766
2025-05-13,578.6980590820312,81.53768157958984,299.4599914550781,78.87661743164062
2025-05-14,579.4376831054688,80.99657440185547,293.1600036621094,78.81914520263672
2025-05-15,582.267822265625,81.70855712890625,297.8399963378906,78.97241973876953
2025-05-16,585.9559936523438,81.9269027709961,294.239990234375,78.95327758789062
2025-05-19,586.5969848632812,81.68959045410156,298.0299987792969,78.98201751708984
2025-05-20,584.6246948242188,81.10099029541016,303.5799865722656,78.9916000366211
2025-05-21,574.7733154296875,79.71498107910156,305.82000732421875,78.94369506835938
2025-05-22,575.0001220703125,80.1326904296875,303.1099853515625,78.9916000366211
2025-05-23,571.0753784179688,80.26557159423828,309.75,79.03949737548828
2025-05-27,582.9483642578125,81.38580322265625,304.5,79.0682601928711
2025-05-28,579.57568359375,81.03453826904297,303.80999755859375,79.01077270507812
2025-05-29,581.863525390625,81.78450775146484,305.6099853515625,79.09700012207031
2025-05-30,581.2128295898438,81.90791320800781,303.6000061035156,79.19281768798828
2025-06-02,584.4866943359375,81.14562225341797,311.6700134277344,79.12744903564453
2025-06-03,587.8197631835938,81.00270080566406,308.9100036621094,79.10820770263672
2025-06-04,587.6619873046875,82.31765747070312,310.8999938964844,79.2524185180664
2025-06-05,584.8218994140625,82.37482452392578,309.3299865722656,79.16587829589844
2025-06-06,590.8274536132812,81.3266830444336,305.17999267578125,79.03131103515625
2025-06-09,591.3599243164062,81.41243743896484,306.6199951171875,79.0889892578125
2025-06-10,594.712890625,81.8316879272461,306.7099914550781,79.0889892578125
2025-06-11,593.0166625976562,82.0794448852539,308.3699951171875,79.2139663696289
2025-06-12,595.3734741210938,83.06087493896484,312.20001220703125,79.28125762939453
2025-06-13,588.7171020507812,82.2604751586914,316.2900085449219,79.22359466552734
2025-06-16,594.318359375,81.43150329589844,311.7799987792969,79.2139663696289
2025-06-17,589.2398071289062,82.42247009277344,311.94000244140625,79.2524185180664
2025-06-18,589.1510009765625,82.56537628173828,310.260009765625,79.2908706665039
2025-06-20,587.7673950195312,82.41293334960938,310.1300048828125,79.34855651855469
2025-06-23,593.5730590820312,82.67973327636719,311.0799865722656,79.45429992675781
2025-06-24,600.13037109375,83.28003692626953,306.19000244140625,79.52159881591797
2025-06-25,600.4666748046875,83.38485717773438,307.1199951171875,79.53121948242188
2025-06-26,605.1646118164062,83.80411529541016,306.7799987792969,79.62734985351562
2025-06-27,608.1712646484375,83.27051544189453,301.2200012207031,79.59850311279297
2025-06-30,611.0791015625,84.08995819091797,304.8299865722656,79.65618133544922
2025-07-01,610.8812866210938,84.2984619140625,307.54998779296875,79.5732421875
2025-07-02,613.6505737304688,83.76287078857422,309.25,79.56359100341797
2025-07-03,618.4869995117188,83.17945861816406,307.1400146484375,79.476806640625
2025-07-07,613.8780517578125,82.3856430053711,307.3699951171875,79.45751190185547
2025-07-08,613.5418090820312,82.28043365478516,304.1600036621094,79.46715545654297
2025-07-09,617.2210083007812,83.14120483398438,305.5199890136719,79.53466796875
2025-07-10,618.9617309570312,83.19859313964844,306.20001220703125,79.53466796875
2025-07-11,616.7858276367188,82.05088806152344,309.1400146484375,79.51537322998047
2025-07-14,617.9627075195312,81.87874603271484,308.010009765625,79.52501678466797
2025-07-15,615.3220825195312,81.30490112304688,306.7300109863281,79.44786834716797
2025-07-16,617.3792114257812,81.41966247558594,308.260009765625,79.55394744873047
2025-07-17,621.1574096679688,81.40052795410156,307.5899963378906,79.52501678466797
2025-07-18,620.7024536132812,81.52487182617188,308.3900146484375,79.59251403808594
2025-07-21,621.87939453125,82.2517318725586,313.1300048828125,79.6407470703125
2025-07-22,621.9683837890625,82.74907684326172,316.1000061035156,79.69860076904297
2025-07-23,627.2598266601562,82.29000091552734,312.17999267578125,79.631103515625
2025-07-24,627.4674682617188,82.14652252197266,310.2699890136719,79.56359100341797
2025-07-25,630.1181030273438,82.66300201416016,307.3999938964844,79.61182403564453
2025-07-28,629.9598999023438,82.1274185180664,305.4100036621094,79.6021728515625
2025-07-29,628.2982177734375,83.51420593261719,306.25,79.66969299316406
2025-07-30,627.507080078125,83.08382415771484,300.9599914550781,79.58287811279297
2025-07-31,625.1531982421875,83.13165283203125,302.9599914550781,79.58287811279297
2025-08-01,614.9065551757812,84.31348419189453,309.1099853515625,79.9795913696289
2025-08-04,624.2530517578125,84.54389953613281,310.9100036621094,79.99894714355469
2025-08-05,621.0880737304688,84.80313110351562,311.1600036621094,79.96990966796875
2025-08-06,625.845458984375,84.31348419189453,310.5,79.99894714355469
2025-08-07,625.3212280273438,84.16947174072266,313.1199951171875,79.96023559570312
2025-08-08,630.1972045898438,83.80464935302734,313.04998779296875,79.94087982177734
2025-08-11,628.9510498046875,83.9006576538086,308.54998779296875,79.94087982177734
2025-08-12,635.6469116210938,83.47823333740234,308.2699890136719,79.99894714355469
2025-08-13,637.82275390625,84.16947174072266,309.2099914550781,80.1053695678711
2025-08-14,637.882080078125,83.54541015625,307.25,80.0182876586914
2025-08-15,636.388671875,82.95018005371094,307.42999267578125,79.98927307128906
2025-08-18,636.2501220703125,82.71016693115234,306.95001220703125,79.98927307128906
2025-08-19,632.7984008789062,83.1902084350586,305.2699890136719,80.0279769897461
2025-08-20,631.1170043945312,83.37261962890625,308.3599853515625,80.0570068359375
2025-08-21,628.5850830078125,82.95978546142578,307.2900085449219,79.98927307128906
2025-08-22,638.2382202148438,83.57425689697266,310.5799865722656,80.1634292602539
2025-08-25,635.42919921875,83.33422088623047,309.8299865722656,80.12474060058594
2025-08-26,638.0897827148438,83.28621673583984,312.0799865722656,80.19245147705078
2025-08-27,639.5436401367188,83.1902084350586,312.7099914550781,80.25051879882812
2025-08-28,641.8085327148438,83.7374496459961,315.0299987792969,80.22148132324219
2025-08-29,637.98095703125,83.14219665527344,318.07000732421875,80.28923034667969
2025-09-02,633.2533569335938,82.52349090576172,325.5899963378906,80.24844360351562
2025-09-03,636.685302734375,83.42938232421875,328.1400146484375,80.30667877197266
2025-09-04,642.00634765625,84.0654525756836,326.69000244140625,80.36492919921875
2025-09-05,640.14697265625,85.3471908569336,331.04998779296875,80.48139953613281
2025-09-08,641.7195434570312,86.48439025878906,334.82000732421875,80.52992248535156
2025-09-09,643.203125,85.99288940429688,334.05999755859375,80.46198272705078
2025-09-10,645.0625610351562,86.48439025878906,335.260009765625,80.47168731689453
2025-09-11,650.4231567382812,87.06261444091797,334.760009765625,80.50080871582031
2025-09-12,650.2055053710938,86.686767578125,335.4200134277344,80.49109649658203
2025-09-15,653.6671142578125,86.88915252685547,338.9100036621094,80.52021026611328
2025-09-16,652.7671508789062,87.072265625,339.5899963378906,80.55904388427734
2025-09-17,651.9561767578125,86.85060119628906,336.9700012207031,80.52021026611328
2025-09-18,655.0023803710938,85.95433807373047,335.6199951171875,80.49109649658203
2025-09-19,658.2465209960938,85.79049682617188,339.17999267578125,80.52021026611328
2025-09-22,661.3607177734375,85.48210906982422,345.04998779296875,80.48139953613281
2025-09-23,657.7606201171875,86.07962799072266,346.4599914550781,80.51050567626953
2025-09-24,655.6678466796875,85.75196838378906,343.32000732421875,80.47168731689453
2025-09-25,652.6429443359375,85.75196838378906,344.75,80.40373229980469
2025-09-26,656.3820190429688,85.67486572265625,346.739990234375,80.4522705078125
2025-09-29,658.2266845703125,86.37837219238281,352.4599914550781,80.48139953613281
2025-09-30,660.7061157226562,86.12781524658203,355.4700012207031,80.52021026611328
2025-10-01,662.95751953125,86.3502426147461,356.0299987792969,80.61369323730469
2025-10-02,663.7210693359375,86.6016845703125,354.7900085449219,80.6331558227539
2025-10-03,663.7112426757812,86.43727111816406,357.6400146484375,80.60393524169922
2025-10-06,666.0914916992188,85.75064849853516,364.3800048828125,80.58446502685547
2025-10-07,663.6219482421875,86.24386596679688,366.260009765625,80.62342071533203
2025-10-08,667.5791625976562,86.31155395507812,372.29998779296875,80.61369323730469
2025-10-09,665.6452026367188,86.24386596679688,365.42999267578125,80.60393524169922
2025-10-10,647.6542358398438,87.63644409179688,369.1199951171875,80.74024963378906
2025-10-13,657.5919189453125,87.58809661865234,378.0899963378906,80.89601135253906
2025-10-14,656.78857421875,87.86854553222656,380.7900085449219,80.83761596679688
2025-10-15,659.7044677734375,87.67514038085938,387.3900146484375,80.79867553710938
2025-10-16,655.211669921875,88.3327407836914,396.45001220703125,80.90574645996094
2025-10-17,658.9308471679688,88.19734954833984,388.989990234375,80.89601135253906
2025-10-20,665.7840576171875,88.53584289550781,403.1499938964844,80.90574645996094
2025-10-21,665.7740478515625,88.97100830078125,377.239990234375,80.92523193359375
2025-10-22,662.3128051757812,89.0290298461914,377.2799987792969,80.92523193359375
2025-10-23,666.2402954101562,88.41978454589844,378.7900085449219,80.86681365966797
2025-10-24,671.6851806640625,88.45846557617188,377.5199890136719,80.91548919677734
2025-10-27,679.6094970703125,88.75826263427734,367.010009765625,80.89601135253906
2025-10-28,681.41455078125,88.99036407470703,364.3800048828125,80.90574645996094
2025-10-29,681.7418212890625,88.09098052978516,363.0,80.74999237060547
2025-10-30,674.2439575195312,87.57841491699219,370.1300048828125,80.75971221923828
2025-10-31,676.4556274414062,87.31730651855469,368.1199951171875,80.7889404296875
2025-11-03,677.7251586914062,87.09893798828125,368.7799987792969,80.79186248779297
2025-11-04,669.6917114257812,87.29304504394531,362.32000732421875,80.82115173339844
2025-11-05,672.012451171875,86.34190368652344,366.510009765625,80.76255798339844
2025-11-06,664.8021850585938,87.11835479736328,366.07000732421875,80.86021423339844
2025-11-07,665.4567260742188,86.93394470214844,368.30999755859375,80.8992919921875
2025-11-10,675.8407592773438,86.91454315185547,378.3800048828125,80.8797607421875
2025-11-11,677.3878784179688,87.31246185302734,379.8699951171875,80.9481201171875
2025-11-12,677.7647705078125,87.46775817871094,385.989990234375,80.91883087158203
2025-11-13,666.5179443359375,86.7495346069336,382.8699951171875,80.87000274658203
2025-11-14,666.408935546875,86.2545394897461,375.9599914550781,80.8992919921875
2025-11-17,660.2003173828125,86.46806335449219,371.6499938964844,80.8895263671875
2025-11-18,654.6563110351562,86.43894958496094,374.3500061035156,80.93836212158203
2025-11-19,657.1853637695312,86.26424407958984,374.9599914550781,80.92859649658203
2025-11-20,647.1683349609375,86.60395050048828,374.8500061035156,80.99696350097656
2025-11-21,653.6149291992188,86.86599731445312,374.2699890136719,81.09463500976562
2025-11-24,663.235107421875,87.3609848022461,380.20001220703125,81.10440063476562
2025-11-25,669.4734497070312,87.58422088623047,380.0799865722656,81.1532211303711
2025-11-26,674.09521484375,87.97245788574219,383.1199951171875,81.14346313476562
2025-11-28,677.7747192382812,87.55509948730469,387.8800048828125,81.14346313476562
2025-12-01,674.6803588867188,86.46514892578125,389.75,81.07391357421875
2025-12-02,675.9300537109375,86.50411987304688,387.239990234375,81.12289428710938
2025-12-03,678.2706298828125,86.74763488769531,386.8800048828125,81.17188262939453
2025-12-04,678.7664794921875,86.28009033203125,387.1300048828125,81.11309814453125
2025-12-05,680.0557861328125,85.8807373046875,386.44000244140625,81.08370208740234
2025-12-08,678.0127563476562,85.5982666015625,385.4200134277344,81.0641098022461
2025-12-09,677.427490234375,85.68592834472656,387.3999938964844,81.02491760253906
2025-12-10,681.92041015625,86.01708984375,389.04998779296875,81.1620864868164
2025-12-11,683.5072021484375,85.90021514892578,393.239990234375,81.17188262939453
2025-12-12,676.1580810546875,85.07227325439453,395.44000244140625,81.18167877197266
2025-12-15,675.1365356445312,85.1307373046875,395.79998779296875,81.23065185546875
2025-12-16,673.2918701171875,85.5982666015625,395.8900146484375,81.26983642578125
2025-12-17,665.8832397460938,85.52033996582031,399.2900085449219,81.27962493896484
2025-12-18,670.9114990234375,85.929443359375,398.57000732421875,81.33840942382812
2025-12-19,676.9923095703125,85.60871887207031,399.0199890136719,81.32367706298828
2025-12-22,681.2098999023438,85.42292022705078,408.2300109863281,81.28436279296875
2025-12-23,684.3233032226562,85.55982971191406,413.6400146484375,81.24506378173828
2025-12-24,686.7305297851562,86.07806396484375,411.92999267578125,81.29420471191406
2025-12-26,686.660888671875,85.79449462890625,416.739990234375,81.3531494140625
2025-12-29,684.2138671875,86.1171875,398.6000061035156,81.3924560546875
2025-12-30,683.3783569335938,85.91183471679688,398.8900146484375,81.412109375
2025-12-31,678.3152465820312,85.22736358642578,396.30999755859375,81.38262939453125
