date,rf_daily
2004-11-01,7.468253847152468e-05
2004-11-02,7.710317297587319e-05
2004-11-03,7.611111042991518e-05
2004-11-04,7.686508080315969e-05
2004-11-05,7.865079338588412e-05
2004-11-08,7.94444481531779e-05
2004-11-09,8.083333098699176e-05
2004-11-10,8.051587475670708e-05
2004-11-11,8.051587475670708e-05
2004-11-12,8.079365132346986e-05
2004-11-15,8.162698102375818e-05
2004-11-16,8.297619365510486e-05
2004-11-17,8.253967951214503e-05
2004-11-18,8.28174560789078e-05
2004-11-19,8.317460143376911e-05
2004-11-22,8.42063483737764e-05
2004-11-23,8.468254218025813e-05
2004-11-24,8.46031733921596e-05
2004-11-26,8.539682342892602e-05
2004-11-29,8.559524066864498e-05
2004-11-30,8.658729848407565e-05
2004-12-01,8.619047346569243e-05
2004-12-02,8.619047346569243e-05
2004-12-03,8.599206568702819e-05
2004-12-06,8.666666727217417e-05
2004-12-07,8.738094852084206e-05
2004-12-08,8.718254074217781e-05
2004-12-09,8.718254074217781e-05
2004-12-10,8.734126885732016e-05
2004-12-13,8.64682500324552e-05
2004-12-14,8.638889070541139e-05
2004-12-15,8.599206568702819e-05
2004-12-16,8.551587188054645e-05
2004-12-17,8.539682342892602e-05
2004-12-20,8.563492033216688e-05
2004-12-21,8.619047346569243e-05
2004-12-22,8.519841565026177e-05
2004-12-23,8.519841565026177e-05
2004-12-27,8.658729848407565e-05
2004-12-28,8.773809387570336e-05
2004-12-29,8.658729848407565e-05
2004-12-30,8.611111413864862e-05
2004-12-31,8.658729848407565e-05
2005-01-03,8.746031730894059e-05
2005-01-04,9.095238314734564e-05
2005-01-05,9.055555812896244e-05
2005-01-06,8.996031587086026e-05
2005-01-07,9.035714088924347e-05
2005-01-10,9.019841277410113e-05
2005-01-11,9.134920816572886e-05
2005-01-12,9.095238314734564e-05
2005-01-13,9.134920816572886e-05
2005-01-14,9.206348941439675e-05
2005-01-18,9.134920816572886e-05
2005-01-19,9.23412659811595e-05
2005-01-20,9.154761594439309e-05
2005-01-21,9.134920816572886e-05
2005-01-24,9.130952850220695e-05
2005-01-25,9.36904786125062e-05
2005-01-26,9.384920672764854e-05
2005-01-27,9.472222555251348e-05
2005-01-28,9.55158755892799e-05
2005-01-31,9.611110838632734e-05
2005-02-01,9.769840845986017e-05
2005-02-02,9.753968034471785e-05
2005-02-03,9.650793340471055e-05
2005-02-04,9.611110838632734e-05
2005-02-07,9.670635064442953e-05
2005-02-08,9.781745691148062e-05
2005-02-09,9.789682569957914e-05
2005-02-10,9.789682569957914e-05
2005-02-11,9.896825230310834e-05
2005-02-14,9.849206795768133e-05
2005-02-15,0.00010047619304959736
2005-02-16,0.00010027777580987839
2005-02-17,0.00010027777580987839
2005-02-18,0.00010126984308636378
2005-02-22,0.0001021031727866521
2005-02-23,0.00010416666666666666
2005-02-24,0.00010464286047314841
2005-02-25,0.0001061507917585827
2005-02-28,0.00010674603401668488
2005-03-01,0.00010682539334372869
2005-03-02,0.00010623016054668125
2005-03-03,0.00010682539334372869
2005-03-04,0.00010682539334372869
2005-03-07,0.00010623016054668125
2005-03-08,0.00010682539334372869
2005-03-09,0.00010682539334372869
2005-03-10,0.00010662698556506445
2005-03-11,0.00010682539334372869
2005-03-14,0.0001076190433804951
2005-03-15,0.0001086111106569805
2005-03-16,0.00010841270287831624
2005-03-17,0.00010821428563859728
2005-03-18,0.00010880952789669945
2005-03-21,0.00010940476069374691
2005-03-22,0.00011119047800699869
2005-03-23,0.00010956348880888923
2005-03-24,0.00010992063416375054
2005-03-28,0.00011000000295184907
2005-03-29,0.00011000000295184907
2005-03-30,0.00010960317793346585
2005-03-31,0.00010801586839887831
2005-04-01,0.00010821428563859728
2005-04-04,0.00010666666522858635
2005-04-05,0.00010825396530211918
2005-04-06,0.00010722221836211189
2005-04-07,0.0001071428590350681
2005-04-08,0.0001076190433804951
2005-04-11,0.00010702381058344766
2005-04-12,0.00010742063560183086
2005-04-13,0.00010781746062021408
2005-04-14,0.0001076190433804951
2005-04-15,0.00010809523718697683
2005-04-18,0.0001115873030253819
2005-04-19,0.00011297618585919577
2005-04-20,0.00011138888578566294
2005-04-21,0.00011178571080404614
2005-04-22,0.00011341270000215561
2005-04-25,0.00011238095306214832
2005-04-26,0.00011317460309891475
2005-04-27,0.00011190475925566658
2005-04-28,0.00011154762336186001
2005-04-29,0.00011257936084081256
2005-05-02,0.0001119841280437651
2005-05-03,0.0001130952343108162
2005-05-04,0.00011091270144023593
2005-05-05,0.0001090079356753637
2005-05-06,0.00011119047800699869
2005-05-09,0.00011099206076727973
2005-05-10,0.0001119841280437651
2005-05-11,0.00011119047800699869
2005-05-12,0.00011178571080404614
2005-05-13,0.00010940476069374691
2005-05-16,0.0001090079356753637
2005-05-17,0.0001115873030253819
2005-05-18,0.00011059523574889653
2005-05-19,0.00011119047800699869
2005-05-20,0.00011210317649538555
2005-05-23,0.00011289682653215196
2005-05-24,0.00011436507815406436
2005-05-25,0.00011388888434758262
2005-05-26,0.0001137698453570169
2005-05-27,0.00011456349539378332
2005-05-31,0.00011436507815406436
2005-06-01,0.00011535714543054974
2005-06-02,0.00011539682509407164
2005-06-03,0.0001162698439189366
2005-06-06,0.00011634920324598041
2005-06-07,0.00011694444550408257
2005-06-08,0.00011694444550408257
2005-06-09,0.00011615079546731615
2005-06-10,0.00011654762048569937
2005-06-13,0.00011654762048569937
2005-06-14,0.00011753967830113003
2005-06-15,0.00011726190173436724
2005-06-16,0.00011515872819083078
2005-06-17,0.00011559524233379061
2005-06-20,0.00011587301890055338
2005-06-21,0.00011706349395570301
2005-06-22,0.00011753967830113003
2005-06-23,0.00011904761904761905
2005-06-24,0.00011904761904761905
2005-06-27,0.00012043651134248764
2005-06-28,0.00012202381141602047
2005-06-29,0.00012154761760953873
2005-06-30,0.0001214285691579183
2005-07-01,0.0001226190442130679
2005-07-05,0.00012448413031441826
2005-07-06,0.00012380951926821754
2005-07-07,0.0001222222191946847
2005-07-08,0.0001228174614527869
2005-07-11,0.0001228174614527869
2005-07-12,0.0001244047615263197
2005-07-13,0.0001248015865447029
2005-07-14,0.0001250793631114657
2005-07-15,0.000126111110051473
2005-07-18,0.00012619047883957152
2005-07-19,0.00012785713824014816
2005-07-20,0.00012809523514338903
2005-07-21,0.00012968253521692186
2005-07-22,0.00013067460249340722
2005-07-25,0.00013154762131827217
2005-07-26,0.00013329364950694737
2005-07-27,0.00013194444633665538
2005-07-28,0.00013154762131827217
2005-07-29,0.00013222222290341814
2005-08-01,0.000133134921391805
2005-08-02,0.0001349999980321006
2005-08-03,0.00013432539644695464
2005-08-04,0.0001341269886682904
2005-08-05,0.00013638889032696922
2005-08-08,0.0001360317449721079
2005-08-09,0.00013630952153887067
2005-08-10,0.00013626984187534876
2005-08-11,0.000135793648068867
2005-08-12,0.00013623016221182686
2005-08-15,0.000135992065308586
2005-08-16,0.00013698412312401664
2005-08-17,0.00013630952153887067
2005-08-18,0.00013531746372344
2005-08-19,0.0001360317449721079
2005-08-22,0.000135793648068867
2005-08-23,0.00013650793877858963
2005-08-24,0.00013611111376020643
2005-08-25,0.00013630952153887067
2005-08-26,0.00013757936538211883
2005-08-29,0.0001382936466307867
2005-08-30,0.00013797619040050205
2005-08-31,0.00013611111376020643
2005-09-01,0.0001335317464101882
2005-09-02,0.00013400794021666996
2005-09-06,0.00013531746372344
2005-09-07,0.00013511904648372104
2005-09-08,0.0001348412699169583
2005-09-09,0.0001348015902534364
2005-09-12,0.00013551587150210427
2005-09-13,0.00013507936682019913
2005-09-14,0.0001327380963734218
2005-09-15,0.000133134921391805
2005-09-16,0.0001352777745988634
2005-09-19,0.00013650793877858963
2005-09-20,0.00013988095616537428
2005-09-21,0.00013261904792180137
2005-09-22,0.0001341269886682904
2005-09-23,0.0001345238136866736
2005-09-26,0.00013591269652048747
2005-09-27,0.00013511904648372104
2005-09-28,0.00013440476523505316
2005-09-29,0.00013722222002725753
2005-09-30,0.00013769841383373926
2005-10-03,0.0001382936466307867
2005-10-04,0.00014027778118375748
2005-10-05,0.00013849206387050566
2005-10-06,0.00013936508269537062
2005-10-07,0.00014019841239565895
2005-10-11,0.00014126983899918815
2005-10-12,0.00014345238133082314
2005-10-13,0.00014531745797111874
2005-10-14,0.00014690475804465157
2005-10-17,0.00014670635026598736
2005-10-18,0.00014960317384629023
2005-10-19,0.0001490873003762866
2005-10-20,0.000149206348827907
2005-10-21,0.00014940476606762598
2005-10-24,0.00014940476606762598
2005-10-25,0.00015226190052335226
2005-10-26,0.00015099206614115881
2005-10-27,0.00015047619267115518
2005-10-28,0.00015178571617792524
2005-10-31,0.00015099206614115881
2005-11-01,0.00015325396779983762
2005-11-02,0.00015226190052335226
2005-11-03,0.00015265872554173546
2005-11-04,0.00015337301625145808
2005-11-07,0.00015186507550496905
2005-11-08,0.00015325396779983762
2005-11-09,0.0001538492100579398
2005-11-10,0.00015365079281822084
2005-11-14,0.00015404761783660405
2005-11-15,0.0001553571413433741
2005-11-16,0.00015523809289175368
2005-11-17,0.00015523809289175368
2005-11-18,0.00015523809289175368
2005-11-21,0.0001545634913066077
2005-11-22,0.000152063492744688
2005-11-23,0.00015285714278145442
2005-11-25,0.00015285714278145442
2005-11-28,0.00015198412395658946
2005-11-29,0.000154246035076323
2005-11-30,0.00015305556002117337
2005-12-01,0.0001538492100579398
2005-12-02,0.00015444444285498725
2005-12-05,0.00015515873356470987
2005-12-06,0.00015603174292852008
2005-12-07,0.00015595238360147627
2005-12-08,0.00015257936621469165
2005-12-09,0.00015246031776307121
2005-12-12,0.00015178571617792524
2005-12-13,0.00015186507550496905
2005-12-14,0.00015087301768953838
2005-12-15,0.00015238094897497266
2005-12-16,0.000152063492744688
2005-12-19,0.0001531745990117391
2005-12-20,0.000154246035076323
2005-12-21,0.00015444444285498725
2005-12-22,0.00015484126787337045
2005-12-23,0.0001545634913066077
2005-12-27,0.0001538492100579398
2005-12-28,0.00015325396779983762
2005-12-29,0.00015523809289175368
2005-12-30,0.00015813491647205657
2006-01-03,0.00015952380876692513
2006-01-04,0.0001619841182042682
2006-01-05,0.00016230159335666234
2006-01-06,0.00016297618548075357
2006-01-09,0.0001633730199601915
2006-01-10,0.00016575397007049074
2006-01-11,0.00016634920286753821
2006-01-12,0.00016686507633754187
2006-01-13,0.0001674603091345893
2006-01-17,0.00016793650294107105
2006-01-18,0.00016853175466022795
2006-01-19,0.000168333337420509
2006-01-20,0.00016873015297783745
2006-01-23,0.00016853175466022795
2006-01-24,0.00017043651096404543
2006-01-25,0.00017091270477052718
2006-01-26,0.0001719047531249031
2006-01-27,0.00017210317036462207
2006-01-30,0.00017230158760434106
2006-01-31,0.00017341269387139213
2006-02-01,0.00017309523764110748
2006-02-02,0.00017309523764110748
2006-02-03,0.00017309523764110748
2006-02-06,0.00017250000484406
2006-02-07,0.0001738888876778739
2006-02-08,0.0001742857221573118
2006-02-09,0.00017448412047492133
2006-02-10,0.00017559524566408187
2006-02-13,0.00017547618775140672
2006-02-14,0.0001764682550278921
2006-02-15,0.00017587302223084464
2006-02-16,0.0001757936439816914
2006-02-17,0.00017567460499112568
2006-02-21,0.0001763888957008483
2006-02-22,0.00017666667226761106
2006-02-23,0.00017765873954409645
2006-02-24,0.00017785713786170598
2006-02-27,0.00017817459409199063
2006-02-28,0.00017884920513819134
2006-03-01,0.00017805555510142494
2006-03-02,0.00017805555510142494
2006-03-03,0.0001782539723411439
2006-03-06,0.0001771825457376147
2006-03-07,0.00017785713786170598
2006-03-08,0.00017797619577438113
2006-03-09,0.00017757936129494318
2006-03-10,0.00017817459409199063
2006-03-13,0.0001782539723411439
2006-03-14,0.00017765873954409645
2006-03-15,0.00017857142857142857
2006-03-16,0.0001782539723411439
2006-03-17,0.00017924603961762928
2006-03-20,0.00017976191308763294
2006-03-21,0.00018123015524849057
2006-03-22,0.00018123015524849057
2006-03-23,0.00018043650521172417
2006-03-24,0.00017996031140524242
2006-03-27,0.00017924603961762928
2006-03-28,0.00017964285517495777
2006-03-29,0.00017865078789847238
2006-03-30,0.00017797619577438113
2006-03-31,0.00017916666136847602
2006-04-03,0.00017964285517495777
2006-04-04,0.00018063492245144313
2006-04-05,0.00018043650521172417
2006-04-06,0.00018063492245144313
2006-04-07,0.00018103173800877164
2006-04-10,0.00018123015524849057
2006-04-11,0.00018142857248820953
2006-04-12,0.00018182538804553805
2006-04-13,0.00018162698972792852
2006-04-17,0.00018162698972792852
2006-04-18,0.00018242063976469495
2006-04-19,0.0001826190570044139
2006-04-20,0.0001826190570044139
2006-04-21,0.00018353174603174602
2006-04-24,0.0001834127070411803
2006-04-25,0.00018472223054795037
2006-04-26,0.00018480158987499418
2006-04-27,0.00018480158987499418
2006-04-28,0.00018452381330823144
2006-05-01,0.00018440475539555624
2006-05-02,0.00018579365715147957
2006-05-03,0.000186388889948527
2006-05-04,0.00018539682267204165
2006-05-05,0.0001863095306214832
2006-05-08,0.00018650792893909273
2006-05-09,0.00018869048073178246
2006-05-10,0.00018857142281910732
2006-05-11,0.0001863095306214832
2006-05-12,0.0001867857055058555
2006-05-15,0.000186388889948527
2006-05-16,0.0001867857055058555
2006-05-17,0.0001867857055058555
2006-05-18,0.0001867857055058555
2006-05-19,0.000186388889948527
2006-05-22,0.00018579365715147957
2006-05-23,0.00018698412274557448
2006-05-24,0.00018658730718824597
2006-05-25,0.000186388889948527
2006-05-26,0.00018698412274557448
2006-05-30,0.000186388889948527
2006-05-31,0.00018710318065824963
2006-06-01,0.0001867857055058555
2006-06-02,0.00018579365715147957
2006-06-05,0.00018658730718824597
2006-06-06,0.00018797619002205985
2006-06-07,0.0001877777727823409
2006-06-08,0.00018789683069501603
2006-06-09,0.0001883730245014978
2006-06-12,0.00018976190733531164
2006-06-13,0.00018936507285587372
2006-06-14,0.00018888889797150142
2006-06-15,0.00018730157897585916
2006-06-16,0.00018829364625234452
2006-06-19,0.00018869048073178246
2006-06-20,0.00019047619804503425
2006-06-21,0.00018988094632587735
2006-06-22,0.00018948413076854887
2006-06-23,0.00019186508087884813
2006-06-26,0.00019246031367589557
2006-06-27,0.00019484126378619483
2006-06-28,0.000193253963712662
2006-06-29,0.00019305554647294302
2006-06-30,0.0001928571481553335
2006-07-03,0.0001938492154318189
2006-07-05,0.000193253963712662
2006-07-06,0.000193253963712662
2006-07-07,0.00019345238095238096
2006-07-10,0.00019345238095238096
2006-07-11,0.0001950396810259138
2006-07-12,0.00019543651550535173
2006-07-13,0.0001950396810259138
2006-07-14,0.0001950396810259138
2006-07-17,0.00019603174830239915
2006-07-18,0.0001984126984126984
2006-07-19,0.00019722221389649407
2006-07-20,0.00019623016554211814
2006-07-21,0.00019623016554211814
2006-07-24,0.00019623016554211814
2006-07-25,0.0001984126984126984
2006-07-26,0.00019722221389649407
2006-07-27,0.00019662698109944662
2006-07-28,0.00019523809826563275
2006-07-31,0.0001958333310626802
2006-08-01,0.00019781746561565097
2006-08-02,0.00019702381557888457
2006-08-03,0.00019722221389649407
2006-08-04,0.00019623016554211814
2006-08-07,0.00019722221389649407
2006-08-08,0.00019742063113621302
2006-08-09,0.0001958333310626802
2006-08-10,0.0001950396810259138
2006-08-11,0.0001958333310626802
2006-08-14,0.00019662698109944662
2006-08-15,0.00019682539833916558
2006-08-16,0.00019563491382296123
2006-08-17,0.00019662698109944662
2006-08-18,0.00019682539833916558
2006-08-21,0.00019662698109944662
2006-08-22,0.00019702381557888457
2006-08-23,0.00019682539833916558
2006-08-24,0.00019662698109944662
2006-08-25,0.00019702381557888457
2006-08-28,0.00019682539833916558
2006-08-29,0.0001958333310626802
2006-08-30,0.00019523809826563275
2006-08-31,0.0001946428654685853
2006-09-01,0.0001938492154318189
2006-09-05,0.00019246031367589557
2006-09-06,0.00019166666363912917
2006-09-07,0.00019166666363912917
2006-09-08,0.00019047619804503425
2006-09-11,0.00019087301360236274
2006-09-12,0.00018968254800826782
2006-09-13,0.00018968254800826782
2006-09-14,0.00019087301360236274
2006-09-15,0.0001910714308420817
2006-09-18,0.00019067459636264375
2006-09-19,0.00019126984808180066
2006-09-20,0.00019087301360236274
2006-09-21,0.00018988094632587735
2006-09-22,0.00019007936356559634
2006-09-25,0.0001892857135288299
2006-09-26,0.00018869048073178246
2006-09-27,0.0001884920634920635
2006-09-28,0.00018809522901262556
2006-09-29,0.00018888889797150142
2006-10-02,0.00018888889797150142
2006-10-03,0.00018948413076854887
2006-10-04,0.0001902777808053153
2006-10-05,0.00019047619804503425
2006-10-06,0.00019087301360236274
2006-10-10,0.00019265873091561453
2006-10-11,0.0001938492154318189
2006-10-12,0.00019523809826563275
2006-10-13,0.00019523809826563275
2006-10-16,0.00019563491382296123
2006-10-17,0.00019642856385972766
2006-10-18,0.00019642856385972766
2006-10-19,0.00019682539833916558
2006-10-20,0.00019642856385972766
2006-10-23,0.00019722221389649407
2006-10-24,0.0001980158639332605
2006-10-25,0.00019781746561565097
2006-10-26,0.00019742063113621302
2006-10-27,0.00019702381557888457
2006-10-30,0.00019623016554211814
2006-10-31,0.00019603174830239915
2006-11-01,0.0001958333310626802
2006-11-02,0.0001958333310626802
2006-11-03,0.00019662698109944662
2006-11-06,0.00019603174830239915
2006-11-07,0.00019623016554211814
2006-11-08,0.00019682539833916558
2006-11-09,0.00019682539833916558
2006-11-10,0.00019662698109944662
2006-11-13,0.00019623016554211814
2006-11-14,0.00019662698109944662
2006-11-15,0.00019642856385972766
2006-11-16,0.00019662698109944662
2006-11-17,0.00019623016554211814
2006-11-20,0.00019543651550535173
2006-11-21,0.00019563491382296123
2006-11-22,0.00019523809826563275
2006-11-24,0.0001946428654685853
2006-11-27,0.0001946428654685853
2006-11-28,0.0001946428654685853
2006-11-29,0.0001946428654685853
2006-11-30,0.0001940476137494284
2006-12-01,0.0001940476137494284
2006-12-04,0.000193253963712662
2006-12-05,0.00019246031367589557
2006-12-06,0.00019265873091561453
2006-12-07,0.00019206349811856709
2006-12-08,0.00019166666363912917
2006-12-11,0.0001910714308420817
2006-12-12,0.00019067459636264375
2006-12-13,0.0001910714308420817
2006-12-14,0.0001910714308420817
2006-12-15,0.00018948413076854887
2006-12-18,0.00019067459636264375
2006-12-19,0.00019166666363912917
2006-12-20,0.00019186508087884813
2006-12-21,0.00019186508087884813
2006-12-22,0.00019246031367589557
2006-12-26,0.00019246031367589557
2006-12-27,0.00019226189643617659
2006-12-28,0.00019305554647294302
2006-12-29,0.0001938492154318189
2007-01-03,0.0001950396810259138
2007-01-04,0.00019444444822886632
2007-01-05,0.00019484126378619483
2007-01-08,0.00019484126378619483
2007-01-09,0.00019623016554211814
2007-01-10,0.00019642856385972766
2007-01-11,0.00019702381557888457
2007-01-12,0.00019662698109944662
2007-01-16,0.00019662698109944662
2007-01-17,0.00019761904837593198
2007-01-18,0.00019761904837593198
2007-01-19,0.0001984126984126984
2007-01-22,0.0001980158639332605
2007-01-23,0.0001986111156524174
2007-01-24,0.0001980158639332605
2007-01-25,0.0001984126984126984
2007-01-26,0.00019821428117297945
2007-01-29,0.00019821428117297945
2007-01-30,0.00019821428117297945
2007-01-31,0.00019742063113621302
2007-02-01,0.0001980158639332605
2007-02-02,0.0001984126984126984
2007-02-05,0.00019821428117297945
2007-02-06,0.00019880953289213636
2007-02-07,0.00019880953289213636
2007-02-08,0.00019900793120974586
2007-02-09,0.00019900793120974586
2007-02-12,0.00019920634844946481
2007-02-13,0.0001994047656891838
2007-02-14,0.00019880953289213636
2007-02-15,0.00019920634844946481
2007-02-16,0.00019960318292890276
2007-02-20,0.00019980158124651229
2007-02-21,0.00019980158124651229
2007-02-22,0.00020019841572595023
2007-02-23,0.00019999999848623124
2007-02-26,0.00020019841572595023
2007-02-27,0.0001980158639332605
2007-02-28,0.00019821428117297945
2007-03-01,0.0001980158639332605
2007-03-02,0.00019722221389649407
2007-03-05,0.00019682539833916558
2007-03-06,0.00019742063113621302
2007-03-07,0.00019662698109944662
2007-03-08,0.00019623016554211814
2007-03-09,0.00019642856385972766
2007-03-12,0.00019642856385972766
2007-03-13,0.0001958333310626802
2007-03-14,0.0001950396810259138
2007-03-15,0.00019424603098914736
2007-03-16,0.0001938492154318189
2007-03-19,0.00019424603098914736
2007-03-20,0.00019484126378619483
2007-03-21,0.00019484126378619483
2007-03-22,0.00019523809826563275
2007-03-23,0.00019543651550535173
2007-03-26,0.00019563491382296123
2007-03-27,0.00019523809826563275
2007-03-28,0.00019484126378619483
2007-03-29,0.0001946428654685853
2007-03-30,0.00019424603098914736
2007-04-02,0.0001946428654685853
2007-04-03,0.0001946428654685853
2007-04-04,0.0001946428654685853
2007-04-05,0.00019424603098914736
2007-04-09,0.0001938492154318189
2007-04-10,0.00019365079819209992
2007-04-11,0.0001938492154318189
2007-04-12,0.0001938492154318189
2007-04-13,0.000193253963712662
2007-04-16,0.00019305554647294302
2007-04-17,0.0001928571481553335
2007-04-18,0.00019246031367589557
2007-04-19,0.00019226189643617659
2007-04-20,0.00019186508087884813
2007-04-23,0.00019206349811856709
2007-04-24,0.00019186508087884813
2007-04-25,0.00019126984808180066
2007-04-26,0.00019047619804503425
2007-04-27,0.0001902777808053153
2007-04-30,0.0001874999962155781
2007-05-01,0.00018869048073178246
2007-05-02,0.00018869048073178246
2007-05-03,0.0001884920634920635
2007-05-04,0.0001884920634920635
2007-05-07,0.00018769841345529708
2007-05-08,0.00018869048073178246
2007-05-09,0.00018769841345529708
2007-05-10,0.00018730157897585916
2007-05-11,0.00018710318065824963
2007-05-14,0.00018650792893909273
2007-05-15,0.00018611111338176424
2007-05-16,0.0001829365132346986
2007-05-17,0.0001849206288655599
2007-05-18,0.00018591269614204529
2007-05-21,0.00018690476341853067
2007-05-22,0.00018948413076854887
2007-05-23,0.00018908729628911092
2007-05-24,0.00018908729628911092
2007-05-25,0.00018809522901262556
2007-05-29,0.00018591269614204529
2007-05-30,0.0001867063461788117
2007-05-31,0.00018214286319793218
2007-06-01,0.00018472223054795037
2007-06-04,0.00018353174603174602
2007-06-05,0.00018611111338176424
2007-06-06,0.00018472223054795037
2007-06-07,0.0001849206288655599
2007-06-08,0.000183730163271465
2007-06-11,0.00018214286319793218
2007-06-12,0.00018214286319793218
2007-06-13,0.00017916666136847602
2007-06-14,0.0001789682630508665
2007-06-15,0.0001757936439816914
2007-06-18,0.00017499999394492496
2007-06-19,0.00017916666136847602
2007-06-20,0.00018253967875526066
2007-06-21,0.00018095237868172783
2007-06-22,0.0001819444459582132
2007-06-25,0.0001841269788287935
2007-06-26,0.0001855158805847168
2007-06-27,0.00018392858051118397
2007-06-28,0.0001841269788287935
2007-06-29,0.00018531746334499784
2007-07-02,0.00018769841345529708
2007-07-03,0.0001910714308420817
2007-07-05,0.00019087301360236274
2007-07-06,0.00019007936356559634
2007-07-09,0.00018988094632587735
2007-07-10,0.00019067459636264375
2007-07-11,0.00019067459636264375
2007-07-12,0.0001910714308420817
2007-07-13,0.00019126984808180066
2007-07-16,0.00019007936356559634
2007-07-17,0.00019087301360236274
2007-07-18,0.0001910714308420817
2007-07-19,0.00019166666363912917
2007-07-20,0.00019146824639941018
2007-07-23,0.00019265873091561453
2007-07-24,0.00019345238095238096
2007-07-25,0.00019186508087884813
2007-07-26,0.0001892857135288299
2007-07-27,0.0001867063461788117
2007-07-30,0.00018730157897585916
2007-07-31,0.00019087301360236274
2007-08-01,0.00018809522901262556
2007-08-02,0.00018829364625234452
2007-08-03,0.00018650792893909273
2007-08-06,0.00018710318065824963
2007-08-07,0.00018988094632587735
2007-08-08,0.00019067459636264375
2007-08-09,0.00018730157897585916
2007-08-10,0.00017519841118464392
2007-08-13,0.00017976191308763294
2007-08-14,0.00017857142857142857
2007-08-15,0.00016388889343019517
2007-08-16,0.00014682539871760776
2007-08-17,0.00014365078910948738
2007-08-20,0.00011706349395570301
2007-08-21,0.00013571428874182323
2007-08-22,0.0001414682562389071
2007-08-23,0.00014722222373599096
2007-08-24,0.0001619047588772244
2007-08-27,0.00017380952835083008
2007-08-28,0.00016944444368756007
2007-08-29,0.0001527777739933559
2007-08-30,0.0001480158737727574
2007-08-31,0.00015833333371177553
2007-09-04,0.000169841278166998
2007-09-05,0.0001674603091345893
2007-09-06,0.00016507935902429006
2007-09-07,0.00015634920861985947
2007-09-10,0.0001535714240301223
2007-09-11,0.00015833333371177553
2007-09-12,0.00015476190854632664
2007-09-13,0.0001567460336382427
2007-09-14,0.00015396825850956023
2007-09-17,0.00015833333371177553
2007-09-18,0.0001531745990117391
2007-09-19,0.00015119047391982306
2007-09-20,0.00014563492366245813
2007-09-21,0.00014365078910948738
2007-09-24,0.00014563492366245813
2007-09-25,0.00014642857369922456
2007-09-26,0.00014384920634920634
2007-09-27,0.00014285713907272098
2007-09-28,0.00014682539871760776
2007-10-01,0.0001505952411227756
2007-10-02,0.0001527777739933559
2007-10-03,0.00015238094897497266
2007-10-04,0.00015218254119630844
2007-10-05,0.0001535714240301223
2007-10-08,0.00015337301625145808
2007-10-09,0.00015515873356470987
2007-10-10,0.0001561507913801405
2007-10-11,0.0001589285759698777
2007-10-12,0.0001619047588772244
2007-10-15,0.00016507935902429006
2007-10-16,0.0001636904761904762
2007-10-17,0.00015436508352794344
2007-10-18,0.00014444444860730853
2007-10-19,0.0001484126987911406
2007-10-22,0.0001531745990117391
2007-10-23,0.0001531745990117391
2007-10-24,0.00014722222373599096
2007-10-25,0.00015158729893820626
2007-10-26,0.00015238094897497266
2007-10-29,0.0001531745990117391
2007-10-30,0.0001527777739933559
2007-10-31,0.00015158729893820626
2007-11-01,0.000147023806496272
2007-11-02,0.0001388888888888889
2007-11-05,0.00014206348903595455
2007-11-06,0.0001440476235889253
2007-11-07,0.00013333332917046925
2007-11-08,0.0001301587290234036
2007-11-09,0.00012579365382118832
2007-11-12,0.00012619047883957152
2007-11-13,0.00013333332917046925
2007-11-14,0.00013154762131827217
2007-11-15,0.00012658730385795472
2007-11-16,0.0001305555540417868
2007-11-19,0.00012996032124473934
2007-11-20,0.00012539682880280512
2007-11-21,0.00012063491912115188
2007-11-23,0.0001246031787660387
2007-11-26,0.00012123016137925405
2007-11-27,0.00012202381141602047
2007-11-28,0.00011746031897408622
2007-11-29,0.0001144841266056848
2007-11-30,0.00012182539417630151
2007-12-03,0.00011746031897408622
2007-12-04,0.00011825396901085263
2007-12-05,0.00011825396901085263
2007-12-06,0.00011746031897408622
2007-12-07,0.00011984126908438546
2007-12-10,0.00011785714399246943
2007-12-11,0.00011388888434758262
2007-12-12,0.00011150793423728337
2007-12-13,0.00011031745918213374
2007-12-14,0.00011091270144023593
2007-12-17,0.0001162698439189366
2007-12-18,0.00011785714399246943
2007-12-19,0.00011250000151376876
2007-12-20,0.00011130952645861913
2007-12-21,0.00011507936886378698
2007-12-24,0.00012698412887633795
2007-12-26,0.00012797618669176857
2007-12-27,0.00012202381141602047
2007-12-28,0.0001222222191946847
2007-12-31,0.0001246031787660387
2008-01-02,0.00012579365382118832
2008-01-03,0.0001250000037844219
2008-01-04,0.0001236111114895533
2008-01-07,0.00012559523658146933
2008-01-08,0.00012539682880280512
2008-01-09,0.00012341269424983434
2008-01-10,0.00012420635374765549
2008-01-11,0.00011944444406600226
2008-01-14,0.00012242063643440367
2008-01-15,0.00012242063643440367
2008-01-16,0.00012063491912115188
2008-01-17,0.00011825396901085263
2008-01-18,0.00011071428420051696
2008-01-22,8.849206424894787e-05
2008-01-23,8.373015456729465e-05
2008-01-24,9.126983937763033e-05
2008-01-25,8.809523923056467e-05
2008-01-28,8.78968219908457e-05
2008-01-29,8.749999697246248e-05
2008-01-30,8.4920639083499e-05
2008-01-31,7.42063493955703e-05
2008-02-01,8.13492044569954e-05
2008-02-04,8.611111413864862e-05
2008-02-05,8.511904686216325e-05
2008-02-06,8.09523794386122e-05
2008-02-07,8.333332954891144e-05
2008-02-08,8.571428912026542e-05
2008-02-11,8.690476417541504e-05
2008-02-12,8.928571428571429e-05
2008-02-13,8.769841421218145e-05
2008-02-14,8.809523923056467e-05
2008-02-15,8.452381406511579e-05
2008-02-19,8.611111413864862e-05
2008-02-20,8.630952191731287e-05
2008-02-21,8.4920639083499e-05
2008-02-22,8.4920639083499e-05
2008-02-25,8.373015456729465e-05
2008-02-26,8.234127173348079e-05
2008-02-27,7.658729950586954e-05
2008-02-28,7.361111186799548e-05
2008-02-29,7.083333200878568e-05
2008-03-03,6.488095200251019e-05
2008-03-04,6.329365192897736e-05
2008-03-05,5.873015948704311e-05
2008-03-06,5.4166667045108856e-05
2008-03-07,5.555555460945008e-05
2008-03-10,5.1587299695090636e-05
2008-03-11,5.714285941351028e-05
2008-03-12,5.714285941351028e-05
2008-03-13,5.1587299695090636e-05
2008-03-14,4.444444463366554e-05
2008-03-17,3.9285714664156475e-05
2008-03-18,3.5714284768180245e-05
2008-03-19,2.5793649847545318e-05
2008-03-20,1.984126984126984e-05
2008-03-24,4.027777721011449e-05
2008-03-25,4.9801587112366204e-05
2008-03-26,5.039682463994102e-05
2008-03-27,4.96031746031746e-05
2008-03-28,5.357142951753405e-05
2008-03-31,5.059523714913262e-05
2008-04-01,5.376984202672565e-05
2008-04-02,5.4166667045108856e-05
2008-04-03,5.3968254535917255e-05
2008-04-04,5.238095446238442e-05
2008-04-07,5.3968254535917255e-05
2008-04-08,5.357142951753405e-05
2008-04-09,5.059523714913262e-05
2008-04-10,4.900793707559979e-05
2008-04-11,4.6031744707198374e-05
2008-04-14,4.26587320509411e-05
2008-04-15,4.3650794596899126e-05
2008-04-16,4.4246032124473935e-05
2008-04-17,4.801587452964177e-05
2008-04-18,5.238095446238442e-05
2008-04-21,5.039682463994102e-05
2008-04-22,4.9801587112366204e-05
2008-04-23,4.7619049511258563e-05
2008-04-24,4.841269954802498e-05
2008-04-25,5.099206216751583e-05
2008-04-28,5.277777948076763e-05
2008-04-29,5.714285941351028e-05
2008-04-30,5.317460449915084e-05
2008-05-01,5.4365079554300456e-05
2008-05-02,5.81349219594683e-05
2008-05-05,6.150793461572556e-05
2008-05-06,6.329365192897736e-05
2008-05-07,6.468253949331859e-05
2008-05-08,6.428571447493539e-05
2008-05-09,6.547618953008501e-05
2008-05-12,6.944444444444444e-05
2008-05-13,7.083333200878568e-05
2008-05-14,7.083333200878568e-05
2008-05-15,7.103174451797728e-05
2008-05-16,7.142856953636049e-05
2008-05-19,7.162698204555209e-05
2008-05-20,7.242063681284586e-05
2008-05-21,7.182539455474369e-05
2008-05-22,7.242063681284586e-05
2008-05-23,7.142856953636049e-05
2008-05-27,7.341269935880388e-05
2008-05-28,7.361111186799548e-05
2008-05-29,7.40079368863787e-05
2008-05-30,7.341269935880388e-05
2008-06-02,7.103174451797728e-05
2008-06-03,7.182539455474369e-05
2008-06-04,7.162698204555209e-05
2008-06-05,7.182539455474369e-05
2008-06-06,7.142856953636049e-05
2008-06-09,7.341269935880388e-05
2008-06-10,7.817460430992973e-05
2008-06-11,7.559523695991153e-05
2008-06-12,7.738095427316332e-05
2008-06-13,7.658729950586954e-05
2008-06-16,7.698412925478012e-05
2008-06-17,7.757936678235493e-05
2008-06-18,7.46031744139535e-05
2008-06-19,7.380952437718708e-05
2008-06-20,7.142856953636049e-05
2008-06-23,7.341269935880388e-05
2008-06-24,7.123015702716889e-05
2008-06-25,6.984126946282765e-05
2008-06-26,6.666666458523462e-05
2008-06-27,6.468253949331859e-05
2008-06-30,6.765873186172e-05
2008-07-01,7.242063681284586e-05
2008-07-02,7.103174451797728e-05
2008-07-03,7.182539455474369e-05
2008-07-07,7.043650699040247e-05
2008-07-08,7.222222430365426e-05
2008-07-09,7.103174451797728e-05
2008-07-10,6.468253949331859e-05
2008-07-11,6.230158938301934e-05
2008-07-14,5.65476171554081e-05
2008-07-15,5.4563492063492063e-05
2008-07-16,5.337301700834244e-05
2008-07-17,5.515872959106687e-05
2008-07-18,5.6349204646216496e-05
2008-07-21,5.4761904572683664e-05
2008-07-22,5.9523809523809524e-05
2008-07-23,6.130952210653396e-05
2008-07-24,6.388888945655218e-05
2008-07-25,6.70634943341452e-05
2008-07-28,6.607142705765982e-05
2008-07-29,6.666666458523462e-05
2008-07-30,6.626983956685142e-05
2008-07-31,6.488095200251019e-05
2008-08-01,6.468253949331859e-05
2008-08-04,6.587301454846822e-05
2008-08-05,6.785714437091161e-05
2008-08-06,6.349206443816897e-05
2008-08-07,6.468253949331859e-05
2008-08-08,6.607142705765982e-05
2008-08-11,7.023809448121085e-05
2008-08-12,7.242063681284586e-05
2008-08-13,7.202381179446265e-05
2008-08-14,7.261904932203747e-05
2008-08-15,7.142856953636049e-05
2008-08-18,6.904761942606123e-05
2008-08-19,7.003968197201925e-05
2008-08-20,6.626983956685142e-05
2008-08-21,6.686507709442624e-05
2008-08-22,6.607142705765982e-05
2008-08-25,6.52777770208934e-05
2008-08-26,6.646825207604302e-05
2008-08-27,6.50793645117018e-05
2008-08-28,6.74603193525284e-05
2008-08-29,6.70634943341452e-05
2008-09-02,6.547618953008501e-05
2008-09-03,6.607142705765982e-05
2008-09-04,6.547618953008501e-05
2008-09-05,6.50793645117018e-05
2008-09-08,6.626983956685142e-05
2008-09-09,6.50793645117018e-05
2008-09-10,6.428571447493539e-05
2008-09-11,6.269841440140256e-05
2008-09-12,5.793650945027669e-05
2008-09-15,3.2142857237467695e-05
2008-09-16,3.412698469464741e-05
2008-09-17,7.936507759113159e-07
2008-09-18,2.7777777896040964e-06
2008-09-19,3.650793717021034e-05
2008-09-22,3.472222222222222e-05
2008-09-23,3.174603221908449e-05
2008-09-24,1.746031736570691e-05
2008-09-25,2.8174602323108248e-05
2008-09-26,3.293650727423411e-05
2008-09-29,1.7857142384090123e-05
2008-09-30,3.5714284768180245e-05
2008-10-01,3.174603221908449e-05
2008-10-02,2.3412697371982395e-05
2008-10-03,1.8650793603488375e-05
2008-10-06,1.626984112792545e-05
2008-10-07,3.115079469150967e-05
2008-10-08,2.539682482916211e-05
2008-10-09,2.3015872353599187e-05
2008-10-10,8.333333073154328e-06
2008-10-13,8.333333073154328e-06
2008-10-14,9.325396801744187e-06
2008-10-15,7.936508054771122e-06
2008-10-16,1.7261904856515307e-05
2008-10-17,3.0952379817054386e-05
2008-10-20,4.04761897193061e-05
2008-10-21,4.345238208770752e-05
2008-10-22,4.007936470092289e-05
2008-10-23,3.611111215182713e-05
2008-10-24,3.25396822558509e-05
2008-10-27,2.8968254725138346e-05
2008-10-28,2.9761904761904762e-05
2008-10-29,2.2420634826024375e-05
2008-10-30,1.4880952380952381e-05
2008-10-31,1.7261904856515307e-05
2008-11-03,1.6666666146308656e-05
2008-11-04,1.845238109429677e-05
2008-11-05,1.5079364890143985e-05
2008-11-06,1.2499999905389453e-05
2008-11-07,1.1507936176799594e-05
2008-11-10,7.936508054771122e-06
2008-11-11,7.738094954263596e-06
2008-11-12,5.555555579208193e-06
2008-11-13,7.5396824450719925e-06
2008-11-14,5.158729969509064e-06
2008-11-17,3.5714287133443927e-06
2008-11-18,4.365079341426728e-06
2008-11-19,2.579364984754532e-06
2008-11-20,1.9841269397782899e-07
2008-11-21,3.9682538795565797e-07
2008-11-24,3.9682538795565797e-07
2008-11-25,3.968254027385561e-06
2008-11-26,1.190476163866974e-06
2008-11-28,7.936507759113159e-07
2008-12-01,3.9682538795565797e-07
2008-12-02,1.9841270136927804e-06
2008-12-03,5.95238081933487e-07
2008-12-04,1.9841269397782899e-07
2008-12-05,3.9682538795565797e-07
2008-12-08,1.9841269397782899e-07
2008-12-09,3.9682538795565797e-07
2008-12-10,1.9841269397782899e-07
2008-12-11,3.9682538795565797e-07
2008-12-12,3.9682538795565797e-07
2008-12-15,1.9841269397782899e-07
2008-12-16,9.920635068463902e-07
2008-12-17,1.9841269397782899e-07
2008-12-18,1.9841269397782899e-07
2008-12-19,1.9841269397782899e-07
2008-12-22,1.9841269397782899e-07
2008-12-23,1.9841269397782899e-07
2008-12-24,1.9841269397782899e-07
2008-12-26,1.9841269397782899e-07
2008-12-29,3.9682538795565797e-07
2008-12-30,3.5714287133443927e-06
2008-12-31,4.5634921462762925e-06
2009-01-02,3.3730159084948284e-06
2009-01-05,3.3730159084948284e-06
2009-01-06,5.158729969509064e-06
2009-01-07,3.968254027385561e-06
2009-01-08,3.1746031036452638e-06
2009-01-09,2.579364984754532e-06
2009-01-12,2.579364984754532e-06
2009-01-13,4.166666536577164e-06
2009-01-14,4.365079341426728e-06
2009-01-15,3.968254027385561e-06
2009-01-16,4.5634921462762925e-06
2009-01-20,3.968254027385561e-06
2009-01-21,4.365079341426728e-06
2009-01-22,3.968254027385561e-06
2009-01-23,3.5714287133443927e-06
2009-01-26,3.968254027385561e-06
2009-01-27,5.158729969509064e-06
2009-01-28,7.142857426688785e-06
2009-01-29,8.730158682853456e-06
2009-01-30,8.730158682853456e-06
2009-02-02,9.722222411443317e-06
2009-02-03,1.2301587396197849e-05
2009-02-04,1.1507936176799594e-05
2009-02-05,1.0714286140033178e-05
2009-02-06,1.0714286140033178e-05
2009-02-09,1.0912698649224782e-05
2009-02-10,1.2103174887006245e-05
2009-02-11,1.1904762377814641e-05
2009-02-12,1.130952366760799e-05
2009-02-13,1.1507936176799594e-05
2009-02-17,1.130952366760799e-05
2009-02-18,1.1904762377814641e-05
2009-02-19,1.1904762377814641e-05
2009-02-20,1.0515872448209733e-05
2009-02-23,1.0714286140033178e-05
2009-02-24,1.1706348685991197e-05
2009-02-25,1.1706348685991197e-05
2009-02-26,1.0515872448209733e-05
2009-02-27,9.92063492063492e-06
2009-03-02,9.126984292552585e-06
2009-03-03,1.0515872448209733e-05
2009-03-04,9.92063492063492e-06
2009-03-05,7.936508054771122e-06
2009-03-06,7.3412699358803885e-06
2009-03-09,7.936508054771122e-06
2009-03-10,9.325396801744187e-06
2009-03-11,8.730158682853456e-06
2009-03-12,7.936508054771122e-06
2009-03-13,7.5396824450719925e-06
2009-03-16,8.730158682853456e-06
2009-03-17,8.928571192045061e-06
2009-03-18,8.134920563962726e-06
2009-03-19,7.5396824450719925e-06
2009-03-20,7.936508054771122e-06
2009-03-23,7.5396824450719925e-06
2009-03-24,8.134920563962726e-06
2009-03-25,7.3412699358803885e-06
2009-03-26,5.555555579208193e-06
2009-03-27,4.96031746031746e-06
2009-03-30,4.761904655467896e-06
2009-03-31,7.936508054771122e-06
2009-04-01,8.333333073154328e-06
2009-04-02,7.5396824450719925e-06
2009-04-03,7.936508054771122e-06
2009-04-06,7.3412699358803885e-06
2009-04-07,7.5396824450719925e-06
2009-04-08,7.142857426688785e-06
2009-04-09,6.94444432618126e-06
2009-04-13,6.746031816989657e-06
2009-04-14,6.547619307798053e-06
2009-04-15,5.555555579208193e-06
2009-04-16,4.96031746031746e-06
2009-04-17,5.158729969509064e-06
2009-04-20,4.761904655467896e-06
2009-04-21,5.555555579208193e-06
2009-04-22,5.357143070016589e-06
2009-04-23,3.7698412225359962e-06
2009-04-24,3.7698412225359962e-06
2009-04-27,3.5714287133443927e-06
2009-04-28,4.761904655467896e-06
2009-04-29,3.7698412225359962e-06
2009-04-30,4.96031746031746e-06
2009-05-01,5.753968088399797e-06
2009-05-04,6.94444432618126e-06
2009-05-05,6.94444432618126e-06
2009-05-06,7.142857426688785e-06
2009-05-07,7.142857426688785e-06
2009-05-08,6.547619307798053e-06
2009-05-11,6.150793698098924e-06
2009-05-12,7.142857426688785e-06
2009-05-13,6.746031816989657e-06
2009-05-14,6.150793698098924e-06
2009-05-15,6.150793698098924e-06
2009-05-18,6.3492062072905275e-06
2009-05-19,6.94444432618126e-06
2009-05-20,6.746031816989657e-06
2009-05-21,6.94444432618126e-06
2009-05-22,6.94444432618126e-06
2009-05-26,6.547619307798053e-06
2009-05-27,6.3492062072905275e-06
2009-05-28,5.357143070016589e-06
2009-05-29,5.158729969509064e-06
2009-06-01,3.3730159084948284e-06
2009-06-02,5.158729969509064e-06
2009-06-03,5.158729969509064e-06
2009-06-04,5.357143070016589e-06
2009-06-05,7.142857426688785e-06
2009-06-08,6.746031816989657e-06
2009-06-09,6.94444432618126e-06
2009-06-10,6.94444432618126e-06
2009-06-11,6.746031816989657e-06
2009-06-12,6.547619307798053e-06
2009-06-15,6.150793698098924e-06
2009-06-16,6.547619307798053e-06
2009-06-17,6.547619307798053e-06
2009-06-18,6.746031816989657e-06
2009-06-19,6.746031816989657e-06
2009-06-22,7.3412699358803885e-06
2009-06-23,7.738094954263596e-06
2009-06-24,7.142857426688785e-06
2009-06-25,6.547619307798053e-06
2009-06-26,6.94444432618126e-06
2009-06-29,6.3492062072905275e-06
2009-06-30,7.142857426688785e-06
2009-07-01,6.547619307798053e-06
2009-07-02,6.150793698098924e-06
2009-07-06,6.150793698098924e-06
2009-07-07,7.142857426688785e-06
2009-07-08,6.94444432618126e-06
2009-07-09,6.94444432618126e-06
2009-07-10,6.547619307798053e-06
2009-07-13,6.746031816989657e-06
2009-07-14,6.94444432618126e-06
2009-07-15,6.94444432618126e-06
2009-07-16,6.547619307798053e-06
2009-07-17,6.547619307798053e-06
2009-07-20,6.3492062072905275e-06
2009-07-21,7.142857426688785e-06
2009-07-22,7.142857426688785e-06
2009-07-23,7.142857426688785e-06
2009-07-24,7.142857426688785e-06
2009-07-27,7.142857426688785e-06
2009-07-28,7.3412699358803885e-06
2009-07-29,6.94444432618126e-06
2009-07-30,6.94444432618126e-06
2009-07-31,6.94444432618126e-06
2009-08-03,6.94444432618126e-06
2009-08-04,6.94444432618126e-06
2009-08-05,6.94444432618126e-06
2009-08-06,6.746031816989657e-06
2009-08-07,6.746031816989657e-06
2009-08-10,6.3492062072905275e-06
2009-08-11,7.142857426688785e-06
2009-08-12,6.746031816989657e-06
2009-08-13,6.547619307798053e-06
2009-08-14,6.746031816989657e-06
2009-08-17,6.746031816989657e-06
2009-08-18,6.94444432618126e-06
2009-08-19,6.547619307798053e-06
2009-08-20,6.3492062072905275e-06
2009-08-21,6.3492062072905275e-06
2009-08-24,6.150793698098924e-06
2009-08-25,6.150793698098924e-06
2009-08-26,5.753968088399797e-06
2009-08-27,5.555555579208193e-06
2009-08-28,5.158729969509064e-06
2009-08-31,5.158729969509064e-06
2009-09-01,5.158729969509064e-06
2009-09-02,5.158729969509064e-06
2009-09-03,4.96031746031746e-06
2009-09-04,4.96031746031746e-06
2009-09-08,4.96031746031746e-06
2009-09-09,5.357143070016589e-06
2009-09-10,5.357143070016589e-06
2009-09-11,5.357143070016589e-06
2009-09-14,5.158729969509064e-06
2009-09-15,4.96031746031746e-06
2009-09-16,3.7698412225359962e-06
2009-09-17,3.7698412225359962e-06
2009-09-18,3.1746031036452638e-06
2009-09-21,3.5714287133443927e-06
2009-09-22,3.7698412225359962e-06
2009-09-23,3.7698412225359962e-06
2009-09-24,3.5714287133443927e-06
2009-09-25,3.5714287133443927e-06
2009-09-28,3.5714287133443927e-06
2009-09-29,4.761904655467896e-06
2009-09-30,4.5634921462762925e-06
2009-10-01,3.7698412225359962e-06
2009-10-02,3.5714287133443927e-06
2009-10-05,3.5714287133443927e-06
2009-10-06,2.7777777896040964e-06
2009-10-07,2.380952327733948e-06
2009-10-08,2.380952327733948e-06
2009-10-09,2.579364984754532e-06
2009-10-12,2.380952327733948e-06
2009-10-13,2.380952327733948e-06
2009-10-14,2.579364984754532e-06
2009-10-15,2.182539670713364e-06
2009-10-16,2.380952327733948e-06
2009-10-19,2.380952327733948e-06
2009-10-20,2.9761905944536602e-06
2009-10-21,2.579364984754532e-06
2009-10-22,1.9841270136927804e-06
2009-10-23,1.9841270136927804e-06
2009-10-26,1.9841270136927804e-06
2009-10-27,2.7777777896040964e-06
2009-10-28,2.380952327733948e-06
2009-10-29,1.9841270136927804e-06
2009-10-30,1.7857143566721963e-06
2009-11-02,1.5873015518226319e-06
2009-11-03,1.9841270136927804e-06
2009-11-04,1.7857143566721963e-06
2009-11-05,1.3888888948020482e-06
2009-11-06,1.7857143566721963e-06
2009-11-09,1.7857143566721963e-06
2009-11-10,2.380952327733948e-06
2009-11-11,2.380952327733948e-06
2009-11-12,2.182539670713364e-06
2009-11-13,2.182539670713364e-06
2009-11-16,2.182539670713364e-06
2009-11-17,2.182539670713364e-06
2009-11-18,1.190476163866974e-06
2009-11-19,1.9841269397782899e-07
2009-11-20,3.9682538795565797e-07
2009-11-23,7.936507759113159e-07
2009-11-24,1.5873015518226319e-06
2009-11-25,1.5873015518226319e-06
2009-11-27,9.920635068463902e-07
2009-11-30,1.9841270136927804e-06
2009-12-01,1.9841270136927804e-06
2009-12-02,1.5873015518226319e-06
2009-12-03,1.5873015518226319e-06
2009-12-04,1.5873015518226319e-06
2009-12-07,5.95238081933487e-07
2009-12-08,9.920635068463902e-07
2009-12-09,9.920635068463902e-07
2009-12-10,9.920635068463902e-07
2009-12-11,7.936507759113159e-07
2009-12-14,7.936507759113159e-07
2009-12-15,1.5873015518226319e-06
2009-12-16,1.3888888948020482e-06
2009-12-17,1.5873015518226319e-06
2009-12-18,1.5873015518226319e-06
2009-12-21,1.7857143566721963e-06
2009-12-22,2.7777777896040964e-06
2009-12-23,2.182539670713364e-06
2009-12-24,1.5873015518226319e-06
2009-12-28,2.182539670713364e-06
2009-12-29,3.7698412225359962e-06
2009-12-30,1.5873015518226319e-06
2009-12-31,1.9841270136927804e-06
2010-01-04,2.182539670713364e-06
2010-01-05,2.380952327733948e-06
2010-01-06,1.7857143566721963e-06
2010-01-07,1.7857143566721963e-06
2010-01-08,1.5873015518226319e-06
2010-01-11,9.920635068463902e-07
2010-01-12,1.5873015518226319e-06
2010-01-13,1.9841270136927804e-06
2010-01-14,1.7857143566721963e-06
2010-01-15,2.182539670713364e-06
2010-01-19,1.9841270136927804e-06
2010-01-20,1.9841270136927804e-06
2010-01-21,1.5873015518226319e-06
2010-01-22,1.7857143566721963e-06
2010-01-25,1.7857143566721963e-06
2010-01-26,2.579364984754532e-06
2010-01-27,2.7777777896040964e-06
2010-01-28,2.7777777896040964e-06
2010-01-29,2.7777777896040964e-06
2010-02-01,3.3730159084948284e-06
2010-02-02,3.5714287133443927e-06
2010-02-03,3.5714287133443927e-06
2010-02-04,3.3730159084948284e-06
2010-02-05,3.3730159084948284e-06
2010-02-08,3.5714287133443927e-06
2010-02-09,3.968254027385561e-06
2010-02-10,3.968254027385561e-06
2010-02-11,3.7698412225359962e-06
2010-02-12,3.5714287133443927e-06
2010-02-16,3.3730159084948284e-06
2010-02-17,3.5714287133443927e-06
2010-02-18,3.3730159084948284e-06
2010-02-19,3.7698412225359962e-06
2010-02-22,3.3730159084948284e-06
2010-02-23,4.5634921462762925e-06
2010-02-24,4.365079341426728e-06
2010-02-25,4.5634921462762925e-06
2010-02-26,4.5634921462762925e-06
2010-03-01,4.761904655467896e-06
2010-03-02,4.96031746031746e-06
2010-03-03,5.357143070016589e-06
2010-03-04,5.357143070016589e-06
2010-03-05,5.753968088399797e-06
2010-03-08,5.753968088399797e-06
2010-03-09,5.9523811889073204e-06
2010-03-10,5.753968088399797e-06
2010-03-11,5.753968088399797e-06
2010-03-12,5.555555579208193e-06
2010-03-15,5.753968088399797e-06
2010-03-16,6.150793698098924e-06
2010-03-17,5.9523811889073204e-06
2010-03-18,5.753968088399797e-06
2010-03-19,5.753968088399797e-06
2010-03-22,5.555555579208193e-06
2010-03-23,5.158729969509064e-06
2010-03-24,5.357143070016589e-06
2010-03-25,5.158729969509064e-06
2010-03-26,5.158729969509064e-06
2010-03-29,4.96031746031746e-06
2010-03-30,5.9523811889073204e-06
2010-03-31,5.9523811889073204e-06
2010-04-01,5.9523811889073204e-06
2010-04-05,6.3492062072905275e-06
2010-04-06,6.547619307798053e-06
2010-04-07,6.3492062072905275e-06
2010-04-08,6.150793698098924e-06
2010-04-09,5.9523811889073204e-06
2010-04-12,5.357143070016589e-06
2010-04-13,5.9523811889073204e-06
2010-04-14,6.150793698098924e-06
2010-04-15,5.9523811889073204e-06
2010-04-16,5.9523811889073204e-06
2010-04-19,5.9523811889073204e-06
2010-04-20,5.753968088399797e-06
2010-04-21,5.753968088399797e-06
2010-04-22,5.9523811889073204e-06
2010-04-23,6.150793698098924e-06
2010-04-26,5.9523811889073204e-06
2010-04-27,5.753968088399797e-06
2010-04-28,6.150793698098924e-06
2010-04-29,6.3492062072905275e-06
2010-04-30,6.150793698098924e-06
2010-05-03,6.3492062072905275e-06
2010-05-04,6.150793698098924e-06
2010-05-05,5.753968088399797e-06
2010-05-06,3.968254027385561e-06
2010-05-07,4.761904655467896e-06
2010-05-10,5.753968088399797e-06
2010-05-11,5.9523811889073204e-06
2010-05-12,5.9523811889073204e-06
2010-05-13,6.150793698098924e-06
2010-05-14,5.753968088399797e-06
2010-05-17,5.9523811889073204e-06
2010-05-18,6.547619307798053e-06
2010-05-19,6.547619307798053e-06
2010-05-20,6.150793698098924e-06
2010-05-21,5.9523811889073204e-06
2010-05-24,5.9523811889073204e-06
2010-05-25,6.3492062072905275e-06
2010-05-26,6.3492062072905275e-06
2010-05-27,6.3492062072905275e-06
2010-05-28,5.9523811889073204e-06
2010-06-01,5.753968088399797e-06
2010-06-02,5.753968088399797e-06
2010-06-03,5.158729969509064e-06
2010-06-04,4.761904655467896e-06
2010-06-07,4.166666536577164e-06
2010-06-08,4.365079341426728e-06
2010-06-09,3.7698412225359962e-06
2010-06-10,3.3730159084948284e-06
2010-06-11,2.7777777896040964e-06
2010-06-14,2.182539670713364e-06
2010-06-15,3.1746031036452638e-06
2010-06-16,3.5714287133443927e-06
2010-06-17,3.5714287133443927e-06
2010-06-18,3.7698412225359962e-06
2010-06-21,4.166666536577164e-06
2010-06-22,4.96031746031746e-06
2010-06-23,4.761904655467896e-06
2010-06-24,4.96031746031746e-06
2010-06-25,4.96031746031746e-06
2010-06-28,5.357143070016589e-06
2010-06-29,6.3492062072905275e-06
2010-06-30,6.746031816989657e-06
2010-07-01,6.547619307798053e-06
2010-07-02,6.3492062072905275e-06
2010-07-06,6.3492062072905275e-06
2010-07-07,6.150793698098924e-06
2010-07-08,5.753968088399797e-06
2010-07-09,5.753968088399797e-06
2010-07-12,5.555555579208193e-06
2010-07-13,5.753968088399797e-06
2010-07-14,5.753968088399797e-06
2010-07-15,5.753968088399797e-06
2010-07-16,5.753968088399797e-06
2010-07-19,5.753968088399797e-06
2010-07-20,5.9523811889073204e-06
2010-07-21,5.9523811889073204e-06
2010-07-22,5.753968088399797e-06
2010-07-23,5.753968088399797e-06
2010-07-26,5.753968088399797e-06
2010-07-27,5.9523811889073204e-06
2010-07-28,5.753968088399797e-06
2010-07-29,5.753968088399797e-06
2010-07-30,5.555555579208193e-06
2010-08-02,5.555555579208193e-06
2010-08-03,5.9523811889073204e-06
2010-08-04,5.753968088399797e-06
2010-08-05,5.555555579208193e-06
2010-08-06,5.555555579208193e-06
2010-08-09,5.555555579208193e-06
2010-08-10,5.753968088399797e-06
2010-08-11,5.753968088399797e-06
2010-08-12,5.9523811889073204e-06
2010-08-13,5.753968088399797e-06
2010-08-16,5.9523811889073204e-06
2010-08-17,6.150793698098924e-06
2010-08-18,5.9523811889073204e-06
2010-08-19,5.753968088399797e-06
2010-08-20,5.753968088399797e-06
2010-08-23,5.9523811889073204e-06
2010-08-24,6.150793698098924e-06
2010-08-25,5.9523811889073204e-06
2010-08-26,5.753968088399797e-06
2010-08-27,5.555555579208193e-06
2010-08-30,5.158729969509064e-06
2010-08-31,5.357143070016589e-06
2010-09-01,5.158729969509064e-06
2010-09-02,4.96031746031746e-06
2010-09-03,4.96031746031746e-06
2010-09-07,4.761904655467896e-06
2010-09-08,5.158729969509064e-06
2010-09-09,5.357143070016589e-06
2010-09-10,5.357143070016589e-06
2010-09-13,5.357143070016589e-06
2010-09-14,5.753968088399797e-06
2010-09-15,5.9523811889073204e-06
2010-09-16,5.9523811889073204e-06
2010-09-17,5.753968088399797e-06
2010-09-20,5.9523811889073204e-06
2010-09-21,6.150793698098924e-06
2010-09-22,6.150793698098924e-06
2010-09-23,5.9523811889073204e-06
2010-09-24,5.555555579208193e-06
2010-09-27,5.158729969509064e-06
2010-09-28,5.9523811889073204e-06
2010-09-29,6.150793698098924e-06
2010-09-30,6.150793698098924e-06
2010-10-01,5.9523811889073204e-06
2010-10-04,5.753968088399797e-06
2010-10-05,4.5634921462762925e-06
2010-10-06,4.5634921462762925e-06
2010-10-07,4.5634921462762925e-06
2010-10-08,4.5634921462762925e-06
2010-10-12,4.5634921462762925e-06
2010-10-13,5.158729969509064e-06
2010-10-14,5.357143070016589e-06
2010-10-15,5.357143070016589e-06
2010-10-18,5.357143070016589e-06
2010-10-19,5.357143070016589e-06
2010-10-20,5.357143070016589e-06
2010-10-21,4.761904655467896e-06
2010-10-22,4.761904655467896e-06
2010-10-25,4.5634921462762925e-06
2010-10-26,5.158729969509064e-06
2010-10-27,5.158729969509064e-06
2010-10-28,4.96031746031746e-06
2010-10-29,4.365079341426728e-06
2010-11-01,4.166666536577164e-06
2010-11-02,4.96031746031746e-06
2010-11-03,4.761904655467896e-06
2010-11-04,4.5634921462762925e-06
2010-11-05,4.761904655467896e-06
2010-11-08,4.365079341426728e-06
2010-11-09,4.96031746031746e-06
2010-11-10,4.96031746031746e-06
2010-11-11,4.96031746031746e-06
2010-11-12,4.96031746031746e-06
2010-11-15,5.158729969509064e-06
2010-11-16,5.357143070016589e-06
2010-11-17,5.357143070016589e-06
2010-11-18,5.357143070016589e-06
2010-11-19,5.158729969509064e-06
2010-11-22,4.96031746031746e-06
2010-11-23,5.555555579208193e-06
2010-11-24,5.9523811889073204e-06
2010-11-26,6.150793698098924e-06
2010-11-29,6.150793698098924e-06
2010-11-30,6.3492062072905275e-06
2010-12-01,6.150793698098924e-06
2010-12-02,5.753968088399797e-06
2010-12-03,5.158729969509064e-06
2010-12-06,4.96031746031746e-06
2010-12-07,5.555555579208193e-06
2010-12-08,5.357143070016589e-06
2010-12-09,5.357143070016589e-06
2010-12-10,4.5634921462762925e-06
2010-12-13,4.761904655467896e-06
2010-12-14,5.357143070016589e-06
2010-12-15,5.357143070016589e-06
2010-12-16,4.96031746031746e-06
2010-12-17,4.166666536577164e-06
2010-12-20,3.968254027385561e-06
2010-12-21,5.158729969509064e-06
2010-12-22,5.158729969509064e-06
2010-12-23,5.158729969509064e-06
2010-12-27,4.761904655467896e-06
2010-12-28,5.555555579208193e-06
2010-12-29,4.96031746031746e-06
2010-12-30,4.365079341426728e-06
2010-12-31,4.5634921462762925e-06
2011-01-03,4.761904655467896e-06
2011-01-04,5.357143070016589e-06
2011-01-05,5.357143070016589e-06
2011-01-06,5.555555579208193e-06
2011-01-07,5.357143070016589e-06
2011-01-10,5.357143070016589e-06
2011-01-11,5.753968088399797e-06
2011-01-12,5.753968088399797e-06
2011-01-13,5.555555579208193e-06
2011-01-14,5.753968088399797e-06
2011-01-18,5.753968088399797e-06
2011-01-19,6.150793698098924e-06
2011-01-20,6.150793698098924e-06
2011-01-21,5.9523811889073204e-06
2011-01-24,5.9523811889073204e-06
2011-01-25,5.9523811889073204e-06
2011-01-26,6.150793698098924e-06
2011-01-27,5.555555579208193e-06
2011-01-28,5.357143070016589e-06
2011-01-31,5.753968088399797e-06
2011-02-01,5.9523811889073204e-06
2011-02-02,5.9523811889073204e-06
2011-02-03,5.753968088399797e-06
2011-02-04,5.753968088399797e-06
2011-02-07,5.555555579208193e-06
2011-02-08,5.753968088399797e-06
2011-02-09,5.158729969509064e-06
2011-02-10,4.365079341426728e-06
2011-02-11,4.365079341426728e-06
2011-02-14,4.365079341426728e-06
2011-02-15,4.96031746031746e-06
2011-02-16,4.365079341426728e-06
2011-02-17,3.5714287133443927e-06
2011-02-18,3.5714287133443927e-06
2011-02-22,3.968254027385561e-06
2011-02-23,4.5634921462762925e-06
2011-02-24,4.761904655467896e-06
2011-02-25,4.96031746031746e-06
2011-02-28,5.357143070016589e-06
2011-03-01,5.158729969509064e-06
2011-03-02,4.761904655467896e-06
2011-03-03,4.96031746031746e-06
2011-03-04,4.365079341426728e-06
2011-03-07,3.968254027385561e-06
2011-03-08,4.166666536577164e-06
2011-03-09,3.7698412225359962e-06
2011-03-10,2.579364984754532e-06
2011-03-11,2.7777777896040964e-06
2011-03-14,2.9761905944536602e-06
2011-03-15,3.7698412225359962e-06
2011-03-16,3.3730159084948284e-06
2011-03-17,2.7777777896040964e-06
2011-03-18,2.579364984754532e-06
2011-03-21,2.7777777896040964e-06
2011-03-22,3.5714287133443927e-06
2011-03-23,3.3730159084948284e-06
2011-03-24,3.1746031036452638e-06
2011-03-25,3.1746031036452638e-06
2011-03-28,3.1746031036452638e-06
2011-03-29,3.7698412225359962e-06
2011-03-30,3.7698412225359962e-06
2011-03-31,3.5714287133443927e-06
2011-04-01,2.182539670713364e-06
2011-04-04,1.3888888948020482e-06
2011-04-05,2.579364984754532e-06
2011-04-06,1.9841270136927804e-06
2011-04-07,1.3888888948020482e-06
2011-04-08,1.3888888948020482e-06
2011-04-11,1.3888888948020482e-06
2011-04-12,1.7857143566721963e-06
2011-04-13,1.9841270136927804e-06
2011-04-14,2.579364984754532e-06
2011-04-15,2.380952327733948e-06
2011-04-18,2.182539670713364e-06
2011-04-19,2.182539670713364e-06
2011-04-20,2.182539670713364e-06
2011-04-21,1.7857143566721963e-06
2011-04-25,1.7857143566721963e-06
2011-04-26,2.182539670713364e-06
2011-04-27,1.9841270136927804e-06
2011-04-28,1.3888888948020482e-06
2011-04-29,1.5873015518226319e-06
2011-05-02,1.190476163866974e-06
2011-05-03,9.920635068463902e-07
2011-05-04,7.936507759113159e-07
2011-05-05,3.9682538795565797e-07
2011-05-06,1.9841269397782899e-07
2011-05-09,1.9841269397782899e-07
2011-05-10,9.920635068463902e-07
2011-05-11,7.936507759113159e-07
2011-05-12,7.936507759113159e-07
2011-05-13,7.936507759113159e-07
2011-05-16,7.936507759113159e-07
2011-05-17,1.3888888948020482e-06
2011-05-18,1.5873015518226319e-06
2011-05-19,1.5873015518226319e-06
2011-05-20,1.5873015518226319e-06
2011-05-23,1.7857143566721963e-06
2011-05-24,1.9841270136927804e-06
2011-05-25,1.7857143566721963e-06
2011-05-26,1.7857143566721963e-06
2011-05-27,1.3888888948020482e-06
2011-05-31,1.5873015518226319e-06
2011-06-01,1.5873015518226319e-06
2011-06-02,1.3888888948020482e-06
2011-06-03,1.190476163866974e-06
2011-06-06,1.190476163866974e-06
2011-06-07,1.5873015518226319e-06
2011-06-08,1.3888888948020482e-06
2011-06-09,1.5873015518226319e-06
2011-06-10,1.3888888948020482e-06
2011-06-13,1.5873015518226319e-06
2011-06-14,1.9841270136927804e-06
2011-06-15,1.7857143566721963e-06
2011-06-16,1.3888888948020482e-06
2011-06-17,9.920635068463902e-07
2011-06-20,5.95238081933487e-07
2011-06-21,7.936507759113159e-07
2011-06-22,3.9682538795565797e-07
2011-06-23,1.9841269397782899e-07
2011-06-24,3.9682538795565797e-07
2011-06-27,5.95238081933487e-07
2011-06-28,9.920635068463902e-07
2011-06-29,7.936507759113159e-07
2011-06-30,5.95238081933487e-07
2011-07-01,3.9682538795565797e-07
2011-07-05,3.9682538795565797e-07
2011-07-06,1.9841269397782899e-07
2011-07-07,7.936507759113159e-07
2011-07-08,7.936507759113159e-07
2011-07-11,5.95238081933487e-07
2011-07-12,1.190476163866974e-06
2011-07-13,1.9841269397782899e-07
2011-07-14,1.9841269397782899e-07
2011-07-15,1.9841269397782899e-07
2011-07-18,1.9841269397782899e-07
2011-07-19,9.920635068463902e-07
2011-07-20,7.936507759113159e-07
2011-07-21,1.3888888948020482e-06
2011-07-22,1.190476163866974e-06
2011-07-25,1.3888888948020482e-06
2011-07-26,2.579364984754532e-06
2011-07-27,2.7777777896040964e-06
2011-07-28,2.579364984754532e-06
2011-07-29,3.5714287133443927e-06
2011-08-01,2.9761905944536602e-06
2011-08-02,1.9841270136927804e-06
2011-08-03,3.9682538795565797e-07
2011-08-04,3.9682538795565797e-07
2011-08-05,3.9682538795565797e-07
2011-08-08,5.95238081933487e-07
2011-08-09,1.190476163866974e-06
2011-08-10,5.95238081933487e-07
2011-08-11,3.9682538795565797e-07
2011-08-12,1.9841269397782899e-07
2011-08-15,1.9841269397782899e-07
2011-08-16,7.936507759113159e-07
2011-08-17,1.9841269397782899e-07
2011-08-18,3.9682538795565797e-07
2011-08-19,3.9682538795565797e-07
2011-08-22,1.9841269397782899e-07
2011-08-23,1.9841269397782899e-07
2011-08-24,3.9682538795565797e-07
2011-08-25,3.9682538795565797e-07
2011-08-26,3.9682538795565797e-07
2011-08-29,1.9841269397782899e-07
2011-08-30,5.95238081933487e-07
2011-08-31,5.95238081933487e-07
2011-09-01,3.9682538795565797e-07
2011-09-02,5.95238081933487e-07
2011-09-06,5.95238081933487e-07
2011-09-07,5.95238081933487e-07
2011-09-08,3.9682538795565797e-07
2011-09-09,1.9841269397782899e-07
2011-09-12,1.9841269397782899e-07
2011-09-13,1.9841269397782899e-07
2011-09-14,1.9841269397782899e-07
2011-09-15,1.9841269397782899e-07
2011-09-16,1.9841269397782899e-07
2011-09-19,1.9841269397782899e-07
2011-09-20,1.9841269397782899e-07
2011-09-21,1.9841269397782899e-07
2011-09-22,1.9841269397782899e-07
2011-09-23,1.9841269397782899e-07
2011-09-26,1.9841269397782899e-07
2011-09-27,3.9682538795565797e-07
2011-09-28,3.9682538795565797e-07
2011-09-29,3.9682538795565797e-07
2011-09-30,3.9682538795565797e-07
2011-10-03,7.936507759113159e-07
2011-10-04,1.9841269397782899e-07
2011-10-05,1.9841269397782899e-07
2011-10-06,1.9841269397782899e-07
2011-10-07,1.9841269397782899e-07
2011-10-10,1.9841269397782899e-07
2011-10-11,1.9841269397782899e-07
2011-10-12,5.95238081933487e-07
2011-10-13,5.95238081933487e-07
2011-10-14,5.95238081933487e-07
2011-10-17,7.936507759113159e-07
2011-10-18,9.920635068463902e-07
2011-10-19,7.936507759113159e-07
2011-10-20,5.95238081933487e-07
2011-10-21,5.95238081933487e-07
2011-10-24,1.9841269397782899e-07
2011-10-25,5.95238081933487e-07
2011-10-26,5.95238081933487e-07
2011-10-27,3.9682538795565797e-07
2011-10-28,3.9682538795565797e-07
2011-10-31,1.9841269397782899e-07
2011-11-01,1.9841269397782899e-07
2011-11-02,1.9841269397782899e-07
2011-11-03,1.9841269397782899e-07
2011-11-04,1.9841269397782899e-07
2011-11-07,1.9841269397782899e-07
2011-11-08,1.9841269397782899e-07
2011-11-09,1.9841269397782899e-07
2011-11-10,1.9841269397782899e-07
2011-11-11,1.9841269397782899e-07
2011-11-14,1.9841269397782899e-07
2011-11-15,3.9682538795565797e-07
2011-11-16,1.9841269397782899e-07
2011-11-17,1.9841269397782899e-07
2011-11-18,1.9841269397782899e-07
2011-11-21,1.9841269397782899e-07
2011-11-22,5.95238081933487e-07
2011-11-23,5.95238081933487e-07
2011-11-25,1.9841269397782899e-07
2011-11-28,3.9682538795565797e-07
2011-11-29,5.95238081933487e-07
2011-11-30,5.95238081933487e-07
2011-12-01,5.95238081933487e-07
2011-12-02,5.95238081933487e-07
2011-12-05,5.95238081933487e-07
2011-12-06,1.9841269397782899e-07
2011-12-07,1.9841269397782899e-07
2011-12-08,1.9841269397782899e-07
2011-12-09,1.9841269397782899e-07
2011-12-12,1.9841269397782899e-07
2011-12-13,1.9841269397782899e-07
2011-12-14,1.9841269397782899e-07
2011-12-15,1.9841269397782899e-07
2011-12-16,1.9841269397782899e-07
2011-12-19,1.9841269397782899e-07
2011-12-20,1.9841269397782899e-07
2011-12-21,1.9841269397782899e-07
2011-12-22,1.9841269397782899e-07
2011-12-23,1.9841269397782899e-07
2011-12-27,1.9841269397782899e-07
2011-12-28,1.9841269397782899e-07
2011-12-29,1.9841269397782899e-07
2011-12-30,1.9841269397782899e-07
2012-01-03,1.9841269397782899e-07
2012-01-04,3.9682538795565797e-07
2012-01-05,3.9682538795565797e-07
2012-01-06,5.95238081933487e-07
2012-01-09,1.9841269397782899e-07
2012-01-10,3.9682538795565797e-07
2012-01-11,5.95238081933487e-07
2012-01-12,7.936507759113159e-07
2012-01-13,7.936507759113159e-07
2012-01-17,7.936507759113159e-07
2012-01-18,9.920635068463902e-07
2012-01-19,1.5873015518226319e-06
2012-01-20,1.5873015518226319e-06
2012-01-23,1.3888888948020482e-06
2012-01-24,1.3888888948020482e-06
2012-01-25,1.3888888948020482e-06
2012-01-26,1.7857143566721963e-06
2012-01-27,1.9841270136927804e-06
2012-01-30,1.7857143566721963e-06
2012-01-31,2.182539670713364e-06
2012-02-01,2.182539670713364e-06
2012-02-02,2.9761905944536602e-06
2012-02-03,2.7777777896040964e-06
2012-02-06,2.579364984754532e-06
2012-02-07,3.1746031036452638e-06
2012-02-08,2.9761905944536602e-06
2012-02-09,3.3730159084948284e-06
2012-02-10,3.1746031036452638e-06
2012-02-13,3.7698412225359962e-06
2012-02-14,4.365079341426728e-06
2012-02-15,4.166666536577164e-06
2012-02-16,3.7698412225359962e-06
2012-02-17,2.9761905944536602e-06
2012-02-21,2.7777777896040964e-06
2012-02-22,3.1746031036452638e-06
2012-02-23,3.3730159084948284e-06
2012-02-24,3.5714287133443927e-06
2012-02-27,3.968254027385561e-06
2012-02-28,3.7698412225359962e-06
2012-02-29,2.9761905944536602e-06
2012-03-01,2.7777777896040964e-06
2012-03-02,2.380952327733948e-06
2012-03-05,2.380952327733948e-06
2012-03-06,2.7777777896040964e-06
2012-03-07,2.9761905944536602e-06
2012-03-08,2.9761905944536602e-06
2012-03-09,3.1746031036452638e-06
2012-03-12,2.9761905944536602e-06
2012-03-13,3.1746031036452638e-06
2012-03-14,3.1746031036452638e-06
2012-03-15,2.9761905944536602e-06
2012-03-16,3.1746031036452638e-06
2012-03-19,2.9761905944536602e-06
2012-03-20,3.7698412225359962e-06
2012-03-21,3.3730159084948284e-06
2012-03-22,2.7777777896040964e-06
2012-03-23,2.7777777896040964e-06
2012-03-26,2.7777777896040964e-06
2012-03-27,3.1746031036452638e-06
2012-03-28,2.9761905944536602e-06
2012-03-29,2.182539670713364e-06
2012-03-30,2.579364984754532e-06
2012-04-02,2.380952327733948e-06
2012-04-03,2.9761905944536602e-06
2012-04-04,2.7777777896040964e-06
2012-04-05,2.7777777896040964e-06
2012-04-09,2.9761905944536602e-06
2012-04-10,3.3730159084948284e-06
2012-04-11,3.3730159084948284e-06
2012-04-12,3.3730159084948284e-06
2012-04-13,3.1746031036452638e-06
2012-04-16,2.9761905944536602e-06
2012-04-17,2.9761905944536602e-06
2012-04-18,2.579364984754532e-06
2012-04-19,2.579364984754532e-06
2012-04-20,2.579364984754532e-06
2012-04-23,2.7777777896040964e-06
2012-04-24,3.1746031036452638e-06
2012-04-25,3.3730159084948284e-06
2012-04-26,3.3730159084948284e-06
2012-04-27,3.3730159084948284e-06
2012-04-30,3.5714287133443927e-06
2012-05-01,3.3730159084948284e-06
2012-05-02,3.1746031036452638e-06
2012-05-03,2.9761905944536602e-06
2012-05-04,2.7777777896040964e-06
2012-05-07,2.9761905944536602e-06
2012-05-08,3.5714287133443927e-06
2012-05-09,3.5714287133443927e-06
2012-05-10,3.5714287133443927e-06
2012-05-11,3.5714287133443927e-06
2012-05-14,3.3730159084948284e-06
2012-05-15,3.5714287133443927e-06
2012-05-16,3.7698412225359962e-06
2012-05-17,3.5714287133443927e-06
2012-05-18,2.9761905944536602e-06
2012-05-21,2.380952327733948e-06
2012-05-22,3.3730159084948284e-06
2012-05-23,3.1746031036452638e-06
2012-05-24,3.5714287133443927e-06
2012-05-25,3.1746031036452638e-06
2012-05-29,2.9761905944536602e-06
2012-05-30,2.579364984754532e-06
2012-05-31,2.380952327733948e-06
2012-06-01,2.579364984754532e-06
2012-06-04,2.579364984754532e-06
2012-06-05,3.1746031036452638e-06
2012-06-06,3.1746031036452638e-06
2012-06-07,3.1746031036452638e-06
2012-06-08,3.1746031036452638e-06
2012-06-11,2.9761905944536602e-06
2012-06-12,3.5714287133443927e-06
2012-06-13,3.5714287133443927e-06
2012-06-14,3.7698412225359962e-06
2012-06-15,3.3730159084948284e-06
2012-06-18,2.9761905944536602e-06
2012-06-19,3.5714287133443927e-06
2012-06-20,3.1746031036452638e-06
2012-06-21,2.9761905944536602e-06
2012-06-22,2.9761905944536602e-06
2012-06-25,2.9761905944536602e-06
2012-06-26,3.7698412225359962e-06
2012-06-27,3.1746031036452638e-06
2012-06-28,2.9761905944536602e-06
2012-06-29,3.1746031036452638e-06
2012-07-02,2.7777777896040964e-06
2012-07-03,2.9761905944536602e-06
2012-07-05,2.9761905944536602e-06
2012-07-06,2.7777777896040964e-06
2012-07-09,2.7777777896040964e-06
2012-07-10,3.5714287133443927e-06
2012-07-11,3.5714287133443927e-06
2012-07-12,3.7698412225359962e-06
2012-07-13,3.5714287133443927e-06
2012-07-16,3.3730159084948284e-06
2012-07-17,3.7698412225359962e-06
2012-07-18,3.3730159084948284e-06
2012-07-19,3.1746031036452638e-06
2012-07-20,3.3730159084948284e-06
2012-07-23,3.5714287133443927e-06
2012-07-24,3.7698412225359962e-06
2012-07-25,3.7698412225359962e-06
2012-07-26,3.968254027385561e-06
2012-07-27,3.968254027385561e-06
2012-07-30,3.5714287133443927e-06
2012-07-31,3.968254027385561e-06
2012-08-01,3.5714287133443927e-06
2012-08-02,3.3730159084948284e-06
2012-08-03,2.9761905944536602e-06
2012-08-06,2.9761905944536602e-06
2012-08-07,3.968254027385561e-06
2012-08-08,4.166666536577164e-06
2012-08-09,4.365079341426728e-06
2012-08-10,3.7698412225359962e-06
2012-08-13,3.7698412225359962e-06
2012-08-14,4.166666536577164e-06
2012-08-15,3.1746031036452638e-06
2012-08-16,2.9761905944536602e-06
2012-08-17,3.1746031036452638e-06
2012-08-20,3.3730159084948284e-06
2012-08-21,4.166666536577164e-06
2012-08-22,3.968254027385561e-06
2012-08-23,3.7698412225359962e-06
2012-08-24,3.5714287133443927e-06
2012-08-27,3.7698412225359962e-06
2012-08-28,3.968254027385561e-06
2012-08-29,3.7698412225359962e-06
2012-08-30,3.5714287133443927e-06
2012-08-31,3.3730159084948284e-06
2012-09-04,3.5714287133443927e-06
2012-09-05,3.968254027385561e-06
2012-09-06,3.968254027385561e-06
2012-09-07,3.968254027385561e-06
2012-09-10,3.7698412225359962e-06
2012-09-11,3.968254027385561e-06
2012-09-12,3.7698412225359962e-06
2012-09-13,3.7698412225359962e-06
2012-09-14,3.7698412225359962e-06
2012-09-17,3.5714287133443927e-06
2012-09-18,3.968254027385561e-06
2012-09-19,4.166666536577164e-06
2012-09-20,4.166666536577164e-06
2012-09-21,3.968254027385561e-06
2012-09-24,3.7698412225359962e-06
2012-09-25,4.166666536577164e-06
2012-09-26,3.968254027385561e-06
2012-09-27,3.3730159084948284e-06
2012-09-28,3.5714287133443927e-06
2012-10-01,3.1746031036452638e-06
2012-10-02,3.5714287133443927e-06
2012-10-03,3.3730159084948284e-06
2012-10-04,3.7698412225359962e-06
2012-10-05,3.968254027385561e-06
2012-10-08,3.7698412225359962e-06
2012-10-09,3.7698412225359962e-06
2012-10-10,3.7698412225359962e-06
2012-10-11,3.7698412225359962e-06
2012-10-12,3.968254027385561e-06
2012-10-15,3.7698412225359962e-06
2012-10-16,3.968254027385561e-06
2012-10-17,4.166666536577164e-06
2012-10-18,3.7698412225359962e-06
2012-10-19,3.5714287133443927e-06
2012-10-22,3.5714287133443927e-06
2012-10-23,3.968254027385561e-06
2012-10-24,4.166666536577164e-06
2012-10-25,4.365079341426728e-06
2012-10-26,4.166666536577164e-06
2012-10-31,4.166666536577164e-06
2012-11-01,3.5714287133443927e-06
2012-11-02,3.5714287133443927e-06
2012-11-05,3.5714287133443927e-06
2012-11-06,3.968254027385561e-06
2012-11-07,3.5714287133443927e-06
2012-11-08,3.3730159084948284e-06
2012-11-09,3.5714287133443927e-06
2012-11-12,3.4523808530398775e-06
2012-11-13,3.3730159084948284e-06
2012-11-14,3.7698412225359962e-06
2012-11-15,2.9761905944536602e-06
2012-11-16,2.9761905944536602e-06
2012-11-19,2.9761905944536602e-06
2012-11-20,3.3730159084948284e-06
2012-11-21,3.5714287133443927e-06
2012-11-23,3.5714287133443927e-06
2012-11-26,3.5714287133443927e-06
2012-11-27,3.7698412225359962e-06
2012-11-28,3.650793657889442e-06
2012-11-29,3.1746031036452638e-06
2012-11-30,2.9761905944536602e-06
2012-12-03,3.0555555389987097e-06
2012-12-04,3.5714287133443927e-06
2012-12-05,3.5714287133443927e-06
2012-12-06,3.5714287133443927e-06
2012-12-07,3.1746031036452638e-06
2012-12-10,2.9761905944536602e-06
2012-12-11,2.9761905944536602e-06
2012-12-12,2.380952327733948e-06
2012-12-13,2.06349210606681e-06
2012-12-14,9.920635068463902e-07
2012-12-17,8.730158682853457e-07
2012-12-18,2.182539670713364e-06
2012-12-19,1.7857143566721963e-06
2012-12-20,1.9841270136927804e-06
2012-12-21,1.9841270136927804e-06
2012-12-24,1.9841270136927804e-06
2012-12-26,2.182539670713364e-06
2012-12-27,2.7777777896040964e-06
2012-12-28,3.9682538795565797e-07
2012-12-31,1.3888888948020482e-06
2013-01-02,2.182539670713364e-06
2013-01-03,2.579364984754532e-06
2013-01-04,2.579364984754532e-06
2013-01-07,2.3015872353599184e-06
2013-01-08,2.380952327733948e-06
2013-01-09,2.182539670713364e-06
2013-01-10,2.182539670713364e-06
2013-01-11,2.5000000402094826e-06
2013-01-14,2.380952327733948e-06
2013-01-15,3.1746031036452638e-06
2013-01-16,2.8571427341491455e-06
2013-01-17,2.7777777896040964e-06
2013-01-18,2.7777777896040964e-06
2013-01-22,2.380952327733948e-06
2013-01-23,2.7777777896040964e-06
2013-01-24,2.9761905944536602e-06
2013-01-25,2.7777777896040964e-06
2013-01-28,2.380952327733948e-06
2013-01-29,2.5000000402094826e-06
2013-01-30,2.380952327733948e-06
2013-01-31,2.579364984754532e-06
2013-02-01,2.380952327733948e-06
2013-02-04,2.182539670713364e-06
2013-02-05,2.7777777896040964e-06
2013-02-06,2.579364984754532e-06
2013-02-07,2.579364984754532e-06
2013-02-08,2.579364984754532e-06
2013-02-11,2.579364984754532e-06
2013-02-12,3.2936506682918186e-06
2013-02-13,3.3730159084948284e-06
2013-02-14,3.7698412225359962e-06
2013-02-15,3.7698412225359962e-06
2013-02-19,3.968254027385561e-06
2013-02-20,4.5634921462762925e-06
2013-02-21,4.761904655467896e-06
2013-02-22,4.761904655467896e-06
2013-02-25,4.5634921462762925e-06
2013-02-26,4.365079341426728e-06
2013-02-27,3.968254027385561e-06
2013-02-28,3.968254027385561e-06
2013-03-01,3.968254027385561e-06
2013-03-04,3.3730159084948284e-06
2013-03-05,3.3730159084948284e-06
2013-03-06,3.650793657889442e-06
2013-03-07,3.5714287133443927e-06
2013-03-08,3.4523808530398775e-06
2013-03-11,3.4523808530398775e-06
2013-03-12,3.650793657889442e-06
2013-03-13,3.3730159084948284e-06
2013-03-14,3.5714287133443927e-06
2013-03-15,3.2936506682918186e-06
2013-03-18,2.8571427341491455e-06
2013-03-19,2.7777777896040964e-06
2013-03-20,2.5000000402094826e-06
2013-03-21,2.380952327733948e-06
2013-03-22,2.579364984754532e-06
2013-03-25,2.3015872353599184e-06
2013-03-26,2.8571427341491455e-06
2013-03-27,3.1746031036452638e-06
2013-03-28,2.579364984754532e-06
2013-04-01,2.579364984754532e-06
2013-04-02,2.6984128450590464e-06
2013-04-03,2.182539670713364e-06
2013-04-04,2.579364984754532e-06
2013-04-05,2.380952327733948e-06
2013-04-08,2.182539670713364e-06
2013-04-09,2.5000000402094826e-06
2013-04-10,2.579364984754532e-06
2013-04-11,2.5000000402094826e-06
2013-04-12,2.182539670713364e-06
2013-04-15,2.182539670713364e-06
2013-04-16,2.06349210606681e-06
2013-04-17,1.9841270136927804e-06
2013-04-18,1.9841270136927804e-06
2013-04-19,1.7857143566721963e-06
2013-04-22,1.7857143566721963e-06
2013-04-23,1.7857143566721963e-06
2013-04-24,1.9047619213187506e-06
2013-04-25,1.9841270136927804e-06
2013-04-26,1.7857143566721963e-06
2013-04-29,1.7857143566721963e-06
2013-04-30,1.7857143566721963e-06
2013-05-01,1.9841270136927804e-06
2013-05-02,1.9841270136927804e-06
2013-05-03,1.7857143566721963e-06
2013-05-06,1.190476163866974e-06
2013-05-07,1.3888888948020482e-06
2013-05-08,1.3888888948020482e-06
2013-05-09,1.3888888948020482e-06
2013-05-10,1.3888888948020482e-06
2013-05-13,1.3888888948020482e-06
2013-05-14,1.5873015518226319e-06
2013-05-15,1.4682539871760777e-06
2013-05-16,9.920635068463902e-07
2013-05-17,1.190476163866974e-06
2013-05-20,1.3888888948020482e-06
2013-05-21,1.5873015518226319e-06
2013-05-22,1.3888888948020482e-06
2013-05-23,1.5873015518226319e-06
2013-05-24,1.4682539871760777e-06
2013-05-28,1.3888888948020482e-06
2013-05-29,1.5873015518226319e-06
2013-05-30,9.920635068463902e-07
2013-05-31,1.190476163866974e-06
2013-06-03,1.190476163866974e-06
2013-06-04,1.5873015518226319e-06
2013-06-05,1.7857143566721963e-06
2013-06-06,1.7857143566721963e-06
2013-06-07,1.5873015518226319e-06
2013-06-10,1.5873015518226319e-06
2013-06-11,1.7857143566721963e-06
2013-06-12,1.5873015518226319e-06
2013-06-13,1.7063492642981665e-06
2013-06-14,1.5873015518226319e-06
2013-06-17,1.5873015518226319e-06
2013-06-18,1.7857143566721963e-06
2013-06-19,1.5873015518226319e-06
2013-06-20,1.5873015518226319e-06
2013-06-21,1.5873015518226319e-06
2013-06-24,1.5873015518226319e-06
2013-06-25,2.3015872353599184e-06
2013-06-26,2.182539670713364e-06
2013-06-27,1.7857143566721963e-06
2013-06-28,1.190476163866974e-06
2013-07-01,3.9682538795565797e-07
2013-07-02,1.3888888948020482e-06
2013-07-03,1.3888888948020482e-06
2013-07-05,1.3888888948020482e-06
2013-07-08,1.3888888948020482e-06
2013-07-09,1.3888888948020482e-06
2013-07-10,1.190476163866974e-06
2013-07-11,1.190476163866974e-06
2013-07-12,1.190476163866974e-06
2013-07-15,7.936507759113159e-07
2013-07-16,1.3888888948020482e-06
2013-07-17,9.920635068463902e-07
2013-07-18,8.730158682853457e-07
2013-07-19,7.936507759113159e-07
2013-07-22,1.9841269397782899e-07
2013-07-23,7.936507759113159e-07
2013-07-24,7.936507759113159e-07
2013-07-25,5.95238081933487e-07
2013-07-26,5.95238081933487e-07
2013-07-29,7.936507759113159e-07
2013-07-30,1.190476163866974e-06
2013-07-31,1.190476163866974e-06
2013-08-01,1.3888888948020482e-06
2013-08-02,1.190476163866974e-06
2013-08-05,1.3888888948020482e-06
2013-08-06,1.5873015518226319e-06
2013-08-07,1.5873015518226319e-06
2013-08-08,1.7857143566721963e-06
2013-08-09,1.9047619213187506e-06
2013-08-12,1.9047619213187506e-06
2013-08-13,2.06349210606681e-06
2013-08-14,1.9841270136927804e-06
2013-08-15,1.7857143566721963e-06
2013-08-16,1.5873015518226319e-06
2013-08-19,1.5873015518226319e-06
2013-08-20,1.7857143566721963e-06
2013-08-21,1.3095238024280185e-06
2013-08-22,7.936507759113159e-07
2013-08-23,8.730158682853457e-07
2013-08-26,5.158730265167025e-07
2013-08-27,1.3095238024280185e-06
2013-08-28,1.190476163866974e-06
2013-08-29,7.936507759113159e-07
2013-08-30,7.936507759113159e-07
2013-09-03,5.95238081933487e-07
2013-09-04,5.95238081933487e-07
2013-09-05,5.95238081933487e-07
2013-09-06,5.95238081933487e-07
2013-09-09,3.9682538795565797e-07
2013-09-10,5.95238081933487e-07
2013-09-11,5.95238081933487e-07
2013-09-12,3.9682538795565797e-07
2013-09-13,3.9682538795565797e-07
2013-09-16,1.1904762008242191e-07
2013-09-17,1.9841269397782899e-07
2013-09-18,1.9841269397782899e-07
2013-09-19,1.9841269397782899e-07
2013-09-20,1.9841269397782899e-07
2013-09-23,1.9841269397782899e-07
2013-09-24,5.95238081933487e-07
2013-09-25,5.95238081933487e-07
2013-09-26,1.1904762008242191e-07
2013-09-27,1.9841269397782899e-07
2013-09-30,1.9841269397782899e-07
2013-10-01,5.158730265167025e-07
2013-10-02,3.9682538795565797e-07
2013-10-03,7.936507759113159e-07
2013-10-04,7.142856835372864e-07
2013-10-07,7.142856835372864e-07
2013-10-08,1.7857143566721963e-06
2013-10-09,1.4682539871760777e-06
2013-10-10,1.5873015518226319e-06
2013-10-11,2.5000000402094826e-06
2013-10-14,2.3015872353599184e-06
2013-10-15,3.650793657889442e-06
2013-10-16,3.650793657889442e-06
2013-10-17,1.4682539871760777e-06
2013-10-18,9.920635068463902e-07
2013-10-21,9.920635068463902e-07
2013-10-22,1.3095238024280185e-06
2013-10-23,1.190476163866974e-06
2013-10-24,1.190476163866974e-06
2013-10-25,1.190476163866974e-06
2013-10-28,7.936507759113159e-07
2013-10-29,1.5873015518226319e-06
2013-10-30,1.3888888948020482e-06
2013-10-31,1.3095238024280185e-06
2013-11-01,1.3095238024280185e-06
2013-11-04,1.3095238024280185e-06
2013-11-05,1.7857143566721963e-06
2013-11-06,1.7857143566721963e-06
2013-11-07,1.9047619213187506e-06
2013-11-08,2.06349210606681e-06
2013-11-11,2.06349210606681e-06
2013-11-12,2.3015872353599184e-06
2013-11-13,2.7777777896040964e-06
2013-11-14,2.6984128450590464e-06
2013-11-15,2.7777777896040964e-06
2013-11-18,2.579364984754532e-06
2013-11-19,3.1746031036452638e-06
2013-11-20,3.0555555389987097e-06
2013-11-21,2.7777777896040964e-06
2013-11-22,2.579364984754532e-06
2013-11-25,2.380952327733948e-06
2013-11-26,2.6984128450590464e-06
2013-11-27,2.5000000402094826e-06
2013-11-29,2.182539670713364e-06
2013-12-02,1.9841270136927804e-06
2013-12-03,1.3888888948020482e-06
2013-12-04,2.06349210606681e-06
2013-12-05,1.9047619213187506e-06
2013-12-06,2.06349210606681e-06
2013-12-09,2.06349210606681e-06
2013-12-10,2.7777777896040964e-06
2013-12-11,2.6984128450590464e-06
2013-12-12,2.5000000402094826e-06
2013-12-13,2.380952327733948e-06
2013-12-16,2.3015872353599184e-06
2013-12-17,2.5000000402094826e-06
2013-12-18,2.380952327733948e-06
2013-12-19,2.3015872353599184e-06
2013-12-20,2.182539670713364e-06
2013-12-23,2.3015872353599184e-06
2013-12-24,2.6984128450590464e-06
2013-12-26,2.380952327733948e-06
2013-12-27,2.3015872353599184e-06
2013-12-30,2.182539670713364e-06
2013-12-31,2.5000000402094826e-06
2014-01-02,2.3015872353599184e-06
2014-01-03,2.3015872353599184e-06
2014-01-06,1.7857143566721963e-06
2014-01-07,1.7063492642981665e-06
2014-01-08,1.5873015518226319e-06
2014-01-09,1.3095238024280185e-06
2014-01-10,1.3095238024280185e-06
2014-01-13,1.190476163866974e-06
2014-01-14,1.3095238024280185e-06
2014-01-15,1.3888888948020482e-06
2014-01-16,1.190476163866974e-06
2014-01-17,1.190476163866974e-06
2014-01-21,1.1111111454074344e-06
2014-01-22,1.190476163866974e-06
2014-01-23,1.190476163866974e-06
2014-01-24,1.3095238024280185e-06
2014-01-27,1.9047619213187506e-06
2014-01-28,1.7857143566721963e-06
2014-01-29,1.5873015518226319e-06
2014-01-30,5.95238081933487e-07
2014-01-31,3.9682538795565797e-07
2014-02-03,7.936507759113159e-07
2014-02-04,2.182539670713364e-06
2014-02-05,2.182539670713364e-06
2014-02-06,2.380952327733948e-06
2014-02-07,2.8571427341491455e-06
2014-02-10,2.182539670713364e-06
2014-02-11,1.7857143566721963e-06
2014-02-12,1.7063492642981665e-06
2014-02-13,9.920635068463902e-07
2014-02-14,3.9682538795565797e-07
2014-02-18,5.95238081933487e-07
2014-02-19,1.7857143566721963e-06
2014-02-20,1.5873015518226319e-06
2014-02-21,1.3888888948020482e-06
2014-02-24,1.3095238024280185e-06
2014-02-25,1.5873015518226319e-06
2014-02-26,1.5873015518226319e-06
2014-02-27,1.3888888948020482e-06
2014-02-28,1.7063492642981665e-06
2014-03-03,1.7063492642981665e-06
2014-03-04,1.9047619213187506e-06
2014-03-05,1.9841270136927804e-06
2014-03-06,1.7857143566721963e-06
2014-03-07,1.7857143566721963e-06
2014-03-10,1.5873015518226319e-06
2014-03-11,1.7857143566721963e-06
2014-03-12,1.5873015518226319e-06
2014-03-13,1.5873015518226319e-06
2014-03-14,1.5873015518226319e-06
2014-03-17,1.7063492642981665e-06
2014-03-18,1.9841270136927804e-06
2014-03-19,1.9841270136927804e-06
2014-03-20,2.06349210606681e-06
2014-03-21,1.7857143566721963e-06
2014-03-24,1.7063492642981665e-06
2014-03-25,1.7857143566721963e-06
2014-03-26,1.4682539871760777e-06
2014-03-27,1.3095238024280185e-06
2014-03-28,1.3095238024280185e-06
2014-03-31,1.1111111454074344e-06
2014-04-01,1.190476163866974e-06
2014-04-02,7.142856835372864e-07
2014-04-03,5.95238081933487e-07
2014-04-04,7.936507759113159e-07
2014-04-07,7.936507759113159e-07
2014-04-08,9.920635068463902e-07
2014-04-09,1.1111111454074344e-06
2014-04-10,1.1111111454074344e-06
2014-04-11,1.190476163866974e-06
2014-04-14,1.190476163866974e-06
2014-04-15,1.190476163866974e-06
2014-04-16,9.920635068463902e-07
2014-04-17,9.920635068463902e-07
2014-04-21,9.920635068463902e-07
2014-04-22,9.920635068463902e-07
2014-04-23,5.95238081933487e-07
2014-04-24,2.777777863518586e-07
2014-04-25,2.777777863518586e-07
2014-04-28,1.1904762008242191e-07
2014-04-29,5.95238081933487e-07
2014-04-30,7.936507759113159e-07
2014-05-01,7.142856835372864e-07
2014-05-02,5.95238081933487e-07
2014-05-05,5.95238081933487e-07
2014-05-06,7.936507759113159e-07
2014-05-07,7.936507759113159e-07
2014-05-08,8.730158682853457e-07
2014-05-09,8.730158682853457e-07
2014-05-12,7.936507759113159e-07
2014-05-13,7.936507759113159e-07
2014-05-14,7.936507759113159e-07
2014-05-15,7.142856835372864e-07
2014-05-16,5.95238081933487e-07
2014-05-19,7.142856835372864e-07
2014-05-20,9.920635068463902e-07
2014-05-21,9.920635068463902e-07
2014-05-22,1.1111111454074344e-06
2014-05-23,1.1111111454074344e-06
2014-05-27,1.1111111454074344e-06
2014-05-28,1.1111111454074344e-06
2014-05-29,1.190476163866974e-06
2014-05-30,1.190476163866974e-06
2014-06-02,9.920635068463902e-07
2014-06-03,1.190476163866974e-06
2014-06-04,1.190476163866974e-06
2014-06-05,1.190476163866974e-06
2014-06-06,1.1111111454074344e-06
2014-06-09,1.190476163866974e-06
2014-06-10,1.3888888948020482e-06
2014-06-11,1.3095238024280185e-06
2014-06-12,1.3095238024280185e-06
2014-06-13,1.190476163866974e-06
2014-06-16,9.920635068463902e-07
2014-06-17,1.3095238024280185e-06
2014-06-18,7.142856835372864e-07
2014-06-19,3.9682538795565797e-07
2014-06-20,3.9682538795565797e-07
2014-06-23,1.9841269397782899e-07
2014-06-24,8.730158682853457e-07
2014-06-25,7.936507759113159e-07
2014-06-26,9.920635068463902e-07
2014-06-27,7.142856835372864e-07
2014-06-30,7.936507759113159e-07
2014-07-01,9.920635068463902e-07
2014-07-02,2.777777863518586e-07
2014-07-03,1.1904762008242191e-07
2014-07-07,2.777777863518586e-07
2014-07-08,9.920635068463902e-07
2014-07-09,5.95238081933487e-07
2014-07-10,5.95238081933487e-07
2014-07-11,5.95238081933487e-07
2014-07-14,5.95238081933487e-07
2014-07-15,7.936507759113159e-07
2014-07-16,7.142856835372864e-07
2014-07-17,2.777777863518586e-07
2014-07-18,3.9682538795565797e-07
2014-07-21,5.158730265167025e-07
2014-07-22,7.936507759113159e-07
2014-07-23,7.936507759113159e-07
2014-07-24,7.936507759113159e-07
2014-07-25,7.936507759113159e-07
2014-07-28,9.920635068463902e-07
2014-07-29,1.1111111454074344e-06
2014-07-30,1.1111111454074344e-06
2014-07-31,7.142856835372864e-07
2014-08-01,7.142856835372864e-07
2014-08-04,5.95238081933487e-07
2014-08-05,9.920635068463902e-07
2014-08-06,7.936507759113159e-07
2014-08-07,7.936507759113159e-07
2014-08-08,7.936507759113159e-07
2014-08-11,9.920635068463902e-07
2014-08-12,9.920635068463902e-07
2014-08-13,1.190476163866974e-06
2014-08-14,1.1111111454074344e-06
2014-08-15,8.730158682853457e-07
2014-08-18,8.730158682853457e-07
2014-08-19,9.920635068463902e-07
2014-08-20,9.920635068463902e-07
2014-08-21,5.95238081933487e-07
2014-08-22,5.95238081933487e-07
2014-08-25,5.95238081933487e-07
2014-08-26,9.920635068463902e-07
2014-08-27,9.920635068463902e-07
2014-08-28,8.730158682853457e-07
2014-08-29,7.142856835372864e-07
2014-09-02,7.936507759113159e-07
2014-09-03,7.936507759113159e-07
2014-09-04,7.936507759113159e-07
2014-09-05,7.936507759113159e-07
2014-09-08,7.936507759113159e-07
2014-09-09,5.95238081933487e-07
2014-09-10,5.95238081933487e-07
2014-09-11,3.9682538795565797e-07
2014-09-12,3.9682538795565797e-07
2014-09-15,3.9682538795565797e-07
2014-09-16,5.95238081933487e-07
2014-09-17,5.158730265167025e-07
2014-09-18,3.9682538795565797e-07
2014-09-19,2.777777863518586e-07
2014-09-22,1.1904762008242191e-07
2014-09-23,2.777777863518586e-07
2014-09-24,2.777777863518586e-07
2014-09-25,1.9841269397782899e-07
2014-09-26,1.9841269397782899e-07
2014-09-29,1.9841269397782899e-07
2014-09-30,5.158730265167025e-07
2014-10-01,5.158730265167025e-07
2014-10-02,3.9682538795565797e-07
2014-10-03,3.9682538795565797e-07
2014-10-06,3.9682538795565797e-07
2014-10-07,3.9682538795565797e-07
2014-10-08,1.9841269397782899e-07
2014-10-09,1.9841269397782899e-07
2014-10-10,1.9841269397782899e-07
2014-10-13,1.9841269397782899e-07
2014-10-14,1.9841269397782899e-07
2014-10-15,3.9682538795565797e-07
2014-10-16,7.936507759113159e-07
2014-10-17,8.730158682853457e-07
2014-10-20,7.936507759113159e-07
2014-10-21,7.142856835372864e-07
2014-10-22,5.95238081933487e-07
2014-10-23,5.95238081933487e-07
2014-10-24,1.9841269397782899e-07
2014-10-27,1.9841269397782899e-07
2014-10-28,5.95238081933487e-07
2014-10-29,5.95238081933487e-07
2014-10-30,1.1904762008242191e-07
2014-10-31,1.1904762008242191e-07
2014-11-03,1.1904762008242191e-07
2014-11-04,8.730158682853457e-07
2014-11-05,7.936507759113159e-07
2014-11-06,7.142856835372864e-07
2014-11-07,7.142856835372864e-07
2014-11-10,5.95238081933487e-07
2014-11-11,5.95238081933487e-07
2014-11-12,5.158730265167025e-07
2014-11-13,1.9841269397782899e-07
2014-11-14,1.1904762008242191e-07
2014-11-17,3.9682538795565797e-07
2014-11-18,5.95238081933487e-07
2014-11-19,5.95238081933487e-07
2014-11-20,5.95238081933487e-07
2014-11-21,1.1904762008242191e-07
2014-11-24,1.9841269397782899e-07
2014-11-25,7.142856835372864e-07
2014-11-26,3.9682538795565797e-07
2014-11-28,1.9841269397782899e-07
2014-12-01,2.777777863518586e-07
2014-12-02,5.95238081933487e-07
2014-12-03,1.9841269397782899e-07
2014-12-04,5.158730265167025e-07
2014-12-05,3.9682538795565797e-07
2014-12-08,1.9841269397782899e-07
2014-12-09,1.1111111454074344e-06
2014-12-10,9.920635068463902e-07
2014-12-11,8.730158682853457e-07
2014-12-12,5.95238081933487e-07
2014-12-15,3.9682538795565797e-07
2014-12-16,1.190476163866974e-06
2014-12-17,7.936507759113159e-07
2014-12-18,1.3095238024280185e-06
2014-12-19,9.920635068463902e-07
2014-12-22,5.95238081933487e-07
2014-12-23,7.936507759113159e-07
2014-12-24,7.936507759113159e-07
2014-12-26,3.9682538795565797e-07
2014-12-29,1.1904762008242191e-07
2014-12-30,7.936507759113159e-07
2014-12-31,1.4682539871760777e-06
2015-01-02,5.95238081933487e-07
2015-01-05,1.1904762008242191e-07
2015-01-06,7.936507759113159e-07
2015-01-07,7.936507759113159e-07
2015-01-08,7.142856835372864e-07
2015-01-09,5.95238081933487e-07
2015-01-12,5.158730265167025e-07
2015-01-13,9.126984144723604e-07
2015-01-14,9.920635068463902e-07
2015-01-15,9.126984144723604e-07
2015-01-16,7.142856835372864e-07
2015-01-20,3.1746033253887344e-07
2015-01-21,7.936507759113159e-07
2015-01-22,5.95238081933487e-07
2015-01-23,5.158730265167025e-07
2015-01-26,1.9841269397782899e-07
2015-01-27,7.142856835372864e-07
2015-01-28,5.95238081933487e-07
2015-01-29,3.9682538795565797e-07
2015-01-30,1.9841269397782899e-07
2015-02-02,1.9841269397782899e-07
2015-02-03,5.95238081933487e-07
2015-02-04,1.9841269397782899e-07
2015-02-05,3.1746033253887344e-07
2015-02-06,5.95238081933487e-07
2015-02-09,1.1904762008242191e-07
2015-02-10,1.9841269397782899e-07
2015-02-11,1.9841269397782899e-07
2015-02-12,3.1746033253887344e-07
2015-02-13,1.9841269397782899e-07
2015-02-17,3.1746033253887344e-07
2015-02-18,5.158730265167025e-07
2015-02-19,5.158730265167025e-07
2015-02-20,3.9682538795565797e-07
2015-02-23,5.95238081933487e-07
2015-02-24,7.142856835372864e-07
2015-02-25,5.95238081933487e-07
2015-02-26,5.158730265167025e-07
2015-02-27,3.1746033253887344e-07
2015-03-02,1.9841269397782899e-07
2015-03-03,5.158730265167025e-07
2015-03-04,3.9682538795565797e-07
2015-03-05,1.1904762008242191e-07
2015-03-06,1.9841269397782899e-07
2015-03-09,1.9841269397782899e-07
2015-03-10,3.9682538795565797e-07
2015-03-11,5.158730265167025e-07
2015-03-12,7.142856835372864e-07
2015-03-13,9.126984144723604e-07
2015-03-16,1.190476163866974e-06
2015-03-17,1.9047619213187506e-06
2015-03-18,1.5079364594486024e-06
2015-03-19,3.9682538795565797e-07
2015-03-20,1.1904762008242191e-07
2015-03-23,1.1904762008242191e-07
2015-03-24,5.95238081933487e-07
2015-03-25,7.142856835372864e-07
2015-03-26,1.1111111454074344e-06
2015-03-27,1.190476163866974e-06
2015-03-30,9.126984144723604e-07
2015-03-31,9.920635068463902e-07
2015-04-01,1.3095238024280185e-06
2015-04-02,3.9682538795565797e-07
2015-04-06,1.1904762008242191e-07
2015-04-07,5.95238081933487e-07
2015-04-08,7.142856835372864e-07
2015-04-09,7.936507759113159e-07
2015-04-10,5.95238081933487e-07
2015-04-13,1.9841269397782899e-07
2015-04-14,3.9682538795565797e-07
2015-04-15,5.95238081933487e-07
2015-04-16,3.9682538795565797e-07
2015-04-17,5.158730265167025e-07
2015-04-20,5.158730265167025e-07
2015-04-21,7.936507759113159e-07
2015-04-22,7.936507759113159e-07
2015-04-23,7.936507759113159e-07
2015-04-24,5.95238081933487e-07
2015-04-27,5.158730265167025e-07
2015-04-28,5.158730265167025e-07
2015-04-29,1.1904762008242191e-07
2015-04-30,1.9841269397782899e-07
2015-05-01,1.1904762008242191e-07
2015-05-04,1.1904762008242191e-07
2015-05-05,3.1746033253887344e-07
2015-05-06,3.9682538795565797e-07
2015-05-07,1.9841269397782899e-07
2015-05-08,1.1904762008242191e-07
2015-05-11,1.9841269397782899e-07
2015-05-12,5.158730265167025e-07
2015-05-13,3.9682538795565797e-07
2015-05-14,3.9682538795565797e-07
2015-05-15,3.9682538795565797e-07
2015-05-18,3.1746033253887344e-07
2015-05-19,3.9682538795565797e-07
2015-05-20,5.158730265167025e-07
2015-05-21,5.158730265167025e-07
2015-05-22,3.9682538795565797e-07
2015-05-26,3.9682538795565797e-07
2015-05-27,5.158730265167025e-07
2015-05-28,1.1904762008242191e-07
2015-05-29,1.1904762008242191e-07
2015-06-01,3.1746033253887344e-07
2015-06-02,3.9682538795565797e-07
2015-06-03,3.9682538795565797e-07
2015-06-04,1.9841269397782899e-07
2015-06-05,3.9682538795565797e-07
2015-06-08,3.9682538795565797e-07
2015-06-09,5.158730265167025e-07
2015-06-10,5.158730265167025e-07
2015-06-11,3.1746033253887344e-07
2015-06-12,1.9841269397782899e-07
2015-06-15,1.1904762008242191e-07
2015-06-16,3.1746033253887344e-07
2015-06-17,1.1904762008242191e-07
2015-06-18,1.1904762008242191e-07
2015-06-19,1.1904762008242191e-07
2015-06-22,1.1904762008242191e-07
2015-06-23,3.1746033253887344e-07
2015-06-24,1.9841269397782899e-07
2015-06-25,1.9841269397782899e-07
2015-06-26,1.9841269397782899e-07
2015-06-29,1.9841269397782899e-07
2015-06-30,3.9682538795565797e-07
2015-07-01,1.1904762008242191e-07
2015-07-02,1.1904762008242191e-07
2015-07-06,1.9841269397782899e-07
2015-07-07,3.9682538795565797e-07
2015-07-08,3.9682538795565797e-07
2015-07-09,3.1746033253887344e-07
2015-07-10,3.1746033253887344e-07
2015-07-13,3.1746033253887344e-07
2015-07-14,3.9682538795565797e-07
2015-07-15,5.158730265167025e-07
2015-07-16,3.9682538795565797e-07
2015-07-17,5.158730265167025e-07
2015-07-20,9.126984144723604e-07
2015-07-21,1.190476163866974e-06
2015-07-22,1.190476163866974e-06
2015-07-23,1.190476163866974e-06
2015-07-24,1.190476163866974e-06
2015-07-27,1.1111111454074344e-06
2015-07-28,1.7063492642981665e-06
2015-07-29,1.7857143566721963e-06
2015-07-30,2.380952327733948e-06
2015-07-31,2.3015872353599184e-06
2015-08-03,2.5000000402094826e-06
2015-08-04,2.9761905944536602e-06
2015-08-05,2.9761905944536602e-06
2015-08-06,1.1111111454074344e-06
2015-08-07,2.182539670713364e-06
2015-08-10,2.579364984754532e-06
2015-08-11,3.88888878718255e-06
2015-08-12,3.5714287133443927e-06
2015-08-13,3.2936506682918186e-06
2015-08-14,3.1746031036452638e-06
2015-08-17,2.380952327733948e-06
2015-08-18,3.3730159084948284e-06
2015-08-19,1.5873015518226319e-06
2015-08-20,5.95238081933487e-07
2015-08-21,7.936507759113159e-07
2015-08-24,5.95238081933487e-07
2015-08-25,2.1031745783393345e-06
2015-08-26,2.182539670713364e-06
2015-08-27,1.9841270136927804e-06
2015-08-28,1.9841270136927804e-06
2015-08-31,1.1904762008242191e-07
2015-09-01,1.5079364594486024e-06
2015-09-02,9.920635068463902e-07
2015-09-03,5.95238081933487e-07
2015-09-04,9.920635068463902e-07
2015-09-08,9.920635068463902e-07
2015-09-09,1.3888888948020482e-06
2015-09-10,5.95238081933487e-07
2015-09-11,9.126984144723604e-07
2015-09-14,9.920635068463902e-07
2015-09-15,2.3015872353599184e-06
2015-09-16,2.1031745783393345e-06
2015-09-17,1.1904762008242191e-07
2015-09-18,3.9682538795565797e-07
2015-09-21,5.158730265167025e-07
2015-09-22,1.1904762008242191e-07
2015-09-23,1.1904762008242191e-07
2015-09-24,1.9841269397782899e-07
2015-09-25,7.936507759113159e-07
2015-09-28,5.158730265167025e-07
2015-09-29,1.1904762008242191e-07
2015-09-30,1.9841269397782899e-07
2015-10-01,7.142856835372864e-07
2015-10-02,3.1746033253887344e-07
2015-10-05,3.1746033253887344e-07
2015-10-06,1.9841269397782899e-07
2015-10-07,1.9841269397782899e-07
2015-10-08,1.1904762008242191e-07
2015-10-09,1.1904762008242191e-07
2015-10-12,3.9682538795565797e-07
2015-10-13,1.9841269397782899e-07
2015-10-14,3.9682538795565797e-07
2015-10-15,1.9841269397782899e-07
2015-10-16,1.9841269397782899e-07
2015-10-19,1.9841269397782899e-07
2015-10-20,3.9682538795565797e-07
2015-10-21,1.9841269397782899e-07
2015-10-22,1.9841269397782899e-07
2015-10-23,1.1904762008242191e-07
2015-10-26,3.1746033253887344e-07
2015-10-27,3.9682538795565797e-07
2015-10-28,1.3888888948020482e-06
2015-10-29,2.1031745783393345e-06
2015-10-30,2.6984128450590464e-06
2015-11-02,2.1031745783393345e-06
2015-11-03,2.3015872353599184e-06
2015-11-04,2.182539670713364e-06
2015-11-05,1.5873015518226319e-06
2015-11-06,2.896825354250651e-06
2015-11-09,2.9761905944536602e-06
2015-11-10,4.96031746031746e-06
2015-11-11,4.88095251577241e-06
2015-11-12,4.88095251577241e-06
2015-11-13,4.484126906073283e-06
2015-11-16,3.88888878718255e-06
2015-11-17,5.357143070016589e-06
2015-11-18,4.88095251577241e-06
2015-11-19,3.492063473141383e-06
2015-11-20,3.6904762779909467e-06
2015-11-23,4.166666536577164e-06
2015-11-24,6.071428457895915e-06
2015-11-25,6.94444432618126e-06
2015-11-27,6.3492062072905275e-06
2015-11-30,6.746031816989657e-06
2015-12-01,8.055555323759714e-06
2015-12-02,7.936508054771122e-06
2015-12-03,7.85714281456811e-06
2015-12-04,8.134920563962726e-06
2015-12-07,9.325396801744187e-06
2015-12-08,1.0634920899830168e-05
2015-12-09,9.722222411443317e-06
2015-12-10,9.126984292552585e-06
2015-12-11,8.452380933458844e-06
2015-12-14,7.85714281456811e-06
2015-12-15,9.92063492063492e-06
2015-12-16,9.325396801744187e-06
2015-12-17,8.452380933458844e-06
2015-12-18,6.94444432618126e-06
2015-12-21,6.071428457895915e-06
2015-12-22,7.658730305376506e-06
2015-12-23,7.5396824450719925e-06
2015-12-24,7.261904695677379e-06
2015-12-28,7.5396824450719925e-06
2015-12-29,8.531746173661852e-06
2015-12-30,7.738094954263596e-06
2015-12-31,5.873015948704311e-06
2016-01-04,6.150793698098924e-06
2016-01-05,8.134920563962726e-06
2016-01-06,8.134920563962726e-06
2016-01-07,7.5396824450719925e-06
2016-01-08,7.5396824450719925e-06
2016-01-11,6.94444432618126e-06
2016-01-12,8.333333073154328e-06
2016-01-13,8.531746173661852e-06
2016-01-14,9.523809310935791e-06
2016-01-15,8.849206543157971e-06
2016-01-19,9.126984292552585e-06
2016-01-20,1.0039682189623515e-05
2016-01-21,1.0833333409021772e-05
2016-01-22,1.1428570936596582e-05
2016-01-25,1.0912698649224782e-05
2016-01-26,1.1904762377814641e-05
2016-01-27,1.1904762377814641e-05
2016-01-28,1.2619047174378047e-05
2016-01-29,1.1904762377814641e-05
2016-02-01,1.1706348685991197e-05
2016-02-02,1.3095238615596106e-05
2016-02-03,1.3214285884584698e-05
2016-02-04,1.1230158427404978e-05
2016-02-05,1.1031745918213376e-05
2016-02-08,1.0317459939018129e-05
2016-02-09,1.1904762377814641e-05
2016-02-10,1.1825397137611633e-05
2016-02-11,1.0833333409021772e-05
2016-02-12,1.0714286140033178e-05
2016-02-16,1.0833333409021772e-05
2016-02-17,1.1626984628420029e-05
2016-02-18,1.1428570936596582e-05
2016-02-19,1.1230158427404978e-05
2016-02-22,1.1626984628420029e-05
2016-02-23,1.2619047174378047e-05
2016-02-24,1.2499999905389453e-05
2016-02-25,1.2301587396197849e-05
2016-02-26,1.2023809646803235e-05
2016-02-29,1.2222222155994839e-05
2016-03-01,1.2698412414581055e-05
2016-03-02,1.2023809646803235e-05
2016-03-03,1.0436508390638564e-05
2016-03-04,1.0515872448209733e-05
2016-03-07,1.0515872448209733e-05
2016-03-08,1.2103174887006245e-05
2016-03-09,1.1428570936596582e-05
2016-03-10,1.2023809646803235e-05
2016-03-11,1.2222222155994839e-05
2016-03-14,1.2222222155994839e-05
2016-03-15,1.2896824923772659e-05
2016-03-16,1.1904762377814641e-05
2016-03-17,1.0912698649224782e-05
2016-03-18,1.1111111158416386e-05
2016-03-21,1.1428570936596582e-05
2016-03-22,1.1706348685991197e-05
2016-03-23,1.1626984628420029e-05
2016-03-24,1.0912698649224782e-05
2016-03-28,1.0119047429826525e-05
2016-03-29,8.928571192045061e-06
2016-03-30,7.3412699358803885e-06
2016-03-31,7.658730305376506e-06
2016-04-01,8.650793442650448e-06
2016-04-04,7.261904695677379e-06
2016-04-05,8.650793442650448e-06
2016-04-06,8.730158682853456e-06
2016-04-07,8.730158682853456e-06
2016-04-08,8.650793442650448e-06
2016-04-11,8.333333073154328e-06
2016-04-12,9.126984292552585e-06
2016-04-13,8.849206543157971e-06
2016-04-14,8.531746173661852e-06
2016-04-15,8.333333073154328e-06
2016-04-18,7.85714281456811e-06
2016-04-19,8.531746173661852e-06
2016-04-20,8.650793442650448e-06
2016-04-21,8.928571192045061e-06
2016-04-22,8.928571192045061e-06
2016-04-25,9.444444662048703e-06
2016-04-26,9.722222411443317e-06
2016-04-27,9.722222411443317e-06
2016-04-28,8.333333073154328e-06
2016-04-29,7.658730305376506e-06
2016-05-02,7.3412699358803885e-06
2016-05-03,8.055555323759714e-06
2016-05-04,7.85714281456811e-06
2016-05-05,7.261904695677379e-06
2016-05-06,7.142857426688785e-06
2016-05-09,8.055555323759714e-06
2016-05-10,9.642857171240307e-06
2016-05-11,9.84126968043191e-06
2016-05-12,1.0238094698815117e-05
2016-05-13,1.0238094698815117e-05
2016-05-16,1.0238094698815117e-05
2016-05-17,1.0634920899830168e-05
2016-05-18,1.0714286140033178e-05
2016-05-19,1.1507936176799594e-05
2016-05-20,1.1825397137611633e-05
2016-05-23,1.2420634665186443e-05
2016-05-24,1.3611110902967906e-05
2016-05-25,1.2499999905389453e-05
2016-05-26,1.0912698649224782e-05
2016-05-27,1.1825397137611633e-05
2016-05-31,1.1230158427404978e-05
2016-06-01,1.1706348685991197e-05
2016-06-02,1.0714286140033178e-05
2016-06-03,1.0714286140033178e-05
2016-06-06,9.92063492063492e-06
2016-06-07,1.0515872448209733e-05
2016-06-08,9.325396801744187e-06
2016-06-09,9.523809310935791e-06
2016-06-10,9.523809310935791e-06
2016-06-13,9.722222411443317e-06
2016-06-14,1.0436508390638564e-05
2016-06-15,1.0119047429826525e-05
2016-06-16,9.722222411443317e-06
2016-06-17,9.84126968043191e-06
2016-06-20,9.84126968043191e-06
2016-06-21,1.0515872448209733e-05
2016-06-22,1.0634920899830168e-05
2016-06-23,1.0912698649224782e-05
2016-06-24,9.444444662048703e-06
2016-06-27,9.325396801744187e-06
2016-06-28,1.0317459939018129e-05
2016-06-29,1.0119047429826525e-05
2016-06-30,9.84126968043191e-06
2016-07-01,9.642857171240307e-06
2016-07-05,9.444444662048703e-06
2016-07-06,1.0436508390638564e-05
2016-07-07,1.0714286140033178e-05
2016-07-08,1.0833333409021772e-05
2016-07-11,1.0912698649224782e-05
2016-07-12,1.1706348685991197e-05
2016-07-13,1.1825397137611633e-05
2016-07-14,1.2023809646803235e-05
2016-07-15,1.1825397137611633e-05
2016-07-18,1.1428570936596582e-05
2016-07-19,1.2301587396197849e-05
2016-07-20,1.2499999905389453e-05
2016-07-21,1.2023809646803235e-05
2016-07-22,1.2023809646803235e-05
2016-07-25,1.1825397137611633e-05
2016-07-26,1.2222222155994839e-05
2016-07-27,1.1230158427404978e-05
2016-07-28,8.730158682853456e-06
2016-07-29,9.523809310935791e-06
2016-08-01,9.444444662048703e-06
2016-08-02,1.1111111158416386e-05
2016-08-03,1.0634920899830168e-05
2016-08-04,9.84126968043191e-06
2016-08-05,9.92063492063492e-06
2016-08-08,9.92063492063492e-06
2016-08-09,1.1626984628420029e-05
2016-08-10,1.0833333409021772e-05
2016-08-11,1.0912698649224782e-05
2016-08-12,1.0436508390638564e-05
2016-08-15,1.0912698649224782e-05
2016-08-16,1.1428570936596582e-05
2016-08-17,1.1428570936596582e-05
2016-08-18,1.130952366760799e-05
2016-08-19,1.1626984628420029e-05
2016-08-22,1.1111111158416386e-05
2016-08-23,1.2103174887006245e-05
2016-08-24,1.2103174887006245e-05
2016-08-25,1.2103174887006245e-05
2016-08-26,1.2103174887006245e-05
2016-08-29,1.2103174887006245e-05
2016-08-30,1.2896824923772659e-05
2016-08-31,1.2698412414581055e-05
2016-09-01,1.2499999905389453e-05
2016-09-02,1.2023809646803235e-05
2016-09-06,1.2023809646803235e-05
2016-09-07,1.3095238615596106e-05
2016-09-08,1.3214285884584698e-05
2016-09-09,1.3214285884584698e-05
2016-09-12,1.388888865236252e-05
2016-09-13,1.3690476143170916e-05
2016-09-14,1.2499999905389453e-05
2016-09-15,1.1031745918213376e-05
2016-09-16,1.0833333409021772e-05
2016-09-19,9.444444662048703e-06
2016-09-20,1.1428570936596582e-05
2016-09-21,8.849206543157971e-06
2016-09-22,6.3492062072905275e-06
2016-09-23,6.547619307798053e-06
2016-09-26,6.865079085978251e-06
2016-09-27,1.0119047429826525e-05
2016-09-28,1.0436508390638564e-05
2016-09-29,9.325396801744187e-06
2016-09-30,1.0317459939018129e-05
2016-10-03,1.1428570936596582e-05
2016-10-04,1.2499999905389453e-05
2016-10-05,1.2420634665186443e-05
2016-10-06,1.2301587396197849e-05
2016-10-07,1.2301587396197849e-05
2016-10-10,1.2222222155994839e-05
2016-10-11,1.2698412414581055e-05
2016-10-12,1.3492063633979314e-05
2016-10-13,1.0912698649224782e-05
2016-10-14,1.1507936176799594e-05
2016-10-17,1.1706348685991197e-05
2016-10-18,1.3214285884584698e-05
2016-10-19,1.2817460866201492e-05
2016-10-20,1.2698412414581055e-05
2016-10-21,1.2499999905389453e-05
2016-10-24,1.2420634665186443e-05
2016-10-25,1.2896824923772659e-05
2016-10-26,1.2420634665186443e-05
2016-10-27,1.0912698649224782e-05
2016-10-28,1.0833333409021772e-05
2016-10-31,1.1706348685991197e-05
2016-11-01,1.3690476143170916e-05
2016-11-02,1.3690476143170916e-05
2016-11-03,1.420634961317456e-05
2016-11-04,1.420634961317456e-05
2016-11-07,1.5476189908527193e-05
2016-11-08,1.6666666146308656e-05
2016-11-09,1.6587302088737487e-05
2016-11-10,1.817460334490216e-05
2016-11-14,1.9960318292890277e-05
2016-11-15,1.9365079582683625e-05
2016-11-16,1.7976190835710555e-05
2016-11-17,1.6666666146308656e-05
2016-11-18,1.6587302088737487e-05
2016-11-21,1.6666666146308656e-05
2016-11-22,1.884920611267998e-05
2016-11-23,1.924603231369503e-05
2016-11-25,1.9047618621871583e-05
2016-11-28,1.7857142384090123e-05
2016-11-29,1.8571428363285367e-05
2016-11-30,1.8571428363285367e-05
2016-12-01,1.817460334490216e-05
2016-12-02,1.8055556075913566e-05
2016-12-05,1.7976190835710555e-05
2016-12-06,1.924603231369503e-05
2016-12-07,1.9365079582683625e-05
2016-12-08,1.9444444822886633e-05
2016-12-09,2.0634919878036257e-05
2016-12-12,1.984126984126984e-05
2016-12-13,2.0753968329656692e-05
2016-12-14,2.0753968329656692e-05
2016-12-15,1.9365079582683625e-05
2016-12-16,1.924603231369503e-05
2016-12-19,1.8968253381668574e-05
2016-12-20,2.0357143311273484e-05
2016-12-21,1.9960318292890277e-05
2016-12-22,1.956349209187523e-05
2016-12-23,1.984126984126984e-05
2016-12-27,1.9642857332078237e-05
2016-12-28,1.9642857332078237e-05
2016-12-29,1.746031736570691e-05
2016-12-30,1.9047618621871583e-05
2017-01-03,1.884920611267998e-05
2017-01-04,2.055555582046509e-05
2017-01-05,2.015873080208188e-05
2017-01-06,1.9960318292890277e-05
2017-01-09,1.924603231369503e-05
2017-01-10,1.9960318292890277e-05
2017-01-11,1.9761904601066833e-05
2017-01-12,1.9960318292890277e-05
2017-01-13,2.0357143311273484e-05
2017-01-17,2.0357143311273484e-05
2017-01-18,2.0436507368844653e-05
2017-01-19,1.9960318292890277e-05
2017-01-20,1.9047618621871583e-05
2017-01-23,1.876984087247697e-05
2017-01-24,1.956349209187523e-05
2017-01-25,1.916666707349202e-05
2017-01-26,1.9365079582683625e-05
2017-01-27,1.9761904601066833e-05
2017-01-30,1.9642857332078237e-05
2017-01-31,1.984126984126984e-05
2017-02-01,1.984126984126984e-05
2017-02-02,1.9365079582683625e-05
2017-02-03,1.9365079582683625e-05
2017-02-06,1.9960318292890277e-05
2017-02-07,2.083333238722786e-05
2017-02-08,2.083333238722786e-05
2017-02-09,2.0952380838848296e-05
2017-02-10,2.0753968329656692e-05
2017-02-13,2.0753968329656692e-05
2017-02-14,2.123015977087475e-05
2017-02-15,2.0634919878036257e-05
2017-02-16,2.015873080208188e-05
2017-02-17,2.015873080208188e-05
2017-02-21,2.0039682350461445e-05
2017-02-22,2.023809485965305e-05
2017-02-23,1.9761904601066833e-05
2017-02-24,1.9761904601066833e-05
2017-02-27,1.9444444822886633e-05
2017-02-28,2.0753968329656692e-05
2017-03-01,2.4404762283204094e-05
2017-03-02,2.5595237338353714e-05
2017-03-03,2.710317571957906e-05
2017-03-06,2.7976189813916644e-05
2017-03-07,2.916666723432995e-05
2017-03-08,2.809523826553708e-05
2017-03-09,2.8293650774728687e-05
2017-03-10,2.8769842215946745e-05
2017-03-13,2.88888883023035e-05
2017-03-14,2.9880953213525197e-05
2017-03-15,2.8373014832299852e-05
2017-03-16,2.809523826553708e-05
2017-03-17,2.809523826553708e-05
2017-03-20,2.8174602323108248e-05
2017-03-21,2.9880953213525197e-05
2017-03-22,2.9682540704333593e-05
2017-03-23,2.9682540704333593e-05
2017-03-24,2.9682540704333593e-05
2017-03-27,3.00793657227168e-05
2017-03-28,3.0674603250291616e-05
2017-03-29,2.9960317271096366e-05
2017-03-30,3.00793657227168e-05
2017-03-31,2.9285713320686706e-05
2017-04-03,2.9365079743521554e-05
2017-04-04,3.0952379817054386e-05
2017-04-05,3.0952379817054386e-05
2017-04-06,3.1269840777866425e-05
2017-04-07,3.166666579624963e-05
2017-04-10,3.1269840777866425e-05
2017-04-11,3.174603221908449e-05
2017-04-12,3.146825328705803e-05
2017-04-13,3.134920720070128e-05
2017-04-17,3.134920720070128e-05
2017-04-18,3.194444472827609e-05
2017-04-19,3.115079469150967e-05
2017-04-20,3.055555479867118e-05
2017-04-21,3.0277778231908405e-05
2017-04-24,3.055555479867118e-05
2017-04-25,3.206349317989652e-05
2017-04-26,3.186507830544124e-05
2017-04-27,3.115079469150967e-05
2017-04-28,3.0952379817054386e-05
2017-05-01,3.115079469150967e-05
2017-05-02,3.3452380744237744e-05
2017-05-03,3.365079325342935e-05
2017-05-04,3.3928572185455806e-05
2017-05-05,3.444444329019577e-05
2017-05-08,3.4523809713030615e-05
2017-05-09,3.531745974979704e-05
2017-05-10,3.472222222222222e-05
2017-05-11,3.412698469464741e-05
2017-05-12,3.3928572185455806e-05
2017-05-15,3.424603078100416e-05
2017-05-16,3.531745974979704e-05
2017-05-17,3.472222222222222e-05
2017-05-18,3.543650820141747e-05
2017-05-19,3.523809569222586e-05
2017-05-22,3.4841270673842654e-05
2017-05-23,3.6230158238183885e-05
2017-05-24,3.5912697277371846e-05
2017-05-25,3.603174572899228e-05
2017-05-26,3.611111215182713e-05
2017-05-30,3.611111215182713e-05
2017-05-31,3.769841222535996e-05
2017-06-01,3.7619048167788795e-05
2017-06-02,3.7817460676980396e-05
2017-06-05,3.7619048167788795e-05
2017-06-06,3.8015873186172e-05
2017-06-07,3.861111071374681e-05
2017-06-08,3.861111071374681e-05
2017-06-09,3.888888964577327e-05
2017-06-12,3.861111071374681e-05
2017-06-13,3.900793573213002e-05
2017-06-14,3.900793573213002e-05
2017-06-15,3.940476075051323e-05
2017-06-16,3.908730215496487e-05
2017-06-19,3.908730215496487e-05
2017-06-20,3.940476075051323e-05
2017-06-21,3.841269820455521e-05
2017-06-22,3.702381064021398e-05
2017-06-23,3.702381064021398e-05
2017-06-26,3.702381064021398e-05
2017-06-27,3.9285714664156475e-05
2017-06-28,3.908730215496487e-05
2017-06-29,3.980158813416012e-05
2017-06-30,3.940476075051323e-05
2017-07-03,3.968253968253968e-05
2017-07-05,4.04761897193061e-05
2017-07-06,4.000000064335172e-05
2017-07-07,4.000000064335172e-05
2017-07-10,4.019841315254333e-05
2017-07-11,4.0992063189309745e-05
2017-07-12,4.059523817092654e-05
2017-07-13,4.019841315254333e-05
2017-07-14,4.000000064335172e-05
2017-07-17,4.04761897193061e-05
2017-07-18,4.1269839756072514e-05
2017-07-19,4.305555706932431e-05
2017-07-20,4.4166668066902766e-05
2017-07-21,4.515873061286078e-05
2017-07-24,4.5634919688815166e-05
2017-07-25,4.535714312205238e-05
2017-07-26,4.345238208770752e-05
2017-07-27,4.277777577203418e-05
2017-07-28,4.1785713226076154e-05
2017-07-31,4.1785713226076154e-05
2017-08-01,4.198412573526776e-05
2017-08-02,4.166666477445572e-05
2017-08-03,4.198412573526776e-05
2017-08-04,4.1785713226076154e-05
2017-08-07,4.0992063189309745e-05
2017-08-08,4.0873014737689306e-05
2017-08-09,4.06746022284977e-05
2017-08-10,4.039682566173493e-05
2017-08-11,4.019841315254333e-05
2017-08-14,3.980158813416012e-05
2017-08-15,4.000000064335172e-05
2017-08-16,3.908730215496487e-05
2017-08-17,3.880952322293842e-05
2017-08-18,3.920634824132163e-05
2017-08-21,3.829364975293477e-05
2017-08-22,3.9484127173348075e-05
2017-08-23,3.888888964577327e-05
2017-08-24,3.9603175624968514e-05
2017-08-25,3.9484127173348075e-05
2017-08-28,3.988095219173128e-05
2017-08-29,4.007936470092289e-05
2017-08-30,3.9603175624968514e-05
2017-08-31,3.880952322293842e-05
2017-09-01,3.908730215496487e-05
2017-09-05,3.900793573213002e-05
2017-09-06,4.1190475698501346e-05
2017-09-07,4.059523817092654e-05
2017-09-08,4.04761897193061e-05
2017-09-11,4.04761897193061e-05
2017-09-12,4.039682566173493e-05
2017-09-13,4.039682566173493e-05
2017-09-14,4.079365068011814e-05
2017-09-15,4.007936470092289e-05
2017-09-18,3.968253968253968e-05
2017-09-19,4.039682566173493e-05
2017-09-20,4.04761897193061e-05
2017-09-21,4.000000064335172e-05
2017-09-22,3.980158813416012e-05
2017-09-25,3.9603175624968514e-05
2017-09-26,4.1388888207692946e-05
2017-09-27,4.1190475698501346e-05
2017-09-28,4.0873014737689306e-05
2017-09-29,4.079365068011814e-05
2017-10-02,4.019841315254333e-05
2017-10-03,4.107142724688091e-05
2017-10-04,4.1388888207692946e-05
2017-10-05,4.1388888207692946e-05
2017-10-06,4.1388888207692946e-05
2017-10-09,4.1468252265264115e-05
2017-10-10,4.186507728364732e-05
2017-10-11,4.238095075365097e-05
2017-10-12,4.1785713226076154e-05
2017-10-13,4.166666477445572e-05
2017-10-16,4.186507728364732e-05
2017-10-17,4.257936326284257e-05
2017-10-18,4.238095075365097e-05
2017-10-19,4.2261907032557895e-05
2017-10-20,4.26587320509411e-05
2017-10-23,4.24603195417495e-05
2017-10-24,4.357143053932795e-05
2017-10-25,4.297618828122578e-05
2017-10-26,4.285714456013271e-05
2017-10-27,4.257936326284257e-05
2017-10-30,4.26587320509411e-05
2017-10-31,4.4563493085285974e-05
2017-11-01,4.515873061286078e-05
2017-11-02,4.515873061286078e-05
2017-11-03,4.555555563124399e-05
2017-11-06,4.5952380649627205e-05
2017-11-07,4.714285570477683e-05
2017-11-08,4.7420637002066956e-05
2017-11-09,4.773809323235164e-05
2017-11-10,4.7619049511258563e-05
2017-11-13,4.702380725315639e-05
2017-11-14,4.9206349584791395e-05
2017-11-15,4.880952456640819e-05
2017-11-16,4.880952456640819e-05
2017-11-17,4.9206349584791395e-05
2017-11-20,4.9206349584791395e-05
2017-11-21,5.071428560075306e-05
2017-11-22,5.019841213074941e-05
2017-11-24,4.9206349584791395e-05
2017-11-27,4.853174799964541e-05
2017-11-28,5.019841213074941e-05
2017-11-29,4.992063556398664e-05
2017-11-30,4.9126985527220226e-05
2017-12-01,4.900793707559979e-05
2017-12-04,4.9404762093982996e-05
2017-12-05,5.091269810994466e-05
2017-12-06,5.011904807317824e-05
2017-12-07,4.999999962155781e-05
2017-12-08,4.9722223054795035e-05
2017-12-11,5.011904807317824e-05
2017-12-12,5.1984124713473844e-05
2017-12-13,5.051587309156145e-05
2017-12-14,5.091269810994466e-05
2017-12-15,5.099206216751583e-05
2017-12-18,5.2182541953192816e-05
2017-12-19,5.369047796915448e-05
2017-12-20,5.357142951753405e-05
2017-12-21,5.238095446238442e-05
2017-12-22,5.1507935637519474e-05
2017-12-26,5.1706348146711075e-05
2017-12-27,5.5873015570262126e-05
2017-12-28,5.4365079554300456e-05
2017-12-29,5.376984202672565e-05
2018-01-02,5.46825405151125e-05
2018-01-03,5.4365079554300456e-05
2018-01-04,5.4365079554300456e-05
2018-01-05,5.4365079554300456e-05
2018-01-08,5.4761904572683664e-05
2018-01-09,5.6150792137024895e-05
2018-01-10,5.535714210025848e-05
2018-01-11,5.567460306107052e-05
2018-01-12,5.595237962783329e-05
2018-01-16,5.535714210025848e-05
2018-01-17,5.6150792137024895e-05
2018-01-18,5.575396711864169e-05
2018-01-19,5.567460306107052e-05
2018-01-22,5.515872959106687e-05
2018-01-23,5.6071428079453727e-05
2018-01-24,5.595237962783329e-05
2018-01-25,5.527777804268731e-05
2018-01-26,5.507936553349571e-05
2018-01-29,5.4563492063492063e-05
2018-01-30,5.65476171554081e-05
2018-01-31,5.6746029664599704e-05
2018-02-01,5.765872815298656e-05
2018-02-02,5.753968443189349e-05
2018-02-05,5.785714066217816e-05
2018-02-06,5.904762044785515e-05
2018-02-07,6.011904705138434e-05
2018-02-08,6.011904705138434e-05
2018-02-09,6.051587206976755e-05
2018-02-12,6.0912697088150755e-05
2018-02-13,6.230158938301934e-05
2018-02-14,6.150793461572556e-05
2018-02-15,6.190475963410877e-05
2018-02-16,6.230158938301934e-05
2018-02-20,6.24206331041124e-05
2018-02-21,6.380952539898101e-05
2018-02-22,6.369047694736057e-05
2018-02-23,6.369047694736057e-05
2018-02-26,6.380952539898101e-05
2018-02-27,6.488095200251019e-05
2018-02-28,6.420635041736421e-05
2018-03-01,6.309523941978576e-05
2018-03-02,6.369047694736057e-05
2018-03-05,6.448412698412699e-05
2018-03-06,6.519841296332222e-05
2018-03-07,6.547618953008501e-05
2018-03-08,6.488095200251019e-05
2018-03-09,6.488095200251019e-05
2018-03-12,6.519841296332222e-05
2018-03-13,6.70634943341452e-05
2018-03-14,6.817460533172366e-05
2018-03-15,6.876984285929846e-05
2018-03-16,6.896825536849007e-05
2018-03-19,6.857143035010686e-05
2018-03-20,6.976190540525649e-05
2018-03-21,6.785714437091161e-05
2018-03-22,6.678571303685506e-05
2018-03-23,6.698412554604667e-05
2018-03-26,6.765873186172e-05
2018-03-27,6.876984285929846e-05
2018-03-28,6.72619068433368e-05
2018-03-29,6.626983956685142e-05
2018-04-02,6.678571303685506e-05
2018-04-03,6.797619282253204e-05
2018-04-04,6.619047550928025e-05
2018-04-05,6.646825207604302e-05
2018-04-06,6.666666458523462e-05
2018-04-09,6.646825207604302e-05
2018-04-10,6.72619068433368e-05
2018-04-11,6.718253805523827e-05
2018-04-12,6.765873186172e-05
2018-04-13,6.817460533172366e-05
2018-04-16,6.797619282253204e-05
2018-04-17,6.964285695363604e-05
2018-04-18,7.023809448121085e-05
2018-04-19,7.075396795121451e-05
2018-04-20,7.003968197201925e-05
2018-04-23,7.075396795121451e-05
2018-04-24,7.234126802474734e-05
2018-04-25,7.202381179446265e-05
2018-04-26,7.083333200878568e-05
2018-04-27,7.023809448121085e-05
2018-04-30,6.996031791444809e-05
2018-05-01,7.182539455474369e-05
2018-05-02,7.083333200878568e-05
2018-05-03,7.095238046040611e-05
2018-05-04,7.115079296959771e-05
2018-05-07,7.115079296959771e-05
2018-05-08,7.281746183122907e-05
2018-05-09,7.321428684961228e-05
2018-05-10,7.321428684961228e-05
2018-05-11,7.380952437718708e-05
2018-05-14,7.361111186799548e-05
2018-05-15,7.44047619047619e-05
2018-05-16,7.40079368863787e-05
2018-05-17,7.392857282880753e-05
2018-05-18,7.361111186799548e-05
2018-05-21,7.392857282880753e-05
2018-05-22,7.511904788395716e-05
2018-05-23,7.432539784719074e-05
2018-05-24,7.380952437718708e-05
2018-05-25,7.353174781042433e-05
2018-05-29,7.301587434042068e-05
2018-05-30,7.452381035638234e-05
2018-05-31,7.42063493955703e-05
2018-06-01,7.412698533799914e-05
2018-06-04,7.40079368863787e-05
2018-06-05,7.551587290234036e-05
2018-06-06,7.539682445071991e-05
2018-06-07,7.480158692314511e-05
2018-06-08,7.46031744139535e-05
2018-06-11,7.412698533799914e-05
2018-06-12,7.492063537476556e-05
2018-06-13,7.519841194152831e-05
2018-06-14,7.472222286557394e-05
2018-06-15,7.492063537476556e-05
2018-06-18,7.472222286557394e-05
2018-06-19,7.531746039314876e-05
2018-06-20,7.492063537476556e-05
2018-06-21,7.499999943233671e-05
2018-06-22,7.42063493955703e-05
2018-06-25,7.353174781042433e-05
2018-06-26,7.511904788395716e-05
2018-06-27,7.46031744139535e-05
2018-06-28,7.46031744139535e-05
2018-06-29,7.46031744139535e-05
2018-07-02,7.519841194152831e-05
2018-07-03,7.670634795748999e-05
2018-07-05,7.579364946910313e-05
2018-07-06,7.559523695991153e-05
2018-07-09,7.599206197829473e-05
2018-07-10,7.678571201506115e-05
2018-07-11,7.619047448748633e-05
2018-07-12,7.650793544829838e-05
2018-07-13,7.650793544829838e-05
2018-07-16,7.690476046668159e-05
2018-07-17,7.837301681912135e-05
2018-07-18,7.777777929154653e-05
2018-07-19,7.730158548506479e-05
2018-07-20,7.670634795748999e-05
2018-07-23,7.619047448748633e-05
2018-07-24,7.777777929154653e-05
2018-07-25,7.74999979942564e-05
2018-07-26,7.718254176397172e-05
2018-07-27,7.718254176397172e-05
2018-07-30,7.718254176397172e-05
2018-07-31,7.876984183750455e-05
2018-08-01,7.849206527074178e-05
2018-08-02,7.797619180073813e-05
2018-08-03,7.777777929154653e-05
2018-08-06,7.809524025235857e-05
2018-08-07,7.968253559536404e-05
2018-08-08,7.968253559536404e-05
2018-08-09,7.956349660479834e-05
2018-08-10,7.936507936507937e-05
2018-08-13,7.916666685588776e-05
2018-08-14,8.067460287184941e-05
2018-08-15,8.015872940184578e-05
2018-08-16,7.996032162318154e-05
2018-08-17,7.916666685588776e-05
2018-08-20,7.908730279831658e-05
2018-08-21,8.075397165994795e-05
2018-08-22,8.075397165994795e-05
2018-08-23,8.067460287184941e-05
2018-08-24,8.12698451299516e-05
2018-08-27,8.174602947537861e-05
2018-08-28,8.246032018510122e-05
2018-08-29,8.253967951214503e-05
2018-08-30,8.16666701483348e-05
2018-08-31,8.154762169671437e-05
2018-09-04,8.206349516671802e-05
2018-09-05,8.293650453052823e-05
2018-09-06,8.253967951214503e-05
2018-09-07,8.285714520348443e-05
2018-09-10,8.265872796376547e-05
2018-09-11,8.365079524025083e-05
2018-09-12,8.353174678863042e-05
2018-09-13,8.305555298214868e-05
2018-09-14,8.345237800053189e-05
2018-09-17,8.365079524025083e-05
2018-09-18,8.432539682539683e-05
2018-09-19,8.412697958567786e-05
2018-09-20,8.404762025863405e-05
2018-09-21,8.42460280372983e-05
2018-09-24,8.42460280372983e-05
2018-09-25,8.603174535055008e-05
2018-09-26,8.571428912026542e-05
2018-09-27,8.4920639083499e-05
2018-09-28,8.53174641018822e-05
2018-10-01,8.551587188054645e-05
2018-10-02,8.630952191731287e-05
2018-10-03,8.611111413864862e-05
2018-10-04,8.611111413864862e-05
2018-10-05,8.591269689892965e-05
2018-10-08,8.591269689892965e-05
2018-10-09,8.670634693569607e-05
2018-10-10,8.809523923056467e-05
2018-10-11,8.78968219908457e-05
2018-10-12,8.801587044246613e-05
2018-10-15,8.849206424894787e-05
2018-10-16,8.96825393040975e-05
2018-10-17,8.96825393040975e-05
2018-10-18,8.948413152543324e-05
2018-10-19,8.96825393040975e-05
2018-10-22,8.960317051599896e-05
2018-10-23,9.087301435924712e-05
2018-10-24,9.067460658058289e-05
2018-10-25,9.047618934086392e-05
2018-10-26,9.019841277410113e-05
2018-10-29,8.96825393040975e-05
2018-10-30,9.059523779248435e-05
2018-10-31,9.03968300138201e-05
2018-11-01,9.00793643224807e-05
2018-11-02,9.019841277410113e-05
2018-11-05,8.999999553438216e-05
2018-11-06,9.166666439601353e-05
2018-11-07,9.166666439601353e-05
2018-11-08,9.138888782925076e-05
2018-11-09,9.126983937763033e-05
2018-11-12,9.126983937763033e-05
2018-11-13,9.107143159896609e-05
2018-11-14,9.226190665411572e-05
2018-11-15,9.166666439601353e-05
2018-11-16,9.126983937763033e-05
2018-11-19,9.126983937763033e-05
2018-11-20,9.265873167249892e-05
2018-11-21,9.325396446954637e-05
2018-11-23,9.317460514250255e-05
2018-11-26,9.297618790278358e-05
2018-11-27,9.33730129211668e-05
2018-11-28,9.265873167249892e-05
2018-11-29,9.166666439601353e-05
2018-11-30,9.158730506896972e-05
2018-12-03,9.07936550322033e-05
2018-12-04,9.384920672764854e-05
2018-12-06,9.33730129211668e-05
2018-12-07,9.285713945116316e-05
2018-12-10,9.246031443277995e-05
2018-12-11,9.404761450631278e-05
2018-12-12,9.424603174603175e-05
2018-12-13,9.376983793955e-05
2018-12-14,9.396825517926897e-05
2018-12-17,9.285713945116316e-05
2018-12-18,9.238095510573614e-05
2018-12-19,9.277778012411935e-05
2018-12-20,9.265873167249892e-05
2018-12-21,9.246031443277995e-05
2018-12-24,9.257936288440038e-05
2018-12-26,9.444444898575071e-05
2018-12-27,9.317460514250255e-05
2018-12-28,9.238095510573614e-05
2018-12-31,9.126983937763033e-05
2019-01-02,9.384920672764854e-05
2019-01-03,9.345238170926534e-05
2019-01-04,9.357143016088577e-05
2019-01-07,9.33730129211668e-05
2019-01-08,9.523809902251713e-05
2019-01-09,9.484127400413391e-05
2019-01-10,9.424603174603175e-05
2019-01-11,9.404761450631278e-05
2019-01-14,9.365078948792958e-05
2019-01-15,9.456348797631641e-05
2019-01-16,9.376983793955e-05
2019-01-17,9.345238170926534e-05
2019-01-18,9.317460514250255e-05
2019-01-22,9.305555669088212e-05
2019-01-23,9.33730129211668e-05
2019-01-24,9.14682566173493e-05
2019-01-25,9.238095510573614e-05
2019-01-28,9.257936288440038e-05
2019-01-29,9.384920672764854e-05
2019-01-30,9.384920672764854e-05
2019-01-31,9.285713945116316e-05
2019-02-01,9.285713945116316e-05
2019-02-04,9.265873167249892e-05
2019-02-05,9.384920672764854e-05
2019-02-06,9.384920672764854e-05
2019-02-07,9.345238170926534e-05
2019-02-08,9.384920672764854e-05
2019-02-11,9.424603174603175e-05
2019-02-12,9.436508019765218e-05
2019-02-13,9.416666295793321e-05
2019-02-14,9.416666295793321e-05
2019-02-15,9.404761450631278e-05
2019-02-19,9.416666295793321e-05
2019-02-20,9.456348797631641e-05
2019-02-21,9.503968178279817e-05
2019-02-22,9.496031299469963e-05
2019-02-25,9.496031299469963e-05
2019-02-26,9.523809902251713e-05
2019-02-27,9.496031299469963e-05
2019-02-28,9.456348797631641e-05
2019-03-01,9.436508019765218e-05
2019-03-04,9.424603174603175e-05
2019-03-05,9.523809902251713e-05
2019-03-06,9.543650680118137e-05
2019-03-07,9.503968178279817e-05
2019-03-08,9.496031299469963e-05
2019-03-11,9.444444898575071e-05
2019-03-12,9.503968178279817e-05
2019-03-13,9.476190521603539e-05
2019-03-14,9.476190521603539e-05
2019-03-15,9.476190521603539e-05
2019-03-18,9.464285676441495e-05
2019-03-19,9.543650680118137e-05
2019-03-20,9.55555552528018e-05
2019-03-21,9.55555552528018e-05
2019-03-22,9.51587302344186e-05
2019-03-25,9.484127400413391e-05
2019-03-26,9.543650680118137e-05
2019-03-27,9.436508019765218e-05
2019-03-28,9.404761450631278e-05
2019-03-29,9.238095510573614e-05
2019-04-01,9.218253786601717e-05
2019-04-02,9.404761450631278e-05
2019-04-03,9.416666295793321e-05
2019-04-04,9.404761450631278e-05
2019-04-05,9.404761450631278e-05
2019-04-08,9.384920672764854e-05
2019-04-09,9.384920672764854e-05
2019-04-10,9.376983793955e-05
2019-04-11,9.384920672764854e-05
2019-04-12,9.424603174603175e-05
2019-04-15,9.365078948792958e-05
2019-04-16,9.436508019765218e-05
2019-04-17,9.444444898575071e-05
2019-04-18,9.384920672764854e-05
2019-04-22,9.424603174603175e-05
2019-04-23,9.484127400413391e-05
2019-04-24,9.424603174603175e-05
2019-04-25,9.384920672764854e-05
2019-04-26,9.365078948792958e-05
2019-04-29,9.365078948792958e-05
2019-04-30,9.396825517926897e-05
2019-05-01,9.376983793955e-05
2019-05-02,9.416666295793321e-05
2019-05-03,9.396825517926897e-05
2019-05-06,9.376983793955e-05
2019-05-07,9.396825517926897e-05
2019-05-08,9.404761450631278e-05
2019-05-09,9.404761450631278e-05
2019-05-10,9.404761450631278e-05
2019-05-13,9.325396446954637e-05
2019-05-14,9.33730129211668e-05
2019-05-15,9.325396446954637e-05
2019-05-16,9.277778012411935e-05
2019-05-17,9.246031443277995e-05
2019-05-20,9.206348941439675e-05
2019-05-21,9.246031443277995e-05
2019-05-22,9.206348941439675e-05
2019-05-23,9.138888782925076e-05
2019-05-24,9.07936550322033e-05
2019-05-28,9.119048005058652e-05
2019-05-29,9.119048005058652e-05
2019-05-30,9.166666439601353e-05
2019-05-31,9.099206281086755e-05
2019-06-03,9.047618934086392e-05
2019-06-04,9.107143159896609e-05
2019-06-05,9.067460658058289e-05
2019-06-06,8.948413152543324e-05
2019-06-07,8.78968219908457e-05
2019-06-10,8.809523923056467e-05
2019-06-11,8.781746266380189e-05
2019-06-12,8.591269689892965e-05
2019-06-13,8.4920639083499e-05
2019-06-14,8.432539682539683e-05
2019-06-17,8.484127029540047e-05
2019-06-18,8.603174535055008e-05
2019-06-19,8.432539682539683e-05
2019-06-20,8.246032018510122e-05
2019-06-21,8.154762169671437e-05
2019-06-24,8.16666701483348e-05
2019-06-25,8.265872796376547e-05
2019-06-26,8.305555298214868e-05
2019-06-27,8.2738096751864e-05
2019-06-28,8.075397165994795e-05
2019-07-01,8.194444671509758e-05
2019-07-02,8.523809531378367e-05
2019-07-03,8.53174641018822e-05
2019-07-05,8.583333757188585e-05
2019-07-08,8.64285703689333e-05
2019-07-09,8.710317195407928e-05
2019-07-10,8.452381406511579e-05
2019-07-11,8.325397022186763e-05
2019-07-12,8.293650453052823e-05
2019-07-15,8.2738096751864e-05
2019-07-16,8.345237800053189e-05
2019-07-17,8.226190294538226e-05
2019-07-18,7.9880952835083e-05
2019-07-19,7.9880952835083e-05
2019-07-22,8.035714664156475e-05
2019-07-23,8.067460287184941e-05
2019-07-24,8.09523794386122e-05
2019-07-25,8.174602947537861e-05
2019-07-26,8.186507792699906e-05
2019-07-29,8.13492044569954e-05
2019-07-30,8.09523794386122e-05
2019-07-31,8.055555442022898e-05
2019-08-01,8.055555442022898e-05
2019-08-02,7.936507936507937e-05
2019-08-05,7.74999979942564e-05
2019-08-06,7.916666685588776e-05
2019-08-07,7.809524025235857e-05
2019-08-08,7.817460430992973e-05
2019-08-09,7.738095427316332e-05
2019-08-12,7.650793544829838e-05
2019-08-13,7.757936678235493e-05
2019-08-14,7.571428541153197e-05
2019-08-15,7.313492279204111e-05
2019-08-16,7.234126802474734e-05
2019-08-19,7.353174781042433e-05
2019-08-20,7.539682445071991e-05
2019-08-21,7.650793544829838e-05
2019-08-22,7.690476046668159e-05
2019-08-23,7.579364946910313e-05
2019-08-26,7.670634795748999e-05
2019-08-27,7.710317297587319e-05
2019-08-28,7.698412925478012e-05
2019-08-29,7.698412925478012e-05
2019-08-30,7.670634795748999e-05
2019-09-03,7.579364946910313e-05
2019-09-04,7.559523695991153e-05
2019-09-05,7.619047448748633e-05
2019-09-06,7.579364946910313e-05
2019-09-09,7.571428541153197e-05
2019-09-10,7.591269792072357e-05
2019-09-11,7.591269792072357e-05
2019-09-12,7.519841194152831e-05
2019-09-13,7.539682445071991e-05
2019-09-16,7.718254176397172e-05
2019-09-17,7.690476046668159e-05
2019-09-18,7.46031744139535e-05
2019-09-19,7.472222286557394e-05
2019-09-20,7.341269935880388e-05
2019-09-23,7.321428684961228e-05
2019-09-24,7.46031744139535e-05
2019-09-25,7.321428684961228e-05
2019-09-26,7.023809448121085e-05
2019-09-27,6.865079440767803e-05
2019-09-30,7.023809448121085e-05
2019-10-01,6.956349289606488e-05
2019-10-02,6.884920691686963e-05
2019-10-03,6.607142705765982e-05
2019-10-04,6.567460203927661e-05
2019-10-07,6.638888801847186e-05
2019-10-08,6.567460203927661e-05
2019-10-09,6.460317543574742e-05
2019-10-10,6.480158794493902e-05
2019-10-11,6.440476292655581e-05
2019-10-14,6.420635041736421e-05
2019-10-15,6.420635041736421e-05
2019-10-16,6.408730196574378e-05
2019-10-17,6.448412698412699e-05
2019-10-18,6.448412698412699e-05
2019-10-21,6.448412698412699e-05
2019-10-22,6.408730196574378e-05
2019-10-23,6.408730196574378e-05
2019-10-24,6.440476292655581e-05
2019-10-25,6.448412698412699e-05
2019-10-28,6.369047694736057e-05
2019-10-29,6.329365192897736e-05
2019-10-30,6.329365192897736e-05
2019-10-31,5.9444445466238355e-05
2019-11-01,5.8928571996234715e-05
2019-11-04,5.9642857975429956e-05
2019-11-05,6.023809550300477e-05
2019-11-06,6.011904705138434e-05
2019-11-07,6.023809550300477e-05
2019-11-08,5.992063454219273e-05
2019-11-11,6.0039682993813164e-05
2019-11-12,6.083333303057958e-05
2019-11-13,6.0912697088150755e-05
2019-11-14,6.063492052138797e-05
2019-11-15,6.063492052138797e-05
2019-11-18,6.043650801219637e-05
2019-11-19,6.051587206976755e-05
2019-11-20,6.031745956057594e-05
2019-11-21,6.071428457895915e-05
2019-11-22,6.123015804896279e-05
2019-11-25,6.130952210653396e-05
2019-11-26,6.210317687382774e-05
2019-11-27,6.210317687382774e-05
2019-11-29,6.111110959734236e-05
2019-12-02,6.103174553977118e-05
2019-12-03,6.103174553977118e-05
2019-12-04,5.9444445466238355e-05
2019-12-05,5.924603295704675e-05
2019-12-06,5.873015948704311e-05
2019-12-09,5.9444445466238355e-05
2019-12-10,6.011904705138434e-05
2019-12-11,6.031745956057594e-05
2019-12-12,6.071428457895915e-05
2019-12-13,6.043650801219637e-05
2019-12-16,6.051587206976755e-05
2019-12-17,6.071428457895915e-05
2019-12-18,6.023809550300477e-05
2019-12-19,6.083333303057958e-05
2019-12-20,6.063492052138797e-05
2019-12-23,6.031745956057594e-05
2019-12-24,6.103174553977118e-05
2019-12-26,6.0912697088150755e-05
2019-12-27,6.023809550300477e-05
2019-12-30,5.9126984505426316e-05
2019-12-31,5.972222203300113e-05
2020-01-02,5.932539701461792e-05
2020-01-03,5.845238292028033e-05
2020-01-06,5.904762044785515e-05
2020-01-07,5.9523809523809524e-05
2020-01-08,5.924603295704675e-05
2020-01-09,5.9523809523809524e-05
2020-01-10,5.9444445466238355e-05
2020-01-13,5.992063454219273e-05
2020-01-14,6.071428457895915e-05
2020-01-15,5.984127048462156e-05
2020-01-16,6.023809550300477e-05
2020-01-17,6.043650801219637e-05
2020-01-21,5.9642857975429956e-05
2020-01-22,6.0039682993813164e-05
2020-01-23,6.011904705138434e-05
2020-01-24,5.9126984505426316e-05
2020-01-27,5.972222203300113e-05
2020-01-28,6.071428457895915e-05
2020-01-29,6.031745956057594e-05
2020-01-30,6.063492052138797e-05
2020-01-31,5.992063454219273e-05
2020-02-03,6.023809550300477e-05
2020-02-04,6.103174553977118e-05
2020-02-05,6.031745956057594e-05
2020-02-06,6.071428457895915e-05
2020-02-07,6.023809550300477e-05
2020-02-10,6.031745956057594e-05
2020-02-11,6.103174553977118e-05
2020-02-12,6.0912697088150755e-05
2020-02-13,6.130952210653396e-05
2020-02-14,6.0912697088150755e-05
2020-02-18,6.0912697088150755e-05
2020-02-19,6.123015804896279e-05
2020-02-20,6.103174553977118e-05
2020-02-21,6.023809550300477e-05
2020-02-24,5.9642857975429956e-05
2020-02-25,5.9126984505426316e-05
2020-02-26,5.865079542947194e-05
2020-02-27,5.535714210025848e-05
2020-02-28,4.880952456640819e-05
2020-03-02,4.503968216124035e-05
2020-03-03,3.6428570747375486e-05
2020-03-04,2.6785714758767023e-05
2020-03-05,2.3611112246437678e-05
2020-03-06,1.6468253637117056e-05
2020-03-09,1.3095238615596106e-05
2020-03-10,1.5476189908527193e-05
2020-03-11,1.4603174631557767e-05
2020-03-12,1.0833333409021772e-05
2020-03-13,9.642857171240307e-06
2020-03-16,7.3412699358803885e-06
2020-03-17,6.547619307798053e-06
2020-03-18,1.1904762008242191e-07
2020-03-19,-1.1111111454074344e-06
2020-03-20,-1.3095238024280185e-06
2020-03-23,-1.5873015518226319e-06
2020-03-24,-1.3095238024280185e-06
2020-03-25,-2.7777777896040964e-06
2020-03-26,-4.166666536577164e-06
2020-03-27,-2.3015872353599184e-06
2020-03-30,5.158730265167025e-07
2020-03-31,1.190476163866974e-06
2020-04-01,2.5000000402094826e-06
2020-04-02,2.579364984754532e-06
2020-04-03,2.3015872353599184e-06
2020-04-06,2.380952327733948e-06
2020-04-07,5.079365320621975e-06
2020-04-08,7.3412699358803885e-06
2020-04-09,8.333333073154328e-06
2020-04-13,7.936508054771122e-06
2020-04-14,6.547619307798053e-06
2020-04-15,4.5634921462762925e-06
2020-04-16,4.365079341426728e-06
2020-04-17,4.087301592032115e-06
2020-04-20,2.7777777896040964e-06
2020-04-21,3.88888878718255e-06
2020-04-22,3.6904762779909467e-06
2020-04-23,3.6904762779909467e-06
2020-04-24,3.968254027385561e-06
2020-04-27,3.6904762779909467e-06
2020-04-28,3.3730159084948284e-06
2020-04-29,3.5714287133443927e-06
2020-04-30,3.5714287133443927e-06
2020-05-01,3.6904762779909467e-06
2020-05-04,3.5714287133443927e-06
2020-05-05,4.365079341426728e-06
2020-05-06,4.285714396881679e-06
2020-05-07,3.7698412225359962e-06
2020-05-08,3.7698412225359962e-06
2020-05-11,4.166666536577164e-06
2020-05-12,4.88095251577241e-06
2020-05-13,4.5634921462762925e-06
2020-05-14,4.166666536577164e-06
2020-05-15,4.087301592032115e-06
2020-05-18,4.166666536577164e-06
2020-05-19,4.682539710922847e-06
2020-05-20,4.682539710922847e-06
2020-05-21,4.365079341426728e-06
2020-05-22,4.365079341426728e-06
2020-05-26,4.682539710922847e-06
2020-05-27,5.357143070016589e-06
2020-05-28,5.476190339005182e-06
2020-05-29,5.079365320621975e-06
2020-06-01,5.079365320621975e-06
2020-06-02,5.753968088399797e-06
2020-06-03,5.873015948704311e-06
2020-06-04,5.555555579208193e-06
2020-06-05,5.753968088399797e-06
2020-06-08,6.071428457895915e-06
2020-06-09,6.547619307798053e-06
2020-06-10,6.547619307798053e-06
2020-06-11,6.071428457895915e-06
2020-06-12,5.9523811889073204e-06
2020-06-15,6.150793698098924e-06
2020-06-16,6.3492062072905275e-06
2020-06-17,6.547619307798053e-06
2020-06-18,5.555555579208193e-06
2020-06-19,5.674603439512707e-06
2020-06-22,5.555555579208193e-06
2020-06-23,5.555555579208193e-06
2020-06-24,5.357143070016589e-06
2020-06-25,5.158729969509064e-06
2020-06-26,5.277777829813578e-06
2020-06-29,4.96031746031746e-06
2020-06-30,5.357143070016589e-06
2020-07-01,5.158729969509064e-06
2020-07-02,5.277777829813578e-06
2020-07-06,5.079365320621975e-06
2020-07-07,5.555555579208193e-06
2020-07-08,5.357143070016589e-06
2020-07-09,4.88095251577241e-06
2020-07-10,4.761904655467896e-06
2020-07-13,4.96031746031746e-06
2020-07-14,5.277777829813578e-06
2020-07-15,4.96031746031746e-06
2020-07-16,4.087301592032115e-06
2020-07-17,4.166666536577164e-06
2020-07-20,4.166666536577164e-06
2020-07-21,4.365079341426728e-06
2020-07-22,3.968254027385561e-06
2020-07-23,4.087301592032115e-06
2020-07-24,3.88888878718255e-06
2020-07-27,3.6904762779909467e-06
2020-07-28,4.087301592032115e-06
2020-07-29,3.5714287133443927e-06
2020-07-30,3.3730159084948284e-06
2020-07-31,3.2936506682918186e-06
2020-08-03,3.0952381591002147e-06
2020-08-04,3.5714287133443927e-06
2020-08-05,3.7698412225359962e-06
2020-08-06,3.492063473141383e-06
2020-08-07,3.492063473141383e-06
2020-08-10,3.492063473141383e-06
2020-08-11,3.968254027385561e-06
2020-08-12,3.968254027385561e-06
2020-08-13,3.5714287133443927e-06
2020-08-14,3.492063473141383e-06
2020-08-17,3.3730159084948284e-06
2020-08-18,3.968254027385561e-06
2020-08-19,3.7698412225359962e-06
2020-08-20,3.492063473141383e-06
2020-08-21,3.492063473141383e-06
2020-08-24,3.3730159084948284e-06
2020-08-25,3.7698412225359962e-06
2020-08-26,3.6904762779909467e-06
2020-08-27,3.7698412225359962e-06
2020-08-28,3.7698412225359962e-06
2020-08-31,3.7698412225359962e-06
2020-09-01,3.968254027385561e-06
2020-09-02,3.968254027385561e-06
2020-09-03,3.968254027385561e-06
2020-09-04,4.087301592032115e-06
2020-09-08,4.285714396881679e-06
2020-09-09,4.166666536577164e-06
2020-09-10,4.087301592032115e-06
2020-09-11,4.087301592032115e-06
2020-09-14,3.968254027385561e-06
2020-09-15,3.968254027385561e-06
2020-09-16,3.968254027385561e-06
2020-09-17,3.3730159084948284e-06
2020-09-18,3.2936506682918186e-06
2020-09-21,3.1746031036452638e-06
2020-09-22,3.492063473141383e-06
2020-09-23,3.492063473141383e-06
2020-09-24,3.6904762779909467e-06
2020-09-25,3.5714287133443927e-06
2020-09-28,3.492063473141383e-06
2020-09-29,3.3730159084948284e-06
2020-09-30,3.3730159084948284e-06
2020-10-01,3.2936506682918186e-06
2020-10-02,3.3730159084948284e-06
2020-10-05,3.3730159084948284e-06
2020-10-06,3.492063473141383e-06
2020-10-07,3.492063473141383e-06
2020-10-08,3.492063473141383e-06
2020-10-09,3.6904762779909467e-06
2020-10-12,3.5714287133443927e-06
2020-10-13,3.6904762779909467e-06
2020-10-14,3.968254027385561e-06
2020-10-15,3.7698412225359962e-06
2020-10-16,3.5714287133443927e-06
2020-10-19,3.5714287133443927e-06
2020-10-20,3.7698412225359962e-06
2020-10-21,3.5714287133443927e-06
2020-10-22,3.3730159084948284e-06
2020-10-23,3.2936506682918186e-06
2020-10-26,3.1746031036452638e-06
2020-10-27,3.5714287133443927e-06
2020-10-28,3.5714287133443927e-06
2020-10-29,3.2936506682918186e-06
2020-10-30,3.2936506682918186e-06
2020-11-02,3.2936506682918186e-06
2020-11-03,3.5714287133443927e-06
2020-11-04,3.2936506682918186e-06
2020-11-05,3.3730159084948284e-06
2020-11-06,3.2936506682918186e-06
2020-11-09,3.492063473141383e-06
2020-11-10,3.5714287133443927e-06
2020-11-11,3.5714287133443927e-06
2020-11-12,3.3730159084948284e-06
2020-11-13,3.2936506682918186e-06
2020-11-16,2.9761905944536602e-06
2020-11-17,3.1746031036452638e-06
2020-11-18,2.9761905944536602e-06
2020-11-19,2.380952327733948e-06
2020-11-20,2.3015872353599184e-06
2020-11-23,2.7777777896040964e-06
2020-11-24,3.1746031036452638e-06
2020-11-25,3.1746031036452638e-06
2020-11-27,2.896825354250651e-06
2020-11-30,2.9761905944536602e-06
2020-12-01,3.1746031036452638e-06
2020-12-02,2.9761905944536602e-06
2020-12-03,2.9761905944536602e-06
2020-12-04,2.9761905944536602e-06
2020-12-07,2.7777777896040964e-06
2020-12-08,2.6984128450590464e-06
2020-12-09,2.7777777896040964e-06
2020-12-10,2.7777777896040964e-06
2020-12-11,2.579364984754532e-06
2020-12-14,2.380952327733948e-06
2020-12-15,2.7777777896040964e-06
2020-12-16,2.9761905944536602e-06
2020-12-17,3.1746031036452638e-06
2020-12-18,3.1746031036452638e-06
2020-12-21,3.0952381591002147e-06
2020-12-22,3.0952381591002147e-06
2020-12-23,2.9761905944536602e-06
2020-12-24,2.9761905944536602e-06
2020-12-28,3.1746031036452638e-06
2020-12-29,3.5714287133443927e-06
2020-12-30,2.7777777896040964e-06
2020-12-31,2.579364984754532e-06
2021-01-04,2.6984128450590464e-06
2021-01-05,3.0952381591002147e-06
2021-01-06,3.0952381591002147e-06
2021-01-07,3.1746031036452638e-06
2021-01-08,3.1746031036452638e-06
2021-01-11,3.1746031036452638e-06
2021-01-12,3.1746031036452638e-06
2021-01-13,3.1746031036452638e-06
2021-01-14,2.9761905944536602e-06
2021-01-15,2.9761905944536602e-06
2021-01-19,2.896825354250651e-06
2021-01-20,2.9761905944536602e-06
2021-01-21,2.896825354250651e-06
2021-01-22,2.7777777896040964e-06
2021-01-25,2.7777777896040964e-06
2021-01-26,2.6984128450590464e-06
2021-01-27,2.380952327733948e-06
2021-01-28,2.182539670713364e-06
2021-01-29,1.9047619213187506e-06
2021-02-01,1.9047619213187506e-06
2021-02-02,1.9841270136927804e-06
2021-02-03,1.5873015518226319e-06
2021-02-04,1.190476163866974e-06
2021-02-05,9.126984144723604e-07
2021-02-08,7.936507759113159e-07
2021-02-09,1.3095238024280185e-06
2021-02-10,1.3888888948020482e-06
2021-02-11,1.3888888948020482e-06
2021-02-12,1.3888888948020482e-06
2021-02-16,1.3888888948020482e-06
2021-02-17,1.3888888948020482e-06
2021-02-18,9.126984144723604e-07
2021-02-19,9.126984144723604e-07
2021-02-22,9.920635068463902e-07
2021-02-23,9.126984144723604e-07
2021-02-24,1.1111111454074344e-06
2021-02-25,1.3095238024280185e-06
2021-02-26,1.3888888948020482e-06
2021-03-01,1.1111111454074344e-06
2021-03-02,1.3888888948020482e-06
2021-03-03,1.3888888948020482e-06
2021-03-04,1.1111111454074344e-06
2021-03-05,1.1111111454074344e-06
2021-03-08,1.3888888948020482e-06
2021-03-09,1.3888888948020482e-06
2021-03-10,1.190476163866974e-06
2021-03-11,1.1111111454074344e-06
2021-03-12,9.920635068463902e-07
2021-03-15,5.95238081933487e-07
2021-03-16,3.1746033253887344e-07
2021-03-17,3.1746033253887344e-07
2021-03-18,1.1904762008242191e-07
2021-03-19,1.9841269397782899e-07
2021-03-22,1.9841269397782899e-07
2021-03-23,3.9682538795565797e-07
2021-03-24,5.95238081933487e-07
2021-03-25,5.95238081933487e-07
2021-03-26,5.95238081933487e-07
2021-03-29,3.1746033253887344e-07
2021-03-30,5.158730265167025e-07
2021-03-31,5.158730265167025e-07
2021-04-01,3.1746033253887344e-07
2021-04-05,5.95238081933487e-07
2021-04-06,5.95238081933487e-07
2021-04-07,3.9682538795565797e-07
2021-04-08,1.9841269397782899e-07
2021-04-09,1.1904762008242191e-07
2021-04-12,3.9682538795565797e-07
2021-04-13,5.95238081933487e-07
2021-04-14,5.95238081933487e-07
2021-04-15,3.9682538795565797e-07
2021-04-16,3.1746033253887344e-07
2021-04-19,5.95238081933487e-07
2021-04-20,5.95238081933487e-07
2021-04-21,5.158730265167025e-07
2021-04-22,5.95238081933487e-07
2021-04-23,5.95238081933487e-07
2021-04-26,3.1746033253887344e-07
2021-04-27,3.9682538795565797e-07
2021-04-28,3.1746033253887344e-07
2021-04-29,3.1746033253887344e-07
2021-04-30,1.1904762008242191e-07
2021-05-03,1.9841269397782899e-07
2021-05-04,3.9682538795565797e-07
2021-05-05,3.1746033253887344e-07
2021-05-06,3.1746033253887344e-07
2021-05-07,3.1746033253887344e-07
2021-05-10,1.9841269397782899e-07
2021-05-11,3.9682538795565797e-07
2021-05-12,3.9682538795565797e-07
2021-05-13,3.1746033253887344e-07
2021-05-14,1.9841269397782899e-07
2021-05-17,1.9841269397782899e-07
2021-05-18,3.9682538795565797e-07
2021-05-19,1.9841269397782899e-07
2021-05-20,1.1904762008242191e-07
2021-05-21,1.1904762008242191e-07
2021-05-24,1.1904762008242191e-07
2021-05-25,3.9682538795565797e-07
2021-05-26,1.9841269397782899e-07
2021-05-27,1.9841269397782899e-07
2021-05-28,3.1746033253887344e-07
2021-06-01,3.9682538795565797e-07
2021-06-02,5.95238081933487e-07
2021-06-03,5.95238081933487e-07
2021-06-04,5.95238081933487e-07
2021-06-07,7.142856835372864e-07
2021-06-08,7.936507759113159e-07
2021-06-09,7.936507759113159e-07
2021-06-10,7.936507759113159e-07
2021-06-11,7.142856835372864e-07
2021-06-14,5.95238081933487e-07
2021-06-15,7.936507759113159e-07
2021-06-16,1.1111111454074344e-06
2021-06-17,1.1111111454074344e-06
2021-06-18,1.1111111454074344e-06
2021-06-21,1.190476163866974e-06
2021-06-22,1.5079364594486024e-06
2021-06-23,1.5873015518226319e-06
2021-06-24,1.7063492642981665e-06
2021-06-25,1.7063492642981665e-06
2021-06-28,1.5873015518226319e-06
2021-06-29,1.5873015518226319e-06
2021-06-30,1.5873015518226319e-06
2021-07-01,1.5873015518226319e-06
2021-07-02,1.5079364594486024e-06
2021-07-06,1.5873015518226319e-06
2021-07-07,1.7063492642981665e-06
2021-07-08,1.7063492642981665e-06
2021-07-09,1.7063492642981665e-06
2021-07-12,1.7063492642981665e-06
2021-07-13,1.7857143566721963e-06
2021-07-14,1.7857143566721963e-06
2021-07-15,1.5079364594486024e-06
2021-07-16,1.5079364594486024e-06
2021-07-19,1.5873015518226319e-06
2021-07-20,1.7857143566721963e-06
2021-07-21,1.7857143566721963e-06
2021-07-22,1.7063492642981665e-06
2021-07-23,1.7857143566721963e-06
2021-07-26,1.5873015518226319e-06
2021-07-27,1.7857143566721963e-06
2021-07-28,1.7857143566721963e-06
2021-07-29,1.5873015518226319e-06
2021-07-30,1.5873015518226319e-06
2021-08-02,1.5079364594486024e-06
2021-08-03,1.7857143566721963e-06
2021-08-04,1.7857143566721963e-06
2021-08-05,1.7063492642981665e-06
2021-08-06,1.7063492642981665e-06
2021-08-09,1.7857143566721963e-06
2021-08-10,1.9841270136927804e-06
2021-08-11,1.7857143566721963e-06
2021-08-12,1.7063492642981665e-06
2021-08-13,1.7857143566721963e-06
2021-08-16,2.3015872353599184e-06
2021-08-17,2.5000000402094826e-06
2021-08-18,2.182539670713364e-06
2021-08-19,1.7063492642981665e-06
2021-08-20,1.7063492642981665e-06
2021-08-23,1.5873015518226319e-06
2021-08-24,1.9047619213187506e-06
2021-08-25,1.7857143566721963e-06
2021-08-26,1.7063492642981665e-06
2021-08-27,1.7063492642981665e-06
2021-08-30,1.5079364594486024e-06
2021-08-31,1.5873015518226319e-06
2021-09-01,1.5873015518226319e-06
2021-09-02,1.5873015518226319e-06
2021-09-03,1.5873015518226319e-06
2021-09-07,1.3888888948020482e-06
2021-09-08,1.5873015518226319e-06
2021-09-09,1.5079364594486024e-06
2021-09-10,1.5079364594486024e-06
2021-09-13,1.5079364594486024e-06
2021-09-14,1.3888888948020482e-06
2021-09-15,1.3888888948020482e-06
2021-09-16,1.190476163866974e-06
2021-09-17,1.1111111454074344e-06
2021-09-20,9.920635068463902e-07
2021-09-21,7.936507759113159e-07
2021-09-22,9.920635068463902e-07
2021-09-23,9.920635068463902e-07
2021-09-24,9.920635068463902e-07
2021-09-27,9.920635068463902e-07
2021-09-28,1.190476163866974e-06
2021-09-29,1.190476163866974e-06
2021-09-30,1.1111111454074344e-06
2021-10-01,1.1111111454074344e-06
2021-10-04,1.1111111454074344e-06
2021-10-05,1.3888888948020482e-06
2021-10-06,1.5873015518226319e-06
2021-10-07,1.5873015518226319e-06
2021-10-08,1.5873015518226319e-06
2021-10-11,1.5873015518226319e-06
2021-10-12,1.5873015518226319e-06
2021-10-13,1.7857143566721963e-06
2021-10-14,1.5873015518226319e-06
2021-10-15,1.5079364594486024e-06
2021-10-18,1.7063492642981665e-06
2021-10-19,1.9841270136927804e-06
2021-10-20,1.9841270136927804e-06
2021-10-21,1.9841270136927804e-06
2021-10-22,1.9841270136927804e-06
2021-10-25,1.9841270136927804e-06
2021-10-26,1.9841270136927804e-06
2021-10-27,1.9841270136927804e-06
2021-10-28,1.9047619213187506e-06
2021-10-29,1.9047619213187506e-06
2021-11-01,1.5873015518226319e-06
2021-11-02,1.7857143566721963e-06
2021-11-03,1.7857143566721963e-06
2021-11-04,1.3888888948020482e-06
2021-11-05,1.5873015518226319e-06
2021-11-08,1.3888888948020482e-06
2021-11-09,1.5873015518226319e-06
2021-11-10,1.7857143566721963e-06
2021-11-11,1.5873015518226319e-06
2021-11-12,1.7063492642981665e-06
2021-11-15,1.5079364594486024e-06
2021-11-16,1.5873015518226319e-06
2021-11-17,1.7857143566721963e-06
2021-11-18,1.7857143566721963e-06
2021-11-19,1.7857143566721963e-06
2021-11-22,1.5873015518226319e-06
2021-11-23,1.7857143566721963e-06
2021-11-24,1.9841270136927804e-06
2021-11-26,1.7063492642981665e-06
2021-11-29,1.5079364594486024e-06
2021-11-30,1.9047619213187506e-06
2021-12-01,1.9841270136927804e-06
2021-12-02,1.7063492642981665e-06
2021-12-03,1.7063492642981665e-06
2021-12-06,1.7063492642981665e-06
2021-12-07,2.3015872353599184e-06
2021-12-08,2.380952327733948e-06
2021-12-09,2.1031745783393345e-06
2021-12-10,1.9841270136927804e-06
2021-12-13,1.7063492642981665e-06
2021-12-14,1.9047619213187506e-06
2021-12-15,1.7857143566721963e-06
2021-12-16,1.3888888948020482e-06
2021-12-17,1.190476163866974e-06
2021-12-20,1.5079364594486024e-06
2021-12-21,2.579364984754532e-06
2021-12-22,2.579364984754532e-06
2021-12-23,2.3015872353599184e-06
2021-12-27,1.7063492642981665e-06
2021-12-28,1.9841270136927804e-06
2021-12-29,1.7857143566721963e-06
2021-12-30,9.920635068463902e-07
2021-12-31,1.3095238024280185e-06
2022-01-03,2.1031745783393345e-06
2022-01-04,3.1746031036452638e-06
2022-01-05,3.3730159084948284e-06
2022-01-06,3.5714287133443927e-06
2022-01-07,3.492063473141383e-06
2022-01-10,3.5714287133443927e-06
2022-01-11,4.682539710922847e-06
2022-01-12,4.5634921462762925e-06
2022-01-13,4.365079341426728e-06
2022-01-14,4.682539710922847e-06
2022-01-18,5.158729969509064e-06
2022-01-19,6.547619307798053e-06
2022-01-20,6.666666576786647e-06
2022-01-21,6.269841558403438e-06
2022-01-24,6.150793698098924e-06
2022-01-25,7.3412699358803885e-06
2022-01-26,7.063492186485775e-06
2022-01-27,7.3412699358803885e-06
2022-01-28,6.865079085978251e-06
2022-01-31,6.865079085978251e-06
2022-02-01,8.055555323759714e-06
2022-02-02,7.3412699358803885e-06
2022-02-03,7.658730305376506e-06
2022-02-04,8.849206543157971e-06
2022-02-07,8.055555323759714e-06
2022-02-08,1.0912698649224782e-05
2022-02-09,1.0714286140033178e-05
2022-02-10,1.4682539871760777e-05
2022-02-11,1.3412698393776302e-05
2022-02-14,1.428571485337757e-05
2022-02-15,1.5873016109542244e-05
2022-02-16,1.4801587140749371e-05
2022-02-17,1.3690476143170916e-05
2022-02-18,1.2619047174378047e-05
2022-02-22,1.3095238615596106e-05
2022-02-23,1.3492063633979314e-05
2022-02-24,1.1230158427404978e-05
2022-02-25,1.1825397137611633e-05
2022-02-28,1.1428570936596582e-05
2022-03-01,1.2420634665186443e-05
2022-03-02,1.2896824923772659e-05
2022-03-03,1.329365112478771e-05
2022-03-04,1.2103174887006245e-05
2022-03-07,1.2103174887006245e-05
2022-03-08,1.428571485337757e-05
2022-03-09,1.4682539871760777e-05
2022-03-10,1.428571485337757e-05
2022-03-11,1.4484127362569173e-05
2022-03-14,1.4999999649940975e-05
2022-03-15,1.777777832651895e-05
2022-03-16,1.71825396163123e-05
2022-03-17,1.428571485337757e-05
2022-03-18,1.5198412159132579e-05
2022-03-21,1.8055556075913566e-05
2022-03-22,2.0634919878036257e-05
2022-03-23,1.9047618621871583e-05
2022-03-24,1.916666707349202e-05
2022-03-25,2.0634919878036257e-05
2022-03-28,2.015873080208188e-05
2022-03-29,2.2023809807641167e-05
2022-03-30,2.083333238722786e-05
2022-03-31,1.956349209187523e-05
2022-04-01,1.984126984126984e-05
2022-04-04,2.1349205857231504e-05
2022-04-05,2.650793582674057e-05
2022-04-06,2.6309523317548965e-05
2022-04-07,2.619047723119221e-05
2022-04-08,2.650793582674057e-05
2022-04-11,2.6984127267958627e-05
2022-04-12,2.9285713320686706e-05
2022-04-13,2.9365079743521554e-05
2022-04-14,2.9682540704333593e-05
2022-04-18,2.9960317271096366e-05
2022-04-19,3.3055555725854536e-05
2022-04-20,3.154761970989288e-05
2022-04-21,3.174603221908449e-05
2022-04-22,3.0952379817054386e-05
2022-04-25,3.166666579624963e-05
2022-04-26,3.3055555725854536e-05
2022-04-27,3.206349317989652e-05
2022-04-28,3.115079469150967e-05
2022-04-29,3.206349317989652e-05
2022-05-02,3.0357142289479574e-05
2022-05-03,3.551587225898864e-05
2022-05-04,3.3055555725854536e-05
2022-05-05,3.186507830544124e-05
2022-05-06,3.2341269746659296e-05
2022-05-09,3.174603221908449e-05
2022-05-10,3.4841270673842654e-05
2022-05-11,3.503968318303426e-05
2022-05-12,3.5912697277371846e-05
2022-05-13,3.742063565859719e-05
2022-05-16,3.888888964577327e-05
2022-05-17,4.1190475698501346e-05
2022-05-18,3.980158813416012e-05
2022-05-19,3.968253968253968e-05
2022-05-20,3.880952322293842e-05
2022-05-23,3.940476075051323e-05
2022-05-24,4.1388888207692946e-05
2022-05-25,4.1468252265264115e-05
2022-05-26,4.079365068011814e-05
2022-05-27,4.06746022284977e-05
2022-05-31,4.0873014737689306e-05
2022-06-01,4.376984304851956e-05
2022-06-02,4.4166668066902766e-05
2022-06-03,4.503968216124035e-05
2022-06-06,4.6031744707198374e-05
2022-06-07,4.861111205721658e-05
2022-06-08,4.892857301802862e-05
2022-06-09,4.9126985527220226e-05
2022-06-10,5.1111110619136266e-05
2022-06-13,5.9444445466238355e-05
2022-06-14,6.916666787768168e-05
2022-06-15,6.72619068433368e-05
2022-06-16,5.884920793866354e-05
2022-06-17,5.992063454219273e-05
2022-06-21,5.904762044785515e-05
2022-06-22,6.130952210653396e-05
2022-06-23,6.190475963410877e-05
2022-06-24,6.341270038059779e-05
2022-06-27,6.480158794493902e-05
2022-06-28,6.896825536849007e-05
2022-06-29,6.765873186172e-05
2022-06-30,6.349206443816897e-05
2022-07-01,6.36111128897894e-05
2022-07-05,6.468253949331859e-05
2022-07-06,7.301587434042068e-05
2022-07-07,7.353174781042433e-05
2022-07-08,7.313492279204111e-05
2022-07-11,7.74999979942564e-05
2022-07-12,8.384920301891509e-05
2022-07-13,9.218253786601717e-05
2022-07-14,9.019841277410113e-05
2022-07-15,8.888888926733108e-05
2022-07-18,8.96825393040975e-05
2022-07-19,9.722222411443316e-05
2022-07-20,9.436508019765218e-05
2022-07-21,9.365078948792958e-05
2022-07-22,9.345238170926534e-05
2022-07-25,9.496031299469963e-05
2022-07-26,9.821428192986383e-05
2022-07-27,9.456348797631641e-05
2022-07-28,9.158730506896972e-05
2022-07-29,9.119048005058652e-05
2022-08-01,8.988095654381647e-05
2022-08-02,9.773809758443682e-05
2022-08-03,9.634920528956822e-05
2022-08-04,9.436508019765218e-05
2022-08-05,9.563492404090033e-05
2022-08-08,9.761904913281637e-05
2022-08-09,0.00010198412433503166
2022-08-10,0.0001005952415012178
2022-08-11,9.880952418796599e-05
2022-08-12,9.92063492063492e-05
2022-08-15,9.972222267635285e-05
2022-08-16,0.00010309524006313749
2022-08-17,0.00010190476500798786
2022-08-18,0.00010178571655636741
2022-08-19,0.00010238094935341486
2022-08-22,0.00010507936515505352
2022-08-23,0.00010726190748668851
2022-08-24,0.00010765873250507173
2022-08-25,0.00010833333409021771
2022-08-26,0.0001093254013667031
2022-08-29,0.00011103174989185636
2022-08-30,0.00011400793279920305
2022-08-31,0.00011349205932919941
2022-09-01,0.00011361110778081984
2022-09-02,0.00011190475925566658
2022-09-06,0.00011289682653215196
2022-09-07,0.00011638889237055703
2022-09-08,0.00011706349395570301
2022-09-09,0.00011777777520437089
2022-09-12,0.00011884920180790008
2022-09-13,0.00012511905223604232
2022-09-14,0.00012412698495955693
2022-09-15,0.0001228174614527869
2022-09-16,0.00012182539417630151
2022-09-19,0.00012043651134248764
2022-09-20,0.00012869047740149119
2022-09-21,0.00012658730385795472
2022-09-22,0.00012420635374765549
2022-09-23,0.00012333333492279053
2022-09-26,0.00012559523658146933
2022-09-27,0.00012896825396825398
2022-09-28,0.00012817460393148755
2022-09-29,0.00012769841012500582
2022-09-30,0.00012619047883957152
2022-10-03,0.0001250000037844219
2022-10-04,0.00013154762131827217
2022-10-05,0.00013067460249340722
2022-10-06,0.000130476194714743
2022-10-07,0.00013067460249340722
2022-10-10,0.00013035714626312257
2022-10-11,0.00013253967913370285
2022-10-12,0.00014019841239565895
2022-10-13,0.00014218253748757498
2022-10-14,0.0001439682548008268
2022-10-17,0.00014634920491112604
2022-10-18,0.00015210317240820992
2022-10-19,0.00015448412251850915
2022-10-20,0.00015436508352794344
2022-10-21,0.00015416666628822448
2022-10-24,0.0001552777820163303
2022-10-25,0.00015734126643529014
2022-10-26,0.00015595238360147627
2022-10-27,0.00015595238360147627
2022-10-28,0.0001575396836750091
2022-10-31,0.00015773809145367334
2022-11-01,0.0001607142932831295
2022-11-02,0.0001597222260066441
2022-11-03,0.0001597222260066441
2022-11-04,0.0001592460322001624
2022-11-07,0.00015805555714501276
2022-11-08,0.00016230159335666234
2022-11-09,0.00016242063234722803
2022-11-10,0.000160912691600739
2022-11-11,0.00016123016675313314
2022-11-14,0.00016142856507074264
2022-11-15,0.00016388889343019517
2022-11-16,0.0001636904761904762
2022-11-17,0.00016321428238399446
2022-11-18,0.00016408731066991413
2022-11-21,0.00016261904958694698
2022-11-22,0.00016658729977077908
2022-11-23,0.0001666666590978229
2022-11-25,0.00016567461074344696
2022-11-28,0.00016599206697373163
2022-11-29,0.00016876983264135935
2022-11-30,0.00016876983264135935
2022-12-01,0.00016638888253106012
2022-12-02,0.00016698413425021702
2022-12-05,0.00016499999969724625
2022-12-06,0.0001674603091345893
2022-12-07,0.00016599206697373163
2022-12-08,0.00016468254346696157
2022-12-09,0.0001655952324942937
2022-12-12,0.0001653968341766842
2022-12-13,0.00016857143432374985
2022-12-14,0.0001674603091345893
2022-12-15,0.00016718253256782652
2022-12-16,0.00016519841693696523
2022-12-19,0.00016519841693696523
2022-12-20,0.00016785714361402723
2022-12-21,0.00016686507633754187
2022-12-22,0.00016698413425021702
2022-12-23,0.00016638888253106012
2022-12-27,0.00016646826078021336
2022-12-28,0.00017214285002814398
2022-12-29,0.00017043651096404543
2022-12-30,0.00016904762813023158
2023-01-03,0.00016884921089051262
2023-01-04,0.0001746031783875965
2023-01-05,0.00017849206924438476
2023-01-06,0.00017829365200466577
2023-01-09,0.00017789681752522789
2023-01-10,0.0001811507959214468
2023-01-11,0.00018075396144200885
2023-01-12,0.00017757936129494318
2023-01-13,0.00017809523476494682
2023-01-17,0.00017829365200466577
2023-01-18,0.00017976191308763294
2023-01-19,0.00017956349584791396
2023-01-20,0.0001800793693179176
2023-01-23,0.00017996031140524242
2023-01-24,0.00018146825215173144
2023-01-25,0.00018035714588468036
2023-01-26,0.00018027778655763655
2023-01-27,0.00018047618487524608
2023-01-30,0.00017996031140524242
2023-01-31,0.00018134921316116578
2023-02-01,0.000179365078608195
2023-02-02,0.0001789682630508665
2023-02-03,0.0001794841175987607
2023-02-06,0.0001798809520781986
2023-02-07,0.00018134921316116578
2023-02-08,0.0001819444459582132
2023-02-09,0.00018305555222526427
2023-02-10,0.00018392858051118397
2023-02-13,0.00018432539606851245
2023-02-14,0.0001849206288655599
2023-02-15,0.00018424603674146864
2023-02-16,0.00018511904610527886
2023-02-17,0.00018571427890232633
2023-02-21,0.00018603175405472046
2023-02-22,0.0001863095306214832
2023-02-23,0.00018611111338176424
2023-02-24,0.00018662698685176788
2023-02-27,0.00018511904610527886
2023-02-28,0.00018690476341853067
2023-03-01,0.0001874999962155781
2023-03-02,0.0001874206368885343
2023-03-03,0.00018722221964881535
2023-03-06,0.0001876190541282533
2023-03-07,0.00019226189643617659
2023-03-08,0.0001937698371826656
2023-03-09,0.00019238095434885176
2023-03-10,0.00019059523703559997
2023-03-13,0.0001848412695385161
2023-03-14,0.00018571427890232633
2023-03-15,0.00018087301935468402
2023-03-16,0.00017976191308763294
2023-03-17,0.00017035715163700164
2023-03-20,0.0001771825457376147
2023-03-21,0.00018273809599497962
2023-03-22,0.00018107143659440298
2023-03-23,0.0001786904675619943
2023-03-24,0.0001786904675619943
2023-03-27,0.00018186508663116938
2023-03-28,0.00018365078502231174
2023-03-29,0.000183730163271465
2023-03-30,0.00018511904610527886
2023-03-31,0.0001819444459582132
2023-04-03,0.00018134921316116578
2023-04-04,0.0001876190541282533
2023-04-05,0.0001867063461788117
2023-04-06,0.00018690476341853067
2023-04-10,0.00019198411986941384
2023-04-11,0.00019365079819209992
2023-04-12,0.0001928571481553335
2023-04-13,0.00019265873091561453
2023-04-14,0.00019456348721943204
2023-04-17,0.00019535713725619844
2023-04-18,0.00019960318292890276
2023-04-19,0.00019821428117297945
2023-04-20,0.00019623016554211814
2023-04-21,0.00019642856385972766
2023-04-24,0.00019337302162533715
2023-04-25,0.0001965476217724028
2023-04-26,0.00019781746561565097
2023-04-27,0.0001984126984126984
2023-04-28,0.00019535713725619844
2023-05-01,0.00019305554647294302
2023-05-02,0.00019999999848623124
2023-05-03,0.00020218253135681152
2023-05-04,0.0002005952312832787
2023-05-05,0.00020158729855976408
2023-05-08,0.00020170635647243925
2023-05-09,0.00020329365654597208
2023-05-10,0.00020099206576271663
2023-05-11,0.00019900793120974586
2023-05-12,0.00019952380467974952
2023-05-15,0.0001984126984126984
2023-05-16,0.00020071428919595384
2023-05-17,0.00020190475479004875
2023-05-18,0.00020337301587301587
2023-05-19,0.00020178571579948303
2023-05-22,0.00020218253135681152
2023-05-23,0.00020448412214006697
2023-05-24,0.00020575396598331513
2023-05-25,0.00020488095661950491
2023-05-26,0.00020297618139357795
2023-05-30,0.00020408730658273848
2023-05-31,0.0002082539740062895
2023-06-01,0.00020646825669303775
2023-06-02,0.00020694445049951947
2023-06-05,0.00020408730658273848
2023-06-06,0.00020468253937978596
2023-06-07,0.00020448412214006697
2023-06-08,0.00020238094859653048
2023-06-09,0.00020218253135681152
2023-06-12,0.00020218253135681152
2023-06-13,0.00020238094859653048
2023-06-14,0.00020158729855976408
2023-06-15,0.0002005952312832787
2023-06-16,0.00020099206576271663
2023-06-20,0.00020138888132004512
2023-06-21,0.0002037698503524538
2023-06-22,0.0002037698503524538
2023-06-23,0.0002038888893430195
2023-06-26,0.00020456350038922024
2023-06-27,0.00020555554874359614
2023-06-28,0.00020515873318626766
2023-06-29,0.00020535715042598664
2023-06-30,0.00020448412214006697
2023-07-03,0.0002041666659097823
2023-07-05,0.0002060714222135998
2023-07-06,0.0002068650722503662
2023-07-07,0.0002068650722503662
2023-07-10,0.00020734126605684796
2023-07-11,0.00020805555676657055
2023-07-12,0.00020753968329656692
2023-07-13,0.00020726190672980415
2023-07-14,0.00020694445049951947
2023-07-17,0.00020765872228713263
2023-07-18,0.0002082539740062895
2023-07-19,0.00020813491609361436
2023-07-20,0.00020805555676657055
2023-07-21,0.0002082539740062895
2023-07-24,0.00020833333333333332
2023-07-25,0.0002089285661303808
2023-07-26,0.00020904762404305594
2023-07-27,0.00020904762404305594
2023-07-28,0.0002085317505730523
2023-07-31,0.0002082539740062895
2023-08-01,0.00020873016781277126
2023-08-02,0.00020873016781277126
2023-08-03,0.00020865078956361802
2023-08-04,0.00020845237232389904
2023-08-07,0.00020873016781277126
2023-08-08,0.00020932540060981873
2023-08-09,0.0002095238178495377
2023-08-10,0.00020904762404305594
2023-08-11,0.0002089285661303808
2023-08-14,0.00020912698337009975
2023-08-15,0.0002095238178495377
2023-08-16,0.0002097222161671472
2023-08-17,0.00020944443960038442
2023-08-18,0.00020944443960038442
2023-08-21,0.0002095238178495377
2023-08-22,0.00021011905064658514
2023-08-23,0.00021011905064658514
2023-08-24,0.0002104365068768698
2023-08-25,0.00021091270068335157
2023-08-28,0.00021123015691363621
2023-08-29,0.00021111111792307052
2023-08-30,0.00021091270068335157
2023-08-31,0.00021023808963715085
2023-09-01,0.00020904762404305594
2023-09-05,0.00020944443960038442
2023-09-06,0.0002103174678863041
2023-09-07,0.00020964285684010338
2023-09-08,0.00021003969131954133
2023-09-11,0.00021003969131954133
2023-09-12,0.00021051586620391362
2023-09-13,0.00021051586620391362
2023-09-14,0.00021011905064658514
2023-09-15,0.00021023808963715085
2023-09-18,0.0002103174678863041
2023-09-19,0.00021071428344363258
2023-09-20,0.00021091270068335157
2023-09-21,0.00021051586620391362
2023-09-22,0.00021051586620391362
2023-09-25,0.00021083334135630776
2023-09-26,0.00021130951624068002
2023-09-27,0.00021150793348039898
2023-09-28,0.00021063492411658877
2023-09-29,0.0002103174678863041
2023-10-02,0.00021091270068335157
2023-10-03,0.00021190476795983693
2023-10-04,0.00021170635072011797
2023-10-05,0.00021130951624068002
2023-10-06,0.0002122222241901216
2023-10-09,0.0002122222241901216
2023-10-10,0.00021123015691363621
2023-10-11,0.00021170635072011797
2023-10-12,0.00021170635072011797
2023-10-13,0.00021142857415335517
2023-10-16,0.00021142857415335517
2023-10-17,0.00021190476795983693
2023-10-18,0.00021150793348039898
2023-10-19,0.00021071428344363258
2023-10-20,0.0002103174678863041
2023-10-23,0.00021003969131954133
2023-10-24,0.00021063492411658877
2023-10-25,0.00021091270068335157
2023-10-26,0.0002103174678863041
2023-10-27,0.00021051586620391362
2023-10-30,0.00021083334135630776
2023-10-31,0.00021111111792307052
2023-11-01,0.0002103174678863041
2023-11-02,0.00020912698337009975
2023-11-03,0.00020845237232389904
2023-11-06,0.00020873016781277126
2023-11-07,0.00020924602236066547
2023-11-08,0.00020904762404305594
2023-11-09,0.00020884920680333698
2023-11-10,0.00020833333333333332
2023-11-13,0.00020873016781277126
2023-11-14,0.00020845237232389904
2023-11-15,0.0002085317505730523
2023-11-16,0.00020805555676657055
2023-11-17,0.00020765872228713263
2023-11-20,0.00020785713952685162
2023-11-21,0.0002085317505730523
2023-11-22,0.0002089285661303808
2023-11-24,0.00020845237232389904
2023-11-27,0.00020865078956361802
2023-11-28,0.00020873016781277126
2023-11-29,0.00020793649885389538
2023-11-30,0.00020785713952685162
2023-12-01,0.00020694445049951947
2023-12-04,0.00020726190672980415
2023-12-05,0.00020805555676657055
2023-12-06,0.00020805555676657055
2023-12-07,0.00020765872228713263
2023-12-08,0.00020765872228713263
2023-12-11,0.00020765872228713263
2023-12-12,0.0002082539740062895
2023-12-13,0.00020726190672980415
2023-12-14,0.00020694445049951947
2023-12-15,0.00020734126605684796
2023-12-18,0.00020734126605684796
2023-12-19,0.00020785713952685162
2023-12-20,0.00020753968329656692
2023-12-21,0.0002067460332598005
2023-12-22,0.00020666667393275668
2023-12-26,0.00020646825669303775
2023-12-27,0.0002077381005362859
2023-12-28,0.0002070634894900852
2023-12-29,0.00020555554874359614
2024-01-02,0.0002068650722503662
2024-01-03,0.0002077381005362859
2024-01-04,0.0002074603239695231
2024-01-05,0.00020714284881712897
2024-01-08,0.00020714284881712897
2024-01-09,0.00020753968329656692
2024-01-10,0.00020734126605684796
2024-01-11,0.0002070634894900852
2024-01-12,0.0002062698394533188
2024-01-16,0.00020646825669303775
2024-01-17,0.00020694445049951947
2024-01-18,0.00020634919878036254
2024-01-19,0.0002062698394533188
2024-01-22,0.00020634919878036254
2024-01-23,0.0002067460332598005
2024-01-24,0.0002067460332598005
2024-01-25,0.00020615080046275307
2024-01-26,0.00020634919878036254
2024-01-29,0.00020634919878036254
2024-01-30,0.00020646825669303775
2024-01-31,0.00020587302389599027
2024-02-01,0.00020634919878036254
2024-02-02,0.0002067460332598005
2024-02-05,0.0002074603239695231
2024-02-06,0.00020726190672980415
2024-02-07,0.00020726190672980415
2024-02-08,0.0002070634894900852
2024-02-09,0.00020714284881712897
2024-02-12,0.0002074603239695231
2024-02-13,0.00020765872228713263
2024-02-14,0.0002070634894900852
2024-02-15,0.0002070634894900852
2024-02-16,0.00020726190672980415
2024-02-20,0.0002068650722503662
2024-02-21,0.0002077381005362859
2024-02-22,0.00020765872228713263
2024-02-23,0.00020793649885389538
2024-02-26,0.00020833333333333332
2024-02-27,0.00020813491609361436
2024-02-28,0.00020793649885389538
2024-02-29,0.00020726190672980415
2024-03-01,0.00020694445049951947
2024-03-04,0.00020726190672980415
2024-03-05,0.00020734126605684796
2024-03-06,0.00020753968329656692
2024-03-07,0.0002074603239695231
2024-03-08,0.0002074603239695231
2024-03-11,0.00020793649885389538
2024-03-12,0.00020793649885389538
2024-03-13,0.00020785713952685162
2024-03-14,0.00020785713952685162
2024-03-15,0.00020785713952685162
2024-03-18,0.00020785713952685162
2024-03-19,0.00020785713952685162
2024-03-20,0.0002074603239695231
2024-03-21,0.0002074603239695231
2024-03-22,0.00020714284881712897
2024-03-25,0.0002070634894900852
2024-03-26,0.0002070634894900852
2024-03-27,0.00020694445049951947
2024-03-28,0.00020646825669303775
2024-04-01,0.0002070634894900852
2024-04-02,0.0002068650722503662
2024-04-03,0.0002067460332598005
2024-04-04,0.00020646825669303775
2024-04-05,0.00020694445049951947
2024-04-08,0.00020726190672980415
2024-04-09,0.00020714284881712897
2024-04-10,0.00020805555676657055
2024-04-11,0.00020785713952685162
2024-04-12,0.00020753968329656692
2024-04-15,0.00020785713952685162
2024-04-16,0.00020765872228713263
2024-04-17,0.00020793649885389538
2024-04-18,0.00020805555676657055
2024-04-19,0.00020813491609361436
2024-04-22,0.00020813491609361436
2024-04-23,0.00020813491609361436
2024-04-24,0.0002085317505730523
2024-04-25,0.00020813491609361436
2024-04-26,0.00020785713952685162
2024-04-29,0.00020805555676657055
2024-04-30,0.00020813491609361436
2024-05-01,0.00020833333333333332
2024-05-02,0.00020785713952685162
2024-05-03,0.0002077381005362859
2024-05-06,0.00020793649885389538
2024-05-07,0.00020805555676657055
2024-05-08,0.00020813491609361436
2024-05-09,0.00020793649885389538
2024-05-10,0.00020805555676657055
2024-05-13,0.00020793649885389538
2024-05-14,0.0002077381005362859
2024-05-15,0.00020793649885389538
2024-05-16,0.00020805555676657055
2024-05-17,0.00020793649885389538
2024-05-20,0.00020793649885389538
2024-05-21,0.00020793649885389538
2024-05-22,0.00020813491609361436
2024-05-23,0.00020813491609361436
2024-05-24,0.00020813491609361436
2024-05-28,0.0002082539740062895
2024-05-29,0.00020833333333333332
2024-05-30,0.0002082539740062895
2024-05-31,0.00020813491609361436
2024-06-03,0.00020805555676657055
2024-06-04,0.00020793649885389538
2024-06-05,0.00020793649885389538
2024-06-06,0.00020765872228713263
2024-06-07,0.00020785713952685162
2024-06-10,0.00020765872228713263
2024-06-11,0.00020813491609361436
2024-06-12,0.00020805555676657055
2024-06-13,0.00020793649885389538
2024-06-14,0.00020793649885389538
2024-06-17,0.00020805555676657055
2024-06-18,0.0002077381005362859
2024-06-20,0.00020734126605684796
2024-06-21,0.00020694445049951947
2024-06-24,0.0002067460332598005
2024-06-25,0.00020726190672980415
2024-06-26,0.00020753968329656692
2024-06-27,0.00020726190672980415
2024-06-28,0.0002068650722503662
2024-07-01,0.0002070634894900852
2024-07-02,0.0002074603239695231
2024-07-03,0.00020753968329656692
2024-07-05,0.00020734126605684796
2024-07-08,0.0002070634894900852
2024-07-09,0.00020734126605684796
2024-07-10,0.00020734126605684796
2024-07-11,0.0002062698394533188
2024-07-12,0.0002062698394533188
2024-07-15,0.0002060714222135998
2024-07-16,0.0002060714222135998
2024-07-17,0.00020615080046275307
2024-07-18,0.0002060714222135998
2024-07-19,0.0002060714222135998
2024-07-22,0.00020595238322303409
2024-07-23,0.00020527777217683337
2024-07-24,0.00020515873318626766
2024-07-25,0.0002047618987068297
2024-07-26,0.00020456350038922024
2024-07-29,0.0002042460252368261
2024-07-30,0.0002037698503524538
2024-07-31,0.0002037698503524538
2024-08-01,0.00020297618139357795
2024-08-02,0.00019960318292890276
2024-08-05,0.00020079364852299765
2024-08-06,0.00020158729855976408
2024-08-07,0.00020158729855976408
2024-08-08,0.00020170635647243925
2024-08-09,0.00020138888132004512
2024-08-12,0.0002013095219930013
2024-08-13,0.00020051587195623488
2024-08-14,0.00020091270643567282
2024-08-15,0.00020158729855976408
2024-08-16,0.00020138888132004512
2024-08-19,0.00020091270643567282
2024-08-20,0.00019972222191946848
2024-08-21,0.0001986111156524174
2024-08-22,0.0001994047656891838
2024-08-23,0.0001984126984126984
2024-08-26,0.0001983333390856546
2024-08-27,0.00019714285456945026
2024-08-28,0.00019662698109944662
2024-08-29,0.00019702381557888457
2024-08-30,0.00019714285456945026
2024-09-03,0.00019722221389649407
2024-09-04,0.00019634920453268385
2024-09-05,0.00019571429207211448
2024-09-06,0.00019476190445915102
2024-09-09,0.00019424603098914736
2024-09-10,0.00019186508087884813
2024-09-11,0.00019345238095238096
2024-09-12,0.00019206349811856709
2024-09-13,0.00018900793696206714
2024-09-16,0.00018829364625234452
2024-09-17,0.00018789683069501603
2024-09-18,0.00018313491155230808
2024-09-19,0.00018226190218849787
2024-09-20,0.00018035714588468036
2024-09-23,0.0001786904675619943
2024-09-24,0.00017837301133170959
2024-09-25,0.00017805555510142494
2024-09-26,0.00017730158472818041
2024-09-27,0.00017785713786170598
2024-09-30,0.00017849206924438476
2024-10-01,0.00017785713786170598
2024-10-02,0.00017750000196789937
2024-10-03,0.0001771825457376147
2024-10-04,0.00017876984581114753
2024-10-07,0.00017956349584791396
2024-10-08,0.00017968253483847965
2024-10-09,0.00017996031140524242
2024-10-10,0.00017976191308763294
2024-10-11,0.00017916666136847602
2024-10-14,0.0001792857192811512
2024-10-15,0.00017916666136847602
2024-10-16,0.0001786904675619943
2024-10-17,0.00017916666136847602
2024-10-18,0.0001790873020414322
2024-10-21,0.0001792857192811512
2024-10-22,0.00017857142857142857
2024-10-23,0.00017876984581114753
2024-10-24,0.00017805555510142494
2024-10-25,0.0001789682630508665
2024-10-28,0.00017785713786170598
2024-10-29,0.00017777777853466217
2024-10-30,0.00017710316748846146
2024-10-31,0.00017587302223084464
2024-11-01,0.0001746031783875965
2024-11-04,0.0001753174690973191
2024-11-05,0.00017551586741492862
2024-11-06,0.0001757936439816914
2024-11-07,0.0001753968284243629
2024-11-08,0.00017551586741492862
2024-11-11,0.00017519841118464392
2024-11-12,0.00017551586741492862
2024-11-13,0.00017420634390815856
2024-11-14,0.0001739285673413958
2024-11-15,0.0001743254018208337
2024-11-18,0.00017472221737816222
2024-11-19,0.00017492063461788118
2024-11-20,0.00017499999394492496
2024-11-21,0.00017511905185760014
2024-11-22,0.00017519841118464392
2024-11-25,0.00017480159562731546
2024-11-26,0.00017440476114787752
2024-11-27,0.00017400794559054903
2024-11-29,0.0001735317517840673
2024-12-02,0.00017380952835083008
2024-12-03,0.0001728968204013885
2024-12-04,0.00017242062659490677
2024-12-05,0.0001718253937978593
2024-12-06,0.00017043651096404543
2024-12-09,0.00017035715163700164
2024-12-10,0.00017003967648460754
2024-12-11,0.00016884921089051262
2024-12-12,0.00016757936704726447
2024-12-13,0.00016738094980754548
2024-12-16,0.00016777778428698342
2024-12-17,0.00016825395917135572
2024-12-18,0.00016793650294107105
2024-12-19,0.0001674603091345893
2024-12-20,0.0001672619108169798
2024-12-23,0.0001672619108169798
2024-12-24,0.0001666666590978229
2024-12-26,0.0001672619108169798
2024-12-27,0.00016579364973401265
2024-12-30,0.00016595238731020973
2024-12-31,0.00016698413425021702
2025-01-02,0.00016698413425021702
2025-01-03,0.00016638888253106012
2025-01-06,0.0001662698435404944
2025-01-07,0.00016678571701049806
2025-01-08,0.00016686507633754187
2025-01-10,0.00016718253256782652
2025-01-13,0.00016738094980754548
2025-01-14,0.00016718253256782652
2025-01-15,0.00016686507633754187
2025-01-16,0.00016646826078021336
2025-01-17,0.00016638888253106012
2025-01-21,0.00016654762010725717
2025-01-22,0.0001672619108169798
2025-01-23,0.00016718253256782652
2025-01-24,0.00016686507633754187
2025-01-27,0.0001661904842134506
2025-01-28,0.0001662698435404944
2025-01-29,0.0001661904842134506
2025-01-30,0.00016595238731020973
2025-01-31,0.0001661904842134506
2025-02-03,0.0001662698435404944
2025-02-04,0.00016718253256782652
2025-02-05,0.00016706349357726083
2025-02-06,0.00016718253256782652
2025-02-07,0.00016777778428698342
2025-02-10,0.00016777778428698342
2025-02-11,0.00016765872637430828
2025-02-12,0.00016777778428698342
2025-02-13,0.00016718253256782652
2025-02-14,0.00016718253256782652
2025-02-18,0.00016718253256782652
2025-02-19,0.00016738094980754548
2025-02-20,0.00016686507633754187
2025-02-21,0.00016654762010725717
2025-02-24,0.0001662698435404944
2025-02-25,0.00016595238731020973
2025-02-26,0.00016638888253106012
2025-02-27,0.00016646826078021336
2025-02-28,0.00016638888253106012
2025-03-03,0.00016638888253106012
2025-03-04,0.00016646826078021336
2025-03-05,0.00016686507633754187
2025-03-06,0.00016654762010725717
2025-03-07,0.00016654762010725717
2025-03-10,0.00016607142630077544
2025-03-11,0.00016646826078021336
2025-03-12,0.00016654762010725717
2025-03-13,0.0001661904842134506
2025-03-14,0.0001661904842134506
2025-03-17,0.0001661904842134506
2025-03-18,0.00016646826078021336
2025-03-19,0.0001662698435404944
2025-03-20,0.00016595238731020973
2025-03-21,0.00016607142630077544
2025-03-24,0.00016595238731020973
2025-03-25,0.00016595238731020973
2025-03-26,0.0001662698435404944
2025-03-27,0.0001661904842134506
2025-03-28,0.0001661904842134506
2025-03-31,0.00016638888253106012
2025-04-01,0.0001666666590978229
2025-04-02,0.00016678571701049806
2025-04-03,0.00016607142630077544
2025-04-04,0.00016488096070668053
2025-04-07,0.00016468254346696157
2025-04-08,0.00016579364973401265
2025-04-09,0.00016777778428698342
2025-04-10,0.00016654762010725717
2025-04-11,0.00016718253256782652
2025-04-14,0.00016646826078021336
2025-04-15,0.0001666666590978229
2025-04-16,0.00016698413425021702
2025-04-17,0.00016686507633754187
2025-04-21,0.00016706349357726083
2025-04-22,0.00016718253256782652
2025-04-23,0.00016698413425021702
2025-04-24,0.00016654762010725717
2025-04-25,0.00016638888253106012
2025-04-28,0.00016638888253106012
2025-04-29,0.0001662698435404944
2025-04-30,0.0001662698435404944
2025-05-01,0.00016607142630077544
2025-05-02,0.00016698413425021702
2025-05-05,0.00016698413425021702
2025-05-06,0.00016706349357726083
2025-05-07,0.0001672619108169798
2025-05-08,0.0001672619108169798
2025-05-09,0.0001672619108169798
2025-05-12,0.000169841278166998
2025-05-13,0.00017003967648460754
2025-05-14,0.00017003967648460754
2025-05-15,0.0001689682498810783
2025-05-16,0.00016813492018079
2025-05-19,0.00016825395917135572
2025-05-20,0.00016857143432374985
2025-05-21,0.0001680555608537462
2025-05-22,0.00016793650294107105
2025-05-23,0.00016785714361402723
2025-05-27,0.00016678571701049806
2025-05-28,0.00016765872637430828
2025-05-29,0.00016785714361402723
2025-05-30,0.00016793650294107105
2025-06-02,0.00016793650294107105
2025-06-03,0.0001680555608537462
2025-06-04,0.00016825395917135572
2025-06-05,0.00016793650294107105
2025-06-06,0.00016793650294107105
2025-06-09,0.00016825395917135572
2025-06-10,0.00016865079365079366
2025-06-11,0.00016865079365079366
2025-06-12,0.0001689682498810783
2025-06-13,0.00016825395917135572
2025-06-16,0.00016857143432374985
2025-06-17,0.00016738094980754548
2025-06-18,0.00016757936704726447
2025-06-20,0.00016646826078021336
2025-06-23,0.00016499999969724625
2025-06-24,0.00016595238731020973
2025-06-25,0.0001661904842134506
2025-06-26,0.00016638888253106012
2025-06-27,0.00016654762010725717
2025-06-30,0.0001662698435404944
2025-07-01,0.00016765872637430828
2025-07-02,0.00016757936704726447
2025-07-03,0.00016825395917135572
2025-07-07,0.0001684523764110747
2025-07-08,0.00016865079365079366
2025-07-09,0.0001684523764110747
2025-07-10,0.00016825395917135572
2025-07-11,0.00016813492018079
2025-07-14,0.00016777778428698342
2025-07-15,0.00016793650294107105
2025-07-16,0.00016765872637430828
2025-07-17,0.0001680555608537462
2025-07-18,0.00016785714361402723
2025-07-21,0.00016757936704726447
2025-07-22,0.00016785714361402723
2025-07-23,0.00016825395917135572
2025-07-24,0.0001684523764110747
2025-07-25,0.0001684523764110747
2025-07-28,0.0001680555608537462
2025-07-29,0.00016785714361402723
2025-07-30,0.00016793650294107105
2025-07-31,0.0001680555608537462
2025-08-01,0.00016595238731020973
2025-08-04,0.0001648015824575273
2025-08-05,0.00016468254346696157
2025-08-06,0.00016400793242076086
2025-08-07,0.00016420634966047982
2025-08-08,0.00016400793242076086
2025-08-11,0.0001644047669001988
2025-08-12,0.00016388889343019517
2025-08-13,0.00016309524339342874
2025-08-14,0.00016317460272047255
2025-08-15,0.00016317460272047255
2025-08-18,0.0001636111168634324
2025-08-19,0.00016309524339342874
2025-08-20,0.00016329364171103827
2025-08-21,0.00016380951518104187
2025-08-22,0.00016222221510750907
2025-08-25,0.00016242063234722803
2025-08-26,0.00016222221510750907
2025-08-27,0.00016111110884045796
2025-08-28,0.00016158730264693972
2025-08-29,0.00016043651671636674
2025-09-02,0.0001600000025734069
2025-09-03,0.00015944444943988135
2025-09-04,0.00015865078994206018
2025-09-05,0.00015515873356470987
2025-09-08,0.00015587301481337774
2025-09-09,0.00015646825707147993
2025-09-10,0.00015595238360147627
2025-09-11,0.00015587301481337774
2025-09-12,0.00015587301481337774
2025-09-15,0.00015476190854632664
2025-09-16,0.00015436508352794344
2025-09-17,0.00015349206470307848
2025-09-18,0.00015396825850956023
2025-09-19,0.00015388888972146168
2025-09-22,0.00015269841466631208
2025-09-23,0.00015257936621469165
2025-09-24,0.00015309523968469528
2025-09-25,0.00015408729750012595
2025-09-26,0.0001531745990117391
2025-09-29,0.00015329364746335952
2025-09-30,0.00015257936621469165
2025-10-01,0.00015257936621469165
2025-10-02,0.00015269841466631208
2025-10-03,0.00015309523968469528
2025-10-06,0.0001531745990117391
2025-10-07,0.00015249999742659312
2025-10-08,0.00015249999742659312
2025-10-09,0.00015289682244497632
2025-10-10,0.00015289682244497632
2025-10-13,0.00015289682244497632
2025-10-14,0.00015289682244497632
2025-10-15,0.00015309523968469528
2025-10-16,0.00015289682244497632
2025-10-17,0.000152063492744688
2025-10-20,0.00015071428957439604
2025-10-21,0.0001501984161043924
2025-10-22,0.00015031746455601282
2025-10-23,0.00015031746455601282
2025-10-24,0.00014932539727952746
2025-10-27,0.00014753967996627567
2025-10-28,0.00014761904875437417
2025-10-29,0.0001480158737727574
2025-10-30,0.0001490873003762866
2025-10-31,0.00014753967996627567
2025-11-03,0.00015011904731629386
2025-11-04,0.0001505158723346771
2025-11-05,0.00015031746455601282
2025-11-06,0.00014932539727952746
2025-11-07,0.0001490873003762866
2025-11-10,0.00015011904731629386
2025-11-11,0.00015011904731629386
2025-11-12,0.00014992063953762962
2025-11-13,0.0001505158723346771
2025-11-14,0.00015031746455601282
2025-11-17,0.00014968254263438875
2025-11-18,0.00014968254263438875
2025-11-19,0.00014968254263438875
2025-11-20,0.0001498015910860092
2025-11-21,0.0001484126987911406
2025-11-24,0.0001480158737727574
2025-11-25,0.00014809524256085592
2025-11-26,0.00014892857226114425
2025-11-28,0.00014670635026598736
2025-12-01,0.000146547622150845
2025-12-02,0.00014571428298950194
2025-12-03,0.00014424603136758957
2025-12-04,0.0001433333328792027
2025-12-05,0.0001429761875243414
2025-12-08,0.0001435714297824436
2025-12-09,0.0001441269829159691
2025-12-10,0.00014257936250595819
2025-12-11,0.00014158730469052754
2025-12-12,0.00013988095616537428
2025-12-15,0.00014039682963537794
2025-12-16,0.00014067460620214068
2025-12-17,0.00014059523741404215
2025-12-18,0.00013976190771375384
2025-12-19,0.00013976190771375384
2025-12-22,0.0001400000046169947
2025-12-23,0.0001407539655291845
2025-12-24,0.0001410714312205239
2025-12-26,0.00014059523741404215
2025-12-29,0.00014039682963537794
2025-12-30,0.0001404761889624217
2025-12-31,0.0001407539655291845
